08/30 16:31:44 +++ CSODOTALobby.lobby_id: 29996981084349484
08/30 16:31:44 +++ CSODOTALobby.all_members[0]: id: 76561198099231940
08/30 16:31:44 +++ CSODOTALobby.all_members[0]: team: DOTA_GC_TEAM_PLAYER_POOL
08/30 16:31:44 +++ CSODOTALobby.all_members[0]: slot: 0
08/30 16:31:44 +++ CSODOTALobby.all_members[0]: leaver_status: DOTA_LEAVER_DISCONNECTED
08/30 16:31:44 +++ CSODOTALobby.member_indices[0]: 0
08/30 16:31:44 +++ CSODOTALobby.leader_id: 76561198099231940
08/30 16:31:44 +++ CSODOTALobby.server_id: 90291861542282246
08/30 16:31:44 +++ CSODOTALobby.game_mode: 21
08/30 16:31:44 +++ CSODOTALobby.state: SERVERSETUP
08/30 16:31:44 +++ CSODOTALobby.lobby_type: PRACTICE
08/30 16:31:44 +++ CSODOTALobby.allow_cheats: true
08/30 16:31:44 +++ CSODOTALobby.fill_with_bots: true
08/30 16:31:44 +++ CSODOTALobby.game_name: "228"
08/30 16:31:44 +++ CSODOTALobby.team_details[0]: team_complete: false
08/30 16:31:44 +++ CSODOTALobby.team_details[1]: team_complete: false
08/30 16:31:44 +++ CSODOTALobby.server_region: 0
08/30 16:31:44 +++ CSODOTALobby.cm_pick: DOTA_CM_RANDOM
08/30 16:31:44 +++ CSODOTALobby.match_id: 8974387496
08/30 16:31:44 +++ CSODOTALobby.allow_spectating: false
08/30 16:31:44 +++ CSODOTALobby.bot_difficulty_radiant: BOT_DIFFICULTY_HARD
08/30 16:31:44 +++ CSODOTALobby.leagueid: 0
08/30 16:31:44 +++ CSODOTALobby.penalty_level_radiant: 0
08/30 16:31:44 +++ CSODOTALobby.penalty_level_dire: 0
08/30 16:31:44 +++ CSODOTALobby.series_type: 0
08/30 16:31:44 +++ CSODOTALobby.radiant_series_wins: 0
08/30 16:31:44 +++ CSODOTALobby.dire_series_wins: 0
08/30 16:31:44 +++ CSODOTALobby.allchat: false
08/30 16:31:44 +++ CSODOTALobby.dota_tv_delay: LobbyDotaTV_10
08/30 16:31:44 +++ CSODOTALobby.lan: true
08/30 16:31:44 +++ CSODOTALobby.extra_messages[0]: id: 8821
08/30 16:31:44 +++ CSODOTALobby.extra_messages[0]: contents: "\010\000"
08/30 16:31:44 +++ CSODOTALobby.visibility: DOTALobbyVisibility_Unlisted
08/30 16:31:44 +++ CSODOTALobby.previous_match_override: 0
08/30 16:31:44 +++ CSODOTALobby.game_start_time: 1788100303
08/30 16:31:44 +++ CSODOTALobby.pause_setting: LobbyDotaPauseSetting_Unlimited
08/30 16:31:44 +++ CSODOTALobby.bot_difficulty_dire: BOT_DIFFICULTY_HARD
08/30 16:31:44 +++ CSODOTALobby.bot_radiant: 1
08/30 16:31:44 +++ CSODOTALobby.bot_dire: 1
08/30 16:31:44 +++ CSODOTALobby.selection_priority_rules: k_DOTASelectionPriorityRules_Manual
08/30 16:31:44 +++ CSODOTALobby.current_primary_event: EVENT_ID_DARK_CARNIVAL
08/30 16:31:44 +++ CSODOTALobby.current_primary_event_for_display: EVENT_ID_DARK_CARNIVAL
08/30 16:31:44 +++ CSODOTALobby.league_node_id: 0
08/30 16:31:44 +++ CSODOTALobby.league_phase: 0
08/30 16:31:44 +++ CSODOTALobby.with_scenario_save: false
08/30 16:31:44 +++ CSODOTALobby.lobby_creation_time: 1788100293
08/30 16:31:44 +++ CSODOTAStaticLobby.all_members[0]: name: "Pshe"
08/30 16:31:44 +++ CSODOTAStaticLobby.is_player_draft: false
08/30 16:31:44 +++ CSODOTAServerLobby.all_members[0]: 
08/30 16:31:44 +++ CSODOTAServerStaticLobby.all_members[0]: steam_id: 76561198099231940
08/30 16:31:44 +++ CSODOTAServerStaticLobby.all_members[0]: was_mvp_last_game: false
08/30 16:31:44 +++ CSODOTAServerStaticLobby.all_members[0]: is_plus_subscriber: false
08/30 16:31:44 +++ CSODOTAServerStaticLobby.all_members[0]: favorite_team_packed: 0
08/30 16:31:44 +++ CSODOTAServerStaticLobby.all_members[0]: is_steam_china: false
08/30 16:31:44 +++ CSODOTAServerStaticLobby.all_members[0]: banned_hero_ids: 0
08/30 16:31:44 +++ CSODOTAServerStaticLobby.all_members[0]: banned_hero_ids: 0
08/30 16:31:44 +++ CSODOTAServerStaticLobby.all_members[0]: banned_hero_ids: 0
08/30 16:31:44 +++ CSODOTAServerStaticLobby.all_members[0]: banned_hero_ids: 0
08/30 16:31:44 +++ CSODOTAServerStaticLobby.post_patch_strategy_time_buffer: 0
08/30 16:31:44 [GCClient] Recv msg 26 (k_ESOMsg_UpdateMultiple), 299 bytes
08/30 16:31:44 +++ CSODOTALobby.first_blood_happened: false
08/30 16:31:44 [Server] CDOTA_PlayerResource::FlushPlayerResourceRequests::<lambda_1>::operator (): results {
  account_id: 138966212
  low_priority: false
  is_new_player: false
  is_guide_player: false
  comm_level: 7
  behavior_level: 4
}

08/30 16:31:44 CGCJobRequestBatchPlayerResourcesResponse: Received 1 account resources.
08/30 16:31:44 [Server] CGCJobRequestBatchPlayerResourcesResponse: Received 1 account resources.
08/30 16:31:44 [Server] PR:SetCommLevel 10:[U:1:138966212] Comms Level 7
08/30 16:31:44 [Server] PR:SetBehaviorLevel 10:[U:1:138966212] Behavior Level 4
08/30 16:31:44 [Server] CDOTA_PlayerResource: Initializing from lobby (secondary), player SteamID 76561198099231940 gcteam 4 slot 0 preferred PlayerID 10
08/30 16:31:44 [Server] ActivateServerFromLobby - IsLan: YES, IsDedicatedServer: NO
08/30 16:31:44 [Server] PR:SetPlayerName 10:[U:1:138966212] "Pshe"
08/30 16:31:44 [Server] PlayerID 10 [U:1:138966212] team 1 input slot -1
08/30 16:31:44 [Server] PlayerID 10 [U:1:138966212] assigned to team 1 on slot -1
08/30 16:31:44 [Server] PR:SetPlusSubscriptionStatus 10:[U:1:138966212] IsPlusSubscriber:No
08/30 16:31:44 [Server] PR:SetWasMVPLastGame 10:[U:1:138966212] WasMVPLastGame:No
08/30 16:31:44 [Server] PR:SetFavoriteTeamPacked 10:[U:1:138966212] unFavTeamPacked:0
08/30 16:31:44 SetLiveSpectatorDetails -1 1
08/30 16:31:44 S:Gamerules: entering state 'DOTA_GAMERULES_STATE_INIT'
08/30 16:31:44 [GCClient] Send msg 4506 (k_EMsgGCServerAvailable), 8 bytes
08/30 16:31:44 Server:  Running [10.0.4.10:27015]
08/30 16:31:44 Client:  Connected [127.0.0.1:27015] [last packet 0.020 sec ago]
08/30 16:31:44 [EngineServiceManager] ----- Status -----
08/30 16:31:44 [EngineServiceManager] @ Current  :  game
08/30 16:31:44 [HLTV Server] --- SourceTV[0] Status ---
08/30 16:31:44 [HLTV Server] Online 00:00, FPS 3.5, Version 10835 (Windows)
08/30 16:31:44 [HLTV Server] Master "SourceTV", delay 120, frames 1 / ticks 1
08/30 16:31:44 [HLTV Server] Game Time 00:10, Mod "dota", Map "start"
08/30 16:31:44 [HLTV Server] Local IP 10.0.4.10:27020, KB/sec In 0.0, Out 0.0
08/30 16:31:44 [HLTV Server] Local Slots 64, Spectators 0, Proxies 0
08/30 16:31:44 [HLTV Server] Total Slots 64, Spectators 0, Proxies 0
08/30 16:31:44 [HLTV Server] # userid name uniqueid connected ping loss state rate adr
08/30 16:31:44 [HLTV Server] #end
08/30 16:31:44 [Localization System] CLocalize::FindSafe failed to localize: 'invalid index'
08/30 16:31:45 [GCClient] Recv msg 26 (k_ESOMsg_UpdateMultiple), 333 bytes
08/30 16:31:45 WriteSteamRemoteStorageFileAsync( "scripts/dota_local_disk_lobby_data.txt" ) -> at 69.177
08/30 16:31:45 Telling Steam not to update the app for the next 900 seconds
08/30 16:31:45 [Localization System] CLocalize::FindSafe failed to localize: 'invalid index'
08/30 16:31:45 [GCClient] Recv msg 26 (k_ESOMsg_UpdateMultiple), 333 bytes
08/30 16:31:45 --- CSODOTALobby.all_members[0]: leaver_status: DOTA_LEAVER_DISCONNECTED
08/30 16:31:45 --- CSODOTALobby.state: SERVERSETUP
08/30 16:31:45 +++ CSODOTALobby.state: RUN
08/30 16:31:45 +++ CSODOTALobby.connect: "46.247.137.51:27015 10.0.4.10:27015"
08/30 16:31:45 S:Gamerules: entering state 'DOTA_GAMERULES_STATE_WAIT_FOR_PLAYERS_TO_LOAD'
08/30 16:31:45 CDOTAGameRules::State_Enter_WAIT_FOR_PLAYERS_TO_LOAD: Loaded/expected players: 0/1
08/30 16:31:45 --- Sent CMsgGameServerInfo to GC
08/30 16:31:45 server_public_ip_addr: 787974451
server_private_ip_addr: 167773194
server_port: 27015
server_tv_port: 27020
server_key: ""
server_hibernation: false
server_type: GAME
server_region: 0
server_loadavg: 0.360451519
server_tv_broadcast_time: 0.433333367
server_game_time: -45
relay_slots_max: 64
relays_connected: 0
relay_clients_connected: 0
tv_secret_code: 6719861601113139703
server_version: 6918
server_cluster: 0
assigned_server_tv_port: 27020
allow_custom_games: BOTH
build_version: 6918

08/30 16:31:45 ---
08/30 16:31:45 Sending CMsgConnectedPlayers for reason GAME_STATE.  Last send was 0.9s ago, urgency is 0.0s
08/30 16:31:45 game_state: DOTA_GAMERULES_STATE_WAIT_FOR_PLAYERS_TO_LOAD
first_blood_happened: false
send_reason: GAME_STATE
radiant_kills: 0
dire_kills: 0
radiant_lead: 0
building_state: 19138340

08/30 16:31:45 CDOTAGameRules::State_Think_WAIT_FOR_PLAYERS_TO_LOAD: Loaded/expected players: 0/1. m_waitingForPlayersState: 0
08/30 16:31:45 CDOTAGameRules::WaitForPlayersSuccess: Loaded/expected players: 1/1
08/30 16:31:45 S:Gamerules: WAIT_FOR_PLAYERS_TO_LOAD entering substate EWFPS_Success
08/30 16:31:45 CDOTAGameRules::State_Think_WAIT_FOR_PLAYERS_TO_LOAD: Loaded/expected players: 1/1. m_waitingForPlayersState: 1
08/30 16:31:45 [Client] source   : slot 0
08/30 16:31:45 [Client] version  : 48/48 10835 insecure  public
08/30 16:31:45 [Client] steamid  : [A:1:1029055494:51192] (90291861542282246)
08/30 16:31:45 [Client] players  : 1 humans, 1 bots (0 max) (not hibernating) (unreserved)
08/30 16:31:45 [Client] ---------spawngroups----
08/30 16:31:45 [Client] loaded spawngroup(  1)  : SV:  [1: start | main lump | mapload]
08/30 16:31:45 [Client] ---------players--------
08/30 16:31:45 [Client]   id     time ping loss      state   rate name
08/30 16:31:45 [Client]    0    00:02    0    0     active  80000 'Pshe'
08/30 16:31:45 [Client]    1      BOT    0    0     active      0 'SourceTV'
08/30 16:31:45 [Client] Lobby MatchID: 8974387496
08/30 16:31:45 [Client]       ID: 006a921869dde42c
08/30 16:31:45 [Client]       Type: PRACTICE
08/30 16:31:45 [Client]       State: SERVERSETUP
08/30 16:31:45 [Client]       GameMode: DOTA_GAMEMODE_1V1MID
08/30 16:31:45 [Client] GameState: DOTA_GAMERULES_STATE_INIT Times: Transition=0.00 Current=10.43
08/30 16:31:45 [Client] #end
08/30 16:31:45 CAsyncWriteInProgress::OnComplete( "scripts/dota_local_disk_lobby_data.txt" ) -> Success at 69.182
08/30 16:31:45 [GCClient] Send msg 4508 (k_EMsgGCGameServerInfo), 84 bytes
08/30 16:31:45 [GCClient] Send msg 7034 (k_EMsgGCConnectedPlayers), 25 bytes
08/30 16:31:45 CDOTAGameRules::State_Think_WAIT_FOR_PLAYERS_TO_LOAD: Loaded/expected players: 1/1. m_waitingForPlayersState: 1
08/30 16:31:45 [Localization System] CLocalize::FindSafe failed to localize: 'invalid index'
08/30 16:31:45 C:Gamerules: entering state 'DOTA_GAMERULES_STATE_WAIT_FOR_PLAYERS_TO_LOAD'
08/30 16:31:45 C_DOTAGamerules::State_Enter_WAIT_FOR_PLAYERS_TO_LOAD: Loaded/expected players: 1/1
08/30 16:31:45 [Client] LoadingDisplay changed from LOADING to WAITING_FOR_PLAYERS (map="start")
08/30 16:31:45 [Client] CDOTA_Hud_Main::EventGameRulesStateChanged DOTA_GAMERULES_STATE_WAIT_FOR_PLAYERS_TO_LOAD
08/30 16:31:45 [Client] PregameHud - eGameState is now DOTA_GAMERULES_STATE_WAIT_FOR_PLAYERS_TO_LOAD
08/30 16:31:45 [Client] PregameHud - SetPreGameVisible 1
08/30 16:31:45 Job EconItemSearch has spent >3.000ms without yielding: 10.005ms
08/30 16:31:45 CDOTAGameRules::State_Think_WAIT_FOR_PLAYERS_TO_LOAD: Loaded/expected players: 1/1. m_waitingForPlayersState: 1
08/30 16:31:45 CDOTAGameRules::State_Think_WAIT_FOR_PLAYERS_TO_LOAD: Loaded/expected players: 1/1. m_waitingForPlayersState: 1
08/30 16:31:45 CDOTAGameRules::State_Think_WAIT_FOR_PLAYERS_TO_LOAD: Loaded/expected players: 1/1. m_waitingForPlayersState: 1
08/30 16:31:45 CDOTAGameRules::State_Think_WAIT_FOR_PLAYERS_TO_LOAD: Loaded/expected players: 1/1. m_waitingForPlayersState: 1
08/30 16:31:45 CDOTAGameRules::State_Think_WAIT_FOR_PLAYERS_TO_LOAD: Loaded/expected players: 1/1. m_waitingForPlayersState: 1
08/30 16:31:45 CDOTAGameRules::State_Think_WAIT_FOR_PLAYERS_TO_LOAD: Loaded/expected players: 1/1. m_waitingForPlayersState: 1
08/30 16:31:45 CDOTAGameRules::State_Think_WAIT_FOR_PLAYERS_TO_LOAD: Loaded/expected players: 1/1. m_waitingForPlayersState: 1
08/30 16:31:45 CDOTAGameRules::State_Think_WAIT_FOR_PLAYERS_TO_LOAD: Loaded/expected players: 1/1. m_waitingForPlayersState: 1
08/30 16:31:45 CDOTAGameRules::State_Think_WAIT_FOR_PLAYERS_TO_LOAD: Loaded/expected players: 1/1. m_waitingForPlayersState: 1
08/30 16:31:45 [GCClient] Recv msg 26 (k_ESOMsg_UpdateMultiple), 336 bytes
08/30 16:31:45 +++ CSODOTALobby.game_state: DOTA_GAMERULES_STATE_WAIT_FOR_PLAYERS_TO_LOAD
08/30 16:31:45 [WorldRenderer] CWorldRendererMgr::ServiceWorldRequests long frame: 56.982728ms
08/30 16:31:45 CDOTAGameRules::State_Think_WAIT_FOR_PLAYERS_TO_LOAD: Loaded/expected players: 1/1. m_waitingForPlayersState: 1
08/30 16:31:45 CDOTAGameRules::State_Think_WAIT_FOR_PLAYERS_TO_LOAD: Loaded/expected players: 1/1. m_waitingForPlayersState: 1
08/30 16:31:45 [WorldRenderer] CWorldRendererMgr::ServiceWorldRequests long frame: 54.447417ms
08/30 16:31:45 CDOTAGameRules::State_Think_WAIT_FOR_PLAYERS_TO_LOAD: Loaded/expected players: 1/1. m_waitingForPlayersState: 1
08/30 16:31:45 CDOTAGameRules::State_Think_WAIT_FOR_PLAYERS_TO_LOAD: Loaded/expected players: 1/1. m_waitingForPlayersState: 1
08/30 16:31:45 CDOTAGameRules::State_Think_WAIT_FOR_PLAYERS_TO_LOAD: Loaded/expected players: 1/1. m_waitingForPlayersState: 1
08/30 16:31:45 CDOTAGameRules::State_Think_WAIT_FOR_PLAYERS_TO_LOAD: Loaded/expected players: 1/1. m_waitingForPlayersState: 1
08/30 16:31:45 CDOTAGameRules::State_Think_WAIT_FOR_PLAYERS_TO_LOAD: Loaded/expected players: 1/1. m_waitingForPlayersState: 1
08/30 16:31:45 CDOTAGameRules::State_Think_WAIT_FOR_PLAYERS_TO_LOAD: Loaded/expected players: 1/1. m_waitingForPlayersState: 1
08/30 16:31:45 CDOTAGameRules::State_Think_WAIT_FOR_PLAYERS_TO_LOAD: Loaded/expected players: 1/1. m_waitingForPlayersState: 1
08/30 16:31:46 CDOTAGameRules::State_Think_WAIT_FOR_PLAYERS_TO_LOAD: Loaded/expected players: 1/1. m_waitingForPlayersState: 1
08/30 16:31:46 CDOTAGameRules::State_Think_WAIT_FOR_PLAYERS_TO_LOAD: Loaded/expected players: 1/1. m_waitingForPlayersState: 1
08/30 16:31:46 CDOTAGameRules::State_Think_WAIT_FOR_PLAYERS_TO_LOAD: Loaded/expected players: 1/1. m_waitingForPlayersState: 1
08/30 16:31:46 CDOTAGameRules::State_Think_WAIT_FOR_PLAYERS_TO_LOAD: Loaded/expected players: 1/1. m_waitingForPlayersState: 1
08/30 16:31:46 CDOTAGameRules::State_Think_WAIT_FOR_PLAYERS_TO_LOAD: Loaded/expected players: 1/1. m_waitingForPlayersState: 1
08/30 16:31:46 [WorldRenderer] CWorldRendererMgr::ServiceWorldRequests long frame: 50.191386ms
08/30 16:31:46 CDOTAGameRules::State_Think_WAIT_FOR_PLAYERS_TO_LOAD: Loaded/expected players: 1/1. m_waitingForPlayersState: 1
08/30 16:31:46 CDOTAGameRules::State_Think_WAIT_FOR_PLAYERS_TO_LOAD: Loaded/expected players: 1/1. m_waitingForPlayersState: 1
08/30 16:31:46 [WorldRenderer] CWorldRendererMgr::ServiceWorldRequests long frame: 54.931627ms
08/30 16:31:46 CDOTAGameRules::State_Think_WAIT_FOR_PLAYERS_TO_LOAD: Loaded/expected players: 1/1. m_waitingForPlayersState: 1
08/30 16:31:46 CDOTAGameRules::State_Think_WAIT_FOR_PLAYERS_TO_LOAD: Loaded/expected players: 1/1. m_waitingForPlayersState: 1
08/30 16:31:46 CDOTAGameRules::State_Think_WAIT_FOR_PLAYERS_TO_LOAD: Loaded/expected players: 1/1. m_waitingForPlayersState: 1
08/30 16:31:46 S:Gamerules: entering state 'DOTA_GAMERULES_STATE_CUSTOM_GAME_SETUP'
08/30 16:31:46 S:Gamerules: entering state 'DOTA_GAMERULES_STATE_PLAYER_DRAFT'
08/30 16:31:46 ClientPutInServer create new player controller [1 (Bot)]
08/30 16:31:46 [Server] CDOTA_PlayerResource: Adding player SteamID 0 to PlayerID 0 FakeClient=1, preferred PlayerID = 0
08/30 16:31:46 ClientPutInServer create new player controller [Grok (Bot)]
08/30 16:31:46 [Server] CDOTA_PlayerResource: Adding player SteamID 0 to PlayerID 1 FakeClient=1, preferred PlayerID = 1
08/30 16:31:46 ClientPutInServer create new player controller [2 (Bot)]
08/30 16:31:46 [Server] CDOTA_PlayerResource: Adding player SteamID 0 to PlayerID 2 FakeClient=1, preferred PlayerID = 2
08/30 16:31:46 ClientPutInServer create new player controller [3 (Bot)]
08/30 16:31:46 [Server] CDOTA_PlayerResource: Adding player SteamID 0 to PlayerID 3 FakeClient=1, preferred PlayerID = 3
08/30 16:31:46 ClientPutInServer create new player controller [4 (Bot)]
08/30 16:31:46 [Server] CDOTA_PlayerResource: Adding player SteamID 0 to PlayerID 4 FakeClient=1, preferred PlayerID = 4
08/30 16:31:46 ClientPutInServer create new player controller [6 (Bot)]
08/30 16:31:46 [Server] CDOTA_PlayerResource: Adding player SteamID 0 to PlayerID 5 FakeClient=1, preferred PlayerID = 5
08/30 16:31:46 ClientPutInServer create new player controller [Gemini (Bot)]
08/30 16:31:46 [Server] CDOTA_PlayerResource: Adding player SteamID 0 to PlayerID 6 FakeClient=1, preferred PlayerID = 6
08/30 16:31:46 ClientPutInServer create new player controller [7 (Bot)]
08/30 16:31:46 [Server] CDOTA_PlayerResource: Adding player SteamID 0 to PlayerID 7 FakeClient=1, preferred PlayerID = 7
08/30 16:31:46 ClientPutInServer create new player controller [8 (Bot)]
08/30 16:31:46 [Server] CDOTA_PlayerResource: Adding player SteamID 0 to PlayerID 8 FakeClient=1, preferred PlayerID = 8
08/30 16:31:46 ClientPutInServer create new player controller [9 (Bot)]
08/30 16:31:46 [Server] CDOTA_PlayerResource: Adding player SteamID 0 to PlayerID 9 FakeClient=1, preferred PlayerID = 9
08/30 16:31:46 S:Gamerules: entering state 'DOTA_GAMERULES_STATE_HERO_SELECTION'
08/30 16:31:46 SV: Started streaming map dota spawngroup 2
08/30 16:31:46 Muted Players: Send msg 8870 (k_EMsgServerToGCLobbyInitialized), 8 bytes
08/30 16:31:46 Starting replay recording in 10 seconds...
08/30 16:31:46 [Server] PR:SetSelectedHero 0:[I:0:0] npc_dota_hero_nevermore(11)
08/30 16:31:46 [Server] PR:SetSelectedHero 5:[I:0:0] npc_dota_hero_nevermore(11)
08/30 16:31:46 Sending CMsgConnectedPlayers for reason GAME_STATE.  Last send was 1.3s ago, urgency is 0.0s
08/30 16:31:46 game_state: DOTA_GAMERULES_STATE_HERO_SELECTION
first_blood_happened: false
send_reason: GAME_STATE
radiant_kills: 0
dire_kills: 0
radiant_lead: 0
building_state: 19138340

08/30 16:31:46 [GCClient] Send msg 7034 (k_EMsgGCConnectedPlayers), 25 bytes
08/30 16:31:46 [Server] PR:SetSelectedHero 1:[I:0:0] npc_dota_hero_nevermore(11)
08/30 16:31:46 [Server] PR:SetSelectedHero 6:[I:0:0] npc_dota_hero_nevermore(11)
08/30 16:31:46 [Server] PR:SetSelectedHero 2:[I:0:0] npc_dota_hero_nevermore(11)
08/30 16:31:46 [Server] PR:SetSelectedHero 7:[I:0:0] npc_dota_hero_nevermore(11)
08/30 16:31:46 [Server] PR:SetSelectedHero 3:[I:0:0] npc_dota_hero_nevermore(11)
08/30 16:31:46 [Server] PR:SetSelectedHero 8:[I:0:0] npc_dota_hero_nevermore(11)
08/30 16:31:46 [Server] PR:SetSelectedHero 4:[I:0:0] npc_dota_hero_nevermore(11)
08/30 16:31:46 [Server] PR:SetSelectedHero 9:[I:0:0] npc_dota_hero_nevermore(11)
08/30 16:31:46 S:Gamerules: entering state 'DOTA_GAMERULES_STATE_STRATEGY_TIME'
08/30 16:31:46 Sending CMsgConnectedPlayers for reason GAME_STATE.  Last send was 0.2s ago, urgency is 0.0s
08/30 16:31:46 game_state: DOTA_GAMERULES_STATE_STRATEGY_TIME
first_blood_happened: false
send_reason: GAME_STATE
radiant_kills: 0
dire_kills: 0
radiant_lead: 0
building_state: 19138340

08/30 16:31:46 [Localization System] CLocalize::FindSafe failed to localize: 'invalid index'
08/30 16:31:46 [Localization System] CLocalize::FindSafe failed to localize: 'invalid index'
08/30 16:31:46 [Localization System] CLocalize::FindSafe failed to localize: 'invalid index'
08/30 16:31:46 C:Gamerules: entering state 'DOTA_GAMERULES_STATE_HERO_SELECTION'
08/30 16:31:46 [Client] LoadingDisplay changed from WAITING_FOR_PLAYERS to NONE (map="start")
08/30 16:31:46 [Client] CDOTA_Hud_Main::EventGameRulesStateChanged DOTA_GAMERULES_STATE_HERO_SELECTION
08/30 16:31:46 [Client] PregameHud - eGameState is now DOTA_GAMERULES_STATE_HERO_SELECTION
08/30 16:31:46 [GCClient] Send msg 7034 (k_EMsgGCConnectedPlayers), 25 bytes
08/30 16:31:46 [Client] PregameHud - bIsPreloading is now 0
08/30 16:31:46 [Localization System] CLocalize::FindSafe failed to localize: 'invalid index'
08/30 16:31:46 C:Gamerules: entering state 'DOTA_GAMERULES_STATE_STRATEGY_TIME'
08/30 16:31:46 [Client] CDOTA_Hud_Main::EventGameRulesStateChanged DOTA_GAMERULES_STATE_STRATEGY_TIME
08/30 16:31:46 [Client] PregameHud - eGameState is now DOTA_GAMERULES_STATE_STRATEGY_TIME
08/30 16:31:46 [GCClient] Recv msg 26 (k_ESOMsg_UpdateMultiple), 336 bytes
08/30 16:31:46 [Localization System] CLocalize::FindSafe failed to localize: 'invalid index'
08/30 16:31:46 [GCClient] Recv msg 26 (k_ESOMsg_UpdateMultiple), 336 bytes
08/30 16:31:46 [GCClient] Recv msg 26 (k_ESOMsg_UpdateMultiple), 336 bytes
08/30 16:31:46 --- CSODOTALobby.game_state: DOTA_GAMERULES_STATE_WAIT_FOR_PLAYERS_TO_LOAD
08/30 16:31:46 +++ CSODOTALobby.game_state: DOTA_GAMERULES_STATE_HERO_SELECTION
08/30 16:31:47 [WorldRenderer] CWorldRendererMgr::ServiceWorldRequests long frame: 53.839317ms
08/30 16:31:47 [GCClient] Recv msg 26 (k_ESOMsg_UpdateMultiple), 336 bytes
08/30 16:31:47 --- CSODOTALobby.game_state: DOTA_GAMERULES_STATE_HERO_SELECTION
08/30 16:31:47 +++ CSODOTALobby.game_state: DOTA_GAMERULES_STATE_STRATEGY_TIME
08/30 16:31:47 [WorldRenderer] CWorldRendererMgr::ServiceWorldRequests long frame: 54.349057ms
08/30 16:31:47 [WorldRenderer] CWorldRendererMgr::ServiceWorldRequests long frame: 51.202326ms
08/30 16:31:47 [WorldRenderer] CWorldRendererMgr::ServiceWorldRequests long frame: 55.241267ms
08/30 16:31:47 [SceneSystem] Too many non-culled draws (alloc 128, need 251), resizing!
08/30 16:31:47 [WorldRenderer] CWorldRendererMgr::ServiceWorldRequests long frame: 50.553026ms
08/30 16:31:48 [Server] Unable to load grid nav for world "prefabs/promotional_radiant_fountain"
08/30 16:31:48 [Server] Unable to load grid nav for world "prefabs/promotional_dire_fountain"
08/30 16:31:48 [Server] ReconnectInfo established for playerid=0
08/30 16:31:48 [Server] PR:SetConnectionState 0:[I:0:0] DOTA_CONNECTION_STATE_UNKNOWN NETWORK_DISCONNECT_KICKED
08/30 16:31:48 Setting player 1 (Bot) to DOTA_LEAVER_DISCONNECTED
08/30 16:31:48 [Server] PR:SetSelectedHero 0:[I:0:0] (null)(0)
08/30 16:31:48 [Server] Cannot assign player to team 5, no space on team.
08/30 16:31:49 [Client] Unable to load grid nav for world "prefabs/promotional_dire_fountain" (ERROR_FILEOPEN: File not found)
08/30 16:31:49 [Client] Unable to load grid nav for world "prefabs/promotional_radiant_fountain" (ERROR_FILEOPEN: File not found)
08/30 16:31:49 [Client] CL:  AsyncUnloadSpawnGroup( CO-461 ) -- no such spawn group
08/30 16:31:49 [Client] CL:  AsyncUnloadSpawnGroup( CO-453 ) -- no such spawn group
08/30 16:31:49 [AnimResource]  models/effects/waterfall_02.vmdl : Animations loaded but no animation data found
08/30 16:31:50 [Server] ReconnectInfo established for playerid=2
08/30 16:31:50 [Server] PR:SetConnectionState 2:[I:0:0] DOTA_CONNECTION_STATE_UNKNOWN NETWORK_DISCONNECT_KICKED
08/30 16:31:50 Setting player 2 (Bot) to DOTA_LEAVER_DISCONNECTED
08/30 16:31:50 [Server] PR:SetSelectedHero 2:[I:0:0] (null)(0)
08/30 16:31:50 [Server] Cannot assign player to team 5, no space on team.
08/30 16:31:52 WriteSteamRemoteStorageFileAsync( "cfg/fantasy_crafting.lst" ) -> at 76.090
08/30 16:31:52 CAsyncWriteInProgress::OnComplete( "cfg/fantasy_crafting.lst" ) -> Success at 76.100
08/30 16:31:52 [Server] ReconnectInfo established for playerid=3
08/30 16:31:52 [Server] PR:SetConnectionState 3:[I:0:0] DOTA_CONNECTION_STATE_UNKNOWN NETWORK_DISCONNECT_KICKED
08/30 16:31:52 Setting player 3 (Bot) to DOTA_LEAVER_DISCONNECTED
08/30 16:31:52 [Server] PR:SetSelectedHero 3:[I:0:0] (null)(0)
08/30 16:31:52 [Server] Cannot assign player to team 5, no space on team.
08/30 16:31:55 [Server] ReconnectInfo established for playerid=4
08/30 16:31:55 [Server] PR:SetConnectionState 4:[I:0:0] DOTA_CONNECTION_STATE_UNKNOWN NETWORK_DISCONNECT_KICKED
08/30 16:31:55 Setting player 4 (Bot) to DOTA_LEAVER_DISCONNECTED
08/30 16:31:55 [Server] PR:SetSelectedHero 4:[I:0:0] (null)(0)
08/30 16:31:55 [Server] Cannot assign player to team 5, no space on team.
08/30 16:31:56 [HLTV Server] Recording SourceTV replay from HLTVServerAsync:
playdemo replays/auto-20260830-1631-start-Pshe.dem
08/30 16:31:57 [Server] ReconnectInfo established for playerid=5
08/30 16:31:57 [Server] PR:SetConnectionState 5:[I:0:0] DOTA_CONNECTION_STATE_UNKNOWN NETWORK_DISCONNECT_KICKED
08/30 16:31:57 Setting player 6 (Bot) to DOTA_LEAVER_DISCONNECTED
08/30 16:31:57 [Server] PR:SetSelectedHero 5:[I:0:0] (null)(0)
08/30 16:31:57 [Server] Cannot assign player to team 5, no space on team.
08/30 16:31:57 [Client] CL:  AsyncUnloadSpawnGroup( CO-650 ) -- no such spawn group
08/30 16:31:59 [Server] ReconnectInfo established for playerid=7
08/30 16:31:59 [Server] PR:SetConnectionState 7:[I:0:0] DOTA_CONNECTION_STATE_UNKNOWN NETWORK_DISCONNECT_KICKED
08/30 16:31:59 Setting player 7 (Bot) to DOTA_LEAVER_DISCONNECTED
08/30 16:31:59 [Server] PR:SetSelectedHero 7:[I:0:0] (null)(0)
08/30 16:31:59 [Server] Cannot assign player to team 5, no space on team.
08/30 16:31:59 [Client] CL:  AsyncUnloadSpawnGroup( CO-1643 ) -- no such spawn group
08/30 16:31:59 [Client] CL:  AsyncUnloadSpawnGroup( CO-1644 ) -- no such spawn group
08/30 16:32:03 [Client] CL:  AsyncUnloadSpawnGroup( CO-1180 ) -- no such spawn group
08/30 16:32:09 [Server] ReconnectInfo established for playerid=8
08/30 16:32:09 [Server] PR:SetConnectionState 8:[I:0:0] DOTA_CONNECTION_STATE_UNKNOWN NETWORK_DISCONNECT_KICKED
08/30 16:32:09 Setting player 8 (Bot) to DOTA_LEAVER_DISCONNECTED
08/30 16:32:09 [Server] PR:SetSelectedHero 8:[I:0:0] (null)(0)
08/30 16:32:09 [Server] Cannot assign player to team 5, no space on team.
08/30 16:32:09 [GCClient] Recv msg 7273 (k_EMsgGCChatMessage), 44 bytes
08/30 16:32:10 [GCClient] Recv msg 7273 (k_EMsgGCChatMessage), 44 bytes
08/30 16:32:11 [Server] ReconnectInfo established for playerid=9
08/30 16:32:11 [Server] PR:SetConnectionState 9:[I:0:0] DOTA_CONNECTION_STATE_UNKNOWN NETWORK_DISCONNECT_KICKED
08/30 16:32:11 Setting player 9 (Bot) to DOTA_LEAVER_DISCONNECTED
08/30 16:32:11 [Server] PR:SetSelectedHero 9:[I:0:0] (null)(0)
08/30 16:32:11 [Server] Cannot assign player to team 5, no space on team.
08/30 16:32:16 [Server] PR:SetSelectedHeroFacet 1:[I:0:0] (npc_dota_hero_nevermore:(null))
08/30 16:32:16 [Server] PR:SetSelectedHeroFacet 6:[I:0:0] (npc_dota_hero_nevermore:(null))
08/30 16:32:16 S:Gamerules: entering state 'DOTA_GAMERULES_STATE_TEAM_SHOWCASE'
08/30 16:32:16 --- Sent CMsgGameServerInfo to GC
08/30 16:32:16 server_public_ip_addr: 787974451
server_private_ip_addr: 167773194
server_port: 27015
server_tv_port: 27020
server_key: ""
server_hibernation: false
server_type: GAME
server_region: 0
server_loadavg: 0.303937107
server_tv_broadcast_time: 31.6666679
server_game_time: -16
relay_slots_max: 64
relays_connected: 0
relay_clients_connected: 0
tv_secret_code: 6719861601113139703
server_version: 6918
server_cluster: 0
assigned_server_tv_port: 27020
allow_custom_games: BOTH
build_version: 6918

08/30 16:32:16 ---
08/30 16:32:16 Sending CMsgConnectedPlayers for reason GAME_STATE.  Last send was 30.0s ago, urgency is 0.0s
08/30 16:32:16 game_state: DOTA_GAMERULES_STATE_TEAM_SHOWCASE
first_blood_happened: false
send_reason: GAME_STATE
radiant_kills: 0
dire_kills: 0
radiant_lead: 0
building_state: 19138340

08/30 16:32:16 Player 0 is the econ owner for 'npc_dota_hero_nevermore' but has null econ inventory when checking by playerID.
08/30 16:32:16 [GCClient] Send msg 4508 (k_EMsgGCGameServerInfo), 84 bytes
08/30 16:32:16 [GCClient] Send msg 7034 (k_EMsgGCConnectedPlayers), 25 bytes
08/30 16:32:16 [ResourceSystem] Failed loading resource "particles/ability_modifier_placeholder/mask_of_madness_active.vpcf_c" (ERROR_FILEOPEN: File not found)
08/30 16:32:16 Player 0 is the econ owner for 'npc_dota_hero_nevermore' but has null econ inventory when checking by playerID.
08/30 16:32:16 [Localization System] CLocalize::FindSafe failed to localize: 'invalid index'
08/30 16:32:16 C:Gamerules: entering state 'DOTA_GAMERULES_STATE_TEAM_SHOWCASE'
08/30 16:32:16 [Client] CDOTA_Hud_Main::EventGameRulesStateChanged DOTA_GAMERULES_STATE_TEAM_SHOWCASE
08/30 16:32:16 [Client] PregameHud - eGameState is now DOTA_GAMERULES_STATE_TEAM_SHOWCASE
08/30 16:32:16 [Client] CL:  AsyncUnloadSpawnGroup( CO-459 ) -- no such spawn group
08/30 16:32:16 [Client] CL:  AsyncUnloadSpawnGroup( CO-460 ) -- no such spawn group
08/30 16:32:16 [Client] CL:  AsyncUnloadSpawnGroup( CO-1645 ) -- no such spawn group
08/30 16:32:16 [Client] CL:  AsyncUnloadSpawnGroup( CO-454 ) -- no such spawn group
08/30 16:32:16 [Client] CL:  AsyncUnloadSpawnGroup( CO-455 ) -- no such spawn group
08/30 16:32:16 [Client] CL:  AsyncUnloadSpawnGroup( CO-456 ) -- no such spawn group
08/30 16:32:16 [Client] CL:  AsyncUnloadSpawnGroup( CO-712 ) -- no such spawn group
08/30 16:32:16 [Client] CL:  AsyncUnloadSpawnGroup( CO-713 ) -- no such spawn group
08/30 16:32:16 [Client] CL:  AsyncUnloadSpawnGroup( CO-714 ) -- no such spawn group
08/30 16:32:16 [Client] CL:  AsyncUnloadSpawnGroup( CO-948 ) -- no such spawn group
08/30 16:32:16 [Client] CL:  AsyncUnloadSpawnGroup( CO-949 ) -- no such spawn group
08/30 16:32:16 [ResourceSystem] Failed loading resource "materials/models/items/marci/marci_crystalline_dragon_shoulder/marci_crystalline_dragon_shoulder.vmat_c" (ERROR_FILEOPEN: File not found)
08/30 16:32:17 [GCClient] Recv msg 26 (k_ESOMsg_UpdateMultiple), 336 bytes
08/30 16:32:17 --- CSODOTALobby.game_state: DOTA_GAMERULES_STATE_STRATEGY_TIME
08/30 16:32:17 +++ CSODOTALobby.game_state: DOTA_GAMERULES_STATE_TEAM_SHOWCASE
08/30 16:32:17 [SceneSystem] Too many non-culled draws (alloc 256, need 407), resizing!
08/30 16:32:17 [SceneSystem] Too many non-culled draws (alloc 512, need 614), resizing!
08/30 16:32:25 [SceneSystem] Too many non-culled draws (alloc 640, need 642), resizing!
08/30 16:32:32 S:Gamerules: entering state 'DOTA_GAMERULES_STATE_WAIT_FOR_MAP_TO_LOAD'
08/30 16:32:32 Sending CMsgConnectedPlayers for reason GAME_STATE.  Last send was 16.0s ago, urgency is 0.0s
08/30 16:32:32 game_state: DOTA_GAMERULES_STATE_WAIT_FOR_MAP_TO_LOAD
first_blood_happened: false
send_reason: GAME_STATE
radiant_kills: 0
dire_kills: 0
radiant_lead: 0
building_state: 19138340

08/30 16:32:32 [Server] Created physics for dota
08/30 16:32:32 [Server] 514:bad_result_position::m_vecOrigin CNetworkOriginCellCoordQuantizedVector m_cellY cell -354 is outside of cell bounds (0->128) @(2560.000000 -107231.250000 0.000000)
08/30 16:32:32 [Entity System] Entity  [info_particle_system]: unrecognized parent "28818_riverflow_model"
08/30 16:32:32 [Entity System] Entity  [info_particle_system]: unrecognized parent "9072_riverflow_model"
08/30 16:32:32 Bot ward spot ward_spot_radiant_high_point_top not found in map; falling back to hardcoded location.
08/30 16:32:32 Bot ward spot ward_spot_dire_rune_bottom not found in map; falling back to hardcoded location.
08/30 16:32:32 Bot ward spot ward_spot_dire_high_point_top in an invalid location, this may cause bots to get stuck.
08/30 16:32:32 [GCClient] Send msg 7034 (k_EMsgGCConnectedPlayers), 25 bytes
08/30 16:32:32 S:Gamerules: entering state 'DOTA_GAMERULES_STATE_PRE_GAME'
08/30 16:32:32 m_flPreGameStartTime set to 57.73
08/30 16:32:32 m_flStateTransitionTime set to 147.73
08/30 16:32:32 Sending CMsgConnectedPlayers for reason GAME_STATE.  Last send was 0.2s ago, urgency is 0.0s
08/30 16:32:32 game_state: DOTA_GAMERULES_STATE_PRE_GAME
first_blood_happened: false
send_reason: GAME_STATE
radiant_kills: 0
dire_kills: 0
radiant_lead: 0
building_state: 4784201

08/30 16:32:32 Height map file (maps/prefabs/promotional_radiant_fountain.vhcg) not found, this will make ground height traces more expensive! Recompile the map to generate a height map.
08/30 16:32:32 Height map file (maps/prefabs/promotional_dire_fountain.vhcg) not found, this will make ground height traces more expensive! Recompile the map to generate a height map.
08/30 16:32:32 CGameParticleManager::SetParticleControlEnt: Unable to lookup attachment "attach_hitloc" on model "" for entity "npc_dota_hero_nevermore"
08/30 16:32:33 [GCClient] Recv msg 26 (k_ESOMsg_UpdateMultiple), 336 bytes
08/30 16:32:33 --- CSODOTALobby.game_state: DOTA_GAMERULES_STATE_TEAM_SHOWCASE
08/30 16:32:33 +++ CSODOTALobby.game_state: DOTA_GAMERULES_STATE_WAIT_FOR_MAP_TO_LOAD
08/30 16:32:33 [Client] Created physics for dota
08/30 16:32:33 [Localization System] CLocalize::FindSafe failed to localize: 'invalid index'
08/30 16:32:33 C:Gamerules: entering state 'DOTA_GAMERULES_STATE_WAIT_FOR_MAP_TO_LOAD'
08/30 16:32:33 [Client] CDOTA_Hud_Main::EventGameRulesStateChanged DOTA_GAMERULES_STATE_WAIT_FOR_MAP_TO_LOAD
08/30 16:32:33 [Client] PregameHud - eGameState is now DOTA_GAMERULES_STATE_WAIT_FOR_MAP_TO_LOAD
08/30 16:32:33 [GCClient] Send msg 8744 (k_EMsgServerToGCGetGuildContracts), 17 bytes
08/30 16:32:33 [GCClient] Send msg 7034 (k_EMsgGCConnectedPlayers), 25 bytes
08/30 16:32:33 [Server] PR:GetSelectedHeroName called with bogus player id 5, ignoring
08/30 16:32:33 [Server] PR:GetSelectedHeroName called with bogus player id 7, ignoring
08/30 16:32:33 [Server] PR:GetSelectedHeroName called with bogus player id 8, ignoring
08/30 16:32:33 [Server] PR:GetSelectedHeroName called with bogus player id 9, ignoring
08/30 16:32:33 CGameParticleManager::SetParticleControlEnt: Unable to lookup attachment "attach_hitloc" on model "" for entity "npc_dota_hero_nevermore"
08/30 16:32:33 [Localization System] CLocalize::FindSafe failed to localize: 'invalid index'
08/30 16:32:33 [Localization System] CLocalize::FindSafe failed to localize: 'invalid index'
08/30 16:32:33 [Localization System] CLocalize::FindSafe failed to localize: 'AIB[R] role-pid=1 role-n=1 role-pos=2'
08/30 16:32:33 C:Gamerules: entering state 'DOTA_GAMERULES_STATE_PRE_GAME'
08/30 16:32:33 Map is missing info_player_start_* entity for team 1.
08/30 16:32:33 [Client] CDOTA_Hud_Main::EventGameRulesStateChanged DOTA_GAMERULES_STATE_PRE_GAME
08/30 16:32:33 [Client] PregameHud - eGameState is now DOTA_GAMERULES_STATE_PRE_GAME
08/30 16:32:33 **** Panel Hint has fill-parent-flow for width, but isn't in a flowing right layout
08/30 16:32:33 [Localization System] CLocalize::FindSafe failed to localize: 'AIB[R] build=c802251'
08/30 16:32:33 [Localization System] CLocalize::FindSafe failed to localize: 'AIB[R] harass=0.75 farm=0.65 fwd=0.65 rune=0.60 retreat=0.45 exec=0.55 gank=0.30 push=0.60'
08/30 16:32:33 [Localization System] CLocalize::FindSafe failed to localize: 'AIB[R] defend=0.60 ward=0.50 roshan=0.50 dive=finish_only heal=active abil=aggressive cw=push at=on_cooldown pgb=default ta=default'
08/30 16:32:33 [Localization System] CLocalize::FindSafe failed to localize: 'AIB[R] hero=always deny=always lowhp=regen_lane respawn=tp_to_lane'
08/30 16:32:33 [Localization System] CLocalize::FindSafe failed to localize: 'AIB[R] intent=damage-by-source family=other creep=0 tower=0 hero=0 mixed=0 death=0 other=0 stale=0 gaps=0'
08/30 16:32:33 [Localization System] CLocalize::FindSafe failed to localize: 'AIB[R] precreep-park=1'
08/30 16:32:33 [Localization System] CLocalize::FindSafe failed to localize: 'AIB[R] intent=tick-owner family=other stage=pregame'
08/30 16:32:33 [Localization System] CLocalize::FindSafe failed to localize: 'AIB[D] role-pid=6 role-n=5 role-pos=2'
08/30 16:32:33 [Localization System] CLocalize::FindSafe failed to localize: 'AIB[D] build=c802251'
08/30 16:32:33 [Localization System] CLocalize::FindSafe failed to localize: 'AIB[D] harass=0.65 farm=0.70 fwd=0.55 rune=0.60 retreat=0.55 exec=0.60 gank=0.20 push=0.60'
08/30 16:32:33 [Localization System] CLocalize::FindSafe failed to localize: 'AIB[D] defend=0.55 ward=0.50 roshan=0.50 dive=finish_only heal=active abil=aggressive cw=last_hit_only at=on_cooldown pgb=default ta=default'
08/30 16:32:33 [Localization System] CLocalize::FindSafe failed to localize: 'AIB[D] hero=default deny=default lowhp=regen_lane respawn=tp_to_lane'
08/30 16:32:33 [Localization System] CLocalize::FindSafe failed to localize: 'AIB[D] intent=damage-by-source family=other creep=0 tower=0 hero=0 mixed=0 death=0 other=0 stale=0 gaps=0'
08/30 16:32:33 [Localization System] CLocalize::FindSafe failed to localize: 'AIB[D] precreep-park=1'
08/30 16:32:33 [Localization System] CLocalize::FindSafe failed to localize: 'AIB[D] intent=tick-owner family=other stage=pregame'
08/30 16:32:33 [GCClient] Recv msg 8745 (k_EMsgServerToGCGetGuildContractsResponse), 17 bytes
08/30 16:32:33 [GCClient] Recv msg 26 (k_ESOMsg_UpdateMultiple), 336 bytes
08/30 16:32:33 --- CSODOTALobby.game_state: DOTA_GAMERULES_STATE_WAIT_FOR_MAP_TO_LOAD
08/30 16:32:33 +++ CSODOTALobby.game_state: DOTA_GAMERULES_STATE_PRE_GAME
08/30 16:32:34 [Localization System] CLocalize::FindSafe failed to localize: 'AIB[D] blocked=buy-loop reason=saving target=item_bottle head=item_bottle cost=675 gold=270 left=1'
08/30 16:32:34 [Localization System] CLocalize::FindSafe failed to localize: 'AIB[R] blocked=buy-loop reason=saving target=item_bottle head=item_bottle cost=675 gold=270 left=1'
08/30 16:32:34 [SceneSystem] Too many non-culled draws (alloc 768, need 770), resizing!
08/30 16:32:35 [SceneSystem] Too many non-culled draws (alloc 896, need 932), resizing!
08/30 16:32:36 [SceneSystem] Too many non-culled draws (alloc 1024, need 1048), resizing!
08/30 16:32:36 [SceneSystem] Too many non-culled draws (alloc 1152, need 1176), resizing!
08/30 16:32:38 [Client] PregameHud - SetPreGameVisible 0
08/30 16:32:45 [Localization System] CLocalize::FindSafe failed to localize: 'AIB[D] intent=tick-owner family=other stage=pregame'
08/30 16:32:46 [Localization System] CLocalize::FindSafe failed to localize: 'AIB[R] intent=tick-owner family=other stage=pregame'
08/30 16:32:46 [Localization System] CLocalize::FindSafe failed to localize: 'AIB[D] blocked=buy-loop reason=saving target=item_bottle head=item_bottle cost=675 gold=270 left=1'
08/30 16:32:46 [Localization System] CLocalize::FindSafe failed to localize: 'AIB[R] blocked=buy-loop reason=saving target=item_bottle head=item_bottle cost=675 gold=270 left=1'
08/30 16:32:48 [Localization System] CLocalize::FindSafe failed to localize: 'AIB[D] intent=damage-by-source family=other creep=0 tower=0 hero=0 mixed=0 death=0 other=0 stale=0 gaps=0'
08/30 16:32:48 [Localization System] CLocalize::FindSafe failed to localize: 'AIB[R] intent=damage-by-source family=other creep=0 tower=0 hero=0 mixed=0 death=0 other=0 stale=0 gaps=0'
08/30 16:32:49 [VScript] LUA Memory usage warning: The VM has hit a new high usage of 16,777,216 bytes.
08/30 16:32:52 [Localization System] CLocalize::FindSafe failed to localize: 'Welcome to Open Hyper AI (OHA): 0.7.41 - 2026/04/02'
08/30 16:32:54 [Localization System] CLocalize::FindSafe failed to localize: 'Welcome to Open Hyper AI (OHA): 0.7.41 - 2026/04/02'
08/30 16:32:58 [Localization System] CLocalize::FindSafe failed to localize: 'AIB[R] intent=tick-owner family=other stage=pregame'
08/30 16:32:58 [Localization System] CLocalize::FindSafe failed to localize: 'AIB[D] intent=tick-owner family=other stage=pregame'
08/30 16:32:58 [Localization System] CLocalize::FindSafe failed to localize: 'AIB[D] blocked=buy-loop reason=saving target=item_bottle head=item_bottle cost=675 gold=270 left=1'
08/30 16:32:58 [Localization System] CLocalize::FindSafe failed to localize: 'AIB[R] blocked=buy-loop reason=saving target=item_bottle head=item_bottle cost=675 gold=270 left=1'
08/30 16:33:03 [Localization System] CLocalize::FindSafe failed to localize: 'AIB[D] intent=damage-by-source family=other creep=0 tower=0 hero=0 mixed=0 death=0 other=0 stale=0 gaps=0'
08/30 16:33:03 [Localization System] CLocalize::FindSafe failed to localize: 'AIB[R] intent=damage-by-source family=other creep=0 tower=0 hero=0 mixed=0 death=0 other=0 stale=0 gaps=0'
08/30 16:33:10 [Localization System] CLocalize::FindSafe failed to localize: 'AIB[R] intent=tick-owner family=other stage=pregame'
08/30 16:33:10 [Localization System] CLocalize::FindSafe failed to localize: 'AIB[D] intent=tick-owner family=other stage=pregame'
08/30 16:33:10 [Localization System] CLocalize::FindSafe failed to localize: 'AIB[D] blocked=buy-loop reason=saving target=item_bottle head=item_bottle cost=675 gold=270 left=1'
08/30 16:33:10 [Localization System] CLocalize::FindSafe failed to localize: 'AIB[R] blocked=buy-loop reason=saving target=item_bottle head=item_bottle cost=675 gold=270 left=1'
08/30 16:33:18 [Localization System] CLocalize::FindSafe failed to localize: 'AIB[D] intent=damage-by-source family=other creep=0 tower=0 hero=0 mixed=0 death=0 other=0 stale=0 gaps=0'
08/30 16:33:18 [Localization System] CLocalize::FindSafe failed to localize: 'AIB[R] intent=damage-by-source family=other creep=0 tower=0 hero=0 mixed=0 death=0 other=0 stale=0 gaps=0'
08/30 16:33:23 [Localization System] CLocalize::FindSafe failed to localize: 'AIB[R] intent=tick-owner family=other stage=pregame'
08/30 16:33:23 [Localization System] CLocalize::FindSafe failed to localize: 'AIB[D] intent=tick-owner family=other stage=pregame'
08/30 16:33:23 [Localization System] CLocalize::FindSafe failed to localize: 'AIB[D] blocked=buy-loop reason=saving target=item_bottle head=item_bottle cost=675 gold=270 left=1'
08/30 16:33:23 [Localization System] CLocalize::FindSafe failed to localize: 'AIB[R] blocked=buy-loop reason=saving target=item_bottle head=item_bottle cost=675 gold=270 left=1'
08/30 16:33:33 [Localization System] CLocalize::FindSafe failed to localize: 'AIB[R] intent=rune-ground-truth family=rune id=0 status=2 t=-30'
08/30 16:33:33 [Localization System] CLocalize::FindSafe failed to localize: 'AIB[D] intent=rune-ground-truth family=rune id=0 status=2 t=-30'
08/30 16:33:33 [Localization System] CLocalize::FindSafe failed to localize: 'AIB[D] intent=damage-by-source family=other creep=0 tower=0 hero=0 mixed=0 death=0 other=0 stale=0 gaps=0'
08/30 16:33:33 [Localization System] CLocalize::FindSafe failed to localize: 'AIB[R] intent=damage-by-source family=other creep=0 tower=0 hero=0 mixed=0 death=0 other=0 stale=0 gaps=0'
08/30 16:33:34 [Localization System] CLocalize::FindSafe failed to localize: 'AIB[D] precreep-park-hold=7 precreep-park=189'
08/30 16:33:35 [Localization System] CLocalize::FindSafe failed to localize: 'AIB[R] precreep-park-hold=8 precreep-park=155'
08/30 16:33:35 [Localization System] CLocalize::FindSafe failed to localize: 'AIB[D] blocked=buy-loop reason=saving target=item_bottle head=item_bottle cost=675 gold=270 left=1'
08/30 16:33:35 [Localization System] CLocalize::FindSafe failed to localize: 'AIB[R] blocked=buy-loop reason=saving target=item_bottle head=item_bottle cost=675 gold=270 left=1'
08/30 16:33:35 [Localization System] CLocalize::FindSafe failed to localize: 'AIB[D] intent=tick-owner family=other stage=pregame'
08/30 16:33:35 [Localization System] CLocalize::FindSafe failed to localize: 'AIB[R] intent=tick-owner family=other stage=pregame'
08/30 16:33:47 [Localization System] CLocalize::FindSafe failed to localize: 'AIB[D] blocked=buy-loop reason=saving target=item_bottle head=item_bottle cost=675 gold=270 left=1'
08/30 16:33:47 [Localization System] CLocalize::FindSafe failed to localize: 'AIB[R] blocked=buy-loop reason=saving target=item_bottle head=item_bottle cost=675 gold=270 left=1'
08/30 16:33:47 [Localization System] CLocalize::FindSafe failed to localize: 'AIB[R] intent=tick-owner family=other stage=pregame'
08/30 16:33:47 [Localization System] CLocalize::FindSafe failed to localize: 'AIB[D] intent=tick-owner family=other stage=pregame'
08/30 16:33:48 [Localization System] CLocalize::FindSafe failed to localize: 'AIB[D] intent=damage-by-source family=other creep=0 tower=0 hero=0 mixed=0 death=0 other=0 stale=0 gaps=0'
08/30 16:33:48 [Localization System] CLocalize::FindSafe failed to localize: 'AIB[R] intent=damage-by-source family=other creep=0 tower=0 hero=0 mixed=0 death=0 other=0 stale=0 gaps=0'
08/30 16:33:59 [Localization System] CLocalize::FindSafe failed to localize: 'AIB[D] blocked=buy-loop reason=saving target=item_bottle head=item_bottle cost=675 gold=270 left=1'
08/30 16:33:59 [Localization System] CLocalize::FindSafe failed to localize: 'AIB[R] blocked=buy-loop reason=saving target=item_bottle head=item_bottle cost=675 gold=270 left=1'
08/30 16:34:00 [Localization System] CLocalize::FindSafe failed to localize: 'AIB[R] intent=tick-owner family=other stage=pregame'
08/30 16:34:00 [Localization System] CLocalize::FindSafe failed to localize: 'AIB[D] intent=tick-owner family=other stage=pregame'
08/30 16:34:03 S:Gamerules: entering state 'DOTA_GAMERULES_STATE_GAME_IN_PROGRESS'
08/30 16:34:03 m_flGameStartTime set to 147.77
08/30 16:34:03 Sending CMsgConnectedPlayers for reason GAME_STATE.  Last send was 90.5s ago, urgency is 0.0s
08/30 16:34:03 game_state: DOTA_GAMERULES_STATE_GAME_IN_PROGRESS
first_blood_happened: false
send_reason: GAME_STATE
radiant_kills: 0
dire_kills: 0
radiant_lead: 0
building_state: 4784201

08/30 16:34:03 [GCClient] Send msg 7034 (k_EMsgGCConnectedPlayers), 25 bytes
08/30 16:34:03 [Localization System] CLocalize::FindSafe failed to localize: 'invalid index'
08/30 16:34:03 [Localization System] CLocalize::FindSafe failed to localize: 'AIB[R] t=0s hp=100% gold=271 loc=-1190,-1055 lh=0 dn=0 dg=+0 dlh=+0 bottle=-1 lvl=1 front=7078 ehp=-1'
08/30 16:34:03 [Localization System] CLocalize::FindSafe failed to localize: 'AIB[R] intent=state-post-horn-reset family=state reason=laning-start'
08/30 16:34:03 [Localization System] CLocalize::FindSafe failed to localize: 'AIB[R] intent=tick-owner family=other stage=laning-core'
08/30 16:34:03 C:Gamerules: entering state 'DOTA_GAMERULES_STATE_GAME_IN_PROGRESS'
08/30 16:34:03 [Client] CDOTA_Hud_Main::EventGameRulesStateChanged DOTA_GAMERULES_STATE_GAME_IN_PROGRESS
08/30 16:34:03 [Client] CDOTA_Hud_Main::DeleteGameEndScreen deleted GameEndContainer
08/30 16:34:03 --- Sent CMsgGameServerInfo to GC
08/30 16:34:03 server_public_ip_addr: 787974451
server_private_ip_addr: 167773194
server_port: 27015
server_tv_port: 27020
server_key: ""
server_hibernation: false
server_type: GAME
server_region: 0
server_loadavg: 0.307988673
server_tv_broadcast_time: 137.8
server_game_time: 0.0333251953
relay_slots_max: 64
relays_connected: 0
relay_clients_connected: 0
tv_secret_code: 6719861601113139703
server_version: 6918
server_cluster: 0
assigned_server_tv_port: 27020
allow_custom_games: BOTH
build_version: 6918

08/30 16:34:03 ---
08/30 16:34:03 [GCClient] Send msg 4508 (k_EMsgGCGameServerInfo), 84 bytes
08/30 16:34:03 [Localization System] CLocalize::FindSafe failed to localize: 'AIB[D] t=0s hp=100% gold=271 loc=170,299 lh=0 dn=0 dg=+0 dlh=+0 bottle=-1 lvl=1 front=8620 ehp=-1'
08/30 16:34:03 [Localization System] CLocalize::FindSafe failed to localize: 'AIB[D] intent=state-post-horn-reset family=state reason=laning-start'
08/30 16:34:03 [Localization System] CLocalize::FindSafe failed to localize: 'AIB[D] intent=tick-owner family=other stage=laning-core'
08/30 16:34:03 [Server] PR:IncrementIdleTime 1:[I:0:0] 63.80
08/30 16:34:03 [Server] PR:IncrementIdleTime 6:[I:0:0] 59.10
08/30 16:34:03 [GCClient] Recv msg 26 (k_ESOMsg_UpdateMultiple), 336 bytes
08/30 16:34:03 --- CSODOTALobby.game_state: DOTA_GAMERULES_STATE_PRE_GAME
08/30 16:34:03 +++ CSODOTALobby.game_state: DOTA_GAMERULES_STATE_GAME_IN_PROGRESS
08/30 16:34:03 [Localization System] CLocalize::FindSafe failed to localize: 'AIB[D] intent=damage-by-source family=other creep=0 tower=0 hero=0 mixed=0 death=0 other=0 stale=0 gaps=0'
08/30 16:34:04 [Localization System] CLocalize::FindSafe failed to localize: 'AIB[R] intent=damage-by-source family=other creep=0 tower=0 hero=0 mixed=0 death=0 other=0 stale=0 gaps=0'
08/30 16:34:05 [Localization System] CLocalize::FindSafe failed to localize: 'AIB[D] blocked=precreep-engage reason=no_licence pregame=default'
08/30 16:34:05 [Localization System] CLocalize::FindSafe failed to localize: 'AIB[D] intent=tick-owner family=other stage=laning-core'
08/30 16:34:05 [Localization System] CLocalize::FindSafe failed to localize: 'AIB[R] intent=tick-owner family=other stage=laning-core'
08/30 16:34:05 [Localization System] CLocalize::FindSafe failed to localize: 'AIB[R] intent=state-prewave-duel family=safety ttl=2 dist=801 hp=89'
08/30 16:34:05 [Localization System] CLocalize::FindSafe failed to localize: 'AIB[R] blocked=prewave-duel reason=uphill dist=801'
08/30 16:34:07 [Localization System] CLocalize::FindSafe failed to localize: 'AIB[D] intent=tick-owner family=other stage=laning-core'
08/30 16:34:07 [Localization System] CLocalize::FindSafe failed to localize: 'AIB[D] blocked=buy-loop reason=saving target=item_bottle head=item_bottle cost=675 gold=277 left=1'
08/30 16:34:07 [Localization System] CLocalize::FindSafe failed to localize: 'AIB[R] blocked=buy-loop reason=saving target=item_bottle head=item_bottle cost=675 gold=277 left=1'
08/30 16:34:07 [Localization System] CLocalize::FindSafe failed to localize: 'AIB[R] blocked=prewave-duel reason=uphill_disengage dist=875'
08/30 16:34:07 [Localization System] CLocalize::FindSafe failed to localize: 'AIB[R] intent=tick-owner family=other stage=laning-core'
08/30 16:34:07 [Localization System] CLocalize::FindSafe failed to localize: 'AIB[R] blocked=precreep-engage reason=uphill dist=794'
08/30 16:34:08 [Localization System] CLocalize::FindSafe failed to localize: 'AIB[R] intent=state-prewave-duel family=safety ttl=2 dist=743 hp=91'
08/30 16:34:08 [Localization System] CLocalize::FindSafe failed to localize: 'AIB[R] t=5s hp=91% gold=278 loc=-729,-596 enemy-dist=601 lh=0 dn=0 dg=+7 dlh=+0 bottle=-1 lvl=1 front=7078 ehp=91'
08/30 16:34:08 [Localization System] CLocalize::FindSafe failed to localize: 'AIB[D] t=5s hp=91% gold=278 loc=-303,-172 enemy-dist=584 lh=0 dn=0 dg=+7 dlh=+0 bottle=-1 lvl=1 front=8620 ehp=91'
08/30 16:34:08 [Server] PR:IncrementIdleTime 6:[I:0:0] 2.37
08/30 16:34:09 [Localization System] CLocalize::FindSafe failed to localize: 'AIB[D] intent=tick-owner family=other stage=laning-core'
08/30 16:34:09 [Localization System] CLocalize::FindSafe failed to localize: 'AIB[R] intent=tick-owner family=other stage=laning-core'
08/30 16:34:10 [Localization System] CLocalize::FindSafe failed to localize: 'AIB[R] intent=state-prewave-duel family=safety ttl=2 dist=563 hp=85'
08/30 16:34:11 [Localization System] CLocalize::FindSafe failed to localize: 'AIB[D] intent=tick-owner family=other stage=laning-core'
08/30 16:34:11 [Localization System] CLocalize::FindSafe failed to localize: 'AIB[R] intent=tick-owner family=other stage=laning-core'
08/30 16:34:12 [Localization System] CLocalize::FindSafe failed to localize: 'AIB[R] intent=state-prewave-duel family=safety ttl=2 dist=563 hp=79'
08/30 16:34:13 [Localization System] CLocalize::FindSafe failed to localize: 'AIB[R] t=10s hp=66% gold=286 loc=-717,-584 enemy-dist=563 lh=0 dn=0 dg=+8 dlh=+0 bottle=-1 lvl=1 front=7078 ehp=73'
08/30 16:34:13 [Localization System] CLocalize::FindSafe failed to localize: 'AIB[D] t=10s hp=73% gold=286 loc=-318,-186 enemy-dist=563 lh=0 dn=0 dg=+8 dlh=+0 bottle=-1 lvl=1 front=8620 ehp=66'
08/30 16:34:13 [Localization System] CLocalize::FindSafe failed to localize: 'AIB[R] intent=tick-owner family=other stage=laning-core'
08/30 16:34:13 [Localization System] CLocalize::FindSafe failed to localize: 'AIB[D] intent=tick-owner family=other stage=laning-core'
08/30 16:34:14 [Localization System] CLocalize::FindSafe failed to localize: 'AIB[R] intent=state-prewave-duel family=safety ttl=2 dist=563 hp=66'
08/30 16:34:15 [Localization System] CLocalize::FindSafe failed to localize: 'AIB[D] blocked=buy-loop reason=saving target=item_bottle head=item_bottle cost=675 gold=289 left=1'
08/30 16:34:15 [Localization System] CLocalize::FindSafe failed to localize: 'AIB[R] blocked=buy-loop reason=saving target=item_bottle head=item_bottle cost=675 gold=289 left=1'
08/30 16:34:15 [Localization System] CLocalize::FindSafe failed to localize: 'AIB[R] intent=tick-owner family=other stage=laning-core'
08/30 16:34:16 [Localization System] CLocalize::FindSafe failed to localize: 'AIB[D] intent=tick-owner family=other stage=laning-core'
08/30 16:34:16 [Localization System] CLocalize::FindSafe failed to localize: 'AIB[R] intent=state-prewave-duel family=safety ttl=2 dist=563 hp=54'
08/30 16:34:18 [Localization System] CLocalize::FindSafe failed to localize: 'AIB[R] intent=tick-owner family=other stage=laning-core'
08/30 16:34:18 [Localization System] CLocalize::FindSafe failed to localize: 'AIB[D] intent=tick-owner family=other stage=laning-core'
08/30 16:34:18 [Localization System] CLocalize::FindSafe failed to localize: 'AIB[R] intent=state-prewave-duel family=safety ttl=2 dist=563 hp=48'
08/30 16:34:18 [Localization System] CLocalize::FindSafe failed to localize: 'AIB[R] t=15s hp=41% gold=293 loc=-717,-584 enemy-dist=563 lh=0 dn=0 dg=+7 dlh=+0 bottle=-1 lvl=1 front=7178 ehp=49'
08/30 16:34:18 [Localization System] CLocalize::FindSafe failed to localize: 'AIB[D] t=15s hp=49% gold=294 loc=-318,-186 enemy-dist=563 lh=0 dn=0 dg=+8 dlh=+0 bottle=-1 lvl=1 front=8677 ehp=41'
08/30 16:34:18 [Localization System] CLocalize::FindSafe failed to localize: 'AIB[D] intent=damage-by-source family=other creep=0 tower=0 hero=329 mixed=0 death=0 other=0 stale=0 gaps=0'
08/30 16:34:19 [Localization System] CLocalize::FindSafe failed to localize: 'AIB[R] intent=damage-by-source family=other creep=0 tower=0 hero=379 mixed=0 death=0 other=0 stale=0 gaps=0'
08/30 16:34:19 [Localization System] CLocalize::FindSafe failed to localize: 'AIB[D] intent=state-prewave-duel family=safety ttl=2 phase=passive_defend dist=563 hp=43'
08/30 16:34:19 [Localization System] CLocalize::FindSafe failed to localize: 'AIB[D] blocked=precreep-engage reason=no_licence pregame=default'
08/30 16:34:19 [Localization System] CLocalize::FindSafe failed to localize: 'AIB[R] blocked=prewave-duel reason=too_far dist=614'
08/30 16:34:19 [Localization System] CLocalize::FindSafe failed to localize: 'AIB[R] blocked=precreep-engage reason=hp_below_trade_floor hp=41 dist=614'
08/30 16:34:19 [Localization System] CLocalize::FindSafe failed to localize: 'AIB[R] intent=recovery-policy family=recover action=recover hp=35 gate=35 source=early-low'
08/30 16:34:20 [Localization System] CLocalize::FindSafe failed to localize: 'AIB[R] blocked=prewave-duel reason=uphill dist=838'
08/30 16:34:20 [Localization System] CLocalize::FindSafe failed to localize: 'AIB[R] intent=tick-owner family=other stage=laning-core'
08/30 16:34:20 [Localization System] CLocalize::FindSafe failed to localize: 'AIB[D] intent=tick-owner family=other stage=laning-core'
08/30 16:34:22 [Localization System] CLocalize::FindSafe failed to localize: 'AIB[R] intent=tick-owner family=other stage=laning-core'
08/30 16:34:22 [Localization System] CLocalize::FindSafe failed to localize: 'AIB[D] intent=tick-owner family=other stage=laning-core'
08/30 16:34:23 [Localization System] CLocalize::FindSafe failed to localize: 'AIB[R] t=20s hp=52% gold=301 loc=-1446,-585 lh=0 dn=0 dg=+8 dlh=+0 bottle=-1 lvl=1 front=8572 ehp=-1'
08/30 16:34:23 [Localization System] CLocalize::FindSafe failed to localize: 'AIB[D] blocked=buy-loop reason=saving target=item_bottle head=item_bottle cost=675 gold=301 left=1'
08/30 16:34:23 [Localization System] CLocalize::FindSafe failed to localize: 'AIB[R] blocked=buy-loop reason=saving target=item_bottle head=item_bottle cost=675 gold=301 left=1'
08/30 16:34:23 [Localization System] CLocalize::FindSafe failed to localize: 'AIB[D] t=20s hp=47% gold=301 loc=-239,347 enemy-dist=1461 lh=0 dn=0 dg=+7 dlh=+0 bottle=-1 lvl=1 front=9959 ehp=53'
08/30 16:34:24 [Localization System] CLocalize::FindSafe failed to localize: 'AIB[D] blocked=hero-over-creep reason=no_target'
08/30 16:34:24 [Localization System] CLocalize::FindSafe failed to localize: 'AIB[D] blocked=emergency-kill reason=no_target'
08/30 16:34:24 [Localization System] CLocalize::FindSafe failed to localize: 'AIB[D] blocked=uphill-repo reason=no_reposition'
08/30 16:34:24 [Localization System] CLocalize::FindSafe failed to localize: 'AIB[D] blocked=harass reason=no_target'
08/30 16:34:24 [Localization System] CLocalize::FindSafe failed to localize: 'AIB[D] blocked=ability-harass reason=nothing_castable'
08/30 16:34:24 [Localization System] CLocalize::FindSafe failed to localize: 'AIB[D] intent=top-arbiter family=state winner=wave-watch:10 losers=safe-cs:56,hero-over-creep:52,idle-heal:46,emergency-retreat:45,fwd-pullback:44'
08/30 16:34:24 [Localization System] CLocalize::FindSafe failed to localize: 'AIB[D] intent=tick-owner family=other stage=desire/wave-watch reason=ready score=10 band=idle'
08/30 16:34:24 [Localization System] CLocalize::FindSafe failed to localize: 'AIB[R] intent=tick-owner family=other stage=laning-core'
08/30 16:34:24 [Localization System] CLocalize::FindSafe failed to localize: 'AIB[D] intent=melee-pack-space family=safety count=2 dist=189'
08/30 16:34:25 [Localization System] CLocalize::FindSafe failed to localize: 'AIB[R] blocked=hero-over-creep reason=no_target'
08/30 16:34:25 [Localization System] CLocalize::FindSafe failed to localize: 'AIB[R] blocked=emergency-kill reason=no_target'
08/30 16:34:25 [Localization System] CLocalize::FindSafe failed to localize: 'AIB[R] blocked=uphill-repo reason=not_trading'
08/30 16:34:25 [Localization System] CLocalize::FindSafe failed to localize: 'AIB[R] blocked=hero-prio-chase reason=lane_work dist=1006 cs=false creep=false hp_adv=false kill_pressure=false close=false low_farm=false lane_override=false'
08/30 16:34:25 [Localization System] CLocalize::FindSafe failed to localize: 'AIB[R] blocked=harass reason=no_target'
08/30 16:34:25 [Localization System] CLocalize::FindSafe failed to localize: 'AIB[R] blocked=ability-harass reason=nothing_castable'
08/30 16:34:25 [Localization System] CLocalize::FindSafe failed to localize: 'AIB[R] intent=top-arbiter family=state winner=wave-watch:10 losers=safe-cs:56,hero-over-creep:52,idle-heal:46,emergency-retreat:45,fwd-pullback:44'
08/30 16:34:25 [Localization System] CLocalize::FindSafe failed to localize: 'AIB[R] intent=melee-pack-space family=safety count=2 dist=230'
08/30 16:34:25 [Localization System] CLocalize::FindSafe failed to localize: 'AIB[D] intent=state-desire-fight family=state base=78 execute=20 dist=877 hp=49 ehp=55 reason=enemy_seen score=98'
08/30 16:34:25 [Localization System] CLocalize::FindSafe failed to localize: 'AIB[D] blocked=ability-pressure reason=nothing_castable'
08/30 16:34:25 [Localization System] CLocalize::FindSafe failed to localize: 'AIB[D] blocked=top-arbiter reason=empty_action winner=fight score=98'
08/30 16:34:25 [Localization System] CLocalize::FindSafe failed to localize: 'AIB[R] intent=state-prewave-duel family=safety ttl=2 dist=855 hp=56'
08/30 16:34:25 [Localization System] CLocalize::FindSafe failed to localize: 'AIB[R] blocked=prewave-duel reason=uphill dist=855'
08/30 16:34:25 [Localization System] CLocalize::FindSafe failed to localize: 'AIB[D] intent=recovery-plan family=recover action=buy_flask reason=critical hp=50 gold=304 count=1'
08/30 16:34:25 [Localization System] CLocalize::FindSafe failed to localize: 'AIB[R] intent=recovery-plan family=recover action=buy_flask reason=critical hp=56 gold=304 count=1'
08/30 16:34:25 [Localization System] CLocalize::FindSafe failed to localize: 'AIB[R] blocked=uphill-repo reason=motor_busy'
08/30 16:34:25 [Localization System] CLocalize::FindSafe failed to localize: 'AIB[D] intent=top-arbiter family=state winner=wave-watch:10 losers=safe-cs:56,hero-over-creep:52,idle-heal:46,emergency-retreat:45,fwd-pullback:44'
08/30 16:34:26 [Localization System] CLocalize::FindSafe failed to localize: 'AIB[R] intent=tick-owner family=other stage=laning-core'
08/30 16:34:26 [Localization System] CLocalize::FindSafe failed to localize: 'AIB[D] intent=tick-owner family=other stage=desire/wave-watch reason=ready score=10 band=idle'
08/30 16:34:26 [Localization System] CLocalize::FindSafe failed to localize: 'AIB[R] intent=top-arbiter family=state winner=wave-watch:10 losers=hero-over-creep:52,idle-heal:46,emergency-retreat:45,fwd-pullback:44,emergency-kill:43.5'
08/30 16:34:26 [Localization System] CLocalize::FindSafe failed to localize: 'AIB[R] intent=melee-pack-space family=safety count=3 dist=140'
08/30 16:34:27 [Localization System] CLocalize::FindSafe failed to localize: 'AIB[D] intent=state-desire-fight family=state base=78 execute=20 dist=877 hp=52 ehp=58 reason=enemy_seen score=98'
08/30 16:34:27 [Localization System] CLocalize::FindSafe failed to localize: 'AIB[D] blocked=top-arbiter reason=empty_action winner=fight score=98'
08/30 16:34:27 [Localization System] CLocalize::FindSafe failed to localize: 'AIB[R] blocked=prewave-duel reason=uphill_disengage dist=846'
08/30 16:34:27 [Localization System] CLocalize::FindSafe failed to localize: 'AIB[R] blocked=fight-candidate reason=no_action_capped hp=59 score=40'
08/30 16:34:27 [Localization System] CLocalize::FindSafe failed to localize: 'AIB[D] blocked=visual-hold reason=creep_in_range held=2.1 hp=52 repeat=1 hard=false'
08/30 16:34:27 [Server] PR:IncrementIdleTime 6:[I:0:0] 2.00
08/30 16:34:27 [Localization System] CLocalize::FindSafe failed to localize: 'AIB[D] blocked=hero-over-creep reason=no_target'
08/30 16:34:27 [Localization System] CLocalize::FindSafe failed to localize: 'AIB[D] blocked=emergency-kill reason=no_target'
08/30 16:34:27 [Localization System] CLocalize::FindSafe failed to localize: 'AIB[D] blocked=uphill-repo reason=no_reposition'
08/30 16:34:27 [Localization System] CLocalize::FindSafe failed to localize: 'AIB[D] blocked=harass reason=no_target'
08/30 16:34:27 [Localization System] CLocalize::FindSafe failed to localize: 'AIB[D] blocked=ability-harass reason=nothing_castable'
08/30 16:34:27 [Localization System] CLocalize::FindSafe failed to localize: 'AIB[D] intent=top-arbiter family=state winner=wave-watch:10 losers=fight:98,safe-cs:56,hero-over-creep:52,idle-heal:46,emergency-retreat:45'
08/30 16:34:27 [Localization System] CLocalize::FindSafe failed to localize: 'AIB[R] intent=state-prewave-duel family=safety ttl=2 dist=846 hp=59'
08/30 16:34:28 [Localization System] CLocalize::FindSafe failed to localize: 'AIB[R] blocked=hero-over-creep reason=no_target'
08/30 16:34:28 [Localization System] CLocalize::FindSafe failed to localize: 'AIB[R] blocked=emergency-kill reason=no_target'
08/30 16:34:28 [Localization System] CLocalize::FindSafe failed to localize: 'AIB[R] blocked=hero-prio-chase reason=lane_work dist=846 cs=false creep=true hp_adv=false kill_pressure=false close=false low_farm=false lane_override=false'
08/30 16:34:28 [Localization System] CLocalize::FindSafe failed to localize: 'AIB[R] blocked=harass reason=no_target'
08/30 16:34:28 [Localization System] CLocalize::FindSafe failed to localize: 'AIB[R] intent=top-arbiter family=state winner=creep-work:38.6 losers=hero-over-creep:52,idle-heal:46,emergency-retreat:45,fwd-pullback:44,emergency-kill:43.5'
08/30 16:34:28 [Localization System] CLocalize::FindSafe failed to localize: 'AIB[R] intent=tick-owner family=other stage=laning-core'
08/30 16:34:28 [Localization System] CLocalize::FindSafe failed to localize: 'AIB[D] intent=tick-owner family=other stage=desire/wave-watch reason=ready score=10 band=idle'
08/30 16:34:28 [Localization System] CLocalize::FindSafe failed to localize: 'AIB[R] t=25s hp=61% gold=208 loc=-844,-618 enemy-dist=846 lh=0 dn=0 dg=-93 dlh=+0 bottle=-1 lvl=1 front=8572 ehp=55'
08/30 16:34:28 [Localization System] CLocalize::FindSafe failed to localize: 'AIB[R] blocked=ability-harass reason=nothing_castable'
08/30 16:34:28 [Localization System] CLocalize::FindSafe failed to localize: 'AIB[D] t=26s hp=55% gold=209 loc=-225,-40 enemy-dist=846 lh=0 dn=0 dg=-92 dlh=+0 bottle=-1 lvl=1 front=9959 ehp=62'
08/30 16:34:28 [Localization System] CLocalize::FindSafe failed to localize: 'AIB[D] intent=top-arbiter family=state winner=creep-work:38.8 losers=hero-over-creep:52,idle-heal:46,emergency-retreat:45,fwd-pullback:44,emergency-kill:43.5'
08/30 16:34:29 [Localization System] CLocalize::FindSafe failed to localize: 'AIB[R] blocked=uphill-repo reason=not_trading'
08/30 16:34:29 Script function 'Think' on bot npc_dota_hero_nevermore took 2.077ms
08/30 16:34:29 [Localization System] CLocalize::FindSafe failed to localize: 'AIB[D] intent=state-desire-last-hit family=farm dist=447 reason=killable_creep score=140'
08/30 16:34:29 [Localization System] CLocalize::FindSafe failed to localize: 'AIB[R] intent=state-prewave-duel family=safety ttl=2 dist=846 hp=63'
08/30 16:34:29 [Localization System] CLocalize::FindSafe failed to localize: 'AIB[R] intent=state-desire-last-hit family=farm dist=498 reason=killable_creep score=140'
08/30 16:34:29 [Localization System] CLocalize::FindSafe failed to localize: 'AIB[R] intent=top-arbiter family=state winner=last-hit:140 losers=hero-over-creep:52,cs-inrange:50,idle-heal:46,emergency-retreat:45,fwd-pullback:44'
08/30 16:34:30 [Localization System] CLocalize::FindSafe failed to localize: 'AIB[R] blocked=prewave-duel reason=uphill_disengage dist=846'
08/30 16:34:30 [Localization System] CLocalize::FindSafe failed to localize: 'AIB[D] blocked=visual-hold reason=creep_in_range held=5.1 hp=57 repeat=3 hard=true'
08/30 16:34:30 [Localization System] CLocalize::FindSafe failed to localize: 'AIB[D] intent=wave-watch-work family=other lh=0 idle=6 creep_hp=53 dist=447'
08/30 16:34:30 [Localization System] CLocalize::FindSafe failed to localize: 'AIB[R] intent=tick-owner family=other stage=laning-core'
08/30 16:34:30 [Localization System] CLocalize::FindSafe failed to localize: 'AIB[D] blocked=hero-over-creep reason=no_target'
08/30 16:34:30 [Localization System] CLocalize::FindSafe failed to localize: 'AIB[D] blocked=emergency-kill reason=no_target'
08/30 16:34:30 [Localization System] CLocalize::FindSafe failed to localize: 'AIB[D] blocked=uphill-repo reason=no_reposition'
08/30 16:34:30 [Localization System] CLocalize::FindSafe failed to localize: 'AIB[D] blocked=harass reason=no_target'
08/30 16:34:30 [Localization System] CLocalize::FindSafe failed to localize: 'AIB[D] blocked=ability-harass reason=nothing_castable'
08/30 16:34:30 [Localization System] CLocalize::FindSafe failed to localize: 'AIB[D] intent=top-arbiter family=state winner=wave-watch:10 losers=hero-over-creep:52,idle-heal:46,emergency-retreat:45,fwd-pullback:44,emergency-kill:43.5'
08/30 16:34:30 [Localization System] CLocalize::FindSafe failed to localize: 'AIB[D] intent=tick-owner family=other stage=desire/wave-watch reason=ready score=10 band=idle'
08/30 16:34:31 [Localization System] CLocalize::FindSafe failed to localize: 'AIB[R] blocked=hero-over-creep reason=no_target'
08/30 16:34:31 [Localization System] CLocalize::FindSafe failed to localize: 'AIB[R] blocked=emergency-kill reason=no_target'
08/30 16:34:31 [Localization System] CLocalize::FindSafe failed to localize: 'AIB[R] blocked=hero-prio-chase reason=lane_work dist=846 cs=false creep=true hp_adv=false kill_pressure=false close=false low_farm=false lane_override=false'
08/30 16:34:31 [Localization System] CLocalize::FindSafe failed to localize: 'AIB[R] blocked=harass reason=no_target'
08/30 16:34:31 [Localization System] CLocalize::FindSafe failed to localize: 'AIB[R] intent=top-arbiter family=state winner=creep-work:38.6 losers=hero-over-creep:52,idle-heal:46,emergency-retreat:45,fwd-pullback:44,emergency-kill:43.5'
08/30 16:34:31 [Localization System] CLocalize::FindSafe failed to localize: 'AIB[R] blocked=prewave-duel reason=uphill dist=846'
08/30 16:34:31 [Localization System] CLocalize::FindSafe failed to localize: 'AIB[R] blocked=uphill-repo reason=motor_busy'
08/30 16:34:31 [Localization System] CLocalize::FindSafe failed to localize: 'AIB[R] blocked=ability-harass reason=nothing_castable'
08/30 16:34:31 [Localization System] CLocalize::FindSafe failed to localize: 'AIB[R] blocked=wave-watch reason=not_finishable creep_hp=221 dist=561 idle=7'
08/30 16:34:32 [Localization System] CLocalize::FindSafe failed to localize: 'AIB[D] blocked=buy-loop reason=saving target=item_bottle head=item_bottle cost=675 gold=251 left=1'
08/30 16:34:32 [Localization System] CLocalize::FindSafe failed to localize: 'AIB[R] blocked=buy-loop reason=saving target=item_bottle head=item_bottle cost=675 gold=213 left=1'
08/30 16:34:32 [Localization System] CLocalize::FindSafe failed to localize: 'AIB[D] intent=top-arbiter family=state winner=wave-watch:10 losers=hero-over-creep:52,idle-heal:46,emergency-retreat:45,fwd-pullback:44,emergency-kill:43.5'
08/30 16:34:32 [Localization System] CLocalize::FindSafe failed to localize: 'AIB[D] blocked=visual-hold reason=creep_in_range held=7.1 hp=61 repeat=5 hard=true'
08/30 16:34:32 [Localization System] CLocalize::FindSafe failed to localize: 'AIB[R] intent=tick-owner family=other stage=laning-core'
08/30 16:34:32 [Localization System] CLocalize::FindSafe failed to localize: 'AIB[D] intent=tick-owner family=other stage=desire/wave-watch reason=ready score=10 band=idle'
08/30 16:34:32 [Localization System] CLocalize::FindSafe failed to localize: 'AIB[R] intent=top-arbiter family=state winner=wave-watch:10 losers=hero-over-creep:52,idle-heal:46,emergency-retreat:45,fwd-pullback:44,emergency-kill:43.5'
08/30 16:34:33 [Localization System] CLocalize::FindSafe failed to localize: 'AIB[R] blocked=uphill-repo reason=not_trading'
08/30 16:34:33 [Localization System] CLocalize::FindSafe failed to localize: 'AIB[D] blocked=hero-over-creep reason=no_target'
08/30 16:34:33 [Localization System] CLocalize::FindSafe failed to localize: 'AIB[D] blocked=emergency-kill reason=no_target'
08/30 16:34:33 [Localization System] CLocalize::FindSafe failed to localize: 'AIB[D] blocked=uphill-repo reason=no_reposition'
08/30 16:34:33 [Localization System] CLocalize::FindSafe failed to localize: 'AIB[D] blocked=harass reason=no_target'
08/30 16:34:33 [Localization System] CLocalize::FindSafe failed to localize: 'AIB[D] intent=top-arbiter family=state winner=creep-work:38.8 losers=hero-over-creep:52,idle-heal:46,emergency-retreat:45,fwd-pullback:44,emergency-kill:43.5'
08/30 16:34:33 [Localization System] CLocalize::FindSafe failed to localize: 'AIB[R] t=30s hp=70% gold=216 loc=-841,-694 enemy-dist=899 lh=0 dn=0 dg=+8 dlh=+0 bottle=-1 lvl=1 front=8572 ehp=64'
08/30 16:34:34 [Localization System] CLocalize::FindSafe failed to localize: 'AIB[R] intent=damage-by-source family=other creep=0 tower=0 hero=416 mixed=0 death=0 other=0 stale=0 gaps=0'
08/30 16:34:34 [Localization System] CLocalize::FindSafe failed to localize: 'AIB[D] t=31s hp=64% gold=254 loc=-225,-40 enemy-dist=899 lh=1 dn=0 dg=+45 dlh=+1 bottle=-1 lvl=1 front=9959 ehp=71'
08/30 16:34:34 [Localization System] CLocalize::FindSafe failed to localize: 'AIB[D] intent=damage-by-source family=other creep=0 tower=0 hero=364 mixed=0 death=0 other=0 stale=0 gaps=0'
08/30 16:34:34 [Localization System] CLocalize::FindSafe failed to localize: 'AIB[D] intent=state-desire-last-hit family=farm dist=426 reason=killable_creep score=140'
08/30 16:34:34 [Localization System] CLocalize::FindSafe failed to localize: 'AIB[D] blocked=ability-harass reason=nothing_castable'
08/30 16:34:34 [Localization System] CLocalize::FindSafe failed to localize: 'AIB[D] blocked=visual-hold reason=creep_in_range held=9.1 hp=64 repeat=6 hard=true'
08/30 16:34:34 [Localization System] CLocalize::FindSafe failed to localize: 'AIB[R] blocked=hero-over-creep reason=no_target'
08/30 16:34:34 [Localization System] CLocalize::FindSafe failed to localize: 'AIB[R] blocked=emergency-kill reason=no_target'
08/30 16:34:34 [Localization System] CLocalize::FindSafe failed to localize: 'AIB[R] blocked=hero-prio-chase reason=lane_work dist=899 cs=true creep=true hp_adv=false kill_pressure=false close=false low_farm=false lane_override=false'
08/30 16:34:34 [Localization System] CLocalize::FindSafe failed to localize: 'AIB[R] blocked=harass reason=no_target'
08/30 16:34:34 [Localization System] CLocalize::FindSafe failed to localize: 'AIB[R] intent=top-arbiter family=state winner=creep-work:38.6 losers=hero-over-creep:52,idle-heal:46,emergency-retreat:45,fwd-pullback:44,emergency-kill:43.5'
08/30 16:34:34 [Localization System] CLocalize::FindSafe failed to localize: 'AIB[R] intent=tick-owner family=other stage=laning-core'
08/30 16:34:34 [Localization System] CLocalize::FindSafe failed to localize: 'AIB[D] intent=tick-owner family=other stage=desire/wave-watch reason=ready score=10 band=idle'
08/30 16:34:34 [Localization System] CLocalize::FindSafe failed to localize: 'AIB[D] cs-wait-release=1 cs-wait=2 deny-act-atk=1 deny-act=1 deny-cand-doomed=4 deny-cand-tanky=18 fwd-suppressed-creep=2 fwd-suppressed-tower=1 killwin-scan=182 lane-line-suppressed-heal=1 lane-line-suppressed-lowhp=1 last-hit-urgent=6 melee-pack-release=2 melee-pack-space=1 precreep-anchor=25 precreep-hold=2 precreep-park-hold=12 precreep-park=189 precreep-space=4 prewave-defend=1 prewave-free-hit=65 recovery-buy=1 recovery-enemy-near=32 visual-hold-creep=6 wave-watch-atk=2 wave-watch=2'
08/30 16:34:35 [Localization System] CLocalize::FindSafe failed to localize: 'AIB[R] anti-idle-enter=1 anti-idle-lane=1 cs-walk-inrange=9 cs-walk-into-pack=9 cs-walk=9 cw-push=23 deny-cand-tanky=11 fwd-suppressed-creep=2 fwd-suppressed-motor=2 fwd-suppressed-tower=2 heal-item=1 killwin-scan=170 lane-line-suppressed-heal=2 lane-line-suppressed-lowhp=1 last-hit-urgent=3 melee-pack-release=2 melee-pack-space=2 pre-aig=1 precreep-anchor=34 precreep-hold=2 precreep-park-hold=13 precreep-park=155 precreep-space=1 prewave-duel-trade=58 prewave-duel-uphill-back=10 recovery-buy=1 recovery-enemy-near=31 uphill-void-under-fire=2 wave-watch-no-wave=1 wave-watch=2'
08/30 16:34:35 [Localization System] CLocalize::FindSafe failed to localize: 'AIB[D] intent=top-arbiter family=state winner=visual-hold:20 losers=hero-over-creep:52,idle-heal:46,emergency-retreat:45,fwd-pullback:44,emergency-kill:43.5'
08/30 16:34:36 [Localization System] CLocalize::FindSafe failed to localize: 'AIB[R] intent=top-arbiter family=state winner=creep-work:38.6 losers=hero-over-creep:52,idle-heal:46,emergency-retreat:45,fwd-pullback:44,emergency-kill:43.5'
08/30 16:34:36 [Localization System] CLocalize::FindSafe failed to localize: 'AIB[D] blocked=visual-hold reason=creep_in_range held=11.2 hp=68 repeat=8 hard=true'
08/30 16:34:36 [Localization System] CLocalize::FindSafe failed to localize: 'AIB[D] blocked=hero-over-creep reason=no_target'
08/30 16:34:36 [Localization System] CLocalize::FindSafe failed to localize: 'AIB[D] blocked=emergency-kill reason=no_target'
08/30 16:34:36 [Localization System] CLocalize::FindSafe failed to localize: 'AIB[D] blocked=uphill-repo reason=no_reposition'
08/30 16:34:36 [Localization System] CLocalize::FindSafe failed to localize: 'AIB[D] blocked=harass reason=no_target'
08/30 16:34:36 [Localization System] CLocalize::FindSafe failed to localize: 'AIB[D] intent=tick-owner family=other stage=desire/wave-watch reason=ready score=10 band=idle'
08/30 16:34:36 [Localization System] CLocalize::FindSafe failed to localize: 'AIB[R] intent=tick-owner family=other stage=laning-core'
08/30 16:34:36 [Localization System] CLocalize::FindSafe failed to localize: 'AIB[D] intent=top-arbiter family=state winner=wave-watch:10 losers=hero-over-creep:52,idle-heal:46,emergency-retreat:45,fwd-pullback:44,emergency-kill:43.5'
08/30 16:34:37 [Localization System] CLocalize::FindSafe failed to localize: 'AIB[R] blocked=uphill-repo reason=not_trading'
08/30 16:34:37 [Localization System] CLocalize::FindSafe failed to localize: 'AIB[D] blocked=ability-harass reason=nothing_castable'
08/30 16:34:37 [Localization System] CLocalize::FindSafe failed to localize: 'AIB[R] blocked=hero-over-creep reason=no_target'
08/30 16:34:37 [Localization System] CLocalize::FindSafe failed to localize: 'AIB[R] blocked=emergency-kill reason=no_target'
08/30 16:34:37 [Localization System] CLocalize::FindSafe failed to localize: 'AIB[R] blocked=hero-prio-chase reason=lane_work dist=899 cs=false creep=true hp_adv=false kill_pressure=false close=false low_farm=false lane_override=false'
08/30 16:34:37 [Localization System] CLocalize::FindSafe failed to localize: 'AIB[R] blocked=harass reason=no_target'
08/30 16:34:37 [Localization System] CLocalize::FindSafe failed to localize: 'AIB[R] intent=top-arbiter family=state winner=creep-work:38.6 losers=hero-over-creep:52,idle-heal:46,emergency-retreat:45,fwd-pullback:44,emergency-kill:43.5'
08/30 16:34:38 [Localization System] CLocalize::FindSafe failed to localize: 'AIB[D] blocked=visual-hold reason=creep_in_range held=13.3 hp=71 repeat=10 hard=true'
08/30 16:34:38 [Localization System] CLocalize::FindSafe failed to localize: 'AIB[D] intent=top-arbiter family=state winner=visual-hold:20 losers=hero-over-creep:52,idle-heal:46,emergency-retreat:45,fwd-pullback:44,emergency-kill:43.5'
08/30 16:34:38 [Localization System] CLocalize::FindSafe failed to localize: 'AIB[D] intent=tick-owner family=other stage=desire/wave-watch reason=ready score=10 band=idle'
08/30 16:34:38 [Localization System] CLocalize::FindSafe failed to localize: 'AIB[R] intent=tick-owner family=other stage=laning-core'
08/30 16:34:39 [Localization System] CLocalize::FindSafe failed to localize: 'AIB[R] t=36s hp=79% gold=224 loc=-841,-694 enemy-dist=899 lh=0 dn=0 dg=+8 dlh=+0 bottle=-1 lvl=1 front=8534 ehp=72'
08/30 16:34:39 [Localization System] CLocalize::FindSafe failed to localize: 'AIB[D] t=36s hp=62% gold=300 loc=-225,-40 enemy-dist=899 lh=2 dn=0 dg=+46 dlh=+1 bottle=-1 lvl=1 front=10015 ehp=79'
08/30 16:34:39 [Localization System] CLocalize::FindSafe failed to localize: 'AIB[R] intent=top-arbiter family=state winner=creep-work:38.6 losers=hero-over-creep:52,idle-heal:46,emergency-retreat:45,fwd-pullback:44,emergency-kill:43.5'
08/30 16:34:39 [Localization System] CLocalize::FindSafe failed to localize: 'AIB[R] intent=state-desire-last-hit family=farm dist=466 reason=killable_creep score=140'
08/30 16:34:39 [Localization System] CLocalize::FindSafe failed to localize: 'AIB[D] intent=state-desire-last-hit family=farm dist=478 reason=killable_creep score=140'
08/30 16:34:40 [Localization System] CLocalize::FindSafe failed to localize: 'AIB[D] intent=top-arbiter family=state winner=last-hit:158 losers=hero-over-creep:52,cs-inrange:50,idle-heal:46,emergency-retreat:45,fwd-pullback:44'
08/30 16:34:40 [Localization System] CLocalize::FindSafe failed to localize: 'AIB[R] intent=state-prewave-duel family=safety ttl=2 dist=859 hp=80'
08/30 16:34:40 [Localization System] CLocalize::FindSafe failed to localize: 'AIB[R] blocked=prewave-duel reason=uphill dist=859'
08/30 16:34:40 [Localization System] CLocalize::FindSafe failed to localize: 'AIB[D] blocked=buy-loop reason=saving target=item_bottle head=item_bottle cost=675 gold=302 left=1'
08/30 16:34:40 [Localization System] CLocalize::FindSafe failed to localize: 'AIB[R] blocked=buy-loop reason=saving target=item_bottle head=item_bottle cost=675 gold=264 left=1'
08/30 16:34:40 [Localization System] CLocalize::FindSafe failed to localize: 'AIB[R] blocked=hero-over-creep reason=no_target'
08/30 16:34:40 [Localization System] CLocalize::FindSafe failed to localize: 'AIB[R] blocked=emergency-kill reason=no_target'
08/30 16:34:40 [Localization System] CLocalize::FindSafe failed to localize: 'AIB[R] blocked=uphill-repo reason=motor_busy'
08/30 16:34:40 [Localization System] CLocalize::FindSafe failed to localize: 'AIB[R] intent=tick-owner family=other stage=laning-core'
08/30 16:34:40 [Localization System] CLocalize::FindSafe failed to localize: 'AIB[D] blocked=hero-over-creep reason=no_target'
08/30 16:34:40 [Localization System] CLocalize::FindSafe failed to localize: 'AIB[D] blocked=emergency-kill reason=no_target'
08/30 16:34:40 [Localization System] CLocalize::FindSafe failed to localize: 'AIB[D] blocked=uphill-repo reason=no_reposition'
08/30 16:34:40 [Localization System] CLocalize::FindSafe failed to localize: 'AIB[D] blocked=harass reason=no_target'
08/30 16:34:40 [Localization System] CLocalize::FindSafe failed to localize: 'AIB[D] blocked=ability-harass reason=nothing_castable'
08/30 16:34:40 [Localization System] CLocalize::FindSafe failed to localize: 'AIB[D] blocked=visual-hold reason=creep_in_range held=15.7 hp=62 repeat=11 hard=true'
08/30 16:34:40 [Localization System] CLocalize::FindSafe failed to localize: 'AIB[D] intent=tick-owner family=other stage=desire/visual-hold reason=ready score=20 band=position'
08/30 16:34:41 [Localization System] CLocalize::FindSafe failed to localize: 'AIB[D] intent=recovery-plan family=recover action=buy_flask reason=critical hp=62 gold=303 count=2'
08/30 16:34:41 [Localization System] CLocalize::FindSafe failed to localize: 'AIB[D] intent=wave-watch-work family=other lh=2 idle=6 creep_hp=20 dist=262'
08/30 16:34:41 [Localization System] CLocalize::FindSafe failed to localize: 'AIB[R] intent=recovery-plan family=recover action=buy_flask reason=critical hp=80 gold=265 count=2'
08/30 16:34:41 [Localization System] CLocalize::FindSafe failed to localize: 'AIB[R] intent=top-arbiter family=state winner=harass:40 losers=hero-over-creep:52,idle-heal:46,emergency-retreat:45,fwd-pullback:44,emergency-kill:43.5'
08/30 16:34:41 [Localization System] CLocalize::FindSafe failed to localize: 'AIB[R] blocked=hero-prio-chase reason=lane_work dist=961 cs=false creep=false hp_adv=false kill_pressure=false close=false low_farm=false lane_override=false'
08/30 16:34:41 [Localization System] CLocalize::FindSafe failed to localize: 'AIB[R] blocked=harass reason=no_target'
08/30 16:34:41 [Localization System] CLocalize::FindSafe failed to localize: 'AIB[R] blocked=ability-harass reason=nothing_castable'
08/30 16:34:41 [Localization System] CLocalize::FindSafe failed to localize: 'AIB[D] intent=top-arbiter family=state winner=wave-watch:10 losers=hero-over-creep:52,idle-heal:46,emergency-retreat:45,fwd-pullback:44,emergency-kill:43.5'
08/30 16:34:42 [Localization System] CLocalize::FindSafe failed to localize: 'AIB[R] intent=state-prewave-duel family=safety ttl=2 dist=880 hp=81'
08/30 16:34:42 [Localization System] CLocalize::FindSafe failed to localize: 'AIB[R] blocked=prewave-duel reason=uphill_disengage dist=880'
08/30 16:34:42 [Localization System] CLocalize::FindSafe failed to localize: 'AIB[D] intent=state-desire-safety family=state base=108 creep_dmg=8 hp=62 creep=true hero=false reason=recent_damage score=116'
08/30 16:34:42 [Localization System] CLocalize::FindSafe failed to localize: 'AIB[D] intent=creep-hit-react family=safety dist=528 hp=62 hits=1 reason=attack'
08/30 16:34:42 [Localization System] CLocalize::FindSafe failed to localize: 'AIB[R] intent=top-arbiter family=state winner=harass:40 losers=hero-over-creep:52,idle-heal:46,emergency-retreat:45,fwd-pullback:44,emergency-kill:43.5'
08/30 16:34:42 [Localization System] CLocalize::FindSafe failed to localize: 'AIB[D] blocked=safety-candidate reason=no_action_capped hp=62 score=44'
08/30 16:34:42 [Localization System] CLocalize::FindSafe failed to localize: 'AIB[R] blocked=fight-candidate reason=no_action_capped hp=81 score=40'
08/30 16:34:42 [Localization System] CLocalize::FindSafe failed to localize: 'AIB[D] intent=tick-owner family=other stage=laning-core'
08/30 16:34:43 [Localization System] CLocalize::FindSafe failed to localize: 'AIB[R] intent=state-desire-fight family=state base=78 hp_adv=8 dist=717 hp=81 ehp=62 reason=enemy_seen score=86'
08/30 16:34:43 [Localization System] CLocalize::FindSafe failed to localize: 'AIB[R] blocked=ability-pressure reason=nothing_castable'
08/30 16:34:43 [Localization System] CLocalize::FindSafe failed to localize: 'AIB[R] intent=hero-contact family=fight dist=717 hp=81 reason=close_enemy'
08/30 16:34:43 [Localization System] CLocalize::FindSafe failed to localize: 'AIB[R] intent=tick-owner family=other stage=desire/fight base=78 hp_adv=8 dist=717 hp=81 ehp=62 reason=enemy_seen score=86'
08/30 16:34:43 [Localization System] CLocalize::FindSafe failed to localize: 'AIB[D] blocked=visual-hold reason=creep_damage held=18.0 hp=62 repeat=1 hard=true'
08/30 16:34:43 [Localization System] CLocalize::FindSafe failed to localize: 'AIB[R] blocked=hero-contact reason=refractory since=0.17'
08/30 16:34:43 [Localization System] CLocalize::FindSafe failed to localize: 'AIB[R] blocked=top-arbiter reason=empty_action winner=fight score=104'
08/30 16:34:44 [Localization System] CLocalize::FindSafe failed to localize: 'AIB[R] t=41s hp=70% gold=169 loc=-626,-494 enemy-dist=565 lh=1 dn=0 dg=-55 dlh=+1 bottle=-1 lvl=1 front=8470 ehp=62'
08/30 16:34:44 [Localization System] CLocalize::FindSafe failed to localize: 'AIB[D] t=41s hp=54% gold=243 loc=-252,-71 enemy-dist=565 lh=3 dn=0 dg=-57 dlh=+1 bottle=-1 lvl=1 front=9640 ehp=62'
08/30 16:34:44 [Localization System] CLocalize::FindSafe failed to localize: 'AIB[R] intent=state-prewave-duel family=safety ttl=2 dist=565 hp=63'
08/30 16:34:45 [Localization System] CLocalize::FindSafe failed to localize: 'AIB[D] intent=tick-owner family=other stage=laning-core'
08/30 16:34:45 [Localization System] CLocalize::FindSafe failed to localize: 'AIB[R] intent=tick-owner family=other stage=laning-core'
08/30 16:34:46 [Localization System] CLocalize::FindSafe failed to localize: 'invalid index'
08/30 16:34:46 [Localization System] CLocalize::FindSafe failed to localize: 'AIB[R] intent=state-prewave-duel family=safety ttl=2 dist=565 hp=56'
08/30 16:34:47 [Localization System] CLocalize::FindSafe failed to localize: 'AIB[R] intent=tick-owner family=other stage=laning-core'
08/30 16:34:47 [Localization System] CLocalize::FindSafe failed to localize: 'AIB[D] intent=tick-owner family=other stage=laning-core'
08/30 16:34:48 [Localization System] CLocalize::FindSafe failed to localize: 'AIB[D] intent=state-prewave-duel family=safety ttl=2 phase=passive_defend dist=595 hp=40'
08/30 16:34:48 [Localization System] CLocalize::FindSafe failed to localize: 'AIB[D] blocked=safety-candidate reason=no_action_capped hp=40 score=44'
08/30 16:34:48 [Localization System] CLocalize::FindSafe failed to localize: 'AIB[D] intent=state-desire-fight family=state base=78 execute=20 dist=675 hp=40 ehp=39 reason=enemy_seen score=98'
08/30 16:34:48 [Localization System] CLocalize::FindSafe failed to localize: 'AIB[D] blocked=ability-pressure reason=nothing_castable'
08/30 16:34:48 [Localization System] CLocalize::FindSafe failed to localize: 'AIB[D] blocked=hero-contact reason=unsafe dist=675 hp=40 tower=false'
08/30 16:34:48 [Localization System] CLocalize::FindSafe failed to localize: 'AIB[D] blocked=hero-pass reason=low_hp hp=40'
08/30 16:34:48 [Localization System] CLocalize::FindSafe failed to localize: 'AIB[D] blocked=top-arbiter reason=empty_action winner=fight score=98'
08/30 16:34:48 [Localization System] CLocalize::FindSafe failed to localize: 'AIB[D] intent=state-desire-recover family=state base=74 hp=40 reason=hp_gate score=74'
08/30 16:34:48 [Localization System] CLocalize::FindSafe failed to localize: 'AIB[D] intent=recovery-policy family=recover action=recover hp=40 gate=55 source=lane-low'
08/30 16:34:48 [Localization System] CLocalize::FindSafe failed to localize: 'AIB[D] intent=top-arbiter family=state winner=recover:74 losers=fight:98,safe-cs:56,hero-over-creep:52,idle-heal:46,emergency-retreat:45'
08/30 16:34:48 [Localization System] CLocalize::FindSafe failed to localize: 'AIB[D] blocked=buy-loop reason=saving target=item_bottle head=item_bottle cost=675 gold=249 left=1'
08/30 16:34:48 [Localization System] CLocalize::FindSafe failed to localize: 'AIB[R] blocked=buy-loop reason=saving target=item_bottle head=item_bottle cost=675 gold=176 left=1'
08/30 16:34:48 [Localization System] CLocalize::FindSafe failed to localize: 'AIB[D] blocked=recover-candidate reason=no_action_capped hp=54 score=44'
08/30 16:34:48 [Localization System] CLocalize::FindSafe failed to localize: 'AIB[D] blocked=hero-over-creep reason=no_target'
08/30 16:34:48 [Localization System] CLocalize::FindSafe failed to localize: 'AIB[D] blocked=emergency-kill reason=no_target'
08/30 16:34:48 [Localization System] CLocalize::FindSafe failed to localize: 'AIB[D] blocked=uphill-repo reason=no_reposition'
08/30 16:34:48 [Localization System] CLocalize::FindSafe failed to localize: 'AIB[D] blocked=harass reason=no_target'
08/30 16:34:48 [Localization System] CLocalize::FindSafe failed to localize: 'AIB[D] blocked=ability-harass reason=nothing_castable'
08/30 16:34:49 [Localization System] CLocalize::FindSafe failed to localize: 'AIB[D] intent=damage-by-source family=other creep=26 tower=0 hero=499 mixed=50 death=0 other=0 stale=0 gaps=0'
08/30 16:34:49 [Localization System] CLocalize::FindSafe failed to localize: 'AIB[D] intent=tick-owner family=other stage=laning-core'
08/30 16:34:49 [Localization System] CLocalize::FindSafe failed to localize: 'AIB[D] intent=recovery-plan family=recover action=back reason=post_fight_regen hp=54'
08/30 16:34:49 [Localization System] CLocalize::FindSafe failed to localize: 'AIB[D] intent=state-recover-xp family=state ttl=5 reason=post_fight_regen hp=54 dist=387'
08/30 16:34:49 [Localization System] CLocalize::FindSafe failed to localize: 'AIB[D] t=46s hp=54% gold=250 loc=-140,-16 enemy-dist=1095 lh=3 dn=0 dg=+7 dlh=+0 bottle=-1 lvl=2 front=9854 ehp=37'
08/30 16:34:49 [Localization System] CLocalize::FindSafe failed to localize: 'AIB[R] t=47s hp=38% gold=178 loc=-1092,-821 enemy-dist=1397 lh=1 dn=0 dg=+9 dlh=+0 bottle=-1 lvl=1 front=7670 ehp=55'
08/30 16:34:49 [Localization System] CLocalize::FindSafe failed to localize: 'AIB[R] intent=damage-by-source family=other creep=0 tower=0 hero=612 mixed=0 death=0 other=0 stale=68 gaps=1'
08/30 16:34:49 [Localization System] CLocalize::FindSafe failed to localize: 'AIB[R] intent=state-desire-safety family=state base=108 creep_dmg=8 hp=38 creep=true hero=false reason=recent_damage score=116'
08/30 16:34:49 [Localization System] CLocalize::FindSafe failed to localize: 'AIB[R] intent=creep-hit-react family=safety dist=664 hp=38 hits=1 reason=edge_attack'
08/30 16:34:49 [Localization System] CLocalize::FindSafe failed to localize: 'AIB[R] intent=top-arbiter family=state winner=safety:116 losers=recover:88,safe-cs:56,hero-over-creep:52,idle-heal:46,emergency-retreat:45'
08/30 16:34:49 [Localization System] CLocalize::FindSafe failed to localize: 'AIB[R] intent=tick-owner family=other stage=desire/safety base=108 creep_dmg=8 hp=38 creep=true hero=false reason=recent_damage score=116'
08/30 16:34:50 [Localization System] CLocalize::FindSafe failed to localize: 'AIB[R] blocked=safety-candidate reason=no_action_capped hp=38 score=44'
08/30 16:34:50 [Localization System] CLocalize::FindSafe failed to localize: 'AIB[R] intent=state-desire-recover family=state base=74 danger=28 creep_dmg=-14 hp=38 reason=hp_gate score=88'
08/30 16:34:50 [Localization System] CLocalize::FindSafe failed to localize: 'AIB[R] intent=recovery-policy family=recover action=recover hp=38 gate=55 source=lane-low'
08/30 16:34:50 [Localization System] CLocalize::FindSafe failed to localize: 'AIB[D] intent=top-arbiter family=state winner=anti-idle:2 losers=safe-cs:56,hero-over-creep:52,idle-heal:46,emergency-retreat:45,fwd-pullback:44'
08/30 16:34:50 [Localization System] CLocalize::FindSafe failed to localize: 'AIB[R] blocked=recover-candidate reason=no_action_capped hp=38 score=44'
08/30 16:34:50 [Localization System] CLocalize::FindSafe failed to localize: 'AIB[R] blocked=hero-over-creep reason=no_target'
08/30 16:34:51 [Localization System] CLocalize::FindSafe failed to localize: 'AIB[D] intent=tick-owner family=other stage=desire/anti-idle reason=ready score=2 band=idle'
08/30 16:34:51 [Localization System] CLocalize::FindSafe failed to localize: 'AIB[D] blocked=wave-watch reason=not_finishable creep_hp=509 dist=760 idle=10'
08/30 16:34:51 [Localization System] CLocalize::FindSafe failed to localize: 'AIB[R] intent=top-arbiter family=state winner=idle-heal:46 losers=safe-cs:56,hero-over-creep:52,emergency-retreat:45,fwd-pullback:44,emergency-kill:43.5'
08/30 16:34:51 [Localization System] CLocalize::FindSafe failed to localize: 'AIB[R] blocked=emergency-kill reason=no_target'
08/30 16:34:51 [Localization System] CLocalize::FindSafe failed to localize: 'AIB[R] blocked=uphill-repo reason=low_hp_hold'
08/30 16:34:51 [Localization System] CLocalize::FindSafe failed to localize: 'AIB[R] blocked=harass reason=own_heal_running'
08/30 16:34:51 [Localization System] CLocalize::FindSafe failed to localize: 'AIB[R] blocked=ability-harass reason=nothing_castable'
08/30 16:34:51 [Localization System] CLocalize::FindSafe failed to localize: 'AIB[D] intent=top-arbiter family=state winner=wave-watch:10 losers=hero-over-creep:52,idle-heal:46,emergency-retreat:45,fwd-pullback:44,emergency-kill:43.5'
08/30 16:34:52 [Localization System] CLocalize::FindSafe failed to localize: 'AIB[R] intent=tick-owner family=other stage=laning-core'
08/30 16:34:52 [Localization System] CLocalize::FindSafe failed to localize: 'AIB[D] blocked=hero-over-creep reason=no_target'
08/30 16:34:52 [Localization System] CLocalize::FindSafe failed to localize: 'AIB[D] blocked=emergency-kill reason=no_target'
08/30 16:34:52 [Localization System] CLocalize::FindSafe failed to localize: 'AIB[D] blocked=uphill-repo reason=no_reposition'
08/30 16:34:52 [Localization System] CLocalize::FindSafe failed to localize: 'AIB[D] blocked=harass reason=no_target'
08/30 16:34:52 [Localization System] CLocalize::FindSafe failed to localize: 'AIB[D] blocked=ability-harass reason=nothing_castable'
08/30 16:34:52 [Localization System] CLocalize::FindSafe failed to localize: 'AIB[R] blocked=uphill-repo reason=no_reposition'
08/30 16:34:52 [Localization System] CLocalize::FindSafe failed to localize: 'AIB[D] intent=own-ranged-lead family=other lead=228 count=3'
08/30 16:34:52 [Localization System] CLocalize::FindSafe failed to localize: 'AIB[R] blocked=uphill-repo reason=not_trading'
08/30 16:34:53 [Localization System] CLocalize::FindSafe failed to localize: 'AIB[R] intent=top-arbiter family=state winner=wave-watch:10 losers=safe-cs:56,hero-over-creep:52,idle-heal:46,emergency-retreat:45,fwd-pullback:44'
08/30 16:34:53 [Localization System] CLocalize::FindSafe failed to localize: 'AIB[D] intent=tick-owner family=other stage=laning-core'
08/30 16:34:53 [Localization System] CLocalize::FindSafe failed to localize: 'AIB[D] intent=top-arbiter family=state winner=wave-watch:10 losers=hero-over-creep:52,idle-heal:46,emergency-retreat:45,fwd-pullback:44,emergency-kill:43.5'
08/30 16:34:53 [Localization System] CLocalize::FindSafe failed to localize: 'AIB[D] intent=channel-interrupt family=fight dist=1062 hp=57 kind=heal reason=enemy_heal'
08/30 16:34:53 [Localization System] CLocalize::FindSafe failed to localize: 'AIB[R] blocked=hero-over-creep reason=no_target'
08/30 16:34:54 [Localization System] CLocalize::FindSafe failed to localize: 'AIB[R] intent=tick-owner family=other stage=laning-core'
08/30 16:34:54 [Localization System] CLocalize::FindSafe failed to localize: 'AIB[R] blocked=fight-candidate reason=no_action_capped hp=58 score=40'
08/30 16:34:54 [Localization System] CLocalize::FindSafe failed to localize: 'AIB[R] intent=state-desire-last-hit family=farm dist=337 reason=killable_creep score=140'
08/30 16:34:54 [Localization System] CLocalize::FindSafe failed to localize: 'AIB[D] t=51s hp=57% gold=258 loc=-548,-339 enemy-dist=566 lh=3 dn=0 dg=+8 dlh=+0 bottle=-1 lvl=2 front=10256 ehp=59'
08/30 16:34:54 [Localization System] CLocalize::FindSafe failed to localize: 'AIB[R] intent=top-arbiter family=state winner=creep-work:38.6 losers=hero-over-creep:52,idle-heal:46,emergency-retreat:45,fwd-pullback:44,emergency-kill:43.5'
08/30 16:34:55 [Localization System] CLocalize::FindSafe failed to localize: 'AIB[R] t=52s hp=62% gold=186 loc=-935,-751 enemy-dist=566 lh=1 dn=0 dg=+8 dlh=+0 bottle=-1 lvl=1 front=8233 ehp=57'
08/30 16:34:55 [Localization System] CLocalize::FindSafe failed to localize: 'AIB[R] blocked=emergency-kill reason=no_target'
08/30 16:34:55 [Localization System] CLocalize::FindSafe failed to localize: 'invalid index'
08/30 16:34:55 [Localization System] CLocalize::FindSafe failed to localize: 'AIB[D] intent=tick-owner family=other stage=laning-core'
08/30 16:34:55 [Localization System] CLocalize::FindSafe failed to localize: 'AIB[D] intent=state-desire-fight family=state base=78 range=18 execute=20 dist=566 hp=58 ehp=58 reason=enemy_seen score=116'
08/30 16:34:55 [Localization System] CLocalize::FindSafe failed to localize: 'AIB[D] blocked=ability-pressure reason=nothing_castable'
08/30 16:34:55 [Localization System] CLocalize::FindSafe failed to localize: 'AIB[D] intent=hero-contact family=fight dist=566 hp=58 reason=attackable_enemy'
08/30 16:34:55 [Localization System] CLocalize::FindSafe failed to localize: 'AIB[D] intent=top-arbiter family=state winner=fight:116 losers=hero-over-creep:52,idle-heal:46,emergency-retreat:45,fwd-pullback:44,emergency-kill:43.5'
08/30 16:34:55 [Localization System] CLocalize::FindSafe failed to localize: 'AIB[R] intent=state-desire-fight family=state base=78 range=18 dist=566 hp=59 ehp=58 reason=enemy_seen score=96'
08/30 16:34:55 [Localization System] CLocalize::FindSafe failed to localize: 'AIB[R] blocked=ability-pressure reason=nothing_castable'
08/30 16:34:55 [Localization System] CLocalize::FindSafe failed to localize: 'AIB[R] intent=hero-contact family=fight dist=566 hp=59 reason=attackable_enemy'
08/30 16:34:55 [Localization System] CLocalize::FindSafe failed to localize: 'AIB[D] blocked=hero-contact reason=refractory since=0.13'
08/30 16:34:55 [Localization System] CLocalize::FindSafe failed to localize: 'AIB[D] intent=hero-pass family=fight dist=566 hp=58 reason=nearby_enemy'
08/30 16:34:55 [Localization System] CLocalize::FindSafe failed to localize: 'AIB[R] blocked=hero-contact reason=refractory since=0.13'
08/30 16:34:55 [Localization System] CLocalize::FindSafe failed to localize: 'AIB[R] intent=hero-pass family=fight dist=566 hp=59 reason=nearby_enemy'
08/30 16:34:55 [Localization System] CLocalize::FindSafe failed to localize: 'AIB[D] blocked=top-arbiter reason=empty_action winner=fight score=134'
08/30 16:34:55 [Localization System] CLocalize::FindSafe failed to localize: 'AIB[R] blocked=top-arbiter reason=empty_action winner=fight score=114'
08/30 16:34:56 [Localization System] CLocalize::FindSafe failed to localize: 'AIB[R] intent=tick-owner family=other stage=laning-core'
08/30 16:34:56 [Localization System] CLocalize::FindSafe failed to localize: 'AIB[R] intent=top-arbiter family=state winner=fight:96 losers=hero-over-creep:52,idle-heal:46,emergency-retreat:45,fwd-pullback:44,emergency-kill:43.5'
08/30 16:34:56 [Localization System] CLocalize::FindSafe failed to localize: 'AIB[D] blocked=buy-loop reason=saving target=item_bottle head=item_bottle cost=675 gold=261 left=1'
08/30 16:34:56 [Localization System] CLocalize::FindSafe failed to localize: 'AIB[R] blocked=buy-loop reason=saving target=item_bottle head=item_bottle cost=675 gold=188 left=1'
08/30 16:34:56 [Localization System] CLocalize::FindSafe failed to localize: 'AIB[D] blocked=hero-over-creep reason=no_target'
08/30 16:34:56 [Localization System] CLocalize::FindSafe failed to localize: 'AIB[D] blocked=recovery-buy reason=flask_in_inventory hp=58'
08/30 16:34:56 [Localization System] CLocalize::FindSafe failed to localize: 'AIB[D] blocked=emergency-kill reason=no_target'
08/30 16:34:56 [Localization System] CLocalize::FindSafe failed to localize: 'AIB[D] blocked=uphill-repo reason=no_reposition'
08/30 16:34:56 [Localization System] CLocalize::FindSafe failed to localize: 'AIB[D] intent=melee-pack-space family=safety count=3 dist=336'
08/30 16:34:56 [Localization System] CLocalize::FindSafe failed to localize: 'AIB[D] intent=state-desire-safety family=state base=108 creep_dmg=8 hp=56 creep=true hero=false reason=recent_damage score=116'
08/30 16:34:56 [Localization System] CLocalize::FindSafe failed to localize: 'AIB[D] blocked=creep-hit-react reason=inside_melee_pack count=3 dist=159 hp=56'
08/30 16:34:56 [Localization System] CLocalize::FindSafe failed to localize: 'AIB[D] intent=creep-hit-react family=safety dist=159 hp=56 hits=1 reason=edge_attack'
08/30 16:34:56 [Localization System] CLocalize::FindSafe failed to localize: 'AIB[D] blocked=safety-candidate reason=no_action_capped hp=54 score=44'
08/30 16:34:56 [Localization System] CLocalize::FindSafe failed to localize: 'AIB[D] blocked=recover-candidate reason=no_action_capped hp=54 score=44'
08/30 16:34:56 [Localization System] CLocalize::FindSafe failed to localize: 'AIB[D] blocked=harass reason=no_target'
08/30 16:34:56 [Localization System] CLocalize::FindSafe failed to localize: 'AIB[D] blocked=ability-harass reason=nothing_castable'
08/30 16:34:56 [Localization System] CLocalize::FindSafe failed to localize: 'AIB[D] blocked=wave-watch reason=not_finishable creep_hp=192 dist=176 idle=16'
08/30 16:34:57 [Localization System] CLocalize::FindSafe failed to localize: 'AIB[D] intent=top-arbiter family=state winner=wave-watch:10 losers=safe-cs:56,hero-over-creep:52,idle-heal:46,emergency-retreat:45,fwd-pullback:44'
08/30 16:34:57 [Localization System] CLocalize::FindSafe failed to localize: 'AIB[R] intent=state-desire-fight family=state base=78 hp_adv=8 execute=20 dist=667 hp=62 ehp=47 hyst=18 reason=enemy_seen score=124'
08/30 16:34:57 [Localization System] CLocalize::FindSafe failed to localize: 'AIB[R] blocked=hero-over-creep reason=no_target'
08/30 16:34:57 [Localization System] CLocalize::FindSafe failed to localize: 'AIB[R] blocked=recovery-buy reason=budget_cap hp=62 gold=189 count=2 allow=2'
08/30 16:34:57 [Localization System] CLocalize::FindSafe failed to localize: 'AIB[R] blocked=uphill-repo reason=no_reposition'
08/30 16:34:57 [Localization System] CLocalize::FindSafe failed to localize: 'AIB[R] intent=melee-pack-space family=safety count=3 dist=368'
08/30 16:34:57 [Localization System] CLocalize::FindSafe failed to localize: 'AIB[D] intent=state-desire-fight family=state base=78 execute=20 dist=697 hp=47 ehp=60 reason=enemy_seen score=98'
08/30 16:34:57 [Localization System] CLocalize::FindSafe failed to localize: 'AIB[R] intent=state-desire-safety family=state base=108 creep_dmg=8 hp=60 creep=true hero=false reason=recent_damage score=116'
08/30 16:34:57 [Localization System] CLocalize::FindSafe failed to localize: 'AIB[R] blocked=creep-hit-react reason=inside_melee_pack count=3 dist=87 hp=60'
08/30 16:34:57 [Localization System] CLocalize::FindSafe failed to localize: 'AIB[R] intent=creep-hit-react family=safety dist=87 hp=60 hits=1 reason=edge_attack'
08/30 16:34:57 [Localization System] CLocalize::FindSafe failed to localize: 'AIB[D] blocked=creep-aggro reason=hero_trading hp=45 hits=1'
08/30 16:34:57 [Localization System] CLocalize::FindSafe failed to localize: 'AIB[D] intent=arbiter family=fight winner=creep-aggro:95 losers=hero-pass:60'
08/30 16:34:57 [Localization System] CLocalize::FindSafe failed to localize: 'AIB[D] intent=creep-aggro family=safety hp=45 dest=276,405 reason=recent_creep_damage'
08/30 16:34:57 [Localization System] CLocalize::FindSafe failed to localize: 'AIB[D] intent=tick-owner family=other stage=laning-core'
08/30 16:34:57 [Localization System] CLocalize::FindSafe failed to localize: 'AIB[R] blocked=safety-candidate reason=no_action_capped hp=58 score=44'
08/30 16:34:57 [Localization System] CLocalize::FindSafe failed to localize: 'AIB[R] blocked=fight-candidate reason=no_action_capped hp=58 score=40'
08/30 16:34:57 [Localization System] CLocalize::FindSafe failed to localize: 'AIB[R] blocked=uphill-repo reason=not_trading'
08/30 16:34:57 [Localization System] CLocalize::FindSafe failed to localize: 'AIB[R] blocked=hero-prio-chase reason=lane_work dist=778 cs=false creep=true hp_adv=false kill_pressure=false close=false low_farm=false lane_override=false'
08/30 16:34:57 [Localization System] CLocalize::FindSafe failed to localize: 'AIB[R] blocked=harass reason=no_target'
08/30 16:34:57 [Localization System] CLocalize::FindSafe failed to localize: 'AIB[R] intent=top-arbiter family=state winner=creep-work:38.6 losers=hero-over-creep:52,idle-heal:46,emergency-retreat:45,fwd-pullback:44,emergency-kill:43.5'
08/30 16:34:57 [Localization System] CLocalize::FindSafe failed to localize: 'AIB[D] intent=state-desire-recover family=state base=74 creep_dmg=-14 hp=45 reason=hp_gate score=60'
08/30 16:34:57 [Localization System] CLocalize::FindSafe failed to localize: 'AIB[D] intent=recovery-policy family=recover action=recover hp=45 gate=55 source=lane-low'
08/30 16:34:57 [Localization System] CLocalize::FindSafe failed to localize: 'AIB[D] intent=state-recover-xp family=state ttl=2 reason=regen_lane hp=45 dist=271'
08/30 16:34:58 [Localization System] CLocalize::FindSafe failed to localize: 'AIB[R] intent=tick-owner family=other stage=laning-core'
08/30 16:34:58 [Localization System] CLocalize::FindSafe failed to localize: 'AIB[R] blocked=emergency-kill reason=no_target'
08/30 16:34:58 [Localization System] CLocalize::FindSafe failed to localize: 'AIB[D] intent=recovery-plan family=recover action=flask reason=inventory hp=45'
08/30 16:34:58 [Localization System] CLocalize::FindSafe failed to localize: 'AIB[R] blocked=channel-interrupt reason=unsafe dist=1100 hp=54 kind=heal'
08/30 16:34:58 [Localization System] CLocalize::FindSafe failed to localize: 'AIB[R] blocked=recover-candidate reason=no_action_capped hp=54 score=44'
08/30 16:34:58 [Localization System] CLocalize::FindSafe failed to localize: 'AIB[D] intent=recovery-owner family=recover band=caution threat=true mode=safe-step hp=46'
08/30 16:34:58 [Localization System] CLocalize::FindSafe failed to localize: 'AIB[D] blocked=creep-hit-react reason=recovery_commit hp=47 band=caution'
08/30 16:34:58 [Localization System] CLocalize::FindSafe failed to localize: 'AIB[D] blocked=uphill-repo reason=motor_busy'
08/30 16:34:58 [Localization System] CLocalize::FindSafe failed to localize: 'AIB[D] intent=top-arbiter family=state winner=wave-watch:10 losers=safe-cs:56,hero-over-creep:52,idle-heal:46,emergency-retreat:45,fwd-pullback:44'
08/30 16:34:59 [Localization System] CLocalize::FindSafe failed to localize: 'AIB[R] intent=state-desire-safety family=state base=108 creep_dmg=8 hp=55 creep=true hero=false hyst=18 reason=recent_damage score=134'
08/30 16:34:59 [Localization System] CLocalize::FindSafe failed to localize: 'AIB[R] intent=creep-hit-react family=safety dist=144 hp=55 hits=3 reason=edge_attack'
08/30 16:34:59 [Localization System] CLocalize::FindSafe failed to localize: 'AIB[D] blocked=harass reason=own_heal_running'
08/30 16:34:59 Script function 'Think' on bot npc_dota_hero_nevermore took 2.130ms
08/30 16:34:59 [Localization System] CLocalize::FindSafe failed to localize: 'AIB[R] intent=top-arbiter family=state winner=creep-work:38.6 losers=hero-over-creep:52,idle-heal:46,emergency-retreat:45,fwd-pullback:44,emergency-kill:43.5'
08/30 16:34:59 [Localization System] CLocalize::FindSafe failed to localize: 'AIB[D] intent=tick-owner family=other stage=laning-core'
08/30 16:34:59 [Localization System] CLocalize::FindSafe failed to localize: 'AIB[D] t=56s hp=52% gold=266 loc=-233,-88 enemy-dist=1067 lh=3 dn=0 dg=+8 dlh=+0 bottle=-1 lvl=2 front=10583 ehp=54'
08/30 16:34:59 [Localization System] CLocalize::FindSafe failed to localize: 'AIB[D] blocked=hero-over-creep reason=no_target'
08/30 16:34:59 [Localization System] CLocalize::FindSafe failed to localize: 'AIB[D] blocked=emergency-kill reason=no_target'
08/30 16:34:59 [Localization System] CLocalize::FindSafe failed to localize: 'AIB[D] blocked=uphill-repo reason=no_reposition'
08/30 16:35:00 [Localization System] CLocalize::FindSafe failed to localize: 'AIB[R] t=57s hp=53% gold=193 loc=-995,-848 enemy-dist=1077 lh=1 dn=0 dg=+7 dlh=+0 bottle=-1 lvl=2 front=8592 ehp=54'
08/30 16:35:00 [Localization System] CLocalize::FindSafe failed to localize: 'AIB[R] blocked=hero-over-creep reason=no_target'
08/30 16:35:00 [Localization System] CLocalize::FindSafe failed to localize: 'AIB[R] intent=melee-pack-space family=safety count=3 dist=245'
08/30 16:35:00 [Localization System] CLocalize::FindSafe failed to localize: 'AIB[R] intent=tick-owner family=other stage=desire/ranged-spacing reason=ready score=41 band=lanework'
08/30 16:35:00 [Localization System] CLocalize::FindSafe failed to localize: 'AIB[D] intent=top-arbiter family=state winner=creep-work:38.8 losers=hero-over-creep:52,idle-heal:46,emergency-retreat:45,fwd-pullback:44,emergency-kill:43.5'
08/30 16:35:00 [Localization System] CLocalize::FindSafe failed to localize: 'AIB[D] intent=state-desire-last-hit family=farm dist=405 reason=killable_creep score=140'
08/30 16:35:00 [Localization System] CLocalize::FindSafe failed to localize: 'AIB[R] intent=state-desire-safety family=state base=108 creep_dmg=8 hp=54 creep=true hero=false hyst=18 reason=recent_damage score=134'
08/30 16:35:00 [Localization System] CLocalize::FindSafe failed to localize: 'AIB[R] blocked=creep-hit-react reason=inside_melee_pack count=3 dist=169 hp=54'
08/30 16:35:00 [Localization System] CLocalize::FindSafe failed to localize: 'AIB[R] intent=creep-hit-react family=safety dist=169 hp=54 hits=5 reason=edge_attack'
08/30 16:35:00 [Localization System] CLocalize::FindSafe failed to localize: 'AIB[D] blocked=ability-harass reason=nothing_castable'
08/30 16:35:00 [Localization System] CLocalize::FindSafe failed to localize: 'AIB[D] intent=wave-watch-work family=other lh=3 idle=20 creep_hp=50 dist=405'
08/30 16:35:00 [Localization System] CLocalize::FindSafe failed to localize: 'AIB[R] blocked=safety-candidate reason=no_action_capped hp=52 score=44'
08/30 16:35:00 [Localization System] CLocalize::FindSafe failed to localize: 'AIB[R] blocked=hero-prio-chase reason=lane_work dist=1148 cs=false creep=true hp_adv=false kill_pressure=false close=false low_farm=false lane_override=false'
08/30 16:35:00 [Localization System] CLocalize::FindSafe failed to localize: 'AIB[R] blocked=harass reason=no_target'
08/30 16:35:01 [Localization System] CLocalize::FindSafe failed to localize: 'AIB[R] intent=top-arbiter family=state winner=creep-work:38.6 losers=safe-cs:56,hero-over-creep:52,idle-heal:46,emergency-retreat:45,fwd-pullback:44'
08/30 16:35:01 [Localization System] CLocalize::FindSafe failed to localize: 'AIB[R] blocked=recover-candidate reason=no_action_capped hp=51 score=44'
08/30 16:35:01 [Localization System] CLocalize::FindSafe failed to localize: 'AIB[R] blocked=emergency-kill reason=no_target'
08/30 16:35:01 [Localization System] CLocalize::FindSafe failed to localize: 'AIB[D] intent=tick-owner family=other stage=laning-core'
08/30 16:35:01 [Localization System] CLocalize::FindSafe failed to localize: 'AIB[R] blocked=uphill-repo reason=not_trading'
08/30 16:35:01 [Localization System] CLocalize::FindSafe failed to localize: 'AIB[R] intent=melee-pack-space family=safety count=3 dist=219'
08/30 16:35:01 [Localization System] CLocalize::FindSafe failed to localize: 'AIB[D] intent=top-arbiter family=state winner=wave-watch:10 losers=hero-over-creep:52,idle-heal:46,emergency-retreat:45,fwd-pullback:44,emergency-kill:43.5'
08/30 16:35:02 [Localization System] CLocalize::FindSafe failed to localize: 'AIB[D] blocked=siege reason=desire_or_hp hp=65 adv=false'
08/30 16:35:02 [Localization System] CLocalize::FindSafe failed to localize: 'AIB[D] intent=tower-opportunity family=siege result=blocked_desire_or_hp wave=2 hp=65 adv=false'
08/30 16:35:02 [Localization System] CLocalize::FindSafe failed to localize: 'AIB[R] intent=state-desire-safety family=state base=108 creep_dmg=8 hp=50 creep=true hero=false hyst=18 reason=recent_damage score=134'
08/30 16:35:02 [Localization System] CLocalize::FindSafe failed to localize: 'AIB[R] intent=creep-hit-react family=safety dist=158 hp=50 hits=7 reason=edge_attack'
08/30 16:35:02 [Localization System] CLocalize::FindSafe failed to localize: 'AIB[R] intent=tick-owner family=other stage=laning-core'
08/30 16:35:02 [Localization System] CLocalize::FindSafe failed to localize: 'AIB[R] blocked=uphill-repo reason=no_reposition'
08/30 16:35:02 [Localization System] CLocalize::FindSafe failed to localize: 'AIB[R] intent=top-arbiter family=state winner=creep-work:38.6 losers=safe-cs:56,hero-over-creep:52,idle-heal:46,emergency-retreat:45,fwd-pullback:44'
08/30 16:35:02 [Localization System] CLocalize::FindSafe failed to localize: 'AIB[D] blocked=hero-over-creep reason=no_target'
08/30 16:35:02 [Localization System] CLocalize::FindSafe failed to localize: 'AIB[D] blocked=emergency-kill reason=no_target'
08/30 16:35:02 [Localization System] CLocalize::FindSafe failed to localize: 'AIB[D] blocked=visual-hold reason=creep_in_range held=2.1 hp=69 repeat=1 hard=false'
08/30 16:35:02 [Localization System] CLocalize::FindSafe failed to localize: 'AIB[D] blocked=uphill-repo reason=no_reposition'
08/30 16:35:03 [Localization System] CLocalize::FindSafe failed to localize: 'AIB[D] blocked=harass reason=own_heal_running'
08/30 16:35:03 [Localization System] CLocalize::FindSafe failed to localize: 'AIB[D] intent=state-siege-window family=siege ttl=2 wave=2 tower=1861 hp=71 adv=true'
08/30 16:35:03 [Localization System] CLocalize::FindSafe failed to localize: 'AIB[D] blocked=siege reason=healing tower=1861 tank=true'
08/30 16:35:03 [Localization System] CLocalize::FindSafe failed to localize: 'AIB[D] intent=top-arbiter family=state winner=wave-watch:10 losers=hero-over-creep:52,idle-heal:46,emergency-retreat:45,fwd-pullback:44,emergency-kill:43.5'
08/30 16:35:03 [Localization System] CLocalize::FindSafe failed to localize: 'AIB[D] intent=tick-owner family=other stage=laning-core'
08/30 16:35:03 [Localization System] CLocalize::FindSafe failed to localize: 'AIB[D] blocked=ability-harass reason=nothing_castable'
08/30 16:35:04 [Localization System] CLocalize::FindSafe failed to localize: 'AIB[D] intent=damage-by-source family=other creep=66 tower=0 hero=499 mixed=94 death=0 other=0 stale=0 gaps=0'
08/30 16:35:04 [Localization System] CLocalize::FindSafe failed to localize: 'AIB[D] blocked=buy-loop reason=saving target=item_bottle head=item_bottle cost=675 gold=308 left=1'
08/30 16:35:04 [Localization System] CLocalize::FindSafe failed to localize: 'AIB[R] blocked=buy-loop reason=saving target=item_bottle head=item_bottle cost=675 gold=200 left=1'
08/30 16:35:04 [Localization System] CLocalize::FindSafe failed to localize: 'AIB[D] t=61s hp=79% gold=308 loc=-394,-227 enemy-dist=1512 lh=4 dn=0 dg=+42 dlh=+1 bottle=-1 lvl=2 front=10711 ehp=55'
08/30 16:35:04 [Localization System] CLocalize::FindSafe failed to localize: 'AIB[D] intent=melee-pack-space family=safety count=2 dist=121'
08/30 16:35:04 [Localization System] CLocalize::FindSafe failed to localize: 'AIB[R] blocked=hero-over-creep reason=no_target'
08/30 16:35:04 [Localization System] CLocalize::FindSafe failed to localize: 'AIB[R] blocked=emergency-kill reason=no_target'
08/30 16:35:04 [Localization System] CLocalize::FindSafe failed to localize: 'AIB[R] blocked=harass reason=no_target'
08/30 16:35:04 [Localization System] CLocalize::FindSafe failed to localize: 'AIB[R] intent=top-arbiter family=state winner=creep-work:38.6 losers=hero-over-creep:52,idle-heal:46,emergency-retreat:45,fwd-pullback:44,emergency-kill:43.5'
08/30 16:35:04 [Localization System] CLocalize::FindSafe failed to localize: 'AIB[R] intent=tick-owner family=other stage=desire/creep-work reason=ready score=39 band=lanework'
08/30 16:35:05 [Localization System] CLocalize::FindSafe failed to localize: 'AIB[R] intent=damage-by-source family=other creep=106 tower=0 hero=650 mixed=0 death=0 other=0 stale=68 gaps=1'
08/30 16:35:05 [Localization System] CLocalize::FindSafe failed to localize: 'AIB[D] intent=top-arbiter family=state winner=creep-work:38.8 losers=hero-over-creep:52,idle-heal:46,emergency-retreat:45,fwd-pullback:44,emergency-kill:43.5'
08/30 16:35:05 [Localization System] CLocalize::FindSafe failed to localize: 'AIB[R] t=62s hp=56% gold=201 loc=-1495,-1196 enemy-dist=1557 lh=1 dn=0 dg=+8 dlh=+0 bottle=-1 lvl=2 front=8592 ehp=81'
08/30 16:35:05 [Localization System] CLocalize::FindSafe failed to localize: 'AIB[D] intent=state-siege-window family=siege ttl=2 wave=2 tower=1740 hp=82 adv=true'
08/30 16:35:05 [Localization System] CLocalize::FindSafe failed to localize: 'AIB[R] intent=melee-pack-space family=safety count=2 dist=151'
08/30 16:35:05 [Localization System] CLocalize::FindSafe failed to localize: 'AIB[R] blocked=hero-prio-chase reason=lane_work dist=1471 cs=true creep=true hp_adv=false kill_pressure=false close=false low_farm=false lane_override=false'
08/30 16:35:05 [Localization System] CLocalize::FindSafe failed to localize: 'AIB[R] blocked=ability-harass reason=nothing_castable'
08/30 16:35:05 [Localization System] CLocalize::FindSafe failed to localize: 'AIB[R] intent=wave-watch-work family=other lh=1 idle=13 creep_hp=99 dist=527'
08/30 16:35:05 [Localization System] CLocalize::FindSafe failed to localize: 'AIB[D] intent=tick-owner family=other stage=laning-core'
08/30 16:35:05 [Localization System] CLocalize::FindSafe failed to localize: 'AIB[R] blocked=uphill-repo reason=no_reposition'
08/30 16:35:05 [Localization System] CLocalize::FindSafe failed to localize: 'AIB[D] blocked=hero-over-creep reason=no_target'
08/30 16:35:05 [Localization System] CLocalize::FindSafe failed to localize: 'AIB[D] blocked=emergency-kill reason=no_target'
08/30 16:35:05 [Localization System] CLocalize::FindSafe failed to localize: 'AIB[R] intent=state-desire-last-hit family=farm dist=527 reason=killable_creep score=140'
08/30 16:35:06 [Localization System] CLocalize::FindSafe failed to localize: 'AIB[D] blocked=uphill-repo reason=no_reposition'
08/30 16:35:06 [Localization System] CLocalize::FindSafe failed to localize: 'AIB[D] intent=tower-opportunity family=siege result=blocked_healing wave=2 tower=1658'
08/30 16:35:06 [Localization System] CLocalize::FindSafe failed to localize: 'AIB[R] intent=top-arbiter family=state winner=wave-watch:10 losers=hero-over-creep:52,idle-heal:46,emergency-retreat:45,fwd-pullback:44,emergency-kill:43.5'
08/30 16:35:06 [Localization System] CLocalize::FindSafe failed to localize: 'AIB[D] intent=top-arbiter family=state winner=wave-watch:10 losers=hero-over-creep:52,idle-heal:46,emergency-retreat:45,fwd-pullback:44,emergency-kill:43.5'
08/30 16:35:06 [Localization System] CLocalize::FindSafe failed to localize: 'AIB[D] intent=state-desire-safety family=state base=108 creep_dmg=8 hp=87 creep=true hero=false reason=recent_damage score=116'
08/30 16:35:06 [Localization System] CLocalize::FindSafe failed to localize: 'AIB[D] intent=creep-hit-react family=safety dist=40 hp=87 hits=1 reason=attack'
08/30 16:35:06 [Localization System] CLocalize::FindSafe failed to localize: 'AIB[R] intent=tick-owner family=other stage=laning-core'
08/30 16:35:06 [Localization System] CLocalize::FindSafe failed to localize: 'AIB[D] blocked=safety-candidate reason=no_action_capped hp=88 score=44'
08/30 16:35:06 [Localization System] CLocalize::FindSafe failed to localize: 'AIB[D] blocked=ability-harass reason=nothing_castable'
08/30 16:35:07 [Localization System] CLocalize::FindSafe failed to localize: 'AIB[D] intent=wave-watch-work family=other lh=4 idle=6 creep_hp=90 dist=838'
08/30 16:35:07 [Localization System] CLocalize::FindSafe failed to localize: 'AIB[D] blocked=harass reason=own_heal_running'
08/30 16:35:07 [Localization System] CLocalize::FindSafe failed to localize: 'AIB[D] blocked=wave-watch reason=step_hold dist=797'
08/30 16:35:07 [Localization System] CLocalize::FindSafe failed to localize: 'AIB[R] blocked=uphill-repo reason=not_trading'
08/30 16:35:07 [Localization System] CLocalize::FindSafe failed to localize: 'AIB[R] blocked=visual-hold reason=creep_in_range held=2.1 hp=60 repeat=1 hard=false'
08/30 16:35:07 [Localization System] CLocalize::FindSafe failed to localize: 'AIB[D] intent=melee-pack-space family=safety count=2 dist=218'
08/30 16:35:07 [Localization System] CLocalize::FindSafe failed to localize: 'AIB[D] intent=tick-owner family=other stage=desire/ranged-spacing reason=ready score=41 band=lanework'
08/30 16:35:07 [Localization System] CLocalize::FindSafe failed to localize: 'AIB[R] blocked=hero-over-creep reason=no_target'
08/30 16:35:07 [Localization System] CLocalize::FindSafe failed to localize: 'AIB[R] intent=top-arbiter family=state winner=idle-heal:46 losers=hero-over-creep:52,emergency-retreat:45,fwd-pullback:44,emergency-kill:43.5,uphill:43'
08/30 16:35:08 [Localization System] CLocalize::FindSafe failed to localize: 'AIB[D] intent=top-arbiter family=state winner=creep-work:38.8 losers=hero-over-creep:52,idle-heal:46,emergency-retreat:45,fwd-pullback:44,emergency-kill:43.5'
08/30 16:35:08 [Localization System] CLocalize::FindSafe failed to localize: 'AIB[D] intent=state-desire-safety family=state base=108 creep_dmg=8 hp=94 creep=true hero=false hyst=18 reason=recent_damage score=134'
08/30 16:35:08 [Localization System] CLocalize::FindSafe failed to localize: 'AIB[D] intent=creep-hit-react family=safety dist=246 hp=94 hits=3 reason=attack'
08/30 16:35:08 [Localization System] CLocalize::FindSafe failed to localize: 'AIB[D] intent=state-desire-last-hit family=farm dist=564 reason=killable_creep score=140'
08/30 16:35:09 [Localization System] CLocalize::FindSafe failed to localize: 'AIB[R] intent=tick-owner family=other stage=laning-core'
08/30 16:35:09 [Localization System] CLocalize::FindSafe failed to localize: 'AIB[R] blocked=emergency-kill reason=no_target'
08/30 16:35:09 [Localization System] CLocalize::FindSafe failed to localize: 'AIB[R] blocked=hero-prio-chase reason=lane_work dist=1188 cs=false creep=false hp_adv=false kill_pressure=false close=false low_farm=false lane_override=false'
08/30 16:35:09 [Localization System] CLocalize::FindSafe failed to localize: 'AIB[R] blocked=harass reason=no_target'
08/30 16:35:09 [Localization System] CLocalize::FindSafe failed to localize: 'AIB[R] blocked=ability-harass reason=nothing_castable'
08/30 16:35:09 [Localization System] CLocalize::FindSafe failed to localize: 'AIB[R] intent=top-arbiter family=state winner=wave-watch:10 losers=hero-over-creep:52,idle-heal:46,emergency-retreat:45,fwd-pullback:44,emergency-kill:43.5'
08/30 16:35:09 [Localization System] CLocalize::FindSafe failed to localize: 'AIB[D] blocked=hero-over-creep reason=no_target'
08/30 16:35:09 [Localization System] CLocalize::FindSafe failed to localize: 'AIB[D] blocked=emergency-kill reason=no_target'
08/30 16:35:09 [Localization System] CLocalize::FindSafe failed to localize: 'AIB[D] blocked=uphill-repo reason=no_reposition'
08/30 16:35:09 [Localization System] CLocalize::FindSafe failed to localize: 'AIB[D] intent=melee-pack-space family=safety count=2 dist=304'
08/30 16:35:09 [Localization System] CLocalize::FindSafe failed to localize: 'AIB[D] intent=top-arbiter family=state winner=ranged-spacing:41 losers=hero-over-creep:52,idle-heal:46,emergency-retreat:45,fwd-pullback:44,emergency-kill:43.5'
08/30 16:35:09 [Localization System] CLocalize::FindSafe failed to localize: 'AIB[R] blocked=channel-interrupt reason=unsafe dist=1060 hp=62 kind=heal'
08/30 16:35:09 [Localization System] CLocalize::FindSafe failed to localize: 'AIB[D] t=66s hp=99% gold=316 loc=-617,-473 enemy-dist=1000 lh=4 dn=1 dg=+8 dlh=+0 bottle=-1 lvl=2 front=10691 ehp=-66600'
08/30 16:35:09 [Localization System] CLocalize::FindSafe failed to localize: 'AIB[D] intent=wave-watch-work family=other lh=4 idle=9 creep_hp=25 dist=563'
08/30 16:35:09 [Localization System] CLocalize::FindSafe failed to localize: 'AIB[D] intent=tick-owner family=other stage=desire/wave-watch reason=ready score=10 band=idle'
08/30 16:35:09 [Localization System] CLocalize::FindSafe failed to localize: 'AIB[D] blocked=safety-candidate reason=no_action_capped hp=100 score=44'
08/30 16:35:09 [Localization System] CLocalize::FindSafe failed to localize: 'AIB[D] blocked=ability-harass reason=nothing_castable'
08/30 16:35:10 [Localization System] CLocalize::FindSafe failed to localize: 'AIB[D] intent=state-desire-safety family=state base=108 creep_dmg=8 hp=99 creep=true hero=false hyst=18 reason=recent_damage score=134'
08/30 16:35:10 [Localization System] CLocalize::FindSafe failed to localize: 'AIB[D] intent=creep-hit-react family=safety dist=44 hp=99 hits=5 reason=attack'
08/30 16:35:10 [Localization System] CLocalize::FindSafe failed to localize: 'AIB[R] t=67s hp=63% gold=246 loc=-1395,-879 enemy-dist=1008 lh=2 dn=0 dg=+45 dlh=+1 bottle=-1 lvl=2 front=8518 ehp=100'
08/30 16:35:10 [Localization System] CLocalize::FindSafe failed to localize: 'AIB[R] blocked=hero-over-creep reason=no_target'
08/30 16:35:10 [Localization System] CLocalize::FindSafe failed to localize: 'AIB[R] blocked=recovery-buy reason=budget_cap hp=64 gold=247 count=2 allow=2'
08/30 16:35:10 [Localization System] CLocalize::FindSafe failed to localize: 'AIB[R] blocked=uphill-repo reason=motor_busy'
08/30 16:35:11 [Localization System] CLocalize::FindSafe failed to localize: 'AIB[R] intent=top-arbiter family=state winner=harass:40 losers=hero-over-creep:52,idle-heal:46,emergency-retreat:45,fwd-pullback:44,emergency-kill:43.5'
08/30 16:35:11 [Localization System] CLocalize::FindSafe failed to localize: 'AIB[R] intent=tick-owner family=other stage=laning-core'
08/30 16:35:11 [Localization System] CLocalize::FindSafe failed to localize: 'AIB[D] blocked=creep-hit-react reason=inside_melee_pack count=2 dist=44 hp=99'
08/30 16:35:11 [Localization System] CLocalize::FindSafe failed to localize: 'AIB[D] intent=top-arbiter family=state winner=safety:134 losers=hero-over-creep:52,idle-heal:46,emergency-retreat:45,fwd-pullback:44,emergency-kill:43.5'
08/30 16:35:11 [Localization System] CLocalize::FindSafe failed to localize: 'AIB[D] blocked=fight-candidate reason=no_action_capped hp=100 score=40'
08/30 16:35:11 [Localization System] CLocalize::FindSafe failed to localize: 'AIB[D] blocked=recovery-buy reason=budget_cap hp=100 gold=361 count=2 allow=2'
08/30 16:35:11 [Localization System] CLocalize::FindSafe failed to localize: 'AIB[D] intent=melee-pack-space family=safety count=2 dist=288'
08/30 16:35:11 [Localization System] CLocalize::FindSafe failed to localize: 'AIB[D] intent=state-desire-fight family=state base=78 hp_adv=8 dist=761 hp=100 ehp=65 reason=enemy_seen score=86'
08/30 16:35:11 [Localization System] CLocalize::FindSafe failed to localize: 'AIB[D] blocked=ability-pressure reason=nothing_castable'
08/30 16:35:11 [Localization System] CLocalize::FindSafe failed to localize: 'AIB[D] intent=hero-contact family=fight dist=761 hp=100 reason=close_enemy'
08/30 16:35:11 [Localization System] CLocalize::FindSafe failed to localize: 'AIB[D] blocked=harass reason=no_target'
08/30 16:35:11 [Localization System] CLocalize::FindSafe failed to localize: 'AIB[R] blocked=fight-candidate reason=no_action_capped hp=66 score=40'
08/30 16:35:11 [Localization System] CLocalize::FindSafe failed to localize: 'AIB[D] intent=tick-owner family=other stage=desire/wave-watch reason=ready score=10 band=idle'
08/30 16:35:11 [Localization System] CLocalize::FindSafe failed to localize: 'AIB[R] intent=state-desire-fight family=state base=78 range=18 dist=493 hp=66 ehp=100 reason=enemy_seen score=96'
08/30 16:35:11 [Localization System] CLocalize::FindSafe failed to localize: 'AIB[R] blocked=ability-pressure reason=nothing_castable'
08/30 16:35:11 [Localization System] CLocalize::FindSafe failed to localize: 'AIB[R] intent=hero-contact family=fight dist=493 hp=66 reason=attackable_enemy'
08/30 16:35:11 [Localization System] CLocalize::FindSafe failed to localize: 'AIB[D] intent=state-desire-safety family=state base=108 creep_dmg=8 hp=100 creep=true hero=false reason=recent_damage score=116'
08/30 16:35:11 [Localization System] CLocalize::FindSafe failed to localize: 'AIB[D] intent=creep-hit-react family=safety dist=42 hp=100 hits=7 reason=edge_attack'
08/30 16:35:12 [Localization System] CLocalize::FindSafe failed to localize: 'AIB[R] blocked=hero-contact reason=refractory since=0.13'
08/30 16:35:12 [Localization System] CLocalize::FindSafe failed to localize: 'AIB[R] blocked=hero-pass reason=uphill hp=66'
08/30 16:35:12 [Localization System] CLocalize::FindSafe failed to localize: 'AIB[R] blocked=top-arbiter reason=empty_action winner=fight score=114'
08/30 16:35:12 [Localization System] CLocalize::FindSafe failed to localize: 'AIB[R] blocked=hero-prio-always reason=uphill'
08/30 16:35:12 [Localization System] CLocalize::FindSafe failed to localize: 'AIB[R] blocked=emergency-kill reason=no_target'
08/30 16:35:12 [Localization System] CLocalize::FindSafe failed to localize: 'AIB[R] blocked=ability-harass reason=nothing_castable'
08/30 16:35:12 [Localization System] CLocalize::FindSafe failed to localize: 'AIB[D] blocked=buy-loop reason=saving target=item_bottle head=item_bottle cost=675 gold=363 left=1'
08/30 16:35:12 [Localization System] CLocalize::FindSafe failed to localize: 'AIB[R] blocked=buy-loop reason=saving target=item_bottle head=item_bottle cost=675 gold=249 left=1'
08/30 16:35:12 [Localization System] CLocalize::FindSafe failed to localize: 'AIB[D] blocked=hero-over-creep reason=no_target'
08/30 16:35:12 [Localization System] CLocalize::FindSafe failed to localize: 'AIB[D] blocked=emergency-kill reason=no_target'
08/30 16:35:12 [Localization System] CLocalize::FindSafe failed to localize: 'AIB[D] blocked=uphill-repo reason=no_reposition'
08/30 16:35:12 [Localization System] CLocalize::FindSafe failed to localize: 'AIB[D] intent=top-arbiter family=state winner=wave-watch:10 losers=hero-over-creep:52,idle-heal:46,emergency-retreat:45,fwd-pullback:44,emergency-kill:43.5'
08/30 16:35:12 [Localization System] CLocalize::FindSafe failed to localize: 'AIB[R] blocked=uphill-repo reason=not_trading'
08/30 16:35:12 [Localization System] CLocalize::FindSafe failed to localize: 'AIB[R] intent=top-arbiter family=state winner=harass:40 losers=hero-over-creep:52,idle-heal:46,emergency-retreat:45,fwd-pullback:44,emergency-kill:43.5'
08/30 16:35:12 [Localization System] CLocalize::FindSafe failed to localize: 'AIB[D] blocked=safety-candidate reason=no_action_capped hp=95 score=44'
08/30 16:35:12 [Localization System] CLocalize::FindSafe failed to localize: 'AIB[D] intent=melee-pack-space family=safety count=2 dist=158'
08/30 16:35:13 [Localization System] CLocalize::FindSafe failed to localize: 'AIB[R] intent=tick-owner family=other stage=laning-core'
08/30 16:35:13 [Localization System] CLocalize::FindSafe failed to localize: 'AIB[D] blocked=ability-harass reason=nothing_castable'
08/30 16:35:13 [Localization System] CLocalize::FindSafe failed to localize: 'AIB[D] intent=state-desire-fight family=state base=78 range=18 hp_adv=8 dist=618 hp=93 ehp=69 reason=enemy_seen score=104'
08/30 16:35:13 [Localization System] CLocalize::FindSafe failed to localize: 'AIB[R] intent=state-desire-fight family=state base=78 range=18 dist=577 hp=69 ehp=93 reason=enemy_seen score=96'
08/30 16:35:13 [Localization System] CLocalize::FindSafe failed to localize: 'AIB[D] blocked=hero-contact reason=refractory since=0.20'
08/30 16:35:13 [Localization System] CLocalize::FindSafe failed to localize: 'AIB[D] intent=arbiter family=fight winner=creep-aggro:112 losers=hero-pass:105'
08/30 16:35:13 [Localization System] CLocalize::FindSafe failed to localize: 'AIB[D] intent=creep-aggro family=safety hp=93 reason=creep_hitting'
08/30 16:35:13 [Localization System] CLocalize::FindSafe failed to localize: 'AIB[R] intent=hero-pass family=fight dist=557 hp=69 reason=nearby_enemy'
08/30 16:35:13 [Localization System] CLocalize::FindSafe failed to localize: 'AIB[R] blocked=top-arbiter reason=empty_action winner=fight score=114'
08/30 16:35:13 [Localization System] CLocalize::FindSafe failed to localize: 'AIB[R] blocked=hero-prio-always reason=hp_behind'
08/30 16:35:13 [Localization System] CLocalize::FindSafe failed to localize: 'AIB[D] intent=tick-owner family=other stage=laning-core'
08/30 16:35:13 [Localization System] CLocalize::FindSafe failed to localize: 'AIB[R] blocked=hero-over-creep reason=no_target'
08/30 16:35:13 [Localization System] CLocalize::FindSafe failed to localize: 'AIB[R] blocked=uphill-repo reason=no_reposition'
08/30 16:35:14 [Localization System] CLocalize::FindSafe failed to localize: 'AIB[D] intent=hero-pass family=fight dist=557 hp=93 reason=nearby_enemy'
08/30 16:35:14 [Localization System] CLocalize::FindSafe failed to localize: 'AIB[D] intent=top-arbiter family=state winner=fight:122 losers=safety:116,hero-over-creep:52,idle-heal:46,emergency-retreat:45,fwd-pullback:44'
08/30 16:35:14 [Localization System] CLocalize::FindSafe failed to localize: 'AIB[R] intent=top-arbiter family=state winner=anti-idle:2 losers=fight:114,hero-over-creep:52,idle-heal:46,emergency-retreat:45,fwd-pullback:44'
08/30 16:35:14 [Localization System] CLocalize::FindSafe failed to localize: 'AIB[D] blocked=ability-pressure reason=nothing_castable'
08/30 16:35:14 [Localization System] CLocalize::FindSafe failed to localize: 'AIB[D] blocked=top-arbiter reason=empty_action winner=fight score=122'
08/30 16:35:14 [Localization System] CLocalize::FindSafe failed to localize: 'AIB[D] intent=state-desire-safety family=state base=108 creep_dmg=8 hp=86 creep=true hero=true reason=recent_damage score=116'
08/30 16:35:14 [Localization System] CLocalize::FindSafe failed to localize: 'AIB[D] intent=melee-pack-space family=safety count=2 dist=284'
08/30 16:35:14 [Localization System] CLocalize::FindSafe failed to localize: 'AIB[D] blocked=creep-hit-react reason=inside_melee_pack count=2 dist=174 hp=84'
08/30 16:35:14 [Localization System] CLocalize::FindSafe failed to localize: 'AIB[D] intent=creep-hit-react family=safety dist=174 hp=84 hits=9 reason=edge_attack'
08/30 16:35:14 [Localization System] CLocalize::FindSafe failed to localize: 'AIB[D] t=71s hp=84% gold=366 loc=-234,-109 enemy-dist=638 lh=5 dn=1 dg=+50 dlh=+1 bottle=-1 lvl=2 front=8620 ehp=71'
08/30 16:35:14 [Localization System] CLocalize::FindSafe failed to localize: 'AIB[D] intent=state-desire-fight family=state base=78 hp_adv=8 dist=638 hp=84 ehp=71 reason=enemy_seen score=86'
08/30 16:35:14 [Localization System] CLocalize::FindSafe failed to localize: 'AIB[D] blocked=creep-aggro reason=hero_trading hp=84 hits=2'
08/30 16:35:15 [Localization System] CLocalize::FindSafe failed to localize: 'AIB[R] blocked=uphill-repo reason=motor_busy'
08/30 16:35:15 [Localization System] CLocalize::FindSafe failed to localize: 'AIB[R] intent=tick-owner family=other stage=laning-core'
08/30 16:35:15 [Localization System] CLocalize::FindSafe failed to localize: 'AIB[D] blocked=harass reason=no_target'
08/30 16:35:15 [Localization System] CLocalize::FindSafe failed to localize: 'AIB[R] t=72s hp=72% gold=253 loc=-639,-506 enemy-dist=638 lh=2 dn=0 dg=+7 dlh=+0 bottle=-1 lvl=2 front=8726 ehp=81'
08/30 16:35:15 [Localization System] CLocalize::FindSafe failed to localize: 'AIB[R] blocked=emergency-kill reason=no_target'
08/30 16:35:15 [Localization System] CLocalize::FindSafe failed to localize: 'AIB[R] blocked=ability-harass reason=nothing_castable'
08/30 16:35:15 [Localization System] CLocalize::FindSafe failed to localize: 'AIB[D] blocked=hero-over-creep reason=no_target'
08/30 16:35:15 [Localization System] CLocalize::FindSafe failed to localize: 'AIB[D] blocked=emergency-kill reason=no_target'
08/30 16:35:15 [Localization System] CLocalize::FindSafe failed to localize: 'AIB[D] blocked=uphill-repo reason=no_reposition'
08/30 16:35:15 [Localization System] CLocalize::FindSafe failed to localize: 'AIB[R] blocked=harass reason=no_target'
08/30 16:35:15 [Localization System] CLocalize::FindSafe failed to localize: 'AIB[D] intent=top-arbiter family=state winner=ranged-spacing:41 losers=hero-over-creep:52,idle-heal:46,emergency-retreat:45,fwd-pullback:44,emergency-kill:43.5'
08/30 16:35:15 [Localization System] CLocalize::FindSafe failed to localize: 'AIB[D] intent=tick-owner family=other stage=laning-core'
08/30 16:35:16 [Localization System] CLocalize::FindSafe failed to localize: 'AIB[R] intent=top-arbiter family=state winner=harass:40 losers=hero-over-creep:52,idle-heal:46,emergency-retreat:45,fwd-pullback:44,emergency-kill:43.5'
08/30 16:35:16 [Localization System] CLocalize::FindSafe failed to localize: 'AIB[D] blocked=safety-candidate reason=no_action_capped hp=82 score=44'
08/30 16:35:16 [Localization System] CLocalize::FindSafe failed to localize: 'AIB[D] intent=state-desire-safety family=state base=108 creep_dmg=8 hp=82 creep=true hero=false reason=recent_damage score=116'
08/30 16:35:16 [Localization System] CLocalize::FindSafe failed to localize: 'AIB[D] intent=creep-hit-react family=safety dist=416 hp=82 hits=10 reason=attack'
08/30 16:35:16 [Localization System] CLocalize::FindSafe failed to localize: 'AIB[D] blocked=uphill-repo reason=not_trading'
08/30 16:35:16 [Localization System] CLocalize::FindSafe failed to localize: 'AIB[D] blocked=fight-candidate reason=no_action_capped hp=80 score=40'
08/30 16:35:16 [Localization System] CLocalize::FindSafe failed to localize: 'AIB[R] intent=state-desire-fight family=state base=78 range=18 dist=577 hp=74 ehp=80 reason=enemy_seen score=96'
08/30 16:35:16 [Localization System] CLocalize::FindSafe failed to localize: 'AIB[R] blocked=ability-pressure reason=nothing_castable'
08/30 16:35:17 [Localization System] CLocalize::FindSafe failed to localize: 'AIB[R] blocked=hero-contact reason=refractory since=0.13'
08/30 16:35:17 [Localization System] CLocalize::FindSafe failed to localize: 'AIB[R] blocked=top-arbiter reason=empty_action winner=fight score=114'
08/30 16:35:17 [Localization System] CLocalize::FindSafe failed to localize: 'AIB[R] blocked=hero-over-creep reason=no_target'
08/30 16:35:17 [Localization System] CLocalize::FindSafe failed to localize: 'AIB[R] intent=tick-owner family=other stage=desire/harass reason=ready score=40 band=lanework'
08/30 16:35:17 [Localization System] CLocalize::FindSafe failed to localize: 'AIB[D] intent=melee-pack-space family=safety count=2 dist=245'
08/30 16:35:17 [Localization System] CLocalize::FindSafe failed to localize: 'AIB[R] intent=top-arbiter family=state winner=harass:40 losers=hero-over-creep:52,idle-heal:46,emergency-retreat:45,fwd-pullback:44,emergency-kill:43.5'
08/30 16:35:17 [Localization System] CLocalize::FindSafe failed to localize: 'AIB[D] intent=top-arbiter family=state winner=creep-work:38.8 losers=hero-over-creep:52,idle-heal:46,emergency-retreat:45,fwd-pullback:44,emergency-kill:43.5'
08/30 16:35:17 [Localization System] CLocalize::FindSafe failed to localize: 'AIB[R] intent=hero-contact family=fight dist=588 hp=76 reason=attackable_enemy'
08/30 16:35:18 [Localization System] CLocalize::FindSafe failed to localize: 'AIB[D] intent=state-desire-safety family=state base=108 creep_dmg=8 hp=73 creep=true hero=true hyst=18 reason=recent_damage score=134'
08/30 16:35:18 [Localization System] CLocalize::FindSafe failed to localize: 'AIB[D] blocked=creep-hit-react reason=inside_melee_pack count=2 dist=224 hp=73'
08/30 16:35:18 [Localization System] CLocalize::FindSafe failed to localize: 'AIB[D] intent=creep-hit-react family=safety dist=224 hp=73 hits=12 reason=edge_attack'
08/30 16:35:18 [Localization System] CLocalize::FindSafe failed to localize: 'AIB[D] intent=tick-owner family=other stage=laning-core'
08/30 16:35:18 [Localization System] CLocalize::FindSafe failed to localize: 'AIB[D] blocked=top-arbiter reason=empty_action winner=safety score=134'
08/30 16:35:18 [Localization System] CLocalize::FindSafe failed to localize: 'AIB[D] intent=state-desire-fight family=state base=78 range=18 dist=588 hp=73 ehp=76 reason=enemy_seen score=96'
08/30 16:35:18 [Localization System] CLocalize::FindSafe failed to localize: 'AIB[D] blocked=ability-pressure reason=nothing_castable'
08/30 16:35:18 [Localization System] CLocalize::FindSafe failed to localize: 'AIB[D] intent=hero-contact family=fight dist=588 hp=73 reason=attackable_enemy'
08/30 16:35:18 [Localization System] CLocalize::FindSafe failed to localize: 'AIB[R] blocked=uphill-repo reason=motor_busy'
08/30 16:35:18 [Localization System] CLocalize::FindSafe failed to localize: 'AIB[D] blocked=hero-contact reason=refractory since=0.20'
08/30 16:35:18 [Localization System] CLocalize::FindSafe failed to localize: 'AIB[D] blocked=creep-aggro reason=hero_trading hp=74 hits=1'
08/30 16:35:18 [Localization System] CLocalize::FindSafe failed to localize: 'AIB[D] intent=arbiter family=fight winner=hero-pass:105 losers=creep-aggro:82'
08/30 16:35:18 Script function 'Think' on bot npc_dota_hero_nevermore took 2.050ms
08/30 16:35:18 [Localization System] CLocalize::FindSafe failed to localize: 'AIB[R] intent=state-desire-fight family=state base=78 range=18 dist=588 hp=77 ehp=72 reason=enemy_seen score=96'
08/30 16:35:18 [Localization System] CLocalize::FindSafe failed to localize: 'AIB[R] blocked=emergency-kill reason=no_target'
08/30 16:35:18 [Localization System] CLocalize::FindSafe failed to localize: 'AIB[D] intent=creep-aggro family=safety hp=72 dest=276,405 reason=chip_step'
08/30 16:35:18 [Localization System] CLocalize::FindSafe failed to localize: 'AIB[R] blocked=hero-pass reason=chase_into_tower hp=77'
08/30 16:35:18 [Localization System] CLocalize::FindSafe failed to localize: 'AIB[R] blocked=top-arbiter reason=empty_action winner=fight score=114'
08/30 16:35:19 [Localization System] CLocalize::FindSafe failed to localize: 'AIB[R] blocked=recovery-buy reason=budget_cap hp=78 gold=259 count=2 allow=2'
08/30 16:35:19 [Localization System] CLocalize::FindSafe failed to localize: 'AIB[D] blocked=hero-over-creep reason=no_target'
08/30 16:35:19 [Localization System] CLocalize::FindSafe failed to localize: 'AIB[D] blocked=emergency-kill reason=no_target'
08/30 16:35:19 [Localization System] CLocalize::FindSafe failed to localize: 'AIB[D] blocked=uphill-repo reason=no_reposition'
08/30 16:35:19 [Localization System] CLocalize::FindSafe failed to localize: 'AIB[D] intent=melee-pack-space family=safety count=2 dist=207'
08/30 16:35:19 [Localization System] CLocalize::FindSafe failed to localize: 'AIB[R] blocked=siege-candidate reason=no_action_capped hp=78 score=42'
08/30 16:35:19 [Localization System] CLocalize::FindSafe failed to localize: 'AIB[R] intent=top-arbiter family=state winner=harass:40 losers=hero-over-creep:52,idle-heal:46,emergency-retreat:45,fwd-pullback:44,emergency-kill:43.5'
08/30 16:35:19 [Localization System] CLocalize::FindSafe failed to localize: 'AIB[R] intent=tick-owner family=other stage=desire/harass reason=ready score=40 band=lanework'
08/30 16:35:19 [Localization System] CLocalize::FindSafe failed to localize: 'AIB[D] intent=damage-by-source family=other creep=227 tower=0 hero=545 mixed=130 death=0 other=0 stale=0 gaps=0'
08/30 16:35:19 [Localization System] CLocalize::FindSafe failed to localize: 'AIB[D] blocked=safety-candidate reason=no_action_capped hp=70 score=44'
08/30 16:35:19 [Localization System] CLocalize::FindSafe failed to localize: 'AIB[D] blocked=harass reason=no_target'
08/30 16:35:19 [Localization System] CLocalize::FindSafe failed to localize: 'AIB[D] intent=top-arbiter family=state winner=creep-work:38.8 losers=hero-over-creep:52,idle-heal:46,emergency-retreat:45,fwd-pullback:44,emergency-kill:43.5'
08/30 16:35:19 [Localization System] CLocalize::FindSafe failed to localize: 'AIB[D] blocked=recovery-buy reason=budget_cap hp=70 gold=374 count=2 allow=2'
08/30 16:35:19 [Localization System] CLocalize::FindSafe failed to localize: 'AIB[D] t=76s hp=71% gold=374 loc=220,343 enemy-dist=725 lh=5 dn=1 dg=+8 dlh=+0 bottle=-1 lvl=2 front=9108 ehp=79'
08/30 16:35:19 [Localization System] CLocalize::FindSafe failed to localize: 'AIB[D] intent=state-desire-safety family=state base=108 creep_dmg=8 hp=71 creep=true hero=false reason=recent_damage score=116'
08/30 16:35:19 [Localization System] CLocalize::FindSafe failed to localize: 'AIB[D] intent=creep-hit-react family=safety dist=135 hp=71 hits=13 reason=edge_attack'
08/30 16:35:20 [Localization System] CLocalize::FindSafe failed to localize: 'AIB[D] intent=tick-owner family=other stage=laning-core'
08/30 16:35:20 [Localization System] CLocalize::FindSafe failed to localize: 'AIB[D] blocked=buy-loop reason=saving target=item_bottle head=item_bottle cost=675 gold=375 left=1'
08/30 16:35:20 [Localization System] CLocalize::FindSafe failed to localize: 'AIB[R] blocked=buy-loop reason=saving target=item_bottle head=item_bottle cost=675 gold=261 left=1'
08/30 16:35:20 [Localization System] CLocalize::FindSafe failed to localize: 'AIB[D] intent=state-desire-last-hit family=farm dist=270 reason=killable_creep score=140'
08/30 16:35:20 [Localization System] CLocalize::FindSafe failed to localize: 'AIB[D] intent=top-arbiter family=state winner=last-hit:158 losers=safety:116,hero-over-creep:52,cs-inrange:50,idle-heal:46,emergency-retreat:45'
08/30 16:35:21 [Localization System] CLocalize::FindSafe failed to localize: 'AIB[D] blocked=creep-hit-react reason=inside_melee_pack count=2 dist=270 hp=69'
08/30 16:35:21 [Localization System] CLocalize::FindSafe failed to localize: 'AIB[R] t=78s hp=82% gold=263 loc=-669,-540 enemy-dist=1492 lh=2 dn=0 dg=+10 dlh=+0 bottle=-1 lvl=2 front=9402 ehp=69'
08/30 16:35:21 [Localization System] CLocalize::FindSafe failed to localize: 'AIB[R] intent=damage-by-source family=other creep=106 tower=0 hero=650 mixed=0 death=0 other=0 stale=68 gaps=1'
08/30 16:35:21 [Localization System] CLocalize::FindSafe failed to localize: 'AIB[R] blocked=hero-over-creep reason=no_target'
08/30 16:35:21 [Localization System] CLocalize::FindSafe failed to localize: 'AIB[R] blocked=emergency-kill reason=no_target'
08/30 16:35:21 [Localization System] CLocalize::FindSafe failed to localize: 'AIB[R] blocked=uphill-repo reason=no_reposition'
08/30 16:35:21 [Localization System] CLocalize::FindSafe failed to localize: 'AIB[R] blocked=hero-prio-chase reason=lane_work dist=1492 cs=false creep=false hp_adv=false kill_pressure=false close=false low_farm=false lane_override=false'
08/30 16:35:21 [Localization System] CLocalize::FindSafe failed to localize: 'AIB[R] blocked=harass reason=no_target'
08/30 16:35:21 [Localization System] CLocalize::FindSafe failed to localize: 'AIB[R] blocked=ability-harass reason=nothing_castable'
08/30 16:35:21 [Localization System] CLocalize::FindSafe failed to localize: 'AIB[R] intent=top-arbiter family=state winner=anti-idle:2 losers=hero-over-creep:52,idle-heal:46,emergency-retreat:45,fwd-pullback:44,emergency-kill:43.5'
08/30 16:35:21 [Localization System] CLocalize::FindSafe failed to localize: 'AIB[R] intent=tick-owner family=other stage=desire/anti-idle reason=ready score=2 band=idle'
08/30 16:35:21 [Localization System] CLocalize::FindSafe failed to localize: 'AIB[D] blocked=ability-harass reason=nothing_castable'
08/30 16:35:21 [Localization System] CLocalize::FindSafe failed to localize: 'AIB[D] intent=lane-line-episode family=other dist=977 fwd=0.39'
08/30 16:35:22 [Localization System] CLocalize::FindSafe failed to localize: 'AIB[D] blocked=hero-over-creep reason=no_target'
08/30 16:35:22 [Localization System] CLocalize::FindSafe failed to localize: 'AIB[D] blocked=emergency-kill reason=no_target'
08/30 16:35:22 [Localization System] CLocalize::FindSafe failed to localize: 'AIB[D] blocked=uphill-repo reason=motor_busy'
08/30 16:35:22 [Localization System] CLocalize::FindSafe failed to localize: 'AIB[D] intent=tick-owner family=other stage=laning-core'
08/30 16:35:22 [Localization System] CLocalize::FindSafe failed to localize: 'AIB[D] blocked=harass reason=no_target'
08/30 16:35:22 [Localization System] CLocalize::FindSafe failed to localize: 'AIB[D] intent=top-arbiter family=state winner=lane-line:18 losers=hero-over-creep:52,idle-heal:46,emergency-retreat:45,fwd-pullback:44,emergency-kill:43.5'
08/30 16:35:22 [Localization System] CLocalize::FindSafe failed to localize: 'AIB[R] blocked=wave-watch reason=not_finishable creep_hp=550 dist=625 idle=17'
08/30 16:35:23 [Localization System] CLocalize::FindSafe failed to localize: 'AIB[R] intent=top-arbiter family=state winner=wave-watch:10 losers=hero-over-creep:52,idle-heal:46,emergency-retreat:45,fwd-pullback:44,emergency-kill:43.5'
08/30 16:35:23 [Localization System] CLocalize::FindSafe failed to localize: 'AIB[R] blocked=uphill-repo reason=motor_busy'
08/30 16:35:23 [Localization System] CLocalize::FindSafe failed to localize: 'AIB[R] intent=tick-owner family=other stage=laning-core'
08/30 16:35:23 [Localization System] CLocalize::FindSafe failed to localize: 'AIB[D] intent=melee-pack-space family=safety count=2 dist=147'
08/30 16:35:24 [Localization System] CLocalize::FindSafe failed to localize: 'AIB[D] intent=top-arbiter family=state winner=wave-watch:10 losers=hero-over-creep:52,idle-heal:46,emergency-retreat:45,fwd-pullback:44,emergency-kill:43.5'
08/30 16:35:24 [Localization System] CLocalize::FindSafe failed to localize: 'AIB[D] intent=tick-owner family=other stage=desire/wave-watch reason=ready score=10 band=idle'
08/30 16:35:24 [Localization System] CLocalize::FindSafe failed to localize: 'AIB[R] blocked=hero-over-creep reason=no_target'
08/30 16:35:24 [Localization System] CLocalize::FindSafe failed to localize: 'AIB[R] blocked=emergency-kill reason=no_target'
08/30 16:35:24 [Localization System] CLocalize::FindSafe failed to localize: 'AIB[R] blocked=uphill-repo reason=no_reposition'
08/30 16:35:24 [Localization System] CLocalize::FindSafe failed to localize: 'AIB[R] blocked=hero-prio-chase reason=lane_work dist=972 cs=false creep=true hp_adv=false kill_pressure=false close=false low_farm=false lane_override=false'
08/30 16:35:24 [Localization System] CLocalize::FindSafe failed to localize: 'AIB[R] blocked=harass reason=no_target'
08/30 16:35:24 [Localization System] CLocalize::FindSafe failed to localize: 'AIB[R] blocked=ability-harass reason=nothing_castable'
08/30 16:35:24 [Localization System] CLocalize::FindSafe failed to localize: 'AIB[R] intent=top-arbiter family=state winner=wave-watch:10 losers=hero-over-creep:52,idle-heal:46,emergency-retreat:45,fwd-pullback:44,emergency-kill:43.5'
08/30 16:35:24 [Localization System] CLocalize::FindSafe failed to localize: 'AIB[R] intent=melee-pack-space family=safety count=3 dist=138'
08/30 16:35:25 [Localization System] CLocalize::FindSafe failed to localize: 'AIB[D] t=82s hp=72% gold=416 loc=-123,33 enemy-dist=881 lh=6 dn=1 dg=+42 dlh=+1 bottle=-1 lvl=2 front=9853 ehp=87'
08/30 16:35:25 [Localization System] CLocalize::FindSafe failed to localize: 'AIB[D] blocked=ability-harass reason=nothing_castable'
08/30 16:35:25 [Localization System] CLocalize::FindSafe failed to localize: 'AIB[D] blocked=hero-over-creep reason=no_target'
08/30 16:35:25 [Localization System] CLocalize::FindSafe failed to localize: 'AIB[D] blocked=emergency-kill reason=no_target'
08/30 16:35:25 [Localization System] CLocalize::FindSafe failed to localize: 'AIB[D] blocked=uphill-repo reason=motor_busy'
08/30 16:35:25 [Localization System] CLocalize::FindSafe failed to localize: 'AIB[D] intent=recovery-plan family=recover action=buy_flask reason=critical hp=72 gold=416 count=3'
08/30 16:35:25 [Localization System] CLocalize::FindSafe failed to localize: 'AIB[D] blocked=uphill-repo reason=not_trading'
08/30 16:35:25 [Localization System] CLocalize::FindSafe failed to localize: 'AIB[D] blocked=harass reason=no_target'
08/30 16:35:25 [Localization System] CLocalize::FindSafe failed to localize: 'AIB[D] intent=top-arbiter family=state winner=wave-watch:10 losers=hero-over-creep:52,idle-heal:46,emergency-retreat:45,fwd-pullback:44,emergency-kill:43.5'
08/30 16:35:25 [Localization System] CLocalize::FindSafe failed to localize: 'AIB[R] intent=tick-owner family=other stage=laning-core'
08/30 16:35:26 [Localization System] CLocalize::FindSafe failed to localize: 'AIB[D] blocked=uphill-repo reason=no_reposition'
08/30 16:35:26 [Localization System] CLocalize::FindSafe failed to localize: 'AIB[D] intent=tick-owner family=other stage=desire/wave-watch reason=ready score=10 band=idle'
08/30 16:35:26 [Localization System] CLocalize::FindSafe failed to localize: 'AIB[R] blocked=uphill-repo reason=motor_busy'
08/30 16:35:26 [Localization System] CLocalize::FindSafe failed to localize: 'AIB[R] intent=top-arbiter family=state winner=harass:40 losers=hero-over-creep:52,idle-heal:46,emergency-retreat:45,fwd-pullback:44,emergency-kill:43.5'
08/30 16:35:26 [Localization System] CLocalize::FindSafe failed to localize: 'AIB[R] t=83s hp=88% gold=270 loc=-706,-577 enemy-dist=843 lh=2 dn=0 dg=+7 dlh=+0 bottle=-1 lvl=2 front=8686 ehp=62'
08/30 16:35:26 [Server] PR:IncrementIdleTime 6:[I:0:0] 2.13
08/30 16:35:26 [Localization System] CLocalize::FindSafe failed to localize: 'AIB[D] blocked=visual-hold reason=creep_in_range held=2.2 hp=62 repeat=3 hard=true'
08/30 16:35:27 [Localization System] CLocalize::FindSafe failed to localize: 'AIB[R] blocked=recovery-buy reason=budget_cap hp=88 gold=271 count=2 allow=2'
08/30 16:35:27 [Localization System] CLocalize::FindSafe failed to localize: 'AIB[D] intent=top-arbiter family=state winner=wave-watch:10 losers=hero-over-creep:52,idle-heal:46,emergency-retreat:45,fwd-pullback:44,emergency-kill:43.5'
08/30 16:35:27 [Localization System] CLocalize::FindSafe failed to localize: 'AIB[D] intent=state-desire-last-hit family=farm dist=436 reason=killable_creep score=140'
08/30 16:35:27 [Localization System] CLocalize::FindSafe failed to localize: 'AIB[R] blocked=hero-over-creep reason=no_target'
08/30 16:35:27 [Localization System] CLocalize::FindSafe failed to localize: 'AIB[R] blocked=emergency-kill reason=no_target'
08/30 16:35:27 [Localization System] CLocalize::FindSafe failed to localize: 'AIB[R] intent=top-arbiter family=state winner=harass:40 losers=hero-over-creep:52,idle-heal:46,emergency-retreat:45,fwd-pullback:44,emergency-kill:43.5'
08/30 16:35:27 [Localization System] CLocalize::FindSafe failed to localize: 'AIB[R] intent=tick-owner family=other stage=laning-core'
08/30 16:35:28 [Localization System] CLocalize::FindSafe failed to localize: 'AIB[D] blocked=ability-harass reason=nothing_castable'
08/30 16:35:28 [Localization System] CLocalize::FindSafe failed to localize: 'AIB[D] blocked=hero-over-creep reason=no_target'
08/30 16:35:28 [Localization System] CLocalize::FindSafe failed to localize: 'AIB[D] blocked=emergency-kill reason=no_target'
08/30 16:35:28 [Localization System] CLocalize::FindSafe failed to localize: 'AIB[D] blocked=harass reason=no_target'
08/30 16:35:28 [Localization System] CLocalize::FindSafe failed to localize: 'AIB[D] intent=tick-owner family=other stage=desire/wave-watch reason=ready score=10 band=idle'
08/30 16:35:28 [Localization System] CLocalize::FindSafe failed to localize: 'AIB[D] blocked=buy-loop reason=saving target=item_bottle head=item_bottle cost=675 gold=358 left=1'
08/30 16:35:28 [Localization System] CLocalize::FindSafe failed to localize: 'AIB[R] blocked=buy-loop reason=saving target=item_bottle head=item_bottle cost=675 gold=273 left=1'
08/30 16:35:28 [Localization System] CLocalize::FindSafe failed to localize: 'AIB[D] blocked=visual-hold reason=creep_in_range held=4.4 hp=64 repeat=5 hard=true'
08/30 16:35:28 [Localization System] CLocalize::FindSafe failed to localize: 'AIB[D] intent=top-arbiter family=state winner=visual-hold:20 losers=hero-over-creep:52,idle-heal:46,emergency-retreat:45,fwd-pullback:44,emergency-kill:43.5'
08/30 16:35:29 [Localization System] CLocalize::FindSafe failed to localize: 'AIB[D] blocked=uphill-repo reason=not_trading'
08/30 16:35:29 [Localization System] CLocalize::FindSafe failed to localize: 'AIB[R] blocked=uphill-repo reason=motor_busy'
08/30 16:35:29 [Localization System] CLocalize::FindSafe failed to localize: 'AIB[R] intent=top-arbiter family=state winner=harass:40 losers=hero-over-creep:52,idle-heal:46,emergency-retreat:45,fwd-pullback:44,emergency-kill:43.5'
08/30 16:35:29 [Localization System] CLocalize::FindSafe failed to localize: 'AIB[R] intent=tick-owner family=other stage=laning-core'
08/30 16:35:30 [Localization System] CLocalize::FindSafe failed to localize: 'AIB[D] t=87s hp=64% gold=360 loc=-123,33 enemy-dist=844 lh=7 dn=1 dg=-56 dlh=+1 bottle=-1 lvl=2 front=9871 ehp=77'
08/30 16:35:30 [Localization System] CLocalize::FindSafe failed to localize: 'AIB[D] intent=top-arbiter family=state winner=wave-watch:10 losers=hero-over-creep:52,idle-heal:46,emergency-retreat:45,fwd-pullback:44,emergency-kill:43.5'
08/30 16:35:30 [Localization System] CLocalize::FindSafe failed to localize: 'AIB[D] intent=tick-owner family=other stage=desire/wave-watch reason=ready score=10 band=idle'
08/30 16:35:30 [Localization System] CLocalize::FindSafe failed to localize: 'AIB[R] blocked=hero-over-creep reason=no_target'
08/30 16:35:30 [Localization System] CLocalize::FindSafe failed to localize: 'AIB[R] blocked=emergency-kill reason=no_target'
08/30 16:35:30 [Localization System] CLocalize::FindSafe failed to localize: 'AIB[R] intent=top-arbiter family=state winner=harass:40 losers=hero-over-creep:52,idle-heal:46,emergency-retreat:45,fwd-pullback:44,emergency-kill:43.5'
08/30 16:35:31 [Localization System] CLocalize::FindSafe failed to localize: 'AIB[D] blocked=hero-over-creep reason=no_target'
08/30 16:35:31 [Localization System] CLocalize::FindSafe failed to localize: 'AIB[D] blocked=emergency-kill reason=no_target'
08/30 16:35:31 [Localization System] CLocalize::FindSafe failed to localize: 'AIB[R] intent=state-desire-last-hit family=farm dist=508 reason=killable_creep score=140'
08/30 16:35:31 [Server] PR:IncrementIdleTime 1:[I:0:0] 2.87
08/30 16:35:31 [Localization System] CLocalize::FindSafe failed to localize: 'AIB[D] blocked=harass reason=no_target'
08/30 16:35:31 [Localization System] CLocalize::FindSafe failed to localize: 'AIB[R] t=88s hp=78% gold=278 loc=-706,-577 enemy-dist=844 lh=2 dn=0 dg=+8 dlh=+0 bottle=-1 lvl=2 front=8684 ehp=65'
08/30 16:35:31 [Localization System] CLocalize::FindSafe failed to localize: 'AIB[R] intent=tick-owner family=other stage=laning-core'
08/30 16:35:31 [Localization System] CLocalize::FindSafe failed to localize: 'AIB[D] intent=top-arbiter family=state winner=creep-work:38.8 losers=hero-over-creep:52,idle-heal:46,emergency-retreat:45,fwd-pullback:44,emergency-kill:43.5'
08/30 16:35:32 [Localization System] CLocalize::FindSafe failed to localize: 'AIB[R] blocked=uphill-repo reason=no_reposition'
08/30 16:35:32 [Localization System] CLocalize::FindSafe failed to localize: 'AIB[D] blocked=ability-harass reason=nothing_castable'
08/30 16:35:32 [Localization System] CLocalize::FindSafe failed to localize: 'AIB[D] blocked=visual-hold reason=creep_in_range held=7.7 hp=66 repeat=7 hard=true'
08/30 16:35:32 [Localization System] CLocalize::FindSafe failed to localize: 'AIB[D] intent=tick-owner family=other stage=desire/wave-watch reason=ready score=10 band=idle'
08/30 16:35:32 [Localization System] CLocalize::FindSafe failed to localize: 'AIB[R] blocked=uphill-repo reason=motor_busy'
08/30 16:35:32 [Localization System] CLocalize::FindSafe failed to localize: 'AIB[R] intent=top-arbiter family=state winner=harass:40 losers=hero-over-creep:52,idle-heal:46,emergency-retreat:45,fwd-pullback:44,emergency-kill:43.5'
08/30 16:35:32 [Localization System] CLocalize::FindSafe failed to localize: 'AIB[R] intent=state-desire-fight family=state base=78 hp_adv=8 dist=783 hp=79 ehp=66 reason=enemy_seen score=86'
08/30 16:35:32 [Localization System] CLocalize::FindSafe failed to localize: 'AIB[R] blocked=ability-pressure reason=nothing_castable'
08/30 16:35:32 [Localization System] CLocalize::FindSafe failed to localize: 'AIB[R] intent=hero-contact family=fight dist=783 hp=79 reason=close_enemy'
08/30 16:35:32 [Localization System] CLocalize::FindSafe failed to localize: 'AIB[R] blocked=hero-contact reason=refractory since=0.13'
08/30 16:35:32 [Localization System] CLocalize::FindSafe failed to localize: 'AIB[R] blocked=top-arbiter reason=empty_action winner=fight score=104'
08/30 16:35:33 [Localization System] CLocalize::FindSafe failed to localize: 'AIB[R] intent=melee-pack-space family=safety count=2 dist=137'
08/30 16:35:33 Script function 'Think' on bot npc_dota_hero_nevermore took 2.389ms
08/30 16:35:33 [Localization System] CLocalize::FindSafe failed to localize: 'AIB[R] intent=hero-pass family=fight dist=720 hp=79 reason=nearby_enemy'
08/30 16:35:33 [Localization System] CLocalize::FindSafe failed to localize: 'AIB[D] blocked=uphill-repo reason=not_trading'
08/30 16:35:33 [Localization System] CLocalize::FindSafe failed to localize: 'AIB[D] intent=top-arbiter family=state winner=wave-watch:10 losers=hero-over-creep:52,idle-heal:46,emergency-retreat:45,fwd-pullback:44,emergency-kill:43.5'
08/30 16:35:33 [Localization System] CLocalize::FindSafe failed to localize: 'AIB[D] blocked=fight-candidate reason=no_action_capped hp=67 score=40'
08/30 16:35:33 [Localization System] CLocalize::FindSafe failed to localize: 'AIB[R] blocked=hero-over-creep reason=no_target'
08/30 16:35:33 [Localization System] CLocalize::FindSafe failed to localize: 'AIB[R] blocked=emergency-kill reason=no_target'
08/30 16:35:33 [Localization System] CLocalize::FindSafe failed to localize: 'AIB[D] intent=state-desire-fight family=state base=78 range=18 dist=517 hp=67 ehp=79 reason=enemy_seen score=96'
08/30 16:35:33 [Localization System] CLocalize::FindSafe failed to localize: 'AIB[D] blocked=ability-pressure reason=nothing_castable'
08/30 16:35:33 [Localization System] CLocalize::FindSafe failed to localize: 'AIB[D] intent=hero-contact family=fight dist=517 hp=67 reason=attackable_enemy'
08/30 16:35:34 [Localization System] CLocalize::FindSafe failed to localize: 'AIB[R] intent=tick-owner family=other stage=laning-core'
08/30 16:35:34 [Localization System] CLocalize::FindSafe failed to localize: 'AIB[D] blocked=hero-contact reason=refractory since=0.17'
08/30 16:35:34 [Localization System] CLocalize::FindSafe failed to localize: 'AIB[D] blocked=hero-pass reason=uphill hp=67'
08/30 16:35:34 [Localization System] CLocalize::FindSafe failed to localize: 'AIB[D] blocked=top-arbiter reason=empty_action winner=fight score=114'
08/30 16:35:34 [Localization System] CLocalize::FindSafe failed to localize: 'AIB[R] intent=top-arbiter family=state winner=harass:40 losers=fight:122,hero-over-creep:52,idle-heal:46,emergency-retreat:45,fwd-pullback:44'
08/30 16:35:34 [Localization System] CLocalize::FindSafe failed to localize: 'AIB[D] intent=damage-by-source family=other creep=240 tower=0 hero=612 mixed=130 death=0 other=0 stale=0 gaps=0'
08/30 16:35:34 [Localization System] CLocalize::FindSafe failed to localize: 'AIB[D] blocked=hero-over-creep reason=no_target'
08/30 16:35:34 [Localization System] CLocalize::FindSafe failed to localize: 'AIB[D] blocked=emergency-kill reason=no_target'
08/30 16:35:34 [Localization System] CLocalize::FindSafe failed to localize: 'AIB[D] blocked=uphill-repo reason=motor_busy'
08/30 16:35:34 [Localization System] CLocalize::FindSafe failed to localize: 'AIB[D] blocked=visual-hold reason=hero_in_range held=9.8 hp=67 repeat=1 hard=true'
08/30 16:35:34 [Localization System] CLocalize::FindSafe failed to localize: 'AIB[R] intent=state-desire-fight family=state base=78 range=18 hp_adv=8 dist=517 hp=80 ehp=67 reason=enemy_seen score=104'
08/30 16:35:34 [Localization System] CLocalize::FindSafe failed to localize: 'AIB[R] blocked=top-arbiter reason=empty_action winner=fight score=122'
08/30 16:35:34 [Localization System] CLocalize::FindSafe failed to localize: 'AIB[D] intent=tick-owner family=other stage=laning-core'
08/30 16:35:34 [Localization System] CLocalize::FindSafe failed to localize: 'AIB[R] intent=state-desire-safety family=state base=108 creep_dmg=8 hp=78 creep=true hero=false reason=recent_damage score=116'
08/30 16:35:34 [Localization System] CLocalize::FindSafe failed to localize: 'AIB[R] blocked=creep-hit-react reason=inside_melee_pack count=2 dist=75 hp=78'
08/30 16:35:34 [Localization System] CLocalize::FindSafe failed to localize: 'AIB[R] intent=creep-hit-react family=safety dist=75 hp=78 hits=1 reason=edge_attack'
08/30 16:35:34 [Localization System] CLocalize::FindSafe failed to localize: 'AIB[D] anti-idle-enter=1 anti-idle-lane=1 channel-interrupt-atk=7 channel-interrupt-chase=5 creep-aggro-back=3 creep-aggro-hero-yield=4 creep-aggro-hit=4 creep-dmg=3 creep-hit-react-atk=7 creep-hit-react-step=9 cs-wait-release=14 cs-wait=6 cs-walk-gap-large=4 cs-walk-gap-small=4 cs-walk-inrange=1 cs-walk-into-pack=3 cs-walk=9 deny-act-atk=7 deny-act-walk=5 deny-act=12 deny-cand-doomed=14 deny-cand-tanky=78 fight-hp-behind=3 fwd-at-position=2 fwd-suppressed-creep=10 fwd-suppressed-empty=1 fwd-suppressed-hero=4 fwd-suppressed-motor=3 fwd-suppressed-recovery=1 fwd-suppressed-tower=1 fwd-suppressed-visual=1 heal-item=1 hero-contact-atk=7 hero-contact-chase=4 hero-over-creep=3 hero-pass-atk=3 idle=1 killwin-scan=478 lane-line-fallback=11 lane-line-suppressed-creep-dmg=2 lane-line-suppressed-creep=4 lane-line-suppressed-damage=1 lane-line-suppressed-empty=1 lane-line-suppressed-heal=4 lane-line-suppressed-lowhp=3 lane-line-suppressed-motor=1 lane-line-suppressed-recovery=1 last-hit-urgent=23 melee-pack-release=8 melee-pack-space=12 own-ranged-stepback=1 pre-aig=1 precreep-anchor=25 precreep-hold=2 precreep-park-hold=12 precreep-park=189 precreep-space=4 prewave-defend=2 prewave-free-hit=96 recover-xp=3 recovery-buy=3 recovery-enemy-near=151 recovery-flask=1 recovery-regen=2 regen-walk=1 tango-heal=1 uphill-reposition=1 uphill-void-under-fire=3 visual-hold-creep=21 visual-hold-lane=1 wave-watch-atk=5 wave-watch-no-wave=1 wave-watch-step=2 wave-watch=12'
08/30 16:35:34 [Localization System] CLocalize::FindSafe failed to localize: 'AIB[D] blocked=harass reason=no_target'
08/30 16:35:34 [Localization System] CLocalize::FindSafe failed to localize: 'AIB[R] blocked=safety-candidate reason=no_action_capped hp=78 score=44'
08/30 16:35:34 [Localization System] CLocalize::FindSafe failed to localize: 'AIB[R] intent=creep-aggro family=safety hp=78 reason=creep_hitting'
08/30 16:35:35 [Localization System] CLocalize::FindSafe failed to localize: 'AIB[D] intent=hero-pass family=fight dist=445 hp=61 reason=nearby_enemy'
08/30 16:35:35 [Localization System] CLocalize::FindSafe failed to localize: 'AIB[D] intent=top-arbiter family=state winner=fight:96 losers=hero-over-creep:52,idle-heal:46,emergency-retreat:45,fwd-pullback:44,emergency-kill:43.5'
08/30 16:35:35 [Localization System] CLocalize::FindSafe failed to localize: 'AIB[D] t=92s hp=61% gold=403 loc=-163,-14 enemy-dist=445 lh=8 dn=1 dg=+43 dlh=+1 bottle=-1 lvl=2 front=9890 ehp=78'
08/30 16:35:35 [Localization System] CLocalize::FindSafe failed to localize: 'AIB[D] blocked=ability-harass reason=nothing_castable'
08/30 16:35:35 [Localization System] CLocalize::FindSafe failed to localize: 'AIB[R] anti-idle-combat=4 anti-idle-enter=6 anti-idle-lane=5 anti-idle-lowhp-back=1 creep-aggro-hit=1 creep-dmg=1 creep-hit-react-step=9 cs-wait=3 cs-walk-gap-large=2 cs-walk-gap-small=6 cs-walk-inrange=10 cs-walk-into-pack=11 cs-walk=18 cw-push=77 deny-act-walk=1 deny-act=1 deny-cand-doomed=3 deny-cand-tanky=36 fight-hp-behind=1 fwd-suppressed-creep=3 fwd-suppressed-empty=1 fwd-suppressed-hero=1 fwd-suppressed-lowhp=1 fwd-suppressed-motor=5 fwd-suppressed-tower=5 fwd-suppressed-visual=1 heal-item=2 hero-contact-atk=10 hero-contact-chase=4 hero-over-creep=4 hero-pass-atk=8 hero-pass-chase=2 hero-prio-always=7 hero-prio-chase-hold=5 hero-prio-chase=34 idle=2 killwin-scan=439 lane-line-suppressed-heal=5 lane-line-suppressed-lowhp=2 lane-line-suppressed-motor=1 last-hit-urgent=11 low-hp-limit=1 melee-pack-release=5 melee-pack-space=9 pre-aig=6 precreep-anchor=34 precreep-hold=2 precreep-park-hold=13 precreep-park=155 precreep-space=1 prewave-duel-trade=84 prewave-duel-uphill-back=15 recovery-buy=2 recovery-enemy-near=167 tango-heal=2 uphill-void-under-fire=3 visual-hold-creep=1 wave-watch-atk=4 wave-watch-no-wave=6 wave-watch=5'
08/30 16:35:35 [Localization System] CLocalize::FindSafe failed to localize: 'AIB[R] intent=arbiter family=fight winner=creep-aggro:112 losers=hero-pass:105'
08/30 16:35:35 [Localization System] CLocalize::FindSafe failed to localize: 'AIB[R] blocked=creep-aggro reason=hero_trading hp=67 hits=1'
08/30 16:35:35 [Localization System] CLocalize::FindSafe failed to localize: 'AIB[D] intent=state-desire-fight family=state base=78 range=18 dist=445 hp=61 ehp=67 hyst=18 reason=enemy_seen score=114'
08/30 16:35:35 [Localization System] CLocalize::FindSafe failed to localize: 'AIB[R] intent=top-arbiter family=state winner=safety:116 losers=fight:114,hero-over-creep:52,idle-heal:46,emergency-retreat:45,fwd-pullback:44'
08/30 16:35:35 [Localization System] CLocalize::FindSafe failed to localize: 'AIB[D] blocked=top-arbiter reason=empty_action winner=fight score=96'
08/30 16:35:35 [Localization System] CLocalize::FindSafe failed to localize: 'AIB[D] blocked=uphill-repo reason=no_step'
08/30 16:35:35 [Localization System] CLocalize::FindSafe failed to localize: 'AIB[R] intent=state-desire-fight family=state base=78 range=18 dist=476 hp=67 ehp=59 reason=enemy_seen score=96'
08/30 16:35:35 [Localization System] CLocalize::FindSafe failed to localize: 'AIB[R] blocked=ability-pressure reason=nothing_castable'
08/30 16:35:35 [Localization System] CLocalize::FindSafe failed to localize: 'AIB[D] intent=state-desire-safety family=state base=108 creep_dmg=8 hp=59 creep=true hero=true reason=recent_damage score=116'
08/30 16:35:35 [Localization System] CLocalize::FindSafe failed to localize: 'AIB[D] intent=creep-hit-react family=safety dist=137 hp=59 hits=1 reason=attack'
08/30 16:35:36 [Localization System] CLocalize::FindSafe failed to localize: 'AIB[R] blocked=hero-contact reason=refractory since=0.20'
08/30 16:35:36 [Localization System] CLocalize::FindSafe failed to localize: 'AIB[R] intent=tick-owner family=other stage=laning-core'
08/30 16:35:36 [Localization System] CLocalize::FindSafe failed to localize: 'AIB[D] blocked=safety-candidate reason=no_action_capped hp=59 score=44'
08/30 16:35:36 [Localization System] CLocalize::FindSafe failed to localize: 'AIB[D] blocked=creep-aggro reason=hero_trading hp=59 hits=1'
08/30 16:35:36 [Localization System] CLocalize::FindSafe failed to localize: 'AIB[D] intent=creep-aggro family=safety hp=59 dest=276,405 reason=chip_step'
08/30 16:35:36 [Localization System] CLocalize::FindSafe failed to localize: 'AIB[D] intent=arbiter family=fight winner=hero-pass:105 losers=creep-aggro:72'
08/30 16:35:36 [Localization System] CLocalize::FindSafe failed to localize: 'AIB[D] blocked=buy-loop reason=saving target=item_bottle head=item_bottle cost=675 gold=405 left=1'
08/30 16:35:36 [Localization System] CLocalize::FindSafe failed to localize: 'AIB[R] blocked=buy-loop reason=saving target=item_bottle head=item_bottle cost=675 gold=320 left=1'
08/30 16:35:36 [Localization System] CLocalize::FindSafe failed to localize: 'AIB[R] intent=damage-by-source family=other creep=161 tower=0 hero=728 mixed=52 death=0 other=0 stale=68 gaps=1'
08/30 16:35:36 [Localization System] CLocalize::FindSafe failed to localize: 'AIB[D] intent=top-arbiter family=state winner=fight:114 losers=hero-over-creep:52,idle-heal:46,emergency-retreat:45,fwd-pullback:44,emergency-kill:43.5'
08/30 16:35:36 [Localization System] CLocalize::FindSafe failed to localize: 'AIB[D] intent=tick-owner family=other stage=laning-core'
08/30 16:35:36 [Localization System] CLocalize::FindSafe failed to localize: 'AIB[R] t=93s hp=63% gold=320 loc=-530,-378 enemy-dist=547 lh=3 dn=0 dg=+42 dlh=+1 bottle=-1 lvl=2 front=8877 ehp=59'
08/30 16:35:36 [Localization System] CLocalize::FindSafe failed to localize: 'AIB[D] blocked=fight-candidate reason=no_action_capped hp=57 score=40'
08/30 16:35:36 [Localization System] CLocalize::FindSafe failed to localize: 'AIB[D] blocked=visual-hold reason=creep_damage held=2.1 hp=57 repeat=1 hard=false'
08/30 16:35:36 [Localization System] CLocalize::FindSafe failed to localize: 'AIB[R] intent=arbiter family=fight winner=hero-pass:90 losers=creep-aggro:72'
08/30 16:35:37 [Localization System] CLocalize::FindSafe failed to localize: 'AIB[R] intent=top-arbiter family=state winner=fight:114 losers=hero-over-creep:52,idle-heal:46,emergency-retreat:45,fwd-pullback:44,emergency-kill:43.5'
08/30 16:35:37 [Localization System] CLocalize::FindSafe failed to localize: 'AIB[D] intent=state-desire-fight family=state base=78 range=18 dist=517 hp=57 ehp=64 hyst=18 reason=enemy_seen score=114'
08/30 16:35:37 [Localization System] CLocalize::FindSafe failed to localize: 'AIB[D] blocked=ability-pressure reason=nothing_castable'
08/30 16:35:37 [Localization System] CLocalize::FindSafe failed to localize: 'AIB[D] blocked=hero-contact reason=refractory since=0.47'
08/30 16:35:37 [Localization System] CLocalize::FindSafe failed to localize: 'AIB[D] blocked=hero-over-creep reason=no_target'
08/30 16:35:37 [Localization System] CLocalize::FindSafe failed to localize: 'AIB[D] blocked=emergency-kill reason=no_target'
08/30 16:35:37 [Localization System] CLocalize::FindSafe failed to localize: 'AIB[R] intent=state-desire-safety family=state base=108 creep_dmg=8 hp=62 creep=true hero=false reason=recent_damage score=116'
08/30 16:35:37 [Localization System] CLocalize::FindSafe failed to localize: 'AIB[R] intent=creep-hit-react family=safety dist=140 hp=62 hits=3 reason=edge_attack'
08/30 16:35:37 [Localization System] CLocalize::FindSafe failed to localize: 'AIB[D] intent=state-desire-safety family=state base=108 creep_dmg=8 hp=57 creep=true hero=false reason=recent_damage score=116'
08/30 16:35:37 [Localization System] CLocalize::FindSafe failed to localize: 'AIB[D] intent=creep-hit-react family=safety dist=215 hp=57 hits=2 reason=attack'
08/30 16:35:37 [Localization System] CLocalize::FindSafe failed to localize: 'AIB[R] blocked=hero-over-creep reason=no_target'
08/30 16:35:37 [Localization System] CLocalize::FindSafe failed to localize: 'AIB[R] blocked=recovery-buy reason=budget_cap hp=62 gold=322 count=2 allow=2'
08/30 16:35:37 [Localization System] CLocalize::FindSafe failed to localize: 'AIB[R] blocked=emergency-kill reason=no_target'
08/30 16:35:37 [Localization System] CLocalize::FindSafe failed to localize: 'AIB[R] blocked=uphill-repo reason=no_reposition'
08/30 16:35:37 [Localization System] CLocalize::FindSafe failed to localize: 'AIB[R] intent=melee-pack-space family=safety count=2 dist=194'
08/30 16:35:37 [Localization System] CLocalize::FindSafe failed to localize: 'AIB[D] blocked=harass reason=no_target'
08/30 16:35:37 [Localization System] CLocalize::FindSafe failed to localize: 'AIB[R] blocked=uphill-repo reason=motor_busy'
08/30 16:35:38 [Localization System] CLocalize::FindSafe failed to localize: 'AIB[R] blocked=safety-candidate reason=no_action_capped hp=62 score=44'
08/30 16:35:38 [Localization System] CLocalize::FindSafe failed to localize: 'AIB[R] intent=state-desire-fight family=state base=78 range=18 dist=598 hp=62 ehp=58 reason=enemy_seen score=96'
08/30 16:35:38 [Localization System] CLocalize::FindSafe failed to localize: 'AIB[R] intent=hero-contact family=fight dist=598 hp=62 reason=attackable_enemy'
08/30 16:35:38 [Localization System] CLocalize::FindSafe failed to localize: 'AIB[R] intent=tick-owner family=other stage=laning-core'
08/30 16:35:38 [Localization System] CLocalize::FindSafe failed to localize: 'AIB[D] intent=top-arbiter family=state winner=creep-work:38.8 losers=hero-over-creep:52,idle-heal:46,emergency-retreat:45,fwd-pullback:44,emergency-kill:43.5'
08/30 16:35:38 [Localization System] CLocalize::FindSafe failed to localize: 'AIB[R] blocked=creep-hit-react reason=inside_melee_pack count=2 dist=62 hp=62'
08/30 16:35:38 [Localization System] CLocalize::FindSafe failed to localize: 'AIB[R] intent=arbiter family=fight winner=creep-aggro:112 losers=hero-pass:105'
08/30 16:35:38 [Localization System] CLocalize::FindSafe failed to localize: 'AIB[D] intent=tick-owner family=other stage=laning-core'
08/30 16:35:38 [Localization System] CLocalize::FindSafe failed to localize: 'AIB[R] intent=top-arbiter family=state winner=fight:114 losers=hero-over-creep:52,idle-heal:46,emergency-retreat:45,fwd-pullback:44,emergency-kill:43.5'
08/30 16:35:38 [Localization System] CLocalize::FindSafe failed to localize: 'AIB[R] blocked=ability-pressure reason=nothing_castable'
08/30 16:35:39 [Localization System] CLocalize::FindSafe failed to localize: 'AIB[D] intent=state-desire-last-hit family=farm dist=195 reason=killable_creep score=140'
08/30 16:35:39 [Localization System] CLocalize::FindSafe failed to localize: 'AIB[R] intent=state-desire-safety family=state base=108 creep_dmg=8 hp=60 creep=true hero=false reason=recent_damage score=116'
08/30 16:35:39 [Localization System] CLocalize::FindSafe failed to localize: 'AIB[R] intent=creep-hit-react family=safety dist=81 hp=60 hits=5 reason=edge_attack'
08/30 16:35:39 [Localization System] CLocalize::FindSafe failed to localize: 'AIB[R] blocked=hero-contact reason=refractory since=0.57'
08/30 16:35:39 [Localization System] CLocalize::FindSafe failed to localize: 'AIB[R] intent=state-desire-fight family=state base=78 range=18 dist=569 hp=56 ehp=58 hyst=18 reason=enemy_seen score=114'
08/30 16:35:39 [Localization System] CLocalize::FindSafe failed to localize: 'invalid index'
08/30 16:35:39 [Localization System] CLocalize::FindSafe failed to localize: 'AIB[D] blocked=uphill-repo reason=no_step'
08/30 16:35:39 [Localization System] CLocalize::FindSafe failed to localize: 'AIB[D] blocked=ability-harass reason=nothing_castable'
08/30 16:35:39 [Localization System] CLocalize::FindSafe failed to localize: 'AIB[D] blocked=visual-hold reason=hero_in_range held=2.0 hp=59 repeat=1 hard=false'
08/30 16:35:39 [Localization System] CLocalize::FindSafe failed to localize: 'AIB[D] intent=top-arbiter family=state winner=visual-hold:20 losers=hero-over-creep:52,idle-heal:46,emergency-retreat:45,fwd-pullback:44,emergency-kill:43.5'
08/30 16:35:39 [Localization System] CLocalize::FindSafe failed to localize: 'AIB[D] intent=state-desire-fight family=state base=78 range=18 execute=20 dist=508 hp=59 ehp=56 reason=enemy_seen score=116'
08/30 16:35:39 [Localization System] CLocalize::FindSafe failed to localize: 'AIB[D] intent=hero-contact family=fight dist=508 hp=59 reason=attackable_enemy'
08/30 16:35:40 [Localization System] CLocalize::FindSafe failed to localize: 'AIB[R] intent=creep-aggro family=safety hp=56 reason=creep_hitting'
08/30 16:35:40 [Localization System] CLocalize::FindSafe failed to localize: 'AIB[R] intent=tick-owner family=other stage=laning-core'
08/30 16:35:40 [Localization System] CLocalize::FindSafe failed to localize: 'AIB[D] blocked=fight-candidate reason=no_action_capped hp=59 score=40'
08/30 16:35:40 [Localization System] CLocalize::FindSafe failed to localize: 'AIB[D] t=97s hp=59% gold=450 loc=-171,-20 enemy-dist=528 lh=9 dn=1 dg=+47 dlh=+1 bottle=-1 lvl=3 front=9953 ehp=56'
08/30 16:35:40 [Localization System] CLocalize::FindSafe failed to localize: 'AIB[D] blocked=hero-over-creep reason=no_target'
08/30 16:35:40 [Localization System] CLocalize::FindSafe failed to localize: 'AIB[D] blocked=recovery-buy reason=budget_cap hp=59 gold=450 count=3 allow=3'
08/30 16:35:40 [Localization System] CLocalize::FindSafe failed to localize: 'AIB[D] intent=tick-owner family=other stage=laning-core'
08/30 16:35:40 [Localization System] CLocalize::FindSafe failed to localize: 'AIB[D] blocked=emergency-kill reason=no_target'
08/30 16:35:40 [Localization System] CLocalize::FindSafe failed to localize: 'AIB[D] blocked=uphill-repo reason=not_trading'
08/30 16:35:40 [Localization System] CLocalize::FindSafe failed to localize: 'AIB[D] blocked=harass reason=no_target'
08/30 16:35:41 [Localization System] CLocalize::FindSafe failed to localize: 'AIB[D] intent=top-arbiter family=state winner=creep-work:38.8 losers=hero-over-creep:52,idle-heal:46,emergency-retreat:45,fwd-pullback:44,emergency-kill:43.5'
08/30 16:35:41 [Localization System] CLocalize::FindSafe failed to localize: 'AIB[D] intent=state-desire-fight family=state base=78 execute=20 dist=790 hp=60 ehp=50 reason=enemy_seen score=98'
08/30 16:35:41 [Localization System] CLocalize::FindSafe failed to localize: 'AIB[D] blocked=ability-pressure reason=nothing_castable'
08/30 16:35:41 [Localization System] CLocalize::FindSafe failed to localize: 'AIB[D] intent=hero-pass family=fight dist=790 hp=60 reason=nearby_enemy'
08/30 16:35:41 [Localization System] CLocalize::FindSafe failed to localize: 'AIB[D] blocked=top-arbiter reason=empty_action winner=fight score=116'
08/30 16:35:41 [Localization System] CLocalize::FindSafe failed to localize: 'AIB[D] blocked=uphill-repo reason=no_reposition'
08/30 16:35:42 [Localization System] CLocalize::FindSafe failed to localize: 'AIB[R] t=99s hp=51% gold=329 loc=-917,-831 enemy-dist=960 lh=3 dn=0 dg=+9 dlh=+0 bottle=-1 lvl=2 front=8353 ehp=60'
08/30 16:35:42 [Localization System] CLocalize::FindSafe failed to localize: 'AIB[R] blocked=recover-candidate reason=no_action_capped hp=51 score=44'
08/30 16:35:42 [Localization System] CLocalize::FindSafe failed to localize: 'AIB[R] intent=state-desire-safety family=state base=108 creep_dmg=8 hp=51 creep=true hero=false reason=recent_damage score=116'
08/30 16:35:42 [Localization System] CLocalize::FindSafe failed to localize: 'AIB[R] intent=creep-hit-react family=safety dist=476 hp=51 hits=7 reason=aggro_step'
08/30 16:35:42 [Localization System] CLocalize::FindSafe failed to localize: 'AIB[R] intent=top-arbiter family=state winner=safety:116 losers=safe-cs:56,hero-over-creep:52,idle-heal:46,emergency-retreat:45,fwd-pullback:44'
08/30 16:35:42 [Localization System] CLocalize::FindSafe failed to localize: 'AIB[R] intent=tick-owner family=other stage=desire/safety base=108 creep_dmg=8 hp=51 creep=true hero=false reason=recent_damage score=116'
08/30 16:35:42 [Localization System] CLocalize::FindSafe failed to localize: 'AIB[R] blocked=safety-candidate reason=no_action_capped hp=51 score=44'
08/30 16:35:42 [Localization System] CLocalize::FindSafe failed to localize: 'AIB[R] blocked=hero-over-creep reason=no_target'
08/30 16:35:42 [Localization System] CLocalize::FindSafe failed to localize: 'AIB[R] intent=recovery-plan family=recover action=flask reason=inventory hp=51'
08/30 16:35:42 [Localization System] CLocalize::FindSafe failed to localize: 'AIB[R] intent=state-recover-xp family=state ttl=5 reason=post_fight_regen hp=52 dist=182'
08/30 16:35:42 [Localization System] CLocalize::FindSafe failed to localize: 'AIB[R] blocked=emergency-kill reason=no_target'
08/30 16:35:42 [Localization System] CLocalize::FindSafe failed to localize: 'AIB[R] blocked=uphill-repo reason=not_trading'
08/30 16:35:42 [Localization System] CLocalize::FindSafe failed to localize: 'AIB[R] blocked=harass reason=own_heal_running'
08/30 16:35:42 [Localization System] CLocalize::FindSafe failed to localize: 'AIB[R] blocked=ability-harass reason=nothing_castable'
08/30 16:35:42 [Localization System] CLocalize::FindSafe failed to localize: 'AIB[D] blocked=ability-harass reason=nothing_castable'
08/30 16:35:43 [Localization System] CLocalize::FindSafe failed to localize: 'AIB[D] intent=top-arbiter family=state winner=anti-idle:2 losers=hero-over-creep:52,idle-heal:46,emergency-retreat:45,fwd-pullback:44,emergency-kill:43.5'
08/30 16:35:43 [Localization System] CLocalize::FindSafe failed to localize: 'AIB[D] intent=tick-owner family=other stage=desire/anti-idle reason=ready score=2 band=idle'
08/30 16:35:43 [Localization System] CLocalize::FindSafe failed to localize: 'AIB[D] blocked=hero-over-creep reason=no_target'
08/30 16:35:43 [Localization System] CLocalize::FindSafe failed to localize: 'AIB[D] intent=channel-interrupt family=fight dist=936 hp=61 kind=heal reason=enemy_heal'
08/30 16:35:44 [Localization System] CLocalize::FindSafe failed to localize: 'AIB[R] intent=top-arbiter family=state winner=wave-watch:10 losers=hero-over-creep:52,idle-heal:46,emergency-retreat:45,fwd-pullback:44,emergency-kill:43.5'
08/30 16:35:44 [Localization System] CLocalize::FindSafe failed to localize: 'AIB[D] blocked=channel-interrupt reason=unsafe dist=743 hp=61 kind=heal'
08/30 16:35:44 [Localization System] CLocalize::FindSafe failed to localize: 'AIB[D] intent=state-desire-fight family=state base=78 execute=20 dist=743 hp=61 ehp=60 reason=enemy_seen score=98'
08/30 16:35:44 [Localization System] CLocalize::FindSafe failed to localize: 'AIB[D] blocked=emergency-kill reason=no_target'
08/30 16:35:44 [Localization System] CLocalize::FindSafe failed to localize: 'AIB[D] blocked=harass reason=no_target'
08/30 16:35:44 [Localization System] CLocalize::FindSafe failed to localize: 'AIB[D] blocked=buy-loop reason=saving target=item_bottle head=item_bottle cost=675 gold=456 left=1'
08/30 16:35:44 [Localization System] CLocalize::FindSafe failed to localize: 'AIB[R] blocked=buy-loop reason=saving target=item_bottle head=item_bottle cost=675 gold=332 left=1'
08/30 16:35:44 [Localization System] CLocalize::FindSafe failed to localize: 'AIB[R] intent=tick-owner family=other stage=laning-core'
08/30 16:35:44 [Localization System] CLocalize::FindSafe failed to localize: 'AIB[D] blocked=uphill-repo reason=no_reposition'
08/30 16:35:44 [Localization System] CLocalize::FindSafe failed to localize: 'AIB[R] blocked=fight-candidate reason=no_action_capped hp=63 score=40'
08/30 16:35:44 [Localization System] CLocalize::FindSafe failed to localize: 'AIB[D] blocked=ability-pressure reason=nothing_castable'
08/30 16:35:44 [Localization System] CLocalize::FindSafe failed to localize: 'AIB[D] blocked=hero-contact reason=refractory since=0.50'
08/30 16:35:44 [Localization System] CLocalize::FindSafe failed to localize: 'AIB[D] intent=arbiter family=fight winner=hero-pass:90 losers=channel-interrupt:80'
08/30 16:35:44 [Localization System] CLocalize::FindSafe failed to localize: 'AIB[R] intent=state-desire-safety family=state base=108 creep_dmg=8 hp=62 creep=true hero=false reason=recent_damage score=116'
08/30 16:35:44 [Localization System] CLocalize::FindSafe failed to localize: 'AIB[R] intent=creep-hit-react family=safety dist=138 hp=62 hits=8 reason=attack'
08/30 16:35:44 [Localization System] CLocalize::FindSafe failed to localize: 'AIB[D] intent=hero-contact family=fight dist=550 hp=61 reason=attackable_enemy'
08/30 16:35:44 [Localization System] CLocalize::FindSafe failed to localize: 'AIB[D] intent=top-arbiter family=state winner=fight:114 losers=hero-over-creep:52,idle-heal:46,emergency-retreat:45,fwd-pullback:44,emergency-kill:43.5'
08/30 16:35:45 [Localization System] CLocalize::FindSafe failed to localize: 'AIB[R] intent=state-desire-fight family=state base=78 range=18 dist=550 hp=62 ehp=61 reason=enemy_seen score=96'
08/30 16:35:45 [Localization System] CLocalize::FindSafe failed to localize: 'AIB[R] blocked=ability-pressure reason=nothing_castable'
08/30 16:35:45 [Localization System] CLocalize::FindSafe failed to localize: 'AIB[R] intent=hero-contact family=fight dist=550 hp=62 reason=attackable_enemy'
08/30 16:35:45 [Localization System] CLocalize::FindSafe failed to localize: 'AIB[D] blocked=top-arbiter reason=empty_action winner=fight score=114'
08/30 16:35:45 [Localization System] CLocalize::FindSafe failed to localize: 'AIB[D] t=102s hp=61% gold=457 loc=-740,-586 enemy-dist=550 lh=9 dn=2 dg=+7 dlh=+0 bottle=-1 lvl=3 front=10766 ehp=64'
08/30 16:35:45 [Localization System] CLocalize::FindSafe failed to localize: 'AIB[D] intent=tick-owner family=other stage=laning-core'
08/30 16:35:45 [Localization System] CLocalize::FindSafe failed to localize: 'AIB[D] blocked=ability-harass reason=nothing_castable'
08/30 16:35:46 [Localization System] CLocalize::FindSafe failed to localize: 'AIB[D] blocked=hero-over-creep reason=no_target'
08/30 16:35:46 [Localization System] CLocalize::FindSafe failed to localize: 'AIB[D] intent=top-arbiter family=state winner=anti-idle:2 losers=hero-over-creep:52,idle-heal:46,emergency-retreat:45,fwd-pullback:44,emergency-kill:43.5'
08/30 16:35:47 [Localization System] CLocalize::FindSafe failed to localize: 'AIB[R] t=104s hp=72% gold=337 loc=-1679,-1298 enemy-dist=1369 lh=3 dn=0 dg=+8 dlh=+0 bottle=-1 lvl=2 front=7078 ehp=62'
08/30 16:35:47 [Localization System] CLocalize::FindSafe failed to localize: 'AIB[R] blocked=hero-over-creep reason=no_target'
08/30 16:35:47 [Localization System] CLocalize::FindSafe failed to localize: 'AIB[R] blocked=emergency-kill reason=no_target'
08/30 16:35:47 [Localization System] CLocalize::FindSafe failed to localize: 'AIB[R] blocked=uphill-repo reason=no_reposition'
08/30 16:35:47 [Localization System] CLocalize::FindSafe failed to localize: 'AIB[R] blocked=harass reason=own_heal_running'
08/30 16:35:47 [Localization System] CLocalize::FindSafe failed to localize: 'AIB[R] blocked=ability-harass reason=nothing_castable'
08/30 16:35:47 [Localization System] CLocalize::FindSafe failed to localize: 'AIB[R] intent=top-arbiter family=state winner=anti-idle:2 losers=hero-over-creep:52,idle-heal:46,emergency-retreat:45,fwd-pullback:44,emergency-kill:43.5'
08/30 16:35:47 [Localization System] CLocalize::FindSafe failed to localize: 'AIB[R] intent=tick-owner family=other stage=desire/anti-idle reason=ready score=2 band=idle'
08/30 16:35:47 [Localization System] CLocalize::FindSafe failed to localize: 'AIB[D] blocked=emergency-kill reason=no_target'
08/30 16:35:47 [Localization System] CLocalize::FindSafe failed to localize: 'AIB[D] blocked=harass reason=no_target'
08/30 16:35:47 [Localization System] CLocalize::FindSafe failed to localize: 'AIB[D] blocked=uphill-repo reason=no_reposition'
08/30 16:35:48 [Localization System] CLocalize::FindSafe failed to localize: 'AIB[D] intent=top-arbiter family=state winner=anti-idle:2 losers=hero-over-creep:52,idle-heal:46,emergency-retreat:45,fwd-pullback:44,emergency-kill:43.5'
08/30 16:35:48 [Localization System] CLocalize::FindSafe failed to localize: 'AIB[D] intent=tick-owner family=other stage=laning-core'
08/30 16:35:48 [Localization System] CLocalize::FindSafe failed to localize: 'AIB[D] intent=lane-line-episode family=other dist=248 fwd=0.55'
08/30 16:35:48 [Localization System] CLocalize::FindSafe failed to localize: 'AIB[D] blocked=uphill-repo reason=motor_busy'
08/30 16:35:49 [Localization System] CLocalize::FindSafe failed to localize: 'AIB[D] blocked=ability-harass reason=nothing_castable'
08/30 16:35:49 [Localization System] CLocalize::FindSafe failed to localize: 'AIB[D] intent=damage-by-source family=other creep=269 tower=0 hero=653 mixed=130 death=0 other=0 stale=0 gaps=0'
08/30 16:35:49 [Localization System] CLocalize::FindSafe failed to localize: 'AIB[R] intent=top-arbiter family=state winner=anti-idle:2 losers=hero-over-creep:52,idle-heal:46,emergency-retreat:45,fwd-pullback:44,emergency-kill:43.5'
08/30 16:35:49 [Localization System] CLocalize::FindSafe failed to localize: 'AIB[R] intent=tick-owner family=other stage=desire/anti-idle reason=ready score=2 band=idle'
08/30 16:35:50 [Localization System] CLocalize::FindSafe failed to localize: 'AIB[R] blocked=hero-over-creep reason=no_target'
08/30 16:35:50 [Localization System] CLocalize::FindSafe failed to localize: 'AIB[R] blocked=emergency-kill reason=no_target'
08/30 16:35:50 [Localization System] CLocalize::FindSafe failed to localize: 'AIB[R] blocked=uphill-repo reason=no_reposition'
08/30 16:35:50 [Localization System] CLocalize::FindSafe failed to localize: 'AIB[R] blocked=ability-harass reason=nothing_castable'
08/30 16:35:51 [Localization System] CLocalize::FindSafe failed to localize: 'AIB[R] intent=top-arbiter family=state winner=anti-idle:2 losers=hero-over-creep:52,idle-heal:46,emergency-retreat:45,fwd-pullback:44,emergency-kill:43.5'
08/30 16:35:51 [Localization System] CLocalize::FindSafe failed to localize: 'AIB[R] blocked=harass reason=own_heal_running'
08/30 16:35:51 [Localization System] CLocalize::FindSafe failed to localize: 'AIB[R] intent=damage-by-source family=other creep=220 tower=0 hero=728 mixed=52 death=0 other=0 stale=101 gaps=2'
08/30 16:35:51 [Localization System] CLocalize::FindSafe failed to localize: 'AIB[D] t=108s hp=64% gold=467 loc=-456,-245 enemy-dist=1472 lh=9 dn=3 dg=+10 dlh=+0 bottle=-1 lvl=3 front=9717 ehp=95'
08/30 16:35:51 [Localization System] CLocalize::FindSafe failed to localize: 'AIB[D] blocked=hero-over-creep reason=no_target'
08/30 16:35:51 [Localization System] CLocalize::FindSafe failed to localize: 'AIB[D] blocked=emergency-kill reason=no_target'
08/30 16:35:51 [Localization System] CLocalize::FindSafe failed to localize: 'AIB[D] blocked=uphill-repo reason=no_reposition'
08/30 16:35:51 [Localization System] CLocalize::FindSafe failed to localize: 'AIB[D] blocked=harass reason=no_target'
08/30 16:35:51 [Localization System] CLocalize::FindSafe failed to localize: 'AIB[D] intent=top-arbiter family=state winner=lane-line:18 losers=hero-over-creep:52,idle-heal:46,emergency-retreat:45,fwd-pullback:44,emergency-kill:43.5'
08/30 16:35:51 [Localization System] CLocalize::FindSafe failed to localize: 'AIB[D] intent=tick-owner family=other stage=desire/lane-line reason=ready score=18 band=position'
08/30 16:35:51 [Localization System] CLocalize::FindSafe failed to localize: 'AIB[R] intent=tick-owner family=other stage=desire/anti-idle reason=ready score=2 band=idle'
08/30 16:35:51 [Localization System] CLocalize::FindSafe failed to localize: 'AIB[D] blocked=uphill-repo reason=motor_busy'
08/30 16:35:52 [Localization System] CLocalize::FindSafe failed to localize: 'AIB[D] blocked=ability-harass reason=nothing_castable'
08/30 16:35:52 [Localization System] CLocalize::FindSafe failed to localize: 'AIB[D] blocked=buy-loop reason=saving target=item_bottle head=item_bottle cost=675 gold=468 left=1'
08/30 16:35:52 [Localization System] CLocalize::FindSafe failed to localize: 'AIB[R] blocked=buy-loop reason=saving target=item_bottle head=item_bottle cost=675 gold=344 left=1'
08/30 16:35:52 [Localization System] CLocalize::FindSafe failed to localize: 'AIB[R] t=109s hp=100% gold=344 loc=-1328,-1110 enemy-dist=998 lh=3 dn=0 dg=+7 dlh=+0 bottle=-1 lvl=2 front=8219 ehp=65'
08/30 16:35:52 [Localization System] CLocalize::FindSafe failed to localize: 'AIB[R] blocked=uphill-repo reason=not_trading'
08/30 16:35:52 [Localization System] CLocalize::FindSafe failed to localize: 'AIB[D] blocked=wave-watch reason=not_finishable creep_hp=550 dist=153 idle=10'
08/30 16:35:52 [Localization System] CLocalize::FindSafe failed to localize: 'AIB[R] blocked=recovery-buy reason=budget_cap hp=100 gold=345 count=2 allow=2'
08/30 16:35:52 [Localization System] CLocalize::FindSafe failed to localize: 'AIB[R] intent=top-arbiter family=state winner=anti-idle:2 losers=hero-over-creep:52,idle-heal:46,emergency-retreat:45,fwd-pullback:44,emergency-kill:43.5'
08/30 16:35:53 [Localization System] CLocalize::FindSafe failed to localize: 'AIB[R] blocked=fight-candidate reason=no_action_capped hp=100 score=40'
08/30 16:35:53 [Localization System] CLocalize::FindSafe failed to localize: 'AIB[R] blocked=wave-watch reason=not_finishable creep_hp=550 dist=754 idle=10'
08/30 16:35:53 [Localization System] CLocalize::FindSafe failed to localize: 'AIB[D] intent=melee-pack-space family=safety count=3 dist=318'
08/30 16:35:53 [Localization System] CLocalize::FindSafe failed to localize: 'AIB[D] intent=top-arbiter family=state winner=wave-watch:10 losers=hero-over-creep:52,idle-heal:46,emergency-retreat:45,fwd-pullback:44,emergency-kill:43.5'
08/30 16:35:53 Script function 'Think' on bot npc_dota_hero_nevermore took 2.116ms
08/30 16:35:53 [Localization System] CLocalize::FindSafe failed to localize: 'AIB[R] blocked=hero-over-creep reason=no_target'
08/30 16:35:53 [Localization System] CLocalize::FindSafe failed to localize: 'AIB[R] blocked=emergency-kill reason=no_target'
08/30 16:35:53 [Localization System] CLocalize::FindSafe failed to localize: 'AIB[R] blocked=ability-harass reason=nothing_castable'
08/30 16:35:53 [Localization System] CLocalize::FindSafe failed to localize: 'AIB[D] intent=channel-interrupt family=fight dist=698 hp=65 kind=heal reason=enemy_heal'
08/30 16:35:53 [Localization System] CLocalize::FindSafe failed to localize: 'AIB[R] intent=melee-pack-space family=safety count=2 dist=132'
08/30 16:35:53 [Localization System] CLocalize::FindSafe failed to localize: 'AIB[D] intent=tick-owner family=other stage=laning-core'
08/30 16:35:53 [Localization System] CLocalize::FindSafe failed to localize: 'AIB[R] intent=tick-owner family=other stage=laning-core'
08/30 16:35:54 [Localization System] CLocalize::FindSafe failed to localize: 'AIB[R] intent=top-arbiter family=state winner=wave-watch:10 losers=hero-over-creep:52,idle-heal:46,emergency-retreat:45,fwd-pullback:44,emergency-kill:43.5'
08/30 16:35:55 [Localization System] CLocalize::FindSafe failed to localize: 'AIB[R] intent=state-desire-fight family=state base=78 range=18 hp_adv=8 dist=595 hp=91 ehp=62 reason=enemy_seen score=104'
08/30 16:35:55 [Localization System] CLocalize::FindSafe failed to localize: 'AIB[R] blocked=ability-pressure reason=nothing_castable'
08/30 16:35:55 [Localization System] CLocalize::FindSafe failed to localize: 'AIB[R] intent=hero-contact family=fight dist=595 hp=91 reason=attackable_enemy'
08/30 16:35:55 [Localization System] CLocalize::FindSafe failed to localize: 'AIB[R] blocked=hero-contact reason=refractory since=0.13'
08/30 16:35:55 [Localization System] CLocalize::FindSafe failed to localize: 'AIB[R] intent=hero-pass family=fight dist=632 hp=91 reason=nearby_enemy'
08/30 16:35:55 [Localization System] CLocalize::FindSafe failed to localize: 'AIB[R] blocked=top-arbiter reason=empty_action winner=fight score=104'
08/30 16:35:55 [Localization System] CLocalize::FindSafe failed to localize: 'AIB[R] blocked=uphill-repo reason=no_reposition'
08/30 16:35:55 [Localization System] CLocalize::FindSafe failed to localize: 'AIB[R] blocked=uphill-repo reason=motor_busy'
08/30 16:35:55 [Localization System] CLocalize::FindSafe failed to localize: 'AIB[R] intent=top-arbiter family=state winner=harass:40 losers=hero-over-creep:52,idle-heal:46,emergency-retreat:45,fwd-pullback:44,emergency-kill:43.5'
08/30 16:35:55 [Localization System] CLocalize::FindSafe failed to localize: 'AIB[R] intent=tick-owner family=other stage=laning-core'
08/30 16:35:56 [Localization System] CLocalize::FindSafe failed to localize: 'AIB[R] blocked=hero-prio-chase reason=lane_work dist=921 cs=false creep=true hp_adv=false kill_pressure=false close=false low_farm=false lane_override=false'
08/30 16:35:56 [Localization System] CLocalize::FindSafe failed to localize: 'AIB[R] blocked=harass reason=no_target'
08/30 16:35:56 [Localization System] CLocalize::FindSafe failed to localize: 'AIB[R] blocked=visual-hold reason=creep_in_range held=2.2 hp=92 repeat=2 hard=false'
08/30 16:35:56 [Localization System] CLocalize::FindSafe failed to localize: 'AIB[R] blocked=wave-watch reason=not_finishable creep_hp=300 dist=944 idle=14'
08/30 16:35:56 [Localization System] CLocalize::FindSafe failed to localize: 'AIB[R] blocked=hero-over-creep reason=no_target'
08/30 16:35:56 [Localization System] CLocalize::FindSafe failed to localize: 'AIB[R] blocked=emergency-kill reason=no_target'
08/30 16:35:56 [Localization System] CLocalize::FindSafe failed to localize: 'AIB[R] blocked=ability-harass reason=nothing_castable'
08/30 16:35:56 [Localization System] CLocalize::FindSafe failed to localize: 'AIB[D] t=113s hp=57% gold=474 loc=-256,-126 enemy-dist=1095 lh=9 dn=3 dg=+7 dlh=+0 bottle=-1 lvl=3 front=10226 ehp=92'
08/30 16:35:56 [Localization System] CLocalize::FindSafe failed to localize: 'AIB[D] intent=state-desire-safety family=state base=108 creep_dmg=8 hp=57 creep=true hero=false reason=recent_damage score=116'
08/30 16:35:56 [Localization System] CLocalize::FindSafe failed to localize: 'AIB[D] intent=creep-hit-react family=safety dist=586 hp=57 hits=1 reason=attack'
08/30 16:35:56 [Localization System] CLocalize::FindSafe failed to localize: 'AIB[D] intent=top-arbiter family=state winner=safety:116 losers=hero-over-creep:52,idle-heal:46,emergency-retreat:45,fwd-pullback:44,emergency-kill:43.5'
08/30 16:35:56 [Localization System] CLocalize::FindSafe failed to localize: 'AIB[D] intent=tick-owner family=other stage=desire/safety base=108 creep_dmg=8 hp=57 creep=true hero=false reason=recent_damage score=116'
08/30 16:35:56 Script function 'Think' on bot npc_dota_hero_nevermore took 2.172ms
08/30 16:35:56 [Localization System] CLocalize::FindSafe failed to localize: 'AIB[D] blocked=safety-candidate reason=no_action_capped hp=57 score=44'
08/30 16:35:56 [Localization System] CLocalize::FindSafe failed to localize: 'AIB[D] blocked=hero-over-creep reason=no_target'
08/30 16:35:56 [Localization System] CLocalize::FindSafe failed to localize: 'AIB[D] intent=recovery-plan family=recover action=flask reason=inventory hp=57'
08/30 16:35:57 [Localization System] CLocalize::FindSafe failed to localize: 'AIB[R] blocked=channel-interrupt reason=unsafe dist=1098 hp=92 kind=heal'
08/30 16:35:57 [Localization System] CLocalize::FindSafe failed to localize: 'AIB[R] intent=melee-pack-space family=safety count=2 dist=145'
08/30 16:35:57 [Localization System] CLocalize::FindSafe failed to localize: 'AIB[D] blocked=recovery-flask reason=already_healing hp=58'
08/30 16:35:57 [Localization System] CLocalize::FindSafe failed to localize: 'AIB[D] blocked=emergency-kill reason=no_target'
08/30 16:35:57 [Localization System] CLocalize::FindSafe failed to localize: 'AIB[D] blocked=uphill-repo reason=no_reposition'
08/30 16:35:57 [Localization System] CLocalize::FindSafe failed to localize: 'AIB[D] intent=melee-pack-space family=safety count=3 dist=124'
08/30 16:35:57 [Localization System] CLocalize::FindSafe failed to localize: 'AIB[D] blocked=harass reason=own_heal_running'
08/30 16:35:57 [Localization System] CLocalize::FindSafe failed to localize: 'AIB[D] blocked=ability-harass reason=nothing_castable'
08/30 16:35:57 [Localization System] CLocalize::FindSafe failed to localize: 'AIB[D] blocked=wave-watch reason=not_finishable creep_hp=342 dist=558 idle=15'
08/30 16:35:57 [Localization System] CLocalize::FindSafe failed to localize: 'AIB[R] t=114s hp=93% gold=352 loc=-1069,-829 enemy-dist=925 lh=3 dn=0 dg=+8 dlh=+0 bottle=-1 lvl=2 front=8352 ehp=60'
08/30 16:35:57 [Localization System] CLocalize::FindSafe failed to localize: 'AIB[R] intent=top-arbiter family=state winner=creep-work:38.6 losers=hero-over-creep:52,idle-heal:46,emergency-retreat:45,fwd-pullback:44,emergency-kill:43.5'
08/30 16:35:58 [Localization System] CLocalize::FindSafe failed to localize: 'AIB[R] intent=tick-owner family=other stage=laning-core'
08/30 16:35:58 [Localization System] CLocalize::FindSafe failed to localize: 'AIB[R] blocked=visual-hold reason=creep_in_range held=4.3 hp=93 repeat=3 hard=true'
08/30 16:35:58 [Localization System] CLocalize::FindSafe failed to localize: 'AIB[D] intent=top-arbiter family=state winner=wave-watch:10 losers=hero-over-creep:52,idle-heal:46,emergency-retreat:45,fwd-pullback:44,emergency-kill:43.5'
08/30 16:35:58 [Localization System] CLocalize::FindSafe failed to localize: 'AIB[R] blocked=uphill-repo reason=no_step'
08/30 16:35:58 [Localization System] CLocalize::FindSafe failed to localize: 'AIB[R] intent=wave-watch-work family=other lh=3 idle=16 creep_hp=100 dist=515'
08/30 16:35:58 [Localization System] CLocalize::FindSafe failed to localize: 'AIB[D] intent=tick-owner family=other stage=desire/creep-work reason=ready score=39 band=lanework'
08/30 16:35:59 [Localization System] CLocalize::FindSafe failed to localize: 'AIB[R] intent=state-desire-last-hit family=farm dist=515 reason=killable_creep score=140'
08/30 16:35:59 [Localization System] CLocalize::FindSafe failed to localize: 'AIB[R] intent=top-arbiter family=state winner=last-hit:140 losers=hero-over-creep:52,cs-inrange:50,idle-heal:46,emergency-retreat:45,fwd-pullback:44'
08/30 16:35:59 [Localization System] CLocalize::FindSafe failed to localize: 'AIB[R] blocked=hero-over-creep reason=no_target'
08/30 16:35:59 [Localization System] CLocalize::FindSafe failed to localize: 'AIB[R] blocked=emergency-kill reason=no_target'
08/30 16:35:59 [Localization System] CLocalize::FindSafe failed to localize: 'AIB[R] blocked=hero-prio-chase reason=lane_work dist=925 cs=false creep=true hp_adv=false kill_pressure=false close=false low_farm=false lane_override=false'
08/30 16:35:59 [Localization System] CLocalize::FindSafe failed to localize: 'AIB[R] blocked=harass reason=no_target'
08/30 16:35:59 [Localization System] CLocalize::FindSafe failed to localize: 'invalid index'
08/30 16:35:59 [Server] PR:IncrementIdleTime 6:[I:0:0] 2.23
08/30 16:35:59 [Localization System] CLocalize::FindSafe failed to localize: 'AIB[R] intent=melee-pack-space family=safety count=2 dist=129'
08/30 16:35:59 [Localization System] CLocalize::FindSafe failed to localize: 'AIB[D] blocked=hero-over-creep reason=no_target'
08/30 16:35:59 [Localization System] CLocalize::FindSafe failed to localize: 'AIB[D] intent=top-arbiter family=state winner=creep-work:38.8 losers=hero-over-creep:52,idle-heal:46,emergency-retreat:45,fwd-pullback:44,emergency-kill:43.5'
08/30 16:36:00 [Localization System] CLocalize::FindSafe failed to localize: 'AIB[R] intent=tick-owner family=other stage=laning-core'
08/30 16:36:00 [Localization System] CLocalize::FindSafe failed to localize: 'AIB[D] blocked=emergency-kill reason=no_target'
08/30 16:36:00 [Localization System] CLocalize::FindSafe failed to localize: 'AIB[D] blocked=uphill-repo reason=no_reposition'
08/30 16:36:00 [Localization System] CLocalize::FindSafe failed to localize: 'AIB[D] blocked=recovery-buy reason=flask_in_inventory hp=73'
08/30 16:36:00 [Localization System] CLocalize::FindSafe failed to localize: 'AIB[D] intent=cs-watchdog family=farm lh=9 idle=18 creep_hp=98 dist=468'
08/30 16:36:00 [Localization System] CLocalize::FindSafe failed to localize: 'AIB[D] intent=state-desire-last-hit family=farm dist=468 reason=killable_creep score=140'
08/30 16:36:00 [Localization System] CLocalize::FindSafe failed to localize: 'AIB[D] blocked=buy-loop reason=saving target=item_bottle head=item_bottle cost=675 gold=480 left=1'
08/30 16:36:00 [Localization System] CLocalize::FindSafe failed to localize: 'AIB[R] blocked=buy-loop reason=saving target=item_bottle head=item_bottle cost=675 gold=356 left=1'
08/30 16:36:00 [Localization System] CLocalize::FindSafe failed to localize: 'AIB[D] blocked=ability-harass reason=nothing_castable'
08/30 16:36:00 [Localization System] CLocalize::FindSafe failed to localize: 'AIB[D] blocked=visual-hold reason=creep_in_range held=2.9 hp=75 repeat=1 hard=false'
08/30 16:36:00 [Localization System] CLocalize::FindSafe failed to localize: 'AIB[R] intent=top-arbiter family=state winner=creep-work:38.6 losers=hero-over-creep:52,idle-heal:46,emergency-retreat:45,fwd-pullback:44,emergency-kill:43.5'
08/30 16:36:00 [Localization System] CLocalize::FindSafe failed to localize: 'AIB[D] intent=wave-watch-work family=other lh=9 idle=18 creep_hp=20 dist=468'
08/30 16:36:00 [Localization System] CLocalize::FindSafe failed to localize: 'AIB[R] intent=cs-watchdog family=farm lh=3 idle=18 creep_hp=415 dist=544'
08/30 16:36:00 [Localization System] CLocalize::FindSafe failed to localize: 'AIB[D] intent=tick-owner family=other stage=laning-core'
08/30 16:36:01 [Localization System] CLocalize::FindSafe failed to localize: 'AIB[R] blocked=recovery-buy reason=budget_cap hp=95 gold=357 count=2 allow=2'
08/30 16:36:01 [Localization System] CLocalize::FindSafe failed to localize: 'AIB[D] blocked=wave-watch reason=not_finishable creep_hp=300 dist=840 idle=19'
08/30 16:36:01 [Localization System] CLocalize::FindSafe failed to localize: 'AIB[D] blocked=harass reason=no_target'
08/30 16:36:01 [Localization System] CLocalize::FindSafe failed to localize: 'AIB[R] blocked=uphill-repo reason=no_step'
08/30 16:36:01 [Localization System] CLocalize::FindSafe failed to localize: 'AIB[R] blocked=ability-harass reason=nothing_castable'
08/30 16:36:01 [Localization System] CLocalize::FindSafe failed to localize: 'AIB[R] blocked=wave-watch reason=not_finishable creep_hp=141 dist=884 idle=19'
08/30 16:36:01 [Localization System] CLocalize::FindSafe failed to localize: 'AIB[D] intent=top-arbiter family=state winner=wave-watch:10 losers=hero-over-creep:52,idle-heal:46,emergency-retreat:45,fwd-pullback:44,emergency-kill:43.5'
08/30 16:36:01 [Localization System] CLocalize::FindSafe failed to localize: 'AIB[D] t=118s hp=62% gold=482 loc=-352,-185 enemy-dist=925 lh=9 dn=3 dg=+8 dlh=+0 bottle=-1 lvl=3 front=10208 ehp=95'
08/30 16:36:02 [Localization System] CLocalize::FindSafe failed to localize: 'AIB[R] intent=state-desire-last-hit family=farm dist=500 reason=killable_creep score=140'
08/30 16:36:02 [Localization System] CLocalize::FindSafe failed to localize: 'AIB[R] intent=top-arbiter family=state winner=last-hit:158 losers=hero-over-creep:52,cs-inrange:50,idle-heal:46,emergency-retreat:45,fwd-pullback:44'
08/30 16:36:02 [Localization System] CLocalize::FindSafe failed to localize: 'AIB[R] intent=tick-owner family=other stage=laning-core'
08/30 16:36:02 [Localization System] CLocalize::FindSafe failed to localize: 'AIB[R] t=119s hp=96% gold=359 loc=-1033,-810 enemy-dist=925 lh=3 dn=0 dg=+7 dlh=+0 bottle=-1 lvl=3 front=8352 ehp=62'
08/30 16:36:02 [Localization System] CLocalize::FindSafe failed to localize: 'AIB[R] blocked=hero-over-creep reason=no_target'
08/30 16:36:02 [Localization System] CLocalize::FindSafe failed to localize: 'AIB[R] blocked=emergency-kill reason=no_target'
08/30 16:36:02 [Localization System] CLocalize::FindSafe failed to localize: 'AIB[R] blocked=hero-prio-chase reason=lane_work dist=925 cs=true creep=true hp_adv=false kill_pressure=false close=false low_farm=false lane_override=false'
08/30 16:36:02 [Localization System] CLocalize::FindSafe failed to localize: 'AIB[R] blocked=harass reason=no_target'
08/30 16:36:02 [Localization System] CLocalize::FindSafe failed to localize: 'AIB[D] intent=cs-watchdog family=farm lh=9 idle=21 creep_hp=273 dist=474'
08/30 16:36:02 [Localization System] CLocalize::FindSafe failed to localize: 'AIB[R] blocked=uphill-repo reason=not_trading'
08/30 16:36:02 [Localization System] CLocalize::FindSafe failed to localize: 'AIB[D] blocked=hero-over-creep reason=no_target'
08/30 16:36:02 [Localization System] CLocalize::FindSafe failed to localize: 'AIB[D] blocked=visual-hold reason=creep_in_range held=5.3 hp=62 repeat=3 hard=true'
08/30 16:36:02 [Localization System] CLocalize::FindSafe failed to localize: 'AIB[D] intent=top-arbiter family=state winner=visual-hold:20 losers=hero-over-creep:52,idle-heal:46,emergency-retreat:45,fwd-pullback:44,emergency-kill:43.5'
08/30 16:36:03 [Localization System] CLocalize::FindSafe failed to localize: 'AIB[D] intent=tick-owner family=other stage=desire/wave-watch reason=ready score=10 band=idle'
08/30 16:36:03 [Localization System] CLocalize::FindSafe failed to localize: 'AIB[D] blocked=emergency-kill reason=no_target'
08/30 16:36:03 [Localization System] CLocalize::FindSafe failed to localize: 'AIB[D] blocked=uphill-repo reason=no_reposition'
08/30 16:36:03 [Localization System] CLocalize::FindSafe failed to localize: 'AIB[D] blocked=ability-harass reason=nothing_castable'
08/30 16:36:03 [Localization System] CLocalize::FindSafe failed to localize: 'AIB[R] intent=top-arbiter family=state winner=creep-work:38.6 losers=hero-over-creep:52,idle-heal:46,emergency-retreat:45,fwd-pullback:44,emergency-kill:43.5'
08/30 16:36:04 [Localization System] CLocalize::FindSafe failed to localize: 'AIB[R] intent=tick-owner family=other stage=laning-core'
08/30 16:36:04 [Localization System] CLocalize::FindSafe failed to localize: 'AIB[D] intent=damage-by-source family=other creep=269 tower=0 hero=763 mixed=130 death=0 other=0 stale=60 gaps=1'
08/30 16:36:04 [Localization System] CLocalize::FindSafe failed to localize: 'AIB[D] blocked=harass reason=no_target'
08/30 16:36:04 [Localization System] CLocalize::FindSafe failed to localize: 'AIB[D] intent=top-arbiter family=state winner=creep-work:38.8 losers=hero-over-creep:52,idle-heal:46,emergency-retreat:45,fwd-pullback:44,emergency-kill:43.5'
08/30 16:36:04 [Localization System] CLocalize::FindSafe failed to localize: 'AIB[R] intent=cs-watchdog family=farm lh=3 idle=22 creep_hp=89 dist=605'
08/30 16:36:04 [Localization System] CLocalize::FindSafe failed to localize: 'AIB[D] intent=recovery-plan family=recover action=flask reason=inventory hp=63'
08/30 16:36:05 [Localization System] CLocalize::FindSafe failed to localize: 'AIB[R] blocked=channel-interrupt reason=unsafe dist=969 hp=97 kind=heal'
08/30 16:36:05 [Localization System] CLocalize::FindSafe failed to localize: 'AIB[R] blocked=ability-harass reason=nothing_castable'
08/30 16:36:05 [Localization System] CLocalize::FindSafe failed to localize: 'AIB[R] intent=lane-line-episode family=other dist=905 fwd=0.56'
08/30 16:36:05 [Localization System] CLocalize::FindSafe failed to localize: 'AIB[D] blocked=harass reason=own_heal_running'
08/30 16:36:05 [Localization System] CLocalize::FindSafe failed to localize: 'AIB[D] blocked=wave-watch reason=not_finishable creep_hp=198 dist=420 idle=23'
08/30 16:36:05 [Localization System] CLocalize::FindSafe failed to localize: 'AIB[D] intent=tick-owner family=other stage=desire/wave-watch reason=ready score=10 band=idle'
08/30 16:36:05 [Localization System] CLocalize::FindSafe failed to localize: 'AIB[R] blocked=uphill-repo reason=motor_busy'
08/30 16:36:05 [Localization System] CLocalize::FindSafe failed to localize: 'AIB[R] intent=wave-watch-work family=other lh=3 idle=22 creep_hp=55 dist=574'
08/30 16:36:05 [Localization System] CLocalize::FindSafe failed to localize: 'AIB[D] intent=cs-watchdog family=farm lh=9 idle=23 creep_hp=198 dist=420'
08/30 16:36:05 [Localization System] CLocalize::FindSafe failed to localize: 'AIB[D] blocked=visual-hold reason=creep_in_range held=7.8 hp=66 repeat=5 hard=true'
08/30 16:36:05 [Localization System] CLocalize::FindSafe failed to localize: 'AIB[R] intent=top-arbiter family=state winner=lane-line:18 losers=hero-over-creep:52,idle-heal:46,emergency-retreat:45,fwd-pullback:44,emergency-kill:43.5'
08/30 16:36:05 [Localization System] CLocalize::FindSafe failed to localize: 'AIB[D] blocked=recovery-buy reason=budget_cap hp=67 gold=488 count=3 allow=3'
08/30 16:36:05 [Localization System] CLocalize::FindSafe failed to localize: 'AIB[D] intent=melee-pack-space family=safety count=2 dist=124'
08/30 16:36:05 [Localization System] CLocalize::FindSafe failed to localize: 'AIB[R] blocked=fight-candidate reason=no_action_capped hp=98 score=40'
08/30 16:36:05 [Localization System] CLocalize::FindSafe failed to localize: 'AIB[R] blocked=hero-over-creep reason=no_target'
08/30 16:36:05 [Localization System] CLocalize::FindSafe failed to localize: 'AIB[R] blocked=emergency-kill reason=no_target'
08/30 16:36:05 [Localization System] CLocalize::FindSafe failed to localize: 'AIB[R] blocked=hero-prio-chase reason=lane_work dist=774 cs=true creep=false hp_adv=false kill_pressure=false close=false low_farm=false lane_override=false'
08/30 16:36:05 [Localization System] CLocalize::FindSafe failed to localize: 'AIB[R] blocked=harass reason=no_target'
08/30 16:36:06 [Localization System] CLocalize::FindSafe failed to localize: 'AIB[D] blocked=hero-over-creep reason=no_target'
08/30 16:36:06 [Localization System] CLocalize::FindSafe failed to localize: 'AIB[D] intent=top-arbiter family=state winner=wave-watch:10 losers=hero-over-creep:52,idle-heal:46,emergency-retreat:45,fwd-pullback:44,emergency-kill:43.5'
08/30 16:36:06 [Localization System] CLocalize::FindSafe failed to localize: 'AIB[R] intent=channel-interrupt family=fight dist=622 hp=78 kind=heal reason=enemy_heal'
08/30 16:36:06 [Localization System] CLocalize::FindSafe failed to localize: 'AIB[R] intent=tick-owner family=other stage=urgent intent=channel-interrupt'
08/30 16:36:06 [Localization System] CLocalize::FindSafe failed to localize: 'AIB[D] intent=state-desire-fight family=state base=78 range=18 dist=582 hp=70 ehp=78 reason=enemy_seen score=96'
08/30 16:36:06 [Localization System] CLocalize::FindSafe failed to localize: 'AIB[D] blocked=ability-pressure reason=nothing_castable'
08/30 16:36:06 [Localization System] CLocalize::FindSafe failed to localize: 'AIB[D] intent=hero-contact family=fight dist=582 hp=70 reason=attackable_enemy'
08/30 16:36:06 [Localization System] CLocalize::FindSafe failed to localize: 'AIB[D] blocked=hero-contact reason=refractory since=0.20'
08/30 16:36:06 [Localization System] CLocalize::FindSafe failed to localize: 'AIB[D] intent=hero-pass family=fight dist=572 hp=71 reason=nearby_enemy'
08/30 16:36:06 [Localization System] CLocalize::FindSafe failed to localize: 'AIB[D] blocked=top-arbiter reason=empty_action winner=fight score=114'
08/30 16:36:06 [Localization System] CLocalize::FindSafe failed to localize: 'AIB[D] blocked=emergency-kill reason=no_target'
08/30 16:36:06 [Localization System] CLocalize::FindSafe failed to localize: 'AIB[D] blocked=uphill-repo reason=no_reposition'
08/30 16:36:06 [Localization System] CLocalize::FindSafe failed to localize: 'AIB[R] intent=damage-by-source family=other creep=220 tower=0 hero=924 mixed=52 death=0 other=0 stale=101 gaps=2'
08/30 16:36:06 [Localization System] CLocalize::FindSafe failed to localize: 'AIB[D] t=123s hp=73% gold=490 loc=-368,-207 enemy-dist=572 lh=9 dn=5 dg=+8 dlh=+0 bottle=-1 lvl=3 front=9853 ehp=78'
08/30 16:36:07 [Localization System] CLocalize::FindSafe failed to localize: 'AIB[D] intent=melee-pack-space family=safety count=2 dist=325'
08/30 16:36:07 [Localization System] CLocalize::FindSafe failed to localize: 'AIB[D] intent=tick-owner family=other stage=laning-core'
08/30 16:36:07 [Localization System] CLocalize::FindSafe failed to localize: 'AIB[D] blocked=harass reason=no_target'
08/30 16:36:07 [Localization System] CLocalize::FindSafe failed to localize: 'AIB[D] intent=top-arbiter family=state winner=creep-work:38.8 losers=hero-over-creep:52,idle-heal:46,emergency-retreat:45,fwd-pullback:44,emergency-kill:43.5'
08/30 16:36:07 [Localization System] CLocalize::FindSafe failed to localize: 'AIB[R] intent=recovery-plan family=recover action=buy_flask reason=critical hp=69 gold=418 count=3'
08/30 16:36:07 [Localization System] CLocalize::FindSafe failed to localize: 'AIB[R] blocked=uphill-repo reason=no_reposition'
08/30 16:36:07 [Localization System] CLocalize::FindSafe failed to localize: 'AIB[R] intent=top-arbiter family=state winner=harass:40 losers=hero-over-creep:52,idle-heal:46,emergency-retreat:45,fwd-pullback:44,emergency-kill:43.5'
08/30 16:36:07 [Localization System] CLocalize::FindSafe failed to localize: 'AIB[D] intent=state-desire-safety family=state base=108 creep_dmg=8 hp=57 creep=true hero=true reason=recent_damage score=116'
08/30 16:36:07 [Localization System] CLocalize::FindSafe failed to localize: 'AIB[D] blocked=creep-hit-react reason=inside_melee_pack count=2 dist=184 hp=57'
08/30 16:36:07 [Localization System] CLocalize::FindSafe failed to localize: 'AIB[D] intent=creep-hit-react family=safety dist=184 hp=57 hits=1 reason=edge_attack'
08/30 16:36:07 [Localization System] CLocalize::FindSafe failed to localize: 'AIB[R] t=124s hp=69% gold=318 loc=-763,-561 enemy-dist=613 lh=4 dn=0 dg=-41 dlh=+1 bottle=-1 lvl=3 front=8671 ehp=57'
08/30 16:36:07 [Localization System] CLocalize::FindSafe failed to localize: 'AIB[R] intent=state-desire-fight family=state base=78 range=18 hp_adv=8 dist=613 hp=69 ehp=57 reason=enemy_seen score=104'
08/30 16:36:07 [Localization System] CLocalize::FindSafe failed to localize: 'AIB[R] blocked=ability-pressure reason=nothing_castable'
08/30 16:36:07 [Localization System] CLocalize::FindSafe failed to localize: 'AIB[R] intent=hero-contact family=fight dist=613 hp=69 reason=close_enemy'
08/30 16:36:07 [Localization System] CLocalize::FindSafe failed to localize: 'AIB[D] blocked=safety-candidate reason=no_action_capped hp=57 score=44'
08/30 16:36:07 [Localization System] CLocalize::FindSafe failed to localize: 'AIB[D] intent=state-desire-fight family=state base=78 range=18 dist=613 hp=57 ehp=69 reason=enemy_seen score=96'
08/30 16:36:07 [Localization System] CLocalize::FindSafe failed to localize: 'AIB[R] blocked=hero-contact reason=refractory since=0.20'
08/30 16:36:07 [Localization System] CLocalize::FindSafe failed to localize: 'AIB[R] intent=hero-pass family=fight dist=552 hp=69 reason=nearby_enemy'
08/30 16:36:08 [Localization System] CLocalize::FindSafe failed to localize: 'AIB[D] blocked=creep-aggro reason=hero_trading hp=55 hits=1'
08/30 16:36:08 [Localization System] CLocalize::FindSafe failed to localize: 'AIB[D] intent=arbiter family=fight winner=hero-pass:105 losers=creep-aggro:82'
08/30 16:36:08 [Localization System] CLocalize::FindSafe failed to localize: 'AIB[R] blocked=top-arbiter reason=empty_action winner=fight score=122'
08/30 16:36:08 [Localization System] CLocalize::FindSafe failed to localize: 'AIB[D] intent=creep-aggro family=safety hp=55 dest=276,405 reason=chip_step'
08/30 16:36:08 [Localization System] CLocalize::FindSafe failed to localize: 'AIB[R] intent=tick-owner family=other stage=laning-core'
08/30 16:36:08 [Localization System] CLocalize::FindSafe failed to localize: 'AIB[D] blocked=buy-loop reason=saving target=item_bottle head=item_bottle cost=675 gold=492 left=1'
08/30 16:36:08 [Localization System] CLocalize::FindSafe failed to localize: 'AIB[R] blocked=buy-loop reason=saving target=item_bottle head=item_bottle cost=675 gold=319 left=1'
08/30 16:36:08 [Localization System] CLocalize::FindSafe failed to localize: 'AIB[D] blocked=recover-candidate reason=no_action_capped hp=54 score=44'
08/30 16:36:08 [Localization System] CLocalize::FindSafe failed to localize: 'AIB[D] blocked=top-arbiter reason=empty_action winner=safety score=116'
08/30 16:36:08 [Localization System] CLocalize::FindSafe failed to localize: 'AIB[D] blocked=fight-candidate reason=no_action_capped hp=54 score=40'
08/30 16:36:08 [Localization System] CLocalize::FindSafe failed to localize: 'AIB[D] intent=recovery-plan family=recover action=buy_flask reason=critical_stuck hp=54 gold=492 count=4'
08/30 16:36:08 [Localization System] CLocalize::FindSafe failed to localize: 'AIB[D] intent=melee-pack-space family=safety count=2 dist=193'
08/30 16:36:08 [Localization System] CLocalize::FindSafe failed to localize: 'AIB[R] blocked=hero-over-creep reason=no_target'
08/30 16:36:08 [Localization System] CLocalize::FindSafe failed to localize: 'AIB[R] blocked=emergency-kill reason=no_target'
08/30 16:36:08 [Localization System] CLocalize::FindSafe failed to localize: 'AIB[R] blocked=uphill-repo reason=motor_busy'
08/30 16:36:08 [Localization System] CLocalize::FindSafe failed to localize: 'AIB[R] blocked=harass reason=no_target'
08/30 16:36:08 [Localization System] CLocalize::FindSafe failed to localize: 'AIB[R] blocked=cs-watchdog reason=no_creep lh=4 idle=26'
08/30 16:36:08 [Localization System] CLocalize::FindSafe failed to localize: 'AIB[R] blocked=ability-harass reason=nothing_castable'
08/30 16:36:09 [Localization System] CLocalize::FindSafe failed to localize: 'AIB[D] intent=top-arbiter family=state winner=fight:114 losers=safe-cs:56,hero-over-creep:52,idle-heal:46,emergency-retreat:45,fwd-pullback:44'
08/30 16:36:09 [Localization System] CLocalize::FindSafe failed to localize: 'AIB[D] intent=tick-owner family=other stage=fight intent=creep-aggro'
08/30 16:36:09 [Localization System] CLocalize::FindSafe failed to localize: 'AIB[R] intent=state-desire-fight family=state base=78 range=18 hp_adv=8 execute=20 dist=501 hp=70 ehp=45 hyst=18 reason=enemy_seen score=142'
08/30 16:36:09 [Localization System] CLocalize::FindSafe failed to localize: 'AIB[R] intent=top-arbiter family=state winner=fight:142 losers=hero-over-creep:52,idle-heal:46,emergency-retreat:45,fwd-pullback:44,emergency-kill:43.5'
08/30 16:36:09 [Localization System] CLocalize::FindSafe failed to localize: 'AIB[D] intent=state-desire-safety family=state base=108 creep_dmg=8 hp=45 creep=true hero=true reason=recent_damage score=116'
08/30 16:36:09 [Localization System] CLocalize::FindSafe failed to localize: 'AIB[D] intent=creep-hit-react family=safety dist=269 hp=45 hits=2 reason=edge_attack'
08/30 16:36:09 [Localization System] CLocalize::FindSafe failed to localize: 'AIB[D] intent=state-desire-fight family=state base=78 range=18 dist=521 hp=45 ehp=70 reason=enemy_seen score=96'
08/30 16:36:09 [Localization System] CLocalize::FindSafe failed to localize: 'AIB[D] blocked=ability-pressure reason=nothing_castable'
08/30 16:36:09 [Localization System] CLocalize::FindSafe failed to localize: 'AIB[D] blocked=hero-contact reason=refractory since=0.43'
08/30 16:36:09 [Localization System] CLocalize::FindSafe failed to localize: 'AIB[D] intent=arbiter family=fight winner=creep-aggro:95 losers=hero-pass:60'
08/30 16:36:10 [Localization System] CLocalize::FindSafe failed to localize: 'AIB[R] intent=tick-owner family=other stage=fight intent=hero-pass'
08/30 16:36:10 [Localization System] CLocalize::FindSafe failed to localize: 'AIB[R] blocked=top-arbiter reason=empty_action winner=fight score=124'
08/30 16:36:10 [Localization System] CLocalize::FindSafe failed to localize: 'AIB[R] blocked=uphill-repo reason=no_reposition'
08/30 16:36:10 [Localization System] CLocalize::FindSafe failed to localize: 'AIB[R] intent=state-desire-fight family=state base=78 hp_adv=8 execute=20 dist=733 hp=71 ehp=42 reason=enemy_seen score=106'
08/30 16:36:10 [Localization System] CLocalize::FindSafe failed to localize: 'AIB[R] blocked=ability-pressure reason=nothing_castable'
08/30 16:36:10 [Localization System] CLocalize::FindSafe failed to localize: 'AIB[R] intent=top-arbiter family=state winner=harass:40 losers=fight:106,hero-over-creep:52,idle-heal:46,emergency-retreat:45,fwd-pullback:44'
08/30 16:36:11 [Localization System] CLocalize::FindSafe failed to localize: 'AIB[R] blocked=hero-contact reason=refractory since=0.17'
08/30 16:36:11 [Localization System] CLocalize::FindSafe failed to localize: 'AIB[R] blocked=hero-pass reason=chase_into_tower hp=71'
08/30 16:36:11 [Localization System] CLocalize::FindSafe failed to localize: 'AIB[R] intent=state-desire-siege family=siege base=66 push=12 hp=71 reason=tower_window score=78'
08/30 16:36:11 [Localization System] CLocalize::FindSafe failed to localize: 'AIB[R] intent=state-siege-window family=siege ttl=2 wave=2 tower=1005 hp=71 adv=false'
08/30 16:36:11 [Localization System] CLocalize::FindSafe failed to localize: 'AIB[R] intent=tower-opportunity family=siege result=step phase=default wave=2 tower=1005'
08/30 16:36:12 [Localization System] CLocalize::FindSafe failed to localize: 'AIB[R] blocked=top-arbiter reason=empty_action winner=fight score=106'
08/30 16:36:12 [Localization System] CLocalize::FindSafe failed to localize: 'AIB[D] t=129s hp=41% gold=397 loc=365,483 enemy-dist=733 lh=9 dn=5 dg=-93 dlh=+0 bottle=-1 lvl=3 front=8620 ehp=71'
08/30 16:36:12 [Localization System] CLocalize::FindSafe failed to localize: 'AIB[D] intent=state-desire-safety family=state base=108 creep_dmg=8 hp=41 creep=true hero=false reason=recent_damage score=116'
08/30 16:36:12 [Localization System] CLocalize::FindSafe failed to localize: 'AIB[D] intent=creep-hit-react family=safety dist=363 hp=41 hits=3 reason=aggro_step'
08/30 16:36:12 [Localization System] CLocalize::FindSafe failed to localize: 'AIB[D] intent=top-arbiter family=state winner=safety:116 losers=recover:60,safe-cs:56,hero-over-creep:52,idle-heal:46,emergency-retreat:45'
08/30 16:36:12 [Localization System] CLocalize::FindSafe failed to localize: 'AIB[D] intent=tick-owner family=other stage=desire/safety base=108 creep_dmg=8 hp=41 creep=true hero=false reason=recent_damage score=116'
08/30 16:36:12 [Localization System] CLocalize::FindSafe failed to localize: 'AIB[D] blocked=top-arbiter reason=empty_action winner=safety score=134'
08/30 16:36:12 [Localization System] CLocalize::FindSafe failed to localize: 'AIB[D] intent=state-desire-recover family=state base=74 creep_dmg=-14 hp=41 reason=hp_gate score=60'
08/30 16:36:12 [Localization System] CLocalize::FindSafe failed to localize: 'AIB[D] intent=recovery-policy family=recover action=recover hp=41 gate=55 source=lane-low'
08/30 16:36:12 [Localization System] CLocalize::FindSafe failed to localize: 'AIB[D] blocked=safety-candidate reason=no_action_capped hp=41 score=44'
08/30 16:36:12 [Localization System] CLocalize::FindSafe failed to localize: 'AIB[D] intent=state-desire-last-hit family=farm dist=427 reason=killable_creep score=140'
08/30 16:36:13 Script function 'Think' on bot npc_dota_hero_nevermore took 2.227ms
08/30 16:36:13 [Localization System] CLocalize::FindSafe failed to localize: 'AIB[D] blocked=creep-hit-react reason=inside_melee_pack count=2 dist=264 hp=42'
08/30 16:36:13 [Localization System] CLocalize::FindSafe failed to localize: 'AIB[D] intent=top-arbiter family=state winner=recover:92 losers=safe-cs:56,hero-over-creep:52,idle-heal:46,emergency-retreat:45,fwd-pullback:44'
08/30 16:36:13 [Localization System] CLocalize::FindSafe failed to localize: 'AIB[D] intent=state-desire-safety family=state base=108 creep_dmg=8 hp=39 creep=true hero=false reason=recent_damage score=116'
08/30 16:36:13 [Localization System] CLocalize::FindSafe failed to localize: 'AIB[D] intent=creep-hit-react family=safety dist=332 hp=39 hits=5 reason=aggro_step'
08/30 16:36:14 [Localization System] CLocalize::FindSafe failed to localize: 'AIB[D] intent=state-desire-last-hit family=farm dist=383 hyst=18 reason=killable_creep score=158'
08/30 16:36:14 [Localization System] CLocalize::FindSafe failed to localize: 'AIB[D] intent=tick-owner family=other stage=laning-core'
08/30 16:36:14 [Localization System] CLocalize::FindSafe failed to localize: 'AIB[R] t=131s hp=72% gold=328 loc=-612,-409 enemy-dist=1637 lh=4 dn=0 dg=+10 dlh=+0 bottle=-1 lvl=3 front=9738 ehp=39'
08/30 16:36:14 [Localization System] CLocalize::FindSafe failed to localize: 'AIB[R] blocked=hero-over-creep reason=no_target'
08/30 16:36:14 [Localization System] CLocalize::FindSafe failed to localize: 'AIB[R] blocked=emergency-kill reason=no_target'
08/30 16:36:14 [Localization System] CLocalize::FindSafe failed to localize: 'AIB[R] blocked=uphill-repo reason=no_reposition'
08/30 16:36:14 [Localization System] CLocalize::FindSafe failed to localize: 'AIB[R] blocked=harass reason=no_target'
08/30 16:36:14 [Localization System] CLocalize::FindSafe failed to localize: 'AIB[R] blocked=ability-harass reason=nothing_castable'
08/30 16:36:14 [Localization System] CLocalize::FindSafe failed to localize: 'AIB[R] intent=top-arbiter family=state winner=anti-idle:2 losers=hero-over-creep:52,idle-heal:46,emergency-retreat:45,fwd-pullback:44,emergency-kill:43.5'
08/30 16:36:14 [Localization System] CLocalize::FindSafe failed to localize: 'AIB[R] intent=tick-owner family=other stage=desire/anti-idle reason=ready score=2 band=idle'
08/30 16:36:14 [Localization System] CLocalize::FindSafe failed to localize: 'AIB[D] intent=state-desire-recover family=state base=74 danger=28 creep_dmg=-14 hp=40 reason=hp_gate score=88'
08/30 16:36:14 [Localization System] CLocalize::FindSafe failed to localize: 'AIB[D] intent=recovery-policy family=recover action=recover hp=40 gate=55 source=lane-low'
08/30 16:36:14 [Localization System] CLocalize::FindSafe failed to localize: 'AIB[D] intent=recovery-owner family=recover band=soft threat=false mode=safe-step hp=40'
08/30 16:36:15 [Localization System] CLocalize::FindSafe failed to localize: 'AIB[D] blocked=creep-hit-react reason=recovery_commit hp=40 band=soft'
08/30 16:36:15 [Localization System] CLocalize::FindSafe failed to localize: 'AIB[R] intent=lane-line-episode family=other dist=323 fwd=0.65'
08/30 16:36:15 [Localization System] CLocalize::FindSafe failed to localize: 'AIB[D] intent=top-arbiter family=state winner=recover:106 losers=safe-cs:56,hero-over-creep:52,idle-heal:46,emergency-retreat:45,fwd-pullback:44'
08/30 16:36:15 [Localization System] CLocalize::FindSafe failed to localize: 'AIB[R] blocked=uphill-repo reason=motor_busy'
08/30 16:36:15 [Localization System] CLocalize::FindSafe failed to localize: 'AIB[D] blocked=safety-candidate reason=no_action_capped hp=39 score=44'
08/30 16:36:15 [Localization System] CLocalize::FindSafe failed to localize: 'AIB[R] intent=top-arbiter family=state winner=creep-work:38.6 losers=hero-over-creep:52,idle-heal:46,emergency-retreat:45,fwd-pullback:44,emergency-kill:43.5'
08/30 16:36:16 [Localization System] CLocalize::FindSafe failed to localize: 'AIB[D] blocked=top-arbiter reason=empty_action winner=recover score=106'
08/30 16:36:16 [Localization System] CLocalize::FindSafe failed to localize: 'AIB[D] blocked=hero-over-creep reason=no_target'
08/30 16:36:16 [Localization System] CLocalize::FindSafe failed to localize: 'AIB[D] blocked=emergency-kill reason=no_target'
08/30 16:36:16 [Localization System] CLocalize::FindSafe failed to localize: 'AIB[D] blocked=uphill-repo reason=low_hp_hold'
08/30 16:36:16 [Localization System] CLocalize::FindSafe failed to localize: 'AIB[D] blocked=harass reason=no_target'
08/30 16:36:16 [Localization System] CLocalize::FindSafe failed to localize: 'AIB[D] intent=tick-owner family=other stage=desire/creep-work reason=ready score=39 band=lanework'
08/30 16:36:16 [Localization System] CLocalize::FindSafe failed to localize: 'AIB[R] blocked=hero-prio-chase reason=lane_work dist=1418 cs=false creep=false hp_adv=false kill_pressure=false close=false low_farm=false lane_override=false'
08/30 16:36:16 [Localization System] CLocalize::FindSafe failed to localize: 'AIB[D] intent=state-desire-recover family=state base=74 danger=28 creep_dmg=-14 hp=40 reason=hp_gate score=88'
08/30 16:36:16 [Localization System] CLocalize::FindSafe failed to localize: 'AIB[D] blocked=buy-loop reason=saving target=item_bottle head=item_bottle cost=675 gold=482 left=1'
08/30 16:36:16 [Localization System] CLocalize::FindSafe failed to localize: 'AIB[R] blocked=buy-loop reason=saving target=item_bottle head=item_bottle cost=675 gold=331 left=1'
08/30 16:36:16 [Localization System] CLocalize::FindSafe failed to localize: 'AIB[R] intent=tick-owner family=other stage=desire/anti-idle reason=ready score=2 band=idle'
08/30 16:36:16 [Localization System] CLocalize::FindSafe failed to localize: 'AIB[D] intent=top-arbiter family=state winner=recover:106 losers=safe-cs:56,hero-over-creep:52,idle-heal:46,emergency-retreat:45,fwd-pullback:44'
08/30 16:36:16 [Localization System] CLocalize::FindSafe failed to localize: 'AIB[D] intent=recovery-policy family=recover action=recover hp=40 gate=55 source=lane-low'
08/30 16:36:16 [Localization System] CLocalize::FindSafe failed to localize: 'AIB[D] blocked=ability-harass reason=nothing_castable'
08/30 16:36:17 [Localization System] CLocalize::FindSafe failed to localize: 'AIB[D] t=134s hp=40% gold=483 loc=952,894 enemy-dist=1410 lh=11 dn=5 dg=+86 dlh=+2 bottle=-1 lvl=3 front=8620 ehp=74'
08/30 16:36:17 [Localization System] CLocalize::FindSafe failed to localize: 'AIB[D] blocked=recover-candidate reason=no_action_capped hp=40 score=44'
08/30 16:36:17 [Localization System] CLocalize::FindSafe failed to localize: 'AIB[D] blocked=recover-candidate reason=no_resources_behind_safe hp=40 score=44'
08/30 16:36:17 [GCClient] Send msg 4523 (k_EMsgClientToGCAggregateMetrics), 31 bytes
08/30 16:36:18 [Localization System] CLocalize::FindSafe failed to localize: 'AIB[D] intent=top-arbiter family=state winner=anti-idle:2 losers=safe-cs:56,hero-over-creep:52,idle-heal:46,emergency-retreat:45,fwd-pullback:44'
08/30 16:36:18 [Localization System] CLocalize::FindSafe failed to localize: 'AIB[D] intent=tick-owner family=other stage=laning-core'
08/30 16:36:18 [Localization System] CLocalize::FindSafe failed to localize: 'AIB[R] blocked=hero-over-creep reason=no_target'
08/30 16:36:18 [Localization System] CLocalize::FindSafe failed to localize: 'AIB[R] blocked=emergency-kill reason=no_target'
08/30 16:36:18 [Localization System] CLocalize::FindSafe failed to localize: 'AIB[R] blocked=uphill-repo reason=no_reposition'
08/30 16:36:18 [Localization System] CLocalize::FindSafe failed to localize: 'AIB[R] blocked=harass reason=no_target'
08/30 16:36:18 [Localization System] CLocalize::FindSafe failed to localize: 'AIB[R] blocked=ability-harass reason=nothing_castable'
08/30 16:36:18 [Localization System] CLocalize::FindSafe failed to localize: 'AIB[R] intent=top-arbiter family=state winner=fwd-position:22 losers=hero-over-creep:52,idle-heal:46,emergency-retreat:45,fwd-pullback:44,emergency-kill:43.5'
08/30 16:36:18 [Localization System] CLocalize::FindSafe failed to localize: 'AIB[R] intent=tick-owner family=other stage=desire/fwd-position reason=ready score=22 band=position'
08/30 16:36:19 [Localization System] CLocalize::FindSafe failed to localize: 'AIB[R] blocked=uphill-repo reason=motor_busy'
08/30 16:36:19 [Localization System] CLocalize::FindSafe failed to localize: 'AIB[D] intent=damage-by-source family=other creep=355 tower=0 hero=928 mixed=144 death=0 other=0 stale=63 gaps=2'
08/30 16:36:19 [Localization System] CLocalize::FindSafe failed to localize: 'AIB[D] blocked=hero-over-creep reason=no_target'
08/30 16:36:19 [Localization System] CLocalize::FindSafe failed to localize: 'AIB[D] blocked=emergency-kill reason=no_target'
08/30 16:36:19 [Localization System] CLocalize::FindSafe failed to localize: 'AIB[D] blocked=uphill-repo reason=low_hp_hold'
08/30 16:36:19 [Localization System] CLocalize::FindSafe failed to localize: 'AIB[D] blocked=harass reason=no_target'
08/30 16:36:19 [Localization System] CLocalize::FindSafe failed to localize: 'AIB[R] t=136s hp=75% gold=336 loc=-625,-509 lh=4 dn=0 dg=+8 dlh=+0 bottle=-1 lvl=3 front=7426 ehp=-1'
08/30 16:36:19 [Localization System] CLocalize::FindSafe failed to localize: 'AIB[D] blocked=ability-harass reason=nothing_castable'
08/30 16:36:20 [Localization System] CLocalize::FindSafe failed to localize: 'AIB[D] intent=top-arbiter family=state winner=anti-idle:2 losers=safe-cs:56,hero-over-creep:52,idle-heal:46,emergency-retreat:45,fwd-pullback:44'
08/30 16:36:20 [Localization System] CLocalize::FindSafe failed to localize: 'AIB[R] intent=top-arbiter family=state winner=anti-idle:2 losers=hero-over-creep:52,idle-heal:46,emergency-retreat:45,fwd-pullback:44,emergency-kill:43.5'
08/30 16:36:20 [Localization System] CLocalize::FindSafe failed to localize: 'AIB[D] blocked=recover-candidate reason=no_action_capped hp=42 score=44'
08/30 16:36:20 [Localization System] CLocalize::FindSafe failed to localize: 'AIB[R] intent=lane-line-episode family=other dist=302 fwd=0.42'
08/30 16:36:20 [Localization System] CLocalize::FindSafe failed to localize: 'AIB[D] intent=tick-owner family=other stage=laning-core'
08/30 16:36:20 [Localization System] CLocalize::FindSafe failed to localize: 'AIB[R] intent=tick-owner family=other stage=laning-core'
08/30 16:36:21 [Localization System] CLocalize::FindSafe failed to localize: 'AIB[R] intent=own-ranged-lead family=other lead=300 count=2'
08/30 16:36:21 [Localization System] CLocalize::FindSafe failed to localize: 'AIB[R] intent=damage-by-source family=other creep=220 tower=0 hero=989 mixed=52 death=0 other=0 stale=101 gaps=2'
08/30 16:36:21 [Localization System] CLocalize::FindSafe failed to localize: 'AIB[D] intent=top-arbiter family=state winner=anti-idle:2 losers=safe-cs:56,hero-over-creep:52,idle-heal:46,emergency-retreat:45,fwd-pullback:44'
08/30 16:36:21 [Localization System] CLocalize::FindSafe failed to localize: 'AIB[R] blocked=hero-over-creep reason=no_target'
08/30 16:36:21 [Localization System] CLocalize::FindSafe failed to localize: 'AIB[R] blocked=emergency-kill reason=no_target'
08/30 16:36:21 [Localization System] CLocalize::FindSafe failed to localize: 'AIB[R] intent=top-arbiter family=state winner=ranged-spacing:41 losers=hero-over-creep:52,idle-heal:46,emergency-retreat:45,fwd-pullback:44,emergency-kill:43.5'
08/30 16:36:22 [Localization System] CLocalize::FindSafe failed to localize: 'AIB[D] t=139s hp=43% gold=491 loc=447,356 lh=11 dn=5 dg=+8 dlh=+0 bottle=-1 lvl=3 front=9958 ehp=-1'
08/30 16:36:22 [Localization System] CLocalize::FindSafe failed to localize: 'AIB[R] blocked=uphill-repo reason=motor_busy'
08/30 16:36:22 [Localization System] CLocalize::FindSafe failed to localize: 'AIB[R] blocked=harass reason=no_target'
08/30 16:36:22 [Localization System] CLocalize::FindSafe failed to localize: 'AIB[D] blocked=hero-over-creep reason=no_target'
08/30 16:36:22 [Localization System] CLocalize::FindSafe failed to localize: 'AIB[D] intent=tick-owner family=other stage=laning-core'
08/30 16:36:23 [Localization System] CLocalize::FindSafe failed to localize: 'AIB[R] blocked=uphill-repo reason=no_reposition'
08/30 16:36:23 [Localization System] CLocalize::FindSafe failed to localize: 'AIB[R] intent=tick-owner family=other stage=laning-core'
08/30 16:36:23 [Localization System] CLocalize::FindSafe failed to localize: 'AIB[D] blocked=emergency-kill reason=no_target'
08/30 16:36:23 [Localization System] CLocalize::FindSafe failed to localize: 'AIB[D] blocked=uphill-repo reason=low_hp_hold'
08/30 16:36:23 [Localization System] CLocalize::FindSafe failed to localize: 'AIB[D] blocked=harass reason=no_target'
08/30 16:36:23 [Localization System] CLocalize::FindSafe failed to localize: 'AIB[D] blocked=ability-harass reason=nothing_castable'
08/30 16:36:23 [Localization System] CLocalize::FindSafe failed to localize: 'AIB[R] intent=top-arbiter family=state winner=creep-work:38.6 losers=hero-over-creep:52,idle-heal:46,emergency-retreat:45,fwd-pullback:44,emergency-kill:43.5'
08/30 16:36:23 [Localization System] CLocalize::FindSafe failed to localize: 'AIB[D] blocked=recover-candidate reason=no_action_capped hp=44 score=44'
08/30 16:36:23 [Localization System] CLocalize::FindSafe failed to localize: 'AIB[D] intent=top-arbiter family=state winner=anti-idle:2 losers=safe-cs:56,hero-over-creep:52,idle-heal:46,emergency-retreat:45,fwd-pullback:44'
08/30 16:36:24 [Localization System] CLocalize::FindSafe failed to localize: 'AIB[D] blocked=buy-loop reason=saving target=item_bottle head=item_bottle cost=675 gold=494 left=1'
08/30 16:36:24 [Localization System] CLocalize::FindSafe failed to localize: 'AIB[R] blocked=buy-loop reason=saving target=item_bottle head=item_bottle cost=675 gold=343 left=1'
08/30 16:36:24 [Localization System] CLocalize::FindSafe failed to localize: 'AIB[R] t=141s hp=77% gold=343 loc=-846,-717 lh=4 dn=0 dg=+7 dlh=+0 bottle=-1 lvl=3 front=8366 ehp=-1'
08/30 16:36:24 [Localization System] CLocalize::FindSafe failed to localize: 'AIB[D] blocked=uphill-repo reason=no_reposition'
08/30 16:36:24 [Localization System] CLocalize::FindSafe failed to localize: 'AIB[D] intent=tick-owner family=other stage=laning-core'
08/30 16:36:25 [Localization System] CLocalize::FindSafe failed to localize: 'AIB[R] blocked=hero-over-creep reason=no_target'
08/30 16:36:25 [Localization System] CLocalize::FindSafe failed to localize: 'AIB[R] blocked=emergency-kill reason=no_target'
08/30 16:36:25 [Localization System] CLocalize::FindSafe failed to localize: 'AIB[R] blocked=hero-prio-chase reason=lane_work dist=1399 cs=false creep=true hp_adv=false kill_pressure=false close=false low_farm=false lane_override=false'
08/30 16:36:25 [Localization System] CLocalize::FindSafe failed to localize: 'AIB[R] intent=top-arbiter family=state winner=creep-work:38.6 losers=hero-over-creep:52,idle-heal:46,emergency-retreat:45,fwd-pullback:44,emergency-kill:43.5'
08/30 16:36:25 [Localization System] CLocalize::FindSafe failed to localize: 'AIB[D] intent=top-arbiter family=state winner=anti-idle:2 losers=safe-cs:56,hero-over-creep:52,idle-heal:46,emergency-retreat:45,fwd-pullback:44'
08/30 16:36:25 [Localization System] CLocalize::FindSafe failed to localize: 'AIB[R] intent=tick-owner family=other stage=laning-core'
08/30 16:36:25 [Localization System] CLocalize::FindSafe failed to localize: 'AIB[R] blocked=harass reason=no_target'
08/30 16:36:25 [Localization System] CLocalize::FindSafe failed to localize: 'AIB[D] blocked=hero-over-creep reason=no_target'
08/30 16:36:26 [Localization System] CLocalize::FindSafe failed to localize: 'AIB[R] blocked=uphill-repo reason=no_reposition'
08/30 16:36:26 [Localization System] CLocalize::FindSafe failed to localize: 'AIB[R] blocked=uphill-repo reason=motor_busy'
08/30 16:36:26 [Localization System] CLocalize::FindSafe failed to localize: 'AIB[D] blocked=emergency-kill reason=no_target'
08/30 16:36:26 [Localization System] CLocalize::FindSafe failed to localize: 'AIB[D] blocked=harass reason=no_target'
08/30 16:36:26 [Localization System] CLocalize::FindSafe failed to localize: 'AIB[D] blocked=ability-harass reason=nothing_castable'
08/30 16:36:26 [Localization System] CLocalize::FindSafe failed to localize: 'AIB[R] intent=top-arbiter family=state winner=creep-work:38.6 losers=hero-over-creep:52,idle-heal:46,emergency-retreat:45,fwd-pullback:44,emergency-kill:43.5'
08/30 16:36:26 [Localization System] CLocalize::FindSafe failed to localize: 'AIB[R] blocked=fight-candidate reason=no_action_capped hp=78 score=40'
08/30 16:36:26 [Localization System] CLocalize::FindSafe failed to localize: 'AIB[D] intent=top-arbiter family=state winner=wave-watch:10 losers=safe-cs:56,hero-over-creep:52,idle-heal:46,emergency-retreat:45,fwd-pullback:44'
08/30 16:36:26 [Localization System] CLocalize::FindSafe failed to localize: 'AIB[R] blocked=recovery-buy reason=budget_cap hp=78 gold=347 count=3 allow=2'
08/30 16:36:26 [Localization System] CLocalize::FindSafe failed to localize: 'AIB[D] blocked=recovery-buy reason=budget_cap hp=50 gold=498 count=4 allow=3'
08/30 16:36:26 [Localization System] CLocalize::FindSafe failed to localize: 'AIB[D] intent=melee-pack-space family=safety count=3 dist=128'
08/30 16:36:26 [Localization System] CLocalize::FindSafe failed to localize: 'AIB[D] intent=tick-owner family=other stage=desire/ranged-spacing reason=ready score=41 band=lanework'
08/30 16:36:27 [Localization System] CLocalize::FindSafe failed to localize: 'AIB[R] intent=tick-owner family=other stage=laning-core'
08/30 16:36:27 [Localization System] CLocalize::FindSafe failed to localize: 'AIB[D] t=144s hp=50% gold=498 loc=-346,-179 enemy-dist=706 lh=11 dn=5 dg=+7 dlh=+0 bottle=-1 lvl=3 front=10140 ehp=79'
08/30 16:36:27 [Localization System] CLocalize::FindSafe failed to localize: 'AIB[R] blocked=uphill-repo reason=not_trading'
08/30 16:36:27 [Localization System] CLocalize::FindSafe failed to localize: 'AIB[D] blocked=uphill-repo reason=no_reposition'
08/30 16:36:28 [Localization System] CLocalize::FindSafe failed to localize: 'AIB[R] intent=state-desire-last-hit family=farm dist=332 reason=killable_creep score=140'
08/30 16:36:28 [Localization System] CLocalize::FindSafe failed to localize: 'AIB[R] intent=top-arbiter family=state winner=last-hit:140 losers=hero-over-creep:52,cs-inrange:50,idle-heal:46,emergency-retreat:45,fwd-pullback:44'
08/30 16:36:28 [Localization System] CLocalize::FindSafe failed to localize: 'AIB[R] blocked=hero-over-creep reason=no_target'
08/30 16:36:28 [Localization System] CLocalize::FindSafe failed to localize: 'AIB[R] blocked=emergency-kill reason=no_target'
08/30 16:36:28 [Localization System] CLocalize::FindSafe failed to localize: 'AIB[R] blocked=hero-prio-chase reason=lane_work dist=678 cs=false creep=true hp_adv=false kill_pressure=false close=false low_farm=false lane_override=false'
08/30 16:36:28 [Localization System] CLocalize::FindSafe failed to localize: 'AIB[D] intent=top-arbiter family=state winner=creep-work:38.8 losers=safe-cs:56,hero-over-creep:52,idle-heal:46,emergency-retreat:45,fwd-pullback:44'
08/30 16:36:28 [Localization System] CLocalize::FindSafe failed to localize: 'AIB[R] blocked=harass reason=no_target'
08/30 16:36:28 [Localization System] CLocalize::FindSafe failed to localize: 'AIB[D] blocked=hero-over-creep reason=no_target'
08/30 16:36:28 [Localization System] CLocalize::FindSafe failed to localize: 'AIB[D] intent=state-desire-last-hit family=farm dist=420 reason=killable_creep score=140'
08/30 16:36:28 [Localization System] CLocalize::FindSafe failed to localize: 'AIB[D] intent=tick-owner family=other stage=desire/last-hit dist=420 reason=killable_creep score=140'
08/30 16:36:29 [Localization System] CLocalize::FindSafe failed to localize: 'AIB[R] intent=tick-owner family=other stage=laning-core'
08/30 16:36:29 [Localization System] CLocalize::FindSafe failed to localize: 'AIB[D] blocked=emergency-kill reason=no_target'
08/30 16:36:29 [Localization System] CLocalize::FindSafe failed to localize: 'AIB[D] blocked=harass reason=no_target'
08/30 16:36:29 [Localization System] CLocalize::FindSafe failed to localize: 'AIB[D] blocked=ability-harass reason=nothing_castable'
08/30 16:36:29 [Localization System] CLocalize::FindSafe failed to localize: 'AIB[R] t=146s hp=80% gold=386 loc=-818,-704 enemy-dist=678 lh=5 dn=0 dg=+43 dlh=+1 bottle=-1 lvl=3 front=8366 ehp=54'
08/30 16:36:29 [Localization System] CLocalize::FindSafe failed to localize: 'AIB[R] intent=top-arbiter family=state winner=creep-work:38.6 losers=hero-over-creep:52,idle-heal:46,emergency-retreat:45,fwd-pullback:44,emergency-kill:43.5'
08/30 16:36:29 [Localization System] CLocalize::FindSafe failed to localize: 'AIB[D] blocked=visual-hold reason=creep_in_range held=2.1 hp=54 repeat=6 hard=true'
08/30 16:36:29 [Localization System] CLocalize::FindSafe failed to localize: 'AIB[R] blocked=fight-candidate reason=no_action_capped hp=80 score=40'
08/30 16:36:29 [Localization System] CLocalize::FindSafe failed to localize: 'AIB[D] intent=top-arbiter family=state winner=wave-watch:10 losers=safe-cs:56,hero-over-creep:52,idle-heal:46,emergency-retreat:45,fwd-pullback:44'
08/30 16:36:30 [Localization System] CLocalize::FindSafe failed to localize: 'AIB[D] blocked=uphill-repo reason=no_reposition'
08/30 16:36:30 Script function 'Think' on bot npc_dota_hero_nevermore took 3.000ms
08/30 16:36:30 [Localization System] CLocalize::FindSafe failed to localize: 'AIB[D] intent=tick-owner family=other stage=laning-core'
08/30 16:36:31 [Localization System] CLocalize::FindSafe failed to localize: 'AIB[R] intent=top-arbiter family=state winner=creep-work:38.6 losers=hero-over-creep:52,idle-heal:46,emergency-retreat:45,fwd-pullback:44,emergency-kill:43.5'
08/30 16:36:31 [Localization System] CLocalize::FindSafe failed to localize: 'AIB[R] blocked=hero-over-creep reason=no_target'
08/30 16:36:31 [Localization System] CLocalize::FindSafe failed to localize: 'AIB[R] blocked=emergency-kill reason=no_target'
08/30 16:36:31 [Localization System] CLocalize::FindSafe failed to localize: 'AIB[R] blocked=hero-prio-chase reason=lane_work dist=678 cs=false creep=true hp_adv=false kill_pressure=false close=false low_farm=false lane_override=false'
08/30 16:36:31 [Localization System] CLocalize::FindSafe failed to localize: 'AIB[R] intent=tick-owner family=other stage=laning-core'
08/30 16:36:31 [Localization System] CLocalize::FindSafe failed to localize: 'AIB[R] blocked=recovery-buy reason=flask_in_inventory hp=81'
08/30 16:36:31 [Localization System] CLocalize::FindSafe failed to localize: 'AIB[R] blocked=uphill-repo reason=not_trading'
08/30 16:36:31 [Localization System] CLocalize::FindSafe failed to localize: 'AIB[R] blocked=harass reason=no_target'
08/30 16:36:31 [Localization System] CLocalize::FindSafe failed to localize: 'AIB[D] intent=top-arbiter family=state winner=wave-watch:10 losers=hero-over-creep:52,idle-heal:46,emergency-retreat:45,fwd-pullback:44,emergency-kill:43.5'
08/30 16:36:31 [Localization System] CLocalize::FindSafe failed to localize: 'AIB[D] blocked=visual-hold reason=creep_in_range held=4.1 hp=57 repeat=8 hard=true'
08/30 16:36:31 [Localization System] CLocalize::FindSafe failed to localize: 'AIB[D] blocked=hero-over-creep reason=no_target'
08/30 16:36:32 [Localization System] CLocalize::FindSafe failed to localize: 'AIB[D] blocked=wave-watch reason=not_finishable creep_hp=222 dist=434 idle=6'
08/30 16:36:32 [Localization System] CLocalize::FindSafe failed to localize: 'AIB[D] t=149s hp=58% gold=506 loc=-357,-207 enemy-dist=678 lh=11 dn=5 dg=+8 dlh=+0 bottle=-1 lvl=3 front=10137 ehp=81'
08/30 16:36:32 [Localization System] CLocalize::FindSafe failed to localize: 'AIB[D] blocked=buy-loop reason=saving target=item_bottle head=item_bottle cost=675 gold=506 left=1'
08/30 16:36:32 [Localization System] CLocalize::FindSafe failed to localize: 'AIB[R] blocked=buy-loop reason=saving target=item_bottle head=item_bottle cost=675 gold=390 left=1'
08/30 16:36:32 [Localization System] CLocalize::FindSafe failed to localize: 'AIB[D] blocked=emergency-kill reason=no_target'
08/30 16:36:32 [Localization System] CLocalize::FindSafe failed to localize: 'AIB[D] blocked=harass reason=no_target'
08/30 16:36:32 [Localization System] CLocalize::FindSafe failed to localize: 'AIB[R] blocked=fight-candidate reason=no_action_capped hp=81 score=40'
08/30 16:36:32 [Localization System] CLocalize::FindSafe failed to localize: 'AIB[R] intent=top-arbiter family=state winner=creep-work:38.6 losers=hero-over-creep:52,idle-heal:46,emergency-retreat:45,fwd-pullback:44,emergency-kill:43.5'
08/30 16:36:33 [Localization System] CLocalize::FindSafe failed to localize: 'AIB[D] intent=state-desire-last-hit family=farm dist=434 reason=killable_creep score=140'
08/30 16:36:33 [Localization System] CLocalize::FindSafe failed to localize: 'AIB[D] intent=top-arbiter family=state winner=last-hit:140 losers=hero-over-creep:52,cs-inrange:50,idle-heal:46,emergency-retreat:45,fwd-pullback:44'
08/30 16:36:33 [Localization System] CLocalize::FindSafe failed to localize: 'AIB[D] intent=tick-owner family=other stage=desire/last-hit dist=434 reason=killable_creep score=140'
08/30 16:36:33 [Localization System] CLocalize::FindSafe failed to localize: 'AIB[R] intent=state-desire-last-hit family=farm dist=333 reason=killable_creep score=140'
08/30 16:36:33 [Localization System] CLocalize::FindSafe failed to localize: 'AIB[R] intent=tick-owner family=other stage=laning-core'
08/30 16:36:33 Script function 'Think' on bot npc_dota_hero_nevermore took 2.073ms
08/30 16:36:33 [Localization System] CLocalize::FindSafe failed to localize: 'AIB[D] blocked=uphill-repo reason=no_reposition'
08/30 16:36:34 [Localization System] CLocalize::FindSafe failed to localize: 'AIB[D] blocked=ability-harass reason=nothing_castable'
08/30 16:36:34 [Localization System] CLocalize::FindSafe failed to localize: 'AIB[D] blocked=visual-hold reason=creep_in_range held=6.7 hp=61 repeat=9 hard=true'
08/30 16:36:34 [Localization System] CLocalize::FindSafe failed to localize: 'AIB[D] intent=damage-by-source family=other creep=355 tower=0 hero=928 mixed=144 death=0 other=0 stale=63 gaps=2'
08/30 16:36:34 [Localization System] CLocalize::FindSafe failed to localize: 'AIB[R] blocked=hero-over-creep reason=no_target'
08/30 16:36:34 [Localization System] CLocalize::FindSafe failed to localize: 'AIB[R] blocked=emergency-kill reason=no_target'
08/30 16:36:34 [Localization System] CLocalize::FindSafe failed to localize: 'AIB[R] blocked=hero-prio-chase reason=lane_work dist=678 cs=false creep=true hp_adv=false kill_pressure=false close=false low_farm=false lane_override=false'
08/30 16:36:34 [Localization System] CLocalize::FindSafe failed to localize: 'AIB[R] intent=cs-watchdog family=farm lh=5 idle=20 creep_hp=164 dist=338'
08/30 16:36:34 [Localization System] CLocalize::FindSafe failed to localize: 'AIB[R] intent=top-arbiter family=state winner=creep-work:38.6 losers=hero-over-creep:52,idle-heal:46,emergency-retreat:45,fwd-pullback:44,emergency-kill:43.5'
08/30 16:36:34 [Localization System] CLocalize::FindSafe failed to localize: 'AIB[D] intent=top-arbiter family=state winner=wave-watch:10 losers=hero-over-creep:52,idle-heal:46,emergency-retreat:45,fwd-pullback:44,emergency-kill:43.5'
08/30 16:36:34 [Localization System] CLocalize::FindSafe failed to localize: 'AIB[R] t=151s hp=82% gold=393 loc=-830,-743 enemy-dist=714 lh=5 dn=0 dg=+7 dlh=+0 bottle=-1 lvl=3 front=8330 ehp=61'
08/30 16:36:34 [Localization System] CLocalize::FindSafe failed to localize: 'AIB[R] blocked=harass reason=no_target'
08/30 16:36:34 [Localization System] CLocalize::FindSafe failed to localize: 'AIB[D] anti-afk-lane=1 anti-idle-enter=7 anti-idle-lane=4 anti-idle-lowhp-back=2 channel-interrupt-atk=12 channel-interrupt-chase=10 creep-aggro-back=6 creep-aggro-hero-yield=8 creep-aggro-hit=4 creep-dmg=5 creep-hit-react-aggro-step=3 creep-hit-react-atk=10 creep-hit-react-step=12 cs-wait-release=23 cs-wait=11 cs-walk-gap-large=5 cs-walk-gap-small=7 cs-walk-inrange=1 cs-walk-into-pack=3 cs-walk=13 cs-watchdog-atk=1 cs-watchdog-step=4 deny-act-atk=27 deny-act-walk=6 deny-act=33 deny-cand-doomed=23 deny-cand-tanky=141 fight-hp-behind=11 fwd-at-position=3 fwd-suppressed-creep=14 fwd-suppressed-empty=3 fwd-suppressed-hero=9 fwd-suppressed-lowhp=2 fwd-suppressed-motor=5 fwd-suppressed-recovery=1 fwd-suppressed-tower=2 fwd-suppressed-visual=1 harass-seek=1 heal-item=1 hero-contact-atk=15 hero-contact-chase=6 hero-over-creep=3 hero-pass-atk=7 hero-pass-chase=2 idle=5 kill-priority=10 killwin-scan=749 lane-line-fallback=19 lane-line-suppressed-creep-dmg=2 lane-line-suppressed-creep=6 lane-line-suppressed-damage=2 lane-line-suppressed-empty=4 lane-line-suppressed-heal=7 lane-line-suppressed-lowhp=6 lane-line-suppressed-motor=1 lane-line-suppressed-recovery=1 last-hit-urgent=38 low-hp-limit=3 melee-pack-release=12 melee-pack-space=18 own-ranged-stepback=1 pre-aig=7 precreep-anchor=25 precreep-hold=2 precreep-park-hold=12 precreep-park=189 precreep-space=4 prewave-defend=2 prewave-free-hit=96 recover-xp=3 recovery-buy-critical=1 recovery-buy-under-fire=1 recovery-buy=3 recovery-enemy-near=250 recovery-flask=3 recovery-regen=2 regen-walk=1 tango-heal=3 uphill-reposition=1 uphill-void-under-fire=4 visual-hold-creep=31 visual-hold-lane=2 wave-watch-atk=7 wave-watch-no-wave=5 wave-watch-step=2 wave-watch=18'
08/30 16:36:34 [Localization System] CLocalize::FindSafe failed to localize: 'AIB[D] blocked=hero-over-creep reason=no_target'
08/30 16:36:35 [Localization System] CLocalize::FindSafe failed to localize: 'AIB[D] blocked=recovery-buy reason=budget_cap hp=62 gold=544 count=4 allow=3'
08/30 16:36:35 [Localization System] CLocalize::FindSafe failed to localize: 'AIB[D] intent=cs-watchdog family=farm lh=12 idle=18 creep_hp=300 dist=738'
08/30 16:36:35 [Localization System] CLocalize::FindSafe failed to localize: 'AIB[D] intent=tick-owner family=other stage=laning-core'
08/30 16:36:35 [Localization System] CLocalize::FindSafe failed to localize: 'AIB[R] anti-idle-combat=4 anti-idle-enter=11 anti-idle-lane=10 anti-idle-lowhp-back=1 channel-interrupt-atk=8 creep-aggro-back=1 creep-aggro-hero-yield=2 creep-aggro-hit=9 creep-dmg=2 creep-hit-react-aggro-step=1 creep-hit-react-atk=1 creep-hit-react-step=14 cs-wait-release=3 cs-wait=6 cs-walk-gap-large=5 cs-walk-gap-small=16 cs-walk-inrange=19 cs-walk-into-pack=20 cs-walk=40 cs-watchdog-atk=1 cs-watchdog-step=3 cw-push=143 deny-act-walk=5 deny-act=5 deny-cand-doomed=5 deny-cand-tanky=57 fight-hp-behind=1 fwd-at-position=2 fwd-hold=1 fwd-position=1 fwd-suppressed-creep=5 fwd-suppressed-cs=2 fwd-suppressed-empty=3 fwd-suppressed-hero=3 fwd-suppressed-lowhp=1 fwd-suppressed-motor=9 fwd-suppressed-tower=7 fwd-suppressed-visual=1 heal-item=2 hero-contact-atk=20 hero-contact-chase=9 hero-over-creep=8 hero-pass-atk=11 hero-pass-chase=7 hero-prio-always=7 hero-prio-chase-hold=8 hero-prio-chase=42 idle=5 killwin-scan=692 lane-line-fallback=12 lane-line-suppressed-creep=2 lane-line-suppressed-empty=3 lane-line-suppressed-heal=8 lane-line-suppressed-lowhp=3 lane-line-suppressed-motor=4 last-hit-urgent=25 low-hp-limit=1 melee-pack-release=9 melee-pack-space=13 own-ranged-stepback=1 pre-aig=11 precreep-anchor=34 precreep-hold=2 precreep-park-hold=13 precreep-park=155 precreep-space=1 prewave-duel-trade=84 prewave-duel-uphill-back=15 recover-xp=1 recovery-buy=3 recovery-enemy-near=260 recovery-flask=1 recovery-regen=1 siege-commit-tower=1 siege-step=1 tango-heal=2 uphill-reposition=1 uphill-void-under-fire=5 visual-hold-creep=3 wave-watch-atk=6 wave-watch-no-wave=11 wave-watch-step=1 wave-watch=9'
08/30 16:36:35 [Localization System] CLocalize::FindSafe failed to localize: 'AIB[R] intent=tick-owner family=other stage=laning-core'
08/30 16:36:35 [Localization System] CLocalize::FindSafe failed to localize: 'AIB[R] blocked=uphill-repo reason=not_trading'
08/30 16:36:35 [Localization System] CLocalize::FindSafe failed to localize: 'AIB[D] blocked=emergency-kill reason=no_target'
08/30 16:36:35 [Localization System] CLocalize::FindSafe failed to localize: 'AIB[D] blocked=harass reason=no_target'
08/30 16:36:35 [Localization System] CLocalize::FindSafe failed to localize: 'AIB[R] blocked=fight-candidate reason=no_action_capped hp=83 score=40'
08/30 16:36:35 [Localization System] CLocalize::FindSafe failed to localize: 'AIB[D] intent=state-desire-fight family=state base=78 range=18 dist=579 hp=63 ehp=83 reason=enemy_seen score=96'
08/30 16:36:35 [Localization System] CLocalize::FindSafe failed to localize: 'AIB[D] blocked=ability-pressure reason=nothing_castable'
08/30 16:36:35 [Localization System] CLocalize::FindSafe failed to localize: 'AIB[D] intent=hero-contact family=fight dist=579 hp=63 reason=attackable_enemy'
08/30 16:36:35 [Localization System] CLocalize::FindSafe failed to localize: 'AIB[D] blocked=hero-contact reason=refractory since=0.13'
08/30 16:36:35 [Localization System] CLocalize::FindSafe failed to localize: 'AIB[D] intent=hero-pass family=fight dist=569 hp=63 reason=nearby_enemy'
08/30 16:36:36 [Localization System] CLocalize::FindSafe failed to localize: 'AIB[R] intent=state-desire-last-hit family=farm dist=467 reason=killable_creep score=140'
08/30 16:36:36 [Localization System] CLocalize::FindSafe failed to localize: 'AIB[R] intent=top-arbiter family=state winner=last-hit:140 losers=hero-over-creep:52,cs-inrange:50,idle-heal:46,emergency-retreat:45,fwd-pullback:44'
08/30 16:36:36 [Localization System] CLocalize::FindSafe failed to localize: 'AIB[D] blocked=top-arbiter reason=empty_action winner=fight score=114'
08/30 16:36:36 [Localization System] CLocalize::FindSafe failed to localize: 'AIB[D] intent=top-arbiter family=state winner=creep-work:38.8 losers=fight:114,hero-over-creep:52,idle-heal:46,emergency-retreat:45,fwd-pullback:44'
08/30 16:36:36 [Localization System] CLocalize::FindSafe failed to localize: 'AIB[R] blocked=hero-prio-always reason=uphill'
08/30 16:36:36 [Localization System] CLocalize::FindSafe failed to localize: 'AIB[D] blocked=fight-candidate reason=no_action_capped hp=64 score=40'
08/30 16:36:36 [Localization System] CLocalize::FindSafe failed to localize: 'AIB[R] intent=state-desire-fight family=state base=78 range=18 hp_adv=8 dist=518 hp=83 ehp=64 reason=enemy_seen score=104'
08/30 16:36:36 [Localization System] CLocalize::FindSafe failed to localize: 'AIB[R] blocked=ability-pressure reason=nothing_castable'
08/30 16:36:36 [Localization System] CLocalize::FindSafe failed to localize: 'AIB[R] intent=hero-contact family=fight dist=518 hp=83 reason=attackable_enemy'
08/30 16:36:36 [Localization System] CLocalize::FindSafe failed to localize: 'AIB[R] intent=damage-by-source family=other creep=220 tower=0 hero=989 mixed=52 death=0 other=0 stale=101 gaps=2'
08/30 16:36:36 [Localization System] CLocalize::FindSafe failed to localize: 'AIB[R] blocked=hero-contact reason=refractory since=0.13'
08/30 16:36:36 [Localization System] CLocalize::FindSafe failed to localize: 'AIB[R] blocked=hero-pass reason=uphill hp=83'
08/30 16:36:36 [Localization System] CLocalize::FindSafe failed to localize: 'AIB[R] blocked=top-arbiter reason=empty_action winner=fight score=122'
08/30 16:36:36 [Localization System] CLocalize::FindSafe failed to localize: 'AIB[R] blocked=uphill-repo reason=motor_busy'
08/30 16:36:37 [Localization System] CLocalize::FindSafe failed to localize: 'AIB[R] blocked=ability-harass reason=nothing_castable'
08/30 16:36:37 [Localization System] CLocalize::FindSafe failed to localize: 'AIB[D] blocked=uphill-repo reason=no_reposition'
08/30 16:36:37 [Localization System] CLocalize::FindSafe failed to localize: 'AIB[D] intent=state-desire-safety family=state base=108 creep_dmg=8 hp=63 creep=true hero=false reason=recent_damage score=116'
08/30 16:36:37 [Localization System] CLocalize::FindSafe failed to localize: 'AIB[D] intent=creep-hit-react family=safety dist=130 hp=63 hits=1 reason=attack'
08/30 16:36:37 [Localization System] CLocalize::FindSafe failed to localize: 'AIB[D] blocked=safety-candidate reason=no_action_capped hp=63 score=44'
08/30 16:36:37 [Localization System] CLocalize::FindSafe failed to localize: 'AIB[D] intent=tick-owner family=other stage=laning-core'
08/30 16:36:37 [Localization System] CLocalize::FindSafe failed to localize: 'AIB[D] t=154s hp=62% gold=548 loc=-525,-397 enemy-dist=518 lh=12 dn=5 dg=+42 dlh=+1 bottle=-1 lvl=3 front=9811 ehp=75'
08/30 16:36:37 [Localization System] CLocalize::FindSafe failed to localize: 'AIB[D] intent=state-desire-fight family=state base=78 range=18 dist=518 hp=62 ehp=75 hyst=18 reason=enemy_seen score=114'
08/30 16:36:37 [Localization System] CLocalize::FindSafe failed to localize: 'AIB[D] intent=arbiter family=fight winner=creep-aggro:112 losers=hero-pass:105'
08/30 16:36:37 [Localization System] CLocalize::FindSafe failed to localize: 'AIB[D] intent=creep-aggro family=safety hp=62 reason=creep_hitting'
08/30 16:36:37 [Localization System] CLocalize::FindSafe failed to localize: 'AIB[R] intent=hero-pass family=fight dist=518 hp=75 reason=nearby_enemy'
08/30 16:36:37 [Localization System] CLocalize::FindSafe failed to localize: 'AIB[R] intent=tick-owner family=other stage=fight intent=hero-pass'
08/30 16:36:37 [Localization System] CLocalize::FindSafe failed to localize: 'AIB[R] intent=top-arbiter family=state winner=fight:122 losers=hero-over-creep:52,idle-heal:46,emergency-retreat:45,fwd-pullback:44,emergency-kill:43.5'
08/30 16:36:37 [Localization System] CLocalize::FindSafe failed to localize: 'AIB[D] intent=top-arbiter family=state winner=fight:114 losers=hero-over-creep:52,idle-heal:46,emergency-retreat:45,fwd-pullback:44,emergency-kill:43.5'
08/30 16:36:37 [Localization System] CLocalize::FindSafe failed to localize: 'AIB[D] blocked=creep-aggro reason=hero_trading hp=55 hits=1'
08/30 16:36:38 [Localization System] CLocalize::FindSafe failed to localize: 'AIB[D] blocked=recover-candidate reason=no_action_capped hp=53 score=44'
08/30 16:36:38 [Localization System] CLocalize::FindSafe failed to localize: 'AIB[R] intent=state-desire-fight family=state base=78 range=18 hp_adv=8 execute=20 dist=518 hp=76 ehp=52 hyst=18 reason=enemy_seen score=142'
08/30 16:36:38 [Localization System] CLocalize::FindSafe failed to localize: 'AIB[R] blocked=top-arbiter reason=empty_action winner=fight score=142'
08/30 16:36:38 [Localization System] CLocalize::FindSafe failed to localize: 'AIB[D] blocked=hero-over-creep reason=no_target'
08/30 16:36:38 [Localization System] CLocalize::FindSafe failed to localize: 'AIB[D] blocked=emergency-kill reason=no_target'
08/30 16:36:38 [Localization System] CLocalize::FindSafe failed to localize: 'AIB[D] blocked=harass reason=no_target'
08/30 16:36:39 [Localization System] CLocalize::FindSafe failed to localize: 'AIB[R] intent=top-arbiter family=state winner=fight:124 losers=hero-over-creep:52,idle-heal:46,emergency-retreat:45,fwd-pullback:44,emergency-kill:43.5'
08/30 16:36:39 [Localization System] CLocalize::FindSafe failed to localize: 'AIB[D] intent=state-desire-recover family=state base=74 creep_dmg=-14 hp=44 reason=hp_gate score=60'
08/30 16:36:39 [Localization System] CLocalize::FindSafe failed to localize: 'AIB[D] intent=recovery-policy family=recover action=recover hp=44 gate=55 source=lane-low'
08/30 16:36:39 [Localization System] CLocalize::FindSafe failed to localize: 'AIB[D] intent=state-recover-xp family=state ttl=2 reason=regen_lane hp=44 dist=315'
08/30 16:36:39 [Localization System] CLocalize::FindSafe failed to localize: 'AIB[D] intent=top-arbiter family=state winner=recover:60 losers=safe-cs:56,hero-over-creep:52,idle-heal:46,emergency-retreat:45,fwd-pullback:44'
08/30 16:36:39 [Localization System] CLocalize::FindSafe failed to localize: 'AIB[R] blocked=hero-over-creep reason=no_target'
08/30 16:36:39 [Localization System] CLocalize::FindSafe failed to localize: 'AIB[R] blocked=emergency-kill reason=no_target'
08/30 16:36:39 [Localization System] CLocalize::FindSafe failed to localize: 'AIB[R] blocked=uphill-repo reason=no_reposition'
08/30 16:36:39 [Localization System] CLocalize::FindSafe failed to localize: 'AIB[D] intent=tick-owner family=other stage=laning-core'
08/30 16:36:39 [Localization System] CLocalize::FindSafe failed to localize: 'AIB[R] intent=tick-owner family=other stage=laning-core'
08/30 16:36:39 [Localization System] CLocalize::FindSafe failed to localize: 'AIB[D] intent=state-desire-safety family=state base=108 creep_dmg=8 hp=45 creep=true hero=true reason=recent_damage score=116'
08/30 16:36:39 [Localization System] CLocalize::FindSafe failed to localize: 'AIB[D] intent=creep-hit-react family=safety dist=468 hp=45 hits=3 reason=aggro_step'
08/30 16:36:39 [Localization System] CLocalize::FindSafe failed to localize: 'AIB[R] t=156s hp=67% gold=485 loc=-677,-589 enemy-dist=642 lh=6 dn=0 dg=+92 dlh=+1 bottle=-1 lvl=3 front=8405 ehp=45'
08/30 16:36:39 [Localization System] CLocalize::FindSafe failed to localize: 'AIB[R] blocked=ability-pressure reason=nothing_castable'
08/30 16:36:39 [Localization System] CLocalize::FindSafe failed to localize: 'AIB[D] intent=state-desire-fight family=state base=78 range=18 dist=602 hp=43 ehp=67 reason=enemy_seen score=96'
08/30 16:36:39 [Localization System] CLocalize::FindSafe failed to localize: 'AIB[D] blocked=ability-pressure reason=nothing_castable'
08/30 16:36:40 [Localization System] CLocalize::FindSafe failed to localize: 'AIB[R] intent=state-desire-fight family=state base=78 range=18 hp_adv=8 execute=20 dist=542 hp=67 ehp=43 hyst=18 reason=enemy_seen score=142'
08/30 16:36:40 [Localization System] CLocalize::FindSafe failed to localize: 'AIB[R] blocked=hero-contact reason=refractory since=0.40'
08/30 16:36:40 [Localization System] CLocalize::FindSafe failed to localize: 'AIB[R] blocked=recovery-buy reason=flask_in_inventory hp=67'
08/30 16:36:40 [Localization System] CLocalize::FindSafe failed to localize: 'AIB[R] blocked=uphill-repo reason=motor_busy'
08/30 16:36:40 [Localization System] CLocalize::FindSafe failed to localize: 'AIB[D] blocked=hero-contact reason=refractory since=0.17'
08/30 16:36:40 [Localization System] CLocalize::FindSafe failed to localize: 'AIB[D] intent=arbiter family=fight winner=creep-aggro:95 losers=hero-pass:60'
08/30 16:36:40 [Localization System] CLocalize::FindSafe failed to localize: 'AIB[R] blocked=top-arbiter reason=empty_action winner=fight score=124'
08/30 16:36:40 [Localization System] CLocalize::FindSafe failed to localize: 'AIB[D] blocked=safety-candidate reason=no_action_capped hp=43 score=44'
08/30 16:36:40 [Localization System] CLocalize::FindSafe failed to localize: 'AIB[D] blocked=buy-loop reason=saving target=item_bottle head=item_bottle cost=675 gold=552 left=1'
08/30 16:36:40 [Localization System] CLocalize::FindSafe failed to localize: 'AIB[R] blocked=buy-loop reason=saving target=item_bottle head=item_bottle cost=675 gold=486 left=1'
08/30 16:36:40 [Localization System] CLocalize::FindSafe failed to localize: 'AIB[R] intent=recovery-plan family=recover action=flask reason=inventory hp=68'
08/30 16:36:40 [Localization System] CLocalize::FindSafe failed to localize: 'AIB[R] intent=top-arbiter family=state winner=idle-heal:46 losers=hero-over-creep:52,emergency-retreat:45,fwd-pullback:44,emergency-kill:43.5,uphill:43'
08/30 16:36:40 [Localization System] CLocalize::FindSafe failed to localize: 'AIB[R] blocked=harass reason=own_heal_running'
08/30 16:36:40 [Localization System] CLocalize::FindSafe failed to localize: 'AIB[D] intent=channel-interrupt family=fight dist=567 hp=44 kind=heal reason=enemy_heal'
08/30 16:36:41 [Localization System] CLocalize::FindSafe failed to localize: 'AIB[D] intent=tick-owner family=other stage=laning-core'
08/30 16:36:41 [Localization System] CLocalize::FindSafe failed to localize: 'AIB[R] intent=state-desire-fight family=state base=78 range=18 hp_adv=8 execute=20 dist=567 hp=73 ehp=44 hyst=18 reason=enemy_seen score=142'
08/30 16:36:41 [Localization System] CLocalize::FindSafe failed to localize: 'AIB[R] intent=tick-owner family=other stage=desire/fight base=78 range=18 hp_adv=8 execute=20 dist=567 hp=73 ehp=44 hyst=18 reason=enemy_seen score=142'
08/30 16:36:41 [Localization System] CLocalize::FindSafe failed to localize: 'AIB[D] intent=state-desire-fight family=state base=78 range=18 dist=567 hp=44 ehp=62 hyst=18 reason=enemy_seen score=114'
08/30 16:36:41 [Localization System] CLocalize::FindSafe failed to localize: 'AIB[D] intent=hero-contact family=fight dist=567 hp=44 reason=attackable_enemy'
08/30 16:36:41 [Localization System] CLocalize::FindSafe failed to localize: 'AIB[D] intent=top-arbiter family=state winner=fight:114 losers=recover:74,safe-cs:56,hero-over-creep:52,idle-heal:46,emergency-retreat:45'
08/30 16:36:41 [Localization System] CLocalize::FindSafe failed to localize: 'AIB[R] blocked=creep-aggro reason=hero_trading hp=61 hits=1'
08/30 16:36:41 [Localization System] CLocalize::FindSafe failed to localize: 'AIB[R] intent=creep-aggro family=safety hp=61 dest=-1296,-1161 reason=chip_step'
08/30 16:36:41 [Localization System] CLocalize::FindSafe failed to localize: 'AIB[D] blocked=recover-candidate reason=no_action_capped hp=44 score=44'
08/30 16:36:41 [Localization System] CLocalize::FindSafe failed to localize: 'AIB[D] blocked=hero-pass reason=low_hp hp=44'
08/30 16:36:41 [Localization System] CLocalize::FindSafe failed to localize: 'AIB[D] blocked=top-arbiter reason=empty_action winner=fight score=114'
08/30 16:36:41 [Localization System] CLocalize::FindSafe failed to localize: 'AIB[D] blocked=hero-over-creep reason=no_target'
08/30 16:36:41 [Localization System] CLocalize::FindSafe failed to localize: 'AIB[D] intent=state-recover-xp family=state ttl=2 reason=regen_lane hp=44 dist=434'
08/30 16:36:42 [Localization System] CLocalize::FindSafe failed to localize: 'AIB[R] blocked=safety-candidate reason=no_action_capped hp=61 score=44'
08/30 16:36:42 [Localization System] CLocalize::FindSafe failed to localize: 'AIB[D] blocked=fight-candidate reason=no_action_capped hp=44 score=40'
08/30 16:36:42 [Localization System] CLocalize::FindSafe failed to localize: 'AIB[R] intent=hero-contact family=fight dist=719 hp=61 reason=close_enemy'
08/30 16:36:42 [Localization System] CLocalize::FindSafe failed to localize: 'AIB[R] intent=top-arbiter family=state winner=fight:124 losers=hero-over-creep:52,idle-heal:46,emergency-retreat:45,fwd-pullback:44,emergency-kill:43.5'
08/30 16:36:42 [Localization System] CLocalize::FindSafe failed to localize: 'AIB[R] intent=arbiter family=fight winner=hero-pass:90 losers=creep-aggro:72'
08/30 16:36:42 [Localization System] CLocalize::FindSafe failed to localize: 'AIB[D] t=159s hp=45% gold=555 loc=-66,42 enemy-dist=740 lh=12 dn=5 dg=+7 dlh=+0 bottle=-1 lvl=3 front=9811 ehp=61'
08/30 16:36:42 [Localization System] CLocalize::FindSafe failed to localize: 'AIB[D] intent=state-desire-safety family=state base=108 creep_dmg=8 hp=43 creep=true hero=false reason=recent_damage score=116'
08/30 16:36:42 [Localization System] CLocalize::FindSafe failed to localize: 'AIB[D] intent=creep-hit-react family=safety dist=328 hp=43 hits=1 reason=edge_attack'
08/30 16:36:42 [Localization System] CLocalize::FindSafe failed to localize: 'AIB[R] blocked=hero-over-creep reason=no_target'
08/30 16:36:42 [Localization System] CLocalize::FindSafe failed to localize: 'AIB[R] blocked=recovery-buy reason=budget_cap hp=61 gold=489 count=3 allow=3'
08/30 16:36:42 [Localization System] CLocalize::FindSafe failed to localize: 'AIB[R] blocked=emergency-kill reason=no_target'
08/30 16:36:42 [Localization System] CLocalize::FindSafe failed to localize: 'AIB[R] blocked=uphill-repo reason=no_reposition'
08/30 16:36:42 [Localization System] CLocalize::FindSafe failed to localize: 'AIB[D] intent=state-desire-recover family=state base=74 creep_dmg=-14 hp=43 reason=hp_gate score=60'
08/30 16:36:42 [Localization System] CLocalize::FindSafe failed to localize: 'AIB[D] intent=recovery-policy family=recover action=recover hp=43 gate=55 source=lane-low'
08/30 16:36:42 [Localization System] CLocalize::FindSafe failed to localize: 'AIB[D] intent=recovery-owner family=recover band=soft threat=true mode=safe-step hp=43'
08/30 16:36:42 [Localization System] CLocalize::FindSafe failed to localize: 'AIB[R] blocked=harass reason=no_target'
08/30 16:36:43 [Localization System] CLocalize::FindSafe failed to localize: 'AIB[D] blocked=creep-hit-react reason=recovery_commit hp=43 band=soft'
08/30 16:36:43 [Localization System] CLocalize::FindSafe failed to localize: 'AIB[D] blocked=recovery-buy reason=budget_cap hp=43 gold=556 count=4 allow=3'
08/30 16:36:43 [Localization System] CLocalize::FindSafe failed to localize: 'AIB[R] blocked=uphill-repo reason=motor_busy'
08/30 16:36:43 [Localization System] CLocalize::FindSafe failed to localize: 'AIB[R] intent=state-desire-safety family=state base=108 creep_dmg=8 hp=60 creep=true hero=false reason=recent_damage score=116'
08/30 16:36:43 [Localization System] CLocalize::FindSafe failed to localize: 'AIB[R] intent=creep-hit-react family=safety dist=377 hp=60 hits=1 reason=attack'
08/30 16:36:43 [Localization System] CLocalize::FindSafe failed to localize: 'AIB[D] blocked=safety-candidate reason=no_action_capped hp=43 score=44'
08/30 16:36:43 [Localization System] CLocalize::FindSafe failed to localize: 'AIB[D] intent=top-arbiter family=state winner=recover:78 losers=safe-cs:56,hero-over-creep:52,idle-heal:46,emergency-retreat:45,fwd-pullback:44'
08/30 16:36:43 [Localization System] CLocalize::FindSafe failed to localize: 'AIB[D] intent=tick-owner family=other stage=laning-core'
08/30 16:36:44 [Localization System] CLocalize::FindSafe failed to localize: 'AIB[D] intent=state-desire-recover family=state base=74 hp=44 hyst=18 reason=hp_gate score=92'
08/30 16:36:44 [Localization System] CLocalize::FindSafe failed to localize: 'AIB[D] blocked=recover-candidate reason=no_action_capped hp=44 score=44'
08/30 16:36:44 [Localization System] CLocalize::FindSafe failed to localize: 'AIB[D] blocked=hero-over-creep reason=no_target'
08/30 16:36:44 [Localization System] CLocalize::FindSafe failed to localize: 'AIB[D] intent=top-arbiter family=state winner=idle-heal:46 losers=safe-cs:56,hero-over-creep:52,emergency-retreat:45,fwd-pullback:44,emergency-kill:43.5'
08/30 16:36:45 [Localization System] CLocalize::FindSafe failed to localize: 'AIB[D] blocked=emergency-kill reason=no_target'
08/30 16:36:45 [Localization System] CLocalize::FindSafe failed to localize: 'AIB[D] blocked=uphill-repo reason=low_hp_hold'
08/30 16:36:45 [Localization System] CLocalize::FindSafe failed to localize: 'AIB[D] blocked=harass reason=no_target'
08/30 16:36:45 [Localization System] CLocalize::FindSafe failed to localize: 'AIB[D] blocked=ability-harass reason=nothing_castable'
08/30 16:36:45 [Localization System] CLocalize::FindSafe failed to localize: 'AIB[R] t=162s hp=60% gold=494 loc=-1081,-834 lh=6 dn=0 dg=+9 dlh=+0 bottle=-1 lvl=3 front=8830 ehp=-1'
08/30 16:36:45 [Localization System] CLocalize::FindSafe failed to localize: 'AIB[R] blocked=ability-harass reason=nothing_castable'
08/30 16:36:45 [Localization System] CLocalize::FindSafe failed to localize: 'AIB[R] intent=top-arbiter family=state winner=anti-idle:2 losers=hero-over-creep:52,idle-heal:46,emergency-retreat:45,fwd-pullback:44,emergency-kill:43.5'
08/30 16:36:45 [Localization System] CLocalize::FindSafe failed to localize: 'AIB[R] intent=tick-owner family=other stage=desire/anti-idle reason=ready score=2 band=idle'
08/30 16:36:45 [Localization System] CLocalize::FindSafe failed to localize: 'AIB[D] intent=tick-owner family=other stage=laning-core'
08/30 16:36:45 [Localization System] CLocalize::FindSafe failed to localize: 'AIB[R] blocked=hero-over-creep reason=no_target'
08/30 16:36:45 [Localization System] CLocalize::FindSafe failed to localize: 'AIB[R] blocked=emergency-kill reason=no_target'
08/30 16:36:45 [Localization System] CLocalize::FindSafe failed to localize: 'AIB[R] blocked=uphill-repo reason=no_reposition'
08/30 16:36:45 [Localization System] CLocalize::FindSafe failed to localize: 'AIB[R] blocked=harass reason=no_target'
08/30 16:36:46 [Localization System] CLocalize::FindSafe failed to localize: 'AIB[R] intent=lane-line-episode family=other dist=1035 fwd=0.65'
08/30 16:36:46 [Localization System] CLocalize::FindSafe failed to localize: 'AIB[R] blocked=uphill-repo reason=motor_busy'
08/30 16:36:46 [Localization System] CLocalize::FindSafe failed to localize: 'AIB[D] blocked=uphill-repo reason=no_reposition'
08/30 16:36:46 [Localization System] CLocalize::FindSafe failed to localize: 'AIB[D] intent=top-arbiter family=state winner=creep-work:38.8 losers=safe-cs:56,hero-over-creep:52,idle-heal:46,emergency-retreat:45,fwd-pullback:44'
08/30 16:36:47 [Localization System] CLocalize::FindSafe failed to localize: 'AIB[R] blocked=hero-prio-chase reason=lane_work dist=1415 cs=false creep=false hp_adv=false kill_pressure=false close=false low_farm=false lane_override=false'
08/30 16:36:47 [Localization System] CLocalize::FindSafe failed to localize: 'AIB[D] intent=state-desire-last-hit family=farm dist=291 reason=killable_creep score=140'
08/30 16:36:47 [Localization System] CLocalize::FindSafe failed to localize: 'AIB[R] intent=state-siege-window family=siege ttl=2 wave=1 tower=1731 hp=61 adv=true'
08/30 16:36:47 [Localization System] CLocalize::FindSafe failed to localize: 'AIB[R] intent=tower-opportunity family=siege result=step phase=default wave=1 tower=1731'
08/30 16:36:47 [Localization System] CLocalize::FindSafe failed to localize: 'AIB[R] intent=top-arbiter family=state winner=creep-work:38.6 losers=hero-over-creep:52,idle-heal:46,emergency-retreat:45,fwd-pullback:44,emergency-kill:43.5'
08/30 16:36:47 [Localization System] CLocalize::FindSafe failed to localize: 'AIB[D] t=164s hp=48% gold=563 loc=47,571 enemy-dist=1226 lh=12 dn=5 dg=+8 dlh=+0 bottle=-1 lvl=3 front=8620 ehp=61'
08/30 16:36:47 [Localization System] CLocalize::FindSafe failed to localize: 'AIB[D] intent=wave-watch-work family=other lh=12 idle=13 creep_hp=28 dist=139'
08/30 16:36:47 [Localization System] CLocalize::FindSafe failed to localize: 'AIB[R] intent=tick-owner family=other stage=laning-core'
08/30 16:36:47 [Localization System] CLocalize::FindSafe failed to localize: 'AIB[D] intent=tick-owner family=other stage=laning-core'
08/30 16:36:47 [Localization System] CLocalize::FindSafe failed to localize: 'AIB[D] blocked=uphill-repo reason=not_trading'
08/30 16:36:48 [Localization System] CLocalize::FindSafe failed to localize: 'AIB[D] blocked=hero-over-creep reason=no_target'
08/30 16:36:48 [Localization System] CLocalize::FindSafe failed to localize: 'AIB[D] intent=top-arbiter family=state winner=wave-watch:10 losers=safe-cs:56,hero-over-creep:52,idle-heal:46,emergency-retreat:45,fwd-pullback:44'
08/30 16:36:48 [Localization System] CLocalize::FindSafe failed to localize: 'AIB[D] blocked=emergency-kill reason=no_target'
08/30 16:36:48 [Localization System] CLocalize::FindSafe failed to localize: 'AIB[D] blocked=harass reason=no_target'
08/30 16:36:48 [Localization System] CLocalize::FindSafe failed to localize: 'AIB[D] blocked=ability-harass reason=nothing_castable'
08/30 16:36:48 [Localization System] CLocalize::FindSafe failed to localize: 'AIB[D] blocked=buy-loop reason=saving target=item_bottle head=item_bottle cost=675 gold=644 left=1'
08/30 16:36:48 [Localization System] CLocalize::FindSafe failed to localize: 'AIB[R] blocked=buy-loop reason=saving target=item_bottle head=item_bottle cost=675 gold=498 left=1'
08/30 16:36:48 [Localization System] CLocalize::FindSafe failed to localize: 'AIB[D] blocked=creep-hit-react reason=recovery_commit hp=48 band=soft'
08/30 16:36:48 [Localization System] CLocalize::FindSafe failed to localize: 'AIB[D] blocked=safety-candidate reason=no_action_capped hp=48 score=44'
08/30 16:36:48 [Localization System] CLocalize::FindSafe failed to localize: 'AIB[D] blocked=recover-candidate reason=no_action_capped hp=48 score=44'
08/30 16:36:48 [Localization System] CLocalize::FindSafe failed to localize: 'AIB[R] intent=state-desire-fight family=state base=78 hp_adv=8 execute=20 dist=877 hp=62 ehp=49 reason=enemy_seen score=106'
08/30 16:36:48 [Localization System] CLocalize::FindSafe failed to localize: 'AIB[R] blocked=ability-pressure reason=nothing_castable'
08/30 16:36:48 [Localization System] CLocalize::FindSafe failed to localize: 'AIB[R] blocked=top-arbiter reason=empty_action winner=fight score=106'
08/30 16:36:48 [Localization System] CLocalize::FindSafe failed to localize: 'AIB[R] intent=top-arbiter family=state winner=harass:40 losers=fight:106,hero-over-creep:52,idle-heal:46,emergency-retreat:45,fwd-pullback:44'
08/30 16:36:48 [Localization System] CLocalize::FindSafe failed to localize: 'AIB[R] blocked=hero-over-creep reason=no_target'
08/30 16:36:48 [Localization System] CLocalize::FindSafe failed to localize: 'AIB[R] blocked=emergency-kill reason=no_target'
08/30 16:36:49 [Localization System] CLocalize::FindSafe failed to localize: 'AIB[R] intent=hero-contact family=fight dist=746 hp=62 reason=close_enemy'
08/30 16:36:49 [Localization System] CLocalize::FindSafe failed to localize: 'AIB[R] blocked=hero-contact reason=refractory since=0.13'
08/30 16:36:49 [Localization System] CLocalize::FindSafe failed to localize: 'AIB[R] intent=hero-pass family=fight dist=545 hp=62 reason=nearby_enemy'
08/30 16:36:49 [Localization System] CLocalize::FindSafe failed to localize: 'AIB[D] intent=damage-by-source family=other creep=434 tower=0 hero=979 mixed=208 death=0 other=0 stale=63 gaps=2'
08/30 16:36:49 [Localization System] CLocalize::FindSafe failed to localize: 'AIB[D] blocked=fight-candidate reason=no_action_capped hp=48 score=40'
08/30 16:36:49 [Localization System] CLocalize::FindSafe failed to localize: 'AIB[R] intent=tick-owner family=other stage=laning-core'
08/30 16:36:49 [Localization System] CLocalize::FindSafe failed to localize: 'AIB[D] intent=state-desire-last-hit family=farm dist=400 reason=killable_creep score=140'
08/30 16:36:49 [Localization System] CLocalize::FindSafe failed to localize: 'AIB[D] intent=top-arbiter family=state winner=last-hit:140 losers=safe-cs:56,hero-over-creep:52,cs-inrange:50,idle-heal:46,emergency-retreat:45'
08/30 16:36:49 [Localization System] CLocalize::FindSafe failed to localize: 'AIB[D] intent=tick-owner family=other stage=desire/last-hit dist=400 reason=killable_creep score=140'
08/30 16:36:50 [Localization System] CLocalize::FindSafe failed to localize: 'AIB[R] intent=state-desire-fight family=state base=78 range=18 hp_adv=8 execute=20 dist=544 hp=62 ehp=42 hyst=18 reason=enemy_seen score=142'
08/30 16:36:50 [Localization System] CLocalize::FindSafe failed to localize: 'AIB[R] blocked=top-arbiter reason=empty_action winner=fight score=142'
08/30 16:36:50 [Localization System] CLocalize::FindSafe failed to localize: 'AIB[R] intent=top-arbiter family=state winner=hero-over-creep:52 losers=fight:142,idle-heal:46,emergency-retreat:45,fwd-pullback:44,emergency-kill:43.5'
08/30 16:36:50 [Localization System] CLocalize::FindSafe failed to localize: 'AIB[R] t=167s hp=63% gold=501 loc=-311,-12 enemy-dist=632 lh=6 dn=0 dg=+7 dlh=+0 bottle=-1 lvl=3 front=9157 ehp=42'
08/30 16:36:50 [Localization System] CLocalize::FindSafe failed to localize: 'AIB[R] blocked=hero-pass reason=chase_into_tower hp=63'
08/30 16:36:50 [Localization System] CLocalize::FindSafe failed to localize: 'AIB[R] blocked=recovery-buy reason=budget_cap hp=63 gold=501 count=3 allow=3'
08/30 16:36:50 [Localization System] CLocalize::FindSafe failed to localize: 'AIB[R] blocked=uphill-repo reason=no_reposition'
08/30 16:36:50 [Localization System] CLocalize::FindSafe failed to localize: 'AIB[R] intent=melee-pack-space family=safety count=3 dist=289'
08/30 16:36:51 [Localization System] CLocalize::FindSafe failed to localize: 'AIB[R] blocked=uphill-repo reason=motor_busy'
08/30 16:36:51 [Localization System] CLocalize::FindSafe failed to localize: 'invalid index'
08/30 16:36:52 [Localization System] CLocalize::FindSafe failed to localize: 'AIB[D] intent=state-desire-recover family=state base=74 creep_dmg=-14 hp=44 reason=hp_gate score=60'
08/30 16:36:52 [Localization System] CLocalize::FindSafe failed to localize: 'AIB[D] intent=recovery-policy family=recover action=recover hp=44 gate=55 source=lane-low'
08/30 16:36:52 [Localization System] CLocalize::FindSafe failed to localize: 'AIB[D] intent=top-arbiter family=state winner=recover:60 losers=safe-cs:56,hero-over-creep:52,idle-heal:46,emergency-retreat:45,fwd-pullback:44'
08/30 16:36:52 [Localization System] CLocalize::FindSafe failed to localize: 'AIB[D] intent=tick-owner family=other stage=desire/recover base=74 creep_dmg=-14 hp=44 reason=hp_gate score=60'
08/30 16:36:52 [Localization System] CLocalize::FindSafe failed to localize: 'AIB[D] t=169s hp=45% gold=650 loc=428,978 enemy-dist=1352 lh=13 dn=5 dg=+87 dlh=+1 bottle=-1 lvl=4 front=9570 ehp=61'
08/30 16:36:52 [Localization System] CLocalize::FindSafe failed to localize: 'AIB[D] blocked=recover-candidate reason=no_action_capped hp=47 score=44'
08/30 16:36:52 [Localization System] CLocalize::FindSafe failed to localize: 'AIB[D] blocked=hero-over-creep reason=no_target'
08/30 16:36:52 [Localization System] CLocalize::FindSafe failed to localize: 'AIB[D] blocked=emergency-kill reason=no_target'
08/30 16:36:52 [Localization System] CLocalize::FindSafe failed to localize: 'AIB[D] blocked=uphill-repo reason=motor_busy'
08/30 16:36:52 [Localization System] CLocalize::FindSafe failed to localize: 'AIB[D] blocked=harass reason=own_heal_running'
08/30 16:36:52 [Localization System] CLocalize::FindSafe failed to localize: 'AIB[D] blocked=ability-harass reason=nothing_castable'
08/30 16:36:53 [Localization System] CLocalize::FindSafe failed to localize: 'AIB[R] intent=damage-by-source family=other creep=227 tower=0 hero=1184 mixed=62 death=0 other=0 stale=132 gaps=3'
08/30 16:36:53 [Localization System] CLocalize::FindSafe failed to localize: 'AIB[R] intent=state-desire-safety family=state base=108 creep_dmg=8 hp=59 creep=true hero=false reason=recent_damage score=116'
08/30 16:36:53 [Localization System] CLocalize::FindSafe failed to localize: 'AIB[R] intent=creep-hit-react family=safety dist=417 hp=59 hits=1 reason=attack'
08/30 16:36:53 [Localization System] CLocalize::FindSafe failed to localize: 'AIB[R] intent=top-arbiter family=state winner=safety:116 losers=hero-over-creep:52,idle-heal:46,emergency-retreat:45,fwd-pullback:44,emergency-kill:43.5'
08/30 16:36:53 [Localization System] CLocalize::FindSafe failed to localize: 'AIB[R] intent=tick-owner family=other stage=desire/safety base=108 creep_dmg=8 hp=59 creep=true hero=false reason=recent_damage score=116'
08/30 16:36:53 [Localization System] CLocalize::FindSafe failed to localize: 'AIB[R] blocked=safety-candidate reason=no_action_capped hp=59 score=44'
08/30 16:36:53 [Localization System] CLocalize::FindSafe failed to localize: 'AIB[R] blocked=hero-over-creep reason=no_target'
08/30 16:36:53 [Localization System] CLocalize::FindSafe failed to localize: 'AIB[R] blocked=emergency-kill reason=no_target'
08/30 16:36:53 [Localization System] CLocalize::FindSafe failed to localize: 'AIB[R] intent=melee-pack-space family=safety count=3 dist=179'
08/30 16:36:53 [Localization System] CLocalize::FindSafe failed to localize: 'AIB[R] blocked=uphill-repo reason=no_reposition'
08/30 16:36:53 [Localization System] CLocalize::FindSafe failed to localize: 'AIB[R] blocked=harass reason=no_target'
08/30 16:36:54 [Localization System] CLocalize::FindSafe failed to localize: 'AIB[D] blocked=uphill-repo reason=no_reposition'
08/30 16:36:54 [Localization System] CLocalize::FindSafe failed to localize: 'AIB[D] intent=top-arbiter family=state winner=anti-idle:2 losers=safe-cs:56,hero-over-creep:52,idle-heal:46,emergency-retreat:45,fwd-pullback:44'
08/30 16:36:54 [Localization System] CLocalize::FindSafe failed to localize: 'AIB[R] blocked=top-arbiter reason=empty_action winner=safety score=134'
08/30 16:36:54 [Localization System] CLocalize::FindSafe failed to localize: 'AIB[D] intent=tick-owner family=other stage=laning-core'
08/30 16:36:54 [Localization System] CLocalize::FindSafe failed to localize: 'AIB[D] blocked=uphill-repo reason=not_trading'
08/30 16:36:55 Script function 'Think' on bot npc_dota_hero_nevermore took 2.614ms
08/30 16:36:55 [Localization System] CLocalize::FindSafe failed to localize: 'AIB[R] intent=top-arbiter family=state winner=creep-work:38.6 losers=hero-over-creep:52,idle-heal:46,emergency-retreat:45,fwd-pullback:44,emergency-kill:43.5'
08/30 16:36:55 [Localization System] CLocalize::FindSafe failed to localize: 'AIB[R] intent=melee-pack-space family=safety count=3 dist=137'
08/30 16:36:55 [Localization System] CLocalize::FindSafe failed to localize: 'AIB[D] blocked=wave-watch reason=not_finishable creep_hp=442 dist=744 idle=8'
08/30 16:36:55 [Localization System] CLocalize::FindSafe failed to localize: 'AIB[R] intent=tick-owner family=other stage=laning-core'
08/30 16:36:55 [Localization System] CLocalize::FindSafe failed to localize: 'AIB[R] t=172s hp=60% gold=509 loc=-612,-315 enemy-dist=990 lh=6 dn=0 dg=+8 dlh=+0 bottle=-1 lvl=3 front=8847 ehp=62'
08/30 16:36:55 [Localization System] CLocalize::FindSafe failed to localize: 'AIB[R] intent=channel-interrupt family=fight dist=990 hp=60 kind=heal reason=enemy_heal'
08/30 16:36:55 [Localization System] CLocalize::FindSafe failed to localize: 'AIB[D] intent=top-arbiter family=state winner=wave-watch:10 losers=hero-over-creep:52,idle-heal:46,emergency-retreat:45,fwd-pullback:44,emergency-kill:43.5'
08/30 16:36:55 [Localization System] CLocalize::FindSafe failed to localize: 'AIB[D] blocked=fight-candidate reason=no_action_capped hp=63 score=40'
08/30 16:36:55 [Localization System] CLocalize::FindSafe failed to localize: 'AIB[D] intent=melee-pack-space family=safety count=2 dist=148'
08/30 16:36:56 [Localization System] CLocalize::FindSafe failed to localize: 'AIB[D] blocked=hero-over-creep reason=no_target'
08/30 16:36:56 [Localization System] CLocalize::FindSafe failed to localize: 'AIB[D] blocked=recovery-buy reason=budget_cap hp=64 gold=655 count=4 allow=3'
08/30 16:36:56 [Localization System] CLocalize::FindSafe failed to localize: 'AIB[D] blocked=emergency-kill reason=no_target'
08/30 16:36:56 [Localization System] CLocalize::FindSafe failed to localize: 'AIB[D] blocked=ability-harass reason=nothing_castable'
08/30 16:36:56 [Localization System] CLocalize::FindSafe failed to localize: 'AIB[D] blocked=buy-loop reason=saving target=item_bottle head=item_bottle cost=675 gold=656 left=1'
08/30 16:36:56 [Localization System] CLocalize::FindSafe failed to localize: 'AIB[R] blocked=buy-loop reason=saving target=item_bottle head=item_bottle cost=675 gold=510 left=1'
08/30 16:36:56 [Localization System] CLocalize::FindSafe failed to localize: 'AIB[D] intent=tick-owner family=other stage=laning-core'
08/30 16:36:56 [Localization System] CLocalize::FindSafe failed to localize: 'AIB[D] blocked=recover-candidate reason=no_action_capped hp=51 score=44'
08/30 16:36:56 [Localization System] CLocalize::FindSafe failed to localize: 'AIB[D] blocked=harass reason=no_target'
08/30 16:36:56 [Localization System] CLocalize::FindSafe failed to localize: 'AIB[R] intent=state-desire-fight family=state base=78 execute=20 dist=681 hp=60 ehp=52 reason=enemy_seen score=98'
08/30 16:36:56 [Localization System] CLocalize::FindSafe failed to localize: 'AIB[R] blocked=ability-pressure reason=nothing_castable'
08/30 16:36:56 [Localization System] CLocalize::FindSafe failed to localize: 'AIB[R] intent=hero-contact family=fight dist=681 hp=60 reason=close_enemy'
08/30 16:36:56 [Localization System] CLocalize::FindSafe failed to localize: 'AIB[R] intent=top-arbiter family=state winner=fight:98 losers=hero-over-creep:52,idle-heal:46,emergency-retreat:45,fwd-pullback:44,emergency-kill:43.5'
08/30 16:36:57 [Localization System] CLocalize::FindSafe failed to localize: 'AIB[R] blocked=hero-contact reason=refractory since=0.20'
08/30 16:36:57 [Localization System] CLocalize::FindSafe failed to localize: 'AIB[R] intent=hero-pass family=fight dist=722 hp=60 reason=nearby_enemy'
08/30 16:36:57 [Localization System] CLocalize::FindSafe failed to localize: 'AIB[D] blocked=uphill-repo reason=no_reposition'
08/30 16:36:57 [Localization System] CLocalize::FindSafe failed to localize: 'AIB[R] blocked=top-arbiter reason=empty_action winner=fight score=116'
08/30 16:36:57 [Localization System] CLocalize::FindSafe failed to localize: 'AIB[R] blocked=hero-over-creep reason=no_target'
08/30 16:36:57 [Localization System] CLocalize::FindSafe failed to localize: 'AIB[R] blocked=emergency-kill reason=no_target'
08/30 16:36:57 [Localization System] CLocalize::FindSafe failed to localize: 'AIB[R] blocked=uphill-repo reason=no_reposition'
08/30 16:36:57 [Localization System] CLocalize::FindSafe failed to localize: 'AIB[D] intent=top-arbiter family=state winner=creep-work:38.8 losers=safe-cs:56,hero-over-creep:52,idle-heal:46,emergency-retreat:45,fwd-pullback:44'
08/30 16:36:57 [Localization System] CLocalize::FindSafe failed to localize: 'AIB[R] blocked=uphill-repo reason=motor_busy'
08/30 16:36:57 [Localization System] CLocalize::FindSafe failed to localize: 'AIB[R] intent=tick-owner family=other stage=laning-core'
08/30 16:36:57 [Localization System] CLocalize::FindSafe failed to localize: 'AIB[D] t=174s hp=53% gold=658 loc=37,143 enemy-dist=810 lh=13 dn=5 dg=+8 dlh=+0 bottle=-1 lvl=4 front=9745 ehp=60'
08/30 16:36:57 [Localization System] CLocalize::FindSafe failed to localize: 'AIB[D] intent=kill-lock family=fight dist=853 ehp=39 hp=53 exec=false atk=true mutual=false reason=killable_enemy'
08/30 16:36:57 [Localization System] CLocalize::FindSafe failed to localize: 'AIB[R] intent=state-desire-safety family=state base=108 hp=39 creep=false hero=true reason=recent_damage score=108'
08/30 16:36:57 [Localization System] CLocalize::FindSafe failed to localize: 'AIB[R] intent=state-desire-recover family=state base=74 danger=28 hp=39 reason=hp_gate score=102'
08/30 16:36:57 [Localization System] CLocalize::FindSafe failed to localize: 'AIB[R] intent=recovery-policy family=recover action=recover hp=39 gate=55 source=lane-low'
08/30 16:36:57 [Localization System] CLocalize::FindSafe failed to localize: 'AIB[R] intent=state-recover-xp family=state ttl=2 reason=regen_lane hp=39 dist=464'
08/30 16:36:58 [Localization System] CLocalize::FindSafe failed to localize: 'AIB[R] blocked=safety-candidate reason=no_action_capped hp=39 score=44'
08/30 16:36:58 [Localization System] CLocalize::FindSafe failed to localize: 'AIB[R] intent=top-arbiter family=state winner=recover:120 losers=safe-cs:56,hero-over-creep:52,idle-heal:46,emergency-retreat:45,fwd-pullback:44'
08/30 16:36:58 [Localization System] CLocalize::FindSafe failed to localize: 'AIB[R] intent=recovery-plan family=recover action=back reason=post_fight_regen hp=39'
08/30 16:36:58 [Localization System] CLocalize::FindSafe failed to localize: 'AIB[R] intent=recovery-owner family=recover band=soft threat=true mode=safe-step hp=39'
08/30 16:36:58 [Localization System] CLocalize::FindSafe failed to localize: 'AIB[D] intent=tick-owner family=other stage=laning-core'
08/30 16:36:58 [Localization System] CLocalize::FindSafe failed to localize: 'AIB[D] intent=state-desire-last-hit family=farm dist=183 reason=killable_creep score=140'
08/30 16:36:58 [Localization System] CLocalize::FindSafe failed to localize: 'AIB[D] intent=top-arbiter family=state winner=last-hit:140 losers=fight:106,safe-cs:56,hero-over-creep:52,cs-inrange:50,idle-heal:46'
08/30 16:36:59 [Localization System] CLocalize::FindSafe failed to localize: 'AIB[D] blocked=hero-over-creep reason=no_target'
08/30 16:36:59 [Localization System] CLocalize::FindSafe failed to localize: 'AIB[D] blocked=emergency-kill reason=no_target'
08/30 16:36:59 [Localization System] CLocalize::FindSafe failed to localize: 'AIB[D] intent=melee-pack-space family=safety count=2 dist=263'
08/30 16:36:59 [Localization System] CLocalize::FindSafe failed to localize: 'AIB[R] intent=state-desire-recover family=state base=74 danger=28 hp=40 hyst=18 reason=hp_gate score=120'
08/30 16:36:59 [Localization System] CLocalize::FindSafe failed to localize: 'AIB[R] intent=tick-owner family=other stage=laning-core'
08/30 16:36:59 [Localization System] CLocalize::FindSafe failed to localize: 'AIB[D] blocked=harass reason=no_target'
08/30 16:36:59 [Localization System] CLocalize::FindSafe failed to localize: 'AIB[R] blocked=recover-candidate reason=no_action_capped hp=40 score=44'
08/30 16:36:59 [Localization System] CLocalize::FindSafe failed to localize: 'AIB[R] blocked=uphill-repo reason=low_hp_hold'
08/30 16:36:59 [Localization System] CLocalize::FindSafe failed to localize: 'AIB[R] blocked=harass reason=regen_wanted'
08/30 16:36:59 [Localization System] CLocalize::FindSafe failed to localize: 'AIB[R] blocked=ability-harass reason=nothing_castable'
08/30 16:36:59 [Localization System] CLocalize::FindSafe failed to localize: 'AIB[R] intent=top-arbiter family=state winner=anti-idle:2 losers=safe-cs:56,hero-over-creep:52,idle-heal:46,emergency-retreat:45,fwd-pullback:44'
08/30 16:37:00 [Localization System] CLocalize::FindSafe failed to localize: 'AIB[D] blocked=uphill-repo reason=no_reposition'
08/30 16:37:00 [Localization System] CLocalize::FindSafe failed to localize: 'AIB[R] blocked=hero-over-creep reason=no_target'
08/30 16:37:00 [Localization System] CLocalize::FindSafe failed to localize: 'AIB[R] blocked=emergency-kill reason=no_target'
08/30 16:37:00 [Localization System] CLocalize::FindSafe failed to localize: 'AIB[R] blocked=uphill-repo reason=motor_busy'
08/30 16:37:00 [Localization System] CLocalize::FindSafe failed to localize: 'AIB[D] intent=top-arbiter family=state winner=creep-work:38.8 losers=hero-over-creep:52,idle-heal:46,emergency-retreat:45,fwd-pullback:44,emergency-kill:43.5'
08/30 16:37:00 [Localization System] CLocalize::FindSafe failed to localize: 'AIB[R] t=177s hp=41% gold=356 loc=-854,-712 enemy-dist=978 lh=6 dn=0 dg=-153 dlh=+0 bottle=-1 lvl=3 front=8847 ehp=57'
08/30 16:37:00 [Localization System] CLocalize::FindSafe failed to localize: 'AIB[D] blocked=ability-harass reason=nothing_castable'
08/30 16:37:00 [Localization System] CLocalize::FindSafe failed to localize: 'AIB[D] intent=tick-owner family=other stage=desire/wave-watch reason=ready score=10 band=idle'
08/30 16:37:01 [Localization System] CLocalize::FindSafe failed to localize: 'AIB[R] blocked=uphill-repo reason=not_trading'
08/30 16:37:01 [Localization System] CLocalize::FindSafe failed to localize: 'AIB[D] intent=melee-pack-space family=safety count=2 dist=365'
08/30 16:37:02 [Localization System] CLocalize::FindSafe failed to localize: 'AIB[D] intent=top-arbiter family=state winner=wave-watch:10 losers=hero-over-creep:52,idle-heal:46,emergency-retreat:45,fwd-pullback:44,emergency-kill:43.5'
08/30 16:37:02 [Localization System] CLocalize::FindSafe failed to localize: 'AIB[R] blocked=recover-candidate reason=no_action_capped hp=42 score=44'
08/30 16:37:02 [Localization System] CLocalize::FindSafe failed to localize: 'AIB[R] blocked=harass reason=regen_wanted'
08/30 16:37:02 [Localization System] CLocalize::FindSafe failed to localize: 'AIB[R] blocked=ability-harass reason=nothing_castable'
08/30 16:37:02 [Localization System] CLocalize::FindSafe failed to localize: 'AIB[R] blocked=visual-hold reason=empty held=2.2 hp=42 repeat=1 hard=false'
08/30 16:37:02 [Localization System] CLocalize::FindSafe failed to localize: 'AIB[R] intent=top-arbiter family=state winner=visual-hold:20 losers=safe-cs:56,hero-over-creep:52,idle-heal:46,emergency-retreat:45,fwd-pullback:44'
08/30 16:37:02 [Localization System] CLocalize::FindSafe failed to localize: 'AIB[R] intent=tick-owner family=other stage=desire/visual-hold reason=ready score=20 band=position'
08/30 16:37:03 [Server] PR:IncrementIdleTime 1:[I:0:0] 2.40
08/30 16:37:03 [Localization System] CLocalize::FindSafe failed to localize: 'AIB[R] intent=state-recover-xp family=state ttl=2 reason=regen_lane hp=42 dist=253'
08/30 16:37:03 [Localization System] CLocalize::FindSafe failed to localize: 'AIB[R] blocked=hero-over-creep reason=no_target'
08/30 16:37:03 [Localization System] CLocalize::FindSafe failed to localize: 'AIB[R] blocked=emergency-kill reason=no_target'
08/30 16:37:04 [Localization System] CLocalize::FindSafe failed to localize: 'AIB[D] blocked=buy-loop reason=saving target=item_magic_wand head=item_magic_stick cost=200 gold=39 left=2'
08/30 16:37:04 [Localization System] CLocalize::FindSafe failed to localize: 'AIB[R] blocked=buy-loop reason=saving target=item_bottle head=item_bottle cost=675 gold=362 left=1'
08/30 16:37:04 [Localization System] CLocalize::FindSafe failed to localize: 'AIB[R] intent=top-arbiter family=state winner=idle-heal:46 losers=safe-cs:56,hero-over-creep:52,emergency-retreat:45,fwd-pullback:44,emergency-kill:43.5'
08/30 16:37:04 [Localization System] CLocalize::FindSafe failed to localize: 'AIB[D] t=181s hp=60% gold=39 loc=-619,-460 lh=14 dn=6 dg=-619 dlh=+1 bottle=3 lvl=4 front=9745 ehp=-1'
08/30 16:37:04 [Localization System] CLocalize::FindSafe failed to localize: 'AIB[D] intent=damage-by-source family=other creep=434 tower=0 hero=1097 mixed=208 death=0 other=0 stale=70 gaps=3'
08/30 16:37:04 [Localization System] CLocalize::FindSafe failed to localize: 'AIB[D] blocked=hero-over-creep reason=no_target'
08/30 16:37:04 [Localization System] CLocalize::FindSafe failed to localize: 'AIB[D] blocked=emergency-kill reason=no_target'
08/30 16:37:04 [Localization System] CLocalize::FindSafe failed to localize: 'AIB[D] blocked=uphill-repo reason=no_reposition'
08/30 16:37:04 [Localization System] CLocalize::FindSafe failed to localize: 'AIB[D] intent=melee-pack-space family=safety count=2 dist=864'
08/30 16:37:04 [Localization System] CLocalize::FindSafe failed to localize: 'AIB[D] intent=top-arbiter family=state winner=ranged-spacing:41 losers=hero-over-creep:52,idle-heal:46,emergency-retreat:45,fwd-pullback:44,emergency-kill:43.5'
08/30 16:37:04 [Localization System] CLocalize::FindSafe failed to localize: 'AIB[D] intent=tick-owner family=other stage=desire/ranged-spacing reason=ready score=41 band=lanework'
08/30 16:37:04 [Localization System] CLocalize::FindSafe failed to localize: 'AIB[D] blocked=harass reason=no_target'
08/30 16:37:04 [Localization System] CLocalize::FindSafe failed to localize: 'AIB[R] intent=tick-owner family=other stage=laning-core'
08/30 16:37:05 [Localization System] CLocalize::FindSafe failed to localize: 'AIB[R] t=182s hp=43% gold=364 loc=-1088,-813 enemy-dist=870 lh=6 dn=0 dg=+8 dlh=+0 bottle=-1 lvl=3 front=8847 ehp=60'
08/30 16:37:05 [Localization System] CLocalize::FindSafe failed to localize: 'AIB[D] intent=state-desire-last-hit family=farm dist=196 reason=killable_creep score=140'
08/30 16:37:06 [Localization System] CLocalize::FindSafe failed to localize: 'AIB[R] blocked=recover-candidate reason=no_action_capped hp=43 score=44'
08/30 16:37:06 [Localization System] CLocalize::FindSafe failed to localize: 'AIB[R] intent=top-arbiter family=state winner=idle-heal:46 losers=safe-cs:56,hero-over-creep:52,emergency-retreat:45,fwd-pullback:44,emergency-kill:43.5'
08/30 16:37:06 [Localization System] CLocalize::FindSafe failed to localize: 'AIB[D] intent=top-arbiter family=state winner=last-hit:158 losers=hero-over-creep:52,cs-inrange:50,idle-heal:46,emergency-retreat:45,fwd-pullback:44'
08/30 16:37:06 [Localization System] CLocalize::FindSafe failed to localize: 'AIB[R] blocked=hero-over-creep reason=no_target'
08/30 16:37:06 [Localization System] CLocalize::FindSafe failed to localize: 'AIB[R] blocked=uphill-repo reason=low_hp_hold'
08/30 16:37:06 [Localization System] CLocalize::FindSafe failed to localize: 'AIB[R] blocked=harass reason=regen_wanted'
08/30 16:37:06 [Localization System] CLocalize::FindSafe failed to localize: 'AIB[R] blocked=cs-watchdog reason=no_creep lh=6 idle=20'
08/30 16:37:06 [Localization System] CLocalize::FindSafe failed to localize: 'AIB[R] blocked=ability-harass reason=nothing_castable'
08/30 16:37:06 [Localization System] CLocalize::FindSafe failed to localize: 'AIB[D] intent=melee-pack-space family=safety count=2 dist=579'
08/30 16:37:06 [Localization System] CLocalize::FindSafe failed to localize: 'AIB[R] blocked=emergency-kill reason=no_target'
08/30 16:37:06 [Localization System] CLocalize::FindSafe failed to localize: 'AIB[D] intent=tick-owner family=other stage=laning-core'
08/30 16:37:06 [Localization System] CLocalize::FindSafe failed to localize: 'AIB[R] blocked=uphill-repo reason=not_trading'
08/30 16:37:06 [Localization System] CLocalize::FindSafe failed to localize: 'AIB[R] intent=tick-owner family=other stage=laning-core'
08/30 16:37:07 [Localization System] CLocalize::FindSafe failed to localize: 'AIB[D] intent=state-desire-last-hit family=farm dist=81 hyst=18 reason=killable_creep score=158'
08/30 16:37:07 [Localization System] CLocalize::FindSafe failed to localize: 'AIB[R] intent=cs-watchdog family=farm lh=6 idle=21 creep_hp=307 dist=833'
08/30 16:37:07 [Localization System] CLocalize::FindSafe failed to localize: 'AIB[R] intent=top-arbiter family=state winner=creep-work:38.6 losers=safe-cs:56,hero-over-creep:52,idle-heal:46,emergency-retreat:45,fwd-pullback:44'
08/30 16:37:07 [Localization System] CLocalize::FindSafe failed to localize: 'AIB[D] intent=top-arbiter family=state winner=last-hit:158 losers=hero-over-creep:52,cs-inrange:50,idle-heal:46,emergency-retreat:45,fwd-pullback:44'
08/30 16:37:07 [Localization System] CLocalize::FindSafe failed to localize: 'AIB[R] blocked=fight-candidate reason=no_action_capped hp=45 score=40'
08/30 16:37:08 [Localization System] CLocalize::FindSafe failed to localize: 'AIB[D] blocked=hero-over-creep reason=no_target'
08/30 16:37:08 [Localization System] CLocalize::FindSafe failed to localize: 'AIB[D] blocked=emergency-kill reason=no_target'
08/30 16:37:08 [Localization System] CLocalize::FindSafe failed to localize: 'AIB[D] blocked=uphill-repo reason=no_reposition'
08/30 16:37:08 [Localization System] CLocalize::FindSafe failed to localize: 'AIB[D] blocked=harass reason=no_target'
08/30 16:37:08 [Localization System] CLocalize::FindSafe failed to localize: 'AIB[D] blocked=ability-harass reason=nothing_castable'
08/30 16:37:08 [Localization System] CLocalize::FindSafe failed to localize: 'AIB[D] intent=lane-line-episode family=other dist=289 fwd=0.52'
08/30 16:37:08 [Localization System] CLocalize::FindSafe failed to localize: 'AIB[R] blocked=hero-prio-always reason=uphill'
08/30 16:37:08 [Localization System] CLocalize::FindSafe failed to localize: 'AIB[R] intent=state-desire-fight family=state base=78 range=18 dist=476 hp=45 ehp=61 reason=enemy_seen score=96'
08/30 16:37:08 [Localization System] CLocalize::FindSafe failed to localize: 'AIB[R] blocked=ability-pressure reason=nothing_castable'
08/30 16:37:08 [Localization System] CLocalize::FindSafe failed to localize: 'AIB[R] intent=hero-contact family=fight dist=476 hp=45 reason=attackable_enemy'
08/30 16:37:08 [Localization System] CLocalize::FindSafe failed to localize: 'AIB[R] intent=damage-by-source family=other creep=227 tower=0 hero=1333 mixed=62 death=0 other=0 stale=132 gaps=3'
08/30 16:37:08 [Localization System] CLocalize::FindSafe failed to localize: 'AIB[R] blocked=hero-contact reason=refractory since=0.17'
08/30 16:37:08 [Localization System] CLocalize::FindSafe failed to localize: 'AIB[R] blocked=hero-pass reason=low_hp hp=45'
08/30 16:37:08 [Localization System] CLocalize::FindSafe failed to localize: 'AIB[R] blocked=top-arbiter reason=empty_action winner=fight score=114'
08/30 16:37:08 [Localization System] CLocalize::FindSafe failed to localize: 'AIB[R] intent=hero-pass family=fight dist=476 hp=45 reason=nearby_enemy'
08/30 16:37:09 [Localization System] CLocalize::FindSafe failed to localize: 'AIB[R] intent=tick-owner family=other stage=laning-core'
08/30 16:37:09 [Localization System] CLocalize::FindSafe failed to localize: 'AIB[R] intent=recovery-policy family=recover action=recover hp=33 gate=35 source=early-low'
08/30 16:37:09 [Localization System] CLocalize::FindSafe failed to localize: 'AIB[R] intent=state-recover-xp family=state ttl=2 reason=regen_lane hp=33 dist=670'
08/30 16:37:10 [Localization System] CLocalize::FindSafe failed to localize: 'AIB[R] t=187s hp=31% gold=372 loc=-1074,-864 enemy-dist=679 lh=6 dn=0 dg=+8 dlh=+0 bottle=-1 lvl=3 front=7078 ehp=56'
08/30 16:37:11 [Localization System] CLocalize::FindSafe failed to localize: 'AIB[R] intent=tick-owner family=other stage=laning-core'
08/30 16:37:11 [Localization System] CLocalize::FindSafe failed to localize: 'AIB[D] t=188s hp=56% gold=87 loc=-581,-524 lh=15 dn=6 dg=+48 dlh=+1 bottle=3 lvl=4 front=10276 ehp=-1'
08/30 16:37:11 [Localization System] CLocalize::FindSafe failed to localize: 'AIB[D] blocked=hero-over-creep reason=no_target'
08/30 16:37:11 [Localization System] CLocalize::FindSafe failed to localize: 'AIB[D] intent=recovery-plan family=recover action=back reason=post_fight_regen hp=56'
08/30 16:37:11 [Localization System] CLocalize::FindSafe failed to localize: 'AIB[D] intent=state-recover-xp family=state ttl=5 reason=post_fight_regen hp=56 dist=571'
08/30 16:37:11 [Localization System] CLocalize::FindSafe failed to localize: 'AIB[D] blocked=emergency-kill reason=no_target'
08/30 16:37:11 [Localization System] CLocalize::FindSafe failed to localize: 'AIB[D] blocked=uphill-repo reason=no_reposition'
08/30 16:37:11 [Localization System] CLocalize::FindSafe failed to localize: 'AIB[D] blocked=harass reason=no_target'
08/30 16:37:11 [Localization System] CLocalize::FindSafe failed to localize: 'AIB[D] blocked=ability-harass reason=nothing_castable'
08/30 16:37:11 [Localization System] CLocalize::FindSafe failed to localize: 'AIB[D] intent=top-arbiter family=state winner=anti-idle:2 losers=hero-over-creep:52,idle-heal:46,emergency-retreat:45,fwd-pullback:44,emergency-kill:43.5'
08/30 16:37:11 [Localization System] CLocalize::FindSafe failed to localize: 'AIB[D] intent=tick-owner family=other stage=desire/anti-idle reason=ready score=2 band=idle'
08/30 16:37:11 [Localization System] CLocalize::FindSafe failed to localize: 'AIB[R] intent=recovery-policy family=recover action=recover hp=32 gate=35 source=early-low'
08/30 16:37:11 [Localization System] CLocalize::FindSafe failed to localize: 'AIB[R] intent=recovery-plan family=recover action=back reason=post_fight_regen hp=32'
08/30 16:37:11 [Localization System] CLocalize::FindSafe failed to localize: 'AIB[R] intent=state-recover-xp family=state ttl=5 reason=post_fight_regen hp=32 dist=509'
08/30 16:37:11 [Localization System] CLocalize::FindSafe failed to localize: 'AIB[R] intent=recovery-owner family=recover band=soft threat=true mode=safe-step hp=32'
08/30 16:37:11 [Localization System] CLocalize::FindSafe failed to localize: 'AIB[D] intent=kill-lock family=fight dist=945 ehp=32 hp=56 exec=false atk=true mutual=false reason=killable_enemy'
08/30 16:37:12 [Localization System] CLocalize::FindSafe failed to localize: 'AIB[D] blocked=kill-lock reason=chase_into_tower dist=954 ehp=32'
08/30 16:37:12 [Localization System] CLocalize::FindSafe failed to localize: 'AIB[D] blocked=siege reason=desire_or_hp hp=56 adv=false'
08/30 16:37:12 [Localization System] CLocalize::FindSafe failed to localize: 'AIB[D] intent=tower-opportunity family=siege result=blocked_desire_or_hp wave=2 hp=56 adv=false'
08/30 16:37:12 [Localization System] CLocalize::FindSafe failed to localize: 'AIB[D] blocked=buy-loop reason=saving target=item_magic_wand head=item_magic_stick cost=200 gold=89 left=2'
08/30 16:37:12 [Localization System] CLocalize::FindSafe failed to localize: 'AIB[R] blocked=buy-loop reason=saving target=item_bottle head=item_bottle cost=675 gold=374 left=1'
08/30 16:37:12 [Localization System] CLocalize::FindSafe failed to localize: 'AIB[D] blocked=siege-candidate reason=no_action_capped hp=56 score=42'
08/30 16:37:13 [Localization System] CLocalize::FindSafe failed to localize: 'AIB[R] intent=tick-owner family=other stage=laning-core'
08/30 16:37:13 [Localization System] CLocalize::FindSafe failed to localize: 'AIB[R] intent=recovery-policy family=recover action=recover hp=33 gate=35 source=early-low'
08/30 16:37:14 [Localization System] CLocalize::FindSafe failed to localize: 'AIB[R] blocked=creep-hit-react reason=recovery_commit hp=32 band=soft'
08/30 16:37:14 [Localization System] CLocalize::FindSafe failed to localize: 'AIB[R] intent=state-desire-safety family=state base=126 creep_dmg=8 hp=32 creep=true hero=false reason=recent_damage score=134'
08/30 16:37:14 [Localization System] CLocalize::FindSafe failed to localize: 'AIB[R] blocked=top-arbiter reason=empty_action winner=safety score=134'
08/30 16:37:14 [Localization System] CLocalize::FindSafe failed to localize: 'AIB[R] intent=state-desire-recover family=state base=74 danger=28 creep_dmg=-14 hp=32 reason=hp_gate score=88'
08/30 16:37:14 [Localization System] CLocalize::FindSafe failed to localize: 'AIB[R] blocked=hero-over-creep reason=no_target'
08/30 16:37:14 [Localization System] CLocalize::FindSafe failed to localize: 'AIB[R] blocked=emergency-kill reason=no_target'
08/30 16:37:14 [Localization System] CLocalize::FindSafe failed to localize: 'AIB[R] intent=top-arbiter family=state winner=low-hp-hold:43.2 losers=safety:134,recover:88,safe-cs:56,hero-over-creep:52,idle-heal:46'
08/30 16:37:15 [Localization System] CLocalize::FindSafe failed to localize: 'AIB[R] intent=state-desire-last-hit family=farm dist=257 reason=killable_creep score=140'
08/30 16:37:15 [Localization System] CLocalize::FindSafe failed to localize: 'AIB[R] blocked=creep-hit-react reason=inside_melee_pack count=2 dist=192 hp=33'
08/30 16:37:15 [Localization System] CLocalize::FindSafe failed to localize: 'AIB[R] intent=tick-owner family=other stage=laning-core'
08/30 16:37:15 [Localization System] CLocalize::FindSafe failed to localize: 'AIB[R] intent=recovery-policy family=recover action=recover hp=33 gate=35 source=early-low'
08/30 16:37:15 [Localization System] CLocalize::FindSafe failed to localize: 'AIB[R] intent=recovery-owner family=recover band=soft threat=false mode=watch-step hp=33'
08/30 16:37:15 [Localization System] CLocalize::FindSafe failed to localize: 'AIB[D] blocked=hero-over-creep reason=no_target'
08/30 16:37:15 [Localization System] CLocalize::FindSafe failed to localize: 'AIB[D] blocked=emergency-kill reason=no_target'
08/30 16:37:15 [Localization System] CLocalize::FindSafe failed to localize: 'AIB[D] blocked=uphill-repo reason=no_reposition'
08/30 16:37:15 [Localization System] CLocalize::FindSafe failed to localize: 'AIB[D] blocked=harass reason=no_target'
08/30 16:37:15 [Localization System] CLocalize::FindSafe failed to localize: 'AIB[D] blocked=ability-harass reason=nothing_castable'
08/30 16:37:15 [Localization System] CLocalize::FindSafe failed to localize: 'AIB[D] intent=top-arbiter family=state winner=fwd-position:22 losers=hero-over-creep:52,idle-heal:46,emergency-retreat:45,fwd-pullback:44,emergency-kill:43.5'
08/30 16:37:15 [Localization System] CLocalize::FindSafe failed to localize: 'AIB[D] intent=tick-owner family=other stage=desire/fwd-position reason=ready score=22 band=position'
08/30 16:37:15 [Localization System] CLocalize::FindSafe failed to localize: 'AIB[R] t=193s hp=33% gold=379 loc=-1872,-1679 lh=6 dn=0 dg=+7 dlh=+0 bottle=-1 lvl=3 front=7078 ehp=-1'
08/30 16:37:15 [Localization System] CLocalize::FindSafe failed to localize: 'AIB[R] blocked=uphill-repo reason=low_hp_hold'
08/30 16:37:15 [Localization System] CLocalize::FindSafe failed to localize: 'AIB[R] blocked=harass reason=regen_wanted'
08/30 16:37:16 [Localization System] CLocalize::FindSafe failed to localize: 'AIB[D] blocked=uphill-repo reason=motor_busy'
08/30 16:37:16 [Localization System] CLocalize::FindSafe failed to localize: 'AIB[D] t=193s hp=58% gold=95 loc=-529,-377 lh=15 dn=6 dg=+8 dlh=+0 bottle=-1 lvl=4 front=11748 ehp=-1'
08/30 16:37:16 [Localization System] CLocalize::FindSafe failed to localize: 'AIB[R] intent=state-desire-recover family=state base=74 danger=28 hp=33 reason=hp_gate score=102'
08/30 16:37:16 [Localization System] CLocalize::FindSafe failed to localize: 'AIB[R] blocked=top-arbiter reason=empty_action winner=recover score=102'
08/30 16:37:16 [Localization System] CLocalize::FindSafe failed to localize: 'AIB[R] intent=top-arbiter family=state winner=creep-work:38.6 losers=recover:102,safe-cs:56,hero-over-creep:52,idle-heal:46,emergency-retreat:45'
08/30 16:37:16 [Localization System] CLocalize::FindSafe failed to localize: 'AIB[R] intent=state-desire-safety family=state base=126 creep_dmg=8 hp=32 creep=true hero=false reason=recent_damage score=134'
08/30 16:37:16 [Localization System] CLocalize::FindSafe failed to localize: 'AIB[R] intent=recovery-plan family=recover action=back reason=post_fight_regen hp=32'
08/30 16:37:16 [Localization System] CLocalize::FindSafe failed to localize: 'AIB[R] intent=state-recover-xp family=state ttl=5 reason=post_fight_regen hp=32 dist=710'
08/30 16:37:17 [Localization System] CLocalize::FindSafe failed to localize: 'AIB[R] intent=tick-owner family=other stage=laning-core'
08/30 16:37:17 [Localization System] CLocalize::FindSafe failed to localize: 'AIB[D] intent=lane-line-episode family=other dist=245 fwd=0.55'
08/30 16:37:17 [Localization System] CLocalize::FindSafe failed to localize: 'AIB[D] intent=top-arbiter family=state winner=lane-line:18 losers=hero-over-creep:52,idle-heal:46,emergency-retreat:45,fwd-pullback:44,emergency-kill:43.5'
08/30 16:37:17 [Localization System] CLocalize::FindSafe failed to localize: 'AIB[R] intent=recovery-policy family=recover action=recover hp=31 gate=35 source=early-low'
08/30 16:37:17 [Localization System] CLocalize::FindSafe failed to localize: 'AIB[R] blocked=creep-hit-react reason=recovery_commit hp=32 band=soft'
08/30 16:37:17 [Localization System] CLocalize::FindSafe failed to localize: 'AIB[R] blocked=top-arbiter reason=empty_action winner=safety score=134'
08/30 16:37:17 [Localization System] CLocalize::FindSafe failed to localize: 'AIB[R] intent=state-desire-recover family=state base=74 danger=28 creep_dmg=-14 hp=32 reason=hp_gate score=88'
08/30 16:37:17 [Localization System] CLocalize::FindSafe failed to localize: 'AIB[R] blocked=hero-over-creep reason=no_target'
08/30 16:37:17 [Localization System] CLocalize::FindSafe failed to localize: 'AIB[R] blocked=emergency-kill reason=no_target'
08/30 16:37:17 [Localization System] CLocalize::FindSafe failed to localize: 'AIB[R] intent=top-arbiter family=state winner=low-hp-hold:43.2 losers=safety:134,recover:88,safe-cs:56,hero-over-creep:52,idle-heal:46'
08/30 16:37:17 [Localization System] CLocalize::FindSafe failed to localize: 'invalid index'
08/30 16:37:17 [Localization System] CLocalize::FindSafe failed to localize: 'AIB[D] intent=tick-owner family=other stage=laning-core'
08/30 16:37:18 [Localization System] CLocalize::FindSafe failed to localize: 'AIB[R] intent=state-desire-safety family=state base=126 creep_dmg=8 hp=32 creep=true hero=false reason=recent_damage score=134'
08/30 16:37:18 [Localization System] CLocalize::FindSafe failed to localize: 'AIB[R] blocked=harass reason=own_heal_running'
08/30 16:37:18 [Localization System] CLocalize::FindSafe failed to localize: 'AIB[R] intent=cs-watchdog family=farm lh=6 idle=32 creep_hp=175 dist=634'
08/30 16:37:18 [Localization System] CLocalize::FindSafe failed to localize: 'AIB[R] intent=state-desire-last-hit family=farm dist=566 reason=killable_creep score=140'
08/30 16:37:18 [Localization System] CLocalize::FindSafe failed to localize: 'AIB[D] blocked=hero-over-creep reason=no_target'
08/30 16:37:18 [Localization System] CLocalize::FindSafe failed to localize: 'AIB[D] blocked=emergency-kill reason=no_target'
08/30 16:37:18 [Localization System] CLocalize::FindSafe failed to localize: 'AIB[D] blocked=harass reason=no_target'
08/30 16:37:18 [Localization System] CLocalize::FindSafe failed to localize: 'AIB[D] intent=top-arbiter family=state winner=creep-work:38.8 losers=hero-over-creep:52,idle-heal:46,emergency-retreat:45,fwd-pullback:44,emergency-kill:43.5'
08/30 16:37:19 [Localization System] CLocalize::FindSafe failed to localize: 'AIB[D] blocked=uphill-repo reason=motor_busy'
08/30 16:37:19 [Localization System] CLocalize::FindSafe failed to localize: 'AIB[D] blocked=ability-harass reason=nothing_castable'
08/30 16:37:19 [Localization System] CLocalize::FindSafe failed to localize: 'AIB[R] intent=state-desire-recover family=state base=74 danger=28 hp=32 reason=hp_gate score=102'
08/30 16:37:19 [Localization System] CLocalize::FindSafe failed to localize: 'AIB[R] blocked=top-arbiter reason=empty_action winner=recover score=102'
08/30 16:37:19 [Localization System] CLocalize::FindSafe failed to localize: 'AIB[R] blocked=uphill-repo reason=low_hp_hold'
08/30 16:37:19 [Localization System] CLocalize::FindSafe failed to localize: 'AIB[R] intent=top-arbiter family=state winner=creep-work:38.6 losers=recover:102,safe-cs:56,hero-over-creep:52,idle-heal:46,emergency-retreat:45'
08/30 16:37:19 [Localization System] CLocalize::FindSafe failed to localize: 'AIB[R] intent=tick-owner family=other stage=laning-core'
08/30 16:37:19 [Localization System] CLocalize::FindSafe failed to localize: 'AIB[R] intent=recovery-policy family=recover action=recover hp=33 gate=35 source=early-low'
08/30 16:37:19 [Localization System] CLocalize::FindSafe failed to localize: 'AIB[R] blocked=ability-harass reason=nothing_castable'
08/30 16:37:19 [Localization System] CLocalize::FindSafe failed to localize: 'AIB[R] intent=wave-watch-work family=other lh=6 idle=12 creep_hp=68 dist=533'
08/30 16:37:19 [Localization System] CLocalize::FindSafe failed to localize: 'AIB[D] intent=damage-by-source family=other creep=434 tower=0 hero=1097 mixed=208 death=0 other=0 stale=114 gaps=4'
08/30 16:37:20 [Localization System] CLocalize::FindSafe failed to localize: 'AIB[D] intent=lane-line-episode family=other dist=628 fwd=0.38'
08/30 16:37:20 [Localization System] CLocalize::FindSafe failed to localize: 'AIB[D] intent=tick-owner family=other stage=laning-core'
08/30 16:37:20 [Localization System] CLocalize::FindSafe failed to localize: 'AIB[D] blocked=buy-loop reason=saving target=item_magic_wand head=item_magic_stick cost=200 gold=101 left=2'
08/30 16:37:20 [Localization System] CLocalize::FindSafe failed to localize: 'AIB[R] blocked=buy-loop reason=saving target=item_bottle head=item_bottle cost=675 gold=438 left=1'
08/30 16:37:20 [Localization System] CLocalize::FindSafe failed to localize: 'AIB[R] blocked=recover-candidate reason=no_resources_behind_safe hp=33 score=44'
08/30 16:37:20 [Localization System] CLocalize::FindSafe failed to localize: 'AIB[D] intent=top-arbiter family=state winner=lane-line:18 losers=hero-over-creep:52,idle-heal:46,emergency-retreat:45,fwd-pullback:44,emergency-kill:43.5'
08/30 16:37:20 [Localization System] CLocalize::FindSafe failed to localize: 'AIB[R] blocked=hero-over-creep reason=no_target'
08/30 16:37:20 [Localization System] CLocalize::FindSafe failed to localize: 'AIB[R] blocked=emergency-kill reason=no_target'
08/30 16:37:20 [Localization System] CLocalize::FindSafe failed to localize: 'AIB[R] blocked=cs-watchdog reason=no_creep lh=7 idle=34'
08/30 16:37:20 [Localization System] CLocalize::FindSafe failed to localize: 'AIB[R] t=198s hp=33% gold=439 loc=-2133,-1905 lh=7 dn=0 dg=+60 dlh=+1 bottle=-1 lvl=4 front=7334 ehp=-1'
08/30 16:37:21 [Localization System] CLocalize::FindSafe failed to localize: 'AIB[D] t=198s hp=60% gold=102 loc=-474,-337 lh=15 dn=6 dg=+7 dlh=+0 bottle=-1 lvl=4 front=9622 ehp=-1'
08/30 16:37:21 **** Panel Hint has fill-parent-flow for width, but isn't in a flowing right layout
08/30 16:37:21 [Localization System] CLocalize::FindSafe failed to localize: 'AIB[R] blocked=uphill-repo reason=no_reposition'
08/30 16:37:21 [Localization System] CLocalize::FindSafe failed to localize: 'AIB[R] intent=top-arbiter family=state winner=anti-idle:2 losers=safe-cs:56,hero-over-creep:52,idle-heal:46,emergency-retreat:45,fwd-pullback:44'
08/30 16:37:21 [Localization System] CLocalize::FindSafe failed to localize: 'AIB[R] intent=tick-owner family=other stage=laning-core'
08/30 16:37:21 [Localization System] CLocalize::FindSafe failed to localize: 'AIB[R] intent=recovery-policy family=recover action=recover hp=34 gate=35 source=early-low'
08/30 16:37:21 [Localization System] CLocalize::FindSafe failed to localize: 'AIB[D] blocked=hero-over-creep reason=no_target'
08/30 16:37:21 [Localization System] CLocalize::FindSafe failed to localize: 'AIB[D] blocked=emergency-kill reason=no_target'
08/30 16:37:21 [Localization System] CLocalize::FindSafe failed to localize: 'AIB[D] blocked=harass reason=no_target'
08/30 16:37:22 [Localization System] CLocalize::FindSafe failed to localize: 'AIB[R] blocked=harass reason=own_heal_running'
08/30 16:37:22 [Localization System] CLocalize::FindSafe failed to localize: 'AIB[D] intent=top-arbiter family=state winner=lane-line:18 losers=hero-over-creep:52,idle-heal:46,emergency-retreat:45,fwd-pullback:44,emergency-kill:43.5'
08/30 16:37:22 [Localization System] CLocalize::FindSafe failed to localize: 'AIB[D] intent=tick-owner family=other stage=laning-core'
08/30 16:37:22 [Localization System] CLocalize::FindSafe failed to localize: 'AIB[D] blocked=uphill-repo reason=motor_busy'
08/30 16:37:22 [Localization System] CLocalize::FindSafe failed to localize: 'AIB[D] blocked=ability-harass reason=nothing_castable'
08/30 16:37:22 [Localization System] CLocalize::FindSafe failed to localize: 'AIB[R] intent=state-desire-recover family=state base=74 danger=28 hp=34 reason=hp_gate score=102'
08/30 16:37:22 [Localization System] CLocalize::FindSafe failed to localize: 'AIB[R] blocked=top-arbiter reason=empty_action winner=recover score=102'
08/30 16:37:22 [Localization System] CLocalize::FindSafe failed to localize: 'AIB[R] blocked=uphill-repo reason=low_hp_hold'
08/30 16:37:22 [Localization System] CLocalize::FindSafe failed to localize: 'AIB[R] blocked=ability-harass reason=nothing_castable'
08/30 16:37:22 [Localization System] CLocalize::FindSafe failed to localize: 'AIB[R] intent=top-arbiter family=state winner=anti-idle:2 losers=recover:102,safe-cs:56,hero-over-creep:52,idle-heal:46,emergency-retreat:45'
08/30 16:37:23 [Localization System] CLocalize::FindSafe failed to localize: 'AIB[R] intent=recovery-owner family=recover band=soft threat=false mode=back hp=35'
08/30 16:37:23 [Localization System] CLocalize::FindSafe failed to localize: 'AIB[R] intent=damage-by-source family=other creep=268 tower=0 hero=1420 mixed=62 death=0 other=0 stale=132 gaps=3'
08/30 16:37:23 [Localization System] CLocalize::FindSafe failed to localize: 'AIB[R] intent=tick-owner family=other stage=laning-core'
08/30 16:37:23 [Localization System] CLocalize::FindSafe failed to localize: 'AIB[D] intent=state-desire-safety family=state base=108 creep_dmg=8 hp=60 creep=true hero=false reason=recent_damage score=116'
08/30 16:37:23 [Localization System] CLocalize::FindSafe failed to localize: 'AIB[D] intent=creep-hit-react family=safety dist=110 hp=60 hits=1 reason=attack'
08/30 16:37:23 [Localization System] CLocalize::FindSafe failed to localize: 'AIB[D] intent=top-arbiter family=state winner=safety:116 losers=hero-over-creep:52,idle-heal:46,emergency-retreat:45,fwd-pullback:44,emergency-kill:43.5'
08/30 16:37:23 [Localization System] CLocalize::FindSafe failed to localize: 'AIB[D] blocked=safety-candidate reason=no_action_capped hp=60 score=44'
08/30 16:37:23 [Localization System] CLocalize::FindSafe failed to localize: 'AIB[R] blocked=recover-candidate reason=no_action_capped hp=35 score=44'
08/30 16:37:23 [Localization System] CLocalize::FindSafe failed to localize: 'AIB[R] blocked=hero-over-creep reason=no_target'
08/30 16:37:23 [Localization System] CLocalize::FindSafe failed to localize: 'AIB[R] blocked=emergency-kill reason=no_target'
08/30 16:37:24 [Localization System] CLocalize::FindSafe failed to localize: 'AIB[D] intent=melee-pack-space family=safety count=3 dist=297'
08/30 16:37:24 [Localization System] CLocalize::FindSafe failed to localize: 'AIB[D] intent=tick-owner family=other stage=desire/ranged-spacing reason=ready score=41 band=lanework'
08/30 16:37:24 [Localization System] CLocalize::FindSafe failed to localize: 'AIB[D] blocked=creep-hit-react reason=inside_melee_pack count=3 dist=130 hp=58'
08/30 16:37:24 [Localization System] CLocalize::FindSafe failed to localize: 'AIB[R] intent=top-arbiter family=state winner=anti-idle:2 losers=safe-cs:56,hero-over-creep:52,idle-heal:46,emergency-retreat:45,fwd-pullback:44'
08/30 16:37:24 [Localization System] CLocalize::FindSafe failed to localize: 'AIB[D] blocked=uphill-repo reason=no_reposition'
08/30 16:37:25 [Localization System] CLocalize::FindSafe failed to localize: 'AIB[D] blocked=hero-over-creep reason=no_target'
08/30 16:37:25 [Localization System] CLocalize::FindSafe failed to localize: 'AIB[D] blocked=emergency-kill reason=no_target'
08/30 16:37:25 [Localization System] CLocalize::FindSafe failed to localize: 'AIB[D] intent=top-arbiter family=state winner=ranged-spacing:41 losers=hero-over-creep:52,idle-heal:46,emergency-retreat:45,fwd-pullback:44,emergency-kill:43.5'
08/30 16:37:25 [Localization System] CLocalize::FindSafe failed to localize: 'AIB[D] intent=state-desire-safety family=state base=108 creep_dmg=8 hp=56 creep=true hero=false hyst=18 reason=recent_damage score=134'
08/30 16:37:25 [Localization System] CLocalize::FindSafe failed to localize: 'AIB[D] intent=creep-hit-react family=safety dist=391 hp=56 hits=3 reason=attack'
08/30 16:37:25 [Localization System] CLocalize::FindSafe failed to localize: 'AIB[D] blocked=harass reason=no_target'
08/30 16:37:25 [Localization System] CLocalize::FindSafe failed to localize: 'AIB[D] blocked=ability-harass reason=nothing_castable'
08/30 16:37:25 [Localization System] CLocalize::FindSafe failed to localize: 'AIB[R] blocked=uphill-repo reason=low_hp_hold'
08/30 16:37:25 [Localization System] CLocalize::FindSafe failed to localize: 'AIB[R] blocked=ability-harass reason=nothing_castable'
08/30 16:37:25 [Localization System] CLocalize::FindSafe failed to localize: 'AIB[R] blocked=cs-watchdog reason=no_creep lh=7 idle=39'
08/30 16:37:25 [Localization System] CLocalize::FindSafe failed to localize: 'AIB[R] t=203s hp=36% gold=446 loc=-1449,-1225 enemy-dist=1294 lh=7 dn=0 dg=+7 dlh=+0 bottle=-1 lvl=4 front=8192 ehp=56'
08/30 16:37:26 [Localization System] CLocalize::FindSafe failed to localize: 'AIB[R] blocked=harass reason=own_heal_running'
08/30 16:37:26 [Localization System] CLocalize::FindSafe failed to localize: 'AIB[R] intent=top-arbiter family=state winner=creep-work:38.6 losers=safe-cs:56,hero-over-creep:52,idle-heal:46,emergency-retreat:45,fwd-pullback:44'
08/30 16:37:26 [Localization System] CLocalize::FindSafe failed to localize: 'AIB[R] intent=tick-owner family=other stage=desire/creep-work reason=ready score=39 band=lanework'
08/30 16:37:26 [Localization System] CLocalize::FindSafe failed to localize: 'AIB[R] blocked=recover-candidate reason=no_action_capped hp=37 score=44'
08/30 16:37:26 [Localization System] CLocalize::FindSafe failed to localize: 'AIB[R] blocked=hero-over-creep reason=no_target'
08/30 16:37:26 [Localization System] CLocalize::FindSafe failed to localize: 'AIB[R] blocked=emergency-kill reason=no_target'
08/30 16:37:26 [Localization System] CLocalize::FindSafe failed to localize: 'AIB[R] intent=cs-watchdog family=farm lh=7 idle=41 creep_hp=550 dist=852'
08/30 16:37:28 [Localization System] CLocalize::FindSafe failed to localize: 'AIB[R] intent=top-arbiter family=state winner=wave-watch:10 losers=safe-cs:56,hero-over-creep:52,idle-heal:46,emergency-retreat:45,fwd-pullback:44'
08/30 16:37:28 [Localization System] CLocalize::FindSafe failed to localize: 'AIB[D] blocked=buy-loop reason=saving target=item_magic_wand head=item_magic_stick cost=200 gold=113 left=2'
08/30 16:37:28 [Localization System] CLocalize::FindSafe failed to localize: 'AIB[R] blocked=buy-loop reason=saving target=item_bottle head=item_bottle cost=675 gold=450 left=1'
08/30 16:37:28 [Localization System] CLocalize::FindSafe failed to localize: 'AIB[D] t=205s hp=57% gold=113 loc=33,96 lh=15 dn=6 dg=+11 dlh=+0 bottle=-1 lvl=4 front=10386 ehp=-1'
08/30 16:37:28 [Localization System] CLocalize::FindSafe failed to localize: 'AIB[D] blocked=hero-over-creep reason=no_target'
08/30 16:37:28 [Localization System] CLocalize::FindSafe failed to localize: 'AIB[D] blocked=emergency-kill reason=no_target'
08/30 16:37:28 [Localization System] CLocalize::FindSafe failed to localize: 'AIB[D] blocked=uphill-repo reason=no_reposition'
08/30 16:37:28 [Localization System] CLocalize::FindSafe failed to localize: 'AIB[D] blocked=harass reason=no_target'
08/30 16:37:28 [Localization System] CLocalize::FindSafe failed to localize: 'AIB[D] blocked=cs-watchdog reason=no_creep lh=15 idle=21'
08/30 16:37:28 [Localization System] CLocalize::FindSafe failed to localize: 'AIB[D] blocked=ability-harass reason=nothing_castable'
08/30 16:37:28 [Localization System] CLocalize::FindSafe failed to localize: 'AIB[D] intent=lane-line-episode family=other dist=866 fwd=0.55'
08/30 16:37:28 [Localization System] CLocalize::FindSafe failed to localize: 'AIB[D] intent=top-arbiter family=state winner=lane-line:18 losers=hero-over-creep:52,idle-heal:46,emergency-retreat:45,fwd-pullback:44,emergency-kill:43.5'
08/30 16:37:28 [Localization System] CLocalize::FindSafe failed to localize: 'AIB[D] intent=tick-owner family=other stage=desire/lane-line reason=ready score=18 band=position'
08/30 16:37:28 [Localization System] CLocalize::FindSafe failed to localize: 'AIB[R] blocked=uphill-repo reason=low_hp_hold'
08/30 16:37:28 [Localization System] CLocalize::FindSafe failed to localize: 'AIB[R] blocked=ability-harass reason=nothing_castable'
08/30 16:37:28 [Localization System] CLocalize::FindSafe failed to localize: 'AIB[D] blocked=uphill-repo reason=motor_busy'
08/30 16:37:29 [Localization System] CLocalize::FindSafe failed to localize: 'AIB[R] intent=tick-owner family=other stage=desire/anti-idle reason=ready score=2 band=idle'
08/30 16:37:29 [Localization System] CLocalize::FindSafe failed to localize: 'AIB[D] intent=cs-watchdog family=farm lh=15 idle=22 creep_hp=444 dist=832'
08/30 16:37:29 [Localization System] CLocalize::FindSafe failed to localize: 'AIB[R] blocked=recover-candidate reason=no_action_capped hp=39 score=44'
08/30 16:37:29 [Localization System] CLocalize::FindSafe failed to localize: 'AIB[R] blocked=hero-over-creep reason=no_target'
08/30 16:37:29 [Localization System] CLocalize::FindSafe failed to localize: 'AIB[R] blocked=emergency-kill reason=no_target'
08/30 16:37:30 [Localization System] CLocalize::FindSafe failed to localize: 'AIB[R] blocked=harass reason=own_heal_running'
08/30 16:37:30 [Localization System] CLocalize::CompileString failed to localize: '#DOTA_Tooltip_CurrentStats_Header'
08/30 16:37:30 [Localization System] CLocalize::FindSafe failed to localize: 'AIB[D] intent=top-arbiter family=state winner=lane-line:18 losers=hero-over-creep:52,idle-heal:46,emergency-retreat:45,fwd-pullback:44,emergency-kill:43.5'
08/30 16:37:30 [Localization System] CLocalize::FindSafe failed to localize: 'AIB[D] intent=melee-pack-space family=safety count=2 dist=141'
08/30 16:37:30 [Localization System] CLocalize::FindSafe failed to localize: 'AIB[D] blocked=wave-watch reason=not_finishable creep_hp=300 dist=900 idle=7'
08/30 16:37:30 [Localization System] CLocalize::FindSafe failed to localize: 'AIB[D] intent=tick-owner family=other stage=laning-core'
08/30 16:37:31 [Localization System] CLocalize::FindSafe failed to localize: 'AIB[R] t=208s hp=39% gold=454 loc=-1379,-1193 enemy-dist=1247 lh=7 dn=0 dg=+8 dlh=+0 bottle=-1 lvl=4 front=8180 ehp=59'
08/30 16:37:31 [Localization System] CLocalize::FindSafe failed to localize: 'AIB[D] blocked=hero-over-creep reason=no_target'
08/30 16:37:31 [Localization System] CLocalize::FindSafe failed to localize: 'AIB[D] blocked=emergency-kill reason=no_target'
08/30 16:37:31 [Localization System] CLocalize::FindSafe failed to localize: 'AIB[D] blocked=harass reason=no_target'
08/30 16:37:31 [Localization System] CLocalize::FindSafe failed to localize: 'AIB[R] blocked=uphill-repo reason=low_hp_hold'
08/30 16:37:31 [Localization System] CLocalize::FindSafe failed to localize: 'AIB[R] blocked=ability-harass reason=nothing_castable'
08/30 16:37:31 [Localization System] CLocalize::FindSafe failed to localize: 'AIB[R] blocked=visual-hold reason=empty held=2.0 hp=40 repeat=2 hard=false'
08/30 16:37:31 [Localization System] CLocalize::FindSafe failed to localize: 'AIB[R] intent=top-arbiter family=state winner=visual-hold:20 losers=safe-cs:56,hero-over-creep:52,idle-heal:46,emergency-retreat:45,fwd-pullback:44'
08/30 16:37:31 [Localization System] CLocalize::FindSafe failed to localize: 'AIB[R] intent=tick-owner family=other stage=desire/visual-hold reason=ready score=20 band=position'
08/30 16:37:31 [Localization System] CLocalize::FindSafe failed to localize: 'AIB[D] blocked=uphill-repo reason=no_reposition'
08/30 16:37:31 [Localization System] CLocalize::FindSafe failed to localize: 'AIB[D] intent=top-arbiter family=state winner=creep-work:38.8 losers=hero-over-creep:52,idle-heal:46,emergency-retreat:45,fwd-pullback:44,emergency-kill:43.5'
08/30 16:37:31 [Server] PR:IncrementIdleTime 1:[I:0:0] 2.00
08/30 16:37:32 [Localization System] CLocalize::FindSafe failed to localize: 'AIB[D] intent=cs-watchdog family=farm lh=15 idle=24 creep_hp=133 dist=440'
08/30 16:37:32 [Localization System] CLocalize::FindSafe failed to localize: 'AIB[D] blocked=ability-harass reason=nothing_castable'
08/30 16:37:32 [Localization System] CLocalize::FindSafe failed to localize: 'AIB[D] intent=tick-owner family=other stage=desire/wave-watch reason=ready score=10 band=idle'
08/30 16:37:33 [Localization System] CLocalize::FindSafe failed to localize: 'AIB[R] blocked=recover-candidate reason=no_action_capped hp=41 score=44'
08/30 16:37:33 [Localization System] CLocalize::FindSafe failed to localize: 'AIB[R] blocked=hero-over-creep reason=no_target'
08/30 16:37:33 [Localization System] CLocalize::FindSafe failed to localize: 'AIB[R] blocked=emergency-kill reason=no_target'
08/30 16:37:33 [Localization System] CLocalize::FindSafe failed to localize: 'AIB[D] intent=top-arbiter family=state winner=creep-work:38.8 losers=hero-over-creep:52,idle-heal:46,emergency-retreat:45,fwd-pullback:44,emergency-kill:43.5'
08/30 16:37:33 Script function 'Think' on bot npc_dota_hero_nevermore took 2.227ms
08/30 16:37:33 [Localization System] CLocalize::FindSafe failed to localize: 'AIB[D] blocked=wave-watch reason=not_finishable creep_hp=300 dist=753 idle=10'
08/30 16:37:33 [Localization System] CLocalize::FindSafe failed to localize: 'AIB[D] t=210s hp=60% gold=121 loc=-501,-441 lh=15 dn=6 dg=+8 dlh=+0 bottle=-1 lvl=4 front=10399 ehp=-1'
08/30 16:37:33 [Localization System] CLocalize::FindSafe failed to localize: 'AIB[R] blocked=wave-watch reason=not_finishable creep_hp=519 dist=748 idle=7'
08/30 16:37:33 [Localization System] CLocalize::FindSafe failed to localize: 'AIB[R] intent=top-arbiter family=state winner=wave-watch:10 losers=safe-cs:56,hero-over-creep:52,idle-heal:46,emergency-retreat:45,fwd-pullback:44'
08/30 16:37:33 [Localization System] CLocalize::FindSafe failed to localize: 'AIB[R] intent=tick-owner family=other stage=laning-core'
08/30 16:37:34 [Localization System] CLocalize::FindSafe failed to localize: 'AIB[D] blocked=channel-interrupt reason=unsafe dist=922 hp=60 kind=heal'
08/30 16:37:34 [Localization System] CLocalize::FindSafe failed to localize: 'AIB[R] blocked=harass reason=own_heal_running'
08/30 16:37:34 [Localization System] CLocalize::FindSafe failed to localize: 'AIB[D] intent=cs-watchdog family=farm lh=15 idle=27 creep_hp=300 dist=485'
08/30 16:37:34 [Localization System] CLocalize::FindSafe failed to localize: 'AIB[D] blocked=hero-over-creep reason=no_target'
08/30 16:37:34 [Localization System] CLocalize::FindSafe failed to localize: 'AIB[D] blocked=emergency-kill reason=no_target'
08/30 16:37:34 [Localization System] CLocalize::FindSafe failed to localize: 'AIB[D] blocked=harass reason=no_target'
08/30 16:37:34 [Localization System] CLocalize::FindSafe failed to localize: 'AIB[D] intent=tick-owner family=other stage=desire/wave-watch reason=ready score=10 band=idle'
08/30 16:37:34 [Localization System] CLocalize::FindSafe failed to localize: 'AIB[D] intent=damage-by-source family=other creep=481 tower=0 hero=1097 mixed=208 death=0 other=0 stale=114 gaps=4'
08/30 16:37:34 [Localization System] CLocalize::FindSafe failed to localize: 'AIB[D] blocked=uphill-repo reason=no_reposition'
08/30 16:37:34 [Localization System] CLocalize::FindSafe failed to localize: 'AIB[D] intent=top-arbiter family=state winner=wave-watch:10 losers=hero-over-creep:52,idle-heal:46,emergency-retreat:45,fwd-pullback:44,emergency-kill:43.5'
08/30 16:37:34 [Localization System] CLocalize::FindSafe failed to localize: 'AIB[R] blocked=uphill-repo reason=low_hp_hold'
08/30 16:37:34 [Localization System] CLocalize::FindSafe failed to localize: 'AIB[R] blocked=ability-harass reason=nothing_castable'
08/30 16:37:35 [Localization System] CLocalize::FindSafe failed to localize: 'AIB[D] anti-afk-lane=1 anti-idle-enter=14 anti-idle-lane=8 anti-idle-lowhp-back=3 channel-interrupt-atk=18 channel-interrupt-chase=10 creep-aggro-back=8 creep-aggro-hero-yield=11 creep-aggro-hit=6 creep-dmg=6 creep-hit-react-aggro-step=4 creep-hit-react-atk=14 creep-hit-react-step=14 cs-wait-release=36 cs-wait=19 cs-walk-gap-large=7 cs-walk-gap-small=10 cs-walk-inrange=1 cs-walk-into-pack=3 cs-walk=18 cs-watchdog-atk=2 cs-watchdog-step=9 deny-act-atk=37 deny-act-walk=7 deny-act=44 deny-cand-doomed=30 deny-cand-tanky=157 fight-hp-behind=14 fwd-at-position=6 fwd-hold=1 fwd-position=1 fwd-suppressed-creep=19 fwd-suppressed-empty=3 fwd-suppressed-hero=10 fwd-suppressed-lowhp=3 fwd-suppressed-motor=9 fwd-suppressed-recovery=2 fwd-suppressed-tower=3 fwd-suppressed-visual=1 harass-seek=2 heal-item=2 heal-want=1 hero-contact-atk=22 hero-contact-chase=6 hero-over-creep=3 hero-pass-atk=9 hero-pass-chase=2 idle=6 kill-lock-chase=14 kill-priority=10 killwin-atk=24 killwin-scan=932 lane-line-fallback=53 lane-line-suppressed-creep-dmg=3 lane-line-suppressed-creep=9 lane-line-suppressed-damage=2 lane-line-suppressed-empty=4 lane-line-suppressed-heal=10 lane-line-suppressed-lowhp=8 lane-line-suppressed-motor=2 lane-line-suppressed-recovery=2 last-hit-urgent=51 low-hp-limit=4 melee-pack-release=15 melee-pack-space=25 own-ranged-stepback=1 pre-aig=14 precreep-anchor=25 precreep-hold=2 precreep-park-hold=12 precreep-park=189 precreep-space=4 prewave-defend=2 prewave-free-hit=96 recover-xp=6 recovery-buy-critical=1 recovery-buy-under-fire=1 recovery-buy=3 recovery-enemy-near=282 recovery-flask=3 recovery-regen=3 recovery-tango=1 regen-walk=3 tango-heal=3 uphill-reposition=1 uphill-void-under-fire=6 visual-hold-creep=31 visual-hold-lane=2 wave-watch-atk=8 wave-watch-no-wave=11 wave-watch-step=2 wave-watch=24'
08/30 16:37:35 [Localization System] CLocalize::FindSafe failed to localize: 'AIB[R] anti-afk-no-chase=1 anti-idle-combat=4 anti-idle-enter=21 anti-idle-lane=12 anti-idle-lowhp-back=6 channel-interrupt-atk=8 channel-interrupt-chase=7 creep-aggro-back=2 creep-aggro-hero-yield=3 creep-aggro-hit=9 creep-dmg=3 creep-hit-react-aggro-step=1 creep-hit-react-atk=3 creep-hit-react-step=14 cs-wait-release=6 cs-wait=7 cs-walk-gap-large=5 cs-walk-gap-small=22 cs-walk-inrange=19 cs-walk-into-pack=20 cs-walk=46 cs-watchdog-atk=1 cs-watchdog-step=7 cw-push=161 deny-act-walk=7 deny-act=7 deny-cand-doomed=12 deny-cand-tanky=90 fight-hp-behind=5 fwd-at-position=5 fwd-hold=1 fwd-position=1 fwd-suppressed-creep=5 fwd-suppressed-cs=2 fwd-suppressed-empty=3 fwd-suppressed-hero=4 fwd-suppressed-lowhp=6 fwd-suppressed-motor=15 fwd-suppressed-tower=8 fwd-suppressed-visual=2 fwd-suppressed-watchdog=1 heal-item=2 hero-contact-atk=27 hero-contact-chase=16 hero-over-creep=20 hero-pass-atk=18 hero-pass-chase=11 hero-prio-always=7 hero-prio-chase-hold=11 hero-prio-chase=51 idle=13 killwin-scan=1000 lane-line-fallback=20 lane-line-suppressed-creep-dmg=1 lane-line-suppressed-creep=2 lane-line-suppressed-empty=3 lane-line-suppressed-heal=8 lane-line-suppressed-lowhp=9 lane-line-suppressed-motor=5 last-hit-urgent=31 low-hp-behind-safe=1 low-hp-creep=13 low-hp-limit=11 melee-pack-release=10 melee-pack-space=16 own-ranged-stepback=1 pre-aig=21 precreep-anchor=34 precreep-hold=2 precreep-park-hold=13 precreep-park=155 precreep-space=1 prewave-duel-trade=84 prewave-duel-uphill-back=15 recover-xp=9 recovery-buy-critical=1 recovery-buy-under-fire=1 recovery-buy=3 recovery-enemy-near=304 recovery-flask=2 recovery-regen=4 regen-walk=5 siege-commit-tower=4 siege-step=2 tango-heal=2 uphill-reposition=1 uphill-void-under-fire=7 visual-hold-creep=3 visual-hold-lane=2 wave-watch-atk=7 wave-watch-no-wave=19 wave-watch-step=1 wave-watch=12'
08/30 16:37:35 [Localization System] CLocalize::FindSafe failed to localize: 'AIB[R] blocked=recovery-buy reason=budget_cap hp=42 gold=461 count=4 allow=3'
08/30 16:37:35 [Localization System] CLocalize::FindSafe failed to localize: 'AIB[R] intent=top-arbiter family=state winner=wave-watch:10 losers=safe-cs:56,hero-over-creep:52,idle-heal:46,emergency-retreat:45,fwd-pullback:44'
08/30 16:37:35 [Localization System] CLocalize::FindSafe failed to localize: 'AIB[D] intent=state-desire-fight family=state base=78 hp_adv=8 execute=20 dist=867 hp=61 ehp=42 reason=enemy_seen score=106'
08/30 16:37:35 [Localization System] CLocalize::FindSafe failed to localize: 'AIB[D] blocked=ability-pressure reason=nothing_castable'
08/30 16:37:35 [Localization System] CLocalize::FindSafe failed to localize: 'AIB[D] blocked=top-arbiter reason=empty_action winner=fight score=106'
08/30 16:37:35 [Localization System] CLocalize::FindSafe failed to localize: 'AIB[D] blocked=recovery-buy reason=budget_cap hp=61 gold=124 count=4 allow=2'
08/30 16:37:35 [Localization System] CLocalize::FindSafe failed to localize: 'AIB[R] intent=recovery-owner family=recover band=soft threat=true mode=back hp=42'
08/30 16:37:35 [Localization System] CLocalize::FindSafe failed to localize: 'AIB[R] intent=tick-owner family=other stage=laning-core'
08/30 16:37:36 [Localization System] CLocalize::FindSafe failed to localize: 'AIB[R] t=213s hp=42% gold=461 loc=-1424,-1175 enemy-dist=934 lh=7 dn=0 dg=+7 dlh=+0 bottle=-1 lvl=4 front=8180 ehp=61'
08/30 16:37:36 [Localization System] CLocalize::FindSafe failed to localize: 'AIB[R] blocked=recover-candidate reason=no_action_capped hp=42 score=44'
08/30 16:37:36 [Localization System] CLocalize::FindSafe failed to localize: 'AIB[R] blocked=hero-over-creep reason=no_target'
08/30 16:37:36 [Localization System] CLocalize::FindSafe failed to localize: 'AIB[R] blocked=emergency-kill reason=no_target'
08/30 16:37:36 [Localization System] CLocalize::FindSafe failed to localize: 'AIB[D] intent=top-arbiter family=state winner=creep-work:38.8 losers=hero-over-creep:52,idle-heal:46,emergency-retreat:45,fwd-pullback:44,emergency-kill:43.5'
08/30 16:37:36 [Localization System] CLocalize::FindSafe failed to localize: 'AIB[D] blocked=buy-loop reason=saving target=item_magic_wand head=item_magic_stick cost=200 gold=125 left=2'
08/30 16:37:36 [Localization System] CLocalize::FindSafe failed to localize: 'AIB[R] blocked=buy-loop reason=saving target=item_bottle head=item_bottle cost=675 gold=462 left=1'
08/30 16:37:36 [Localization System] CLocalize::FindSafe failed to localize: 'AIB[D] intent=state-desire-last-hit family=farm dist=153 reason=killable_creep score=140'
08/30 16:37:36 [Localization System] CLocalize::FindSafe failed to localize: 'AIB[D] intent=tick-owner family=other stage=desire/last-hit dist=153 reason=killable_creep score=140'
08/30 16:37:37 [Localization System] CLocalize::FindSafe failed to localize: 'AIB[D] intent=cs-watchdog family=farm lh=15 idle=29 creep_hp=60 dist=153'
08/30 16:37:37 [Localization System] CLocalize::FindSafe failed to localize: 'AIB[R] blocked=wave-watch reason=not_finishable creep_hp=348 dist=771 idle=10'
08/30 16:37:37 [Localization System] CLocalize::FindSafe failed to localize: 'AIB[R] intent=top-arbiter family=state winner=wave-watch:10 losers=safe-cs:56,hero-over-creep:52,idle-heal:46,emergency-retreat:45,fwd-pullback:44'
08/30 16:37:37 [Localization System] CLocalize::FindSafe failed to localize: 'AIB[D] blocked=ability-harass reason=nothing_castable'
08/30 16:37:37 [Localization System] CLocalize::FindSafe failed to localize: 'AIB[D] blocked=visual-hold reason=creep_in_range held=2.4 hp=61 repeat=10 hard=true'
08/30 16:37:37 [Localization System] CLocalize::FindSafe failed to localize: 'AIB[D] intent=channel-interrupt family=fight dist=823 hp=62 kind=heal reason=enemy_heal'
08/30 16:37:37 [Localization System] CLocalize::FindSafe failed to localize: 'AIB[D] intent=state-desire-fight family=state base=78 hp_adv=8 execute=20 dist=826 hp=62 ehp=43 reason=enemy_seen score=106'
08/30 16:37:37 [Localization System] CLocalize::FindSafe failed to localize: 'AIB[D] blocked=top-arbiter reason=empty_action winner=fight score=106'
08/30 16:37:37 [Localization System] CLocalize::FindSafe failed to localize: 'AIB[D] intent=wave-watch-work family=other lh=15 idle=14 creep_hp=35 dist=153'
08/30 16:37:37 [Localization System] CLocalize::FindSafe failed to localize: 'AIB[D] blocked=hero-over-creep reason=no_target'
08/30 16:37:37 [Localization System] CLocalize::FindSafe failed to localize: 'AIB[D] blocked=emergency-kill reason=no_target'
08/30 16:37:37 [Localization System] CLocalize::FindSafe failed to localize: 'AIB[D] blocked=harass reason=no_target'
08/30 16:37:37 [Localization System] CLocalize::FindSafe failed to localize: 'AIB[D] blocked=wave-watch reason=not_finishable creep_hp=300 dist=430 idle=14'
08/30 16:37:37 [Localization System] CLocalize::FindSafe failed to localize: 'AIB[D] blocked=uphill-repo reason=no_reposition'
08/30 16:37:37 [Localization System] CLocalize::FindSafe failed to localize: 'AIB[D] intent=top-arbiter family=state winner=wave-watch:10 losers=hero-over-creep:52,idle-heal:46,emergency-retreat:45,fwd-pullback:44,emergency-kill:43.5'
08/30 16:37:38 [Localization System] CLocalize::FindSafe failed to localize: 'AIB[R] blocked=uphill-repo reason=low_hp_hold'
08/30 16:37:38 [Localization System] CLocalize::FindSafe failed to localize: 'AIB[R] blocked=ability-harass reason=nothing_castable'
08/30 16:37:38 [Localization System] CLocalize::FindSafe failed to localize: 'AIB[R] intent=tick-owner family=other stage=laning-core'
08/30 16:37:38 [Localization System] CLocalize::FindSafe failed to localize: 'AIB[R] intent=damage-by-source family=other creep=268 tower=0 hero=1420 mixed=62 death=0 other=0 stale=132 gaps=3'
08/30 16:37:38 [Localization System] CLocalize::FindSafe failed to localize: 'AIB[R] intent=top-arbiter family=state winner=low-hp-hold:43.2 losers=safe-cs:56,hero-over-creep:52,idle-heal:46,emergency-retreat:45,fwd-pullback:44'
08/30 16:37:38 [Localization System] CLocalize::FindSafe failed to localize: 'AIB[D] t=215s hp=62% gold=128 loc=-715,-560 enemy-dist=1004 lh=15 dn=6 dg=+7 dlh=+0 bottle=-1 lvl=4 front=10552 ehp=44'
08/30 16:37:38 [Localization System] CLocalize::FindSafe failed to localize: 'AIB[R] blocked=uphill-repo reason=motor_busy'
08/30 16:37:38 [Localization System] CLocalize::FindSafe failed to localize: 'AIB[R] blocked=harass reason=own_heal_running'
08/30 16:37:38 [Localization System] CLocalize::FindSafe failed to localize: 'AIB[D] intent=tick-owner family=other stage=laning-core'
08/30 16:37:39 [Localization System] CLocalize::FindSafe failed to localize: 'AIB[R] blocked=recover-candidate reason=no_action_capped hp=44 score=44'
08/30 16:37:39 [Localization System] CLocalize::FindSafe failed to localize: 'AIB[R] blocked=hero-over-creep reason=no_target'
08/30 16:37:39 [Localization System] CLocalize::FindSafe failed to localize: 'AIB[R] blocked=emergency-kill reason=no_target'
08/30 16:37:39 [Localization System] CLocalize::FindSafe failed to localize: 'AIB[D] intent=top-arbiter family=state winner=creep-work:38.8 losers=hero-over-creep:52,idle-heal:46,emergency-retreat:45,fwd-pullback:44,emergency-kill:43.5'
08/30 16:37:39 Script function 'Think' on bot npc_dota_hero_nevermore took 2.058ms
08/30 16:37:39 [Localization System] CLocalize::FindSafe failed to localize: 'AIB[R] blocked=uphill-repo reason=not_trading'
08/30 16:37:39 [Localization System] CLocalize::FindSafe failed to localize: 'AIB[D] blocked=channel-interrupt reason=unsafe dist=1063 hp=63 kind=heal'
08/30 16:37:40 [Localization System] CLocalize::FindSafe failed to localize: 'AIB[R] blocked=wave-watch reason=not_finishable creep_hp=210 dist=639 idle=13'
08/30 16:37:40 [Localization System] CLocalize::FindSafe failed to localize: 'AIB[R] intent=top-arbiter family=state winner=wave-watch:10 losers=safe-cs:56,hero-over-creep:52,idle-heal:46,emergency-retreat:45,fwd-pullback:44'
08/30 16:37:40 [Localization System] CLocalize::FindSafe failed to localize: 'AIB[R] intent=tick-owner family=other stage=laning-core'
08/30 16:37:40 [Localization System] CLocalize::FindSafe failed to localize: 'AIB[D] intent=state-desire-last-hit family=farm dist=471 reason=killable_creep score=140'
08/30 16:37:40 [Localization System] CLocalize::FindSafe failed to localize: 'AIB[R] intent=melee-pack-space family=safety count=2 dist=144'
08/30 16:37:40 [Localization System] CLocalize::FindSafe failed to localize: 'AIB[D] intent=state-desire-fight family=state base=78 hp_adv=8 execute=20 dist=821 hp=63 ehp=45 reason=enemy_seen score=106'
08/30 16:37:40 [Localization System] CLocalize::FindSafe failed to localize: 'AIB[D] blocked=ability-pressure reason=nothing_castable'
08/30 16:37:40 [Localization System] CLocalize::FindSafe failed to localize: 'AIB[D] blocked=top-arbiter reason=empty_action winner=fight score=106'
08/30 16:37:40 [Localization System] CLocalize::FindSafe failed to localize: 'AIB[D] blocked=hero-over-creep reason=no_target'
08/30 16:37:40 [Localization System] CLocalize::FindSafe failed to localize: 'AIB[D] blocked=emergency-kill reason=no_target'
08/30 16:37:40 [Localization System] CLocalize::FindSafe failed to localize: 'AIB[D] blocked=uphill-repo reason=no_reposition'
08/30 16:37:40 [Localization System] CLocalize::FindSafe failed to localize: 'AIB[D] blocked=harass reason=no_target'
08/30 16:37:40 [Localization System] CLocalize::FindSafe failed to localize: 'AIB[D] intent=cs-watchdog family=farm lh=15 idle=33 creep_hp=37 dist=471'
08/30 16:37:40 [Localization System] CLocalize::FindSafe failed to localize: 'AIB[D] intent=tick-owner family=other stage=laning-core'
08/30 16:37:41 [Localization System] CLocalize::FindSafe failed to localize: 'AIB[R] t=218s hp=46% gold=469 loc=-1307,-1129 enemy-dist=821 lh=7 dn=0 dg=+8 dlh=+0 bottle=-1 lvl=4 front=7790 ehp=63'
08/30 16:37:41 [Localization System] CLocalize::FindSafe failed to localize: 'AIB[D] blocked=siege reason=desire_or_hp hp=63 adv=false'
08/30 16:37:41 [Localization System] CLocalize::FindSafe failed to localize: 'AIB[D] intent=tower-opportunity family=siege result=blocked_desire_or_hp wave=2 hp=63 adv=false'
08/30 16:37:41 [Localization System] CLocalize::FindSafe failed to localize: 'AIB[D] blocked=ability-harass reason=nothing_castable'
08/30 16:37:41 [Localization System] CLocalize::FindSafe failed to localize: 'AIB[D] blocked=visual-hold reason=empty held=6.4 hp=63 repeat=1 hard=true'
08/30 16:37:41 [Localization System] CLocalize::FindSafe failed to localize: 'AIB[D] intent=top-arbiter family=state winner=visual-hold:20 losers=fight:106,hero-over-creep:52,idle-heal:46,emergency-retreat:45,fwd-pullback:44'
08/30 16:37:41 [Localization System] CLocalize::FindSafe failed to localize: 'AIB[R] intent=recovery-policy family=recover action=recover hp=25 gate=35 source=early-low'
08/30 16:37:41 [Localization System] CLocalize::FindSafe failed to localize: 'AIB[R] intent=state-recover-safe family=state ttl=2 reason=regen_lane hp=25 dist=885'
08/30 16:37:41 [Localization System] CLocalize::FindSafe failed to localize: 'AIB[D] intent=kill-lock family=fight dist=821 ehp=25 hp=63 exec=false atk=true mutual=false reason=killable_enemy'
08/30 16:37:42 [Localization System] CLocalize::FindSafe failed to localize: 'AIB[R] intent=tick-owner family=other stage=laning-core'
08/30 16:37:43 [Localization System] CLocalize::FindSafe failed to localize: 'AIB[R] intent=recovery-plan family=recover action=back reason=post_fight_regen hp=24'
08/30 16:37:43 [Localization System] CLocalize::FindSafe failed to localize: 'AIB[R] blocked=channel-interrupt reason=unsafe dist=1189 hp=24 kind=heal'
08/30 16:37:43 [Localization System] CLocalize::FindSafe failed to localize: 'AIB[R] intent=recovery-policy family=recover action=recover hp=24 gate=35 source=early-low'
08/30 16:37:44 [Localization System] CLocalize::FindSafe failed to localize: 'AIB[R] intent=tick-owner family=other stage=laning-core'
08/30 16:37:44 [Localization System] CLocalize::FindSafe failed to localize: 'AIB[D] blocked=buy-loop reason=saving target=item_magic_wand head=item_magic_stick cost=200 gold=137 left=2'
08/30 16:37:44 [Localization System] CLocalize::FindSafe failed to localize: 'AIB[R] blocked=buy-loop reason=saving target=item_bottle head=item_bottle cost=675 gold=374 left=1'
08/30 16:37:44 [Localization System] CLocalize::FindSafe failed to localize: 'AIB[D] t=221s hp=73% gold=137 loc=-517,-308 lh=15 dn=6 dg=+9 dlh=+0 bottle=2 lvl=4 front=11470 ehp=-1'
08/30 16:37:44 [Localization System] CLocalize::FindSafe failed to localize: 'AIB[D] blocked=hero-over-creep reason=no_target'
08/30 16:37:44 [Localization System] CLocalize::FindSafe failed to localize: 'AIB[D] blocked=emergency-kill reason=no_target'
08/30 16:37:44 [Localization System] CLocalize::FindSafe failed to localize: 'AIB[D] blocked=uphill-repo reason=no_reposition'
08/30 16:37:44 [Localization System] CLocalize::FindSafe failed to localize: 'AIB[D] blocked=harass reason=own_heal_running'
08/30 16:37:44 [Localization System] CLocalize::FindSafe failed to localize: 'AIB[D] blocked=cs-watchdog reason=no_creep lh=15 idle=37'
08/30 16:37:44 [Localization System] CLocalize::FindSafe failed to localize: 'AIB[D] blocked=ability-harass reason=nothing_castable'
08/30 16:37:44 [Localization System] CLocalize::FindSafe failed to localize: 'AIB[D] intent=top-arbiter family=state winner=anti-idle:2 losers=hero-over-creep:52,idle-heal:46,emergency-retreat:45,fwd-pullback:44,emergency-kill:43.5'
08/30 16:37:44 [Localization System] CLocalize::FindSafe failed to localize: 'AIB[D] intent=tick-owner family=other stage=desire/anti-idle reason=ready score=2 band=idle'
08/30 16:37:45 [Localization System] CLocalize::FindSafe failed to localize: 'AIB[R] blocked=fountain-floor reason=heal_in_flight hp=25 flask=false inflight=item_flask'
08/30 16:37:45 [Localization System] CLocalize::FindSafe failed to localize: 'AIB[R] intent=recovery-policy family=recover action=recover hp=25 gate=35 source=early-low'
08/30 16:37:45 [Localization System] CLocalize::FindSafe failed to localize: 'AIB[D] intent=recovery-plan family=recover action=bottle reason=charges hp=80 mana=47 charges=2'
08/30 16:37:46 [Localization System] CLocalize::FindSafe failed to localize: 'AIB[D] intent=top-arbiter family=state winner=anti-idle:2 losers=hero-over-creep:52,idle-heal:46,emergency-retreat:45,fwd-pullback:44,emergency-kill:43.5'
08/30 16:37:46 [Localization System] CLocalize::FindSafe failed to localize: 'AIB[R] t=223s hp=26% gold=377 loc=-1917,-1770 enemy-dist=1558 lh=7 dn=0 dg=-92 dlh=+0 bottle=-1 lvl=4 front=7078 ehp=82'
08/30 16:37:46 [Localization System] CLocalize::FindSafe failed to localize: 'AIB[R] intent=tick-owner family=other stage=laning-core'
08/30 16:37:47 [Localization System] CLocalize::FindSafe failed to localize: 'AIB[R] intent=recovery-plan family=recover action=water_rune reason=blocked hp=25 mana=71'
08/30 16:37:47 [Localization System] CLocalize::FindSafe failed to localize: 'AIB[R] intent=recovery-policy family=recover action=recover hp=25 gate=35 source=early-low'
08/30 16:37:48 [Localization System] CLocalize::FindSafe failed to localize: 'AIB[R] intent=state-recover-safe family=state ttl=5 reason=post_fight_regen hp=25 dist=0'
08/30 16:37:48 [Localization System] CLocalize::FindSafe failed to localize: 'AIB[R] intent=tick-owner family=other stage=laning-core'
08/30 16:37:48 [Server] PR:IncrementIdleTime 1:[I:0:0] 3.27
08/30 16:37:48 [Localization System] CLocalize::FindSafe failed to localize: 'AIB[D] blocked=hero-over-creep reason=no_target'
08/30 16:37:48 [Localization System] CLocalize::FindSafe failed to localize: 'AIB[D] blocked=emergency-kill reason=no_target'
08/30 16:37:48 [Localization System] CLocalize::FindSafe failed to localize: 'AIB[D] blocked=uphill-repo reason=no_reposition'
08/30 16:37:48 [Localization System] CLocalize::FindSafe failed to localize: 'AIB[D] blocked=harass reason=no_target'
08/30 16:37:48 [Localization System] CLocalize::FindSafe failed to localize: 'AIB[D] blocked=ability-harass reason=nothing_castable'
08/30 16:37:48 [Localization System] CLocalize::FindSafe failed to localize: 'AIB[D] intent=top-arbiter family=state winner=fwd-position:22 losers=hero-over-creep:52,idle-heal:46,emergency-retreat:45,fwd-pullback:44,emergency-kill:43.5'
08/30 16:37:48 [Localization System] CLocalize::FindSafe failed to localize: 'AIB[D] intent=tick-owner family=other stage=desire/fwd-position reason=ready score=22 band=position'
08/30 16:37:48 [Localization System] CLocalize::FindSafe failed to localize: 'AIB[D] blocked=uphill-repo reason=motor_busy'
08/30 16:37:49 [Localization System] CLocalize::FindSafe failed to localize: 'AIB[D] t=226s hp=96% gold=145 loc=-250,-107 lh=15 dn=6 dg=+8 dlh=+0 bottle=1 lvl=4 front=9124 ehp=-1'
08/30 16:37:49 [Localization System] CLocalize::FindSafe failed to localize: 'AIB[D] blocked=cs-watchdog reason=no_creep lh=15 idle=42'
08/30 16:37:49 [Localization System] CLocalize::FindSafe failed to localize: 'AIB[R] intent=recovery-policy family=recover action=recover hp=25 gate=35 source=early-low'
08/30 16:37:49 [Localization System] CLocalize::FindSafe failed to localize: 'AIB[D] intent=damage-by-source family=other creep=481 tower=0 hero=1097 mixed=208 death=0 other=0 stale=114 gaps=4'
08/30 16:37:50 [Localization System] CLocalize::FindSafe failed to localize: 'AIB[D] intent=lane-line-episode family=other dist=262 fwd=0.41'
08/30 16:37:50 [Localization System] CLocalize::FindSafe failed to localize: 'AIB[D] intent=top-arbiter family=state winner=lane-line:18 losers=hero-over-creep:52,idle-heal:46,emergency-retreat:45,fwd-pullback:44,emergency-kill:43.5'
08/30 16:37:50 [Localization System] CLocalize::FindSafe failed to localize: 'AIB[R] intent=tick-owner family=other stage=laning-core'
08/30 16:37:50 [Localization System] CLocalize::FindSafe failed to localize: 'AIB[R] blocked=fountain-floor reason=heal_in_flight hp=25 flask=false inflight=item_flask'
08/30 16:37:50 [Localization System] CLocalize::FindSafe failed to localize: 'AIB[D] intent=tick-owner family=other stage=laning-core'
08/30 16:37:51 [Localization System] CLocalize::FindSafe failed to localize: 'AIB[R] t=228s hp=26% gold=384 loc=-1990,-1861 lh=7 dn=0 dg=+7 dlh=+0 bottle=-1 lvl=4 front=7637 ehp=-1'
08/30 16:37:51 [Localization System] CLocalize::FindSafe failed to localize: 'AIB[R] intent=recovery-plan family=recover action=water_rune reason=blocked hp=26 mana=73'
08/30 16:37:51 [Localization System] CLocalize::FindSafe failed to localize: 'AIB[D] blocked=hero-over-creep reason=no_target'
08/30 16:37:51 [Localization System] CLocalize::FindSafe failed to localize: 'AIB[D] blocked=emergency-kill reason=no_target'
08/30 16:37:51 [Localization System] CLocalize::FindSafe failed to localize: 'AIB[D] blocked=uphill-repo reason=motor_busy'
08/30 16:37:51 [Localization System] CLocalize::FindSafe failed to localize: 'AIB[D] blocked=harass reason=no_target'
08/30 16:37:51 [Localization System] CLocalize::FindSafe failed to localize: 'AIB[D] blocked=ability-harass reason=nothing_castable'
08/30 16:37:51 [Localization System] CLocalize::FindSafe failed to localize: 'AIB[D] intent=top-arbiter family=state winner=lane-line:18 losers=hero-over-creep:52,idle-heal:46,emergency-retreat:45,fwd-pullback:44,emergency-kill:43.5'
08/30 16:37:51 [Localization System] CLocalize::FindSafe failed to localize: 'AIB[R] intent=recovery-policy family=recover action=recover hp=26 gate=35 source=early-low'
08/30 16:37:52 [Localization System] CLocalize::FindSafe failed to localize: 'AIB[D] intent=lane-line-episode family=other dist=248 fwd=0.55'
08/30 16:37:52 [Localization System] CLocalize::FindSafe failed to localize: 'AIB[R] intent=tick-owner family=other stage=laning-core'
08/30 16:37:52 [Localization System] CLocalize::FindSafe failed to localize: 'AIB[D] blocked=buy-loop reason=saving target=item_magic_wand head=item_magic_stick cost=200 gold=149 left=2'
08/30 16:37:52 [Localization System] CLocalize::FindSafe failed to localize: 'AIB[R] blocked=buy-loop reason=saving target=item_bottle head=item_bottle cost=675 gold=386 left=1'
08/30 16:37:52 [Localization System] CLocalize::FindSafe failed to localize: 'AIB[D] intent=cs-watchdog family=farm lh=15 idle=45 creep_hp=550 dist=336'
08/30 16:37:52 [Localization System] CLocalize::FindSafe failed to localize: 'AIB[D] blocked=wave-watch reason=not_finishable creep_hp=550 dist=301 idle=29'
08/30 16:37:52 [Server] PR:IncrementIdleTime 1:[I:0:0] 4.37
08/30 16:37:52 [Localization System] CLocalize::FindSafe failed to localize: 'AIB[D] intent=melee-pack-space family=safety count=2 dist=131'
08/30 16:37:52 [Localization System] CLocalize::FindSafe failed to localize: 'AIB[D] intent=tick-owner family=other stage=desire/ranged-spacing reason=ready score=41 band=lanework'
08/30 16:37:53 [Localization System] CLocalize::FindSafe failed to localize: 'AIB[R] intent=critical-recovery family=recover hp=29 dist=77 ttl=4 reason=hold'
08/30 16:37:53 [Localization System] CLocalize::FindSafe failed to localize: 'AIB[R] intent=recovery-owner family=recover band=soft threat=false mode=critical-lock hp=29'
08/30 16:37:53 [Localization System] CLocalize::FindSafe failed to localize: 'AIB[D] intent=top-arbiter family=state winner=wave-watch:10 losers=hero-over-creep:52,idle-heal:46,emergency-retreat:45,fwd-pullback:44,emergency-kill:43.5'
08/30 16:37:53 [Localization System] CLocalize::FindSafe failed to localize: 'AIB[R] intent=damage-by-source family=other creep=308 tower=0 hero=1420 mixed=62 death=0 other=152 stale=132 gaps=3'
08/30 16:37:53 [Localization System] CLocalize::FindSafe failed to localize: 'AIB[D] blocked=uphill-repo reason=no_reposition'
08/30 16:37:53 [Localization System] CLocalize::FindSafe failed to localize: 'AIB[R] intent=recovery-policy family=recover action=recover hp=34 gate=35 source=early-low'
08/30 16:37:54 [Localization System] CLocalize::FindSafe failed to localize: 'AIB[R] intent=state-desire-recover family=state base=74 danger=28 hp=35 reason=hp_gate score=102'
08/30 16:37:54 [Localization System] CLocalize::FindSafe failed to localize: 'AIB[R] blocked=top-arbiter reason=empty_action winner=recover score=102'
08/30 16:37:54 [Localization System] CLocalize::FindSafe failed to localize: 'AIB[R] blocked=hero-over-creep reason=no_target'
08/30 16:37:54 [Localization System] CLocalize::FindSafe failed to localize: 'AIB[R] blocked=emergency-kill reason=no_target'
08/30 16:37:54 [Localization System] CLocalize::FindSafe failed to localize: 'AIB[R] blocked=uphill-repo reason=low_hp_hold'
08/30 16:37:54 [Localization System] CLocalize::FindSafe failed to localize: 'AIB[R] blocked=harass reason=own_heal_running'
08/30 16:37:54 [Localization System] CLocalize::FindSafe failed to localize: 'AIB[R] blocked=cs-watchdog reason=no_creep lh=7 idle=26'
08/30 16:37:54 [Localization System] CLocalize::FindSafe failed to localize: 'AIB[R] blocked=ability-harass reason=nothing_castable'
08/30 16:37:54 [Localization System] CLocalize::FindSafe failed to localize: 'AIB[R] intent=top-arbiter family=state winner=anti-idle:2 losers=recover:102,safe-cs:56,hero-over-creep:52,idle-heal:46,emergency-retreat:45'
08/30 16:37:54 [Localization System] CLocalize::FindSafe failed to localize: 'AIB[R] blocked=recover-candidate reason=no_action_capped hp=36 score=44'
08/30 16:37:54 [Localization System] CLocalize::FindSafe failed to localize: 'AIB[R] intent=tick-owner family=other stage=laning-core'
08/30 16:37:54 [Localization System] CLocalize::FindSafe failed to localize: 'AIB[D] t=231s hp=99% gold=152 loc=-275,-95 lh=15 dn=6 dg=+7 dlh=+0 bottle=1 lvl=4 front=10055 ehp=-1'
08/30 16:37:55 [Localization System] CLocalize::FindSafe failed to localize: 'AIB[D] blocked=hero-over-creep reason=no_target'
08/30 16:37:55 [Localization System] CLocalize::FindSafe failed to localize: 'AIB[D] blocked=emergency-kill reason=no_target'
08/30 16:37:55 [Localization System] CLocalize::FindSafe failed to localize: 'AIB[D] blocked=harass reason=no_target'
08/30 16:37:55 [Localization System] CLocalize::FindSafe failed to localize: 'AIB[D] blocked=ability-harass reason=nothing_castable'
08/30 16:37:55 [Localization System] CLocalize::FindSafe failed to localize: 'AIB[D] intent=top-arbiter family=state winner=wave-watch:10 losers=hero-over-creep:52,idle-heal:46,emergency-retreat:45,fwd-pullback:44,emergency-kill:43.5'
08/30 16:37:55 [Localization System] CLocalize::FindSafe failed to localize: 'AIB[D] intent=tick-owner family=other stage=laning-core'
08/30 16:37:55 [Localization System] CLocalize::FindSafe failed to localize: 'AIB[D] intent=cs-watchdog family=farm lh=15 idle=47 creep_hp=300 dist=831'
08/30 16:37:55 [Localization System] CLocalize::FindSafe failed to localize: 'AIB[R] intent=top-arbiter family=state winner=anti-idle:2 losers=safe-cs:56,hero-over-creep:52,idle-heal:46,emergency-retreat:45,fwd-pullback:44'
08/30 16:37:55 [Localization System] CLocalize::FindSafe failed to localize: 'AIB[D] blocked=wave-watch reason=not_finishable creep_hp=300 dist=744 idle=32'
08/30 16:37:56 [Localization System] CLocalize::FindSafe failed to localize: 'AIB[R] blocked=uphill-repo reason=no_reposition'
08/30 16:37:56 [Localization System] CLocalize::FindSafe failed to localize: 'AIB[R] t=233s hp=45% gold=392 loc=-1563,-1213 lh=7 dn=0 dg=+8 dlh=+0 bottle=-1 lvl=4 front=8510 ehp=-1'
08/30 16:37:56 [Localization System] CLocalize::FindSafe failed to localize: 'AIB[D] intent=top-arbiter family=state winner=creep-work:38.8 losers=hero-over-creep:52,idle-heal:46,emergency-retreat:45,fwd-pullback:44,emergency-kill:43.5'
08/30 16:37:56 [Localization System] CLocalize::FindSafe failed to localize: 'AIB[R] intent=tick-owner family=other stage=laning-core'
08/30 16:37:56 Script function 'Think' on bot npc_dota_hero_nevermore took 2.130ms
08/30 16:37:56 [Localization System] CLocalize::FindSafe failed to localize: 'AIB[D] blocked=uphill-repo reason=no_reposition'
08/30 16:37:57 [Localization System] CLocalize::FindSafe failed to localize: 'AIB[D] intent=tick-owner family=other stage=laning-core'
08/30 16:37:57 [Localization System] CLocalize::FindSafe failed to localize: 'AIB[R] blocked=hero-over-creep reason=no_target'
08/30 16:37:57 [Localization System] CLocalize::FindSafe failed to localize: 'AIB[R] blocked=emergency-kill reason=no_target'
08/30 16:37:57 [Localization System] CLocalize::FindSafe failed to localize: 'AIB[R] blocked=ability-harass reason=nothing_castable'
08/30 16:37:57 [Localization System] CLocalize::FindSafe failed to localize: 'AIB[R] intent=top-arbiter family=state winner=anti-idle:2 losers=safe-cs:56,hero-over-creep:52,idle-heal:46,emergency-retreat:45,fwd-pullback:44'
08/30 16:37:57 [Localization System] CLocalize::FindSafe failed to localize: 'AIB[D] intent=cs-watchdog family=farm lh=15 idle=50 creep_hp=124 dist=388'
08/30 16:37:57 [Localization System] CLocalize::FindSafe failed to localize: 'AIB[D] blocked=visual-hold reason=creep_in_range held=3.4 hp=100 repeat=1 hard=false'
08/30 16:37:57 [Localization System] CLocalize::FindSafe failed to localize: 'AIB[R] blocked=uphill-repo reason=not_trading'
08/30 16:37:57 [Localization System] CLocalize::FindSafe failed to localize: 'AIB[R] intent=cs-watchdog family=farm lh=7 idle=30 creep_hp=197 dist=866'
08/30 16:37:58 [Localization System] CLocalize::FindSafe failed to localize: 'AIB[D] blocked=hero-over-creep reason=no_target'
08/30 16:37:58 [Localization System] CLocalize::FindSafe failed to localize: 'AIB[D] blocked=emergency-kill reason=no_target'
08/30 16:37:58 [Localization System] CLocalize::FindSafe failed to localize: 'AIB[D] blocked=harass reason=no_target'
08/30 16:37:58 [Localization System] CLocalize::FindSafe failed to localize: 'AIB[D] blocked=ability-harass reason=nothing_castable'
08/30 16:37:58 [Localization System] CLocalize::FindSafe failed to localize: 'AIB[D] intent=top-arbiter family=state winner=wave-watch:10 losers=hero-over-creep:52,idle-heal:46,emergency-retreat:45,fwd-pullback:44,emergency-kill:43.5'
08/30 16:37:58 [Localization System] CLocalize::FindSafe failed to localize: 'AIB[R] blocked=harass reason=own_heal_running'
08/30 16:37:58 [Localization System] CLocalize::FindSafe failed to localize: 'AIB[R] intent=top-arbiter family=state winner=creep-work:38.6 losers=hero-over-creep:52,idle-heal:46,emergency-retreat:45,fwd-pullback:44,emergency-kill:43.5'
08/30 16:37:58 [Localization System] CLocalize::FindSafe failed to localize: 'AIB[R] intent=tick-owner family=other stage=laning-core'
08/30 16:37:58 [Localization System] CLocalize::FindSafe failed to localize: 'AIB[R] intent=state-desire-last-hit family=farm dist=566 reason=killable_creep score=140'
08/30 16:37:58 [Localization System] CLocalize::FindSafe failed to localize: 'AIB[D] intent=channel-interrupt family=fight dist=875 hp=100 kind=heal reason=enemy_heal'
08/30 16:37:59 [Localization System] CLocalize::FindSafe failed to localize: 'AIB[D] intent=tick-owner family=other stage=laning-core'
08/30 16:37:59 [Localization System] CLocalize::FindSafe failed to localize: 'AIB[R] blocked=recovery-buy reason=budget_cap hp=60 gold=397 count=5 allow=2'
08/30 16:37:59 [Server] Game code (account 0) tried to execute invalid order (19). Target NPC is dead.
08/30 16:37:59 [Localization System] CLocalize::FindSafe failed to localize: 'AIB[R] blocked=fight-candidate reason=no_action_capped hp=61 score=40'
08/30 16:37:59 [Localization System] CLocalize::FindSafe failed to localize: 'AIB[D] t=236s hp=84% gold=160 loc=-468,-415 enemy-dist=594 lh=15 dn=6 dg=+8 dlh=+0 bottle=1 lvl=4 front=10114 ehp=61'
08/30 16:38:00 [Localization System] CLocalize::FindSafe failed to localize: 'AIB[R] blocked=hero-over-creep reason=no_target'
08/30 16:38:00 [Localization System] CLocalize::FindSafe failed to localize: 'AIB[R] blocked=emergency-kill reason=no_target'
08/30 16:38:00 [Localization System] CLocalize::FindSafe failed to localize: 'AIB[R] intent=top-arbiter family=state winner=creep-work:38.6 losers=hero-over-creep:52,idle-heal:46,emergency-retreat:45,fwd-pullback:44,emergency-kill:43.5'
08/30 16:38:00 [Localization System] CLocalize::FindSafe failed to localize: 'AIB[D] blocked=buy-loop reason=saving target=item_magic_wand head=item_magic_stick cost=200 gold=161 left=2'
08/30 16:38:00 [Localization System] CLocalize::FindSafe failed to localize: 'AIB[R] blocked=buy-loop reason=saving target=item_bottle head=item_bottle cost=675 gold=432 left=1'
08/30 16:38:00 [Localization System] CLocalize::FindSafe failed to localize: 'AIB[R] blocked=hero-prio-always reason=uphill'
08/30 16:38:00 [Localization System] CLocalize::FindSafe failed to localize: 'AIB[R] intent=tick-owner family=other stage=laning-core'
08/30 16:38:00 [Localization System] CLocalize::FindSafe failed to localize: 'AIB[R] blocked=recover-candidate reason=no_action_capped hp=45 score=44'
08/30 16:38:00 [Localization System] CLocalize::FindSafe failed to localize: 'AIB[R] intent=state-desire-fight family=state base=78 range=18 dist=582 hp=45 ehp=63 reason=enemy_seen score=96'
08/30 16:38:00 [Localization System] CLocalize::FindSafe failed to localize: 'AIB[R] blocked=ability-pressure reason=nothing_castable'
08/30 16:38:00 [Localization System] CLocalize::FindSafe failed to localize: 'AIB[R] intent=hero-contact family=fight dist=582 hp=45 reason=attackable_enemy'
08/30 16:38:00 [Localization System] CLocalize::FindSafe failed to localize: 'AIB[D] intent=state-desire-last-hit family=farm dist=419 reason=killable_creep score=140'
08/30 16:38:00 [Localization System] CLocalize::FindSafe failed to localize: 'AIB[D] intent=top-arbiter family=state winner=last-hit:140 losers=hero-over-creep:52,cs-inrange:50,idle-heal:46,emergency-retreat:45,fwd-pullback:44'
08/30 16:38:01 [Localization System] CLocalize::FindSafe failed to localize: 'AIB[R] blocked=hero-contact reason=refractory since=0.17'
08/30 16:38:01 [Localization System] CLocalize::FindSafe failed to localize: 'AIB[R] intent=hero-pass family=fight dist=571 hp=45 reason=nearby_enemy'
08/30 16:38:01 [Localization System] CLocalize::FindSafe failed to localize: 'AIB[D] intent=tick-owner family=other stage=laning-core'
08/30 16:38:01 [Localization System] CLocalize::FindSafe failed to localize: 'AIB[R] blocked=top-arbiter reason=empty_action winner=fight score=114'
08/30 16:38:01 [Localization System] CLocalize::FindSafe failed to localize: 'AIB[D] intent=state-desire-fight family=state base=78 range=18 hp_adv=8 execute=20 dist=571 hp=61 ehp=46 reason=enemy_seen score=124'
08/30 16:38:01 [Localization System] CLocalize::FindSafe failed to localize: 'AIB[D] blocked=ability-pressure reason=nothing_castable'
08/30 16:38:01 [Localization System] CLocalize::FindSafe failed to localize: 'AIB[D] intent=hero-contact family=fight dist=571 hp=61 reason=attackable_enemy'
08/30 16:38:01 [Localization System] CLocalize::FindSafe failed to localize: 'AIB[R] t=238s hp=46% gold=434 loc=-955,-828 enemy-dist=571 lh=8 dn=0 dg=+42 dlh=+1 bottle=-1 lvl=4 front=8510 ehp=61'
08/30 16:38:01 [Localization System] CLocalize::FindSafe failed to localize: 'AIB[R] intent=state-desire-last-hit family=farm dist=540 reason=killable_creep score=140'
08/30 16:38:01 [Localization System] CLocalize::FindSafe failed to localize: 'AIB[D] blocked=hero-contact reason=refractory since=0.17'
08/30 16:38:01 [Localization System] CLocalize::FindSafe failed to localize: 'AIB[D] blocked=creep-aggro reason=hero_trading hp=61 hits=1'
08/30 16:38:01 [Localization System] CLocalize::FindSafe failed to localize: 'AIB[D] intent=arbiter family=fight winner=hero-pass:105 losers=creep-aggro:82'
08/30 16:38:01 [Localization System] CLocalize::FindSafe failed to localize: 'AIB[D] intent=hero-pass family=fight dist=571 hp=61 reason=nearby_enemy'
08/30 16:38:01 [Localization System] CLocalize::FindSafe failed to localize: 'AIB[D] intent=creep-aggro family=safety hp=61 dest=276,405 reason=chip_step'
08/30 16:38:01 [Localization System] CLocalize::FindSafe failed to localize: 'invalid index'
08/30 16:38:01 [Localization System] CLocalize::FindSafe failed to localize: 'AIB[R] intent=top-arbiter family=state winner=last-hit:158 losers=fight:96,safe-cs:56,hero-over-creep:52,idle-heal:46,emergency-retreat:45'
08/30 16:38:02 [Localization System] CLocalize::FindSafe failed to localize: 'AIB[D] blocked=safety-candidate reason=no_action_capped hp=61 score=44'
08/30 16:38:02 [Localization System] CLocalize::FindSafe failed to localize: 'AIB[D] blocked=recover-candidate reason=no_action_capped hp=53 score=44'
08/30 16:38:02 [Localization System] CLocalize::FindSafe failed to localize: 'AIB[R] intent=recovery-policy family=recover action=recover hp=21 gate=22 source=emergency-low'
08/30 16:38:02 [Localization System] CLocalize::FindSafe failed to localize: 'AIB[R] intent=state-recover-safe family=state ttl=2 reason=regen_lane hp=21 dist=1347'
08/30 16:38:02 [Localization System] CLocalize::FindSafe failed to localize: 'AIB[R] intent=tick-owner family=other stage=laning-core'
08/30 16:38:03 [Localization System] CLocalize::FindSafe failed to localize: 'AIB[R] intent=rune-ground-truth family=rune id=0 status=1 t=240'
08/30 16:38:03 [Localization System] CLocalize::FindSafe failed to localize: 'AIB[R] intent=rune-ground-truth family=rune id=1 status=1 t=240'
08/30 16:38:03 [Localization System] CLocalize::FindSafe failed to localize: 'AIB[D] intent=rune-ground-truth family=rune id=0 status=1 t=240'
08/30 16:38:03 [Localization System] CLocalize::FindSafe failed to localize: 'AIB[D] intent=state-desire-safety family=state base=108 creep_dmg=8 hp=48 creep=true hero=false reason=recent_damage score=116'
08/30 16:38:03 [Localization System] CLocalize::FindSafe failed to localize: 'AIB[D] blocked=creep-hit-react reason=inside_melee_pack count=2 dist=155 hp=48'
08/30 16:38:03 [Localization System] CLocalize::FindSafe failed to localize: 'AIB[D] intent=creep-hit-react family=safety dist=155 hp=48 hits=1 reason=edge_attack'
08/30 16:38:03 [Localization System] CLocalize::FindSafe failed to localize: 'AIB[D] intent=top-arbiter family=state winner=safety:116 losers=safe-cs:56,hero-over-creep:52,idle-heal:46,emergency-retreat:45,fwd-pullback:44'
08/30 16:38:03 [Localization System] CLocalize::FindSafe failed to localize: 'AIB[D] intent=tick-owner family=other stage=desire/safety base=108 creep_dmg=8 hp=48 creep=true hero=false reason=recent_damage score=116'
08/30 16:38:03 [Localization System] CLocalize::FindSafe failed to localize: 'AIB[D] intent=state-desire-last-hit family=farm dist=226 reason=killable_creep score=140'
08/30 16:38:04 [Localization System] CLocalize::FindSafe failed to localize: 'AIB[R] intent=recovery-plan family=recover action=back reason=post_fight_regen hp=12'
08/30 16:38:04 [Localization System] CLocalize::FindSafe failed to localize: 'AIB[D] blocked=hero-over-creep reason=no_target'
08/30 16:38:04 [Localization System] CLocalize::FindSafe failed to localize: 'AIB[D] intent=recovery-plan family=recover action=rune reason=start source=bottle-rune dist=1972 hp=49 mana=33'
08/30 16:38:04 [Localization System] CLocalize::FindSafe failed to localize: 'AIB[D] intent=state-rune-commit family=rune source=bottle-rune phase=start ttl=30 dist=1972 hp=49 mana=33'
08/30 16:38:04 [Localization System] CLocalize::FindSafe failed to localize: 'AIB[D] intent=rune-transaction family=rune source=bottle-rune phase=start ttl=30 dist=1972 hp=49 mana=33'
08/30 16:38:04 [Localization System] CLocalize::FindSafe failed to localize: 'AIB[D] intent=bottle-rune family=rune dist=1972 hp=49 mana=33 reason=start'
08/30 16:38:04 [Localization System] CLocalize::FindSafe failed to localize: 'AIB[D] t=241s hp=51% gold=51 loc=-636,-455 lh=17 dn=6 dg=-109 dlh=+2 bottle=0 lvl=5 front=10114 ehp=-1'
08/30 16:38:04 [Localization System] CLocalize::FindSafe failed to localize: 'AIB[D] intent=rune-ground-truth family=rune id=0 status=2 t=241'
08/30 16:38:04 [Localization System] CLocalize::FindSafe failed to localize: 'AIB[D] intent=rune-result family=rune source=bottle-rune result=gone age=0'
08/30 16:38:04 [Localization System] CLocalize::FindSafe failed to localize: 'AIB[D] intent=state-recover-xp family=state ttl=5 reason=post_fight_regen hp=51 dist=899'
08/30 16:38:04 [Localization System] CLocalize::FindSafe failed to localize: 'AIB[D] blocked=emergency-kill reason=no_target'
08/30 16:38:04 [Localization System] CLocalize::FindSafe failed to localize: 'AIB[D] blocked=uphill-repo reason=no_reposition'
08/30 16:38:04 [Localization System] CLocalize::FindSafe failed to localize: 'AIB[D] blocked=harass reason=own_heal_running'
08/30 16:38:05 [Localization System] CLocalize::FindSafe failed to localize: 'AIB[R] intent=tick-owner family=other stage=laning-core'
08/30 16:38:05 [Localization System] CLocalize::FindSafe failed to localize: 'AIB[D] intent=damage-by-source family=other creep=494 tower=0 hero=1449 mixed=222 death=0 other=0 stale=146 gaps=5'
08/30 16:38:05 [Localization System] CLocalize::FindSafe failed to localize: 'AIB[D] blocked=bottle-rune reason=cooldown left=6'
08/30 16:38:05 [Localization System] CLocalize::FindSafe failed to localize: 'AIB[D] intent=top-arbiter family=state winner=creep-work:38.8 losers=safe-cs:56,hero-over-creep:52,idle-heal:46,emergency-retreat:45,fwd-pullback:44'
08/30 16:38:05 [Localization System] CLocalize::FindSafe failed to localize: 'AIB[R] blocked=recovery-buy reason=fountain_floor_free_heal hp=13 gold=340'
08/30 16:38:05 [Localization System] CLocalize::FindSafe failed to localize: 'AIB[D] intent=tick-owner family=other stage=laning-core'
08/30 16:38:06 [Localization System] CLocalize::FindSafe failed to localize: 'AIB[R] t=243s hp=13% gold=341 loc=-1851,-1638 lh=8 dn=0 dg=-93 dlh=+0 bottle=-1 lvl=4 front=8463 ehp=-1'
08/30 16:38:06 [Localization System] CLocalize::FindSafe failed to localize: 'AIB[D] intent=top-arbiter family=state winner=creep-work:38.8 losers=hero-over-creep:52,idle-heal:46,emergency-retreat:45,fwd-pullback:44,emergency-kill:43.5'
08/30 16:38:06 [Localization System] CLocalize::FindSafe failed to localize: 'AIB[D] intent=state-desire-last-hit family=farm dist=56 reason=killable_creep score=140'
08/30 16:38:07 [Localization System] CLocalize::FindSafe failed to localize: 'AIB[R] intent=tick-owner family=other stage=laning-core'
08/30 16:38:07 [Localization System] CLocalize::FindSafe failed to localize: 'AIB[D] intent=tick-owner family=other stage=laning-core'
08/30 16:38:07 [Localization System] CLocalize::FindSafe failed to localize: 'AIB[R] intent=recovery-policy family=recover action=recover hp=14 gate=22 source=emergency-low'
08/30 16:38:08 [Localization System] CLocalize::FindSafe failed to localize: 'AIB[D] blocked=hero-over-creep reason=no_target'
08/30 16:38:08 [Localization System] CLocalize::FindSafe failed to localize: 'AIB[D] blocked=recovery-rune-bottle reason=cooldown left=3'
08/30 16:38:08 [Localization System] CLocalize::FindSafe failed to localize: 'AIB[D] blocked=emergency-kill reason=no_target'
08/30 16:38:08 [Localization System] CLocalize::FindSafe failed to localize: 'AIB[D] blocked=uphill-repo reason=no_reposition'
08/30 16:38:08 [Localization System] CLocalize::FindSafe failed to localize: 'AIB[D] blocked=harass reason=no_target'
08/30 16:38:08 [Localization System] CLocalize::FindSafe failed to localize: 'AIB[D] intent=top-arbiter family=state winner=creep-work:38.8 losers=hero-over-creep:52,idle-heal:46,emergency-retreat:45,fwd-pullback:44,emergency-kill:43.5'
08/30 16:38:08 [Localization System] CLocalize::FindSafe failed to localize: 'AIB[D] blocked=buy-loop reason=saving target=item_magic_wand head=item_recipe_magic_wand cost=150 gold=95 left=1'
08/30 16:38:08 [Localization System] CLocalize::FindSafe failed to localize: 'AIB[R] blocked=buy-loop reason=saving target=item_bottle head=item_bottle cost=675 gold=344 left=1'
08/30 16:38:08 [Localization System] CLocalize::FindSafe failed to localize: 'AIB[R] intent=damage-by-source family=other creep=308 tower=0 hero=1686 mixed=62 death=0 other=298 stale=132 gaps=3'
08/30 16:38:09 [Localization System] CLocalize::FindSafe failed to localize: 'AIB[D] blocked=bottle-rune reason=cooldown left=2'
08/30 16:38:09 [Localization System] CLocalize::FindSafe failed to localize: 'AIB[D] blocked=ability-harass reason=nothing_castable'
08/30 16:38:09 [Localization System] CLocalize::FindSafe failed to localize: 'AIB[D] intent=lane-line-episode family=other dist=355 fwd=0.67'
08/30 16:38:09 [Localization System] CLocalize::FindSafe failed to localize: 'AIB[R] intent=recovery-plan family=recover action=back reason=post_fight_regen hp=15'
08/30 16:38:09 [Localization System] CLocalize::FindSafe failed to localize: 'AIB[R] intent=state-recover-safe family=state ttl=5 reason=post_fight_regen hp=15 dist=0'
08/30 16:38:09 [Localization System] CLocalize::FindSafe failed to localize: 'AIB[R] intent=tick-owner family=other stage=laning-core'
08/30 16:38:09 [Server] PR:IncrementIdleTime 1:[I:0:0] 2.27
08/30 16:38:09 [Localization System] CLocalize::FindSafe failed to localize: 'AIB[D] blocked=uphill-repo reason=motor_busy'
08/30 16:38:09 [Localization System] CLocalize::FindSafe failed to localize: 'AIB[D] t=246s hp=64% gold=97 loc=-706,-554 lh=18 dn=8 dg=+46 dlh=+1 bottle=0 lvl=5 front=10130 ehp=-1'
08/30 16:38:09 [Localization System] CLocalize::FindSafe failed to localize: 'AIB[D] intent=top-arbiter family=state winner=lane-line:18 losers=hero-over-creep:52,idle-heal:46,emergency-retreat:45,fwd-pullback:44,emergency-kill:43.5'
08/30 16:38:09 [Localization System] CLocalize::FindSafe failed to localize: 'AIB[D] intent=tick-owner family=other stage=laning-core'
08/30 16:38:10 [Localization System] CLocalize::FindSafe failed to localize: 'AIB[R] intent=recovery-policy family=recover action=recover hp=15 gate=22 source=emergency-low'
08/30 16:38:10 [Localization System] CLocalize::FindSafe failed to localize: 'AIB[D] blocked=bottle-rune reason=no_close_rune max=1900 waterMax=4700 nearest=inf water=inf mid=75 status=2-2-'
08/30 16:38:10 [Localization System] CLocalize::FindSafe failed to localize: 'AIB[D] blocked=recovery-rune-bottle reason=no_close_rune max=3600 waterMax=4700 nearest=inf water=inf mid=75 status=2-2-'
08/30 16:38:11 [Localization System] CLocalize::FindSafe failed to localize: 'AIB[D] blocked=hero-over-creep reason=no_target'
08/30 16:38:11 [Localization System] CLocalize::FindSafe failed to localize: 'AIB[D] blocked=emergency-kill reason=no_target'
08/30 16:38:11 [Localization System] CLocalize::FindSafe failed to localize: 'AIB[D] blocked=harass reason=no_target'
08/30 16:38:11 [Localization System] CLocalize::FindSafe failed to localize: 'AIB[R] intent=tick-owner family=other stage=laning-core'
08/30 16:38:11 [Localization System] CLocalize::FindSafe failed to localize: 'AIB[D] intent=top-arbiter family=state winner=lane-line:18 losers=hero-over-creep:52,idle-heal:46,emergency-retreat:45,fwd-pullback:44,emergency-kill:43.5'
08/30 16:38:11 [Localization System] CLocalize::FindSafe failed to localize: 'AIB[R] t=248s hp=16% gold=349 loc=-1990,-1861 lh=8 dn=0 dg=+8 dlh=+0 bottle=-1 lvl=4 front=7078 ehp=-1'
08/30 16:38:11 [Localization System] CLocalize::FindSafe failed to localize: 'AIB[D] intent=tick-owner family=other stage=laning-core'
08/30 16:38:12 [Localization System] CLocalize::FindSafe failed to localize: 'AIB[R] intent=recovery-policy family=recover action=recover hp=17 gate=22 source=emergency-low'
08/30 16:38:12 [Localization System] CLocalize::FindSafe failed to localize: 'AIB[D] blocked=ability-harass reason=nothing_castable'
08/30 16:38:12 [Localization System] CLocalize::FindSafe failed to localize: 'AIB[D] blocked=uphill-repo reason=motor_busy'
08/30 16:38:13 [Localization System] CLocalize::FindSafe failed to localize: 'AIB[D] intent=top-arbiter family=state winner=lane-line:18 losers=hero-over-creep:52,idle-heal:46,emergency-retreat:45,fwd-pullback:44,emergency-kill:43.5'
08/30 16:38:13 [Localization System] CLocalize::FindSafe failed to localize: 'AIB[R] intent=tick-owner family=other stage=laning-core'
08/30 16:38:14 [Localization System] CLocalize::FindSafe failed to localize: 'AIB[R] intent=recovery-policy family=recover action=recover hp=18 gate=22 source=emergency-low'
08/30 16:38:14 [Localization System] CLocalize::FindSafe failed to localize: 'AIB[D] intent=lane-line-episode family=other dist=348 fwd=0.50'
08/30 16:38:14 [Localization System] CLocalize::FindSafe failed to localize: 'AIB[D] intent=tick-owner family=other stage=desire/lane-line reason=ready score=18 band=position'
08/30 16:38:14 [Localization System] CLocalize::FindSafe failed to localize: 'AIB[D] blocked=hero-over-creep reason=no_target'
08/30 16:38:14 [Localization System] CLocalize::FindSafe failed to localize: 'AIB[D] blocked=emergency-kill reason=no_target'
08/30 16:38:14 [Localization System] CLocalize::FindSafe failed to localize: 'AIB[D] blocked=harass reason=no_target'
08/30 16:38:14 [Localization System] CLocalize::FindSafe failed to localize: 'AIB[R] intent=recovery-plan family=recover action=water_rune reason=regen_lane hp=18 mana=41 dist=2993'
08/30 16:38:14 [Server] PR:IncrementIdleTime 1:[I:0:0] 5.00
08/30 16:38:14 [Localization System] CLocalize::FindSafe failed to localize: 'AIB[D] intent=top-arbiter family=state winner=lane-line:18 losers=hero-over-creep:52,idle-heal:46,emergency-retreat:45,fwd-pullback:44,emergency-kill:43.5'
08/30 16:38:14 [Localization System] CLocalize::FindSafe failed to localize: 'AIB[D] t=251s hp=67% gold=105 loc=-611,-469 lh=18 dn=8 dg=+8 dlh=+0 bottle=0 lvl=5 front=8620 ehp=-1'
08/30 16:38:15 [Localization System] CLocalize::FindSafe failed to localize: 'AIB[D] blocked=ability-harass reason=nothing_castable'
08/30 16:38:15 [Localization System] CLocalize::FindSafe failed to localize: 'AIB[R] intent=tick-owner family=other stage=laning-core'
08/30 16:38:15 [Localization System] CLocalize::FindSafe failed to localize: 'AIB[D] blocked=uphill-repo reason=motor_busy'
08/30 16:38:16 [Localization System] CLocalize::FindSafe failed to localize: 'AIB[D] intent=rune-ground-truth family=rune id=1 status=1 t=253'
08/30 16:38:16 [Localization System] CLocalize::FindSafe failed to localize: 'AIB[D] intent=recovery-plan family=recover action=rune reason=start source=bottle-rune dist=1783 hp=67 mana=52'
08/30 16:38:16 [Localization System] CLocalize::FindSafe failed to localize: 'AIB[D] intent=state-rune-commit family=rune source=bottle-rune phase=start ttl=30 dist=1783 hp=67 mana=52'
08/30 16:38:16 [Localization System] CLocalize::FindSafe failed to localize: 'AIB[D] intent=rune-transaction family=rune source=bottle-rune phase=start ttl=30 dist=1783 hp=67 mana=52'
08/30 16:38:16 [Localization System] CLocalize::FindSafe failed to localize: 'AIB[D] intent=bottle-rune family=rune dist=1783 hp=67 mana=52 reason=start'
08/30 16:38:16 [Localization System] CLocalize::FindSafe failed to localize: 'AIB[R] intent=recovery-policy family=recover action=recover hp=19 gate=22 source=emergency-low'
08/30 16:38:16 [Localization System] CLocalize::FindSafe failed to localize: 'AIB[D] intent=top-arbiter family=state winner=idle-heal:46 losers=hero-over-creep:52,emergency-retreat:45,fwd-pullback:44,emergency-kill:43.5,uphill:43'
08/30 16:38:16 [Localization System] CLocalize::FindSafe failed to localize: 'AIB[D] intent=tick-owner family=other stage=laning-core'
08/30 16:38:16 [Localization System] CLocalize::FindSafe failed to localize: 'AIB[D] blocked=buy-loop reason=saving target=item_magic_wand head=item_recipe_magic_wand cost=150 gold=107 left=1'
08/30 16:38:16 [Localization System] CLocalize::FindSafe failed to localize: 'AIB[R] blocked=buy-loop reason=saving target=item_bottle head=item_bottle cost=675 gold=356 left=1'
08/30 16:38:16 [Localization System] CLocalize::FindSafe failed to localize: 'AIB[R] t=253s hp=19% gold=356 loc=-1769,-1238 lh=8 dn=0 dg=+7 dlh=+0 bottle=-1 lvl=4 front=7078 ehp=-1'
08/30 16:38:17 [Localization System] CLocalize::FindSafe failed to localize: 'AIB[D] blocked=hero-over-creep reason=no_target'
08/30 16:38:17 [Localization System] CLocalize::FindSafe failed to localize: 'AIB[R] intent=tick-owner family=other stage=laning-core'
08/30 16:38:17 [Localization System] CLocalize::FindSafe failed to localize: 'AIB[D] intent=top-arbiter family=state winner=idle-heal:46 losers=hero-over-creep:52,emergency-retreat:45,fwd-pullback:44,emergency-kill:43.5,uphill:43'
08/30 16:38:18 [Localization System] CLocalize::FindSafe failed to localize: 'AIB[D] intent=recovery-plan family=recover action=rune reason=commit source=bottle-rune dist=1169'
08/30 16:38:18 [Localization System] CLocalize::FindSafe failed to localize: 'AIB[D] intent=state-rune-commit family=rune source=bottle-rune phase=commit ttl=30 dist=1169'
08/30 16:38:18 [Localization System] CLocalize::FindSafe failed to localize: 'AIB[D] intent=rune-transaction family=rune source=bottle-rune phase=commit ttl=30 dist=1169'
08/30 16:38:18 [Localization System] CLocalize::FindSafe failed to localize: 'AIB[D] intent=bottle-rune family=rune dist=1169 age=2 reason=commit'
08/30 16:38:18 [Localization System] CLocalize::FindSafe failed to localize: 'AIB[R] intent=recovery-policy family=recover action=recover hp=20 gate=22 source=emergency-low'
08/30 16:38:18 [Localization System] CLocalize::FindSafe failed to localize: 'AIB[D] intent=tick-owner family=other stage=laning-core'
08/30 16:38:19 [Localization System] CLocalize::FindSafe failed to localize: 'AIB[D] intent=top-arbiter family=state winner=idle-heal:46 losers=hero-over-creep:52,emergency-retreat:45,fwd-pullback:44,emergency-kill:43.5,uphill:43'
08/30 16:38:19 [Localization System] CLocalize::FindSafe failed to localize: 'AIB[R] intent=recovery-plan family=recover action=buy_flask reason=critical_stuck hp=21 gold=360 count=7'
08/30 16:38:19 [Localization System] CLocalize::FindSafe failed to localize: 'AIB[R] intent=rune-ground-truth family=rune id=0 status=2 t=256'
08/30 16:38:19 [Localization System] CLocalize::FindSafe failed to localize: 'AIB[R] intent=tick-owner family=other stage=laning-core'
08/30 16:38:19 [Localization System] CLocalize::FindSafe failed to localize: 'AIB[D] t=256s hp=69% gold=112 loc=647,-919 lh=18 dn=8 dg=+7 dlh=+0 bottle=0 lvl=5 front=9303 ehp=-1'
08/30 16:38:20 [Localization System] CLocalize::FindSafe failed to localize: 'AIB[D] intent=damage-by-source family=other creep=494 tower=0 hero=1449 mixed=222 death=0 other=0 stale=146 gaps=5'
08/30 16:38:20 [Localization System] CLocalize::FindSafe failed to localize: 'AIB[D] intent=recovery-plan family=recover action=rune reason=commit source=bottle-rune dist=549'
08/30 16:38:20 [Localization System] CLocalize::FindSafe failed to localize: 'AIB[D] intent=state-rune-commit family=rune source=bottle-rune phase=commit ttl=30 dist=549'
08/30 16:38:20 [Localization System] CLocalize::FindSafe failed to localize: 'AIB[D] intent=rune-transaction family=rune source=bottle-rune phase=commit ttl=30 dist=549'
08/30 16:38:20 [Localization System] CLocalize::FindSafe failed to localize: 'AIB[D] intent=bottle-rune family=rune dist=549 age=4 reason=commit'
08/30 16:38:20 [Localization System] CLocalize::FindSafe failed to localize: 'AIB[R] intent=recovery-policy family=recover action=recover hp=21 gate=22 source=emergency-low'
08/30 16:38:20 [Localization System] CLocalize::FindSafe failed to localize: 'AIB[D] blocked=hero-over-creep reason=no_target'
08/30 16:38:20 [Localization System] CLocalize::FindSafe failed to localize: 'AIB[D] intent=tick-owner family=other stage=laning-core'
08/30 16:38:20 [Localization System] CLocalize::FindSafe failed to localize: 'AIB[D] intent=top-arbiter family=state winner=idle-heal:46 losers=hero-over-creep:52,emergency-retreat:45,fwd-pullback:44,emergency-kill:43.5,uphill:43'
08/30 16:38:21 [Localization System] CLocalize::FindSafe failed to localize: 'AIB[R] intent=rune-ground-truth family=rune id=0 status=1 t=258'
08/30 16:38:21 [Localization System] CLocalize::FindSafe failed to localize: 'AIB[R] t=258s hp=22% gold=364 loc=-917,-584 lh=8 dn=0 dg=+8 dlh=+0 bottle=-1 lvl=4 front=8222 ehp=-1'
08/30 16:38:21 [Localization System] CLocalize::FindSafe failed to localize: 'AIB[R] intent=rune-ground-truth family=rune id=0 status=2 t=258'
08/30 16:38:21 [Localization System] CLocalize::FindSafe failed to localize: 'AIB[R] intent=tick-owner family=other stage=laning-core'
08/30 16:38:21 [Localization System] CLocalize::FindSafe failed to localize: 'AIB[D] intent=rune-ground-truth family=rune id=1 status=2 t=258'
08/30 16:38:21 [Localization System] CLocalize::FindSafe failed to localize: 'AIB[D] blocked=emergency-kill reason=no_target'
08/30 16:38:21 [Localization System] CLocalize::FindSafe failed to localize: 'AIB[D] blocked=uphill-repo reason=no_reposition'
08/30 16:38:21 [Localization System] CLocalize::FindSafe failed to localize: 'AIB[D] blocked=harass reason=no_target'
08/30 16:38:21 [Localization System] CLocalize::FindSafe failed to localize: 'AIB[D] blocked=ability-harass reason=nothing_castable'
08/30 16:38:21 [Localization System] CLocalize::FindSafe failed to localize: 'AIB[D] intent=lane-line-episode family=other dist=1836 fwd=0.50'
08/30 16:38:22 [Localization System] CLocalize::FindSafe failed to localize: 'AIB[D] blocked=uphill-repo reason=motor_busy'
08/30 16:38:22 [Localization System] CLocalize::FindSafe failed to localize: 'AIB[R] intent=recovery-policy family=recover action=recover hp=22 gate=35 source=early-low'
08/30 16:38:22 [Localization System] CLocalize::FindSafe failed to localize: 'AIB[D] intent=top-arbiter family=state winner=lane-line:18 losers=hero-over-creep:52,idle-heal:46,emergency-retreat:45,fwd-pullback:44,emergency-kill:43.5'
08/30 16:38:22 [Localization System] CLocalize::FindSafe failed to localize: 'AIB[D] intent=recovery-plan family=recover action=bottle reason=charges hp=75 mana=75 charges=2'
08/30 16:38:22 [Localization System] CLocalize::FindSafe failed to localize: 'AIB[D] intent=tick-owner family=other stage=desire/idle-heal reason=ready score=46 band=lanework'
08/30 16:38:22 [Localization System] CLocalize::FindSafe failed to localize: 'AIB[D] blocked=harass reason=own_heal_running'
08/30 16:38:22 [Server] Client (account 0) tried to execute invalid order (3). Unrecognized order identifier.
08/30 16:38:22 Script function 'Think' on bot npc_dota_hero_nevermore took 2.164ms
08/30 16:38:22 [Localization System] CLocalize::FindSafe failed to localize: 'AIB[R] intent=rune-ground-truth family=rune id=1 status=2 t=259'
08/30 16:38:22 [Localization System] CLocalize::FindSafe failed to localize: 'AIB[R] intent=recovery-plan family=recover action=tp_fountain reason=no_sustain_floor hp=23'
08/30 16:38:23 [Localization System] CLocalize::FindSafe failed to localize: 'AIB[D] blocked=hero-over-creep reason=no_target'
08/30 16:38:23 [Localization System] CLocalize::FindSafe failed to localize: 'AIB[R] blocked=buy-tp reason=recent_tp since=1'
08/30 16:38:23 [Localization System] CLocalize::FindSafe failed to localize: 'AIB[D] intent=top-arbiter family=state winner=anti-idle:2 losers=hero-over-creep:52,idle-heal:46,emergency-retreat:45,fwd-pullback:44,emergency-kill:43.5'
08/30 16:38:23 [Localization System] CLocalize::FindSafe failed to localize: 'AIB[R] intent=damage-by-source family=other creep=308 tower=0 hero=1686 mixed=62 death=0 other=298 stale=132 gaps=3'
08/30 16:38:23 [Localization System] CLocalize::FindSafe failed to localize: 'AIB[R] intent=tick-owner family=other stage=laning-core'
08/30 16:38:23 [Localization System] CLocalize::FindSafe failed to localize: 'AIB[R] blocked=channel-interrupt reason=unsafe dist=979 hp=23 kind=heal'
08/30 16:38:23 [Localization System] CLocalize::FindSafe failed to localize: 'AIB[D] intent=kill-lock family=fight dist=979 ehp=23 hp=84 exec=false atk=true mutual=false reason=killable_enemy'
08/30 16:38:24 [Localization System] CLocalize::FindSafe failed to localize: 'AIB[R] intent=recovery-policy family=recover action=recover hp=23 gate=35 source=early-low'
08/30 16:38:24 [Localization System] CLocalize::FindSafe failed to localize: 'AIB[D] intent=tick-owner family=other stage=laning-core'
08/30 16:38:24 [Localization System] CLocalize::FindSafe failed to localize: 'AIB[D] blocked=buy-loop reason=saving target=item_magic_wand head=item_recipe_magic_wand cost=150 gold=119 left=1'
08/30 16:38:24 [Localization System] CLocalize::FindSafe failed to localize: 'AIB[R] blocked=buy-loop reason=saving target=item_bottle head=item_bottle cost=675 gold=368 left=1'
08/30 16:38:24 Script function 'ItemUsageThink' on bot npc_dota_hero_nevermore took 2.383ms
08/30 16:38:24 [Localization System] CLocalize::FindSafe failed to localize: 'AIB[D] t=261s hp=89% gold=120 loc=322,-789 enemy-dist=998 lh=18 dn=8 dg=+8 dlh=+0 bottle=1 lvl=5 front=10049 ehp=24'
08/30 16:38:25 [Localization System] CLocalize::FindSafe failed to localize: 'AIB[R] intent=tick-owner family=other stage=laning-core'
08/30 16:38:25 [Localization System] CLocalize::FindSafe failed to localize: 'AIB[D] blocked=emergency-kill reason=no_target'
08/30 16:38:25 [Localization System] CLocalize::FindSafe failed to localize: 'AIB[D] blocked=uphill-repo reason=no_reposition'
08/30 16:38:25 [Localization System] CLocalize::FindSafe failed to localize: 'AIB[D] blocked=harass reason=no_target'
08/30 16:38:25 [Localization System] CLocalize::FindSafe failed to localize: 'AIB[D] intent=top-arbiter family=state winner=creep-work:38.8 losers=hero-over-creep:52,idle-heal:46,emergency-retreat:45,fwd-pullback:44,emergency-kill:43.5'
08/30 16:38:26 [Localization System] CLocalize::FindSafe failed to localize: 'AIB[R] intent=recovery-policy family=recover action=recover hp=24 gate=35 source=early-low'
08/30 16:38:26 [Localization System] CLocalize::FindSafe failed to localize: 'AIB[D] blocked=hero-over-creep reason=no_target'
08/30 16:38:26 [Localization System] CLocalize::FindSafe failed to localize: 'AIB[D] intent=melee-pack-space family=safety count=2 dist=518'
08/30 16:38:26 [Localization System] CLocalize::FindSafe failed to localize: 'AIB[D] intent=tick-owner family=other stage=desire/ranged-spacing reason=ready score=41 band=lanework'
08/30 16:38:26 [Localization System] CLocalize::FindSafe failed to localize: 'AIB[D] blocked=ability-harass reason=nothing_castable'
08/30 16:38:26 [Localization System] CLocalize::FindSafe failed to localize: 'AIB[R] t=263s hp=25% gold=371 loc=-1166,-1001 enemy-dist=1152 lh=8 dn=0 dg=+7 dlh=+0 bottle=-1 lvl=4 front=8486 ehp=91'
08/30 16:38:27 [Localization System] CLocalize::FindSafe failed to localize: 'AIB[D] intent=state-desire-last-hit family=farm dist=411 reason=killable_creep score=140'
08/30 16:38:27 [Localization System] CLocalize::FindSafe failed to localize: 'AIB[D] intent=top-arbiter family=state winner=last-hit:158 losers=hero-over-creep:52,cs-inrange:50,idle-heal:46,emergency-retreat:45,fwd-pullback:44'
08/30 16:38:28 [Localization System] CLocalize::FindSafe failed to localize: 'AIB[R] intent=tick-owner family=other stage=laning-core'
08/30 16:38:28 [Localization System] CLocalize::FindSafe failed to localize: 'AIB[R] intent=recovery-policy family=recover action=recover hp=26 gate=35 source=early-low'
08/30 16:38:28 [Localization System] CLocalize::FindSafe failed to localize: 'AIB[D] intent=tick-owner family=other stage=laning-core'
08/30 16:38:28 [Localization System] CLocalize::FindSafe failed to localize: 'AIB[R] blocked=fountain-floor reason=heal_in_hand hp=26 inflight=nil'
08/30 16:38:28 [Localization System] CLocalize::FindSafe failed to localize: 'AIB[D] blocked=emergency-kill reason=no_target'
08/30 16:38:28 [Localization System] CLocalize::FindSafe failed to localize: 'AIB[D] blocked=uphill-repo reason=no_reposition'
08/30 16:38:28 [Localization System] CLocalize::FindSafe failed to localize: 'AIB[D] blocked=harass reason=no_target'
08/30 16:38:29 [Localization System] CLocalize::FindSafe failed to localize: 'AIB[R] blocked=recovery-flask reason=already_healing hp=26'
08/30 16:38:29 [Localization System] CLocalize::FindSafe failed to localize: 'AIB[R] intent=recovery-plan family=recover action=water_rune reason=blocked hp=26 mana=47'
08/30 16:38:29 [Localization System] CLocalize::FindSafe failed to localize: 'AIB[R] intent=state-recover-safe family=state ttl=2 reason=no_resources hp=26 dist=439'
08/30 16:38:29 [Localization System] CLocalize::FindSafe failed to localize: 'AIB[D] intent=top-arbiter family=state winner=wave-watch:10 losers=hero-over-creep:52,idle-heal:46,emergency-retreat:45,fwd-pullback:44,emergency-kill:43.5'
08/30 16:38:29 [Localization System] CLocalize::FindSafe failed to localize: 'AIB[R] intent=recovery-owner family=recover band=soft threat=false mode=back hp=27'
08/30 16:38:29 [Localization System] CLocalize::FindSafe failed to localize: 'AIB[D] blocked=hero-over-creep reason=no_target'
08/30 16:38:29 [Localization System] CLocalize::FindSafe failed to localize: 'AIB[D] blocked=ability-harass reason=nothing_castable'
08/30 16:38:29 [Localization System] CLocalize::FindSafe failed to localize: 'AIB[D] t=266s hp=93% gold=14 loc=-275,-132 lh=19 dn=8 dg=-106 dlh=+1 bottle=1 lvl=5 front=10049 ehp=-1'
08/30 16:38:29 [Localization System] CLocalize::FindSafe failed to localize: 'AIB[R] intent=tick-owner family=other stage=laning-core'
08/30 16:38:30 [Localization System] CLocalize::FindSafe failed to localize: 'AIB[R] intent=state-desire-recover family=state base=74 danger=28 hp=32 reason=hp_gate score=102'
08/30 16:38:30 [Localization System] CLocalize::FindSafe failed to localize: 'AIB[R] blocked=top-arbiter reason=empty_action winner=recover score=102'
08/30 16:38:30 [Localization System] CLocalize::FindSafe failed to localize: 'AIB[R] blocked=hero-over-creep reason=no_target'
08/30 16:38:30 [Localization System] CLocalize::FindSafe failed to localize: 'AIB[R] blocked=emergency-kill reason=no_target'
08/30 16:38:30 [Localization System] CLocalize::FindSafe failed to localize: 'AIB[R] blocked=uphill-repo reason=low_hp_hold'
08/30 16:38:30 [Localization System] CLocalize::FindSafe failed to localize: 'AIB[R] blocked=harass reason=own_heal_running'
08/30 16:38:30 [Localization System] CLocalize::FindSafe failed to localize: 'AIB[R] blocked=ability-harass reason=nothing_castable'
08/30 16:38:30 [Localization System] CLocalize::FindSafe failed to localize: 'AIB[R] intent=top-arbiter family=state winner=anti-idle:2 losers=recover:102,safe-cs:56,hero-over-creep:52,idle-heal:46,emergency-retreat:45'
08/30 16:38:30 [Localization System] CLocalize::FindSafe failed to localize: 'AIB[R] intent=recovery-policy family=recover action=recover hp=33 gate=35 source=early-low'
08/30 16:38:30 [Localization System] CLocalize::FindSafe failed to localize: 'AIB[D] intent=top-arbiter family=state winner=wave-watch:10 losers=hero-over-creep:52,idle-heal:46,emergency-retreat:45,fwd-pullback:44,emergency-kill:43.5'
08/30 16:38:30 [Localization System] CLocalize::FindSafe failed to localize: 'AIB[D] intent=tick-owner family=other stage=desire/wave-watch reason=ready score=10 band=idle'
08/30 16:38:31 [Localization System] CLocalize::FindSafe failed to localize: 'AIB[R] blocked=recover-candidate reason=no_action_capped hp=36 score=44'
08/30 16:38:31 [Server] PR:IncrementIdleTime 6:[I:0:0] 2.00
08/30 16:38:31 [Localization System] CLocalize::FindSafe failed to localize: 'AIB[D] blocked=visual-hold reason=creep_in_range held=2.0 hp=93 repeat=2 hard=false'
08/30 16:38:31 [Localization System] CLocalize::FindSafe failed to localize: 'AIB[R] blocked=buy-tp reason=recent_tp since=9'
08/30 16:38:31 [Localization System] CLocalize::FindSafe failed to localize: 'AIB[R] t=268s hp=39% gold=379 loc=-1709,-1350 lh=8 dn=0 dg=+8 dlh=+0 bottle=-1 lvl=4 front=8469 ehp=-1'
08/30 16:38:31 [Localization System] CLocalize::FindSafe failed to localize: 'AIB[R] intent=top-arbiter family=state winner=anti-idle:2 losers=safe-cs:56,hero-over-creep:52,idle-heal:46,emergency-retreat:45,fwd-pullback:44'
08/30 16:38:32 [Localization System] CLocalize::FindSafe failed to localize: 'AIB[D] blocked=emergency-kill reason=no_target'
08/30 16:38:32 [Localization System] CLocalize::FindSafe failed to localize: 'AIB[D] blocked=uphill-repo reason=no_reposition'
08/30 16:38:32 [Localization System] CLocalize::FindSafe failed to localize: 'AIB[D] blocked=harass reason=no_target'
08/30 16:38:32 [Localization System] CLocalize::FindSafe failed to localize: 'AIB[R] intent=tick-owner family=other stage=laning-core'
08/30 16:38:32 [Localization System] CLocalize::FindSafe failed to localize: 'AIB[D] intent=top-arbiter family=state winner=creep-work:38.8 losers=hero-over-creep:52,idle-heal:46,emergency-retreat:45,fwd-pullback:44,emergency-kill:43.5'
08/30 16:38:32 [Localization System] CLocalize::FindSafe failed to localize: 'AIB[R] blocked=buy-loop reason=saving target=item_bottle head=item_bottle cost=675 gold=380 left=1'
08/30 16:38:32 [Localization System] CLocalize::FindSafe failed to localize: 'AIB[D] blocked=hero-over-creep reason=no_target'
08/30 16:38:32 [Localization System] CLocalize::FindSafe failed to localize: 'AIB[D] intent=state-desire-last-hit family=farm dist=437 reason=killable_creep score=140'
08/30 16:38:32 [Localization System] CLocalize::FindSafe failed to localize: 'AIB[D] intent=tick-owner family=other stage=desire/last-hit dist=437 reason=killable_creep score=140'
08/30 16:38:32 [Localization System] CLocalize::FindSafe failed to localize: 'AIB[R] blocked=uphill-repo reason=no_reposition'
08/30 16:38:33 [Localization System] CLocalize::FindSafe failed to localize: 'AIB[R] blocked=recovery-flask reason=already_healing hp=45'
08/30 16:38:33 [Localization System] CLocalize::FindSafe failed to localize: 'AIB[D] intent=cs-watchdog family=farm lh=19 idle=18 creep_hp=22 dist=437'
08/30 16:38:33 [Localization System] CLocalize::FindSafe failed to localize: 'AIB[R] blocked=hero-over-creep reason=no_target'
08/30 16:38:33 [Localization System] CLocalize::FindSafe failed to localize: 'AIB[R] blocked=emergency-kill reason=no_target'
08/30 16:38:33 [Localization System] CLocalize::FindSafe failed to localize: 'AIB[R] intent=top-arbiter family=state winner=creep-work:38.6 losers=safe-cs:56,hero-over-creep:52,idle-heal:46,emergency-retreat:45,fwd-pullback:44'
08/30 16:38:33 [Localization System] CLocalize::FindSafe failed to localize: 'AIB[D] blocked=ability-harass reason=nothing_castable'
08/30 16:38:33 [Localization System] CLocalize::FindSafe failed to localize: 'AIB[D] blocked=visual-hold reason=creep_in_range held=4.5 hp=94 repeat=3 hard=true'
08/30 16:38:33 [Localization System] CLocalize::FindSafe failed to localize: 'AIB[R] blocked=ability-harass reason=nothing_castable'
08/30 16:38:33 [Localization System] CLocalize::FindSafe failed to localize: 'AIB[D] intent=top-arbiter family=state winner=wave-watch:10 losers=hero-over-creep:52,idle-heal:46,emergency-retreat:45,fwd-pullback:44,emergency-kill:43.5'
08/30 16:38:34 [Localization System] CLocalize::FindSafe failed to localize: 'AIB[R] blocked=uphill-repo reason=not_trading'
08/30 16:38:34 [Localization System] CLocalize::FindSafe failed to localize: 'AIB[R] blocked=harass reason=own_heal_running'
08/30 16:38:34 [Localization System] CLocalize::FindSafe failed to localize: 'AIB[R] intent=tick-owner family=other stage=laning-core'
08/30 16:38:35 [Localization System] CLocalize::FindSafe failed to localize: 'AIB[R] intent=melee-pack-space family=safety count=2 dist=132'
08/30 16:38:35 [Localization System] CLocalize::FindSafe failed to localize: 'AIB[R] intent=top-arbiter family=state winner=ranged-spacing:41 losers=safe-cs:56,hero-over-creep:52,idle-heal:46,emergency-retreat:45,fwd-pullback:44'
08/30 16:38:35 [Localization System] CLocalize::FindSafe failed to localize: 'AIB[D] t=272s hp=95% gold=22 loc=-275,-132 enemy-dist=923 lh=19 dn=8 dg=+8 dlh=+0 bottle=1 lvl=5 front=10052 ehp=54'
08/30 16:38:35 [Localization System] CLocalize::FindSafe failed to localize: 'AIB[D] intent=channel-interrupt family=fight dist=923 hp=95 kind=heal reason=enemy_heal'
08/30 16:38:35 [Localization System] CLocalize::FindSafe failed to localize: 'AIB[D] intent=tick-owner family=other stage=urgent intent=channel-interrupt'
08/30 16:38:35 [Localization System] CLocalize::FindSafe failed to localize: 'AIB[D] intent=damage-by-source family=other creep=494 tower=0 hero=1449 mixed=222 death=0 other=0 stale=146 gaps=5'
08/30 16:38:35 [Localization System] CLocalize::FindSafe failed to localize: 'AIB[R] blocked=recovery-buy reason=flask_in_inventory hp=55'
08/30 16:38:35 [Localization System] CLocalize::FindSafe failed to localize: 'AIB[D] anti-afk-lane=1 anti-idle-enter=20 anti-idle-lane=13 anti-idle-lowhp-back=3 bottle-heal=1 bottle-rune=2 channel-interrupt-atk=26 channel-interrupt-chase=18 creep-aggro-back=9 creep-aggro-hero-yield=13 creep-aggro-hit=6 creep-dmg=7 creep-hit-react-aggro-step=4 creep-hit-react-atk=14 creep-hit-react-step=16 cs-wait-release=51 cs-wait=25 cs-walk-gap-large=9 cs-walk-gap-small=11 cs-walk-inrange=2 cs-walk-into-pack=4 cs-walk=22 cs-watchdog-atk=6 cs-watchdog-step=13 deny-act-atk=49 deny-act-walk=7 deny-act=56 deny-cand-doomed=35 deny-cand-tanky=165 empty-bottle-ok=1 fight-hp-behind=14 fwd-at-position=8 fwd-hold=2 fwd-position=2 fwd-suppressed-creep=23 fwd-suppressed-empty=3 fwd-suppressed-hero=10 fwd-suppressed-lowhp=3 fwd-suppressed-motor=13 fwd-suppressed-recovery=2 fwd-suppressed-rune=1 fwd-suppressed-tower=4 fwd-suppressed-visual=1 fwd-suppressed-watchdog=1 harass-seek=2 heal-item=2 heal-want=1 hero-contact-atk=24 hero-contact-chase=6 hero-over-creep=3 hero-pass-atk=10 hero-pass-chase=2 idle=7 kill-lock-chase=33 kill-priority=10 killwin-atk=43 killwin-scan=1004 lane-line-fallback=84 lane-line-suppressed-creep-dmg=3 lane-line-suppressed-creep=13 lane-line-suppressed-damage=2 lane-line-suppressed-empty=5 lane-line-suppressed-heal=12 lane-line-suppressed-lowhp=8 lane-line-suppressed-motor=3 lane-line-suppressed-recovery=2 last-hit-urgent=76 low-hp-limit=4 melee-pack-release=18 melee-pack-space=28 own-ranged-stepback=1 pre-aig=20 precreep-anchor=25 precreep-hold=2 precreep-park-hold=12 precreep-park=189 precreep-space=4 prewave-defend=2 prewave-free-hit=96 recover-xp=7 recovery-bottle-active=3 recovery-bottle=2 recovery-buy-critical=1 recovery-buy-under-fire=1 recovery-buy=3 recovery-enemy-near=293 recovery-flask=3 recovery-regen=4 recovery-tango=1 regen-walk=3 tango-heal=3 uphill-reposition=1 uphill-void-under-fire=6 visual-hold-creep=36 visual-hold-lane=3 wave-watch-atk=10 wave-watch-no-wave=16 wave-watch-step=2 wave-watch=29'
08/30 16:38:35 [Localization System] CLocalize::FindSafe failed to localize: 'AIB[R] anti-afk-no-chase=2 anti-idle-combat=4 anti-idle-enter=27 anti-idle-lane=15 anti-idle-lowhp-back=8 buy-skip-fountain-floor=1 channel-interrupt-atk=8 channel-interrupt-chase=7 creep-aggro-back=2 creep-aggro-hero-yield=3 creep-aggro-hit=9 creep-dmg=3 creep-hit-react-aggro-step=1 creep-hit-react-atk=3 creep-hit-react-step=14 critical-recover-hold=2 cs-wait-release=6 cs-wait=8 cs-walk-gap-large=8 cs-walk-gap-small=26 cs-walk-inrange=22 cs-walk-into-pack=23 cs-walk=56 cs-watchdog-atk=2 cs-watchdog-step=8 cw-push=167 deny-act-walk=10 deny-act=10 deny-cand-doomed=17 deny-cand-tanky=99 fight-hp-behind=9 fountain-tp-hold=1 fountain-trip-release=4 fountain-wait=2 fwd-at-position=5 fwd-hold=1 fwd-position=1 fwd-suppressed-creep=7 fwd-suppressed-cs=3 fwd-suppressed-empty=5 fwd-suppressed-hero=4 fwd-suppressed-lowhp=8 fwd-suppressed-motor=18 fwd-suppressed-tower=11 fwd-suppressed-visual=2 fwd-suppressed-watchdog=1 heal-inflight-back=1 heal-inflight-hold=2 heal-item=4 heal-want=2 hero-contact-atk=28 hero-contact-chase=16 hero-over-creep=21 hero-pass-atk=19 hero-pass-chase=11 hero-prio-always=7 hero-prio-chase-hold=11 hero-prio-chase=51 idle=13 killwin-scan=1160 lane-line-fallback=20 lane-line-suppressed-creep-dmg=1 lane-line-suppressed-creep=2 lane-line-suppressed-empty=3 lane-line-suppressed-heal=9 lane-line-suppressed-lowhp=12 lane-line-suppressed-motor=5 last-hit-urgent=41 low-hp-behind-safe=1 low-hp-creep=13 low-hp-limit=14 melee-pack-release=13 melee-pack-space=18 own-ranged-stepback=1 pre-aig=27 precreep-anchor=34 precreep-hold=2 precreep-park-hold=13 precreep-park=155 precreep-space=1 prewave-duel-trade=84 prewave-duel-uphill-back=15 recover-safe=9 recover-xp=9 recovery-buy-critical=4 recovery-buy-under-fire=1 recovery-buy=3 recovery-enemy-near=325 recovery-flask=2 recovery-regen=8 recovery-rune=2 recovery-tp=1 recovery-wait=1 recovery-yield=3 regen-walk=9 siege-commit-tower=4 siege-step=2 tango-heal=2 uphill-reposition=1 uphill-void-under-fire=8 visual-hold-creep=3 visual-hold-lane=2 wave-watch-atk=7 wave-watch-no-wave=21 wave-watch-step=1 wave-watch=14'
08/30 16:38:36 [Localization System] CLocalize::FindSafe failed to localize: 'invalid index'
08/30 16:38:36 [Localization System] CLocalize::FindSafe failed to localize: 'AIB[R] intent=recovery-policy family=recover action=recover hp=32 gate=35 source=early-low'
08/30 16:38:36 [Localization System] CLocalize::FindSafe failed to localize: 'AIB[R] intent=state-recover-xp family=state ttl=2 reason=regen_lane hp=32 dist=324'
08/30 16:38:36 [Localization System] CLocalize::FindSafe failed to localize: 'AIB[R] intent=tick-owner family=other stage=laning-core'
08/30 16:38:36 [Localization System] CLocalize::FindSafe failed to localize: 'AIB[D] intent=kill-lock family=fight dist=700 ehp=32 hp=80 exec=false atk=true mutual=false reason=killable_enemy'
08/30 16:38:36 [Localization System] CLocalize::FindSafe failed to localize: 'AIB[R] t=273s hp=33% gold=364 loc=-996,-860 enemy-dist=842 lh=9 dn=0 dg=-15 dlh=+1 bottle=-1 lvl=5 front=8458 ehp=80'
08/30 16:38:36 [Localization System] CLocalize::FindSafe failed to localize: 'AIB[D] intent=arbiter family=urgent winner=channel-interrupt:138 losers=kill-lock:125'
08/30 16:38:37 [Localization System] CLocalize::FindSafe failed to localize: 'AIB[R] blocked=recovery-buy reason=budget_cap hp=34 gold=365 count=7 allow=2'
08/30 16:38:37 [Localization System] CLocalize::FindSafe failed to localize: 'AIB[R] intent=recovery-owner family=recover band=soft threat=true mode=safe-step hp=34'
08/30 16:38:37 [Localization System] CLocalize::FindSafe failed to localize: 'AIB[D] blocked=hero-over-creep reason=no_target'
08/30 16:38:37 [Localization System] CLocalize::FindSafe failed to localize: 'AIB[D] blocked=recovery-buy reason=budget_cap hp=80 gold=149 count=4 allow=2'
08/30 16:38:37 [Localization System] CLocalize::FindSafe failed to localize: 'AIB[D] blocked=emergency-kill reason=no_target'
08/30 16:38:37 [Localization System] CLocalize::FindSafe failed to localize: 'AIB[D] blocked=uphill-repo reason=no_reposition'
08/30 16:38:37 [Localization System] CLocalize::FindSafe failed to localize: 'AIB[D] blocked=harass reason=no_target'
08/30 16:38:37 [Localization System] CLocalize::FindSafe failed to localize: 'AIB[D] blocked=cs-watchdog reason=no_creep lh=21 idle=22'
08/30 16:38:37 [Localization System] CLocalize::FindSafe failed to localize: 'AIB[D] blocked=ability-harass reason=nothing_castable'
08/30 16:38:37 [Localization System] CLocalize::FindSafe failed to localize: 'AIB[D] intent=lane-line-episode family=other dist=264 fwd=0.55'
08/30 16:38:37 [Localization System] CLocalize::FindSafe failed to localize: 'AIB[D] intent=top-arbiter family=state winner=lane-line:18 losers=hero-over-creep:52,idle-heal:46,emergency-retreat:45,fwd-pullback:44,emergency-kill:43.5'
08/30 16:38:37 [Localization System] CLocalize::FindSafe failed to localize: 'AIB[D] blocked=uphill-repo reason=motor_busy'
08/30 16:38:37 [Localization System] CLocalize::FindSafe failed to localize: 'AIB[D] intent=tick-owner family=other stage=laning-core'
08/30 16:38:37 [Localization System] CLocalize::FindSafe failed to localize: 'AIB[R] intent=state-desire-recover family=state base=74 danger=28 hp=36 reason=hp_gate score=102'
08/30 16:38:37 [Localization System] CLocalize::FindSafe failed to localize: 'AIB[R] intent=top-arbiter family=state winner=recover:102 losers=safe-cs:56,hero-over-creep:52,idle-heal:46,emergency-retreat:45,fwd-pullback:44'
08/30 16:38:38 [Localization System] CLocalize::FindSafe failed to localize: 'AIB[R] blocked=recover-candidate reason=no_action_capped hp=40 score=44'
08/30 16:38:38 [Localization System] CLocalize::FindSafe failed to localize: 'AIB[R] blocked=hero-over-creep reason=no_target'
08/30 16:38:38 [Localization System] CLocalize::FindSafe failed to localize: 'AIB[R] blocked=emergency-kill reason=no_target'
08/30 16:38:38 [Localization System] CLocalize::FindSafe failed to localize: 'AIB[R] blocked=uphill-repo reason=low_hp_hold'
08/30 16:38:38 [Localization System] CLocalize::FindSafe failed to localize: 'AIB[R] blocked=harass reason=own_heal_running'
08/30 16:38:38 [Localization System] CLocalize::FindSafe failed to localize: 'AIB[R] blocked=ability-harass reason=nothing_castable'
08/30 16:38:38 [Localization System] CLocalize::FindSafe failed to localize: 'AIB[R] intent=tick-owner family=other stage=desire/wave-watch reason=ready score=10 band=idle'
08/30 16:38:38 [Localization System] CLocalize::FindSafe failed to localize: 'AIB[D] intent=top-arbiter family=state winner=anti-idle:2 losers=hero-over-creep:52,idle-heal:46,emergency-retreat:45,fwd-pullback:44,emergency-kill:43.5'
08/30 16:38:38 [Localization System] CLocalize::FindSafe failed to localize: 'AIB[R] intent=recovery-plan family=recover action=back reason=post_fight_regen hp=41'
08/30 16:38:38 [Localization System] CLocalize::FindSafe failed to localize: 'AIB[R] intent=state-recover-xp family=state ttl=5 reason=post_fight_regen hp=41 dist=158'
08/30 16:38:38 [Localization System] CLocalize::FindSafe failed to localize: 'AIB[R] intent=damage-by-source family=other creep=308 tower=0 hero=1868 mixed=62 death=0 other=298 stale=132 gaps=3'
08/30 16:38:38 [Localization System] CLocalize::FindSafe failed to localize: 'AIB[R] intent=top-arbiter family=state winner=wave-watch:10 losers=safe-cs:56,hero-over-creep:52,idle-heal:46,emergency-retreat:45,fwd-pullback:44'
08/30 16:38:39 [Localization System] CLocalize::FindSafe failed to localize: 'AIB[D] blocked=channel-interrupt reason=unsafe dist=1051 hp=81 kind=heal'
08/30 16:38:39 [Localization System] CLocalize::FindSafe failed to localize: 'AIB[D] intent=tick-owner family=other stage=laning-core'
08/30 16:38:39 [Localization System] CLocalize::FindSafe failed to localize: 'AIB[R] intent=recovery-owner family=recover band=soft threat=false mode=back hp=44'
08/30 16:38:39 [Localization System] CLocalize::FindSafe failed to localize: 'AIB[R] blocked=uphill-repo reason=motor_busy'
08/30 16:38:39 [Localization System] CLocalize::FindSafe failed to localize: 'AIB[R] blocked=buy-tp reason=recent_tp since=17'
08/30 16:38:40 [Localization System] CLocalize::FindSafe failed to localize: 'AIB[D] t=277s hp=82% gold=153 loc=-731,-615 enemy-dist=1102 lh=21 dn=8 dg=+131 dlh=+2 bottle=1 lvl=5 front=10751 ehp=47'
08/30 16:38:40 [Localization System] CLocalize::FindSafe failed to localize: 'AIB[D] blocked=hero-over-creep reason=no_target'
08/30 16:38:40 [Localization System] CLocalize::FindSafe failed to localize: 'AIB[D] blocked=emergency-kill reason=no_target'
08/30 16:38:40 [Localization System] CLocalize::FindSafe failed to localize: 'AIB[D] blocked=harass reason=no_target'
08/30 16:38:40 [Localization System] CLocalize::FindSafe failed to localize: 'AIB[D] blocked=siege reason=desire_or_hp hp=82 adv=false'
08/30 16:38:40 [Localization System] CLocalize::FindSafe failed to localize: 'AIB[D] intent=tower-opportunity family=siege result=blocked_desire_or_hp wave=2 hp=82 adv=false'
08/30 16:38:40 [Localization System] CLocalize::FindSafe failed to localize: 'AIB[D] blocked=ability-harass reason=nothing_castable'
08/30 16:38:40 [Localization System] CLocalize::FindSafe failed to localize: 'AIB[D] blocked=uphill-repo reason=motor_busy'
08/30 16:38:40 [Localization System] CLocalize::FindSafe failed to localize: 'AIB[D] intent=top-arbiter family=state winner=anti-idle:2 losers=hero-over-creep:52,idle-heal:46,emergency-retreat:45,fwd-pullback:44,emergency-kill:43.5'
08/30 16:38:40 [Localization System] CLocalize::FindSafe failed to localize: 'AIB[R] intent=tick-owner family=other stage=laning-core'
08/30 16:38:40 [Localization System] CLocalize::FindSafe failed to localize: 'AIB[R] blocked=buy-loop reason=saving target=item_bottle head=item_bottle cost=675 gold=370 left=1'
08/30 16:38:40 [Localization System] CLocalize::FindSafe failed to localize: 'AIB[R] blocked=uphill-repo reason=no_reposition'
08/30 16:38:40 [Localization System] CLocalize::FindSafe failed to localize: 'AIB[R] intent=top-arbiter family=state winner=creep-work:38.6 losers=safe-cs:56,hero-over-creep:52,idle-heal:46,emergency-retreat:45,fwd-pullback:44'
08/30 16:38:40 [Localization System] CLocalize::FindSafe failed to localize: 'AIB[D] blocked=siege-candidate reason=no_action_capped hp=82 score=42'
08/30 16:38:41 [Localization System] CLocalize::FindSafe failed to localize: 'AIB[R] blocked=hero-over-creep reason=no_target'
08/30 16:38:41 [Localization System] CLocalize::FindSafe failed to localize: 'AIB[R] blocked=emergency-kill reason=no_target'
08/30 16:38:41 [Localization System] CLocalize::FindSafe failed to localize: 'AIB[D] blocked=uphill-repo reason=no_reposition'
08/30 16:38:41 [Localization System] CLocalize::FindSafe failed to localize: 'AIB[D] intent=tick-owner family=other stage=desire/lane-line reason=ready score=18 band=position'
08/30 16:38:41 [Localization System] CLocalize::FindSafe failed to localize: 'AIB[D] intent=top-arbiter family=state winner=lane-line:18 losers=hero-over-creep:52,idle-heal:46,emergency-retreat:45,fwd-pullback:44,emergency-kill:43.5'
08/30 16:38:41 [Localization System] CLocalize::FindSafe failed to localize: 'AIB[R] t=278s hp=55% gold=372 loc=-1625,-1256 enemy-dist=918 lh=9 dn=0 dg=+8 dlh=+0 bottle=-1 lvl=5 front=7078 ehp=82'
08/30 16:38:42 [Localization System] CLocalize::FindSafe failed to localize: 'AIB[R] intent=top-arbiter family=state winner=creep-work:38.6 losers=hero-over-creep:52,idle-heal:46,emergency-retreat:45,fwd-pullback:44,emergency-kill:43.5'
08/30 16:38:42 [Localization System] CLocalize::FindSafe failed to localize: 'AIB[R] blocked=harass reason=own_heal_running'
08/30 16:38:42 [Localization System] CLocalize::FindSafe failed to localize: 'AIB[R] intent=state-desire-last-hit family=farm dist=475 reason=killable_creep score=140'
08/30 16:38:42 [Localization System] CLocalize::FindSafe failed to localize: 'AIB[R] intent=tick-owner family=other stage=desire/last-hit dist=475 reason=killable_creep score=140'
08/30 16:38:42 [Localization System] CLocalize::FindSafe failed to localize: 'AIB[R] blocked=ability-harass reason=nothing_castable'
08/30 16:38:43 [Localization System] CLocalize::FindSafe failed to localize: 'AIB[D] blocked=hero-over-creep reason=no_target'
08/30 16:38:43 [Localization System] CLocalize::FindSafe failed to localize: 'AIB[D] blocked=emergency-kill reason=no_target'
08/30 16:38:43 [Localization System] CLocalize::FindSafe failed to localize: 'AIB[D] blocked=harass reason=no_target'
08/30 16:38:43 [Localization System] CLocalize::FindSafe failed to localize: 'AIB[D] blocked=ability-harass reason=nothing_castable'
08/30 16:38:43 [Localization System] CLocalize::FindSafe failed to localize: 'AIB[D] blocked=uphill-repo reason=motor_busy'
08/30 16:38:43 [Localization System] CLocalize::FindSafe failed to localize: 'AIB[D] intent=top-arbiter family=state winner=lane-line:18 losers=hero-over-creep:52,idle-heal:46,emergency-retreat:45,fwd-pullback:44,emergency-kill:43.5'
08/30 16:38:43 [Localization System] CLocalize::FindSafe failed to localize: 'AIB[D] intent=tick-owner family=other stage=desire/lane-line reason=ready score=18 band=position'
08/30 16:38:43 [Localization System] CLocalize::FindSafe failed to localize: 'AIB[R] blocked=uphill-repo reason=not_trading'
08/30 16:38:43 [Localization System] CLocalize::FindSafe failed to localize: 'AIB[R] intent=top-arbiter family=state winner=anti-idle:2 losers=hero-over-creep:52,idle-heal:46,emergency-retreat:45,fwd-pullback:44,emergency-kill:43.5'
08/30 16:38:44 [Localization System] CLocalize::FindSafe failed to localize: 'AIB[R] blocked=uphill-repo reason=no_reposition'
08/30 16:38:44 [Localization System] CLocalize::FindSafe failed to localize: 'AIB[R] blocked=hero-over-creep reason=no_target'
08/30 16:38:44 [Localization System] CLocalize::FindSafe failed to localize: 'AIB[R] blocked=emergency-kill reason=no_target'
08/30 16:38:44 [Localization System] CLocalize::FindSafe failed to localize: 'AIB[R] intent=tick-owner family=other stage=laning-core'
08/30 16:38:44 Script function 'Think' on bot npc_dota_hero_nevermore took 2.433ms
08/30 16:38:44 [Localization System] CLocalize::FindSafe failed to localize: 'AIB[D] intent=top-arbiter family=state winner=anti-idle:2 losers=hero-over-creep:52,idle-heal:46,emergency-retreat:45,fwd-pullback:44,emergency-kill:43.5'
08/30 16:38:45 [Localization System] CLocalize::FindSafe failed to localize: 'AIB[D] t=282s hp=84% gold=161 loc=-433,-348 lh=21 dn=8 dg=+8 dlh=+0 bottle=1 lvl=5 front=8620 ehp=-1'
08/30 16:38:45 [Localization System] CLocalize::FindSafe failed to localize: 'AIB[D] blocked=uphill-repo reason=no_reposition'
08/30 16:38:45 [Localization System] CLocalize::FindSafe failed to localize: 'AIB[D] intent=tick-owner family=other stage=desire/lane-line reason=ready score=18 band=position'
08/30 16:38:45 [Localization System] CLocalize::FindSafe failed to localize: 'AIB[R] blocked=ability-harass reason=nothing_castable'
08/30 16:38:46 [Localization System] CLocalize::FindSafe failed to localize: 'AIB[D] blocked=hero-over-creep reason=no_target'
08/30 16:38:46 [Localization System] CLocalize::FindSafe failed to localize: 'AIB[D] blocked=emergency-kill reason=no_target'
08/30 16:38:46 [Localization System] CLocalize::FindSafe failed to localize: 'AIB[D] blocked=harass reason=no_target'
08/30 16:38:46 [Localization System] CLocalize::FindSafe failed to localize: 'AIB[D] blocked=ability-harass reason=nothing_castable'
08/30 16:38:46 [Localization System] CLocalize::FindSafe failed to localize: 'AIB[D] blocked=uphill-repo reason=motor_busy'
08/30 16:38:46 [Localization System] CLocalize::FindSafe failed to localize: 'AIB[R] blocked=harass reason=own_heal_running'
08/30 16:38:46 [Localization System] CLocalize::FindSafe failed to localize: 'AIB[D] intent=top-arbiter family=state winner=anti-idle:2 losers=hero-over-creep:52,idle-heal:46,emergency-retreat:45,fwd-pullback:44,emergency-kill:43.5'
08/30 16:38:46 [Localization System] CLocalize::FindSafe failed to localize: 'AIB[R] t=283s hp=76% gold=431 loc=-1869,-1642 lh=10 dn=0 dg=+59 dlh=+1 bottle=-1 lvl=5 front=7078 ehp=-1'
08/30 16:38:47 [Localization System] CLocalize::FindSafe failed to localize: 'AIB[R] blocked=uphill-repo reason=no_reposition'
08/30 16:38:47 [Localization System] CLocalize::FindSafe failed to localize: 'AIB[R] blocked=visual-hold reason=empty held=2.0 hp=78 repeat=3 hard=true'
08/30 16:38:47 [Localization System] CLocalize::FindSafe failed to localize: 'AIB[R] intent=top-arbiter family=state winner=visual-hold:20 losers=hero-over-creep:52,idle-heal:46,emergency-retreat:45,fwd-pullback:44,emergency-kill:43.5'
08/30 16:38:47 [Localization System] CLocalize::FindSafe failed to localize: 'AIB[R] intent=tick-owner family=other stage=desire/visual-hold reason=ready score=20 band=position'
08/30 16:38:47 [Localization System] CLocalize::FindSafe failed to localize: 'AIB[R] blocked=buy-tp reason=recent_tp since=25'
08/30 16:38:47 [Server] PR:IncrementIdleTime 1:[I:0:0] 2.13
08/30 16:38:47 [Localization System] CLocalize::FindSafe failed to localize: 'AIB[R] blocked=hero-over-creep reason=no_target'
08/30 16:38:47 [Localization System] CLocalize::FindSafe failed to localize: 'AIB[R] blocked=emergency-kill reason=no_target'
08/30 16:38:47 [Localization System] CLocalize::FindSafe failed to localize: 'AIB[D] intent=tick-owner family=other stage=laning-core'
08/30 16:38:47 [Localization System] CLocalize::FindSafe failed to localize: 'AIB[D] intent=top-arbiter family=state winner=lane-line:18 losers=hero-over-creep:52,idle-heal:46,emergency-retreat:45,fwd-pullback:44,emergency-kill:43.5'
08/30 16:38:48 [Localization System] CLocalize::FindSafe failed to localize: 'AIB[D] intent=lane-line-episode family=other dist=768 fwd=0.18'
08/30 16:38:48 [Localization System] CLocalize::FindSafe failed to localize: 'AIB[R] blocked=buy-loop reason=saving target=item_bottle head=item_bottle cost=675 gold=433 left=1'
08/30 16:38:49 [Localization System] CLocalize::FindSafe failed to localize: 'AIB[R] blocked=ability-harass reason=nothing_castable'
08/30 16:38:49 [Localization System] CLocalize::FindSafe failed to localize: 'AIB[D] blocked=hero-over-creep reason=no_target'
08/30 16:38:49 [Localization System] CLocalize::FindSafe failed to localize: 'AIB[D] blocked=emergency-kill reason=no_target'
08/30 16:38:49 [Localization System] CLocalize::FindSafe failed to localize: 'AIB[D] blocked=harass reason=no_target'
08/30 16:38:49 [Localization System] CLocalize::FindSafe failed to localize: 'AIB[D] blocked=ability-harass reason=nothing_castable'
08/30 16:38:49 [Localization System] CLocalize::FindSafe failed to localize: 'AIB[R] intent=top-arbiter family=state winner=anti-idle:2 losers=hero-over-creep:52,idle-heal:46,emergency-retreat:45,fwd-pullback:44,emergency-kill:43.5'
08/30 16:38:49 [Localization System] CLocalize::FindSafe failed to localize: 'AIB[D] blocked=uphill-repo reason=motor_busy'
08/30 16:38:49 [Localization System] CLocalize::FindSafe failed to localize: 'AIB[R] intent=tick-owner family=other stage=laning-core'
08/30 16:38:49 [Localization System] CLocalize::FindSafe failed to localize: 'AIB[D] intent=top-arbiter family=state winner=anti-idle:2 losers=hero-over-creep:52,idle-heal:46,emergency-retreat:45,fwd-pullback:44,emergency-kill:43.5'
08/30 16:38:49 [Localization System] CLocalize::FindSafe failed to localize: 'AIB[R] blocked=harass reason=no_target'
08/30 16:38:49 [Localization System] CLocalize::FindSafe failed to localize: 'AIB[R] intent=lane-line-episode family=other dist=1173 fwd=0.31'
08/30 16:38:49 [Localization System] CLocalize::FindSafe failed to localize: 'AIB[D] intent=tick-owner family=other stage=laning-core'
08/30 16:38:49 [Localization System] CLocalize::FindSafe failed to localize: 'AIB[R] blocked=uphill-repo reason=motor_busy'
08/30 16:38:50 [Localization System] CLocalize::FindSafe failed to localize: 'AIB[D] t=287s hp=87% gold=169 loc=-85,-4 lh=21 dn=8 dg=+8 dlh=+0 bottle=1 lvl=5 front=9092 ehp=-1'
08/30 16:38:50 [Localization System] CLocalize::FindSafe failed to localize: 'AIB[D] intent=damage-by-source family=other creep=494 tower=0 hero=1575 mixed=222 death=0 other=0 stale=146 gaps=5'
08/30 16:38:50 [Localization System] CLocalize::FindSafe failed to localize: 'AIB[R] blocked=hero-over-creep reason=no_target'
08/30 16:38:50 [Localization System] CLocalize::FindSafe failed to localize: 'AIB[R] blocked=emergency-kill reason=no_target'
08/30 16:38:50 [Localization System] CLocalize::FindSafe failed to localize: 'AIB[R] intent=top-arbiter family=state winner=lane-line:18 losers=hero-over-creep:52,idle-heal:46,emergency-retreat:45,fwd-pullback:44,emergency-kill:43.5'
08/30 16:38:51 [Localization System] CLocalize::FindSafe failed to localize: 'AIB[D] intent=top-arbiter family=state winner=lane-line:18 losers=hero-over-creep:52,idle-heal:46,emergency-retreat:45,fwd-pullback:44,emergency-kill:43.5'
08/30 16:38:51 [Localization System] CLocalize::FindSafe failed to localize: 'AIB[R] intent=tick-owner family=other stage=laning-core'
08/30 16:38:51 [Localization System] CLocalize::FindSafe failed to localize: 'AIB[D] intent=lane-line-episode family=other dist=239 fwd=0.50'
08/30 16:38:51 [Localization System] CLocalize::FindSafe failed to localize: 'AIB[R] blocked=hero-prio-chase reason=lane_work dist=1397 cs=false creep=false hp_adv=false kill_pressure=false close=false low_farm=false lane_override=false'
08/30 16:38:51 [Localization System] CLocalize::FindSafe failed to localize: 'AIB[D] intent=own-ranged-lead family=other lead=470 count=2'
08/30 16:38:51 [Localization System] CLocalize::FindSafe failed to localize: 'AIB[D] intent=tick-owner family=other stage=desire/ranged-spacing reason=ready score=41 band=lanework'
08/30 16:38:52 [Localization System] CLocalize::FindSafe failed to localize: 'AIB[R] t=289s hp=90% gold=438 loc=-1368,-1052 enemy-dist=1216 lh=10 dn=0 dg=+7 dlh=+0 bottle=-1 lvl=5 front=8094 ehp=88'
08/30 16:38:52 [Localization System] CLocalize::FindSafe failed to localize: 'AIB[R] blocked=ability-harass reason=nothing_castable'
08/30 16:38:52 [Localization System] CLocalize::FindSafe failed to localize: 'AIB[D] blocked=hero-over-creep reason=no_target'
08/30 16:38:52 [Localization System] CLocalize::FindSafe failed to localize: 'AIB[D] blocked=emergency-kill reason=no_target'
08/30 16:38:52 [Localization System] CLocalize::FindSafe failed to localize: 'AIB[D] blocked=harass reason=no_target'
08/30 16:38:52 [Localization System] CLocalize::FindSafe failed to localize: 'AIB[D] blocked=ability-harass reason=nothing_castable'
08/30 16:38:52 [Localization System] CLocalize::FindSafe failed to localize: 'AIB[R] intent=top-arbiter family=state winner=lane-line:18 losers=hero-over-creep:52,idle-heal:46,emergency-retreat:45,fwd-pullback:44,emergency-kill:43.5'
08/30 16:38:52 [Localization System] CLocalize::FindSafe failed to localize: 'AIB[R] intent=lane-line-episode family=other dist=1249 fwd=0.60'
08/30 16:38:52 [Localization System] CLocalize::FindSafe failed to localize: 'AIB[D] blocked=uphill-repo reason=motor_busy'
08/30 16:38:52 [Localization System] CLocalize::FindSafe failed to localize: 'AIB[R] blocked=harass reason=no_target'
08/30 16:38:52 [Localization System] CLocalize::FindSafe failed to localize: 'AIB[D] intent=top-arbiter family=state winner=ranged-spacing:41 losers=hero-over-creep:52,idle-heal:46,emergency-retreat:45,fwd-pullback:44,emergency-kill:43.5'
08/30 16:38:52 [Localization System] CLocalize::FindSafe failed to localize: 'AIB[R] blocked=uphill-repo reason=motor_busy'
08/30 16:38:53 [Localization System] CLocalize::FindSafe failed to localize: 'AIB[D] blocked=uphill-repo reason=no_reposition'
08/30 16:38:53 [Localization System] CLocalize::FindSafe failed to localize: 'AIB[R] blocked=hero-over-creep reason=no_target'
08/30 16:38:53 [Localization System] CLocalize::FindSafe failed to localize: 'AIB[R] blocked=emergency-kill reason=no_target'
08/30 16:38:53 [Localization System] CLocalize::FindSafe failed to localize: 'AIB[R] intent=tick-owner family=other stage=laning-core'
08/30 16:38:53 [Localization System] CLocalize::FindSafe failed to localize: 'AIB[D] intent=melee-pack-space family=safety count=3 dist=141'
08/30 16:38:53 [Localization System] CLocalize::FindSafe failed to localize: 'AIB[R] intent=damage-by-source family=other creep=310 tower=0 hero=1868 mixed=62 death=0 other=298 stale=132 gaps=3'
08/30 16:38:53 [Localization System] CLocalize::FindSafe failed to localize: 'AIB[R] intent=top-arbiter family=state winner=wave-watch:10 losers=hero-over-creep:52,idle-heal:46,emergency-retreat:45,fwd-pullback:44,emergency-kill:43.5'
08/30 16:38:53 [Localization System] CLocalize::FindSafe failed to localize: 'AIB[R] intent=melee-pack-space family=safety count=3 dist=159'
08/30 16:38:53 [Localization System] CLocalize::FindSafe failed to localize: 'AIB[D] intent=tick-owner family=other stage=laning-core'
08/30 16:38:54 [Localization System] CLocalize::FindSafe failed to localize: 'AIB[D] blocked=recovery-buy reason=budget_cap hp=89 gold=175 count=4 allow=2'
08/30 16:38:54 [Localization System] CLocalize::FindSafe failed to localize: 'AIB[D] intent=top-arbiter family=state winner=wave-watch:10 losers=hero-over-creep:52,idle-heal:46,emergency-retreat:45,fwd-pullback:44,emergency-kill:43.5'
08/30 16:38:54 [Localization System] CLocalize::FindSafe failed to localize: 'AIB[R] blocked=recovery-buy reason=budget_cap hp=91 gold=442 count=7 allow=3'
08/30 16:38:54 [Localization System] CLocalize::FindSafe failed to localize: 'AIB[R] blocked=hero-prio-chase reason=lane_work dist=829 cs=false creep=true hp_adv=false kill_pressure=false close=false low_farm=false lane_override=false'
08/30 16:38:55 [Localization System] CLocalize::FindSafe failed to localize: 'AIB[D] t=292s hp=89% gold=176 loc=-240,-98 enemy-dist=781 lh=21 dn=8 dg=+7 dlh=+0 bottle=1 lvl=5 front=9982 ehp=67'
08/30 16:38:55 [Localization System] CLocalize::FindSafe failed to localize: 'AIB[D] intent=state-desire-fight family=state base=78 hp_adv=8 dist=781 hp=89 ehp=67 reason=enemy_seen score=86'
08/30 16:38:55 [Localization System] CLocalize::FindSafe failed to localize: 'AIB[D] blocked=ability-pressure reason=nothing_castable'
08/30 16:38:55 [Localization System] CLocalize::FindSafe failed to localize: 'AIB[D] intent=hero-contact family=fight dist=781 hp=89 reason=close_enemy'
08/30 16:38:55 [Localization System] CLocalize::FindSafe failed to localize: 'AIB[R] intent=top-arbiter family=state winner=harass:40 losers=hero-over-creep:52,idle-heal:46,emergency-retreat:45,fwd-pullback:44,emergency-kill:43.5'
08/30 16:38:55 [Localization System] CLocalize::FindSafe failed to localize: 'AIB[D] blocked=hero-contact reason=refractory since=0.13'
08/30 16:38:55 [Localization System] CLocalize::FindSafe failed to localize: 'AIB[D] blocked=top-arbiter reason=empty_action winner=fight score=104'
08/30 16:38:55 [Localization System] CLocalize::FindSafe failed to localize: 'AIB[D] blocked=hero-over-creep reason=no_target'
08/30 16:38:55 [Localization System] CLocalize::FindSafe failed to localize: 'AIB[D] blocked=emergency-kill reason=no_target'
08/30 16:38:55 [Localization System] CLocalize::FindSafe failed to localize: 'AIB[D] blocked=harass reason=no_target'
08/30 16:38:55 [Localization System] CLocalize::FindSafe failed to localize: 'AIB[D] blocked=ability-harass reason=nothing_castable'
08/30 16:38:55 [Localization System] CLocalize::FindSafe failed to localize: 'AIB[R] blocked=buy-tp reason=recent_tp since=33'
08/30 16:38:55 [Localization System] CLocalize::FindSafe failed to localize: 'AIB[R] intent=tick-owner family=other stage=laning-core'
08/30 16:38:55 [Localization System] CLocalize::FindSafe failed to localize: 'AIB[D] intent=top-arbiter family=state winner=wave-watch:10 losers=hero-over-creep:52,idle-heal:46,emergency-retreat:45,fwd-pullback:44,emergency-kill:43.5'
08/30 16:38:55 [Localization System] CLocalize::FindSafe failed to localize: 'AIB[D] blocked=bottle-rune reason=commit_timeout age=30'
08/30 16:38:55 [Localization System] CLocalize::FindSafe failed to localize: 'AIB[D] intent=rune-result family=rune source=bottle-rune result=timeout age=30 combat=false'
08/30 16:38:55 [Localization System] CLocalize::FindSafe failed to localize: 'AIB[D] blocked=bottle-rune reason=no_close_rune max=1900 waterMax=4700 nearest=inf water=inf mid=266 status=2-2-'
08/30 16:38:55 [Localization System] CLocalize::FindSafe failed to localize: 'AIB[D] blocked=harass reason=own_heal_running'
08/30 16:38:55 [Localization System] CLocalize::FindSafe failed to localize: 'AIB[D] intent=tick-owner family=other stage=desire/creep-work reason=ready score=39 band=lanework'
08/30 16:38:56 [Localization System] CLocalize::FindSafe failed to localize: 'AIB[R] intent=channel-interrupt family=fight dist=769 hp=67 kind=heal reason=enemy_heal'
08/30 16:38:56 [Localization System] CLocalize::FindSafe failed to localize: 'AIB[D] blocked=fight-candidate reason=no_action_capped hp=90 score=40'
08/30 16:38:56 [Localization System] CLocalize::FindSafe failed to localize: 'AIB[D] blocked=bottle-rune reason=cooldown left=6'
08/30 16:38:56 [Localization System] CLocalize::FindSafe failed to localize: 'AIB[D] blocked=uphill-repo reason=no_reposition'
08/30 16:38:56 [Localization System] CLocalize::FindSafe failed to localize: 'AIB[D] blocked=buy-loop reason=saving target=item_power_treads head=item_boots cost=500 gold=255 left=3'
08/30 16:38:56 [Localization System] CLocalize::FindSafe failed to localize: 'AIB[R] blocked=buy-loop reason=saving target=item_bottle head=item_bottle cost=675 gold=445 left=1'
08/30 16:38:56 [Localization System] CLocalize::FindSafe failed to localize: 'AIB[R] blocked=channel-interrupt reason=unsafe dist=726 hp=67 kind=heal'
08/30 16:38:56 [Localization System] CLocalize::FindSafe failed to localize: 'AIB[R] blocked=hero-over-creep reason=no_target'
08/30 16:38:56 [Localization System] CLocalize::FindSafe failed to localize: 'AIB[R] blocked=emergency-kill reason=no_target'
08/30 16:38:56 [Localization System] CLocalize::FindSafe failed to localize: 'AIB[R] blocked=uphill-repo reason=not_trading'
08/30 16:38:56 [Localization System] CLocalize::FindSafe failed to localize: 'AIB[R] blocked=harass reason=no_target'
08/30 16:38:56 [Localization System] CLocalize::FindSafe failed to localize: 'AIB[R] intent=top-arbiter family=state winner=creep-work:38.6 losers=hero-over-creep:52,idle-heal:46,emergency-retreat:45,fwd-pullback:44,emergency-kill:43.5'
08/30 16:38:57 [Localization System] CLocalize::FindSafe failed to localize: 'AIB[R] t=294s hp=67% gold=446 loc=-835,-705 enemy-dist=726 lh=10 dn=0 dg=+8 dlh=+0 bottle=-1 lvl=5 front=8529 ehp=95'
08/30 16:38:57 [Localization System] CLocalize::FindSafe failed to localize: 'AIB[D] intent=cs-watchdog family=farm lh=23 idle=20 creep_hp=150 dist=299'
08/30 16:38:57 [Localization System] CLocalize::FindSafe failed to localize: 'AIB[D] intent=top-arbiter family=state winner=wave-watch:10 losers=hero-over-creep:52,idle-heal:46,emergency-retreat:45,fwd-pullback:44,emergency-kill:43.5'
08/30 16:38:57 [Localization System] CLocalize::FindSafe failed to localize: 'AIB[R] blocked=ability-harass reason=nothing_castable'
08/30 16:38:57 [Localization System] CLocalize::FindSafe failed to localize: 'AIB[R] intent=tick-owner family=other stage=desire/wave-watch reason=ready score=10 band=idle'
08/30 16:38:57 [Localization System] CLocalize::FindSafe failed to localize: 'AIB[R] blocked=hero-prio-chase reason=lane_work dist=696 cs=false creep=true hp_adv=false kill_pressure=false close=false low_farm=false lane_override=false'
08/30 16:38:57 [Localization System] CLocalize::FindSafe failed to localize: 'AIB[D] blocked=recovery-rune-bottle reason=cooldown left=4'
08/30 16:38:57 [Localization System] CLocalize::FindSafe failed to localize: 'AIB[D] intent=recovery-plan family=recover action=lane reason=empty_bottle_no_rune hp=78 mana=40'
08/30 16:38:58 [Localization System] CLocalize::FindSafe failed to localize: 'AIB[D] intent=tick-owner family=other stage=desire/creep-work reason=ready score=39 band=lanework'
08/30 16:38:58 [Localization System] CLocalize::FindSafe failed to localize: 'AIB[R] intent=melee-pack-space family=safety count=3 dist=124'
08/30 16:38:58 [Localization System] CLocalize::FindSafe failed to localize: 'AIB[R] intent=top-arbiter family=state winner=wave-watch:10 losers=hero-over-creep:52,idle-heal:46,emergency-retreat:45,fwd-pullback:44,emergency-kill:43.5'
08/30 16:38:58 [Localization System] CLocalize::FindSafe failed to localize: 'AIB[D] blocked=hero-over-creep reason=no_target'
08/30 16:38:58 [Localization System] CLocalize::FindSafe failed to localize: 'AIB[D] blocked=emergency-kill reason=no_target'
08/30 16:38:58 [Localization System] CLocalize::FindSafe failed to localize: 'AIB[D] blocked=harass reason=no_target'
08/30 16:38:58 [Localization System] CLocalize::FindSafe failed to localize: 'AIB[D] blocked=ability-harass reason=nothing_castable'
08/30 16:38:58 [Localization System] CLocalize::FindSafe failed to localize: 'AIB[D] intent=lane-line-episode family=other dist=412 fwd=0.55'
08/30 16:38:58 [Localization System] CLocalize::FindSafe failed to localize: 'AIB[D] blocked=uphill-repo reason=motor_busy'
08/30 16:38:59 [Localization System] CLocalize::FindSafe failed to localize: 'AIB[D] intent=top-arbiter family=state winner=lane-line:18 losers=hero-over-creep:52,idle-heal:46,emergency-retreat:45,fwd-pullback:44,emergency-kill:43.5'
08/30 16:38:59 [Localization System] CLocalize::FindSafe failed to localize: 'AIB[R] intent=state-desire-safety family=state base=108 creep_dmg=8 hp=67 creep=true hero=false reason=recent_damage score=116'
08/30 16:38:59 [Localization System] CLocalize::FindSafe failed to localize: 'AIB[R] blocked=creep-hit-react reason=inside_melee_pack count=3 dist=183 hp=67'
08/30 16:38:59 [Localization System] CLocalize::FindSafe failed to localize: 'AIB[R] intent=creep-hit-react family=safety dist=183 hp=67 hits=1 reason=edge_attack'
08/30 16:38:59 [Localization System] CLocalize::FindSafe failed to localize: 'AIB[R] blocked=safety-candidate reason=no_action_capped hp=67 score=44'
08/30 16:38:59 [Localization System] CLocalize::FindSafe failed to localize: 'AIB[R] intent=tick-owner family=other stage=desire/wave-watch reason=ready score=10 band=idle'
08/30 16:38:59 [Localization System] CLocalize::FindSafe failed to localize: 'AIB[R] blocked=hero-over-creep reason=no_target'
08/30 16:38:59 [Localization System] CLocalize::FindSafe failed to localize: 'AIB[R] blocked=emergency-kill reason=no_target'
08/30 16:38:59 [Localization System] CLocalize::FindSafe failed to localize: 'AIB[R] blocked=harass reason=no_target'
08/30 16:38:59 [Localization System] CLocalize::FindSafe failed to localize: 'AIB[R] blocked=wave-watch reason=not_finishable creep_hp=369 dist=343 idle=6'
08/30 16:38:59 [Localization System] CLocalize::FindSafe failed to localize: 'AIB[R] intent=top-arbiter family=state winner=wave-watch:10 losers=hero-over-creep:52,idle-heal:46,emergency-retreat:45,fwd-pullback:44,emergency-kill:43.5'
08/30 16:38:59 [Localization System] CLocalize::FindSafe failed to localize: 'AIB[D] intent=state-desire-fight family=state base=78 hp_adv=8 dist=661 hp=79 ehp=66 reason=enemy_seen score=86'
08/30 16:38:59 [Localization System] CLocalize::FindSafe failed to localize: 'AIB[D] blocked=ability-pressure reason=nothing_castable'
08/30 16:39:00 [Localization System] CLocalize::FindSafe failed to localize: 'AIB[D] blocked=hero-contact reason=refractory since=0.17'
08/30 16:39:00 [Localization System] CLocalize::FindSafe failed to localize: 'AIB[D] intent=hero-pass family=fight dist=660 hp=79 reason=nearby_enemy'
08/30 16:39:00 [Localization System] CLocalize::FindSafe failed to localize: 'AIB[D] intent=tick-owner family=other stage=fight intent=hero-pass'
08/30 16:39:00 [Localization System] CLocalize::FindSafe failed to localize: 'AIB[D] t=297s hp=79% gold=296 loc=-677,-536 enemy-dist=660 lh=24 dn=9 dg=+120 dlh=+3 bottle=0 lvl=5 front=10484 ehp=66'
08/30 16:39:00 [Localization System] CLocalize::FindSafe failed to localize: 'AIB[D] blocked=top-arbiter reason=empty_action winner=fight score=104'
08/30 16:39:00 [Localization System] CLocalize::FindSafe failed to localize: 'AIB[D] blocked=bottle-rune reason=cooldown left=2'
08/30 16:39:00 [Localization System] CLocalize::FindSafe failed to localize: 'AIB[R] blocked=ability-harass reason=nothing_castable'
08/30 16:39:00 [Localization System] CLocalize::FindSafe failed to localize: 'AIB[R] blocked=uphill-repo reason=not_trading'
08/30 16:39:00 [Localization System] CLocalize::FindSafe failed to localize: 'AIB[R] blocked=hero-prio-chase reason=lane_work dist=966 cs=false creep=true hp_adv=false kill_pressure=false close=false low_farm=false lane_override=false'
08/30 16:39:00 [Localization System] CLocalize::FindSafe failed to localize: 'AIB[D] blocked=siege reason=desire_or_hp hp=80 adv=false'
08/30 16:39:00 [Localization System] CLocalize::FindSafe failed to localize: 'AIB[D] intent=tower-opportunity family=siege result=blocked_desire_or_hp wave=3 hp=80 adv=false'
08/30 16:39:01 [Localization System] CLocalize::FindSafe failed to localize: 'AIB[R] intent=state-desire-safety family=state base=108 creep_dmg=8 hp=66 creep=true hero=false hyst=18 reason=recent_damage score=134'
08/30 16:39:01 [Localization System] CLocalize::FindSafe failed to localize: 'AIB[R] intent=creep-hit-react family=safety dist=410 hp=66 hits=3 reason=edge_attack'
08/30 16:39:01 [Localization System] CLocalize::FindSafe failed to localize: 'AIB[D] intent=top-arbiter family=state winner=anti-idle:2 losers=hero-over-creep:52,idle-heal:46,emergency-retreat:45,fwd-pullback:44,emergency-kill:43.5'
08/30 16:39:01 [Localization System] CLocalize::FindSafe failed to localize: 'AIB[D] blocked=uphill-repo reason=no_reposition'
08/30 16:39:01 [Localization System] CLocalize::FindSafe failed to localize: 'AIB[R] intent=top-arbiter family=state winner=wave-watch:10 losers=hero-over-creep:52,idle-heal:46,emergency-retreat:45,fwd-pullback:44,emergency-kill:43.5'
08/30 16:39:01 [Localization System] CLocalize::FindSafe failed to localize: 'AIB[D] blocked=hero-over-creep reason=no_target'
08/30 16:39:01 [Localization System] CLocalize::FindSafe failed to localize: 'AIB[D] blocked=emergency-kill reason=no_target'
08/30 16:39:01 [Localization System] CLocalize::FindSafe failed to localize: 'AIB[D] blocked=harass reason=no_target'
08/30 16:39:01 [Localization System] CLocalize::FindSafe failed to localize: 'AIB[D] blocked=ability-harass reason=nothing_castable'
08/30 16:39:01 [Localization System] CLocalize::FindSafe failed to localize: 'AIB[R] intent=melee-pack-space family=safety count=3 dist=122'
08/30 16:39:01 [Localization System] CLocalize::FindSafe failed to localize: 'AIB[R] intent=tick-owner family=other stage=desire/ranged-spacing reason=ready score=41 band=lanework'
08/30 16:39:02 [Localization System] CLocalize::FindSafe failed to localize: 'AIB[D] blocked=recovery-rune-bottle reason=no_close_rune max=3600 waterMax=4700 nearest=inf water=inf mid=589 status=2-2-'
08/30 16:39:02 [Localization System] CLocalize::FindSafe failed to localize: 'AIB[R] t=299s hp=67% gold=453 loc=-1430,-1279 enemy-dist=1008 lh=10 dn=0 dg=+7 dlh=+0 bottle=-1 lvl=5 front=7078 ehp=80'
08/30 16:39:02 [Localization System] CLocalize::FindSafe failed to localize: 'AIB[D] intent=tick-owner family=other stage=laning-core'
08/30 16:39:02 [Localization System] CLocalize::FindSafe failed to localize: 'AIB[R] blocked=creep-hit-react reason=inside_melee_pack count=3 dist=253 hp=66'
08/30 16:39:02 [Localization System] CLocalize::FindSafe failed to localize: 'AIB[R] blocked=safety-candidate reason=no_action_capped hp=66 score=44'
08/30 16:39:02 [Localization System] CLocalize::FindSafe failed to localize: 'AIB[R] blocked=uphill-repo reason=no_reposition'
08/30 16:39:02 [Localization System] CLocalize::FindSafe failed to localize: 'AIB[D] blocked=siege-candidate reason=no_action_capped hp=80 score=42'
08/30 16:39:02 [Localization System] CLocalize::FindSafe failed to localize: 'AIB[D] blocked=recovery-buy reason=budget_cap hp=80 gold=299 count=4 allow=2'
08/30 16:39:02 [Localization System] CLocalize::FindSafe failed to localize: 'AIB[R] blocked=recovery-buy reason=budget_cap hp=66 gold=454 count=7 allow=3'
08/30 16:39:02 [Localization System] CLocalize::FindSafe failed to localize: 'AIB[D] intent=top-arbiter family=state winner=creep-work:38.8 losers=hero-over-creep:52,idle-heal:46,emergency-retreat:45,fwd-pullback:44,emergency-kill:43.5'
08/30 16:39:02 [Localization System] CLocalize::FindSafe failed to localize: 'AIB[R] blocked=uphill-repo reason=motor_busy'
08/30 16:39:02 [Localization System] CLocalize::FindSafe failed to localize: 'AIB[D] intent=state-desire-fight family=state base=78 hp_adv=8 dist=778 hp=81 ehp=66 reason=enemy_seen score=86'
08/30 16:39:02 [Localization System] CLocalize::FindSafe failed to localize: 'AIB[D] intent=hero-contact family=fight dist=778 hp=81 reason=close_enemy'
08/30 16:39:03 [Localization System] CLocalize::FindSafe failed to localize: 'AIB[R] intent=state-desire-last-hit family=farm dist=171 reason=killable_creep score=140'
08/30 16:39:03 [Localization System] CLocalize::FindSafe failed to localize: 'AIB[D] blocked=ability-pressure reason=nothing_castable'
08/30 16:39:03 [Localization System] CLocalize::FindSafe failed to localize: 'AIB[D] blocked=top-arbiter reason=empty_action winner=fight score=104'
08/30 16:39:03 [Localization System] CLocalize::FindSafe failed to localize: 'AIB[R] intent=top-arbiter family=state winner=last-hit:158 losers=safety:116,hero-over-creep:52,cs-inrange:50,idle-heal:46,emergency-retreat:45'
08/30 16:39:03 [Localization System] CLocalize::FindSafe failed to localize: 'AIB[D] blocked=hero-contact reason=refractory since=0.33'
08/30 16:39:03 [Localization System] CLocalize::FindSafe failed to localize: 'AIB[D] blocked=hero-pass reason=chase_into_tower hp=81'
08/30 16:39:03 [Localization System] CLocalize::FindSafe failed to localize: 'AIB[R] blocked=buy-tp reason=recent_tp since=41'
08/30 16:39:03 [Localization System] CLocalize::FindSafe failed to localize: 'AIB[R] intent=state-desire-safety family=state base=108 creep_dmg=8 hp=64 creep=true hero=false reason=recent_damage score=116'
08/30 16:39:03 [Localization System] CLocalize::FindSafe failed to localize: 'AIB[R] intent=creep-hit-react family=safety dist=152 hp=64 hits=5 reason=edge_attack'
08/30 16:39:03 [Localization System] CLocalize::FindSafe failed to localize: 'AIB[R] blocked=hero-over-creep reason=no_target'
08/30 16:39:03 [Localization System] CLocalize::FindSafe failed to localize: 'AIB[R] blocked=emergency-kill reason=no_target'
08/30 16:39:03 [Localization System] CLocalize::FindSafe failed to localize: 'AIB[R] intent=melee-pack-space family=safety count=2 dist=347'
08/30 16:39:03 [Localization System] CLocalize::FindSafe failed to localize: 'AIB[R] intent=tick-owner family=other stage=laning-core'
08/30 16:39:03 [Localization System] CLocalize::FindSafe failed to localize: 'AIB[D] blocked=bottle-rune reason=no_close_rune max=1900 waterMax=4700 nearest=inf water=inf mid=514 status=2-2-'
08/30 16:39:04 [Localization System] CLocalize::FindSafe failed to localize: 'AIB[R] intent=state-desire-fight family=state base=78 range=18 dist=604 hp=64 ehp=81 reason=enemy_seen score=96'
08/30 16:39:04 [Localization System] CLocalize::FindSafe failed to localize: 'AIB[R] blocked=ability-pressure reason=nothing_castable'
08/30 16:39:04 [Localization System] CLocalize::FindSafe failed to localize: 'AIB[R] intent=hero-contact family=fight dist=604 hp=64 reason=attackable_enemy'
08/30 16:39:04 [Localization System] CLocalize::FindSafe failed to localize: 'AIB[R] blocked=hero-contact reason=refractory since=0.20'
08/30 16:39:04 [Localization System] CLocalize::FindSafe failed to localize: 'AIB[R] intent=arbiter family=fight winner=creep-aggro:112 losers=hero-pass:105'
08/30 16:39:04 [Localization System] CLocalize::FindSafe failed to localize: 'AIB[R] intent=creep-aggro family=safety hp=64 reason=creep_hitting'
08/30 16:39:04 [Localization System] CLocalize::FindSafe failed to localize: 'AIB[D] intent=top-arbiter family=state winner=fight:104 losers=hero-over-creep:52,idle-heal:46,emergency-retreat:45,fwd-pullback:44,emergency-kill:43.5'
08/30 16:39:04 [Localization System] CLocalize::FindSafe failed to localize: 'AIB[D] intent=tick-owner family=other stage=laning-core'
08/30 16:39:04 [Localization System] CLocalize::FindSafe failed to localize: 'AIB[D] blocked=buy-loop reason=saving target=item_power_treads head=item_boots cost=500 gold=302 left=3'
08/30 16:39:04 [Localization System] CLocalize::FindSafe failed to localize: 'AIB[R] blocked=buy-loop reason=saving target=item_bottle head=item_bottle cost=675 gold=495 left=1'
08/30 16:39:04 [Localization System] CLocalize::FindSafe failed to localize: 'AIB[D] intent=state-desire-fight family=state base=78 range=18 hp_adv=8 dist=547 hp=81 ehp=63 hyst=18 reason=enemy_seen score=122'
08/30 16:39:04 [Localization System] CLocalize::FindSafe failed to localize: 'AIB[D] blocked=top-arbiter reason=empty_action winner=fight score=122'
08/30 16:39:04 [Localization System] CLocalize::FindSafe failed to localize: 'AIB[D] blocked=hero-over-creep reason=no_target'
08/30 16:39:04 [Localization System] CLocalize::FindSafe failed to localize: 'AIB[D] blocked=emergency-kill reason=no_target'
08/30 16:39:04 [Localization System] CLocalize::FindSafe failed to localize: 'AIB[D] blocked=uphill-repo reason=no_reposition'
08/30 16:39:04 [Localization System] CLocalize::FindSafe failed to localize: 'AIB[D] blocked=harass reason=no_target'
08/30 16:39:04 [Localization System] CLocalize::FindSafe failed to localize: 'AIB[R] intent=top-arbiter family=state winner=fight:114 losers=hero-over-creep:52,idle-heal:46,emergency-retreat:45,fwd-pullback:44,emergency-kill:43.5'
08/30 16:39:05 [Localization System] CLocalize::FindSafe failed to localize: 'AIB[R] intent=state-desire-safety family=state base=108 creep_dmg=8 hp=62 creep=true hero=false reason=recent_damage score=116'
08/30 16:39:05 [Localization System] CLocalize::FindSafe failed to localize: 'AIB[R] intent=creep-hit-react family=safety dist=74 hp=62 hits=7 reason=edge_attack'
08/30 16:39:05 [Localization System] CLocalize::FindSafe failed to localize: 'AIB[D] intent=damage-by-source family=other creep=494 tower=0 hero=1926 mixed=222 death=0 other=39 stale=146 gaps=5'
08/30 16:39:05 [Localization System] CLocalize::FindSafe failed to localize: 'AIB[D] blocked=ability-harass reason=nothing_castable'
08/30 16:39:05 [Localization System] CLocalize::FindSafe failed to localize: 'AIB[R] blocked=recover-candidate reason=no_action_capped hp=52 score=44'
08/30 16:39:05 [Localization System] CLocalize::FindSafe failed to localize: 'AIB[R] blocked=creep-aggro reason=hero_trading hp=52 hits=2'
08/30 16:39:05 [Localization System] CLocalize::FindSafe failed to localize: 'AIB[R] intent=hero-pass family=fight dist=568 hp=52 reason=nearby_enemy'
08/30 16:39:05 [Localization System] CLocalize::FindSafe failed to localize: 'AIB[D] t=302s hp=60% gold=303 loc=-1028,-812 enemy-dist=568 lh=24 dn=9 dg=+7 dlh=+0 bottle=0 lvl=5 front=11205 ehp=51'
08/30 16:39:05 [Localization System] CLocalize::FindSafe failed to localize: 'AIB[R] blocked=safety-candidate reason=no_action_capped hp=51 score=44'
08/30 16:39:05 [Localization System] CLocalize::FindSafe failed to localize: 'AIB[D] blocked=siege-candidate reason=no_action_capped hp=60 score=42'
08/30 16:39:05 [Localization System] CLocalize::FindSafe failed to localize: 'AIB[R] intent=state-desire-fight family=state base=78 range=18 dist=568 hp=49 ehp=60 hyst=18 reason=enemy_seen score=114'
08/30 16:39:05 [Localization System] CLocalize::FindSafe failed to localize: 'AIB[D] intent=kill-lock family=fight dist=557 ehp=25 hp=60 exec=false atk=true mutual=false reason=killable_enemy'
08/30 16:39:05 [Localization System] CLocalize::FindSafe failed to localize: 'AIB[R] intent=recovery-policy family=recover action=recover hp=25 gate=35 source=early-low'
08/30 16:39:05 [Localization System] CLocalize::FindSafe failed to localize: 'AIB[R] intent=state-recover-safe family=state ttl=2 reason=regen_lane hp=25 dist=760'
08/30 16:39:06 [Localization System] CLocalize::FindSafe failed to localize: 'AIB[R] intent=tick-owner family=other stage=laning-core'
08/30 16:39:06 [Localization System] CLocalize::FindSafe failed to localize: 'AIB[D] blocked=kill-lock reason=tower dist=605 hp=60'
08/30 16:39:06 [Localization System] CLocalize::FindSafe failed to localize: 'AIB[D] intent=state-desire-fight family=state base=78 range=18 hp_adv=8 execute=20 dist=605 hp=60 ehp=25 reason=enemy_seen score=124'
08/30 16:39:06 [Localization System] CLocalize::FindSafe failed to localize: 'AIB[D] blocked=ability-pressure reason=nothing_castable'
08/30 16:39:06 [Localization System] CLocalize::FindSafe failed to localize: 'AIB[D] intent=top-arbiter family=state winner=fight:124 losers=siege:78,hero-over-creep:52,idle-heal:46,emergency-retreat:45,fwd-pullback:44'
08/30 16:39:06 [Localization System] CLocalize::FindSafe failed to localize: 'AIB[D] blocked=hero-contact reason=refractory since=0.20'
08/30 16:39:06 [Localization System] CLocalize::FindSafe failed to localize: 'AIB[D] blocked=top-arbiter reason=empty_action winner=fight score=124'
08/30 16:39:06 [Localization System] CLocalize::FindSafe failed to localize: 'AIB[D] intent=state-desire-siege family=siege base=66 push=12 hp=60 reason=tower_window score=78'
08/30 16:39:06 [Localization System] CLocalize::FindSafe failed to localize: 'AIB[D] intent=state-siege-window family=siege ttl=2 wave=2 tower=748 hp=60 adv=true'
08/30 16:39:06 [Localization System] CLocalize::FindSafe failed to localize: 'AIB[D] intent=tower-opportunity family=siege result=step phase=default wave=2 tower=748'
08/30 16:39:06 [Localization System] CLocalize::FindSafe failed to localize: 'AIB[D] intent=tick-owner family=other stage=desire/siege base=66 push=12 hp=60 reason=tower_window score=78'
08/30 16:39:06 [Server] Client (account 0) tried to execute invalid order (20). Unit is dead.
08/30 16:39:06 Sending CMsgConnectedPlayers for reason FIRST_BLOOD.  Last send was 303.4s ago, urgency is 0.0s
08/30 16:39:06 game_state: DOTA_GAMERULES_STATE_GAME_IN_PROGRESS
first_blood_happened: true
send_reason: FIRST_BLOOD
radiant_kills: 0
dire_kills: 1
radiant_lead: -1185
building_state: 4784201

08/30 16:39:06 [Localization System] CLocalize::FindSafe failed to localize: 'invalid index'
08/30 16:39:06 [GCClient] Send msg 7034 (k_EMsgGCConnectedPlayers), 34 bytes
08/30 16:39:06 [Localization System] CLocalize::FindSafe failed to localize: 'invalid index'
08/30 16:39:07 [Localization System] CLocalize::FindSafe failed to localize: 'AIB[R] t=304s hp=0% gold=483 loc=-1686,-1306 enemy-dist=683 lh=11 dn=0 dg=+30 dlh=+1 bottle=-1 lvl=5 front=7078 ehp=61'
08/30 16:39:07 [GCClient] Recv msg 26 (k_ESOMsg_UpdateMultiple), 336 bytes
08/30 16:39:07 --- CSODOTALobby.first_blood_happened: false
08/30 16:39:07 +++ CSODOTALobby.first_blood_happened: true
08/30 16:39:08 Script function 'Think' on bot npc_dota_hero_nevermore took 2.042ms
08/30 16:39:08 [Localization System] CLocalize::FindSafe failed to localize: 'AIB[R] intent=tick-owner family=other stage=laning-core'
08/30 16:39:08 [Localization System] CLocalize::FindSafe failed to localize: 'AIB[R] intent=damage-by-source family=other creep=422 tower=0 hero=2142 mixed=272 death=177 other=298 stale=132 gaps=3'
08/30 16:39:08 [Localization System] CLocalize::FindSafe failed to localize: 'AIB[R] intent=state-recover-safe family=state ttl=2 reason=regen_lane hp=0 dist=518'
08/30 16:39:08 [Localization System] CLocalize::FindSafe failed to localize: 'AIB[D] intent=tick-owner family=other stage=death-window'
08/30 16:39:10 [Localization System] CLocalize::FindSafe failed to localize: 'AIB[R] intent=tick-owner family=other stage=laning-core'
08/30 16:39:10 [Localization System] CLocalize::FindSafe failed to localize: 'AIB[D] t=307s hp=62% gold=83 loc=-1207,-976 lh=24 dn=9 dg=-220 dlh=+0 bottle=0 lvl=6 front=11274 ehp=-1'
08/30 16:39:10 [Localization System] CLocalize::FindSafe failed to localize: 'AIB[D] intent=tick-owner family=other stage=death-window'
08/30 16:39:11 [Localization System] CLocalize::FindSafe failed to localize: 'AIB[R] intent=state-recover-safe family=state ttl=2 reason=regen_lane hp=0 dist=518'
08/30 16:39:12 [Localization System] CLocalize::FindSafe failed to localize: 'AIB[R] intent=tick-owner family=other stage=laning-core'
08/30 16:39:12 [Localization System] CLocalize::FindSafe failed to localize: 'AIB[R] t=309s hp=0% gold=491 loc=-1686,-1306 enemy-dist=581 lh=11 dn=0 dg=+8 dlh=+0 bottle=-1 lvl=5 front=7078 ehp=63'
08/30 16:39:12 [Localization System] CLocalize::FindSafe failed to localize: 'AIB[D] blocked=buy-loop reason=saving target=item_power_treads head=item_belt_of_strength cost=450 gold=86 left=2'
08/30 16:39:12 [Localization System] CLocalize::FindSafe failed to localize: 'AIB[R] blocked=buy-loop reason=saving target=item_bottle head=item_bottle cost=675 gold=491 left=1'
08/30 16:39:13 [Localization System] CLocalize::FindSafe failed to localize: 'AIB[R] intent=recovery-policy family=recover action=recover hp=0 gate=22 source=emergency-low'
08/30 16:39:13 [Localization System] CLocalize::FindSafe failed to localize: 'AIB[R] intent=recovery-owner family=recover band=critical threat=false mode=back hp=0'
08/30 16:39:14 [Localization System] CLocalize::FindSafe failed to localize: 'AIB[R] intent=tick-owner family=other stage=laning-core'
08/30 16:39:14 [Localization System] CLocalize::FindSafe failed to localize: 'AIB[D] intent=tick-owner family=other stage=death-window'
08/30 16:39:15 [Localization System] CLocalize::FindSafe failed to localize: 'AIB[D] t=312s hp=57% gold=91 loc=-541,-367 lh=24 dn=9 dg=+8 dlh=+0 bottle=0 lvl=6 front=8620 ehp=-1'
08/30 16:39:15 [Localization System] CLocalize::FindSafe failed to localize: 'AIB[R] intent=recovery-policy family=recover action=recover hp=0 gate=22 source=emergency-low'
08/30 16:39:16 [Localization System] CLocalize::FindSafe failed to localize: 'AIB[R] intent=tick-owner family=other stage=laning-core'
08/30 16:39:16 [Localization System] CLocalize::FindSafe failed to localize: 'AIB[D] intent=tick-owner family=other stage=death-window'
08/30 16:39:17 [Localization System] CLocalize::FindSafe failed to localize: 'AIB[R] t=314s hp=0% gold=499 loc=-1686,-1306 lh=11 dn=0 dg=+8 dlh=+0 bottle=-1 lvl=5 front=7078 ehp=-1'
08/30 16:39:17 [Localization System] CLocalize::FindSafe failed to localize: 'AIB[R] intent=recovery-policy family=recover action=recover hp=0 gate=22 source=emergency-low'
08/30 16:39:18 [Localization System] CLocalize::FindSafe failed to localize: 'AIB[R] intent=tick-owner family=other stage=laning-core'
08/30 16:39:18 [Localization System] CLocalize::FindSafe failed to localize: 'AIB[D] intent=tick-owner family=other stage=death-window'
08/30 16:39:19 [Localization System] CLocalize::FindSafe failed to localize: 'AIB[D] blocked=hero-over-creep reason=no_target'
08/30 16:39:19 [Localization System] CLocalize::FindSafe failed to localize: 'AIB[D] blocked=bottle-rune reason=no_close_rune max=1900 waterMax=4700 nearest=inf water=inf mid=13 status=2-2-'
08/30 16:39:19 [Localization System] CLocalize::FindSafe failed to localize: 'AIB[D] blocked=recovery-rune-bottle reason=no_close_rune max=3600 waterMax=4700 nearest=inf water=inf mid=13 status=2-2-'
08/30 16:39:19 [Localization System] CLocalize::FindSafe failed to localize: 'AIB[D] intent=recovery-plan family=recover action=lane reason=empty_bottle_no_rune hp=52 mana=34'
08/30 16:39:19 [Localization System] CLocalize::FindSafe failed to localize: 'AIB[D] blocked=emergency-kill reason=no_target'
08/30 16:39:19 [Localization System] CLocalize::FindSafe failed to localize: 'AIB[D] blocked=uphill-repo reason=no_reposition'
08/30 16:39:19 [Localization System] CLocalize::FindSafe failed to localize: 'AIB[D] blocked=harass reason=no_target'
08/30 16:39:19 [Localization System] CLocalize::FindSafe failed to localize: 'AIB[D] blocked=cs-watchdog reason=no_creep lh=24 idle=21'
08/30 16:39:19 [Localization System] CLocalize::FindSafe failed to localize: 'AIB[D] blocked=ability-harass reason=nothing_castable'
08/30 16:39:19 [Localization System] CLocalize::FindSafe failed to localize: 'AIB[D] intent=top-arbiter family=state winner=anti-idle:2 losers=safe-cs:56,hero-over-creep:52,idle-heal:46,emergency-retreat:45,fwd-pullback:44'
08/30 16:39:19 [Localization System] CLocalize::FindSafe failed to localize: 'AIB[R] intent=recovery-policy family=recover action=recover hp=0 gate=22 source=emergency-low'
08/30 16:39:20 [Localization System] CLocalize::FindSafe failed to localize: 'AIB[D] intent=damage-by-source family=other creep=494 tower=62 hero=1926 mixed=222 death=0 other=39 stale=201 gaps=6'
08/30 16:39:20 [Localization System] CLocalize::FindSafe failed to localize: 'AIB[D] blocked=buy-loop reason=saving target=item_power_treads head=item_belt_of_strength cost=450 gold=98 left=2'
08/30 16:39:20 [Localization System] CLocalize::FindSafe failed to localize: 'AIB[R] blocked=buy-loop reason=saving target=item_bottle head=item_bottle cost=675 gold=503 left=1'
08/30 16:39:20 [Localization System] CLocalize::FindSafe failed to localize: 'AIB[R] intent=tick-owner family=other stage=laning-core'
08/30 16:39:20 [Localization System] CLocalize::FindSafe failed to localize: 'AIB[D] t=317s hp=53% gold=98 loc=292,210 lh=24 dn=9 dg=+7 dlh=+0 bottle=0 lvl=6 front=9270 ehp=-1'
08/30 16:39:20 [Localization System] CLocalize::FindSafe failed to localize: 'AIB[D] intent=tick-owner family=other stage=death-window'
08/30 16:39:21 [Localization System] CLocalize::FindSafe failed to localize: 'AIB[R] intent=recovery-policy family=recover action=recover hp=0 gate=22 source=emergency-low'
08/30 16:39:22 [Localization System] CLocalize::FindSafe failed to localize: 'AIB[R] t=319s hp=0% gold=506 loc=-1686,-1306 lh=11 dn=0 dg=+7 dlh=+0 bottle=-1 lvl=5 front=8461 ehp=-1'
08/30 16:39:22 [Localization System] CLocalize::FindSafe failed to localize: 'AIB[R] intent=tick-owner family=other stage=laning-core'
08/30 16:39:23 [Localization System] CLocalize::FindSafe failed to localize: 'AIB[D] intent=tick-owner family=other stage=death-window'
08/30 16:39:23 [Localization System] CLocalize::FindSafe failed to localize: 'AIB[R] intent=recovery-policy family=recover action=recover hp=0 gate=22 source=emergency-low'
08/30 16:39:24 [Localization System] CLocalize::FindSafe failed to localize: 'AIB[R] intent=damage-by-source family=other creep=422 tower=0 hero=2142 mixed=272 death=177 other=298 stale=132 gaps=3'
08/30 16:39:24 [Localization System] CLocalize::FindSafe failed to localize: 'AIB[R] intent=tick-owner family=other stage=laning-core'
08/30 16:39:25 [Localization System] CLocalize::FindSafe failed to localize: 'AIB[D] intent=tick-owner family=other stage=death-window'
08/30 16:39:25 [Localization System] CLocalize::FindSafe failed to localize: 'AIB[D] t=322s hp=55% gold=106 loc=-171,-28 lh=24 dn=9 dg=+8 dlh=+0 bottle=0 lvl=6 front=9985 ehp=-1'
08/30 16:39:25 [Localization System] CLocalize::FindSafe failed to localize: 'AIB[R] intent=recovery-policy family=recover action=recover hp=0 gate=22 source=emergency-low'
08/30 16:39:26 [Localization System] CLocalize::FindSafe failed to localize: 'AIB[R] intent=tick-owner family=other stage=laning-core'
08/30 16:39:27 [Localization System] CLocalize::FindSafe failed to localize: 'AIB[D] intent=tick-owner family=other stage=death-window'
08/30 16:39:27 [Server] Game code (account 0) tried to execute invalid order (19). Target NPC is dead.
08/30 16:39:27 [Localization System] CLocalize::FindSafe failed to localize: 'AIB[R] t=324s hp=0% gold=514 loc=-1686,-1306 lh=11 dn=0 dg=+8 dlh=+0 bottle=-1 lvl=5 front=8503 ehp=-1'
08/30 16:39:27 [Localization System] CLocalize::FindSafe failed to localize: 'AIB[R] intent=recovery-policy family=recover action=recover hp=0 gate=22 source=emergency-low'
08/30 16:39:28 [Localization System] CLocalize::FindSafe failed to localize: 'AIB[D] blocked=buy-loop reason=saving target=item_power_treads head=item_belt_of_strength cost=450 gold=266 left=2'
08/30 16:39:28 [Localization System] CLocalize::FindSafe failed to localize: 'AIB[R] blocked=buy-loop reason=saving target=item_bottle head=item_bottle cost=675 gold=515 left=1'
08/30 16:39:28 [Localization System] CLocalize::FindSafe failed to localize: 'AIB[R] intent=tick-owner family=other stage=laning-core'
08/30 16:39:29 [Localization System] CLocalize::FindSafe failed to localize: 'AIB[D] intent=tick-owner family=other stage=death-window'
08/30 16:39:29 [Localization System] CLocalize::FindSafe failed to localize: 'AIB[R] intent=recovery-policy family=recover action=recover hp=0 gate=22 source=emergency-low'
08/30 16:39:30 [Localization System] CLocalize::FindSafe failed to localize: 'AIB[D] t=327s hp=57% gold=269 loc=-537,-339 lh=27 dn=9 dg=+163 dlh=+3 bottle=0 lvl=6 front=10362 ehp=-1'
08/30 16:39:31 CGameParticleManager::SetParticleControlEnt: Unable to lookup attachment "attach_fx" on model "models/heroes/shadow_fiend/shadow_fiend.vmdl" for entity "npc_dota_hero_nevermore"
08/30 16:39:31 [Server] PR:IncrementIdleTime 1:[I:0:0] 24.37
08/30 16:39:31 [Localization System] CLocalize::FindSafe failed to localize: 'AIB[D] intent=tick-owner family=other stage=death-window'
08/30 16:39:33 [Localization System] CLocalize::FindSafe failed to localize: 'AIB[D] intent=tick-owner family=other stage=death-window'
08/30 16:39:34 [Localization System] CLocalize::FindSafe failed to localize: 'AIB[R] t=331s hp=100% gold=524 loc=-1696,-1558 lh=11 dn=0 dg=+10 dlh=+0 bottle=-1 lvl=5 front=8044 ehp=-1'
08/30 16:39:34 [Localization System] CLocalize::FindSafe failed to localize: 'AIB[R] blocked=hero-over-creep reason=no_target'
08/30 16:39:34 [Localization System] CLocalize::FindSafe failed to localize: 'AIB[R] blocked=emergency-kill reason=no_target'
08/30 16:39:34 [Localization System] CLocalize::FindSafe failed to localize: 'AIB[R] blocked=uphill-repo reason=no_reposition'
08/30 16:39:34 [Localization System] CLocalize::FindSafe failed to localize: 'AIB[R] blocked=harass reason=no_target'
08/30 16:39:34 [Localization System] CLocalize::FindSafe failed to localize: 'AIB[R] blocked=ability-harass reason=nothing_castable'
08/30 16:39:34 [Localization System] CLocalize::FindSafe failed to localize: 'AIB[R] intent=top-arbiter family=state winner=fwd-position:22 losers=hero-over-creep:52,idle-heal:46,emergency-retreat:45,fwd-pullback:44,emergency-kill:43.5'
08/30 16:39:34 [Localization System] CLocalize::FindSafe failed to localize: 'AIB[R] intent=tick-owner family=other stage=desire/fwd-position reason=ready score=22 band=position'
08/30 16:39:34 [Localization System] CLocalize::FindSafe failed to localize: 'AIB[R] blocked=uphill-repo reason=motor_busy'
08/30 16:39:34 [Localization System] CLocalize::FindSafe failed to localize: 'AIB[R] blocked=buy-tp reason=recent_tp since=3'
08/30 16:39:35 [Localization System] CLocalize::FindSafe failed to localize: 'AIB[D] blocked=hero-over-creep reason=no_target'
08/30 16:39:35 [Localization System] CLocalize::FindSafe failed to localize: 'AIB[D] blocked=bottle-rune reason=no_close_rune max=1900 waterMax=4700 nearest=inf water=inf mid=438 status=2-2-'
08/30 16:39:35 [Localization System] CLocalize::FindSafe failed to localize: 'AIB[D] blocked=recovery-rune-bottle reason=no_close_rune max=3600 waterMax=4700 nearest=inf water=inf mid=438 status=2-2-'
08/30 16:39:35 [Localization System] CLocalize::FindSafe failed to localize: 'AIB[D] intent=recovery-plan family=recover action=lane reason=empty_bottle_no_rune hp=59 mana=24'
08/30 16:39:35 [Localization System] CLocalize::FindSafe failed to localize: 'AIB[D] blocked=emergency-kill reason=no_target'
08/30 16:39:35 [Localization System] CLocalize::FindSafe failed to localize: 'AIB[D] blocked=uphill-repo reason=no_reposition'
08/30 16:39:35 [Localization System] CLocalize::FindSafe failed to localize: 'AIB[D] blocked=harass reason=no_target'
08/30 16:39:35 [Localization System] CLocalize::FindSafe failed to localize: 'AIB[D] intent=top-arbiter family=state winner=creep-work:38.8 losers=hero-over-creep:52,idle-heal:46,emergency-retreat:45,fwd-pullback:44,emergency-kill:43.5'
08/30 16:39:35 [Localization System] CLocalize::FindSafe failed to localize: 'AIB[R] blocked=hero-prio-chase reason=lane_work dist=1408 cs=false creep=false hp_adv=false kill_pressure=false close=false low_farm=false lane_override=false'
08/30 16:39:35 [Localization System] CLocalize::FindSafe failed to localize: 'AIB[D] intent=damage-by-source family=other creep=494 tower=62 hero=1926 mixed=222 death=0 other=39 stale=201 gaps=6'
08/30 16:39:35 [Localization System] CLocalize::FindSafe failed to localize: 'AIB[D] blocked=ability-harass reason=nothing_castable'
08/30 16:39:35 [Localization System] CLocalize::FindSafe failed to localize: 'AIB[D] anti-afk-lane=2 anti-afk-no-chase=1 anti-idle-combat=2 anti-idle-enter=28 anti-idle-lane=19 anti-idle-lowhp-back=3 bottle-heal=1 bottle-rune=2 channel-interrupt-atk=26 channel-interrupt-chase=25 creep-aggro-back=9 creep-aggro-hero-yield=13 creep-aggro-hit=6 creep-dmg=7 creep-hit-react-aggro-step=4 creep-hit-react-atk=14 creep-hit-react-step=16 cs-wait-release=54 cs-wait=27 cs-walk-gap-large=23 cs-walk-gap-small=12 cs-walk-inrange=3 cs-walk-into-pack=19 cs-walk=38 cs-watchdog-atk=7 cs-watchdog-step=13 deny-act-atk=57 deny-act-walk=12 deny-act=69 deny-cand-doomed=40 deny-cand-tanky=187 dw-active=9 dw-farm=65 dw-fwd=3 dw-tower-step=4 dw-tower=27 empty-bottle-ok=1 fight-hp-behind=14 fwd-at-position=9 fwd-hold=2 fwd-position=2 fwd-suppressed-creep=25 fwd-suppressed-empty=4 fwd-suppressed-hero=11 fwd-suppressed-lowhp=3 fwd-suppressed-motor=18 fwd-suppressed-recovery=2 fwd-suppressed-rune=3 fwd-suppressed-tower=4 fwd-suppressed-visual=1 fwd-suppressed-watchdog=2 harass-seek=3 heal-item=2 heal-want=1 hero-contact-atk=27 hero-contact-chase=10 hero-over-creep=3 hero-pass-atk=11 hero-pass-chase=3 idle=11 kill-lock-atk=2 kill-lock-chase=37 kill-priority=12 killwin-atk=55 killwin-scan=1108 lane-line-fallback=144 lane-line-suppressed-creep-dmg=3 lane-line-suppressed-creep=14 lane-line-suppressed-damage=2 lane-line-suppressed-empty=7 lane-line-suppressed-heal=13 lane-line-suppressed-lowhp=9 lane-line-suppressed-motor=3 lane-line-suppressed-recovery=2 last-hit-urgent=76 low-hp-limit=4 melee-pack-release=19 melee-pack-space=29 no-dive=2 own-ranged-stepback=2 pre-aig=28 precreep-anchor=25 precreep-hold=2 precreep-park-hold=12 precreep-park=189 precreep-space=4 prewave-defend=2 prewave-free-hit=96 recover-xp=7 recovery-bottle-active=4 recovery-bottle=2 recovery-buy-critical=1 recovery-buy-under-fire=1 recovery-buy=3 recovery-enemy-near=339 recovery-flask=3 recovery-regen=4 recovery-tango=1 regen-walk=3 siege-commit-tower=1 siege-step=1 tango-heal=3 tower-aggro-drop=4 uphill-reposition=1 uphill-void-under-fire=6 visual-hold-creep=36 visual-hold-lane=3 wave-watch-atk=10 wave-watch-no-wave=22 wave-watch-step=2 wave-watch=31'
08/30 16:39:35 [Localization System] CLocalize::FindSafe failed to localize: 'AIB[D] intent=tick-owner family=other stage=desire/wave-watch reason=ready score=10 band=idle'
08/30 16:39:35 [Localization System] CLocalize::FindSafe failed to localize: 'AIB[R] anti-afk-no-chase=2 anti-idle-combat=4 anti-idle-enter=31 anti-idle-lane=18 anti-idle-lowhp-back=8 buy-skip-fountain-floor=1 channel-interrupt-atk=8 channel-interrupt-chase=12 creep-aggro-back=3 creep-aggro-hero-yield=5 creep-aggro-hit=13 creep-dmg=4 creep-hit-react-aggro-step=1 creep-hit-react-atk=3 creep-hit-react-step=21 critical-recover-hold=2 cs-wait-release=8 cs-wait=11 cs-walk-gap-large=14 cs-walk-gap-small=32 cs-walk-inrange=24 cs-walk-into-pack=28 cs-walk=70 cs-watchdog-atk=2 cs-watchdog-step=8 cw-push=175 deny-act-walk=10 deny-act=10 deny-cand-doomed=17 deny-cand-tanky=99 fight-hp-behind=13 fountain-tp-hold=1 fountain-trip-release=4 fountain-wait=2 fwd-at-position=6 fwd-hold=2 fwd-position=2 fwd-suppressed-creep=9 fwd-suppressed-cs=3 fwd-suppressed-empty=5 fwd-suppressed-hero=5 fwd-suppressed-lowhp=8 fwd-suppressed-motor=20 fwd-suppressed-tower=12 fwd-suppressed-visual=3 fwd-suppressed-watchdog=1 heal-blocked-damage=1 heal-inflight-back=1 heal-inflight-hold=2 heal-item=5 heal-want=7 hero-contact-atk=31 hero-contact-chase=16 hero-over-creep=21 hero-pass-atk=20 hero-pass-chase=11 hero-prio-always=7 hero-prio-chase-hold=13 hero-prio-chase=56 idle=15 killwin-scan=1304 lane-line-fallback=45 lane-line-suppressed-creep-dmg=2 lane-line-suppressed-creep=4 lane-line-suppressed-empty=3 lane-line-suppressed-heal=11 lane-line-suppressed-lowhp=13 lane-line-suppressed-motor=6 last-hit-urgent=47 low-hp-behind-safe=1 low-hp-creep=13 low-hp-limit=15 melee-pack-release=15 melee-pack-space=22 own-ranged-stepback=1 pre-aig=31 precreep-anchor=34 precreep-hold=2 precreep-park-hold=13 precreep-park=155 precreep-space=1 prewave-duel-trade=84 prewave-duel-uphill-back=15 recover-safe=15 recover-xp=11 recovery-buy-critical=4 recovery-buy-under-fire=1 recovery-buy=3 recovery-enemy-near=374 recovery-flask=2 recovery-regen=9 recovery-rune=2 recovery-tp=1 recovery-wait=1 recovery-yield=3 regen-walk=16 siege-commit-tower=4 siege-step=2 tango-heal=2 uphill-reposition=1 uphill-void-under-fire=10 visual-hold-creep=3 visual-hold-lane=3 wave-watch-atk=7 wave-watch-no-wave=24 wave-watch-step=1 wave-watch=17'
08/30 16:39:35 [Localization System] CLocalize::FindSafe failed to localize: 'AIB[R] intent=lane-line-episode family=other dist=1112 fwd=0.45'
08/30 16:39:35 [Localization System] CLocalize::FindSafe failed to localize: 'AIB[R] intent=top-arbiter family=state winner=lane-line:18 losers=hero-over-creep:52,idle-heal:46,emergency-retreat:45,fwd-pullback:44,emergency-kill:43.5'
08/30 16:39:35 [Localization System] CLocalize::FindSafe failed to localize: 'AIB[D] t=332s hp=59% gold=277 loc=-578,-449 lh=27 dn=9 dg=+8 dlh=+0 bottle=0 lvl=6 front=10476 ehp=-1'
08/30 16:39:36 [Localization System] CLocalize::FindSafe failed to localize: 'AIB[R] blocked=fight reason=concede_post_death hp=100'
08/30 16:39:36 [Localization System] CLocalize::FindSafe failed to localize: 'AIB[R] intent=tick-owner family=other stage=laning-core'
08/30 16:39:36 [Localization System] CLocalize::FindSafe failed to localize: 'AIB[D] blocked=buy-loop reason=saving target=item_power_treads head=item_belt_of_strength cost=450 gold=278 left=2'
08/30 16:39:36 [Localization System] CLocalize::FindSafe failed to localize: 'AIB[R] blocked=buy-loop reason=saving target=item_bottle head=item_bottle cost=675 gold=527 left=1'
08/30 16:39:36 [Localization System] CLocalize::FindSafe failed to localize: 'AIB[D] intent=top-arbiter family=state winner=wave-watch:10 losers=hero-over-creep:52,idle-heal:46,emergency-retreat:45,fwd-pullback:44,emergency-kill:43.5'
08/30 16:39:36 [Localization System] CLocalize::FindSafe failed to localize: 'AIB[R] blocked=recovery-buy reason=item_checkpoint item=item_bottle hp=100 gold=528 cost=675 spend=100'
08/30 16:39:36 [Localization System] CLocalize::FindSafe failed to localize: 'AIB[R] intent=recovery-plan family=recover action=buy_item_flask reason=checkpoint_block item=item_bottle hp=100 gold=528'
08/30 16:39:37 [Localization System] CLocalize::FindSafe failed to localize: 'AIB[R] blocked=hero-over-creep reason=no_target'
08/30 16:39:37 [Localization System] CLocalize::FindSafe failed to localize: 'AIB[R] blocked=emergency-kill reason=no_target'
08/30 16:39:37 [Localization System] CLocalize::FindSafe failed to localize: 'AIB[R] blocked=harass reason=no_target'
08/30 16:39:37 [Localization System] CLocalize::FindSafe failed to localize: 'AIB[R] blocked=ability-harass reason=nothing_castable'
08/30 16:39:37 [Localization System] CLocalize::FindSafe failed to localize: 'AIB[R] blocked=uphill-repo reason=motor_busy'
08/30 16:39:37 [Localization System] CLocalize::FindSafe failed to localize: 'AIB[R] intent=top-arbiter family=state winner=creep-work:38.6 losers=hero-over-creep:52,idle-heal:46,emergency-retreat:45,fwd-pullback:44,emergency-kill:43.5'
08/30 16:39:37 [Localization System] CLocalize::FindSafe failed to localize: 'AIB[D] blocked=safety-candidate reason=no_action_capped hp=42 score=44'
08/30 16:39:37 [Localization System] CLocalize::FindSafe failed to localize: 'AIB[D] intent=state-desire-recover family=state base=74 enemy_dead=-20 hp=42 reason=hp_gate score=54'
08/30 16:39:37 [Localization System] CLocalize::FindSafe failed to localize: 'AIB[D] intent=recovery-policy family=recover action=recover hp=42 gate=55 source=lane-low'
08/30 16:39:37 [Localization System] CLocalize::FindSafe failed to localize: 'AIB[D] intent=state-recover-xp family=state ttl=2 reason=regen_lane hp=42 dist=445'
08/30 16:39:37 [Server] PR:IncrementIdleTime 6:[I:0:0] 2.13
08/30 16:39:37 [Localization System] CLocalize::FindSafe failed to localize: 'AIB[D] intent=recovery-plan family=recover action=back reason=post_fight_regen hp=42'
08/30 16:39:37 [Localization System] CLocalize::FindSafe failed to localize: 'AIB[D] intent=recovery-owner family=recover band=soft threat=true mode=safe-step hp=42'
08/30 16:39:38 [Localization System] CLocalize::FindSafe failed to localize: 'AIB[D] intent=top-arbiter family=state winner=recover:72 losers=safe-cs:56,hero-over-creep:52,idle-heal:46,emergency-retreat:45,fwd-pullback:44'
08/30 16:39:38 [Localization System] CLocalize::FindSafe failed to localize: 'AIB[R] blocked=hero-prio-chase reason=lane_work dist=996 cs=false creep=false hp_adv=false kill_pressure=false close=false low_farm=false lane_override=false'
08/30 16:39:38 [Localization System] CLocalize::FindSafe failed to localize: 'AIB[R] intent=tick-owner family=other stage=laning-core'
08/30 16:39:38 [Localization System] CLocalize::FindSafe failed to localize: 'AIB[R] intent=top-arbiter family=state winner=creep-work:38.6 losers=hero-over-creep:52,idle-heal:46,emergency-retreat:45,fwd-pullback:44,emergency-kill:43.5'
08/30 16:39:38 [Localization System] CLocalize::FindSafe failed to localize: 'AIB[D] intent=state-desire-recover family=state base=74 enemy_dead=-20 hp=43 hyst=18 reason=hp_gate score=72'
08/30 16:39:39 [Localization System] CLocalize::FindSafe failed to localize: 'AIB[R] intent=damage-by-source family=other creep=422 tower=0 hero=2142 mixed=272 death=177 other=298 stale=132 gaps=3'
08/30 16:39:39 [Localization System] CLocalize::FindSafe failed to localize: 'AIB[D] intent=tick-owner family=other stage=laning-core'
08/30 16:39:39 [Localization System] CLocalize::FindSafe failed to localize: 'AIB[R] t=336s hp=100% gold=600 loc=-1089,-900 enemy-dist=1000 lh=13 dn=0 dg=+76 dlh=+2 bottle=-1 lvl=5 front=8044 ehp=-66600'
08/30 16:39:39 [Localization System] CLocalize::FindSafe failed to localize: 'AIB[D] blocked=recover-candidate reason=no_action_capped hp=43 score=44'
08/30 16:39:39 [Localization System] CLocalize::FindSafe failed to localize: 'AIB[D] blocked=hero-over-creep reason=no_target'
08/30 16:39:39 [Localization System] CLocalize::FindSafe failed to localize: 'AIB[D] blocked=emergency-kill reason=no_target'
08/30 16:39:39 [Localization System] CLocalize::FindSafe failed to localize: 'AIB[D] blocked=uphill-repo reason=motor_busy'
08/30 16:39:39 [Localization System] CLocalize::FindSafe failed to localize: 'AIB[D] blocked=harass reason=no_target'
08/30 16:39:39 [Localization System] CLocalize::FindSafe failed to localize: 'AIB[D] blocked=ability-harass reason=nothing_castable'
08/30 16:39:39 [Localization System] CLocalize::FindSafe failed to localize: 'AIB[R] intent=state-desire-safety family=state base=108 creep_dmg=8 hp=99 creep=true hero=false reason=recent_damage score=116'
08/30 16:39:39 [Localization System] CLocalize::FindSafe failed to localize: 'AIB[R] intent=creep-hit-react family=safety dist=390 hp=99 hits=1 reason=attack'
08/30 16:39:39 [Localization System] CLocalize::FindSafe failed to localize: 'AIB[D] blocked=uphill-repo reason=low_hp_hold'
08/30 16:39:39 [Localization System] CLocalize::FindSafe failed to localize: 'AIB[R] blocked=safety-candidate reason=no_action_capped hp=99 score=44'
08/30 16:39:39 [Localization System] CLocalize::FindSafe failed to localize: 'AIB[D] intent=top-arbiter family=state winner=anti-idle:2 losers=safe-cs:56,hero-over-creep:52,idle-heal:46,emergency-retreat:45,fwd-pullback:44'
08/30 16:39:40 [Localization System] CLocalize::FindSafe failed to localize: 'AIB[R] blocked=hero-over-creep reason=no_target'
08/30 16:39:40 [Localization System] CLocalize::FindSafe failed to localize: 'AIB[R] blocked=emergency-kill reason=no_target'
08/30 16:39:40 [Localization System] CLocalize::FindSafe failed to localize: 'AIB[R] blocked=harass reason=no_target'
08/30 16:39:40 Script function 'Think' on bot npc_dota_hero_nevermore took 2.658ms
08/30 16:39:40 [Localization System] CLocalize::FindSafe failed to localize: 'AIB[R] intent=state-desire-last-hit family=farm dist=390 reason=killable_creep score=140'
08/30 16:39:40 [Localization System] CLocalize::FindSafe failed to localize: 'AIB[R] intent=tick-owner family=other stage=desire/last-hit dist=390 reason=killable_creep score=140'
08/30 16:39:40 [Localization System] CLocalize::FindSafe failed to localize: 'AIB[R] intent=top-arbiter family=state winner=last-hit:158 losers=hero-over-creep:52,cs-inrange:50,idle-heal:46,emergency-retreat:45,fwd-pullback:44'
08/30 16:39:40 [Localization System] CLocalize::FindSafe failed to localize: 'AIB[D] blocked=uphill-repo reason=no_reposition'
08/30 16:39:41 [Localization System] CLocalize::FindSafe failed to localize: 'AIB[D] t=338s hp=44% gold=185 loc=-294,-168 enemy-dist=1080 lh=27 dn=9 dg=-92 dlh=+0 bottle=0 lvl=6 front=10421 ehp=99'
08/30 16:39:41 [Localization System] CLocalize::FindSafe failed to localize: 'AIB[D] intent=tick-owner family=other stage=laning-core'
08/30 16:39:41 [Localization System] CLocalize::FindSafe failed to localize: 'AIB[R] blocked=fight reason=concede_post_death hp=99'
08/30 16:39:41 [Localization System] CLocalize::FindSafe failed to localize: 'AIB[R] intent=state-desire-safety family=state base=108 creep_dmg=8 hp=99 creep=true hero=false reason=recent_damage score=116'
08/30 16:39:41 [Localization System] CLocalize::FindSafe failed to localize: 'AIB[R] intent=creep-hit-react family=safety dist=390 hp=99 hits=2 reason=attack'
08/30 16:39:41 [Localization System] CLocalize::FindSafe failed to localize: 'AIB[D] intent=top-arbiter family=state winner=creep-work:38.8 losers=safe-cs:56,hero-over-creep:52,idle-heal:46,emergency-retreat:45,fwd-pullback:44'
08/30 16:39:41 [Localization System] CLocalize::FindSafe failed to localize: 'AIB[R] blocked=uphill-repo reason=not_trading'
08/30 16:39:41 [Localization System] CLocalize::FindSafe failed to localize: 'AIB[R] blocked=hero-prio-chase reason=lane_work dist=916 cs=false creep=true hp_adv=false kill_pressure=false close=false low_farm=false lane_override=false'
08/30 16:39:41 [Localization System] CLocalize::FindSafe failed to localize: 'AIB[R] blocked=fight-candidate reason=no_action_capped hp=99 score=40'
08/30 16:39:41 [Localization System] CLocalize::FindSafe failed to localize: 'AIB[R] intent=recovery-plan family=recover action=buy_item_flask reason=checkpoint_block item=item_bottle hp=98 gold=647'
08/30 16:39:41 [Localization System] CLocalize::FindSafe failed to localize: 'AIB[R] blocked=uphill-repo reason=motor_busy'
08/30 16:39:41 [Localization System] CLocalize::FindSafe failed to localize: 'AIB[D] intent=state-recover-xp family=state ttl=2 reason=regen_lane hp=44 dist=312'
08/30 16:39:42 [Localization System] CLocalize::FindSafe failed to localize: 'AIB[R] intent=top-arbiter family=state winner=harass:40 losers=hero-over-creep:52,idle-heal:46,emergency-retreat:45,fwd-pullback:44,emergency-kill:43.5'
08/30 16:39:42 [Localization System] CLocalize::FindSafe failed to localize: 'AIB[R] blocked=buy-tp reason=recent_tp since=11'
08/30 16:39:42 [Localization System] CLocalize::FindSafe failed to localize: 'AIB[R] intent=tick-owner family=other stage=laning-core'
08/30 16:39:42 [Localization System] CLocalize::FindSafe failed to localize: 'AIB[D] blocked=recover-candidate reason=no_action_capped hp=45 score=44'
08/30 16:39:42 [Localization System] CLocalize::FindSafe failed to localize: 'AIB[D] blocked=hero-over-creep reason=no_target'
08/30 16:39:42 [Localization System] CLocalize::FindSafe failed to localize: 'AIB[R] blocked=ability-harass reason=nothing_castable'
08/30 16:39:43 [Localization System] CLocalize::FindSafe failed to localize: 'AIB[D] blocked=bottle-rune reason=no_close_rune max=1900 waterMax=4700 nearest=inf water=inf mid=208 status=2-2-'
08/30 16:39:43 [Localization System] CLocalize::FindSafe failed to localize: 'AIB[D] blocked=recovery-rune-bottle reason=no_close_rune max=3600 waterMax=4700 nearest=inf water=inf mid=208 status=2-2-'
08/30 16:39:43 [Localization System] CLocalize::FindSafe failed to localize: 'AIB[D] intent=recovery-plan family=recover action=back reason=post_fight_regen hp=45'
08/30 16:39:43 [Localization System] CLocalize::FindSafe failed to localize: 'AIB[D] blocked=emergency-kill reason=no_target'
08/30 16:39:43 [Localization System] CLocalize::FindSafe failed to localize: 'AIB[D] blocked=harass reason=no_target'
08/30 16:39:43 [Localization System] CLocalize::FindSafe failed to localize: 'AIB[D] blocked=ability-harass reason=nothing_castable'
08/30 16:39:43 [Localization System] CLocalize::FindSafe failed to localize: 'AIB[D] intent=top-arbiter family=state winner=anti-idle:2 losers=safe-cs:56,hero-over-creep:52,idle-heal:46,emergency-retreat:45,fwd-pullback:44'
08/30 16:39:43 [Localization System] CLocalize::FindSafe failed to localize: 'AIB[R] blocked=safety-candidate reason=no_action_capped hp=99 score=44'
08/30 16:39:43 [Localization System] CLocalize::FindSafe failed to localize: 'AIB[D] intent=tick-owner family=other stage=laning-core'
08/30 16:39:43 [Localization System] CLocalize::FindSafe failed to localize: 'AIB[R] blocked=hero-over-creep reason=no_target'
08/30 16:39:43 [Localization System] CLocalize::FindSafe failed to localize: 'AIB[D] intent=state-desire-fight family=state base=78 range=18 dist=509 hp=45 ehp=99 reason=enemy_seen score=96'
08/30 16:39:43 [Localization System] CLocalize::FindSafe failed to localize: 'AIB[D] blocked=ability-pressure reason=hp_disadv dist=509 hp=45 ehp=99'
08/30 16:39:43 [Localization System] CLocalize::FindSafe failed to localize: 'AIB[D] intent=hero-contact family=fight dist=509 hp=45 reason=attackable_enemy'
08/30 16:39:43 [Localization System] CLocalize::FindSafe failed to localize: 'AIB[D] blocked=hero-contact reason=refractory since=0.13'
08/30 16:39:43 [Localization System] CLocalize::FindSafe failed to localize: 'AIB[D] intent=hero-pass family=fight dist=509 hp=45 reason=nearby_enemy'
08/30 16:39:43 [Localization System] CLocalize::FindSafe failed to localize: 'AIB[R] intent=top-arbiter family=state winner=emergency-kill:43.5 losers=hero-over-creep:52,idle-heal:46,emergency-retreat:45,fwd-pullback:44,uphill:43'
08/30 16:39:43 [Localization System] CLocalize::FindSafe failed to localize: 'AIB[D] blocked=safety-candidate reason=no_action_capped hp=38 score=44'
08/30 16:39:43 [Localization System] CLocalize::FindSafe failed to localize: 'AIB[D] blocked=hero-pass reason=low_hp hp=38'
08/30 16:39:43 [Localization System] CLocalize::FindSafe failed to localize: 'AIB[D] blocked=top-arbiter reason=empty_action winner=fight score=114'
08/30 16:39:43 [Localization System] CLocalize::FindSafe failed to localize: 'AIB[D] intent=state-desire-recover family=state base=74 danger=28 enemy_dead=-20 hp=38 reason=hp_gate score=82'
08/30 16:39:43 [Localization System] CLocalize::FindSafe failed to localize: 'AIB[D] intent=recovery-policy family=recover action=recover hp=38 gate=55 source=lane-low'
08/30 16:39:44 Script function 'Think' on bot npc_dota_hero_nevermore took 2.572ms
08/30 16:39:44 [Localization System] CLocalize::FindSafe failed to localize: 'AIB[R] t=341s hp=99% gold=651 loc=-817,-687 enemy-dist=621 lh=14 dn=0 dg=+51 dlh=+1 bottle=-1 lvl=5 front=8044 ehp=38'
08/30 16:39:44 [Localization System] CLocalize::FindSafe failed to localize: 'AIB[R] blocked=fight reason=concede_post_death hp=99'
08/30 16:39:44 [Localization System] CLocalize::FindSafe failed to localize: 'AIB[R] blocked=emergency-kill reason=no_target'
08/30 16:39:44 [Localization System] CLocalize::FindSafe failed to localize: 'AIB[R] blocked=harass reason=no_target'
08/30 16:39:44 [Localization System] CLocalize::FindSafe failed to localize: 'AIB[D] blocked=buy-loop reason=saving target=item_power_treads head=item_belt_of_strength cost=450 gold=190 left=2'
08/30 16:39:44 [Localization System] CLocalize::FindSafe failed to localize: 'AIB[R] blocked=buy-loop reason=saving target=item_bottle head=item_bottle cost=675 gold=651 left=1'
08/30 16:39:44 [Localization System] CLocalize::FindSafe failed to localize: 'AIB[D] intent=top-arbiter family=state winner=recover:100 losers=safe-cs:56,hero-over-creep:52,idle-heal:46,emergency-retreat:45,fwd-pullback:44'
08/30 16:39:44 [Localization System] CLocalize::FindSafe failed to localize: 'AIB[R] blocked=hero-prio-chase reason=lane_work dist=722 cs=false creep=true hp_adv=false kill_pressure=false close=false low_farm=false lane_override=false'
08/30 16:39:44 [Localization System] CLocalize::FindSafe failed to localize: 'AIB[R] intent=tick-owner family=other stage=laning-core'
08/30 16:39:44 [Localization System] CLocalize::FindSafe failed to localize: 'AIB[R] blocked=recovery-buy reason=item_checkpoint item=item_bottle hp=99 gold=652 cost=675 spend=100'
08/30 16:39:44 [Localization System] CLocalize::FindSafe failed to localize: 'AIB[R] intent=recovery-plan family=recover action=buy_item_flask reason=checkpoint_block item=item_bottle hp=99 gold=652'
08/30 16:39:44 [Localization System] CLocalize::FindSafe failed to localize: 'AIB[R] blocked=uphill-repo reason=motor_busy'
08/30 16:39:44 [Localization System] CLocalize::FindSafe failed to localize: 'AIB[D] intent=recovery-owner family=recover band=soft threat=true mode=safe-step hp=38'
08/30 16:39:45 [Localization System] CLocalize::FindSafe failed to localize: 'AIB[D] intent=tick-owner family=other stage=laning-core'
08/30 16:39:45 [Localization System] CLocalize::FindSafe failed to localize: 'AIB[R] intent=top-arbiter family=state winner=creep-work:38.6 losers=hero-over-creep:52,idle-heal:46,emergency-retreat:45,fwd-pullback:44,emergency-kill:43.5'
08/30 16:39:45 [Localization System] CLocalize::FindSafe failed to localize: 'AIB[D] intent=state-desire-recover family=state base=74 danger=28 enemy_dead=-20 hp=38 hyst=18 reason=hp_gate score=100'
08/30 16:39:45 [Localization System] CLocalize::FindSafe failed to localize: 'AIB[D] blocked=recover-candidate reason=no_action_capped hp=39 score=44'
08/30 16:39:45 [Localization System] CLocalize::FindSafe failed to localize: 'AIB[D] blocked=hero-over-creep reason=no_target'
08/30 16:39:45 [Localization System] CLocalize::FindSafe failed to localize: 'AIB[D] blocked=uphill-repo reason=low_hp_hold'
08/30 16:39:46 [Localization System] CLocalize::FindSafe failed to localize: 'AIB[R] blocked=uphill-repo reason=no_step'
08/30 16:39:46 [Localization System] CLocalize::FindSafe failed to localize: 'AIB[D] t=343s hp=39% gold=192 loc=97,151 enemy-dist=1250 lh=27 dn=9 dg=+7 dlh=+0 bottle=0 lvl=6 front=9948 ehp=100'
08/30 16:39:46 [Localization System] CLocalize::FindSafe failed to localize: 'AIB[D] blocked=emergency-kill reason=no_target'
08/30 16:39:46 [Localization System] CLocalize::FindSafe failed to localize: 'AIB[D] blocked=harass reason=no_target'
08/30 16:39:46 [Localization System] CLocalize::FindSafe failed to localize: 'AIB[D] blocked=ability-harass reason=nothing_castable'
08/30 16:39:46 [Localization System] CLocalize::FindSafe failed to localize: 'AIB[R] blocked=hero-over-creep reason=no_target'
08/30 16:39:46 [Localization System] CLocalize::FindSafe failed to localize: 'AIB[R] intent=tick-owner family=other stage=laning-core'
08/30 16:39:46 [Localization System] CLocalize::FindSafe failed to localize: 'AIB[R] intent=top-arbiter family=state winner=creep-work:38.6 losers=hero-over-creep:52,idle-heal:46,emergency-retreat:45,fwd-pullback:44,emergency-kill:43.5'
08/30 16:39:47 [Localization System] CLocalize::FindSafe failed to localize: 'AIB[R] blocked=emergency-kill reason=no_target'
08/30 16:39:47 [Localization System] CLocalize::FindSafe failed to localize: 'AIB[R] blocked=harass reason=no_target'
08/30 16:39:47 [Localization System] CLocalize::FindSafe failed to localize: 'AIB[D] blocked=harass reason=own_heal_running'
08/30 16:39:48 [Localization System] CLocalize::FindSafe failed to localize: 'AIB[D] intent=recovery-plan family=recover action=back reason=post_fight_regen hp=40'
08/30 16:39:48 [Localization System] CLocalize::FindSafe failed to localize: 'AIB[D] intent=state-recover-xp family=state ttl=5 reason=post_fight_regen hp=40 dist=21'
08/30 16:39:48 [Localization System] CLocalize::FindSafe failed to localize: 'AIB[R] intent=top-arbiter family=state winner=creep-work:38.6 losers=hero-over-creep:52,idle-heal:46,emergency-retreat:45,fwd-pullback:44,emergency-kill:43.5'
08/30 16:39:48 [Localization System] CLocalize::FindSafe failed to localize: 'AIB[D] blocked=visual-hold reason=empty held=2.0 hp=40 repeat=1 hard=false'
08/30 16:39:48 [Localization System] CLocalize::FindSafe failed to localize: 'AIB[D] intent=top-arbiter family=state winner=visual-hold:20 losers=safe-cs:56,hero-over-creep:52,idle-heal:46,emergency-retreat:45,fwd-pullback:44'
08/30 16:39:48 [Localization System] CLocalize::FindSafe failed to localize: 'AIB[D] intent=tick-owner family=other stage=desire/visual-hold reason=ready score=20 band=position'
08/30 16:39:48 [Localization System] CLocalize::FindSafe failed to localize: 'AIB[R] intent=tick-owner family=other stage=laning-core'
08/30 16:39:48 [Localization System] CLocalize::FindSafe failed to localize: 'AIB[D] blocked=recover-candidate reason=no_action_capped hp=40 score=44'
08/30 16:39:48 [Localization System] CLocalize::FindSafe failed to localize: 'AIB[D] blocked=hero-over-creep reason=no_target'
08/30 16:39:48 [Localization System] CLocalize::FindSafe failed to localize: 'AIB[D] blocked=uphill-repo reason=low_hp_hold'
08/30 16:39:49 [Localization System] CLocalize::FindSafe failed to localize: 'AIB[R] blocked=hero-over-creep reason=no_target'
08/30 16:39:49 [Localization System] CLocalize::FindSafe failed to localize: 'AIB[R] blocked=uphill-repo reason=no_step'
08/30 16:39:49 [Localization System] CLocalize::FindSafe failed to localize: 'AIB[D] blocked=emergency-kill reason=no_target'
08/30 16:39:49 [Localization System] CLocalize::FindSafe failed to localize: 'AIB[D] blocked=ability-harass reason=nothing_castable'
08/30 16:39:49 [Localization System] CLocalize::FindSafe failed to localize: 'AIB[R] t=346s hp=100% gold=658 loc=-824,-694 lh=14 dn=0 dg=+7 dlh=+0 bottle=-1 lvl=5 front=8044 ehp=-1'
08/30 16:39:50 [Localization System] CLocalize::FindSafe failed to localize: 'AIB[R] intent=top-arbiter family=state winner=creep-work:38.6 losers=hero-over-creep:52,idle-heal:46,emergency-retreat:45,fwd-pullback:44,emergency-kill:43.5'
08/30 16:39:50 [Localization System] CLocalize::FindSafe failed to localize: 'AIB[R] blocked=uphill-repo reason=no_reposition'
08/30 16:39:50 [Localization System] CLocalize::FindSafe failed to localize: 'AIB[R] blocked=buy-tp reason=recent_tp since=19'
08/30 16:39:50 [Localization System] CLocalize::FindSafe failed to localize: 'AIB[R] blocked=emergency-kill reason=no_target'
08/30 16:39:50 [Localization System] CLocalize::FindSafe failed to localize: 'AIB[D] intent=damage-by-source family=other creep=494 tower=62 hero=2164 mixed=222 death=0 other=39 stale=201 gaps=6'
08/30 16:39:50 [Localization System] CLocalize::FindSafe failed to localize: 'AIB[R] blocked=harass reason=no_target'
08/30 16:39:50 [Localization System] CLocalize::FindSafe failed to localize: 'AIB[R] intent=tick-owner family=other stage=laning-core'
08/30 16:39:51 [Localization System] CLocalize::FindSafe failed to localize: 'AIB[D] t=348s hp=41% gold=200 loc=214,203 enemy-dist=1387 lh=27 dn=9 dg=+8 dlh=+0 bottle=0 lvl=6 front=9948 ehp=100'
08/30 16:39:51 [Localization System] CLocalize::FindSafe failed to localize: 'AIB[D] blocked=bottle-rune reason=no_close_rune max=1900 waterMax=4700 nearest=inf water=inf mid=546 status=2-2-'
08/30 16:39:51 [Localization System] CLocalize::FindSafe failed to localize: 'AIB[D] blocked=recovery-rune-bottle reason=no_close_rune max=3600 waterMax=4700 nearest=inf water=inf mid=546 status=2-2-'
08/30 16:39:51 [Localization System] CLocalize::FindSafe failed to localize: 'AIB[R] intent=top-arbiter family=state winner=creep-work:38.6 losers=hero-over-creep:52,idle-heal:46,emergency-retreat:45,fwd-pullback:44,emergency-kill:43.5'
08/30 16:39:52 [Localization System] CLocalize::FindSafe failed to localize: 'AIB[D] blocked=recover-candidate reason=no_action_capped hp=42 score=44'
08/30 16:39:52 [Localization System] CLocalize::FindSafe failed to localize: 'AIB[D] blocked=hero-over-creep reason=no_target'
08/30 16:39:52 [Localization System] CLocalize::FindSafe failed to localize: 'AIB[D] blocked=uphill-repo reason=low_hp_hold'
08/30 16:39:52 [Localization System] CLocalize::FindSafe failed to localize: 'AIB[D] blocked=harass reason=own_heal_running'
08/30 16:39:52 [Localization System] CLocalize::FindSafe failed to localize: 'AIB[D] blocked=emergency-kill reason=no_target'
08/30 16:39:52 [Localization System] CLocalize::FindSafe failed to localize: 'AIB[D] blocked=ability-harass reason=nothing_castable'
08/30 16:39:52 [Localization System] CLocalize::FindSafe failed to localize: 'AIB[R] blocked=hero-over-creep reason=no_target'
08/30 16:39:52 [Localization System] CLocalize::FindSafe failed to localize: 'AIB[D] blocked=buy-loop reason=saving target=item_power_treads head=item_belt_of_strength cost=450 gold=202 left=2'
08/30 16:39:52 [Localization System] CLocalize::FindSafe failed to localize: 'AIB[R] blocked=buy-loop reason=saving target=item_bottle head=item_bottle cost=675 gold=663 left=1'
08/30 16:39:52 [Localization System] CLocalize::FindSafe failed to localize: 'AIB[D] blocked=visual-hold reason=empty held=2.1 hp=42 repeat=2 hard=false'
08/30 16:39:52 [Localization System] CLocalize::FindSafe failed to localize: 'AIB[D] intent=top-arbiter family=state winner=visual-hold:20 losers=safe-cs:56,hero-over-creep:52,idle-heal:46,emergency-retreat:45,fwd-pullback:44'
08/30 16:39:52 [Localization System] CLocalize::FindSafe failed to localize: 'AIB[D] intent=tick-owner family=other stage=desire/visual-hold reason=ready score=20 band=position'
08/30 16:39:52 [Localization System] CLocalize::FindSafe failed to localize: 'AIB[R] intent=melee-pack-space family=safety count=2 dist=139'
08/30 16:39:52 [Localization System] CLocalize::FindSafe failed to localize: 'AIB[R] intent=tick-owner family=other stage=desire/ranged-spacing reason=ready score=41 band=lanework'
08/30 16:39:52 [Server] PR:IncrementIdleTime 6:[I:0:0] 2.27
08/30 16:39:53 [Localization System] CLocalize::FindSafe failed to localize: 'AIB[R] blocked=ability-harass reason=nothing_castable'
08/30 16:39:53 [Localization System] CLocalize::FindSafe failed to localize: 'AIB[R] blocked=wave-watch reason=not_finishable creep_hp=242 dist=493 idle=10'
08/30 16:39:53 [Localization System] CLocalize::FindSafe failed to localize: 'AIB[D] blocked=wave-watch reason=not_finishable creep_hp=494 dist=795 idle=18'
08/30 16:39:53 [Localization System] CLocalize::FindSafe failed to localize: 'AIB[R] blocked=uphill-repo reason=no_reposition'
08/30 16:39:53 [Localization System] CLocalize::FindSafe failed to localize: 'AIB[R] intent=top-arbiter family=state winner=creep-work:38.6 losers=hero-over-creep:52,idle-heal:46,emergency-retreat:45,fwd-pullback:44,emergency-kill:43.5'
08/30 16:39:53 [Localization System] CLocalize::FindSafe failed to localize: 'AIB[R] blocked=emergency-kill reason=no_target'
08/30 16:39:53 [Localization System] CLocalize::FindSafe failed to localize: 'AIB[D] intent=recovery-owner family=recover band=soft threat=false mode=back hp=43'
08/30 16:39:53 [Localization System] CLocalize::FindSafe failed to localize: 'AIB[R] blocked=harass reason=no_target'
08/30 16:39:53 [Localization System] CLocalize::FindSafe failed to localize: 'AIB[D] intent=cs-watchdog family=farm lh=27 idle=18 creep_hp=436 dist=772'
08/30 16:39:54 [Localization System] CLocalize::FindSafe failed to localize: 'AIB[R] intent=damage-by-source family=other creep=447 tower=0 hero=2142 mixed=272 death=177 other=298 stale=132 gaps=3'
08/30 16:39:54 [Localization System] CLocalize::FindSafe failed to localize: 'AIB[D] intent=top-arbiter family=state winner=low-hp-hold:43.2 losers=safe-cs:56,hero-over-creep:52,idle-heal:46,emergency-retreat:45,fwd-pullback:44'
08/30 16:39:54 [Localization System] CLocalize::FindSafe failed to localize: 'AIB[R] t=351s hp=100% gold=666 loc=-794,-573 lh=14 dn=0 dg=+8 dlh=+0 bottle=-1 lvl=5 front=8558 ehp=-1'
08/30 16:39:54 [Localization System] CLocalize::FindSafe failed to localize: 'AIB[D] intent=recovery-plan family=recover action=buy_flask reason=critical hp=43 gold=205 count=2'
08/30 16:39:54 [Localization System] CLocalize::FindSafe failed to localize: 'AIB[D] blocked=uphill-repo reason=motor_busy'
08/30 16:39:54 [Localization System] CLocalize::FindSafe failed to localize: 'AIB[D] intent=melee-pack-space family=safety count=2 dist=141'
08/30 16:39:54 [Localization System] CLocalize::FindSafe failed to localize: 'AIB[R] intent=channel-interrupt family=fight dist=861 hp=100 kind=heal reason=enemy_heal'
08/30 16:39:54 [Localization System] CLocalize::FindSafe failed to localize: 'AIB[R] intent=tick-owner family=other stage=laning-core'
08/30 16:39:54 [Localization System] CLocalize::FindSafe failed to localize: 'AIB[D] intent=state-recover-xp family=state ttl=2 reason=regen_lane hp=43 dist=218'
08/30 16:39:54 [Localization System] CLocalize::FindSafe failed to localize: 'AIB[D] intent=tick-owner family=other stage=desire/idle-heal reason=ready score=46 band=lanework'
08/30 16:39:55 [Localization System] CLocalize::FindSafe failed to localize: 'AIB[D] blocked=recover-candidate reason=no_action_capped hp=44 score=44'
08/30 16:39:55 [Localization System] CLocalize::FindSafe failed to localize: 'AIB[D] blocked=hero-over-creep reason=no_target'
08/30 16:39:55 [Localization System] CLocalize::FindSafe failed to localize: 'AIB[D] blocked=bottle-rune reason=route_unsafe stage=1 enemy=634 rune=1801 hp=44 eta=8'
08/30 16:39:55 [Localization System] CLocalize::FindSafe failed to localize: 'AIB[D] blocked=emergency-kill reason=no_target'
08/30 16:39:55 [Localization System] CLocalize::FindSafe failed to localize: 'AIB[D] blocked=ability-harass reason=nothing_castable'
08/30 16:39:55 [Localization System] CLocalize::FindSafe failed to localize: 'AIB[D] intent=state-desire-fight family=state base=78 range=18 dist=567 hp=44 ehp=100 reason=enemy_seen score=96'
08/30 16:39:55 [Localization System] CLocalize::FindSafe failed to localize: 'AIB[D] blocked=ability-pressure reason=hp_disadv dist=567 hp=44 ehp=100'
08/30 16:39:55 [Localization System] CLocalize::FindSafe failed to localize: 'AIB[D] intent=hero-contact family=fight dist=567 hp=44 reason=attackable_enemy'
08/30 16:39:55 [Localization System] CLocalize::FindSafe failed to localize: 'AIB[D] blocked=hero-contact reason=refractory since=0.13'
08/30 16:39:55 [Localization System] CLocalize::FindSafe failed to localize: 'AIB[D] blocked=hero-pass reason=low_hp hp=44'
08/30 16:39:55 [Localization System] CLocalize::FindSafe failed to localize: 'AIB[D] blocked=top-arbiter reason=empty_action winner=fight score=114'
08/30 16:39:55 [Localization System] CLocalize::FindSafe failed to localize: 'AIB[D] blocked=bottle-rune reason=enemy_near stage=1 enemy=567 rune=1796 hp=44 eta=8'
08/30 16:39:55 [Localization System] CLocalize::FindSafe failed to localize: 'AIB[D] blocked=uphill-repo reason=no_reposition'
08/30 16:39:55 [Localization System] CLocalize::FindSafe failed to localize: 'AIB[D] intent=top-arbiter family=state winner=wave-watch:10 losers=fight:114,safe-cs:56,hero-over-creep:52,idle-heal:46,emergency-retreat:45'
08/30 16:39:56 [Localization System] CLocalize::FindSafe failed to localize: 'AIB[D] blocked=harass reason=own_heal_running'
08/30 16:39:56 [Localization System] CLocalize::FindSafe failed to localize: 'AIB[D] t=353s hp=44% gold=108 loc=-208,28 enemy-dist=567 lh=27 dn=9 dg=-92 dlh=+0 bottle=0 lvl=6 front=9949 ehp=75'
08/30 16:39:56 [Localization System] CLocalize::FindSafe failed to localize: 'AIB[D] blocked=ability-pressure reason=nothing_castable'
08/30 16:39:56 [Localization System] CLocalize::FindSafe failed to localize: 'AIB[D] intent=wave-watch-work family=other lh=27 idle=21 creep_hp=207 dist=507'
08/30 16:39:56 [Localization System] CLocalize::FindSafe failed to localize: 'AIB[D] blocked=safety-candidate reason=no_action_capped hp=36 score=44'
08/30 16:39:56 [Localization System] CLocalize::FindSafe failed to localize: 'AIB[D] intent=state-desire-recover family=state base=74 danger=28 hp=36 reason=hp_gate score=102'
08/30 16:39:56 [Localization System] CLocalize::FindSafe failed to localize: 'AIB[D] intent=recovery-policy family=recover action=recover hp=36 gate=55 source=lane-low'
08/30 16:39:56 [Localization System] CLocalize::FindSafe failed to localize: 'AIB[R] intent=state-desire-fight family=state base=78 range=18 hp_adv=8 execute=20 dist=567 hp=75 ehp=36 reason=enemy_seen score=124'
08/30 16:39:56 [Localization System] CLocalize::FindSafe failed to localize: 'AIB[R] blocked=ability-pressure reason=nothing_castable'
08/30 16:39:56 [Localization System] CLocalize::FindSafe failed to localize: 'AIB[R] intent=hero-contact family=fight dist=567 hp=75 reason=attackable_enemy'
08/30 16:39:56 [Localization System] CLocalize::FindSafe failed to localize: 'AIB[R] intent=top-arbiter family=state winner=fight:124 losers=hero-over-creep:52,idle-heal:46,emergency-retreat:45,fwd-pullback:44,emergency-kill:43.5'
08/30 16:39:56 [Localization System] CLocalize::FindSafe failed to localize: 'AIB[R] intent=kill-lock family=fight dist=613 ehp=16 hp=74 exec=false atk=true mutual=false reason=killable_enemy'
08/30 16:39:56 [Localization System] CLocalize::FindSafe failed to localize: 'AIB[D] blocked=bottle-rune reason=critical_no_stage hp=21 rune=1816 eta=7'
08/30 16:39:56 [Localization System] CLocalize::FindSafe failed to localize: 'AIB[R] intent=tick-owner family=other stage=laning-core'
08/30 16:39:57 [Localization System] CLocalize::FindSafe failed to localize: 'AIB[D] blocked=bottle-rune reason=stage_cooldown eta=6'
08/30 16:39:57 [Localization System] CLocalize::FindSafe failed to localize: 'AIB[D] intent=tick-owner family=other stage=laning-core'
08/30 16:39:57 [Localization System] CLocalize::FindSafe failed to localize: 'AIB[R] intent=state-desire-last-hit family=farm dist=52 reason=killable_creep score=140'
08/30 16:39:58 [Localization System] CLocalize::FindSafe failed to localize: 'AIB[R] intent=top-arbiter family=state winner=last-hit:158 losers=safety:116,hero-over-creep:52,cs-inrange:50,idle-heal:46,emergency-retreat:45'
08/30 16:39:58 [Localization System] CLocalize::FindSafe failed to localize: 'AIB[D] intent=state-recover-safe family=state ttl=2 reason=regen_lane hp=22 dist=1161'
08/30 16:39:58 [Localization System] CLocalize::FindSafe failed to localize: 'AIB[R] blocked=buy-tp reason=recent_tp since=27'
08/30 16:39:58 [Localization System] CLocalize::FindSafe failed to localize: 'AIB[D] intent=recovery-policy family=recover action=recover hp=22 gate=35 source=early-low'
08/30 16:39:58 [Localization System] CLocalize::FindSafe failed to localize: 'AIB[D] blocked=recovery-rune-bottle reason=stage_cooldown eta=5'
08/30 16:39:58 [Localization System] CLocalize::FindSafe failed to localize: 'AIB[D] intent=recovery-plan family=recover action=back reason=post_fight_regen hp=22'
08/30 16:39:58 [Localization System] CLocalize::FindSafe failed to localize: 'AIB[R] intent=state-desire-last-hit family=farm dist=442 hyst=18 reason=killable_creep score=158'
08/30 16:39:58 [Localization System] CLocalize::FindSafe failed to localize: 'AIB[R] intent=state-desire-safety family=state base=108 creep_dmg=8 hp=70 creep=true hero=false reason=recent_damage score=116'
08/30 16:39:58 [Localization System] CLocalize::FindSafe failed to localize: 'AIB[R] blocked=creep-hit-react reason=inside_melee_pack count=2 dist=75 hp=70'
08/30 16:39:58 [Localization System] CLocalize::FindSafe failed to localize: 'AIB[R] intent=creep-hit-react family=safety dist=75 hp=70 hits=1 reason=edge_attack'
08/30 16:39:58 [Localization System] CLocalize::FindSafe failed to localize: 'AIB[R] blocked=safety-candidate reason=no_action_capped hp=70 score=44'
08/30 16:39:58 [Localization System] CLocalize::FindSafe failed to localize: 'AIB[R] blocked=hero-over-creep reason=no_target'
08/30 16:39:58 [Localization System] CLocalize::FindSafe failed to localize: 'AIB[R] blocked=emergency-kill reason=no_target'
08/30 16:39:58 [Localization System] CLocalize::FindSafe failed to localize: 'AIB[R] blocked=uphill-repo reason=no_reposition'
08/30 16:39:58 [Localization System] CLocalize::FindSafe failed to localize: 'AIB[R] intent=melee-pack-space family=safety count=2 dist=423'
08/30 16:39:58 [Localization System] CLocalize::FindSafe failed to localize: 'AIB[R] intent=tick-owner family=other stage=desire/ranged-spacing reason=ready score=41 band=lanework'
08/30 16:39:59 [Localization System] CLocalize::FindSafe failed to localize: 'AIB[D] intent=tick-owner family=other stage=laning-core'
08/30 16:39:59 [Localization System] CLocalize::FindSafe failed to localize: 'AIB[R] t=356s hp=69% gold=36 loc=-577,-419 lh=15 dn=0 dg=-630 dlh=+1 bottle=-1 lvl=5 front=8558 ehp=-1'
08/30 16:39:59 [Localization System] CLocalize::FindSafe failed to localize: 'AIB[R] intent=top-arbiter family=state winner=safety:116 losers=hero-over-creep:52,idle-heal:46,emergency-retreat:45,fwd-pullback:44,emergency-kill:43.5'
08/30 16:40:00 [Localization System] CLocalize::FindSafe failed to localize: 'AIB[R] blocked=harass reason=no_target'
08/30 16:40:00 [Localization System] CLocalize::FindSafe failed to localize: 'AIB[D] blocked=buy-loop reason=saving target=item_power_treads head=item_belt_of_strength cost=450 gold=114 left=2'
08/30 16:40:00 [Localization System] CLocalize::FindSafe failed to localize: 'AIB[D] intent=recovery-policy family=recover action=recover hp=23 gate=35 source=early-low'
08/30 16:40:00 [Localization System] CLocalize::FindSafe failed to localize: 'AIB[R] intent=state-desire-safety family=state base=108 creep_dmg=8 hp=66 creep=true hero=false hyst=18 reason=recent_damage score=134'
08/30 16:40:00 [Localization System] CLocalize::FindSafe failed to localize: 'AIB[R] intent=creep-hit-react family=safety dist=226 hp=66 hits=3 reason=edge_attack'
08/30 16:40:00 [Localization System] CLocalize::FindSafe failed to localize: 'AIB[R] intent=tick-owner family=other stage=laning-core'
08/30 16:40:01 [Localization System] CLocalize::FindSafe failed to localize: 'AIB[D] blocked=bottle-rune reason=stage_cooldown eta=2'
08/30 16:40:01 [Localization System] CLocalize::FindSafe failed to localize: 'AIB[D] intent=tick-owner family=other stage=laning-core'
08/30 16:40:01 [Localization System] CLocalize::FindSafe failed to localize: 'AIB[D] t=358s hp=24% gold=115 loc=792,949 lh=27 dn=9 dg=+7 dlh=+0 bottle=0 lvl=6 front=10108 ehp=-1'
08/30 16:40:01 [Localization System] CLocalize::FindSafe failed to localize: 'AIB[R] intent=top-arbiter family=state winner=safety:134 losers=hero-over-creep:52,idle-heal:46,emergency-retreat:45,fwd-pullback:44,emergency-kill:43.5'
08/30 16:40:01 [Localization System] CLocalize::FindSafe failed to localize: 'AIB[R] intent=state-desire-last-hit family=farm dist=325 reason=killable_creep score=140'
08/30 16:40:02 [Localization System] CLocalize::FindSafe failed to localize: 'AIB[R] blocked=safety-candidate reason=no_action_capped hp=64 score=44'
08/30 16:40:02 [Localization System] CLocalize::FindSafe failed to localize: 'AIB[R] blocked=hero-over-creep reason=no_target'
08/30 16:40:02 [Localization System] CLocalize::FindSafe failed to localize: 'AIB[R] blocked=emergency-kill reason=no_target'
08/30 16:40:02 [Localization System] CLocalize::FindSafe failed to localize: 'AIB[R] blocked=uphill-repo reason=no_reposition'
08/30 16:40:02 [Localization System] CLocalize::FindSafe failed to localize: 'AIB[R] intent=state-desire-safety family=state base=108 creep_dmg=8 hp=64 creep=true hero=false reason=recent_damage score=116'
08/30 16:40:02 [Localization System] CLocalize::FindSafe failed to localize: 'AIB[R] intent=creep-hit-react family=safety dist=380 hp=64 hits=5 reason=attack'
08/30 16:40:02 [Localization System] CLocalize::FindSafe failed to localize: 'AIB[D] intent=recovery-policy family=recover action=recover hp=25 gate=35 source=early-low'
08/30 16:40:02 [Localization System] CLocalize::FindSafe failed to localize: 'AIB[D] blocked=recovery-rune-bottle reason=stage_cooldown eta=1'
08/30 16:40:02 [Localization System] CLocalize::FindSafe failed to localize: 'AIB[D] intent=recovery-plan family=recover action=water_rune reason=blocked hp=25 mana=44'
08/30 16:40:02 Script function 'GetDesire' on bot npc_dota_hero_nevermore took 2.316ms
08/30 16:40:02 [Localization System] CLocalize::FindSafe failed to localize: 'AIB[R] intent=top-arbiter family=state winner=creep-work:38.6 losers=hero-over-creep:52,idle-heal:46,emergency-retreat:45,fwd-pullback:44,emergency-kill:43.5'
08/30 16:40:02 [Localization System] CLocalize::FindSafe failed to localize: 'AIB[D] intent=state-rune-commit family=rune source=bottle-rune phase=power ttl=1 dist=2230 eta=1'
08/30 16:40:02 [Localization System] CLocalize::FindSafe failed to localize: 'AIB[D] intent=rune-transaction family=rune source=bottle-rune phase=power ttl=1 dist=2230 eta=1'
08/30 16:40:02 [Localization System] CLocalize::FindSafe failed to localize: 'AIB[D] intent=bottle-rune family=rune dist=2230 eta=1 reason=stage'
08/30 16:40:03 [Localization System] CLocalize::FindSafe failed to localize: 'AIB[R] blocked=harass reason=no_target'
08/30 16:40:03 [Localization System] CLocalize::FindSafe failed to localize: 'AIB[R] intent=tick-owner family=other stage=laning-core'
08/30 16:40:03 [Localization System] CLocalize::FindSafe failed to localize: 'AIB[R] intent=state-desire-last-hit family=farm dist=457 reason=killable_creep score=140'
08/30 16:40:03 [Localization System] CLocalize::FindSafe failed to localize: 'AIB[D] intent=tick-owner family=other stage=laning-core'
08/30 16:40:03 [Localization System] CLocalize::FindSafe failed to localize: 'AIB[R] intent=rune-ground-truth family=rune id=0 status=0 t=360'
08/30 16:40:03 [Localization System] CLocalize::FindSafe failed to localize: 'AIB[R] intent=rune-ground-truth family=rune id=1 status=0 t=360'
08/30 16:40:03 [Localization System] CLocalize::FindSafe failed to localize: 'AIB[D] intent=rune-ground-truth family=rune id=0 status=0 t=360'
08/30 16:40:03 [Localization System] CLocalize::FindSafe failed to localize: 'AIB[D] intent=rune-ground-truth family=rune id=1 status=0 t=360'
08/30 16:40:04 [Localization System] CLocalize::FindSafe failed to localize: 'AIB[R] intent=top-arbiter family=state winner=last-hit:158 losers=hero-over-creep:52,cs-inrange:50,idle-heal:46,emergency-retreat:45,fwd-pullback:44'
08/30 16:40:04 [Localization System] CLocalize::FindSafe failed to localize: 'AIB[R] t=361s hp=65% gold=130 loc=-784,-643 lh=17 dn=0 dg=+94 dlh=+2 bottle=-1 lvl=5 front=8557 ehp=-1'
08/30 16:40:04 [Localization System] CLocalize::FindSafe failed to localize: 'AIB[D] intent=recovery-policy family=recover action=recover hp=26 gate=35 source=early-low'
08/30 16:40:04 [Localization System] CLocalize::FindSafe failed to localize: 'AIB[R] intent=state-desire-last-hit family=farm dist=457 hyst=18 reason=killable_creep score=158'
08/30 16:40:05 [Localization System] CLocalize::FindSafe failed to localize: 'AIB[D] blocked=bottle-rune reason=stage_dead_window eta=-2 nearest=inf'
08/30 16:40:05 [Localization System] CLocalize::FindSafe failed to localize: 'AIB[D] blocked=recovery-rune-bottle reason=stage_done eta=-2 closed=1'
08/30 16:40:05 [Localization System] CLocalize::FindSafe failed to localize: 'AIB[D] blocked=fountain-floor reason=heal_in_flight hp=26 flask=false inflight=item_flask'
08/30 16:40:05 [Localization System] CLocalize::FindSafe failed to localize: 'AIB[D] intent=recovery-plan family=recover action=back reason=heal_in_flight hp=26'
08/30 16:40:05 [Localization System] CLocalize::FindSafe failed to localize: 'AIB[R] intent=tick-owner family=other stage=laning-core'
08/30 16:40:05 [Localization System] CLocalize::FindSafe failed to localize: 'AIB[D] blocked=bottle-rune reason=stage_done eta=-2 closed=1'
08/30 16:40:05 [Localization System] CLocalize::FindSafe failed to localize: 'AIB[D] intent=tick-owner family=other stage=laning-core'
08/30 16:40:05 [Localization System] CLocalize::FindSafe failed to localize: 'AIB[D] intent=damage-by-source family=other creep=494 tower=62 hero=2366 mixed=222 death=0 other=39 stale=201 gaps=6'
08/30 16:40:05 [Localization System] CLocalize::FindSafe failed to localize: 'AIB[R] blocked=hero-over-creep reason=no_target'
08/30 16:40:05 [Localization System] CLocalize::FindSafe failed to localize: 'AIB[R] blocked=emergency-kill reason=no_target'
08/30 16:40:05 [Localization System] CLocalize::FindSafe failed to localize: 'AIB[R] blocked=uphill-repo reason=no_reposition'
08/30 16:40:05 [Localization System] CLocalize::FindSafe failed to localize: 'AIB[R] intent=top-arbiter family=state winner=creep-work:38.6 losers=hero-over-creep:52,idle-heal:46,emergency-retreat:45,fwd-pullback:44,emergency-kill:43.5'
08/30 16:40:06 [Localization System] CLocalize::FindSafe failed to localize: 'AIB[D] t=363s hp=27% gold=123 loc=993,750 lh=27 dn=9 dg=+8 dlh=+0 bottle=0 lvl=6 front=10024 ehp=-1'
08/30 16:40:06 Script function 'Think' on bot npc_dota_hero_nevermore took 2.166ms
08/30 16:40:06 [Localization System] CLocalize::FindSafe failed to localize: 'AIB[R] intent=state-desire-last-hit family=farm dist=457 hyst=18 reason=killable_creep score=158'
08/30 16:40:06 [Localization System] CLocalize::FindSafe failed to localize: 'AIB[D] intent=recovery-policy family=recover action=recover hp=27 gate=35 source=early-low'
08/30 16:40:06 [Localization System] CLocalize::FindSafe failed to localize: 'AIB[R] blocked=harass reason=no_target'
08/30 16:40:07 [Localization System] CLocalize::FindSafe failed to localize: 'invalid index'
08/30 16:40:07 [Localization System] CLocalize::FindSafe failed to localize: 'AIB[R] intent=tick-owner family=other stage=laning-core'
08/30 16:40:07 [Localization System] CLocalize::FindSafe failed to localize: 'AIB[D] intent=tick-owner family=other stage=laning-core'
08/30 16:40:07 [Localization System] CLocalize::FindSafe failed to localize: 'AIB[R] intent=top-arbiter family=state winner=last-hit:158 losers=hero-over-creep:52,cs-inrange:50,idle-heal:46,emergency-retreat:45,fwd-pullback:44'
08/30 16:40:08 [Localization System] CLocalize::FindSafe failed to localize: 'AIB[D] blocked=buy-loop reason=saving target=item_power_treads head=item_belt_of_strength cost=450 gold=126 left=2'
08/30 16:40:08 [Localization System] CLocalize::FindSafe failed to localize: 'AIB[R] blocked=hero-over-creep reason=no_target'
08/30 16:40:08 [Localization System] CLocalize::FindSafe failed to localize: 'AIB[R] blocked=emergency-kill reason=no_target'
08/30 16:40:08 [Localization System] CLocalize::FindSafe failed to localize: 'AIB[R] blocked=uphill-repo reason=no_reposition'
08/30 16:40:08 [Localization System] CLocalize::FindSafe failed to localize: 'AIB[D] intent=recovery-policy family=recover action=recover hp=28 gate=35 source=early-low'
08/30 16:40:08 [Localization System] CLocalize::FindSafe failed to localize: 'AIB[R] blocked=ability-harass reason=nothing_castable'
08/30 16:40:08 [Localization System] CLocalize::FindSafe failed to localize: 'AIB[R] blocked=visual-hold reason=empty held=15.8 hp=67 repeat=4 hard=true'
08/30 16:40:09 [Localization System] CLocalize::FindSafe failed to localize: 'AIB[R] intent=lane-line-episode family=other dist=809 fwd=0.65'
08/30 16:40:09 [Localization System] CLocalize::FindSafe failed to localize: 'AIB[R] intent=top-arbiter family=state winner=lane-line:18 losers=hero-over-creep:52,idle-heal:46,emergency-retreat:45,fwd-pullback:44,emergency-kill:43.5'
08/30 16:40:09 [Localization System] CLocalize::FindSafe failed to localize: 'AIB[D] intent=recovery-plan family=recover action=water_rune reason=blocked hp=28 mana=46'
08/30 16:40:09 [Localization System] CLocalize::FindSafe failed to localize: 'AIB[R] intent=damage-by-source family=other creep=554 tower=0 hero=2142 mixed=272 death=177 other=497 stale=132 gaps=3'
08/30 16:40:09 [Localization System] CLocalize::FindSafe failed to localize: 'AIB[R] blocked=uphill-repo reason=motor_busy'
08/30 16:40:09 [Localization System] CLocalize::FindSafe failed to localize: 'AIB[R] intent=tick-owner family=other stage=laning-core'
08/30 16:40:09 [Localization System] CLocalize::FindSafe failed to localize: 'AIB[D] intent=tick-owner family=other stage=laning-core'
08/30 16:40:09 [Localization System] CLocalize::FindSafe failed to localize: 'AIB[R] t=366s hp=67% gold=237 loc=-617,-480 lh=19 dn=1 dg=+107 dlh=+2 bottle=-1 lvl=6 front=8923 ehp=-1'
08/30 16:40:09 [Localization System] CLocalize::FindSafe failed to localize: 'AIB[R] blocked=harass reason=no_target'
08/30 16:40:10 [Localization System] CLocalize::FindSafe failed to localize: 'AIB[D] blocked=fountain-floor reason=heal_in_flight hp=29 flask=false inflight=item_flask'
08/30 16:40:10 [Server] Client (account 0) tried to execute invalid order (3). Unrecognized order identifier.
08/30 16:40:10 [Localization System] CLocalize::FindSafe failed to localize: 'AIB[R] intent=top-arbiter family=state winner=lane-line:18 losers=hero-over-creep:52,idle-heal:46,emergency-retreat:45,fwd-pullback:44,emergency-kill:43.5'
08/30 16:40:11 [Localization System] CLocalize::FindSafe failed to localize: 'AIB[D] intent=recovery-policy family=recover action=recover hp=29 gate=35 source=early-low'
08/30 16:40:11 [Localization System] CLocalize::FindSafe failed to localize: 'AIB[R] intent=state-siege-window family=siege ttl=2 wave=1 tower=1153 hp=68 adv=true'
08/30 16:40:11 [Localization System] CLocalize::FindSafe failed to localize: 'AIB[R] intent=tower-opportunity family=siege result=step phase=default wave=1 tower=1153'
08/30 16:40:11 [Localization System] CLocalize::FindSafe failed to localize: 'AIB[R] intent=tick-owner family=other stage=laning-core'
08/30 16:40:11 [Localization System] CLocalize::FindSafe failed to localize: 'AIB[D] t=368s hp=29% gold=30 loc=1370,994 lh=27 dn=9 dg=-93 dlh=+0 bottle=0 lvl=6 front=8620 ehp=-1'
08/30 16:40:11 [Localization System] CLocalize::FindSafe failed to localize: 'AIB[D] intent=tick-owner family=other stage=laning-core'
08/30 16:40:11 [Localization System] CLocalize::FindSafe failed to localize: 'AIB[R] intent=state-desire-siege family=siege base=66 push=12 hp=68 reason=tower_window score=78'
08/30 16:40:12 [Localization System] CLocalize::FindSafe failed to localize: 'AIB[R] intent=top-arbiter family=state winner=siege:96 losers=hero-over-creep:52,idle-heal:46,emergency-retreat:45,fwd-pullback:44,emergency-kill:43.5'
08/30 16:40:13 [Localization System] CLocalize::FindSafe failed to localize: 'AIB[D] intent=recovery-policy family=recover action=recover hp=30 gate=35 source=early-low'
08/30 16:40:13 [Localization System] CLocalize::FindSafe failed to localize: 'AIB[R] intent=state-desire-siege family=siege base=66 push=12 hp=69 hyst=18 reason=tower_window score=96'
08/30 16:40:13 [Localization System] CLocalize::FindSafe failed to localize: 'AIB[R] intent=state-siege-window family=siege ttl=2 wave=1 tower=685 hp=69 adv=true'
08/30 16:40:13 [Localization System] CLocalize::FindSafe failed to localize: 'AIB[R] intent=tower-opportunity family=siege result=hit phase=terminal wave=1 tower=685'
08/30 16:40:13 [Localization System] CLocalize::FindSafe failed to localize: 'AIB[R] intent=tick-owner family=other stage=laning-core'
08/30 16:40:13 [Localization System] CLocalize::FindSafe failed to localize: 'AIB[D] intent=tick-owner family=other stage=laning-core'
08/30 16:40:13 [Localization System] CLocalize::FindSafe failed to localize: 'AIB[R] intent=top-arbiter family=state winner=siege:96 losers=hero-over-creep:52,idle-heal:46,emergency-retreat:45,fwd-pullback:44,emergency-kill:43.5'
08/30 16:40:14 [Localization System] CLocalize::FindSafe failed to localize: 'AIB[R] t=371s hp=69% gold=245 loc=42,165 lh=19 dn=1 dg=+8 dlh=+0 bottle=-1 lvl=6 front=9375 ehp=-1'
08/30 16:40:14 [Localization System] CLocalize::FindSafe failed to localize: 'AIB[R] intent=state-desire-siege family=siege base=66 push=12 hp=69 hyst=18 reason=tower_window score=96'
08/30 16:40:15 [Localization System] CLocalize::FindSafe failed to localize: 'AIB[D] intent=recovery-policy family=recover action=recover hp=32 gate=35 source=early-low'
08/30 16:40:15 [Localization System] CLocalize::FindSafe failed to localize: 'AIB[R] intent=state-siege-window family=siege ttl=2 wave=1 tower=685 hp=70 adv=true'
08/30 16:40:15 [Localization System] CLocalize::FindSafe failed to localize: 'AIB[R] intent=tower-opportunity family=siege result=hit phase=terminal wave=1 tower=685'
08/30 16:40:15 [Localization System] CLocalize::FindSafe failed to localize: 'AIB[R] intent=top-arbiter family=state winner=siege:96 losers=hero-over-creep:52,idle-heal:46,emergency-retreat:45,fwd-pullback:44,emergency-kill:43.5'
08/30 16:40:15 [Localization System] CLocalize::FindSafe failed to localize: 'AIB[R] intent=tick-owner family=other stage=laning-core'
08/30 16:40:15 [Localization System] CLocalize::FindSafe failed to localize: 'AIB[D] intent=tick-owner family=other stage=laning-core'
08/30 16:40:16 [Localization System] CLocalize::FindSafe failed to localize: 'AIB[R] blocked=tower-range reason=no_licence tower=685 hp=70'
08/30 16:40:16 [Localization System] CLocalize::FindSafe failed to localize: 'AIB[D] t=373s hp=32% gold=38 loc=2442,2283 lh=27 dn=9 dg=+8 dlh=+0 bottle=0 lvl=6 front=8620 ehp=-1'
08/30 16:40:16 [Localization System] CLocalize::FindSafe failed to localize: 'AIB[D] blocked=buy-loop reason=saving target=item_power_treads head=item_belt_of_strength cost=450 gold=38 left=2'
08/30 16:40:17 [Localization System] CLocalize::FindSafe failed to localize: 'AIB[D] intent=recovery-policy family=recover action=recover hp=33 gate=35 source=early-low'
08/30 16:40:17 [Localization System] CLocalize::FindSafe failed to localize: 'AIB[D] intent=tick-owner family=other stage=laning-core'
08/30 16:40:19 [Localization System] CLocalize::FindSafe failed to localize: 'AIB[D] intent=recovery-policy family=recover action=recover hp=35 gate=35 source=early-low'
08/30 16:40:19 [Localization System] CLocalize::FindSafe failed to localize: 'AIB[D] intent=tick-owner family=other stage=laning-core'
08/30 16:40:20 [Localization System] CLocalize::FindSafe failed to localize: 'AIB[D] blocked=recover-candidate reason=no_resources_behind_safe hp=35 score=44'
08/30 16:40:20 [Localization System] CLocalize::FindSafe failed to localize: 'AIB[D] blocked=hero-over-creep reason=no_target'
08/30 16:40:20 [Localization System] CLocalize::FindSafe failed to localize: 'AIB[D] blocked=fountain-floor reason=heal_in_hand hp=35 inflight=nil'
08/30 16:40:20 [Localization System] CLocalize::FindSafe failed to localize: 'AIB[D] intent=top-arbiter family=state winner=idle-heal:46 losers=safe-cs:56,hero-over-creep:52,emergency-retreat:45,fwd-pullback:44,emergency-kill:43.5'
08/30 16:40:20 [Localization System] CLocalize::FindSafe failed to localize: 'AIB[D] blocked=bottle-rune reason=no_close_rune max=1900 waterMax=4700 nearest=inf water=inf mid=3860 status=0-0-'
08/30 16:40:20 [Localization System] CLocalize::FindSafe failed to localize: 'AIB[D] blocked=recovery-rune-bottle reason=no_close_rune max=3600 waterMax=4700 nearest=inf water=inf mid=3860 status=0-0-'
08/30 16:40:20 [Localization System] CLocalize::FindSafe failed to localize: 'AIB[D] intent=recovery-plan family=recover action=lane reason=empty_bottle_no_rune hp=36 mana=51'
08/30 16:40:20 [Localization System] CLocalize::FindSafe failed to localize: 'AIB[D] blocked=recovery-flask reason=already_healing hp=36'
08/30 16:40:20 [Localization System] CLocalize::FindSafe failed to localize: 'AIB[D] blocked=emergency-kill reason=no_target'
08/30 16:40:20 [Localization System] CLocalize::FindSafe failed to localize: 'AIB[D] blocked=uphill-repo reason=no_reposition'
08/30 16:40:20 [Localization System] CLocalize::FindSafe failed to localize: 'AIB[D] blocked=harass reason=own_heal_running'
08/30 16:40:20 [Localization System] CLocalize::FindSafe failed to localize: 'AIB[D] blocked=cs-watchdog reason=no_creep lh=27 idle=45'
08/30 16:40:20 [Localization System] CLocalize::FindSafe failed to localize: 'AIB[D] blocked=ability-harass reason=nothing_castable'
08/30 16:40:20 [Localization System] CLocalize::FindSafe failed to localize: 'AIB[D] intent=damage-by-source family=other creep=494 tower=62 hero=2366 mixed=222 death=0 other=39 stale=201 gaps=6'
08/30 16:40:21 [Localization System] CLocalize::FindSafe failed to localize: 'AIB[D] t=378s hp=40% gold=45 loc=3216,2875 lh=27 dn=9 dg=+7 dlh=+0 bottle=0 lvl=6 front=9566 ehp=-1'
08/30 16:40:21 [Localization System] CLocalize::FindSafe failed to localize: 'AIB[R] blocked=buy-tp reason=recent_tp since=50'
08/30 16:40:21 [Localization System] CLocalize::FindSafe failed to localize: 'AIB[D] intent=top-arbiter family=state winner=anti-idle:2 losers=safe-cs:56,hero-over-creep:52,idle-heal:46,emergency-retreat:45,fwd-pullback:44'
08/30 16:40:22 [Localization System] CLocalize::FindSafe failed to localize: 'AIB[D] intent=tick-owner family=other stage=laning-core'
08/30 16:40:22 [Localization System] CLocalize::FindSafe failed to localize: 'AIB[R] t=379s hp=68% gold=256 loc=-1047,-806 lh=19 dn=1 dg=+11 dlh=+0 bottle=2 lvl=6 front=8374 ehp=-1'
08/30 16:40:22 [Localization System] CLocalize::FindSafe failed to localize: 'AIB[R] blocked=hero-over-creep reason=no_target'
08/30 16:40:22 [Localization System] CLocalize::FindSafe failed to localize: 'AIB[R] blocked=emergency-kill reason=no_target'
08/30 16:40:22 [Localization System] CLocalize::FindSafe failed to localize: 'AIB[R] blocked=uphill-repo reason=no_reposition'
08/30 16:40:22 [Localization System] CLocalize::FindSafe failed to localize: 'AIB[R] blocked=harass reason=own_heal_running'
08/30 16:40:22 [Localization System] CLocalize::FindSafe failed to localize: 'AIB[R] blocked=ability-harass reason=nothing_castable'
08/30 16:40:22 [Localization System] CLocalize::FindSafe failed to localize: 'AIB[R] intent=top-arbiter family=state winner=wave-watch:10 losers=hero-over-creep:52,idle-heal:46,emergency-retreat:45,fwd-pullback:44,emergency-kill:43.5'
08/30 16:40:22 [Localization System] CLocalize::FindSafe failed to localize: 'AIB[R] intent=tick-owner family=other stage=desire/wave-watch reason=ready score=10 band=idle'
08/30 16:40:23 [Localization System] CLocalize::FindSafe failed to localize: 'AIB[D] blocked=hero-over-creep reason=no_target'
08/30 16:40:23 [Localization System] CLocalize::FindSafe failed to localize: 'AIB[D] blocked=emergency-kill reason=no_target'
08/30 16:40:23 [Localization System] CLocalize::FindSafe failed to localize: 'AIB[D] blocked=uphill-repo reason=no_reposition'
08/30 16:40:23 [Localization System] CLocalize::FindSafe failed to localize: 'AIB[D] blocked=ability-harass reason=nothing_castable'
08/30 16:40:23 [Localization System] CLocalize::FindSafe failed to localize: 'AIB[D] intent=top-arbiter family=state winner=anti-idle:2 losers=safe-cs:56,hero-over-creep:52,idle-heal:46,emergency-retreat:45,fwd-pullback:44'
08/30 16:40:24 [Localization System] CLocalize::FindSafe failed to localize: 'AIB[R] intent=melee-pack-space family=safety count=2 dist=140'
08/30 16:40:24 [Localization System] CLocalize::FindSafe failed to localize: 'AIB[D] intent=tick-owner family=other stage=laning-core'
08/30 16:40:24 [Localization System] CLocalize::FindSafe failed to localize: 'AIB[R] intent=damage-by-source family=other creep=554 tower=0 hero=2142 mixed=272 death=177 other=497 stale=148 gaps=4'
08/30 16:40:24 [Localization System] CLocalize::FindSafe failed to localize: 'AIB[R] intent=top-arbiter family=state winner=creep-work:38.6 losers=hero-over-creep:52,idle-heal:46,emergency-retreat:45,fwd-pullback:44,emergency-kill:43.5'
08/30 16:40:24 [Localization System] CLocalize::FindSafe failed to localize: 'AIB[D] blocked=recovery-flask reason=already_healing hp=52'
08/30 16:40:24 [Localization System] CLocalize::FindSafe failed to localize: 'AIB[D] blocked=harass reason=own_heal_running'
08/30 16:40:24 [Localization System] CLocalize::FindSafe failed to localize: 'AIB[D] blocked=buy-loop reason=saving target=item_power_treads head=item_belt_of_strength cost=450 gold=50 left=2'
08/30 16:40:24 [Localization System] CLocalize::FindSafe failed to localize: 'AIB[R] intent=tick-owner family=other stage=laning-core'
08/30 16:40:24 [Localization System] CLocalize::FindSafe failed to localize: 'AIB[D] intent=top-arbiter family=state winner=anti-idle:2 losers=safe-cs:56,hero-over-creep:52,idle-heal:46,emergency-retreat:45,fwd-pullback:44'
08/30 16:40:25 [Localization System] CLocalize::FindSafe failed to localize: 'AIB[D] blocked=cs-watchdog reason=no_creep lh=27 idle=50'
08/30 16:40:25 [Localization System] CLocalize::FindSafe failed to localize: 'AIB[R] blocked=buy-loop reason=saving target=item_magic_wand head=item_recipe_magic_wand cost=150 gold=61 left=1'
08/30 16:40:25 [Localization System] CLocalize::FindSafe failed to localize: 'AIB[R] blocked=hero-over-creep reason=no_target'
08/30 16:40:25 [Localization System] CLocalize::FindSafe failed to localize: 'AIB[R] blocked=emergency-kill reason=no_target'
08/30 16:40:25 [Localization System] CLocalize::FindSafe failed to localize: 'AIB[R] blocked=uphill-repo reason=no_reposition'
08/30 16:40:25 [Localization System] CLocalize::FindSafe failed to localize: 'AIB[R] blocked=ability-harass reason=nothing_castable'
08/30 16:40:25 [Localization System] CLocalize::FindSafe failed to localize: 'AIB[R] intent=top-arbiter family=state winner=wave-watch:10 losers=hero-over-creep:52,idle-heal:46,emergency-retreat:45,fwd-pullback:44,emergency-kill:43.5'
08/30 16:40:26 [Localization System] CLocalize::FindSafe failed to localize: 'AIB[D] intent=tick-owner family=other stage=laning-core'
08/30 16:40:26 [Localization System] CLocalize::FindSafe failed to localize: 'AIB[R] blocked=harass reason=no_target'
08/30 16:40:26 [Localization System] CLocalize::FindSafe failed to localize: 'AIB[D] t=383s hp=61% gold=53 loc=1834,1778 lh=27 dn=9 dg=+8 dlh=+0 bottle=0 lvl=6 front=10082 ehp=-1'
08/30 16:40:26 [Localization System] CLocalize::FindSafe failed to localize: 'AIB[D] blocked=hero-over-creep reason=no_target'
08/30 16:40:26 [Localization System] CLocalize::FindSafe failed to localize: 'AIB[D] blocked=emergency-kill reason=no_target'
08/30 16:40:26 [Localization System] CLocalize::FindSafe failed to localize: 'AIB[D] blocked=uphill-repo reason=no_reposition'
08/30 16:40:26 [Localization System] CLocalize::FindSafe failed to localize: 'AIB[D] blocked=ability-harass reason=nothing_castable'
08/30 16:40:26 [Localization System] CLocalize::FindSafe failed to localize: 'AIB[D] intent=top-arbiter family=state winner=anti-idle:2 losers=hero-over-creep:52,idle-heal:46,emergency-retreat:45,fwd-pullback:44,emergency-kill:43.5'
08/30 16:40:26 [Localization System] CLocalize::FindSafe failed to localize: 'AIB[R] intent=tick-owner family=other stage=laning-core'
08/30 16:40:27 [Localization System] CLocalize::FindSafe failed to localize: 'AIB[R] intent=top-arbiter family=state winner=wave-watch:10 losers=hero-over-creep:52,idle-heal:46,emergency-retreat:45,fwd-pullback:44,emergency-kill:43.5'
08/30 16:40:27 [Localization System] CLocalize::FindSafe failed to localize: 'AIB[R] intent=state-desire-last-hit family=farm dist=522 reason=killable_creep score=140'
08/30 16:40:27 [Localization System] CLocalize::FindSafe failed to localize: 'AIB[R] t=384s hp=87% gold=64 loc=-940,-765 lh=19 dn=1 dg=-192 dlh=+0 bottle=1 lvl=6 front=8440 ehp=-1'
08/30 16:40:28 [Localization System] CLocalize::FindSafe failed to localize: 'AIB[R] blocked=visual-hold reason=creep_in_range held=2.2 hp=87 repeat=1 hard=false'
08/30 16:40:28 [Localization System] CLocalize::FindSafe failed to localize: 'AIB[D] intent=top-arbiter family=state winner=anti-idle:2 losers=hero-over-creep:52,idle-heal:46,emergency-retreat:45,fwd-pullback:44,emergency-kill:43.5'
08/30 16:40:28 [Localization System] CLocalize::FindSafe failed to localize: 'AIB[D] intent=tick-owner family=other stage=laning-core'
08/30 16:40:28 [Localization System] CLocalize::FindSafe failed to localize: 'AIB[D] blocked=bottle-rune reason=no_close_rune max=1900 waterMax=4700 nearest=inf water=inf mid=1091 status=0-0-'
08/30 16:40:28 [Localization System] CLocalize::FindSafe failed to localize: 'AIB[D] blocked=recovery-rune-bottle reason=no_close_rune max=3600 waterMax=4700 nearest=inf water=inf mid=1091 status=0-0-'
08/30 16:40:28 [Localization System] CLocalize::FindSafe failed to localize: 'AIB[D] blocked=recovery-flask reason=already_healing hp=69'
08/30 16:40:28 [Localization System] CLocalize::FindSafe failed to localize: 'AIB[D] blocked=harass reason=own_heal_running'
08/30 16:40:29 [Localization System] CLocalize::FindSafe failed to localize: 'AIB[R] intent=state-desire-last-hit family=farm dist=551 hyst=18 reason=killable_creep score=158'
08/30 16:40:29 [Localization System] CLocalize::FindSafe failed to localize: 'AIB[R] intent=top-arbiter family=state winner=last-hit:158 losers=hero-over-creep:52,idle-heal:46,emergency-retreat:45,fwd-pullback:44,emergency-kill:43.5'
08/30 16:40:29 [Localization System] CLocalize::FindSafe failed to localize: 'AIB[R] intent=tick-owner family=other stage=laning-core'
08/30 16:40:29 [Localization System] CLocalize::FindSafe failed to localize: 'AIB[R] blocked=hero-over-creep reason=no_target'
08/30 16:40:29 [Localization System] CLocalize::FindSafe failed to localize: 'AIB[R] blocked=emergency-kill reason=no_target'
08/30 16:40:29 [Localization System] CLocalize::FindSafe failed to localize: 'AIB[R] blocked=uphill-repo reason=no_reposition'
08/30 16:40:29 [Localization System] CLocalize::FindSafe failed to localize: 'AIB[R] blocked=harass reason=no_target'
08/30 16:40:29 [Localization System] CLocalize::FindSafe failed to localize: 'AIB[R] blocked=ability-harass reason=nothing_castable'
08/30 16:40:29 [Localization System] CLocalize::FindSafe failed to localize: 'AIB[D] blocked=hero-over-creep reason=no_target'
08/30 16:40:29 [Localization System] CLocalize::FindSafe failed to localize: 'AIB[D] blocked=emergency-kill reason=no_target'
08/30 16:40:29 [Localization System] CLocalize::FindSafe failed to localize: 'AIB[D] blocked=uphill-repo reason=no_reposition'
08/30 16:40:29 [Localization System] CLocalize::FindSafe failed to localize: 'AIB[D] blocked=ability-harass reason=nothing_castable'
08/30 16:40:29 [Localization System] CLocalize::FindSafe failed to localize: 'AIB[D] intent=top-arbiter family=state winner=anti-idle:2 losers=hero-over-creep:52,idle-heal:46,emergency-retreat:45,fwd-pullback:44,emergency-kill:43.5'
08/30 16:40:30 Script function 'Think' on bot npc_dota_hero_nevermore took 2.762ms
08/30 16:40:30 [Localization System] CLocalize::FindSafe failed to localize: 'AIB[D] blocked=cs-watchdog reason=no_creep lh=27 idle=55'
08/30 16:40:30 [Localization System] CLocalize::FindSafe failed to localize: 'AIB[D] intent=tick-owner family=other stage=laning-core'
08/30 16:40:30 [Localization System] CLocalize::FindSafe failed to localize: 'AIB[R] blocked=visual-hold reason=creep_in_range held=4.6 hp=88 repeat=3 hard=true'
08/30 16:40:30 [Localization System] CLocalize::FindSafe failed to localize: 'AIB[R] intent=top-arbiter family=state winner=creep-work:38.6 losers=hero-over-creep:52,idle-heal:46,emergency-retreat:45,fwd-pullback:44,emergency-kill:43.5'
08/30 16:40:31 Script function 'Think' on bot npc_dota_hero_nevermore took 2.575ms
08/30 16:40:31 [Localization System] CLocalize::FindSafe failed to localize: 'AIB[R] intent=tick-owner family=other stage=laning-core'
08/30 16:40:31 [Localization System] CLocalize::FindSafe failed to localize: 'AIB[D] intent=top-arbiter family=state winner=anti-idle:2 losers=hero-over-creep:52,idle-heal:46,emergency-retreat:45,fwd-pullback:44,emergency-kill:43.5'
08/30 16:40:31 [Localization System] CLocalize::FindSafe failed to localize: 'AIB[D] t=388s hp=80% gold=61 loc=631,517 lh=27 dn=9 dg=+8 dlh=+0 bottle=0 lvl=6 front=10079 ehp=-1'
08/30 16:40:32 [Localization System] CLocalize::FindSafe failed to localize: 'AIB[R] intent=top-arbiter family=state winner=creep-work:38.6 losers=hero-over-creep:52,idle-heal:46,emergency-retreat:45,fwd-pullback:44,emergency-kill:43.5'
08/30 16:40:32 [Localization System] CLocalize::FindSafe failed to localize: 'AIB[D] intent=tick-owner family=other stage=laning-core'
08/30 16:40:32 [Localization System] CLocalize::FindSafe failed to localize: 'AIB[R] blocked=hero-over-creep reason=no_target'
08/30 16:40:32 [Localization System] CLocalize::FindSafe failed to localize: 'AIB[R] blocked=emergency-kill reason=no_target'
08/30 16:40:32 [Localization System] CLocalize::FindSafe failed to localize: 'AIB[R] blocked=uphill-repo reason=no_reposition'
08/30 16:40:32 [Localization System] CLocalize::FindSafe failed to localize: 'AIB[R] blocked=harass reason=no_target'
08/30 16:40:32 [Localization System] CLocalize::FindSafe failed to localize: 'AIB[D] blocked=buy-loop reason=saving target=item_power_treads head=item_belt_of_strength cost=450 gold=62 left=2'
08/30 16:40:32 [Localization System] CLocalize::FindSafe failed to localize: 'AIB[D] blocked=hero-over-creep reason=no_target'
08/30 16:40:32 [Localization System] CLocalize::FindSafe failed to localize: 'AIB[D] blocked=emergency-kill reason=no_target'
08/30 16:40:32 [Localization System] CLocalize::FindSafe failed to localize: 'AIB[D] blocked=uphill-repo reason=no_reposition'
08/30 16:40:32 [Localization System] CLocalize::FindSafe failed to localize: 'AIB[D] blocked=harass reason=own_heal_running'
08/30 16:40:32 [Localization System] CLocalize::FindSafe failed to localize: 'AIB[D] blocked=ability-harass reason=nothing_castable'
08/30 16:40:32 [Localization System] CLocalize::FindSafe failed to localize: 'AIB[D] intent=top-arbiter family=state winner=anti-idle:2 losers=hero-over-creep:52,idle-heal:46,emergency-retreat:45,fwd-pullback:44,emergency-kill:43.5'
08/30 16:40:32 [Localization System] CLocalize::FindSafe failed to localize: 'AIB[R] t=389s hp=89% gold=42 loc=-963,-834 lh=21 dn=1 dg=-22 dlh=+2 bottle=1 lvl=6 front=8454 ehp=-1'
08/30 16:40:32 [Localization System] CLocalize::FindSafe failed to localize: 'AIB[R] blocked=ability-harass reason=nothing_castable'
08/30 16:40:32 [Localization System] CLocalize::FindSafe failed to localize: 'AIB[R] intent=lane-line-episode family=other dist=883 fwd=0.58'
08/30 16:40:33 [Localization System] CLocalize::FindSafe failed to localize: 'AIB[R] blocked=uphill-repo reason=motor_busy'
08/30 16:40:33 [Localization System] CLocalize::FindSafe failed to localize: 'AIB[R] intent=tick-owner family=other stage=laning-core'
08/30 16:40:33 [Localization System] CLocalize::FindSafe failed to localize: 'AIB[D] blocked=harass reason=no_target'
08/30 16:40:33 [Localization System] CLocalize::FindSafe failed to localize: 'AIB[D] intent=lane-line-episode family=other dist=856 fwd=0.50'
08/30 16:40:33 [Localization System] CLocalize::FindSafe failed to localize: 'AIB[D] blocked=uphill-repo reason=motor_busy'
08/30 16:40:33 [Localization System] CLocalize::FindSafe failed to localize: 'AIB[D] intent=cs-watchdog family=farm lh=27 idle=58 creep_hp=453 dist=847'
08/30 16:40:33 [Localization System] CLocalize::FindSafe failed to localize: 'AIB[R] intent=top-arbiter family=state winner=creep-work:38.6 losers=hero-over-creep:52,idle-heal:46,emergency-retreat:45,fwd-pullback:44,emergency-kill:43.5'
08/30 16:40:33 [Localization System] CLocalize::FindSafe failed to localize: 'AIB[D] intent=melee-pack-space family=safety count=2 dist=126'
08/30 16:40:34 [Localization System] CLocalize::FindSafe failed to localize: 'AIB[D] blocked=wave-watch reason=not_finishable creep_hp=300 dist=770 idle=58'
08/30 16:40:34 [Localization System] CLocalize::FindSafe failed to localize: 'AIB[D] blocked=recovery-buy reason=flask_in_inventory hp=88'
08/30 16:40:34 [Localization System] CLocalize::FindSafe failed to localize: 'AIB[D] intent=top-arbiter family=state winner=wave-watch:10 losers=hero-over-creep:52,idle-heal:46,emergency-retreat:45,fwd-pullback:44,emergency-kill:43.5'
08/30 16:40:34 [Localization System] CLocalize::FindSafe failed to localize: 'AIB[D] intent=tick-owner family=other stage=laning-core'
08/30 16:40:35 [Localization System] CLocalize::FindSafe failed to localize: 'AIB[D] blocked=uphill-repo reason=not_trading'
08/30 16:40:35 [Localization System] CLocalize::FindSafe failed to localize: 'AIB[R] intent=top-arbiter family=state winner=creep-work:38.6 losers=hero-over-creep:52,idle-heal:46,emergency-retreat:45,fwd-pullback:44,emergency-kill:43.5'
08/30 16:40:35 [Localization System] CLocalize::FindSafe failed to localize: 'AIB[R] intent=tick-owner family=other stage=laning-core'
08/30 16:40:35 [Localization System] CLocalize::FindSafe failed to localize: 'AIB[D] intent=damage-by-source family=other creep=494 tower=62 hero=2366 mixed=222 death=0 other=39 stale=201 gaps=6'
08/30 16:40:35 [Localization System] CLocalize::FindSafe failed to localize: 'AIB[D] anti-afk-lane=2 anti-afk-no-chase=1 anti-idle-combat=2 anti-idle-enter=38 anti-idle-lane=22 anti-idle-lowhp-back=6 bottle-heal=1 bottle-rune=3 channel-interrupt-atk=26 channel-interrupt-chase=25 creep-aggro-back=9 creep-aggro-hero-yield=13 creep-aggro-hit=6 creep-dmg=7 creep-hit-react-aggro-step=4 creep-hit-react-atk=14 creep-hit-react-step=16 cs-wait-release=54 cs-wait=27 cs-walk-gap-large=28 cs-walk-gap-small=13 cs-walk-inrange=3 cs-walk-into-pack=19 cs-walk=44 cs-watchdog-atk=7 cs-watchdog-step=17 deny-act-atk=57 deny-act-walk=15 deny-act=72 deny-cand-doomed=40 deny-cand-tanky=215 dw-active=9 dw-farm=65 dw-fwd=3 dw-tower-step=4 dw-tower=27 empty-bottle-ok=2 fight-hp-behind=18 fountain-tp-hold=1 fountain-trip-release=3 fountain-wait=3 fwd-at-position=10 fwd-hold=2 fwd-position=2 fwd-suppressed-creep=26 fwd-suppressed-empty=4 fwd-suppressed-hero=12 fwd-suppressed-lowhp=5 fwd-suppressed-motor=22 fwd-suppressed-recovery=3 fwd-suppressed-rune=3 fwd-suppressed-tower=7 fwd-suppressed-visual=1 fwd-suppressed-watchdog=2 harass-seek=3 heal-inflight-back=3 heal-inflight-hold=2 heal-item=3 heal-want=2 hero-contact-atk=30 hero-contact-chase=10 hero-over-creep=3 hero-pass-atk=12 hero-pass-chase=3 idle=15 kill-lock-atk=2 kill-lock-chase=37 kill-priority=12 killwin-atk=55 killwin-scan=1253 lane-line-fallback=146 lane-line-suppressed-creep-dmg=3 lane-line-suppressed-creep=16 lane-line-suppressed-damage=2 lane-line-suppressed-empty=7 lane-line-suppressed-heal=15 lane-line-suppressed-lowhp=14 lane-line-suppressed-motor=3 lane-line-suppressed-recovery=2 last-hit-urgent=76 low-hp-limit=8 melee-pack-release=21 melee-pack-space=31 no-dive=2 own-ranged-stepback=2 pre-aig=38 precreep-anchor=25 precreep-hold=2 precreep-park-hold=12 precreep-park=189 precreep-space=4 prewave-defend=2 prewave-free-hit=96 recover-safe=2 recover-xp=15 recovery-bottle-active=4 recovery-bottle=2 recovery-buy-critical=2 recovery-buy-under-fire=1 recovery-buy=5 recovery-enemy-near=360 recovery-flask=3 recovery-regen=8 recovery-tango=1 recovery-tp=1 recovery-yield=2 regen-walk=9 siege-commit-tower=1 siege-step=1 tango-heal=3 tower-aggro-drop=4 uphill-reposition=1 uphill-void-under-fire=6 visual-hold-creep=36 visual-hold-lane=5 wave-watch-atk=11 wave-watch-no-wave=28 wave-watch-step=2 wave-watch=34'
08/30 16:40:35 [Localization System] CLocalize::FindSafe failed to localize: 'AIB[R] blocked=hero-over-creep reason=no_target'
08/30 16:40:35 [Localization System] CLocalize::FindSafe failed to localize: 'AIB[R] blocked=emergency-kill reason=no_target'
08/30 16:40:35 [Localization System] CLocalize::FindSafe failed to localize: 'AIB[R] blocked=uphill-repo reason=no_reposition'
08/30 16:40:35 [Localization System] CLocalize::FindSafe failed to localize: 'AIB[R] blocked=harass reason=no_target'
08/30 16:40:35 [Localization System] CLocalize::FindSafe failed to localize: 'AIB[D] blocked=hero-over-creep reason=no_target'
08/30 16:40:35 [Localization System] CLocalize::FindSafe failed to localize: 'AIB[D] blocked=emergency-kill reason=no_target'
08/30 16:40:35 [Localization System] CLocalize::FindSafe failed to localize: 'AIB[D] blocked=ability-harass reason=nothing_castable'
08/30 16:40:35 [Localization System] CLocalize::FindSafe failed to localize: 'AIB[D] intent=top-arbiter family=state winner=wave-watch:10 losers=hero-over-creep:52,idle-heal:46,emergency-retreat:45,fwd-pullback:44,emergency-kill:43.5'
08/30 16:40:35 [Localization System] CLocalize::FindSafe failed to localize: 'AIB[R] anti-afk-no-chase=2 anti-idle-combat=4 anti-idle-enter=32 anti-idle-lane=19 anti-idle-lowhp-back=8 buy-skip-fountain-floor=1 channel-interrupt-atk=15 channel-interrupt-chase=17 creep-aggro-back=3 creep-aggro-hero-yield=5 creep-aggro-hit=13 creep-dmg=4 creep-hit-react-aggro-step=1 creep-hit-react-atk=7 creep-hit-react-step=25 critical-recover-hold=2 cs-wait-release=26 cs-wait=16 cs-walk-gap-large=17 cs-walk-gap-small=75 cs-walk-inrange=39 cs-walk-into-pack=46 cs-walk=132 cs-watchdog-atk=2 cs-watchdog-step=8 cw-push-cs-step=1 cw-push=227 deny-act-atk=4 deny-act-walk=11 deny-act=15 deny-cand-doomed=20 deny-cand-tanky=122 fight-hp-behind=13 fountain-tp-hold=1 fountain-trip-release=4 fountain-wait=2 fwd-at-position=8 fwd-hold=2 fwd-position=2 fwd-suppressed-creep=11 fwd-suppressed-cs=3 fwd-suppressed-empty=5 fwd-suppressed-hero=5 fwd-suppressed-lowhp=8 fwd-suppressed-motor=24 fwd-suppressed-tower=13 fwd-suppressed-visual=4 fwd-suppressed-watchdog=1 heal-blocked-damage=1 heal-inflight-back=1 heal-inflight-hold=2 heal-item=5 heal-want=7 hero-contact-atk=32 hero-contact-chase=16 hero-over-creep=21 hero-pass-atk=20 hero-pass-chase=11 hero-prio-always=7 hero-prio-chase-hold=15 hero-prio-chase=58 idle=15 kill-lock-chase=2 kill-priority=8 killwin-atk=2 killwin-scan=1355 lane-line-fallback=70 lane-line-suppressed-creep-dmg=2 lane-line-suppressed-creep=7 lane-line-suppressed-empty=3 lane-line-suppressed-heal=12 lane-line-suppressed-lowhp=13 lane-line-suppressed-motor=7 last-hit-urgent=91 low-hp-behind-safe=1 low-hp-creep=13 low-hp-limit=15 melee-pack-release=18 melee-pack-space=26 own-ranged-stepback=1 pre-aig=32 precreep-anchor=34 precreep-hold=2 precreep-park-hold=13 precreep-park=155 precreep-space=1 prewave-duel-trade=84 prewave-duel-uphill-back=15 recover-safe=15 recover-xp=11 recovery-bottle-active=2 recovery-buy-critical=4 recovery-buy-under-fire=1 recovery-buy=3 recovery-enemy-near=397 recovery-flask=2 recovery-regen=9 recovery-rune=2 recovery-tp=1 recovery-wait=1 recovery-yield=3 regen-walk=16 siege-commit-tower=11 siege-step=3 siege-terminal-tower=20 tango-heal=2 tower-aggro-drop=2 tower-range-exit=1 uphill-reposition=2 uphill-void-under-fire=10 visual-hold-creep=6 visual-hold-lane=4 wave-watch-atk=7 wave-watch-no-wave=25 wave-watch-step=1 wave-watch=22'
08/30 16:40:35 [Localization System] CLocalize::FindSafe failed to localize: 'AIB[D] intent=cs-watchdog family=farm lh=27 idle=60 creep_hp=300 dist=855'
08/30 16:40:36 [Localization System] CLocalize::FindSafe failed to localize: 'AIB[D] blocked=harass reason=no_target'
08/30 16:40:36 [Localization System] CLocalize::FindSafe failed to localize: 'AIB[D] blocked=recovery-rune-bottle reason=no_close_rune max=3600 waterMax=4700 nearest=inf water=inf mid=363 status=0-0-'
08/30 16:40:36 [Localization System] CLocalize::FindSafe failed to localize: 'AIB[D] t=393s hp=89% gold=68 loc=-13,98 enemy-dist=968 lh=27 dn=9 dg=+7 dlh=+0 bottle=0 lvl=6 front=9719 ehp=91'
08/30 16:40:36 [Localization System] CLocalize::FindSafe failed to localize: 'AIB[D] intent=tick-owner family=other stage=laning-core'
08/30 16:40:36 [Localization System] CLocalize::FindSafe failed to localize: 'AIB[R] intent=top-arbiter family=state winner=creep-work:38.6 losers=hero-over-creep:52,idle-heal:46,emergency-retreat:45,fwd-pullback:44,emergency-kill:43.5'
08/30 16:40:36 [Localization System] CLocalize::FindSafe failed to localize: 'AIB[R] blocked=ability-harass reason=nothing_castable'
08/30 16:40:36 [Localization System] CLocalize::FindSafe failed to localize: 'AIB[R] intent=lane-line-episode family=other dist=717 fwd=0.65'
08/30 16:40:37 [Localization System] CLocalize::FindSafe failed to localize: 'AIB[R] blocked=uphill-repo reason=motor_busy'
08/30 16:40:37 [Localization System] CLocalize::FindSafe failed to localize: 'AIB[D] blocked=wave-watch reason=not_finishable creep_hp=300 dist=821 idle=62'
08/30 16:40:37 [Localization System] CLocalize::FindSafe failed to localize: 'AIB[D] blocked=visual-hold reason=creep_in_range held=2.0 hp=89 repeat=1 hard=false'
08/30 16:40:37 [Localization System] CLocalize::FindSafe failed to localize: 'AIB[R] intent=tick-owner family=other stage=laning-core'
08/30 16:40:37 [Localization System] CLocalize::FindSafe failed to localize: 'AIB[D] intent=top-arbiter family=state winner=creep-work:38.8 losers=hero-over-creep:52,idle-heal:46,emergency-retreat:45,fwd-pullback:44,emergency-kill:43.5'
08/30 16:40:37 [Localization System] CLocalize::FindSafe failed to localize: 'AIB[D] intent=melee-pack-space family=safety count=2 dist=143'
08/30 16:40:38 [Localization System] CLocalize::FindSafe failed to localize: 'AIB[R] t=395s hp=91% gold=49 loc=-542,-411 enemy-dist=876 lh=21 dn=1 dg=+7 dlh=+0 bottle=1 lvl=6 front=8965 ehp=90'
08/30 16:40:38 [Localization System] CLocalize::FindSafe failed to localize: 'AIB[R] intent=top-arbiter family=state winner=harass:40 losers=hero-over-creep:52,idle-heal:46,emergency-retreat:45,fwd-pullback:44,emergency-kill:43.5'
08/30 16:40:38 [Localization System] CLocalize::FindSafe failed to localize: 'AIB[D] blocked=bottle-rune reason=no_close_rune max=1900 waterMax=4700 nearest=inf water=inf mid=607 status=0-0-'
08/30 16:40:38 [Localization System] CLocalize::FindSafe failed to localize: 'AIB[D] blocked=uphill-repo reason=no_reposition'
08/30 16:40:38 [Localization System] CLocalize::FindSafe failed to localize: 'AIB[D] intent=state-desire-safety family=state base=108 creep_dmg=8 hp=66 creep=true hero=true reason=recent_damage score=116'
08/30 16:40:38 [Localization System] CLocalize::FindSafe failed to localize: 'AIB[D] blocked=creep-hit-react reason=inside_melee_pack count=2 dist=215 hp=66'
08/30 16:40:38 [Localization System] CLocalize::FindSafe failed to localize: 'AIB[D] intent=creep-hit-react family=safety dist=215 hp=66 hits=1 reason=edge_attack'
08/30 16:40:38 [Localization System] CLocalize::FindSafe failed to localize: 'AIB[D] intent=tick-owner family=other stage=desire/safety base=108 creep_dmg=8 hp=66 creep=true hero=true reason=recent_damage score=116'
08/30 16:40:38 [Localization System] CLocalize::FindSafe failed to localize: 'AIB[D] blocked=safety-candidate reason=no_action_capped hp=66 score=44'
08/30 16:40:38 [Localization System] CLocalize::FindSafe failed to localize: 'AIB[D] blocked=hero-over-creep reason=no_target'
08/30 16:40:38 [Localization System] CLocalize::FindSafe failed to localize: 'AIB[D] blocked=emergency-kill reason=no_target'
08/30 16:40:38 [Localization System] CLocalize::FindSafe failed to localize: 'AIB[R] intent=state-desire-fight family=state base=78 hp_adv=8 dist=744 hp=92 ehp=66 reason=enemy_seen score=86'
08/30 16:40:38 [Localization System] CLocalize::FindSafe failed to localize: 'AIB[R] blocked=ability-pressure reason=nothing_castable'
08/30 16:40:38 [Localization System] CLocalize::FindSafe failed to localize: 'AIB[R] intent=hero-contact family=fight dist=744 hp=92 reason=close_enemy'
08/30 16:40:38 [Localization System] CLocalize::FindSafe failed to localize: 'AIB[D] intent=top-arbiter family=state winner=creep-work:38.8 losers=hero-over-creep:52,idle-heal:46,emergency-retreat:45,fwd-pullback:44,emergency-kill:43.5'
08/30 16:40:38 [Localization System] CLocalize::FindSafe failed to localize: 'AIB[R] blocked=hero-contact reason=refractory since=0.20'
08/30 16:40:38 [Localization System] CLocalize::FindSafe failed to localize: 'AIB[R] intent=hero-pass family=fight dist=683 hp=92 reason=nearby_enemy'
08/30 16:40:39 [Localization System] CLocalize::FindSafe failed to localize: 'AIB[R] blocked=top-arbiter reason=empty_action winner=fight score=104'
08/30 16:40:39 [Localization System] CLocalize::FindSafe failed to localize: 'AIB[R] blocked=hero-over-creep reason=no_target'
08/30 16:40:39 [Localization System] CLocalize::FindSafe failed to localize: 'AIB[R] blocked=emergency-kill reason=no_target'
08/30 16:40:39 [Localization System] CLocalize::FindSafe failed to localize: 'AIB[D] intent=melee-pack-space family=safety count=2 dist=271'
08/30 16:40:39 [Localization System] CLocalize::FindSafe failed to localize: 'AIB[R] intent=damage-by-source family=other creep=554 tower=0 hero=2341 mixed=272 death=177 other=497 stale=148 gaps=4'
08/30 16:40:39 [Localization System] CLocalize::FindSafe failed to localize: 'AIB[R] intent=tick-owner family=other stage=laning-core'
08/30 16:40:39 [Localization System] CLocalize::FindSafe failed to localize: 'AIB[D] intent=state-desire-last-hit family=farm dist=523 reason=killable_creep score=140'
08/30 16:40:39 [Localization System] CLocalize::FindSafe failed to localize: 'AIB[R] intent=top-arbiter family=state winner=harass:40 losers=fight:114,hero-over-creep:52,idle-heal:46,emergency-retreat:45,fwd-pullback:44'
08/30 16:40:39 [Localization System] CLocalize::FindSafe failed to localize: 'AIB[D] blocked=fight-candidate reason=no_action_capped hp=36 score=40'
08/30 16:40:39 [Localization System] CLocalize::FindSafe failed to localize: 'AIB[D] blocked=top-arbiter reason=empty_action winner=safety score=134'
08/30 16:40:39 [Localization System] CLocalize::FindSafe failed to localize: 'AIB[D] intent=state-desire-recover family=state base=74 danger=28 creep_dmg=-14 hp=36 reason=hp_gate score=88'
08/30 16:40:39 [Localization System] CLocalize::FindSafe failed to localize: 'AIB[D] intent=recovery-policy family=recover action=recover hp=36 gate=55 source=lane-low'
08/30 16:40:39 [Localization System] CLocalize::FindSafe failed to localize: 'AIB[D] intent=state-recover-xp family=state ttl=2 reason=regen_lane hp=36 dist=765'
08/30 16:40:39 [Localization System] CLocalize::FindSafe failed to localize: 'AIB[R] blocked=hero-pass reason=chase_into_tower hp=69'
08/30 16:40:40 [Localization System] CLocalize::FindSafe failed to localize: 'AIB[R] intent=state-desire-fight family=state base=78 hp_adv=8 execute=20 dist=636 hp=70 ehp=39 hyst=18 reason=enemy_seen score=124'
08/30 16:40:40 [Localization System] CLocalize::FindSafe failed to localize: 'AIB[R] blocked=uphill-repo reason=motor_busy'
08/30 16:40:40 [Localization System] CLocalize::FindSafe failed to localize: 'AIB[D] intent=top-arbiter family=state winner=recover:106 losers=safe-cs:56,hero-over-creep:52,idle-heal:46,emergency-retreat:45,fwd-pullback:44'
08/30 16:40:40 [Localization System] CLocalize::FindSafe failed to localize: 'AIB[D] blocked=buy-tp reason=recent_tp since=30'
08/30 16:40:40 [Localization System] CLocalize::FindSafe failed to localize: 'AIB[D] blocked=buy-loop reason=saving target=item_power_treads head=item_belt_of_strength cost=450 gold=125 left=2'
08/30 16:40:40 [Localization System] CLocalize::FindSafe failed to localize: 'AIB[R] blocked=channel-interrupt reason=unsafe dist=644 hp=70 kind=heal'
08/30 16:40:40 [Localization System] CLocalize::FindSafe failed to localize: 'AIB[R] intent=state-desire-siege family=siege base=66 push=12 hp=70 reason=tower_window score=78'
08/30 16:40:40 [Localization System] CLocalize::FindSafe failed to localize: 'AIB[R] intent=state-siege-window family=siege ttl=2 wave=2 tower=1033 hp=70 adv=false'
08/30 16:40:40 [Localization System] CLocalize::FindSafe failed to localize: 'AIB[R] intent=tower-opportunity family=siege result=step phase=default wave=2 tower=1033'
08/30 16:40:40 [Localization System] CLocalize::FindSafe failed to localize: 'AIB[D] intent=state-desire-safety family=state base=108 creep_dmg=8 hp=39 creep=true hero=true reason=recent_damage score=116'
08/30 16:40:40 [Localization System] CLocalize::FindSafe failed to localize: 'AIB[D] intent=creep-hit-react family=safety dist=395 hp=39 hits=3 reason=aggro_step'
08/30 16:40:40 [Localization System] CLocalize::FindSafe failed to localize: 'AIB[R] blocked=top-arbiter reason=empty_action winner=fight score=106'
08/30 16:40:40 [Localization System] CLocalize::FindSafe failed to localize: 'AIB[D] intent=tick-owner family=other stage=laning-core'
08/30 16:40:41 [Localization System] CLocalize::FindSafe failed to localize: 'AIB[R] intent=tick-owner family=other stage=dive'
08/30 16:40:41 [Localization System] CLocalize::FindSafe failed to localize: 'AIB[R] intent=top-arbiter family=state winner=siege:96 losers=fight:124,hero-over-creep:52,idle-heal:46,emergency-retreat:45,fwd-pullback:44'
08/30 16:40:41 [Localization System] CLocalize::FindSafe failed to localize: 'AIB[D] t=398s hp=42% gold=127 loc=382,556 enemy-dist=582 lh=28 dn=10 dg=+59 dlh=+1 bottle=0 lvl=6 front=8620 ehp=70'
08/30 16:40:41 [Localization System] CLocalize::FindSafe failed to localize: 'AIB[D] intent=state-desire-fight family=state base=78 range=18 dist=582 hp=42 ehp=70 reason=enemy_seen score=96'
08/30 16:40:41 [Localization System] CLocalize::FindSafe failed to localize: 'AIB[D] blocked=ability-pressure reason=nothing_castable'
08/30 16:40:41 [Localization System] CLocalize::FindSafe failed to localize: 'AIB[D] intent=hero-contact family=fight dist=582 hp=42 reason=attackable_enemy'
08/30 16:40:41 [Localization System] CLocalize::FindSafe failed to localize: 'AIB[D] blocked=safety-candidate reason=no_action_capped hp=43 score=44'
08/30 16:40:41 [Localization System] CLocalize::FindSafe failed to localize: 'AIB[D] blocked=hero-contact reason=refractory since=0.17'
08/30 16:40:41 [Localization System] CLocalize::FindSafe failed to localize: 'AIB[D] blocked=hero-pass reason=low_hp hp=43'
08/30 16:40:41 [Localization System] CLocalize::FindSafe failed to localize: 'AIB[D] blocked=top-arbiter reason=empty_action winner=fight score=114'
08/30 16:40:41 [Localization System] CLocalize::FindSafe failed to localize: 'AIB[D] intent=state-desire-recover family=state base=74 creep_dmg=-14 hp=43 reason=hp_gate score=60'
08/30 16:40:41 [Localization System] CLocalize::FindSafe failed to localize: 'AIB[R] blocked=ability-pressure reason=nothing_castable'
08/30 16:40:41 [Localization System] CLocalize::FindSafe failed to localize: 'AIB[R] intent=arbiter family=fight winner=hero-pass:105 losers=channel-interrupt:80'
08/30 16:40:41 [Localization System] CLocalize::FindSafe failed to localize: 'AIB[R] intent=state-desire-fight family=state base=78 range=18 hp_adv=8 execute=20 dist=580 hp=70 ehp=44 hyst=18 reason=enemy_seen score=142'
08/30 16:40:41 [Localization System] CLocalize::FindSafe failed to localize: 'AIB[D] intent=state-desire-last-hit family=farm dist=252 reason=killable_creep score=140'
08/30 16:40:41 [Localization System] CLocalize::FindSafe failed to localize: 'AIB[D] intent=top-arbiter family=state winner=last-hit:140 losers=fight:96,recover:92,safe-cs:56,hero-over-creep:52,cs-inrange:50'
08/30 16:40:42 [Localization System] CLocalize::FindSafe failed to localize: 'AIB[R] blocked=hero-contact reason=refractory since=0.47'
08/30 16:40:42 [Localization System] CLocalize::FindSafe failed to localize: 'AIB[R] intent=state-desire-siege family=siege base=66 push=12 hp=70 hyst=18 reason=tower_window score=96'
08/30 16:40:42 [Localization System] CLocalize::FindSafe failed to localize: 'AIB[R] blocked=top-arbiter reason=empty_action winner=fight score=124'
08/30 16:40:42 [Localization System] CLocalize::FindSafe failed to localize: 'AIB[D] intent=channel-interrupt family=fight dist=589 hp=44 kind=heal reason=enemy_heal'
08/30 16:40:42 [Localization System] CLocalize::FindSafe failed to localize: 'AIB[D] intent=tick-owner family=other stage=laning-core'
08/30 16:40:42 [Localization System] CLocalize::FindSafe failed to localize: 'AIB[R] blocked=kill-lock reason=chase_into_tower dist=666 ehp=35'
08/30 16:40:42 [Localization System] CLocalize::FindSafe failed to localize: 'AIB[R] blocked=fight-candidate reason=no_action_capped hp=74 score=40'
08/30 16:40:42 [Localization System] CLocalize::FindSafe failed to localize: 'AIB[R] blocked=siege-candidate reason=no_action_capped hp=74 score=42'
08/30 16:40:42 [Localization System] CLocalize::FindSafe failed to localize: 'AIB[R] blocked=hero-over-creep reason=no_target'
08/30 16:40:42 [Localization System] CLocalize::FindSafe failed to localize: 'AIB[R] blocked=bottle-rune reason=no_close_rune max=1900 waterMax=4700 nearest=inf water=inf mid=512 status=0-0-'
08/30 16:40:42 [Localization System] CLocalize::FindSafe failed to localize: 'AIB[R] intent=recovery-plan family=recover action=buy_flask reason=critical hp=74 gold=56 count=1'
08/30 16:40:42 [Localization System] CLocalize::FindSafe failed to localize: 'AIB[R] blocked=emergency-kill reason=no_target'
08/30 16:40:42 [Localization System] CLocalize::FindSafe failed to localize: 'AIB[R] blocked=uphill-repo reason=no_reposition'
08/30 16:40:42 [Localization System] CLocalize::FindSafe failed to localize: 'AIB[R] blocked=harass reason=own_heal_running'
08/30 16:40:42 [Localization System] CLocalize::FindSafe failed to localize: 'AIB[R] intent=state-siege-window family=siege ttl=2 wave=2 tower=840 hp=74 adv=false'
08/30 16:40:42 [Localization System] CLocalize::FindSafe failed to localize: 'AIB[R] blocked=siege reason=healing tower=840 tank=true'
08/30 16:40:42 [Localization System] CLocalize::FindSafe failed to localize: 'AIB[R] blocked=ability-harass reason=nothing_castable'
08/30 16:40:42 [Localization System] CLocalize::FindSafe failed to localize: 'invalid index'
08/30 16:40:43 [Localization System] CLocalize::FindSafe failed to localize: 'AIB[R] intent=top-arbiter family=state winner=anti-idle:2 losers=hero-over-creep:52,idle-heal:46,emergency-retreat:45,fwd-pullback:44,emergency-kill:43.5'
08/30 16:40:43 [Localization System] CLocalize::FindSafe failed to localize: 'AIB[D] intent=state-desire-safety family=state base=108 creep_dmg=8 hp=35 creep=true hero=true reason=recent_damage score=116'
08/30 16:40:43 [Localization System] CLocalize::FindSafe failed to localize: 'AIB[D] intent=creep-hit-react family=safety dist=130 hp=35 hits=5 reason=aggro_step'
08/30 16:40:43 [Localization System] CLocalize::FindSafe failed to localize: 'AIB[R] t=400s hp=47% gold=57 loc=-53,16 enemy-dist=697 lh=21 dn=1 dg=+8 dlh=+0 bottle=0 lvl=6 front=9681 ehp=35'
08/30 16:40:43 [Localization System] CLocalize::FindSafe failed to localize: 'AIB[R] blocked=recover-candidate reason=no_action_capped hp=47 score=44'
08/30 16:40:43 [Localization System] CLocalize::FindSafe failed to localize: 'AIB[D] intent=state-desire-fight family=state base=78 execute=20 dist=696 hp=35 ehp=47 reason=enemy_seen score=98'
08/30 16:40:43 [Localization System] CLocalize::FindSafe failed to localize: 'AIB[D] blocked=hero-contact reason=unsafe dist=696 hp=35 tower=false'
08/30 16:40:43 [Localization System] CLocalize::FindSafe failed to localize: 'AIB[D] blocked=top-arbiter reason=empty_action winner=fight score=98'
08/30 16:40:43 [Localization System] CLocalize::FindSafe failed to localize: 'AIB[D] intent=state-desire-recover family=state base=74 danger=28 creep_dmg=-14 hp=35 reason=hp_gate score=88'
08/30 16:40:43 [Localization System] CLocalize::FindSafe failed to localize: 'AIB[D] intent=recovery-policy family=recover action=recover hp=35 gate=55 source=lane-low'
08/30 16:40:43 [Localization System] CLocalize::FindSafe failed to localize: 'AIB[D] intent=state-recover-xp family=state ttl=2 reason=regen_lane hp=35 dist=932'
08/30 16:40:43 [Localization System] CLocalize::FindSafe failed to localize: 'AIB[R] intent=tower-opportunity family=siege result=step phase=commit wave=1 tower=798'
08/30 16:40:43 [Localization System] CLocalize::FindSafe failed to localize: 'AIB[R] intent=tick-owner family=other stage=desire/siege base=66 push=12 hp=47 reason=tower_window score=78'
08/30 16:40:43 [Localization System] CLocalize::FindSafe failed to localize: 'AIB[R] intent=state-desire-fight family=state base=78 hp_adv=8 execute=20 dist=703 hp=47 ehp=35 reason=enemy_seen score=106'
08/30 16:40:43 [Localization System] CLocalize::FindSafe failed to localize: 'AIB[R] intent=state-desire-siege family=siege base=66 push=12 hp=47 hyst=18 reason=tower_window score=96'
08/30 16:40:43 [Localization System] CLocalize::FindSafe failed to localize: 'AIB[D] intent=top-arbiter family=state winner=recover:106 losers=fight:98,safe-cs:56,hero-over-creep:52,idle-heal:46,emergency-retreat:45'
08/30 16:40:43 [Localization System] CLocalize::FindSafe failed to localize: 'AIB[R] blocked=top-arbiter reason=empty_action winner=fight score=98'
08/30 16:40:44 [Localization System] CLocalize::FindSafe failed to localize: 'AIB[R] blocked=hero-contact reason=unsafe dist=782 hp=47 tower=true'
08/30 16:40:44 [Localization System] CLocalize::FindSafe failed to localize: 'AIB[D] intent=creep-aggro family=safety hp=37 reason=creep_hitting'
08/30 16:40:44 [Localization System] CLocalize::FindSafe failed to localize: 'AIB[D] blocked=fight-candidate reason=no_action_capped hp=38 score=40'
08/30 16:40:44 [Localization System] CLocalize::FindSafe failed to localize: 'AIB[D] intent=state-desire-last-hit family=farm dist=319 reason=killable_creep score=140'
08/30 16:40:44 [Localization System] CLocalize::FindSafe failed to localize: 'AIB[R] intent=top-arbiter family=state winner=siege:96 losers=fight:98,safe-cs:56,hero-over-creep:52,idle-heal:46,emergency-retreat:45'
08/30 16:40:44 [Localization System] CLocalize::FindSafe failed to localize: 'AIB[D] intent=state-desire-safety family=state base=108 creep_dmg=8 hp=39 creep=true hero=false reason=recent_damage score=116'
08/30 16:40:44 [Localization System] CLocalize::FindSafe failed to localize: 'AIB[D] blocked=top-arbiter reason=empty_action winner=safety score=116'
08/30 16:40:44 [Localization System] CLocalize::FindSafe failed to localize: 'AIB[D] intent=state-desire-recover family=state base=74 danger=28 creep_dmg=-14 hp=39 reason=hp_gate score=88'
08/30 16:40:44 [Localization System] CLocalize::FindSafe failed to localize: 'AIB[D] intent=tick-owner family=other stage=laning-core'
08/30 16:40:44 [Localization System] CLocalize::FindSafe failed to localize: 'AIB[R] blocked=tower-range reason=no_licence tower=687 hp=47'
08/30 16:40:45 [Localization System] CLocalize::FindSafe failed to localize: 'AIB[D] intent=recovery-policy family=recover action=recover hp=41 gate=55 source=lane-low'
08/30 16:40:45 [Localization System] CLocalize::FindSafe failed to localize: 'AIB[D] blocked=recovery-rune-bottle reason=no_close_rune max=3600 waterMax=4700 nearest=inf water=inf mid=365 status=0-0-'
08/30 16:40:45 [Localization System] CLocalize::FindSafe failed to localize: 'AIB[D] intent=recovery-plan family=recover action=lane reason=empty_bottle_no_rune hp=41 mana=35'
08/30 16:40:45 [Localization System] CLocalize::FindSafe failed to localize: 'AIB[D] intent=state-recover-xp family=state ttl=5 reason=post_fight_regen hp=41 dist=818'
08/30 16:40:45 [Localization System] CLocalize::FindSafe failed to localize: 'AIB[D] intent=recovery-owner family=recover band=soft threat=false mode=safe-step hp=41'
08/30 16:40:45 [Localization System] CLocalize::FindSafe failed to localize: 'AIB[D] intent=top-arbiter family=state winner=recover:92 losers=safe-cs:56,hero-over-creep:52,idle-heal:46,emergency-retreat:45,fwd-pullback:44'
08/30 16:40:45 [Localization System] CLocalize::FindSafe failed to localize: 'AIB[D] blocked=recover-candidate reason=no_action_capped hp=42 score=44'
08/30 16:40:45 [Localization System] CLocalize::FindSafe failed to localize: 'AIB[D] blocked=hero-over-creep reason=no_target'
08/30 16:40:45 [Localization System] CLocalize::FindSafe failed to localize: 'AIB[D] blocked=emergency-kill reason=no_target'
08/30 16:40:45 [Localization System] CLocalize::FindSafe failed to localize: 'AIB[D] blocked=uphill-repo reason=low_hp_hold'
08/30 16:40:45 [Localization System] CLocalize::FindSafe failed to localize: 'AIB[D] blocked=harass reason=own_heal_running'
08/30 16:40:45 [Localization System] CLocalize::FindSafe failed to localize: 'AIB[D] blocked=ability-harass reason=nothing_castable'
08/30 16:40:46 [Localization System] CLocalize::FindSafe failed to localize: 'AIB[D] blocked=bottle-rune reason=no_close_rune max=1900 waterMax=4700 nearest=inf water=inf mid=428 status=0-0-'
08/30 16:40:46 [Localization System] CLocalize::FindSafe failed to localize: 'AIB[D] t=403s hp=46% gold=172 loc=869,959 lh=29 dn=10 dg=+45 dlh=+1 bottle=0 lvl=7 front=8620 ehp=-1'
08/30 16:40:46 [Localization System] CLocalize::FindSafe failed to localize: 'AIB[D] blocked=uphill-repo reason=no_reposition'
08/30 16:40:46 [Localization System] CLocalize::FindSafe failed to localize: 'AIB[D] intent=top-arbiter family=state winner=anti-idle:2 losers=safe-cs:56,hero-over-creep:52,idle-heal:46,emergency-retreat:45,fwd-pullback:44'
08/30 16:40:48 [Localization System] CLocalize::FindSafe failed to localize: 'AIB[D] intent=tick-owner family=other stage=desire/anti-idle reason=ready score=2 band=idle'
08/30 16:40:48 [Localization System] CLocalize::FindSafe failed to localize: 'AIB[D] blocked=buy-tp reason=recent_tp since=38'
08/30 16:40:48 [Localization System] CLocalize::FindSafe failed to localize: 'AIB[D] blocked=buy-loop reason=saving target=item_power_treads head=item_belt_of_strength cost=450 gold=175 left=2'
08/30 16:40:48 [Localization System] CLocalize::FindSafe failed to localize: 'AIB[D] blocked=hero-over-creep reason=no_target'
08/30 16:40:48 [Localization System] CLocalize::FindSafe failed to localize: 'AIB[D] blocked=emergency-kill reason=no_target'
08/30 16:40:48 [Localization System] CLocalize::FindSafe failed to localize: 'AIB[D] blocked=ability-harass reason=nothing_castable'
08/30 16:40:49 [Localization System] CLocalize::FindSafe failed to localize: 'AIB[D] intent=top-arbiter family=state winner=anti-idle:2 losers=safe-cs:56,hero-over-creep:52,idle-heal:46,emergency-retreat:45,fwd-pullback:44'
08/30 16:40:49 [Localization System] CLocalize::FindSafe failed to localize: 'AIB[D] blocked=uphill-repo reason=no_reposition'
08/30 16:40:49 [Localization System] CLocalize::FindSafe failed to localize: 'AIB[D] blocked=harass reason=own_heal_running'
08/30 16:40:50 [Localization System] CLocalize::FindSafe failed to localize: 'AIB[D] intent=damage-by-source family=other creep=545 tower=62 hero=2644 mixed=493 death=0 other=39 stale=201 gaps=6'
08/30 16:40:51 [Localization System] CLocalize::FindSafe failed to localize: 'AIB[D] intent=top-arbiter family=state winner=anti-idle:2 losers=hero-over-creep:52,idle-heal:46,emergency-retreat:45,fwd-pullback:44,emergency-kill:43.5'
08/30 16:40:51 [Localization System] CLocalize::FindSafe failed to localize: 'AIB[D] intent=tick-owner family=other stage=desire/anti-idle reason=ready score=2 band=idle'
08/30 16:40:51 [Localization System] CLocalize::FindSafe failed to localize: 'AIB[R] t=408s hp=36% gold=70 loc=-1137,-906 lh=21 dn=1 dg=+13 dlh=+0 bottle=0 lvl=6 front=8119 ehp=-1'
08/30 16:40:51 [Localization System] CLocalize::FindSafe failed to localize: 'AIB[R] blocked=recover-candidate reason=no_action_capped hp=36 score=44'
08/30 16:40:51 [Localization System] CLocalize::FindSafe failed to localize: 'AIB[R] blocked=hero-over-creep reason=no_target'
08/30 16:40:51 [Localization System] CLocalize::FindSafe failed to localize: 'AIB[R] blocked=bottle-rune reason=no_close_rune max=1900 waterMax=4700 nearest=inf water=inf mid=408 status=0-0-'
08/30 16:40:51 [Localization System] CLocalize::FindSafe failed to localize: 'AIB[R] blocked=recovery-rune-bottle reason=no_close_rune max=3600 waterMax=4700 nearest=inf water=inf mid=408 status=0-0-'
08/30 16:40:51 [Localization System] CLocalize::FindSafe failed to localize: 'AIB[R] intent=recovery-plan family=recover action=lane reason=empty_bottle_no_rune hp=36 mana=70'
08/30 16:40:51 [Localization System] CLocalize::FindSafe failed to localize: 'AIB[R] intent=top-arbiter family=state winner=idle-heal:46 losers=safe-cs:56,hero-over-creep:52,emergency-retreat:45,fwd-pullback:44,emergency-kill:43.5'
08/30 16:40:51 [Localization System] CLocalize::FindSafe failed to localize: 'AIB[R] intent=tick-owner family=other stage=desire/idle-heal reason=ready score=46 band=lanework'
08/30 16:40:51 [Localization System] CLocalize::FindSafe failed to localize: 'AIB[D] t=408s hp=64% gold=180 loc=151,158 lh=29 dn=10 dg=+8 dlh=+0 bottle=0 lvl=7 front=9698 ehp=-1'
08/30 16:40:51 [Localization System] CLocalize::FindSafe failed to localize: 'AIB[D] blocked=hero-over-creep reason=no_target'
08/30 16:40:51 [Localization System] CLocalize::FindSafe failed to localize: 'AIB[D] blocked=emergency-kill reason=no_target'
08/30 16:40:51 [Localization System] CLocalize::FindSafe failed to localize: 'AIB[D] blocked=ability-harass reason=nothing_castable'
08/30 16:40:52 Script function 'Think' on bot npc_dota_hero_nevermore took 2.570ms
08/30 16:40:52 [Localization System] CLocalize::FindSafe failed to localize: 'AIB[D] blocked=uphill-repo reason=no_reposition'
08/30 16:40:52 [Localization System] CLocalize::FindSafe failed to localize: 'AIB[D] intent=top-arbiter family=state winner=wave-watch:10 losers=hero-over-creep:52,idle-heal:46,emergency-retreat:45,fwd-pullback:44,emergency-kill:43.5'
08/30 16:40:53 [Localization System] CLocalize::FindSafe failed to localize: 'AIB[R] intent=state-recover-xp family=state ttl=2 reason=no_resources hp=37 dist=222'
08/30 16:40:53 [Localization System] CLocalize::FindSafe failed to localize: 'AIB[D] intent=tick-owner family=other stage=laning-core'
08/30 16:40:53 [Localization System] CLocalize::FindSafe failed to localize: 'AIB[R] intent=top-arbiter family=state winner=idle-heal:46 losers=safe-cs:56,hero-over-creep:52,emergency-retreat:45,fwd-pullback:44,emergency-kill:43.5'
08/30 16:40:53 [Localization System] CLocalize::FindSafe failed to localize: 'AIB[D] blocked=recovery-rune-bottle reason=no_close_rune max=3600 waterMax=4700 nearest=inf water=inf mid=496 status=0-0-'
08/30 16:40:53 [Localization System] CLocalize::FindSafe failed to localize: 'AIB[D] intent=recovery-plan family=recover action=lane reason=empty_bottle_no_rune hp=71 mana=38'
08/30 16:40:53 [Localization System] CLocalize::FindSafe failed to localize: 'AIB[D] intent=melee-pack-space family=safety count=2 dist=160'
08/30 16:40:53 [Localization System] CLocalize::FindSafe failed to localize: 'AIB[R] blocked=emergency-kill reason=disabled'
08/30 16:40:53 [Localization System] CLocalize::FindSafe failed to localize: 'AIB[R] blocked=uphill-repo reason=low_hp_hold'
08/30 16:40:53 [Localization System] CLocalize::FindSafe failed to localize: 'AIB[R] blocked=harass reason=regen_wanted'
08/30 16:40:53 [Localization System] CLocalize::FindSafe failed to localize: 'AIB[R] blocked=cs-watchdog reason=no_creep lh=21 idle=21'
08/30 16:40:53 [Localization System] CLocalize::FindSafe failed to localize: 'AIB[R] blocked=ability-harass reason=nothing_castable'
08/30 16:40:53 [Localization System] CLocalize::FindSafe failed to localize: 'AIB[D] blocked=harass reason=own_heal_running'
08/30 16:40:53 [Localization System] CLocalize::FindSafe failed to localize: 'AIB[R] intent=tick-owner family=other stage=desire/anti-idle reason=ready score=2 band=idle'
08/30 16:40:54 [Localization System] CLocalize::FindSafe failed to localize: 'AIB[R] intent=damage-by-source family=other creep=554 tower=0 hero=2583 mixed=272 death=177 other=497 stale=247 gaps=5'
08/30 16:40:54 [Localization System] CLocalize::FindSafe failed to localize: 'AIB[R] intent=cs-watchdog family=farm lh=21 idle=21 creep_hp=550 dist=850'
08/30 16:40:54 [Localization System] CLocalize::FindSafe failed to localize: 'AIB[D] intent=top-arbiter family=state winner=wave-watch:10 losers=hero-over-creep:52,idle-heal:46,emergency-retreat:45,fwd-pullback:44,emergency-kill:43.5'
08/30 16:40:54 [Localization System] CLocalize::FindSafe failed to localize: 'AIB[R] blocked=wave-watch reason=not_finishable creep_hp=398 dist=837 idle=25'
08/30 16:40:54 [Localization System] CLocalize::FindSafe failed to localize: 'AIB[D] blocked=bottle-rune reason=no_close_rune max=1900 waterMax=4700 nearest=inf water=inf mid=420 status=0-0-'
08/30 16:40:54 [Localization System] CLocalize::FindSafe failed to localize: 'AIB[R] blocked=recover-candidate reason=no_action_capped hp=38 score=44'
08/30 16:40:54 [Localization System] CLocalize::FindSafe failed to localize: 'AIB[R] blocked=hero-over-creep reason=no_target'
08/30 16:40:54 [Localization System] CLocalize::FindSafe failed to localize: 'AIB[D] blocked=hero-over-creep reason=no_target'
08/30 16:40:54 [Localization System] CLocalize::FindSafe failed to localize: 'AIB[D] blocked=emergency-kill reason=no_target'
08/30 16:40:54 [Localization System] CLocalize::FindSafe failed to localize: 'AIB[D] blocked=ability-harass reason=nothing_castable'
08/30 16:40:54 [Localization System] CLocalize::FindSafe failed to localize: 'AIB[R] intent=recovery-owner family=recover band=soft threat=false mode=back hp=38'
08/30 16:40:54 [Localization System] CLocalize::FindSafe failed to localize: 'AIB[R] intent=top-arbiter family=state winner=low-hp-hold:43.2 losers=safe-cs:56,hero-over-creep:52,idle-heal:46,emergency-retreat:45,fwd-pullback:44'
08/30 16:40:55 [Localization System] CLocalize::FindSafe failed to localize: 'AIB[D] intent=tick-owner family=other stage=laning-core'
08/30 16:40:55 [Localization System] CLocalize::FindSafe failed to localize: 'AIB[D] blocked=uphill-repo reason=no_reposition'
08/30 16:40:55 [Localization System] CLocalize::FindSafe failed to localize: 'AIB[D] intent=top-arbiter family=state winner=wave-watch:10 losers=hero-over-creep:52,idle-heal:46,emergency-retreat:45,fwd-pullback:44,emergency-kill:43.5'
08/30 16:40:56 [Localization System] CLocalize::FindSafe failed to localize: 'AIB[D] blocked=visual-hold reason=creep_in_range held=2.1 hp=80 repeat=2 hard=false'
08/30 16:40:56 [Server] PR:IncrementIdleTime 6:[I:0:0] 2.10
08/30 16:40:56 [Localization System] CLocalize::FindSafe failed to localize: 'AIB[R] intent=tick-owner family=other stage=laning-core'
08/30 16:40:56 [Localization System] CLocalize::FindSafe failed to localize: 'AIB[D] intent=state-desire-last-hit family=farm dist=492 reason=killable_creep score=140'
08/30 16:40:56 [Localization System] CLocalize::FindSafe failed to localize: 'AIB[R] intent=top-arbiter family=state winner=low-hp-hold:43.2 losers=safe-cs:56,hero-over-creep:52,idle-heal:46,emergency-retreat:45,fwd-pullback:44'
08/30 16:40:56 [Localization System] CLocalize::FindSafe failed to localize: 'AIB[D] blocked=buy-tp reason=recent_tp since=46'
08/30 16:40:56 [Localization System] CLocalize::FindSafe failed to localize: 'AIB[D] blocked=buy-loop reason=saving target=item_power_treads head=item_belt_of_strength cost=450 gold=187 left=2'
08/30 16:40:56 [Localization System] CLocalize::FindSafe failed to localize: 'AIB[R] t=413s hp=39% gold=77 loc=-1001,-869 enemy-dist=1061 lh=21 dn=1 dg=+7 dlh=+0 bottle=0 lvl=6 front=8541 ehp=82'
08/30 16:40:56 [Localization System] CLocalize::FindSafe failed to localize: 'AIB[D] t=413s hp=82% gold=187 loc=-313,-61 lh=29 dn=10 dg=+7 dlh=+0 bottle=0 lvl=7 front=10134 ehp=-1'
08/30 16:40:56 [Localization System] CLocalize::FindSafe failed to localize: 'AIB[D] blocked=harass reason=no_target'
08/30 16:40:57 [Localization System] CLocalize::FindSafe failed to localize: 'AIB[D] intent=top-arbiter family=state winner=creep-work:38.8 losers=hero-over-creep:52,idle-heal:46,emergency-retreat:45,fwd-pullback:44,emergency-kill:43.5'
08/30 16:40:57 [Localization System] CLocalize::FindSafe failed to localize: 'AIB[D] intent=tick-owner family=other stage=desire/creep-work reason=ready score=39 band=lanework'
08/30 16:40:57 Script function 'Think' on bot npc_dota_hero_nevermore took 2.718ms
08/30 16:40:57 [Localization System] CLocalize::FindSafe failed to localize: 'AIB[D] intent=kill-lock family=fight dist=1022 ehp=39 hp=82 exec=false atk=true mutual=false reason=killable_enemy'
08/30 16:40:57 [Localization System] CLocalize::FindSafe failed to localize: 'AIB[R] blocked=recover-candidate reason=no_action_capped hp=39 score=44'
08/30 16:40:57 [Localization System] CLocalize::FindSafe failed to localize: 'AIB[R] blocked=hero-over-creep reason=no_target'
08/30 16:40:58 [Localization System] CLocalize::FindSafe failed to localize: 'AIB[R] intent=top-arbiter family=state winner=low-hp-hold:43.2 losers=safe-cs:56,hero-over-creep:52,idle-heal:46,emergency-retreat:45,fwd-pullback:44'
08/30 16:40:58 [Localization System] CLocalize::FindSafe failed to localize: 'AIB[R] intent=tick-owner family=other stage=laning-core'
08/30 16:40:58 [Localization System] CLocalize::FindSafe failed to localize: 'AIB[R] intent=state-recover-xp family=state ttl=2 reason=regen_lane hp=40 dist=366'
08/30 16:40:59 [Localization System] CLocalize::FindSafe failed to localize: 'AIB[R] intent=recovery-plan family=recover action=buy_flask reason=critical hp=40 gold=81 count=2'
08/30 16:40:59 [Localization System] CLocalize::FindSafe failed to localize: 'AIB[R] blocked=emergency-kill reason=no_target'
08/30 16:40:59 [Localization System] CLocalize::FindSafe failed to localize: 'AIB[R] intent=recovery-owner family=recover band=soft threat=true mode=back hp=40'
08/30 16:40:59 [Localization System] CLocalize::FindSafe failed to localize: 'AIB[D] blocked=hero-over-creep reason=no_target'
08/30 16:40:59 [Localization System] CLocalize::FindSafe failed to localize: 'AIB[D] blocked=recovery-buy reason=budget_cap hp=83 gold=226 count=3 allow=2'
08/30 16:40:59 [Localization System] CLocalize::FindSafe failed to localize: 'AIB[D] blocked=emergency-kill reason=no_target'
08/30 16:40:59 [Localization System] CLocalize::FindSafe failed to localize: 'AIB[D] blocked=uphill-repo reason=no_reposition'
08/30 16:40:59 [Localization System] CLocalize::FindSafe failed to localize: 'AIB[D] intent=melee-pack-space family=safety count=2 dist=495'
08/30 16:40:59 [Localization System] CLocalize::FindSafe failed to localize: 'AIB[D] intent=top-arbiter family=state winner=ranged-spacing:41 losers=hero-over-creep:52,idle-heal:46,emergency-retreat:45,fwd-pullback:44,emergency-kill:43.5'
08/30 16:40:59 [Localization System] CLocalize::FindSafe failed to localize: 'AIB[D] intent=tick-owner family=other stage=desire/ranged-spacing reason=ready score=41 band=lanework'
08/30 16:40:59 [Localization System] CLocalize::FindSafe failed to localize: 'AIB[R] blocked=uphill-repo reason=low_hp_hold'
08/30 16:40:59 [Localization System] CLocalize::FindSafe failed to localize: 'AIB[R] blocked=harass reason=regen_wanted'
08/30 16:40:59 [Localization System] CLocalize::FindSafe failed to localize: 'AIB[R] blocked=cs-watchdog reason=no_creep lh=21 idle=27'
08/30 16:40:59 [Localization System] CLocalize::FindSafe failed to localize: 'AIB[R] blocked=ability-harass reason=nothing_castable'
08/30 16:40:59 [Localization System] CLocalize::FindSafe failed to localize: 'AIB[R] blocked=bottle-rune reason=critical_no_stage hp=12 rune=2187 eta=64'
08/30 16:40:59 [Localization System] CLocalize::FindSafe failed to localize: 'AIB[R] blocked=recovery-rune-bottle reason=stage_cooldown eta=64'
08/30 16:40:59 [Localization System] CLocalize::FindSafe failed to localize: 'AIB[R] intent=state-recover-safe family=state ttl=5 reason=post_fight_regen hp=12 dist=1017'
08/30 16:40:59 [Localization System] CLocalize::FindSafe failed to localize: 'AIB[R] blocked=bottle-rune reason=stage_cooldown eta=64'
08/30 16:40:59 [Localization System] CLocalize::FindSafe failed to localize: 'AIB[D] blocked=harass reason=no_target'
08/30 16:41:00 [Localization System] CLocalize::FindSafe failed to localize: 'AIB[R] intent=tick-owner family=other stage=laning-core'
08/30 16:41:00 [Localization System] CLocalize::FindSafe failed to localize: 'AIB[D] intent=top-arbiter family=state winner=creep-work:38.8 losers=hero-over-creep:52,idle-heal:46,emergency-retreat:45,fwd-pullback:44,emergency-kill:43.5'
08/30 16:41:01 [Server] Client (account 0) tried to execute invalid order (3). Unrecognized order identifier.
08/30 16:41:01 [Localization System] CLocalize::FindSafe failed to localize: 'AIB[R] intent=recovery-plan family=recover action=tp_fountain reason=regen_lane_floor hp=13'
08/30 16:41:01 [Localization System] CLocalize::FindSafe failed to localize: 'AIB[D] blocked=recovery-rune-bottle reason=no_close_rune max=3600 waterMax=4700 nearest=inf water=inf mid=221 status=0-0-'
08/30 16:41:01 [Localization System] CLocalize::FindSafe failed to localize: 'AIB[D] intent=recovery-plan family=recover action=lane reason=empty_bottle_no_rune hp=84 mana=25'
08/30 16:41:01 [Localization System] CLocalize::FindSafe failed to localize: 'AIB[D] intent=tick-owner family=other stage=laning-core'
08/30 16:41:01 [Localization System] CLocalize::FindSafe failed to localize: 'AIB[D] intent=state-desire-last-hit family=farm dist=217 reason=killable_creep score=140'
08/30 16:41:01 [Localization System] CLocalize::FindSafe failed to localize: 'AIB[D] t=418s hp=84% gold=170 loc=-414,-311 lh=30 dn=10 dg=-17 dlh=+1 bottle=0 lvl=7 front=10142 ehp=-1'
08/30 16:41:01 [Localization System] CLocalize::FindSafe failed to localize: 'AIB[R] t=418s hp=13% gold=85 loc=-1730,-1393 lh=21 dn=1 dg=+8 dlh=+0 bottle=0 lvl=6 front=8551 ehp=-1'
08/30 16:41:02 [Localization System] CLocalize::FindSafe failed to localize: 'AIB[R] intent=tick-owner family=other stage=laning-core'
08/30 16:41:02 [Localization System] CLocalize::FindSafe failed to localize: 'AIB[D] intent=top-arbiter family=state winner=last-hit:158 losers=hero-over-creep:52,cs-inrange:50,idle-heal:46,emergency-retreat:45,fwd-pullback:44'
08/30 16:41:02 [Localization System] CLocalize::FindSafe failed to localize: 'AIB[D] blocked=hero-over-creep reason=no_target'
08/30 16:41:02 [Localization System] CLocalize::FindSafe failed to localize: 'AIB[D] blocked=bottle-rune reason=no_close_rune max=1900 waterMax=4700 nearest=inf water=inf mid=221 status=0-0-'
08/30 16:41:02 [Localization System] CLocalize::FindSafe failed to localize: 'AIB[D] blocked=emergency-kill reason=no_target'
08/30 16:41:02 [Localization System] CLocalize::FindSafe failed to localize: 'AIB[D] blocked=uphill-repo reason=no_reposition'
08/30 16:41:02 [Localization System] CLocalize::FindSafe failed to localize: 'AIB[D] intent=melee-pack-space family=safety count=2 dist=289'
08/30 16:41:02 [Localization System] CLocalize::FindSafe failed to localize: 'AIB[D] blocked=harass reason=no_target'
08/30 16:41:03 [Localization System] CLocalize::FindSafe failed to localize: 'AIB[R] intent=recovery-policy family=recover action=recover hp=14 gate=22 source=emergency-low'
08/30 16:41:03 [Localization System] CLocalize::FindSafe failed to localize: 'AIB[R] blocked=buy-loop reason=saving target=item_power_treads head=item_boots cost=500 gold=88 left=3'
08/30 16:41:03 [Localization System] CLocalize::FindSafe failed to localize: 'AIB[D] intent=tick-owner family=other stage=laning-core'
08/30 16:41:03 [SteamNetSockets] Certificate expires in 25h02m at 1788191003 (current time 1788100862), will renew in 23h02m
08/30 16:41:04 [Localization System] CLocalize::FindSafe failed to localize: 'AIB[D] intent=top-arbiter family=state winner=creep-work:38.8 losers=hero-over-creep:52,idle-heal:46,emergency-retreat:45,fwd-pullback:44,emergency-kill:43.5'
08/30 16:41:04 [Localization System] CLocalize::FindSafe failed to localize: 'AIB[R] intent=tick-owner family=other stage=laning-core'
08/30 16:41:04 [Localization System] CLocalize::FindSafe failed to localize: 'AIB[D] intent=state-desire-last-hit family=farm dist=399 reason=killable_creep score=140'
08/30 16:41:04 [Localization System] CLocalize::FindSafe failed to localize: 'AIB[D] blocked=buy-tp reason=recent_tp since=54'
08/30 16:41:04 [Localization System] CLocalize::FindSafe failed to localize: 'AIB[D] blocked=buy-loop reason=saving target=item_power_treads head=item_belt_of_strength cost=450 gold=212 left=2'
08/30 16:41:04 [Localization System] CLocalize::FindSafe failed to localize: 'AIB[D] intent=cs-watchdog family=farm lh=31 idle=19 creep_hp=300 dist=855'
08/30 16:41:05 [Localization System] CLocalize::FindSafe failed to localize: 'AIB[D] intent=tick-owner family=other stage=laning-core'
08/30 16:41:05 [Localization System] CLocalize::FindSafe failed to localize: 'AIB[R] intent=recovery-policy family=recover action=recover hp=15 gate=22 source=emergency-low'
08/30 16:41:05 [Localization System] CLocalize::FindSafe failed to localize: 'AIB[D] intent=damage-by-source family=other creep=545 tower=62 hero=2644 mixed=493 death=0 other=39 stale=201 gaps=6'
08/30 16:41:05 [Localization System] CLocalize::FindSafe failed to localize: 'AIB[D] intent=top-arbiter family=state winner=creep-work:38.8 losers=hero-over-creep:52,idle-heal:46,emergency-retreat:45,fwd-pullback:44,emergency-kill:43.5'
08/30 16:41:05 [Localization System] CLocalize::FindSafe failed to localize: 'AIB[D] blocked=hero-over-creep reason=no_target'
08/30 16:41:05 [Localization System] CLocalize::FindSafe failed to localize: 'AIB[D] blocked=emergency-kill reason=no_target'
08/30 16:41:05 [Localization System] CLocalize::FindSafe failed to localize: 'AIB[D] blocked=uphill-repo reason=no_reposition'
08/30 16:41:06 [Localization System] CLocalize::FindSafe failed to localize: 'AIB[D] blocked=harass reason=no_target'
08/30 16:41:06 [Localization System] CLocalize::FindSafe failed to localize: 'AIB[R] intent=tick-owner family=other stage=laning-core'
08/30 16:41:06 [Localization System] CLocalize::FindSafe failed to localize: 'AIB[R] t=423s hp=16% gold=93 loc=-2886,-2358 lh=21 dn=1 dg=+8 dlh=+0 bottle=0 lvl=6 front=8088 ehp=-1'
08/30 16:41:06 [Localization System] CLocalize::FindSafe failed to localize: 'AIB[D] t=423s hp=86% gold=216 loc=-520,-346 lh=31 dn=10 dg=+46 dlh=+1 bottle=0 lvl=7 front=10404 ehp=-1'
08/30 16:41:07 [Localization System] CLocalize::FindSafe failed to localize: 'AIB[D] intent=top-arbiter family=state winner=creep-work:38.8 losers=hero-over-creep:52,idle-heal:46,emergency-retreat:45,fwd-pullback:44,emergency-kill:43.5'
08/30 16:41:07 [Localization System] CLocalize::FindSafe failed to localize: 'AIB[D] intent=state-desire-last-hit family=farm dist=475 reason=killable_creep score=140'
08/30 16:41:07 [Localization System] CLocalize::FindSafe failed to localize: 'AIB[D] intent=tick-owner family=other stage=laning-core'
08/30 16:41:07 [Localization System] CLocalize::FindSafe failed to localize: 'AIB[R] intent=recovery-policy family=recover action=recover hp=17 gate=22 source=emergency-low'
08/30 16:41:08 [Localization System] CLocalize::FindSafe failed to localize: 'AIB[R] intent=tick-owner family=other stage=laning-core'
08/30 16:41:08 [Localization System] CLocalize::FindSafe failed to localize: 'AIB[D] blocked=ability-harass reason=nothing_castable'
08/30 16:41:08 [Localization System] CLocalize::FindSafe failed to localize: 'AIB[D] intent=lane-line-episode family=other dist=512 fwd=0.67'
08/30 16:41:08 [Localization System] CLocalize::FindSafe failed to localize: 'AIB[D] intent=top-arbiter family=state winner=lane-line:18 losers=hero-over-creep:52,idle-heal:46,emergency-retreat:45,fwd-pullback:44,emergency-kill:43.5'
08/30 16:41:08 [Localization System] CLocalize::FindSafe failed to localize: 'AIB[D] blocked=hero-over-creep reason=no_target'
08/30 16:41:08 [Localization System] CLocalize::FindSafe failed to localize: 'AIB[D] blocked=emergency-kill reason=no_target'
08/30 16:41:08 [Localization System] CLocalize::FindSafe failed to localize: 'AIB[D] blocked=uphill-repo reason=motor_busy'
08/30 16:41:09 [Localization System] CLocalize::FindSafe failed to localize: 'AIB[D] blocked=harass reason=no_target'
08/30 16:41:09 [Localization System] CLocalize::FindSafe failed to localize: 'AIB[R] intent=damage-by-source family=other creep=554 tower=0 hero=2829 mixed=272 death=177 other=497 stale=247 gaps=5'
08/30 16:41:09 [Localization System] CLocalize::FindSafe failed to localize: 'AIB[D] blocked=recovery-rune-bottle reason=no_close_rune max=3600 waterMax=4700 nearest=inf water=inf mid=147 status=0-0-'
08/30 16:41:09 [Localization System] CLocalize::FindSafe failed to localize: 'AIB[D] intent=recovery-plan family=recover action=lane reason=empty_bottle_no_rune hp=87 mana=29'
08/30 16:41:09 [Localization System] CLocalize::FindSafe failed to localize: 'AIB[D] intent=tick-owner family=other stage=laning-core'
08/30 16:41:09 [Localization System] CLocalize::FindSafe failed to localize: 'AIB[R] intent=recovery-policy family=recover action=recover hp=18 gate=22 source=emergency-low'
08/30 16:41:10 [Localization System] CLocalize::FindSafe failed to localize: 'AIB[R] intent=tick-owner family=other stage=laning-core'
08/30 16:41:10 [Localization System] CLocalize::FindSafe failed to localize: 'AIB[D] intent=top-arbiter family=state winner=lane-line:18 losers=hero-over-creep:52,idle-heal:46,emergency-retreat:45,fwd-pullback:44,emergency-kill:43.5'
08/30 16:41:10 [Localization System] CLocalize::FindSafe failed to localize: 'AIB[D] blocked=bottle-rune reason=no_close_rune max=1900 waterMax=4700 nearest=inf water=inf mid=587 status=0-0-'
08/30 16:41:10 [Localization System] CLocalize::FindSafe failed to localize: 'AIB[D] intent=state-siege-window family=siege ttl=2 wave=1 tower=1109 hp=88 adv=true'
08/30 16:41:10 [Localization System] CLocalize::FindSafe failed to localize: 'AIB[D] intent=tower-opportunity family=siege result=step phase=default wave=1 tower=1109'
08/30 16:41:11 [Localization System] CLocalize::FindSafe failed to localize: 'AIB[D] intent=state-desire-siege family=siege base=66 push=12 hp=88 reason=tower_window score=78'
08/30 16:41:11 [Localization System] CLocalize::FindSafe failed to localize: 'AIB[R] blocked=buy-tp reason=recent_tp since=10'
08/30 16:41:11 [Localization System] CLocalize::FindSafe failed to localize: 'AIB[R] blocked=buy-loop reason=saving target=item_power_treads head=item_boots cost=500 gold=100 left=3'
08/30 16:41:11 [Localization System] CLocalize::FindSafe failed to localize: 'AIB[D] intent=tick-owner family=other stage=laning-core'
08/30 16:41:11 [Localization System] CLocalize::FindSafe failed to localize: 'AIB[R] intent=recovery-policy family=recover action=recover hp=20 gate=22 source=emergency-low'
08/30 16:41:11 [Localization System] CLocalize::FindSafe failed to localize: 'AIB[R] t=428s hp=20% gold=100 loc=-4072,-3309 lh=21 dn=1 dg=+7 dlh=+0 bottle=0 lvl=6 front=7078 ehp=-1'
08/30 16:41:11 [Localization System] CLocalize::FindSafe failed to localize: 'AIB[D] t=428s hp=88% gold=223 loc=-986,-860 lh=31 dn=11 dg=+7 dlh=+0 bottle=0 lvl=7 front=11267 ehp=-1'
08/30 16:41:12 [Localization System] CLocalize::FindSafe failed to localize: 'AIB[D] intent=top-arbiter family=state winner=siege:96 losers=hero-over-creep:52,idle-heal:46,emergency-retreat:45,fwd-pullback:44,emergency-kill:43.5'
08/30 16:41:12 [Localization System] CLocalize::FindSafe failed to localize: 'AIB[D] blocked=buy-tp reason=recent_tp since=62'
08/30 16:41:12 [Localization System] CLocalize::FindSafe failed to localize: 'AIB[D] blocked=buy-loop reason=saving target=item_power_treads head=item_belt_of_strength cost=450 gold=224 left=2'
08/30 16:41:12 [Localization System] CLocalize::FindSafe failed to localize: 'AIB[R] intent=tick-owner family=other stage=laning-core'
08/30 16:41:12 [Localization System] CLocalize::FindSafe failed to localize: 'AIB[D] intent=state-desire-siege family=siege base=66 push=12 hp=89 hyst=18 reason=tower_window score=96'
08/30 16:41:12 [Localization System] CLocalize::FindSafe failed to localize: 'AIB[D] intent=state-siege-window family=siege ttl=2 wave=2 tower=654 hp=89 adv=true'
08/30 16:41:12 [Localization System] CLocalize::FindSafe failed to localize: 'AIB[D] intent=tower-opportunity family=siege result=hit phase=terminal wave=2 tower=654'
08/30 16:41:13 [Localization System] CLocalize::FindSafe failed to localize: 'AIB[D] intent=tick-owner family=other stage=laning-core'
08/30 16:41:13 [Localization System] CLocalize::FindSafe failed to localize: 'AIB[R] intent=recovery-policy family=recover action=recover hp=21 gate=22 source=emergency-low'
08/30 16:41:13 [Localization System] CLocalize::FindSafe failed to localize: 'AIB[D] intent=top-arbiter family=state winner=siege:96 losers=hero-over-creep:52,idle-heal:46,emergency-retreat:45,fwd-pullback:44,emergency-kill:43.5'
08/30 16:41:14 [Localization System] CLocalize::FindSafe failed to localize: 'AIB[D] intent=state-desire-siege family=siege base=66 push=12 hp=89 hyst=18 reason=tower_window score=96'
08/30 16:41:14 [Localization System] CLocalize::FindSafe failed to localize: 'AIB[R] intent=tick-owner family=other stage=laning-core'
08/30 16:41:14 Script function 'GetDesire' on bot npc_dota_hero_nevermore took 2.058ms
08/30 16:41:15 [Localization System] CLocalize::FindSafe failed to localize: 'AIB[D] intent=state-siege-window family=siege ttl=2 wave=2 tower=654 hp=90 adv=true'
08/30 16:41:15 [Localization System] CLocalize::FindSafe failed to localize: 'AIB[D] intent=tower-opportunity family=siege result=hit phase=terminal wave=2 tower=654'
08/30 16:41:15 [Localization System] CLocalize::FindSafe failed to localize: 'AIB[D] intent=top-arbiter family=state winner=siege:96 losers=hero-over-creep:52,idle-heal:46,emergency-retreat:45,fwd-pullback:44,emergency-kill:43.5'
08/30 16:41:15 [Localization System] CLocalize::FindSafe failed to localize: 'AIB[D] intent=tick-owner family=other stage=laning-core'
08/30 16:41:15 [Localization System] CLocalize::FindSafe failed to localize: 'AIB[R] intent=recovery-policy family=recover action=recover hp=23 gate=35 source=early-low'
08/30 16:41:15 [Localization System] CLocalize::FindSafe failed to localize: 'AIB[D] intent=state-desire-siege family=siege base=66 push=12 hp=90 hyst=18 reason=tower_window score=96'
08/30 16:41:16 [Localization System] CLocalize::FindSafe failed to localize: 'AIB[R] t=433s hp=24% gold=108 loc=-4975,-4507 lh=21 dn=1 dg=+8 dlh=+0 bottle=0 lvl=6 front=7078 ehp=-1'
08/30 16:41:16 [Localization System] CLocalize::FindSafe failed to localize: 'AIB[R] intent=tick-owner family=other stage=laning-core'
08/30 16:41:16 [Localization System] CLocalize::FindSafe failed to localize: 'AIB[D] t=434s hp=90% gold=231 loc=-1077,-950 lh=31 dn=11 dg=+8 dlh=+0 bottle=0 lvl=7 front=10883 ehp=-1'
08/30 16:41:16 [Localization System] CLocalize::FindSafe failed to localize: 'AIB[D] intent=top-arbiter family=state winner=siege:96 losers=hero-over-creep:52,idle-heal:46,emergency-retreat:45,fwd-pullback:44,emergency-kill:43.5'
08/30 16:41:17 [Localization System] CLocalize::FindSafe failed to localize: 'AIB[D] intent=state-siege-window family=siege ttl=2 wave=1 tower=654 hp=90 adv=true'
08/30 16:41:17 [Localization System] CLocalize::FindSafe failed to localize: 'AIB[D] intent=tower-opportunity family=siege result=hit phase=terminal wave=1 tower=654'
08/30 16:41:17 [Localization System] CLocalize::FindSafe failed to localize: 'AIB[D] intent=state-desire-siege family=siege base=66 push=12 hp=91 hyst=18 reason=tower_window score=96'
08/30 16:41:17 [Localization System] CLocalize::FindSafe failed to localize: 'AIB[D] intent=tick-owner family=other stage=laning-core'
08/30 16:41:17 [Localization System] CLocalize::FindSafe failed to localize: 'AIB[R] intent=recovery-policy family=recover action=recover hp=24 gate=35 source=early-low'
08/30 16:41:18 [Localization System] CLocalize::FindSafe failed to localize: 'AIB[D] intent=top-arbiter family=state winner=siege:96 losers=hero-over-creep:52,idle-heal:46,emergency-retreat:45,fwd-pullback:44,emergency-kill:43.5'
08/30 16:41:18 [Localization System] CLocalize::FindSafe failed to localize: 'AIB[R] intent=tick-owner family=other stage=laning-core'
08/30 16:41:18 [Localization System] CLocalize::FindSafe failed to localize: 'AIB[D] intent=state-desire-siege family=siege base=66 push=12 hp=91 hyst=18 reason=tower_window score=96'
08/30 16:41:19 [Localization System] CLocalize::FindSafe failed to localize: 'AIB[D] blocked=tower-range reason=no_licence tower=654 hp=91'
08/30 16:41:19 [Localization System] CLocalize::FindSafe failed to localize: 'AIB[R] blocked=buy-tp reason=recent_tp since=18'
08/30 16:41:19 [Localization System] CLocalize::FindSafe failed to localize: 'AIB[R] blocked=buy-loop reason=saving target=item_power_treads head=item_boots cost=500 gold=112 left=3'
08/30 16:41:19 [Localization System] CLocalize::FindSafe failed to localize: 'AIB[D] blocked=hero-over-creep reason=no_target'
08/30 16:41:19 [Localization System] CLocalize::FindSafe failed to localize: 'AIB[D] blocked=bottle-rune reason=no_close_rune max=1900 waterMax=4700 nearest=inf water=inf mid=1514 status=0-0-'
08/30 16:41:19 [Localization System] CLocalize::FindSafe failed to localize: 'AIB[D] blocked=recovery-rune-bottle reason=no_close_rune max=3600 waterMax=4700 nearest=inf water=inf mid=1514 status=0-0-'
08/30 16:41:19 [Localization System] CLocalize::FindSafe failed to localize: 'AIB[D] intent=recovery-plan family=recover action=lane reason=empty_bottle_no_rune hp=92 mana=33'
08/30 16:41:19 [Localization System] CLocalize::FindSafe failed to localize: 'AIB[D] blocked=emergency-kill reason=no_target'
08/30 16:41:19 [Localization System] CLocalize::FindSafe failed to localize: 'AIB[D] blocked=uphill-repo reason=no_reposition'
08/30 16:41:19 [Localization System] CLocalize::FindSafe failed to localize: 'AIB[D] intent=melee-pack-space family=safety count=3 dist=123'
08/30 16:41:19 [Localization System] CLocalize::FindSafe failed to localize: 'AIB[R] intent=recovery-policy family=recover action=recover hp=26 gate=35 source=early-low'
08/30 16:41:19 [Localization System] CLocalize::FindSafe failed to localize: 'AIB[D] blocked=harass reason=no_target'
08/30 16:41:19 [Localization System] CLocalize::FindSafe failed to localize: 'AIB[D] intent=tick-owner family=other stage=desire/creep-work reason=ready score=39 band=lanework'
08/30 16:41:20 [Localization System] CLocalize::FindSafe failed to localize: 'AIB[D] blocked=buy-tp reason=recent_tp since=70'
08/30 16:41:20 [Localization System] CLocalize::FindSafe failed to localize: 'AIB[D] blocked=buy-loop reason=saving target=item_power_treads head=item_belt_of_strength cost=450 gold=236 left=2'
08/30 16:41:20 [Localization System] CLocalize::FindSafe failed to localize: 'AIB[D] intent=state-desire-safety family=state base=108 creep_dmg=8 hp=90 creep=true hero=false reason=recent_damage score=116'
08/30 16:41:20 [Localization System] CLocalize::FindSafe failed to localize: 'AIB[D] blocked=creep-hit-react reason=inside_melee_pack count=3 dist=142 hp=90'
08/30 16:41:20 [Localization System] CLocalize::FindSafe failed to localize: 'AIB[D] intent=creep-hit-react family=safety dist=142 hp=90 hits=1 reason=edge_attack'
08/30 16:41:20 [Localization System] CLocalize::FindSafe failed to localize: 'AIB[D] intent=top-arbiter family=state winner=safety:116 losers=hero-over-creep:52,idle-heal:46,emergency-retreat:45,fwd-pullback:44,emergency-kill:43.5'
08/30 16:41:20 [Localization System] CLocalize::FindSafe failed to localize: 'AIB[D] intent=damage-by-source family=other creep=564 tower=62 hero=2644 mixed=493 death=0 other=39 stale=201 gaps=6'
08/30 16:41:20 [Localization System] CLocalize::FindSafe failed to localize: 'AIB[D] blocked=safety-candidate reason=no_action_capped hp=90 score=44'
08/30 16:41:20 [Localization System] CLocalize::FindSafe failed to localize: 'AIB[D] blocked=ability-harass reason=nothing_castable'
08/30 16:41:20 [Localization System] CLocalize::FindSafe failed to localize: 'AIB[R] intent=tick-owner family=other stage=laning-core'
08/30 16:41:21 [Localization System] CLocalize::FindSafe failed to localize: 'AIB[D] intent=own-ranged-lead family=other lead=998 count=3'
08/30 16:41:21 [Localization System] CLocalize::FindSafe failed to localize: 'AIB[R] t=438s hp=28% gold=115 loc=-5754,-5657 lh=21 dn=1 dg=+7 dlh=+0 bottle=0 lvl=6 front=8075 ehp=-1'
08/30 16:41:21 [Localization System] CLocalize::FindSafe failed to localize: 'AIB[R] intent=recovery-policy family=recover action=recover hp=28 gate=35 source=early-low'
08/30 16:41:21 [Localization System] CLocalize::FindSafe failed to localize: 'AIB[D] t=439s hp=83% gold=238 loc=-632,-444 lh=31 dn=11 dg=+7 dlh=+0 bottle=0 lvl=7 front=9924 ehp=-1'
08/30 16:41:21 [Localization System] CLocalize::FindSafe failed to localize: 'AIB[D] intent=tick-owner family=other stage=desire/creep-work reason=ready score=39 band=lanework'
08/30 16:41:22 [Localization System] CLocalize::FindSafe failed to localize: 'AIB[D] intent=top-arbiter family=state winner=creep-work:38.8 losers=hero-over-creep:52,idle-heal:46,emergency-retreat:45,fwd-pullback:44,emergency-kill:43.5'
08/30 16:41:22 [Localization System] CLocalize::FindSafe failed to localize: 'AIB[D] intent=state-desire-safety family=state base=108 creep_dmg=8 hp=76 creep=true hero=false hyst=18 reason=recent_damage score=134'
08/30 16:41:22 [Localization System] CLocalize::FindSafe failed to localize: 'AIB[D] intent=creep-hit-react family=safety dist=75 hp=76 hits=3 reason=edge_attack'
08/30 16:41:23 [Localization System] CLocalize::FindSafe failed to localize: 'AIB[D] blocked=hero-over-creep reason=no_target'
08/30 16:41:23 [Localization System] CLocalize::FindSafe failed to localize: 'AIB[D] blocked=emergency-kill reason=no_target'
08/30 16:41:23 [Localization System] CLocalize::FindSafe failed to localize: 'AIB[D] blocked=uphill-repo reason=no_reposition'
08/30 16:41:23 [Localization System] CLocalize::FindSafe failed to localize: 'AIB[D] intent=melee-pack-space family=safety count=3 dist=314'
08/30 16:41:23 [Localization System] CLocalize::FindSafe failed to localize: 'AIB[R] intent=tick-owner family=other stage=laning-core'
08/30 16:41:23 [Localization System] CLocalize::FindSafe failed to localize: 'AIB[D] blocked=harass reason=no_target'
08/30 16:41:23 [Localization System] CLocalize::FindSafe failed to localize: 'AIB[D] blocked=creep-hit-react reason=inside_melee_pack count=3 dist=202 hp=73'
08/30 16:41:23 [Localization System] CLocalize::FindSafe failed to localize: 'AIB[D] intent=top-arbiter family=state winner=safety:134 losers=hero-over-creep:52,idle-heal:46,emergency-retreat:45,fwd-pullback:44,emergency-kill:43.5'
08/30 16:41:23 [Localization System] CLocalize::FindSafe failed to localize: 'AIB[D] blocked=safety-candidate reason=no_action_capped hp=73 score=44'
08/30 16:41:23 [Localization System] CLocalize::FindSafe failed to localize: 'AIB[D] blocked=ability-harass reason=nothing_castable'
08/30 16:41:23 [Localization System] CLocalize::FindSafe failed to localize: 'AIB[R] intent=recovery-policy family=recover action=recover hp=29 gate=35 source=early-low'
08/30 16:41:24 [Localization System] CLocalize::FindSafe failed to localize: 'AIB[D] intent=tick-owner family=other stage=laning-core'
08/30 16:41:24 [Localization System] CLocalize::FindSafe failed to localize: 'AIB[R] intent=damage-by-source family=other creep=554 tower=0 hero=2829 mixed=272 death=177 other=497 stale=247 gaps=5'
08/30 16:41:24 [Localization System] CLocalize::FindSafe failed to localize: 'AIB[D] intent=state-desire-safety family=state base=108 creep_dmg=8 hp=72 creep=true hero=false hyst=18 reason=recent_damage score=134'
08/30 16:41:24 [Localization System] CLocalize::FindSafe failed to localize: 'AIB[D] intent=creep-hit-react family=safety dist=481 hp=72 hits=5 reason=attack'
08/30 16:41:25 [Localization System] CLocalize::FindSafe failed to localize: 'AIB[D] intent=top-arbiter family=state winner=safety:134 losers=hero-over-creep:52,idle-heal:46,emergency-retreat:45,fwd-pullback:44,emergency-kill:43.5'
08/30 16:41:26 [Localization System] CLocalize::FindSafe failed to localize: 'AIB[D] blocked=hero-over-creep reason=no_target'
08/30 16:41:26 [Localization System] CLocalize::FindSafe failed to localize: 'AIB[D] blocked=emergency-kill reason=no_target'
08/30 16:41:26 [Localization System] CLocalize::FindSafe failed to localize: 'AIB[D] blocked=uphill-repo reason=no_reposition'
08/30 16:41:26 [Localization System] CLocalize::FindSafe failed to localize: 'AIB[D] intent=state-desire-last-hit family=farm dist=481 reason=killable_creep score=140'
08/30 16:41:26 [Localization System] CLocalize::FindSafe failed to localize: 'AIB[D] intent=tick-owner family=other stage=desire/last-hit dist=481 reason=killable_creep score=140'
08/30 16:41:26 [Localization System] CLocalize::FindSafe failed to localize: 'AIB[D] blocked=harass reason=own_heal_running'
08/30 16:41:26 [Localization System] CLocalize::FindSafe failed to localize: 'AIB[D] intent=cs-watchdog family=farm lh=31 idle=19 creep_hp=5 dist=481'
08/30 16:41:26 [Localization System] CLocalize::FindSafe failed to localize: 'AIB[D] intent=top-arbiter family=state winner=creep-work:38.8 losers=hero-over-creep:52,idle-heal:46,emergency-retreat:45,fwd-pullback:44,emergency-kill:43.5'
08/30 16:41:27 [Localization System] CLocalize::FindSafe failed to localize: 'AIB[D] t=444s hp=73% gold=246 loc=-415,-275 lh=31 dn=11 dg=+8 dlh=+0 bottle=0 lvl=7 front=10291 ehp=-1'
08/30 16:41:27 [Localization System] CLocalize::FindSafe failed to localize: 'AIB[D] blocked=ability-harass reason=nothing_castable'
08/30 16:41:27 [Localization System] CLocalize::FindSafe failed to localize: 'AIB[D] blocked=visual-hold reason=creep_in_range held=2.4 hp=73 repeat=4 hard=true'
08/30 16:41:27 [Localization System] CLocalize::FindSafe failed to localize: 'AIB[D] intent=wave-watch-work family=other lh=31 idle=6 creep_hp=6 dist=481'
08/30 16:41:27 [Localization System] CLocalize::FindSafe failed to localize: 'AIB[D] blocked=wave-watch reason=not_finishable creep_hp=300 dist=843 idle=7'
08/30 16:41:27 [Localization System] CLocalize::FindSafe failed to localize: 'AIB[R] blocked=buy-tp reason=recent_tp since=26'
08/30 16:41:27 [Localization System] CLocalize::FindSafe failed to localize: 'AIB[R] blocked=buy-loop reason=saving target=item_power_treads head=item_boots cost=500 gold=124 left=3'
08/30 16:41:28 [Localization System] CLocalize::FindSafe failed to localize: 'AIB[D] blocked=bottle-rune reason=no_close_rune max=1900 waterMax=4700 nearest=inf water=inf mid=386 status=0-0-'
08/30 16:41:28 [Localization System] CLocalize::FindSafe failed to localize: 'AIB[D] blocked=recovery-rune-bottle reason=no_close_rune max=3600 waterMax=4700 nearest=inf water=inf mid=386 status=0-0-'
08/30 16:41:28 [Localization System] CLocalize::FindSafe failed to localize: 'AIB[D] intent=recovery-plan family=recover action=lane reason=empty_bottle_no_rune hp=74 mana=39'
08/30 16:41:28 [Localization System] CLocalize::FindSafe failed to localize: 'AIB[D] intent=tick-owner family=other stage=laning-core'
08/30 16:41:28 [Localization System] CLocalize::FindSafe failed to localize: 'AIB[D] intent=top-arbiter family=state winner=wave-watch:10 losers=hero-over-creep:52,idle-heal:46,emergency-retreat:45,fwd-pullback:44,emergency-kill:43.5'
08/30 16:41:28 [Localization System] CLocalize::FindSafe failed to localize: 'AIB[D] blocked=buy-loop reason=saving target=item_power_treads head=item_belt_of_strength cost=450 gold=248 left=2'
08/30 16:41:29 [Localization System] CLocalize::FindSafe failed to localize: 'AIB[D] blocked=hero-over-creep reason=no_target'
08/30 16:41:29 [Localization System] CLocalize::FindSafe failed to localize: 'AIB[D] blocked=emergency-kill reason=no_target'
08/30 16:41:29 [Localization System] CLocalize::FindSafe failed to localize: 'AIB[D] blocked=uphill-repo reason=no_reposition'
08/30 16:41:30 [Localization System] CLocalize::FindSafe failed to localize: 'AIB[D] intent=top-arbiter family=state winner=creep-work:38.8 losers=hero-over-creep:52,idle-heal:46,emergency-retreat:45,fwd-pullback:44,emergency-kill:43.5'
08/30 16:41:30 [Localization System] CLocalize::FindSafe failed to localize: 'AIB[D] intent=tick-owner family=other stage=laning-core'
08/30 16:41:30 [Localization System] CLocalize::FindSafe failed to localize: 'AIB[R] t=447s hp=75% gold=129 loc=-7255,-6740 lh=21 dn=1 dg=+14 dlh=+0 bottle=3 lvl=6 front=8198 ehp=-1'
08/30 16:41:30 [Localization System] CLocalize::FindSafe failed to localize: 'AIB[R] blocked=hero-over-creep reason=no_target'
08/30 16:41:30 [Localization System] CLocalize::FindSafe failed to localize: 'AIB[R] intent=top-arbiter family=state winner=idle-heal:46 losers=hero-over-creep:52,emergency-retreat:45,fwd-pullback:44,emergency-kill:43.5,uphill:43'
08/30 16:41:30 [Localization System] CLocalize::FindSafe failed to localize: 'AIB[R] intent=tick-owner family=other stage=desire/idle-heal reason=ready score=46 band=lanework'
08/30 16:41:30 [Localization System] CLocalize::FindSafe failed to localize: 'AIB[D] intent=state-desire-last-hit family=farm dist=456 reason=killable_creep score=140'
08/30 16:41:31 [Localization System] CLocalize::FindSafe failed to localize: 'AIB[D] intent=top-arbiter family=state winner=last-hit:158 losers=hero-over-creep:52,cs-inrange:50,idle-heal:46,emergency-retreat:45,fwd-pullback:44'
08/30 16:41:32 [Localization System] CLocalize::FindSafe failed to localize: 'AIB[D] t=449s hp=76% gold=254 loc=-444,-313 lh=31 dn=11 dg=+8 dlh=+0 bottle=0 lvl=7 front=10317 ehp=-1'
08/30 16:41:32 [Localization System] CLocalize::FindSafe failed to localize: 'AIB[D] intent=tick-owner family=other stage=laning-core'
08/30 16:41:32 [Localization System] CLocalize::FindSafe failed to localize: 'AIB[R] intent=top-arbiter family=state winner=idle-heal:46 losers=hero-over-creep:52,emergency-retreat:45,fwd-pullback:44,emergency-kill:43.5,uphill:43'
08/30 16:41:32 [Localization System] CLocalize::FindSafe failed to localize: 'AIB[D] intent=state-desire-last-hit family=farm dist=460 hyst=18 reason=killable_creep score=158'
08/30 16:41:32 Script function 'AbilityUsageThink' on bot npc_dota_hero_nevermore took 2.025ms
08/30 16:41:32 [Localization System] CLocalize::FindSafe failed to localize: 'AIB[R] intent=tick-owner family=other stage=desire/idle-heal reason=ready score=46 band=lanework'
08/30 16:41:33 [Localization System] CLocalize::FindSafe failed to localize: 'AIB[D] blocked=hero-over-creep reason=no_target'
08/30 16:41:33 [Localization System] CLocalize::FindSafe failed to localize: 'AIB[D] blocked=emergency-kill reason=no_target'
08/30 16:41:33 [Localization System] CLocalize::FindSafe failed to localize: 'AIB[D] blocked=uphill-repo reason=no_reposition'
08/30 16:41:33 [Localization System] CLocalize::FindSafe failed to localize: 'AIB[D] blocked=harass reason=own_heal_running'
08/30 16:41:33 [Localization System] CLocalize::FindSafe failed to localize: 'AIB[D] blocked=ability-harass reason=nothing_castable'
08/30 16:41:33 [Localization System] CLocalize::FindSafe failed to localize: 'AIB[D] blocked=visual-hold reason=creep_in_range held=8.3 hp=76 repeat=6 hard=true'
08/30 16:41:33 [Localization System] CLocalize::FindSafe failed to localize: 'AIB[D] intent=top-arbiter family=state winner=visual-hold:20 losers=hero-over-creep:52,idle-heal:46,emergency-retreat:45,fwd-pullback:44,emergency-kill:43.5'
08/30 16:41:33 [Localization System] CLocalize::FindSafe failed to localize: 'AIB[R] blocked=hero-over-creep reason=no_target'
08/30 16:41:33 [Localization System] CLocalize::FindSafe failed to localize: 'AIB[R] intent=top-arbiter family=state winner=idle-heal:46 losers=hero-over-creep:52,emergency-retreat:45,fwd-pullback:44,emergency-kill:43.5,uphill:43'
08/30 16:41:34 [Localization System] CLocalize::FindSafe failed to localize: 'AIB[D] blocked=visual-hold reason=empty held=9.3 hp=76 repeat=1 hard=true'
08/30 16:41:34 [Localization System] CLocalize::FindSafe failed to localize: 'AIB[D] intent=tick-owner family=other stage=laning-core'
08/30 16:41:34 [Localization System] CLocalize::FindSafe failed to localize: 'AIB[D] intent=top-arbiter family=state winner=creep-work:38.8 losers=hero-over-creep:52,idle-heal:46,emergency-retreat:45,fwd-pullback:44,emergency-kill:43.5'
08/30 16:41:35 [Localization System] CLocalize::FindSafe failed to localize: 'AIB[R] intent=tick-owner family=other stage=desire/idle-heal reason=ready score=46 band=lanework'
08/30 16:41:35 CGameParticleManager::SetParticleControlEnt: Unable to lookup attachment "attach_fx" on model "models/heroes/shadow_fiend/shadow_fiend.vmdl" for entity "npc_dota_hero_nevermore"
08/30 16:41:35 [Localization System] CLocalize::FindSafe failed to localize: 'AIB[R] blocked=buy-tp reason=recent_tp since=0'
08/30 16:41:35 [Localization System] CLocalize::FindSafe failed to localize: 'AIB[R] blocked=buy-loop reason=saving target=item_power_treads head=item_boots cost=500 gold=136 left=3'
08/30 16:41:35 [Localization System] CLocalize::FindSafe failed to localize: 'AIB[R] intent=top-arbiter family=state winner=idle-heal:46 losers=hero-over-creep:52,emergency-retreat:45,fwd-pullback:44,emergency-kill:43.5,uphill:43'
08/30 16:41:35 [Localization System] CLocalize::FindSafe failed to localize: 'AIB[D] intent=damage-by-source family=other creep=621 tower=182 hero=2644 mixed=493 death=0 other=39 stale=201 gaps=6'
08/30 16:41:35 [Localization System] CLocalize::FindSafe failed to localize: 'AIB[R] t=453s hp=100% gold=136 loc=-6620,-6336 lh=21 dn=1 dg=+7 dlh=+0 bottle=3 lvl=6 front=7833 ehp=-1'
08/30 16:41:36 [Localization System] CLocalize::FindSafe failed to localize: 'AIB[D] blocked=hero-over-creep reason=no_target'
08/30 16:41:36 [Localization System] CLocalize::FindSafe failed to localize: 'AIB[D] blocked=bottle-rune reason=no_close_rune max=1900 waterMax=4700 nearest=inf water=inf mid=359 status=0-0-'
08/30 16:41:36 [Localization System] CLocalize::FindSafe failed to localize: 'AIB[D] blocked=recovery-rune-bottle reason=no_close_rune max=3600 waterMax=4700 nearest=inf water=inf mid=359 status=0-0-'
08/30 16:41:36 [Localization System] CLocalize::FindSafe failed to localize: 'AIB[D] blocked=emergency-kill reason=no_target'
08/30 16:41:36 [Localization System] CLocalize::FindSafe failed to localize: 'AIB[D] blocked=uphill-repo reason=no_reposition'
08/30 16:41:36 [Localization System] CLocalize::FindSafe failed to localize: 'AIB[D] anti-afk-lane=2 anti-afk-no-chase=1 anti-idle-combat=2 anti-idle-enter=43 anti-idle-lane=25 anti-idle-lowhp-back=7 bottle-heal=1 bottle-rune=3 channel-interrupt-atk=29 channel-interrupt-chase=28 creep-aggro-back=9 creep-aggro-hero-yield=13 creep-aggro-hit=7 creep-dmg=8 creep-hit-react-aggro-step=8 creep-hit-react-atk=16 creep-hit-react-step=22 cs-wait-release=70 cs-wait=35 cs-walk-gap-large=37 cs-walk-gap-small=23 cs-walk-inrange=17 cs-walk-into-pack=37 cs-walk=77 cs-watchdog-atk=8 cs-watchdog-step=20 deny-act-atk=65 deny-act-walk=15 deny-act=80 deny-cand-doomed=43 deny-cand-tanky=225 dw-active=9 dw-farm=65 dw-fwd=3 dw-tower-step=4 dw-tower=27 empty-bottle-ok=4 fight-hp-behind=20 fountain-tp-hold=1 fountain-trip-release=3 fountain-wait=3 fwd-at-position=11 fwd-hold=2 fwd-position=2 fwd-suppressed-creep=30 fwd-suppressed-cs=2 fwd-suppressed-empty=5 fwd-suppressed-hero=12 fwd-suppressed-lowhp=5 fwd-suppressed-motor=24 fwd-suppressed-recovery=4 fwd-suppressed-rune=3 fwd-suppressed-tower=9 fwd-suppressed-visual=1 fwd-suppressed-watchdog=2 harass-seek=3 heal-blocked-damage=1 heal-inflight-back=3 heal-inflight-hold=2 heal-item=5 heal-want=7 hero-contact-atk=31 hero-contact-chase=10 hero-over-creep=3 hero-pass-atk=12 hero-pass-chase=3 idle=19 kill-lock-atk=2 kill-lock-chase=47 kill-priority=12 killwin-atk=65 killwin-scan=1372 lane-line-fallback=154 lane-line-suppressed-creep-dmg=4 lane-line-suppressed-creep=17 lane-line-suppressed-damage=2 lane-line-suppressed-empty=7 lane-line-suppressed-heal=19 lane-line-suppressed-lowhp=15 lane-line-suppressed-motor=3 lane-line-suppressed-recovery=2 last-hit-urgent=118 low-hp-limit=9 melee-pack-release=24 melee-pack-space=39 no-dive=5 own-ranged-stepback=3 pre-aig=43 precreep-anchor=25 precreep-hold=2 precreep-park-hold=12 precreep-park=189 precreep-space=4 prewave-defend=2 prewave-free-hit=96 recover-safe=2 recover-xp=20 recovery-bottle-active=4 recovery-bottle=2 recovery-buy-critical=2 recovery-buy-under-fire=1 recovery-buy=5 recovery-enemy-near=373 recovery-flask=3 recovery-regen=9 recovery-tango=1 recovery-tp=1 recovery-yield=2 regen-walk=13 siege-commit-tower=8 siege-step=2 siege-terminal-tower=38 tango-heal=3 tower-aggro-drop=7 tower-range-exit=4 uphill-reposition=1 uphill-void-under-fire=7 visual-hold-creep=42 visual-hold-hard-creep=1 visual-hold-lane=5 wave-watch-atk=12 wave-watch-no-wave=32 wave-watch-step=2 wave-watch=38'
08/30 16:41:36 [Localization System] CLocalize::FindSafe failed to localize: 'AIB[D] intent=top-arbiter family=state winner=creep-work:38.8 losers=hero-over-creep:52,idle-heal:46,emergency-retreat:45,fwd-pullback:44,emergency-kill:43.5'
08/30 16:41:36 [Localization System] CLocalize::FindSafe failed to localize: 'AIB[D] intent=state-desire-last-hit family=farm dist=433 reason=killable_creep score=140'
08/30 16:41:36 [Localization System] CLocalize::FindSafe failed to localize: 'AIB[D] intent=tick-owner family=other stage=desire/last-hit dist=433 reason=killable_creep score=140'
08/30 16:41:36 [Localization System] CLocalize::FindSafe failed to localize: 'AIB[D] blocked=buy-loop reason=saving target=item_power_treads head=item_belt_of_strength cost=450 gold=341 left=2'
08/30 16:41:36 [Localization System] CLocalize::FindSafe failed to localize: 'AIB[D] intent=state-siege-window family=siege ttl=2 wave=3 tower=1181 hp=78 adv=true'
08/30 16:41:36 [Localization System] CLocalize::FindSafe failed to localize: 'AIB[D] blocked=siege reason=healing tower=1181 tank=true'
08/30 16:41:36 [Localization System] CLocalize::FindSafe failed to localize: 'AIB[D] intent=tower-opportunity family=siege result=blocked_healing wave=3 tower=1181'
08/30 16:41:36 Script function 'AbilityUsageThink' on bot npc_dota_hero_nevermore took 2.266ms
08/30 16:41:37 [Localization System] CLocalize::FindSafe failed to localize: 'AIB[R] blocked=hero-over-creep reason=no_target'
08/30 16:41:37 [Localization System] CLocalize::FindSafe failed to localize: 'AIB[R] intent=top-arbiter family=state winner=idle-heal:46 losers=hero-over-creep:52,emergency-retreat:45,fwd-pullback:44,emergency-kill:43.5,uphill:43'
08/30 16:41:37 [Localization System] CLocalize::FindSafe failed to localize: 'AIB[R] intent=tick-owner family=other stage=desire/idle-heal reason=ready score=46 band=lanework'
08/30 16:41:37 [Localization System] CLocalize::FindSafe failed to localize: 'AIB[D] blocked=harass reason=own_heal_running'
08/30 16:41:37 [Localization System] CLocalize::FindSafe failed to localize: 'AIB[D] t=454s hp=78% gold=389 loc=-706,-576 lh=33 dn=11 dg=+135 dlh=+2 bottle=0 lvl=7 front=10675 ehp=-1'
08/30 16:41:37 [Localization System] CLocalize::FindSafe failed to localize: 'AIB[D] intent=top-arbiter family=state winner=creep-work:38.8 losers=hero-over-creep:52,idle-heal:46,emergency-retreat:45,fwd-pullback:44,emergency-kill:43.5'
08/30 16:41:37 [Localization System] CLocalize::FindSafe failed to localize: 'AIB[D] blocked=ability-harass reason=nothing_castable'
08/30 16:41:38 [Localization System] CLocalize::FindSafe failed to localize: 'AIB[D] blocked=siege-candidate reason=no_action_capped hp=78 score=42'
08/30 16:41:38 [Localization System] CLocalize::FindSafe failed to localize: 'AIB[D] intent=tick-owner family=other stage=desire/creep-work reason=ready score=39 band=lanework'
08/30 16:41:38 [Localization System] CLocalize::FindSafe failed to localize: 'AIB[R] blocked=emergency-kill reason=no_target'
08/30 16:41:38 [Localization System] CLocalize::FindSafe failed to localize: 'AIB[R] blocked=uphill-repo reason=no_reposition'
08/30 16:41:38 [Localization System] CLocalize::FindSafe failed to localize: 'AIB[R] blocked=harass reason=no_target'
08/30 16:41:38 [Localization System] CLocalize::FindSafe failed to localize: 'AIB[R] blocked=cs-watchdog reason=no_creep lh=21 idle=66'
08/30 16:41:38 [Localization System] CLocalize::FindSafe failed to localize: 'AIB[R] blocked=ability-harass reason=nothing_castable'
08/30 16:41:38 [Localization System] CLocalize::FindSafe failed to localize: 'AIB[R] anti-afk-no-chase=3 anti-idle-combat=4 anti-idle-enter=35 anti-idle-lane=20 anti-idle-lowhp-back=10 buy-skip-fountain-floor=1 channel-interrupt-atk=15 channel-interrupt-chase=17 creep-aggro-back=3 creep-aggro-hero-yield=5 creep-aggro-hit=13 creep-dmg=4 creep-hit-react-aggro-step=1 creep-hit-react-atk=7 creep-hit-react-step=25 critical-recover-hold=2 cs-wait-release=26 cs-wait=16 cs-walk-gap-large=18 cs-walk-gap-small=81 cs-walk-inrange=39 cs-walk-into-pack=46 cs-walk=138 cs-watchdog-atk=2 cs-watchdog-step=10 cw-push-cs-step=1 cw-push=227 deny-act-atk=4 deny-act-walk=11 deny-act=15 deny-cand-doomed=21 deny-cand-tanky=125 fight-hp-behind=14 fountain-bottle=3 fountain-stabilize=1 fountain-tp-hold=3 fountain-tp-lane=1 fountain-trip-release=4 fountain-wait=10 fwd-at-position=9 fwd-hold=2 fwd-position=2 fwd-suppressed-creep=11 fwd-suppressed-cs=3 fwd-suppressed-empty=6 fwd-suppressed-hero=6 fwd-suppressed-lowhp=9 fwd-suppressed-motor=25 fwd-suppressed-tower=13 fwd-suppressed-visual=4 fwd-suppressed-watchdog=1 heal-blocked-damage=1 heal-inflight-back=1 heal-inflight-hold=2 heal-item=5 heal-no-dive=3 heal-want=7 hero-contact-atk=34 hero-contact-chase=20 hero-over-creep=21 hero-pass-atk=21 hero-pass-chase=13 hero-prio-always=7 hero-prio-chase-hold=16 hero-prio-chase=64 idle=17 kill-lock-chase=2 kill-priority=8 killwin-atk=3 killwin-scan=1461 lane-line-fallback=74 lane-line-suppressed-creep-dmg=2 lane-line-suppressed-creep=7 lane-line-suppressed-empty=3 lane-line-suppressed-heal=13 lane-line-suppressed-lowhp=15 lane-line-suppressed-motor=7 last-hit-urgent=91 low-hp-behind-safe=1 low-hp-creep=21 low-hp-limit=17 melee-pack-release=18 melee-pack-space=26 no-dive=1 own-ranged-stepback=1 pre-aig=35 precreep-anchor=34 precreep-hold=2 precreep-park-hold=13 precreep-park=155 precreep-space=1 prewave-duel-trade=84 prewave-duel-uphill-back=15 recover-safe=16 recover-xp=13 recovery-bottle-active=2 recovery-buy-critical=4 recovery-buy-under-fire=1 recovery-buy=5 recovery-enemy-near=414 recovery-flask=2 recovery-regen=10 recovery-rune=2 recovery-tp=2 recovery-wait=2 recovery-yield=4 regen-walk=17 siege-commit-tower=16 siege-hero=3 siege-step=5 siege-terminal-tower=26 tango-heal=2 tower-aggro-drop=4 tower-range-exit=2 uphill-reposition=2 uphill-void-under-fire=10 visual-hold-creep=6 visual-hold-lane=4 wave-watch-atk=7 wave-watch-no-wave=28 wave-watch-step=1 wave-watch=23'
08/30 16:41:38 [Localization System] CLocalize::FindSafe failed to localize: 'AIB[R] intent=lane-line-episode family=other dist=1673 fwd=0.50'
08/30 16:41:38 [Localization System] CLocalize::FindSafe failed to localize: 'AIB[R] blocked=uphill-repo reason=motor_busy'
08/30 16:41:38 [Localization System] CLocalize::FindSafe failed to localize: 'AIB[R] blocked=hero-prio-chase reason=lane_work dist=1187 cs=false creep=false hp_adv=false kill_pressure=false close=false low_farm=false lane_override=false'
08/30 16:41:38 [Localization System] CLocalize::FindSafe failed to localize: 'AIB[R] intent=top-arbiter family=state winner=lane-line:18 losers=hero-over-creep:52,idle-heal:46,emergency-retreat:45,fwd-pullback:44,emergency-kill:43.5'
08/30 16:41:38 [Localization System] CLocalize::FindSafe failed to localize: 'AIB[D] blocked=siege reason=desire_or_hp hp=78 adv=false'
08/30 16:41:39 [Localization System] CLocalize::FindSafe failed to localize: 'AIB[R] intent=state-desire-last-hit family=farm dist=318 reason=killable_creep score=140'
08/30 16:41:39 [Localization System] CLocalize::FindSafe failed to localize: 'AIB[R] intent=tick-owner family=other stage=desire/last-hit dist=318 reason=killable_creep score=140'
08/30 16:41:39 [Localization System] CLocalize::FindSafe failed to localize: 'AIB[D] blocked=hero-over-creep reason=no_target'
08/30 16:41:39 [Localization System] CLocalize::FindSafe failed to localize: 'AIB[D] blocked=emergency-kill reason=no_target'
08/30 16:41:39 [Localization System] CLocalize::FindSafe failed to localize: 'AIB[D] blocked=uphill-repo reason=no_reposition'
08/30 16:41:39 [Localization System] CLocalize::FindSafe failed to localize: 'AIB[D] intent=top-arbiter family=state winner=creep-work:38.8 losers=hero-over-creep:52,idle-heal:46,emergency-retreat:45,fwd-pullback:44,emergency-kill:43.5'
08/30 16:41:39 [Localization System] CLocalize::FindSafe failed to localize: 'AIB[R] intent=channel-interrupt family=fight dist=908 hp=100 kind=heal reason=enemy_heal'
08/30 16:41:39 [SteamNetSockets] Certificate expires in 47h50m at 1788273098 (current time 1788100898), will renew in 45h50m
08/30 16:41:39 [Localization System] CLocalize::FindSafe failed to localize: 'AIB[R] intent=damage-by-source family=other creep=554 tower=0 hero=2829 mixed=272 death=177 other=497 stale=247 gaps=5'
08/30 16:41:39 [Localization System] CLocalize::FindSafe failed to localize: 'AIB[D] blocked=recovery-buy reason=budget_cap hp=79 gold=393 count=3 allow=2'
08/30 16:41:40 [Localization System] CLocalize::FindSafe failed to localize: 'AIB[R] intent=top-arbiter family=state winner=last-hit:158 losers=safety:116,hero-over-creep:52,cs-inrange:50,idle-heal:46,emergency-retreat:45'
08/30 16:41:40 [Localization System] CLocalize::FindSafe failed to localize: 'AIB[D] blocked=harass reason=no_target'
08/30 16:41:40 [Localization System] CLocalize::FindSafe failed to localize: 'AIB[D] intent=tick-owner family=other stage=desire/creep-work reason=ready score=39 band=lanework'
08/30 16:41:40 [Localization System] CLocalize::FindSafe failed to localize: 'AIB[R] intent=state-desire-last-hit family=farm dist=81 hyst=18 reason=killable_creep score=158'
08/30 16:41:40 [Localization System] CLocalize::FindSafe failed to localize: 'AIB[D] intent=top-arbiter family=state winner=creep-work:38.8 losers=hero-over-creep:52,idle-heal:46,emergency-retreat:45,fwd-pullback:44,emergency-kill:43.5'
08/30 16:41:40 [Localization System] CLocalize::FindSafe failed to localize: 'AIB[D] blocked=ability-harass reason=nothing_castable'
08/30 16:41:40 [Localization System] CLocalize::FindSafe failed to localize: 'AIB[D] intent=lane-line-episode family=other dist=624 fwd=0.55'
08/30 16:41:41 [Localization System] CLocalize::FindSafe failed to localize: 'AIB[R] t=458s hp=75% gold=181 loc=-1651,-1256 enemy-dist=672 lh=22 dn=1 dg=+45 dlh=+1 bottle=3 lvl=6 front=7078 ehp=59'
08/30 16:41:41 [Localization System] CLocalize::FindSafe failed to localize: 'AIB[R] intent=state-desire-safety family=state base=108 creep_dmg=8 hp=75 creep=true hero=true reason=recent_damage score=116'
08/30 16:41:41 [Localization System] CLocalize::FindSafe failed to localize: 'AIB[R] intent=creep-hit-react family=safety dist=125 hp=75 hits=1 reason=attack'
08/30 16:41:41 [Localization System] CLocalize::FindSafe failed to localize: 'AIB[R] intent=tick-owner family=other stage=desire/safety base=108 creep_dmg=8 hp=75 creep=true hero=true reason=recent_damage score=116'
08/30 16:41:41 [Localization System] CLocalize::FindSafe failed to localize: 'AIB[D] blocked=uphill-repo reason=motor_busy'
08/30 16:41:41 [Localization System] CLocalize::FindSafe failed to localize: 'AIB[R] blocked=safety-candidate reason=no_action_capped hp=76 score=44'
08/30 16:41:41 [Localization System] CLocalize::FindSafe failed to localize: 'AIB[R] intent=state-desire-fight family=state base=78 hp_adv=8 dist=742 hp=76 ehp=59 reason=enemy_seen score=86'
08/30 16:41:41 [Localization System] CLocalize::FindSafe failed to localize: 'AIB[R] blocked=ability-pressure reason=nothing_castable'
08/30 16:41:41 [Localization System] CLocalize::FindSafe failed to localize: 'AIB[R] intent=hero-contact family=fight dist=742 hp=76 reason=close_enemy'
08/30 16:41:41 [Localization System] CLocalize::FindSafe failed to localize: 'AIB[R] blocked=hero-contact reason=refractory since=0.13'
08/30 16:41:41 [Localization System] CLocalize::FindSafe failed to localize: 'AIB[R] blocked=creep-aggro reason=hero_trading hp=77 hits=1'
08/30 16:41:41 [Localization System] CLocalize::FindSafe failed to localize: 'AIB[R] intent=arbiter family=fight winner=hero-pass:90 losers=creep-aggro:10'
08/30 16:41:41 [Localization System] CLocalize::FindSafe failed to localize: 'AIB[R] intent=hero-pass family=fight dist=747 hp=77 reason=nearby_enemy'
08/30 16:41:41 [Localization System] CLocalize::FindSafe failed to localize: 'AIB[R] intent=creep-aggro family=safety hp=77 reason=creep_hitting'
08/30 16:41:41 [Localization System] CLocalize::FindSafe failed to localize: 'AIB[R] blocked=hero-over-creep reason=no_target'
08/30 16:41:41 [Localization System] CLocalize::FindSafe failed to localize: 'AIB[R] blocked=recovery-buy reason=budget_cap hp=75 gold=182 count=2 allow=2'
08/30 16:41:41 [Localization System] CLocalize::FindSafe failed to localize: 'AIB[R] blocked=emergency-kill reason=no_target'
08/30 16:41:41 [Localization System] CLocalize::FindSafe failed to localize: 'AIB[R] blocked=uphill-repo reason=no_reposition'
08/30 16:41:42 [Localization System] CLocalize::FindSafe failed to localize: 'AIB[R] intent=recovery-plan family=recover action=bottle reason=charges hp=76 mana=90 charges=3'
08/30 16:41:42 [Localization System] CLocalize::FindSafe failed to localize: 'AIB[R] intent=top-arbiter family=state winner=idle-heal:46 losers=hero-over-creep:52,emergency-retreat:45,fwd-pullback:44,emergency-kill:43.5,uphill:43'
08/30 16:41:42 [Localization System] CLocalize::FindSafe failed to localize: 'AIB[R] blocked=uphill-repo reason=motor_busy'
08/30 16:41:42 [Localization System] CLocalize::FindSafe failed to localize: 'AIB[R] blocked=harass reason=no_target'
08/30 16:41:42 [Localization System] CLocalize::FindSafe failed to localize: 'AIB[R] intent=cs-watchdog family=farm lh=22 idle=69 creep_hp=427 dist=49'
08/30 16:41:42 [Localization System] CLocalize::FindSafe failed to localize: 'AIB[D] blocked=channel-interrupt reason=unsafe dist=930 hp=59 kind=heal'
08/30 16:41:42 [Localization System] CLocalize::FindSafe failed to localize: 'AIB[D] blocked=hero-over-creep reason=no_target'
08/30 16:41:42 [Localization System] CLocalize::FindSafe failed to localize: 'AIB[D] intent=recovery-plan family=recover action=lane reason=empty_bottle_no_rune hp=59 mana=44'
08/30 16:41:42 [Localization System] CLocalize::FindSafe failed to localize: 'AIB[D] blocked=emergency-kill reason=no_target'
08/30 16:41:42 [Localization System] CLocalize::FindSafe failed to localize: 'AIB[R] blocked=ability-harass reason=nothing_castable'
08/30 16:41:42 [Localization System] CLocalize::FindSafe failed to localize: 'AIB[D] t=459s hp=59% gold=397 loc=-808,-642 enemy-dist=883 lh=33 dn=11 dg=+8 dlh=+0 bottle=0 lvl=7 front=11354 ehp=77'
08/30 16:41:42 [Localization System] CLocalize::FindSafe failed to localize: 'AIB[D] intent=top-arbiter family=state winner=lane-line:18 losers=hero-over-creep:52,idle-heal:46,emergency-retreat:45,fwd-pullback:44,emergency-kill:43.5'
08/30 16:41:42 [Localization System] CLocalize::FindSafe failed to localize: 'AIB[R] blocked=harass reason=own_heal_running'
08/30 16:41:42 [Localization System] CLocalize::FindSafe failed to localize: 'AIB[D] intent=tick-owner family=other stage=laning-core'
08/30 16:41:42 [Localization System] CLocalize::FindSafe failed to localize: 'AIB[R] intent=state-desire-safety family=state base=108 creep_dmg=8 hp=79 creep=true hero=false hyst=18 reason=recent_damage score=134'
08/30 16:41:42 [Localization System] CLocalize::FindSafe failed to localize: 'AIB[R] intent=creep-hit-react family=safety dist=212 hp=79 hits=3 reason=attack'
08/30 16:41:43 [Localization System] CLocalize::FindSafe failed to localize: 'AIB[R] intent=tick-owner family=other stage=laning-core'
08/30 16:41:43 [Localization System] CLocalize::FindSafe failed to localize: 'AIB[R] intent=state-desire-last-hit family=farm dist=136 reason=killable_creep score=140'
08/30 16:41:43 [Localization System] CLocalize::FindSafe failed to localize: 'AIB[R] blocked=buy-tp reason=recent_tp since=8'
08/30 16:41:43 [Localization System] CLocalize::FindSafe failed to localize: 'AIB[R] blocked=buy-loop reason=saving target=item_power_treads head=item_boots cost=500 gold=185 left=3'
08/30 16:41:43 [Localization System] CLocalize::FindSafe failed to localize: 'AIB[D] blocked=harass reason=no_target'
08/30 16:41:43 [Localization System] CLocalize::FindSafe failed to localize: 'AIB[R] intent=top-arbiter family=state winner=last-hit:158 losers=safety:116,hero-over-creep:52,cs-inrange:50,idle-heal:46,emergency-retreat:45'
08/30 16:41:43 [Localization System] CLocalize::FindSafe failed to localize: 'AIB[D] intent=top-arbiter family=state winner=creep-work:38.8 losers=hero-over-creep:52,idle-heal:46,emergency-retreat:45,fwd-pullback:44,emergency-kill:43.5'
08/30 16:41:44 [Localization System] CLocalize::FindSafe failed to localize: 'AIB[R] blocked=fight-candidate reason=no_action_capped hp=83 score=40'
08/30 16:41:44 [Localization System] CLocalize::FindSafe failed to localize: 'AIB[D] blocked=bottle-rune reason=no_close_rune max=1900 waterMax=4700 nearest=inf water=inf mid=721 status=0-0-'
08/30 16:41:44 [Localization System] CLocalize::FindSafe failed to localize: 'AIB[D] blocked=ability-harass reason=nothing_castable'
08/30 16:41:44 [Localization System] CLocalize::FindSafe failed to localize: 'AIB[D] blocked=uphill-repo reason=motor_busy'
08/30 16:41:44 [Localization System] CLocalize::FindSafe failed to localize: 'AIB[R] blocked=safety-candidate reason=no_action_capped hp=84 score=44'
08/30 16:41:44 [Localization System] CLocalize::FindSafe failed to localize: 'AIB[R] intent=cs-watchdog family=farm lh=22 idle=71 creep_hp=83 dist=136'
08/30 16:41:44 [Localization System] CLocalize::FindSafe failed to localize: 'AIB[D] blocked=buy-loop reason=saving target=item_power_treads head=item_belt_of_strength cost=450 gold=400 left=2'
08/30 16:41:44 [Localization System] CLocalize::FindSafe failed to localize: 'AIB[D] intent=tick-owner family=other stage=laning-core'
08/30 16:41:44 [Localization System] CLocalize::FindSafe failed to localize: 'AIB[R] intent=state-desire-fight family=state base=78 hp_adv=8 dist=758 hp=87 ehp=62 reason=enemy_seen score=86'
08/30 16:41:44 [Localization System] CLocalize::FindSafe failed to localize: 'AIB[R] blocked=ability-pressure reason=nothing_castable'
08/30 16:41:45 [Localization System] CLocalize::FindSafe failed to localize: 'AIB[R] blocked=hero-contact reason=refractory since=0.20'
08/30 16:41:45 [Localization System] CLocalize::FindSafe failed to localize: 'AIB[R] blocked=top-arbiter reason=empty_action winner=fight score=104'
08/30 16:41:45 [Localization System] CLocalize::FindSafe failed to localize: 'AIB[R] blocked=hero-over-creep reason=no_target'
08/30 16:41:45 [Localization System] CLocalize::FindSafe failed to localize: 'AIB[R] blocked=emergency-kill reason=no_target'
08/30 16:41:45 [Localization System] CLocalize::FindSafe failed to localize: 'AIB[R] blocked=uphill-repo reason=no_reposition'
08/30 16:41:45 [Localization System] CLocalize::FindSafe failed to localize: 'AIB[R] blocked=uphill-repo reason=motor_busy'
08/30 16:41:45 [Localization System] CLocalize::FindSafe failed to localize: 'AIB[R] intent=top-arbiter family=state winner=harass:40 losers=hero-over-creep:52,idle-heal:46,emergency-retreat:45,fwd-pullback:44,emergency-kill:43.5'
08/30 16:41:45 [Localization System] CLocalize::FindSafe failed to localize: 'AIB[R] intent=tick-owner family=other stage=laning-core'
08/30 16:41:45 [Localization System] CLocalize::FindSafe failed to localize: 'AIB[D] blocked=hero-over-creep reason=no_target'
08/30 16:41:45 [Localization System] CLocalize::FindSafe failed to localize: 'AIB[D] blocked=emergency-kill reason=no_target'
08/30 16:41:45 [Localization System] CLocalize::FindSafe failed to localize: 'AIB[D] intent=top-arbiter family=state winner=lane-line:18 losers=hero-over-creep:52,idle-heal:46,emergency-retreat:45,fwd-pullback:44,emergency-kill:43.5'
08/30 16:41:45 [Localization System] CLocalize::FindSafe failed to localize: 'AIB[R] blocked=harass reason=no_target'
08/30 16:41:45 [Localization System] CLocalize::FindSafe failed to localize: 'AIB[R] blocked=cs-watchdog reason=no_creep lh=22 idle=73'
08/30 16:41:45 [Localization System] CLocalize::FindSafe failed to localize: 'AIB[R] blocked=ability-harass reason=nothing_castable'
08/30 16:41:45 [Localization System] CLocalize::FindSafe failed to localize: 'AIB[D] blocked=recovery-rune-bottle reason=no_close_rune max=3600 waterMax=4700 nearest=inf water=inf mid=1689 status=0-0-'
08/30 16:41:46 [Localization System] CLocalize::FindSafe failed to localize: 'AIB[R] t=463s hp=88% gold=188 loc=-1435,-1146 lh=22 dn=1 dg=+7 dlh=+0 bottle=2 lvl=6 front=7078 ehp=-1'
08/30 16:41:46 [Localization System] CLocalize::FindSafe failed to localize: 'AIB[D] blocked=harass reason=no_target'
08/30 16:41:46 [Localization System] CLocalize::FindSafe failed to localize: 'AIB[D] intent=tick-owner family=other stage=laning-core'
08/30 16:41:46 [Localization System] CLocalize::FindSafe failed to localize: 'AIB[R] intent=top-arbiter family=state winner=anti-idle:2 losers=hero-over-creep:52,idle-heal:46,emergency-retreat:45,fwd-pullback:44,emergency-kill:43.5'
08/30 16:41:46 [Localization System] CLocalize::FindSafe failed to localize: 'AIB[D] intent=top-arbiter family=state winner=anti-idle:2 losers=hero-over-creep:52,idle-heal:46,emergency-retreat:45,fwd-pullback:44,emergency-kill:43.5'
08/30 16:41:47 [Localization System] CLocalize::FindSafe failed to localize: 'AIB[D] blocked=uphill-repo reason=no_reposition'
08/30 16:41:47 [Localization System] CLocalize::FindSafe failed to localize: 'AIB[D] blocked=ability-harass reason=nothing_castable'
08/30 16:41:47 [Localization System] CLocalize::FindSafe failed to localize: 'AIB[R] intent=tick-owner family=other stage=laning-core'
08/30 16:41:47 [Localization System] CLocalize::FindSafe failed to localize: 'AIB[D] blocked=uphill-repo reason=motor_busy'
08/30 16:41:47 [Localization System] CLocalize::FindSafe failed to localize: 'AIB[D] t=464s hp=63% gold=404 loc=-191,-167 lh=33 dn=11 dg=+7 dlh=+0 bottle=0 lvl=7 front=8620 ehp=-1'
08/30 16:41:48 [Localization System] CLocalize::FindSafe failed to localize: 'AIB[R] blocked=hero-over-creep reason=no_target'
08/30 16:41:48 [Localization System] CLocalize::FindSafe failed to localize: 'AIB[R] blocked=emergency-kill reason=no_target'
08/30 16:41:48 [Localization System] CLocalize::FindSafe failed to localize: 'AIB[R] blocked=uphill-repo reason=no_reposition'
08/30 16:41:48 [Localization System] CLocalize::FindSafe failed to localize: 'AIB[D] blocked=hero-over-creep reason=no_target'
08/30 16:41:48 [Localization System] CLocalize::FindSafe failed to localize: 'AIB[D] blocked=emergency-kill reason=no_target'
08/30 16:41:48 [Localization System] CLocalize::FindSafe failed to localize: 'AIB[R] intent=lane-line-episode family=other dist=900 fwd=0.17'
08/30 16:41:48 [Localization System] CLocalize::FindSafe failed to localize: 'AIB[R] intent=top-arbiter family=state winner=lane-line:18 losers=hero-over-creep:52,idle-heal:46,emergency-retreat:45,fwd-pullback:44,emergency-kill:43.5'
08/30 16:41:48 [Localization System] CLocalize::FindSafe failed to localize: 'AIB[D] intent=top-arbiter family=state winner=anti-idle:2 losers=hero-over-creep:52,idle-heal:46,emergency-retreat:45,fwd-pullback:44,emergency-kill:43.5'
08/30 16:41:48 [Localization System] CLocalize::FindSafe failed to localize: 'AIB[R] blocked=uphill-repo reason=motor_busy'
08/30 16:41:48 [Localization System] CLocalize::FindSafe failed to localize: 'AIB[R] blocked=harass reason=no_target'
08/30 16:41:48 [Localization System] CLocalize::FindSafe failed to localize: 'AIB[R] blocked=ability-harass reason=nothing_castable'
08/30 16:41:48 [Localization System] CLocalize::FindSafe failed to localize: 'AIB[D] intent=tick-owner family=other stage=laning-core'
08/30 16:41:49 [Localization System] CLocalize::FindSafe failed to localize: 'AIB[D] intent=lane-line-episode family=other dist=326 fwd=0.28'
08/30 16:41:49 [Localization System] CLocalize::FindSafe failed to localize: 'AIB[R] intent=tick-owner family=other stage=laning-core'
08/30 16:41:49 [Localization System] CLocalize::FindSafe failed to localize: 'AIB[D] blocked=harass reason=no_target'
08/30 16:41:50 [Localization System] CLocalize::FindSafe failed to localize: 'AIB[R] intent=top-arbiter family=state winner=lane-line:18 losers=hero-over-creep:52,idle-heal:46,emergency-retreat:45,fwd-pullback:44,emergency-kill:43.5'
08/30 16:41:50 [Localization System] CLocalize::FindSafe failed to localize: 'AIB[D] intent=top-arbiter family=state winner=lane-line:18 losers=hero-over-creep:52,idle-heal:46,emergency-retreat:45,fwd-pullback:44,emergency-kill:43.5'
08/30 16:41:50 [Localization System] CLocalize::FindSafe failed to localize: 'AIB[D] intent=recovery-plan family=recover action=lane reason=empty_bottle_no_rune hp=65 mana=35'
08/30 16:41:50 [Localization System] CLocalize::FindSafe failed to localize: 'AIB[D] blocked=uphill-repo reason=motor_busy'
08/30 16:41:50 [Localization System] CLocalize::FindSafe failed to localize: 'AIB[D] blocked=ability-harass reason=nothing_castable'
08/30 16:41:50 [Localization System] CLocalize::FindSafe failed to localize: 'AIB[D] intent=tick-owner family=other stage=laning-core'
08/30 16:41:50 [Localization System] CLocalize::FindSafe failed to localize: 'AIB[D] intent=damage-by-source family=other creep=621 tower=182 hero=2840 mixed=493 death=0 other=39 stale=201 gaps=6'
08/30 16:41:51 [Localization System] CLocalize::FindSafe failed to localize: 'AIB[R] t=468s hp=90% gold=196 loc=-1378,-1074 lh=22 dn=1 dg=+8 dlh=+0 bottle=2 lvl=6 front=8089 ehp=-1'
08/30 16:41:51 [Localization System] CLocalize::FindSafe failed to localize: 'AIB[R] blocked=hero-over-creep reason=no_target'
08/30 16:41:51 [Localization System] CLocalize::FindSafe failed to localize: 'AIB[R] blocked=emergency-kill reason=no_target'
08/30 16:41:51 [Localization System] CLocalize::FindSafe failed to localize: 'AIB[R] intent=lane-line-episode family=other dist=1002 fwd=0.46'
08/30 16:41:51 [Localization System] CLocalize::FindSafe failed to localize: 'AIB[D] blocked=hero-over-creep reason=no_target'
08/30 16:41:51 [Localization System] CLocalize::FindSafe failed to localize: 'AIB[D] blocked=emergency-kill reason=no_target'
08/30 16:41:51 [Localization System] CLocalize::FindSafe failed to localize: 'AIB[R] blocked=buy-tp reason=recent_tp since=16'
08/30 16:41:51 [Localization System] CLocalize::FindSafe failed to localize: 'AIB[R] blocked=buy-loop reason=saving target=item_power_treads head=item_boots cost=500 gold=197 left=3'
08/30 16:41:51 [Localization System] CLocalize::FindSafe failed to localize: 'AIB[R] intent=top-arbiter family=state winner=lane-line:18 losers=hero-over-creep:52,idle-heal:46,emergency-retreat:45,fwd-pullback:44,emergency-kill:43.5'
08/30 16:41:51 [Localization System] CLocalize::FindSafe failed to localize: 'AIB[R] intent=tick-owner family=other stage=laning-core'
08/30 16:41:51 [Localization System] CLocalize::FindSafe failed to localize: 'AIB[R] blocked=uphill-repo reason=motor_busy'
08/30 16:41:51 [Localization System] CLocalize::FindSafe failed to localize: 'AIB[R] blocked=hero-prio-chase reason=lane_work dist=1094 cs=false creep=false hp_adv=false kill_pressure=false close=false low_farm=false lane_override=false'
08/30 16:41:51 [Localization System] CLocalize::FindSafe failed to localize: 'AIB[R] blocked=harass reason=no_target'
08/30 16:41:51 [Localization System] CLocalize::FindSafe failed to localize: 'AIB[R] blocked=ability-harass reason=nothing_castable'
08/30 16:41:51 [Localization System] CLocalize::FindSafe failed to localize: 'AIB[D] intent=top-arbiter family=state winner=wave-watch:10 losers=hero-over-creep:52,idle-heal:46,emergency-retreat:45,fwd-pullback:44,emergency-kill:43.5'
08/30 16:41:52 [Localization System] CLocalize::FindSafe failed to localize: 'AIB[D] intent=melee-pack-space family=safety count=3 dist=148'
08/30 16:41:52 [Localization System] CLocalize::FindSafe failed to localize: 'AIB[R] blocked=recovery-buy reason=budget_cap hp=91 gold=198 count=2 allow=2'
08/30 16:41:52 [Localization System] CLocalize::FindSafe failed to localize: 'AIB[D] blocked=bottle-rune reason=no_close_rune max=1900 waterMax=4700 nearest=inf water=inf mid=282 status=0-0-'
08/30 16:41:52 [Localization System] CLocalize::FindSafe failed to localize: 'AIB[D] t=469s hp=66% gold=412 loc=-463,-274 lh=33 dn=11 dg=+8 dlh=+0 bottle=0 lvl=7 front=9901 ehp=-1'
08/30 16:41:52 [Localization System] CLocalize::FindSafe failed to localize: 'AIB[D] blocked=buy-loop reason=saving target=item_power_treads head=item_belt_of_strength cost=450 gold=412 left=2'
08/30 16:41:52 [Localization System] CLocalize::FindSafe failed to localize: 'AIB[D] blocked=safety-candidate reason=no_action_capped hp=45 score=44'
08/30 16:41:52 [Localization System] CLocalize::FindSafe failed to localize: 'AIB[D] intent=state-desire-recover family=state base=74 hp=45 reason=hp_gate score=74'
08/30 16:41:52 [Localization System] CLocalize::FindSafe failed to localize: 'AIB[D] intent=recovery-policy family=recover action=recover hp=45 gate=55 source=lane-low'
08/30 16:41:52 [Localization System] CLocalize::FindSafe failed to localize: 'AIB[D] intent=recovery-plan family=recover action=back reason=post_fight_regen hp=45'
08/30 16:41:52 [Localization System] CLocalize::FindSafe failed to localize: 'AIB[D] intent=state-recover-xp family=state ttl=5 reason=post_fight_regen hp=45 dist=604'
08/30 16:41:52 [Localization System] CLocalize::FindSafe failed to localize: 'AIB[D] intent=recovery-owner family=recover band=soft threat=true mode=safe-step hp=45'
08/30 16:41:52 [Localization System] CLocalize::FindSafe failed to localize: 'AIB[D] intent=tick-owner family=other stage=laning-core'
08/30 16:41:52 [Localization System] CLocalize::FindSafe failed to localize: 'AIB[D] blocked=creep-hit-react reason=recovery_commit hp=44 band=soft'
08/30 16:41:53 [Localization System] CLocalize::FindSafe failed to localize: 'AIB[R] intent=top-arbiter family=state winner=harass:40 losers=hero-over-creep:52,idle-heal:46,emergency-retreat:45,fwd-pullback:44,emergency-kill:43.5'
08/30 16:41:53 [Localization System] CLocalize::FindSafe failed to localize: 'AIB[D] intent=top-arbiter family=state winner=recover:78 losers=safe-cs:56,hero-over-creep:52,idle-heal:46,emergency-retreat:45,fwd-pullback:44'
08/30 16:41:53 [Localization System] CLocalize::FindSafe failed to localize: 'AIB[R] intent=melee-pack-space family=safety count=2 dist=135'
08/30 16:41:53 [Localization System] CLocalize::FindSafe failed to localize: 'AIB[R] intent=tick-owner family=other stage=desire/ranged-spacing reason=ready score=41 band=lanework'
08/30 16:41:53 [Localization System] CLocalize::FindSafe failed to localize: 'AIB[D] blocked=recovery-rune-bottle reason=no_close_rune max=3600 waterMax=4700 nearest=inf water=inf mid=372 status=0-0-'
08/30 16:41:53 [Localization System] CLocalize::FindSafe failed to localize: 'AIB[R] blocked=wave-watch reason=not_finishable creep_hp=224 dist=505 idle=11'
08/30 16:41:54 [Localization System] CLocalize::FindSafe failed to localize: 'AIB[R] blocked=hero-over-creep reason=no_target'
08/30 16:41:54 [Localization System] CLocalize::FindSafe failed to localize: 'AIB[R] blocked=emergency-kill reason=no_target'
08/30 16:41:54 [Localization System] CLocalize::FindSafe failed to localize: 'AIB[R] intent=state-desire-last-hit family=farm dist=341 reason=killable_creep score=140'
08/30 16:41:54 [Localization System] CLocalize::FindSafe failed to localize: 'AIB[D] intent=state-desire-recover family=state base=74 creep_dmg=-14 hp=44 hyst=18 reason=hp_gate score=78'
08/30 16:41:54 [Localization System] CLocalize::FindSafe failed to localize: 'AIB[R] intent=damage-by-source family=other creep=581 tower=0 hero=3069 mixed=272 death=177 other=497 stale=247 gaps=5'
08/30 16:41:54 [Localization System] CLocalize::FindSafe failed to localize: 'AIB[R] intent=top-arbiter family=state winner=last-hit:158 losers=hero-over-creep:52,cs-inrange:50,idle-heal:46,emergency-retreat:45,fwd-pullback:44'
08/30 16:41:54 [Localization System] CLocalize::FindSafe failed to localize: 'AIB[D] intent=recovery-policy family=recover action=recover hp=44 gate=55 source=lane-low'
08/30 16:41:54 [Localization System] CLocalize::FindSafe failed to localize: 'AIB[R] blocked=uphill-repo reason=motor_busy'
08/30 16:41:54 [Localization System] CLocalize::FindSafe failed to localize: 'AIB[D] intent=top-arbiter family=state winner=recover:92 losers=safe-cs:56,hero-over-creep:52,idle-heal:46,emergency-retreat:45,fwd-pullback:44'
08/30 16:41:54 [Localization System] CLocalize::FindSafe failed to localize: 'AIB[D] intent=tick-owner family=other stage=laning-core'
08/30 16:41:54 [Localization System] CLocalize::FindSafe failed to localize: 'AIB[R] blocked=uphill-repo reason=no_reposition'
08/30 16:41:54 [Localization System] CLocalize::FindSafe failed to localize: 'AIB[R] intent=own-ranged-lead family=other lead=167 count=3'
08/30 16:41:55 [Localization System] CLocalize::FindSafe failed to localize: 'AIB[D] intent=recovery-owner family=recover band=soft threat=false mode=back hp=44'
08/30 16:41:55 [Localization System] CLocalize::FindSafe failed to localize: 'AIB[D] blocked=recover-candidate reason=no_action_capped hp=44 score=44'
08/30 16:41:55 [Localization System] CLocalize::FindSafe failed to localize: 'AIB[D] blocked=hero-over-creep reason=no_target'
08/30 16:41:55 [Localization System] CLocalize::FindSafe failed to localize: 'AIB[D] blocked=emergency-kill reason=no_target'
08/30 16:41:55 [Localization System] CLocalize::FindSafe failed to localize: 'AIB[D] blocked=uphill-repo reason=low_hp_hold'
08/30 16:41:55 [Localization System] CLocalize::FindSafe failed to localize: 'AIB[D] blocked=harass reason=no_target'
08/30 16:41:55 [Localization System] CLocalize::FindSafe failed to localize: 'AIB[D] blocked=ability-harass reason=nothing_castable'
08/30 16:41:55 [Localization System] CLocalize::FindSafe failed to localize: 'AIB[R] blocked=harass reason=no_target'
08/30 16:41:55 Script function 'Think' on bot npc_dota_hero_nevermore took 2.277ms
08/30 16:41:55 [Localization System] CLocalize::FindSafe failed to localize: 'AIB[R] intent=tick-owner family=other stage=laning-core'
08/30 16:41:55 [Localization System] CLocalize::FindSafe failed to localize: 'AIB[D] blocked=bottle-rune reason=spot_race_lost stage=1 enemy=2001 eta=8 hp=44'
08/30 16:41:55 [Localization System] CLocalize::FindSafe failed to localize: 'AIB[D] blocked=recovery-rune-bottle reason=spot_race_lost stage=1 enemy=2001 eta=8 hp=44'
08/30 16:41:56 [Localization System] CLocalize::FindSafe failed to localize: 'AIB[R] t=473s hp=93% gold=241 loc=-750,-691 lh=23 dn=1 dg=+45 dlh=+1 bottle=2 lvl=6 front=8515 ehp=-1'
08/30 16:41:56 [Localization System] CLocalize::FindSafe failed to localize: 'AIB[R] intent=top-arbiter family=state winner=creep-work:38.6 losers=hero-over-creep:52,idle-heal:46,emergency-retreat:45,fwd-pullback:44,emergency-kill:43.5'
08/30 16:41:56 Script function 'BuybackUsageThink' on bot npc_dota_hero_nevermore took 2.016ms
08/30 16:41:57 Script function 'Think' on bot npc_dota_hero_nevermore took 2.072ms
08/30 16:41:57 [Localization System] CLocalize::FindSafe failed to localize: 'AIB[R] blocked=hero-over-creep reason=no_target'
08/30 16:41:57 [Localization System] CLocalize::FindSafe failed to localize: 'AIB[R] blocked=emergency-kill reason=no_target'
08/30 16:41:57 [Localization System] CLocalize::FindSafe failed to localize: 'AIB[D] t=474s hp=45% gold=420 loc=103,123 enemy-dist=1180 lh=33 dn=11 dg=+8 dlh=+0 bottle=0 lvl=7 front=9991 ehp=93'
08/30 16:41:57 [Localization System] CLocalize::FindSafe failed to localize: 'AIB[R] intent=tick-owner family=other stage=laning-core'
08/30 16:41:57 [Localization System] CLocalize::FindSafe failed to localize: 'AIB[D] intent=recovery-plan family=recover action=back reason=post_fight_regen hp=45'
08/30 16:41:57 [Localization System] CLocalize::FindSafe failed to localize: 'AIB[D] intent=state-recover-xp family=state ttl=5 reason=post_fight_regen hp=45 dist=53'
08/30 16:41:57 [Localization System] CLocalize::FindSafe failed to localize: 'AIB[R] intent=top-arbiter family=state winner=creep-work:38.6 losers=hero-over-creep:52,idle-heal:46,emergency-retreat:45,fwd-pullback:44,emergency-kill:43.5'
08/30 16:41:57 [Localization System] CLocalize::FindSafe failed to localize: 'AIB[D] intent=top-arbiter family=state winner=creep-work:38.8 losers=safe-cs:56,hero-over-creep:52,idle-heal:46,emergency-retreat:45,fwd-pullback:44'
08/30 16:41:57 [Localization System] CLocalize::FindSafe failed to localize: 'AIB[D] intent=tick-owner family=other stage=desire/creep-work reason=ready score=39 band=lanework'
08/30 16:41:58 [Localization System] CLocalize::FindSafe failed to localize: 'AIB[R] blocked=uphill-repo reason=no_reposition'
08/30 16:41:58 [Localization System] CLocalize::FindSafe failed to localize: 'AIB[D] intent=state-rune-commit family=rune source=bottle-rune phase=power ttl=5 dist=1730 eta=5'
08/30 16:41:58 [Localization System] CLocalize::FindSafe failed to localize: 'AIB[D] intent=rune-transaction family=rune source=bottle-rune phase=power ttl=5 dist=1730 eta=5'
08/30 16:41:58 [Localization System] CLocalize::FindSafe failed to localize: 'AIB[D] intent=bottle-rune family=rune dist=1730 eta=5 reason=stage'
08/30 16:41:58 [Localization System] CLocalize::FindSafe failed to localize: 'AIB[R] blocked=harass reason=no_target'
08/30 16:41:58 [Localization System] CLocalize::FindSafe failed to localize: 'AIB[D] blocked=hero-over-creep reason=no_target'
08/30 16:41:59 Script function 'Think' on bot npc_dota_hero_nevermore took 2.756ms
08/30 16:41:59 [Server] Game code (account 0) tried to execute invalid order (19). Target NPC is dead.
08/30 16:41:59 [Localization System] CLocalize::FindSafe failed to localize: 'AIB[R] blocked=ability-harass reason=nothing_castable'
08/30 16:41:59 [Localization System] CLocalize::FindSafe failed to localize: 'AIB[R] intent=lane-line-episode family=other dist=698 fwd=0.60'
08/30 16:41:59 [Localization System] CLocalize::FindSafe failed to localize: 'AIB[R] blocked=uphill-repo reason=motor_busy'
08/30 16:41:59 [Localization System] CLocalize::FindSafe failed to localize: 'AIB[R] intent=top-arbiter family=state winner=creep-work:38.6 losers=hero-over-creep:52,idle-heal:46,emergency-retreat:45,fwd-pullback:44,emergency-kill:43.5'
08/30 16:41:59 [Localization System] CLocalize::FindSafe failed to localize: 'AIB[D] blocked=bottle-rune reason=route_unsafe stage=hold enemy=1110 rune=-1 hp=46'
08/30 16:41:59 [Localization System] CLocalize::FindSafe failed to localize: 'AIB[D] intent=rune-result family=rune source=bottle-rune result=abort reason=route_unsafe hp=46 stage=1'
08/30 16:41:59 [Localization System] CLocalize::FindSafe failed to localize: 'AIB[D] blocked=recovery-rune-bottle reason=cooldown left=6'
08/30 16:41:59 [Localization System] CLocalize::FindSafe failed to localize: 'AIB[D] blocked=emergency-kill reason=no_target'
08/30 16:41:59 [Localization System] CLocalize::FindSafe failed to localize: 'AIB[D] blocked=uphill-repo reason=not_trading'
08/30 16:41:59 [Localization System] CLocalize::FindSafe failed to localize: 'AIB[D] blocked=harass reason=no_target'
08/30 16:41:59 [Localization System] CLocalize::FindSafe failed to localize: 'AIB[D] blocked=ability-harass reason=nothing_castable'
08/30 16:41:59 [Localization System] CLocalize::FindSafe failed to localize: 'AIB[R] blocked=buy-tp reason=recent_tp since=24'
08/30 16:41:59 [Localization System] CLocalize::FindSafe failed to localize: 'AIB[R] blocked=buy-loop reason=saving target=item_power_treads head=item_boots cost=500 gold=320 left=3'
08/30 16:41:59 [Localization System] CLocalize::FindSafe failed to localize: 'AIB[D] blocked=bottle-rune reason=cooldown left=6'
08/30 16:41:59 [Localization System] CLocalize::FindSafe failed to localize: 'AIB[D] intent=wave-watch-work family=other lh=33 idle=8 creep_hp=160 dist=862'
08/30 16:41:59 [Localization System] CLocalize::FindSafe failed to localize: 'AIB[D] intent=top-arbiter family=state winner=wave-watch:10 losers=safe-cs:56,hero-over-creep:52,idle-heal:46,emergency-retreat:45,fwd-pullback:44'
08/30 16:41:59 [Localization System] CLocalize::FindSafe failed to localize: 'AIB[R] intent=tick-owner family=other stage=laning-core'
08/30 16:42:00 [Localization System] CLocalize::FindSafe failed to localize: 'AIB[D] blocked=recovery-buy reason=budget_cap hp=47 gold=423 count=3 allow=3'
08/30 16:42:00 [Localization System] CLocalize::FindSafe failed to localize: 'AIB[D] intent=melee-pack-space family=safety count=3 dist=242'
08/30 16:42:00 [Localization System] CLocalize::FindSafe failed to localize: 'AIB[D] intent=tick-owner family=other stage=desire/ranged-spacing reason=ready score=41 band=lanework'
08/30 16:42:00 [Localization System] CLocalize::FindSafe failed to localize: 'AIB[R] blocked=hero-over-creep reason=no_target'
08/30 16:42:00 [Localization System] CLocalize::FindSafe failed to localize: 'AIB[R] blocked=emergency-kill reason=no_target'
08/30 16:42:00 [Localization System] CLocalize::FindSafe failed to localize: 'AIB[D] blocked=buy-loop reason=saving target=item_power_treads head=item_belt_of_strength cost=450 gold=424 left=2'
08/30 16:42:00 [Localization System] CLocalize::FindSafe failed to localize: 'AIB[R] intent=state-desire-fight family=state base=78 hp_adv=8 execute=20 dist=724 hp=95 ehp=47 reason=enemy_seen score=106'
08/30 16:42:00 [Localization System] CLocalize::FindSafe failed to localize: 'AIB[R] blocked=ability-pressure reason=nothing_castable'
08/30 16:42:00 [Localization System] CLocalize::FindSafe failed to localize: 'AIB[R] intent=hero-contact family=fight dist=724 hp=95 reason=close_enemy'
08/30 16:42:01 [Localization System] CLocalize::FindSafe failed to localize: 'AIB[D] intent=top-arbiter family=state winner=creep-work:38.8 losers=safe-cs:56,hero-over-creep:52,idle-heal:46,emergency-retreat:45,fwd-pullback:44'
08/30 16:42:01 [Localization System] CLocalize::FindSafe failed to localize: 'AIB[R] blocked=hero-contact reason=refractory since=0.20'
08/30 16:42:01 [Localization System] CLocalize::FindSafe failed to localize: 'AIB[R] intent=hero-pass family=fight dist=663 hp=95 reason=nearby_enemy'
08/30 16:42:01 [Localization System] CLocalize::FindSafe failed to localize: 'AIB[R] intent=top-arbiter family=state winner=fight:124 losers=hero-over-creep:52,idle-heal:46,emergency-retreat:45,fwd-pullback:44,emergency-kill:43.5'
08/30 16:42:01 [Localization System] CLocalize::FindSafe failed to localize: 'AIB[R] t=478s hp=95% gold=322 loc=-419,-377 enemy-dist=612 lh=25 dn=1 dg=+81 dlh=+2 bottle=2 lvl=6 front=8828 ehp=47'
08/30 16:42:01 [Localization System] CLocalize::FindSafe failed to localize: 'AIB[R] blocked=top-arbiter reason=empty_action winner=fight score=142'
08/30 16:42:01 [Localization System] CLocalize::FindSafe failed to localize: 'AIB[R] blocked=recovery-buy reason=budget_cap hp=95 gold=322 count=2 allow=2'
08/30 16:42:01 [Localization System] CLocalize::FindSafe failed to localize: 'AIB[R] blocked=uphill-repo reason=no_reposition'
08/30 16:42:01 [Localization System] CLocalize::FindSafe failed to localize: 'AIB[D] blocked=fight-candidate reason=no_action_capped hp=47 score=40'
08/30 16:42:01 [Localization System] CLocalize::FindSafe failed to localize: 'AIB[D] intent=cs-watchdog family=farm lh=35 idle=18 creep_hp=435 dist=400'
08/30 16:42:01 [Localization System] CLocalize::FindSafe failed to localize: 'AIB[D] blocked=hero-over-creep reason=no_target'
08/30 16:42:01 [Localization System] CLocalize::FindSafe failed to localize: 'AIB[R] intent=tick-owner family=other stage=laning-core'
08/30 16:42:02 [Localization System] CLocalize::FindSafe failed to localize: 'AIB[D] intent=tick-owner family=other stage=laning-core'
08/30 16:42:02 [Localization System] CLocalize::FindSafe failed to localize: 'AIB[R] intent=recovery-plan family=recover action=bottle reason=charges hp=68 mana=69 charges=2'
08/30 16:42:02 [Localization System] CLocalize::FindSafe failed to localize: 'AIB[D] intent=channel-interrupt family=fight dist=587 hp=49 kind=heal reason=enemy_heal'
08/30 16:42:02 [Localization System] CLocalize::FindSafe failed to localize: 'AIB[R] intent=state-desire-last-hit family=farm dist=244 reason=killable_creep score=140'
08/30 16:42:02 [Localization System] CLocalize::FindSafe failed to localize: 'AIB[D] t=479s hp=41% gold=449 loc=9,138 enemy-dist=544 lh=35 dn=11 dg=+29 dlh=+2 bottle=0 lvl=7 front=9628 ehp=69'
08/30 16:42:02 [Localization System] CLocalize::FindSafe failed to localize: 'AIB[R] intent=top-arbiter family=state winner=last-hit:158 losers=hero-over-creep:52,cs-inrange:50,idle-heal:46,emergency-retreat:45,fwd-pullback:44'
08/30 16:42:03 [Localization System] CLocalize::FindSafe failed to localize: 'AIB[R] intent=state-desire-fight family=state base=78 range=18 hp_adv=8 execute=20 dist=544 hp=71 ehp=41 reason=enemy_seen score=124'
08/30 16:42:03 [Localization System] CLocalize::FindSafe failed to localize: 'AIB[D] blocked=safety-candidate reason=no_action_capped hp=41 score=44'
08/30 16:42:03 [Localization System] CLocalize::FindSafe failed to localize: 'AIB[D] intent=state-desire-fight family=state base=78 range=18 execute=20 dist=544 hp=41 ehp=60 reason=enemy_seen score=116'
08/30 16:42:03 [Localization System] CLocalize::FindSafe failed to localize: 'AIB[D] blocked=ability-pressure reason=nothing_castable'
08/30 16:42:03 [Localization System] CLocalize::FindSafe failed to localize: 'AIB[D] intent=hero-contact family=fight dist=544 hp=41 reason=attackable_enemy'
08/30 16:42:03 [Localization System] CLocalize::FindSafe failed to localize: 'AIB[D] intent=top-arbiter family=state winner=fight:116 losers=recover:74,safe-cs:56,hero-over-creep:52,idle-heal:46,emergency-retreat:45'
08/30 16:42:03 [Localization System] CLocalize::FindSafe failed to localize: 'AIB[R] blocked=creep-aggro reason=hero_trading hp=60 hits=1'
08/30 16:42:03 [Localization System] CLocalize::FindSafe failed to localize: 'AIB[R] intent=arbiter family=fight winner=hero-pass:105 losers=creep-aggro:82'
08/30 16:42:03 [Localization System] CLocalize::FindSafe failed to localize: 'AIB[D] blocked=hero-contact reason=refractory since=0.17'
08/30 16:42:03 [Localization System] CLocalize::FindSafe failed to localize: 'AIB[D] blocked=hero-pass reason=low_hp hp=41'
08/30 16:42:03 [Localization System] CLocalize::FindSafe failed to localize: 'AIB[D] blocked=top-arbiter reason=empty_action winner=fight score=134'
08/30 16:42:03 [Localization System] CLocalize::FindSafe failed to localize: 'AIB[D] intent=state-desire-recover family=state base=74 hp=41 reason=hp_gate score=74'
08/30 16:42:03 [Localization System] CLocalize::FindSafe failed to localize: 'AIB[D] intent=recovery-policy family=recover action=recover hp=41 gate=55 source=lane-low'
08/30 16:42:03 [Localization System] CLocalize::FindSafe failed to localize: 'AIB[D] intent=state-recover-xp family=state ttl=2 reason=regen_lane hp=41 dist=638'
08/30 16:42:03 [Localization System] CLocalize::FindSafe failed to localize: 'AIB[R] intent=creep-aggro family=safety hp=60 dest=-1296,-1161 reason=chip_step'
08/30 16:42:03 [Localization System] CLocalize::FindSafe failed to localize: 'AIB[R] intent=recovery-policy family=recover action=recover hp=25 gate=35 source=early-low'
08/30 16:42:03 [Localization System] CLocalize::FindSafe failed to localize: 'AIB[R] intent=state-recover-safe family=state ttl=2 reason=regen_lane hp=25 dist=2176'
08/30 16:42:03 [Localization System] CLocalize::FindSafe failed to localize: 'AIB[R] intent=tick-owner family=other stage=laning-core'
08/30 16:42:04 [Localization System] CLocalize::FindSafe failed to localize: 'AIB[R] intent=kill-lock family=fight dist=555 ehp=21 hp=32 exec=false atk=true mutual=true reason=mutual_low_finish'
08/30 16:42:04 [Localization System] CLocalize::FindSafe failed to localize: 'AIB[D] intent=recovery-yield-kill family=fight dist=555 hp=21 ehp=32 exec=false atk=true mutual=true'
08/30 16:42:04 [Localization System] CLocalize::FindSafe failed to localize: 'AIB[D] blocked=recovery-policy reason=yield_kill hp=21 gate=22 source=emergency-low'
08/30 16:42:04 [Localization System] CLocalize::FindSafe failed to localize: 'AIB[D] intent=kill-lock family=fight dist=555 ehp=32 hp=21 exec=false atk=true mutual=true reason=mutual_low_finish'
08/30 16:42:04 [Localization System] CLocalize::FindSafe failed to localize: 'AIB[D] intent=tick-owner family=other stage=laning-core'
08/30 16:42:04 [Localization System] CLocalize::FindSafe failed to localize: 'AIB[R] intent=recovery-yield-kill family=fight dist=555 hp=20 ehp=21 exec=false atk=true mutual=true'
08/30 16:42:04 [Localization System] CLocalize::FindSafe failed to localize: 'AIB[R] blocked=recovery-policy reason=yield_kill hp=20 gate=22 source=emergency-low'
08/30 16:42:05 [Localization System] CLocalize::FindSafe failed to localize: 'AIB[D] blocked=bottle-rune reason=cooldown left=0'
08/30 16:42:05 [Localization System] CLocalize::FindSafe failed to localize: 'AIB[D] intent=state-recover-safe family=state ttl=2 reason=regen_lane hp=13 dist=1235'
08/30 16:42:05 [Localization System] CLocalize::FindSafe failed to localize: 'invalid index'
08/30 16:42:05 [Localization System] CLocalize::FindSafe failed to localize: 'AIB[D] blocked=bottle-rune reason=critical_no_stage hp=13 rune=1772 eta=-2'
08/30 16:42:05 [Localization System] CLocalize::FindSafe failed to localize: 'AIB[D] blocked=bottle-rune reason=stage_cooldown eta=-2'
08/30 16:42:05 [Localization System] CLocalize::FindSafe failed to localize: 'AIB[R] intent=recovery-policy family=recover action=recover hp=19 gate=22 source=emergency-low'
08/30 16:42:05 [Localization System] CLocalize::FindSafe failed to localize: 'AIB[R] intent=state-recover-safe family=state ttl=2 reason=regen_lane hp=19 dist=2277'
08/30 16:42:05 [Localization System] CLocalize::FindSafe failed to localize: 'AIB[D] intent=damage-by-source family=other creep=639 tower=182 hero=3393 mixed=493 death=0 other=39 stale=201 gaps=6'
08/30 16:42:06 [Localization System] CLocalize::FindSafe failed to localize: 'AIB[R] intent=tick-owner family=other stage=urgent intent=kill-lock'
08/30 16:42:06 [Localization System] CLocalize::FindSafe failed to localize: 'AIB[R] t=483s hp=20% gold=330 loc=-189,-165 enemy-dist=763 lh=25 dn=1 dg=+8 dlh=+0 bottle=1 lvl=7 front=8932 ehp=14'
08/30 16:42:06 [Localization System] CLocalize::FindSafe failed to localize: 'AIB[R] intent=recovery-yield-kill family=fight dist=763 hp=20 ehp=14 exec=false atk=true mutual=true'
08/30 16:42:06 [Localization System] CLocalize::FindSafe failed to localize: 'AIB[R] blocked=recovery-policy reason=yield_kill hp=20 gate=22 source=emergency-low'
08/30 16:42:06 [Localization System] CLocalize::FindSafe failed to localize: 'AIB[R] blocked=kill-lock reason=chase_into_tower dist=763 ehp=14'
08/30 16:42:06 [Localization System] CLocalize::FindSafe failed to localize: 'AIB[R] intent=state-desire-recover family=state base=74 critical=44 hp=20 reason=hp_gate score=118'
08/30 16:42:06 [Localization System] CLocalize::FindSafe failed to localize: 'AIB[R] blocked=top-arbiter reason=empty_action winner=recover score=118'
08/30 16:42:06 [Localization System] CLocalize::FindSafe failed to localize: 'AIB[R] blocked=hero-over-creep reason=no_target'
08/30 16:42:06 [Localization System] CLocalize::FindSafe failed to localize: 'AIB[R] intent=top-arbiter family=state winner=idle-heal:46 losers=recover:118,hero-over-creep:52,emergency-retreat:45,fwd-pullback:44,emergency-kill:43.5'
08/30 16:42:06 [Localization System] CLocalize::FindSafe failed to localize: 'AIB[D] intent=tick-owner family=other stage=laning-core'
08/30 16:42:06 [Localization System] CLocalize::FindSafe failed to localize: 'AIB[R] blocked=bottle-rune reason=critical_no_stage hp=21 rune=1718 eta=-3'
08/30 16:42:06 [Localization System] CLocalize::FindSafe failed to localize: 'AIB[R] blocked=bottle-rune reason=stage_cooldown eta=-3'
08/30 16:42:06 [Localization System] CLocalize::FindSafe failed to localize: 'AIB[D] intent=recovery-yield-kill family=fight dist=777 hp=14 ehp=21 exec=false atk=true mutual=true'
08/30 16:42:06 [Localization System] CLocalize::FindSafe failed to localize: 'AIB[D] blocked=recovery-policy reason=yield_kill hp=14 gate=22 source=emergency-low'
08/30 16:42:06 [Localization System] CLocalize::FindSafe failed to localize: 'AIB[D] intent=arbiter family=urgent winner=kill-lock:145 losers=channel-interrupt:80'
08/30 16:42:06 [Localization System] CLocalize::FindSafe failed to localize: 'AIB[R] blocked=siege-candidate reason=no_action_capped hp=22 score=42'
08/30 16:42:07 [Localization System] CLocalize::FindSafe failed to localize: 'AIB[D] intent=channel-interrupt family=fight dist=548 hp=14 kind=heal reason=enemy_heal'
08/30 16:42:07 [Localization System] CLocalize::FindSafe failed to localize: 'AIB[R] blocked=buy-tp reason=recent_tp since=32'
08/30 16:42:07 [Localization System] CLocalize::FindSafe failed to localize: 'AIB[R] blocked=buy-loop reason=saving target=item_power_treads head=item_boots cost=500 gold=332 left=3'
08/30 16:42:07 [Localization System] CLocalize::FindSafe failed to localize: 'AIB[D] t=484s hp=14% gold=7 loc=385,381 enemy-dist=548 lh=35 dn=11 dg=-442 dlh=+0 bottle=0 lvl=7 front=8620 ehp=25'
08/30 16:42:07 [Localization System] CLocalize::FindSafe failed to localize: 'AIB[R] intent=recovery-yield-kill family=fight dist=548 hp=16 ehp=15 exec=false atk=true mutual=true'
08/30 16:42:07 [Localization System] CLocalize::FindSafe failed to localize: 'AIB[R] blocked=recovery-policy reason=yield_kill hp=16 gate=22 source=emergency-low'
08/30 16:42:07 [Localization System] CLocalize::FindSafe failed to localize: 'AIB[D] intent=state-recover-safe family=state ttl=2 reason=regen_lane hp=5 dist=812'
08/30 16:42:08 [Localization System] CLocalize::FindSafe failed to localize: 'AIB[R] intent=tick-owner family=other stage=urgent intent=kill-lock'
08/30 16:42:08 [Localization System] CLocalize::FindSafe failed to localize: 'AIB[R] intent=state-desire-safety family=state base=126 hp=16 creep=false hero=true reason=recent_damage score=126'
08/30 16:42:08 [Localization System] CLocalize::FindSafe failed to localize: 'AIB[R] blocked=top-arbiter reason=empty_action winner=safety score=126'
08/30 16:42:08 [Localization System] CLocalize::FindSafe failed to localize: 'AIB[R] intent=state-desire-recover family=state base=74 critical=44 hp=16 reason=hp_gate score=118'
08/30 16:42:08 [Localization System] CLocalize::FindSafe failed to localize: 'AIB[R] intent=state-recover-safe family=state ttl=2 reason=regen_lane hp=16 dist=2603'
08/30 16:42:08 [Localization System] CLocalize::FindSafe failed to localize: 'AIB[R] intent=top-arbiter family=state winner=idle-heal:46 losers=safety:126,recover:118,hero-over-creep:52,emergency-retreat:45,fwd-pullback:44'
08/30 16:42:08 [Localization System] CLocalize::FindSafe failed to localize: 'AIB[D] intent=tick-owner family=other stage=laning-core'
08/30 16:42:08 [Localization System] CLocalize::FindSafe failed to localize: 'AIB[D] blocked=buy-loop reason=saving target=item_power_treads head=item_gloves cost=450 gold=8 left=1'
08/30 16:42:08 [Localization System] CLocalize::FindSafe failed to localize: 'AIB[R] intent=recovery-policy family=recover action=recover hp=16 gate=22 source=emergency-low'
08/30 16:42:08 [Localization System] CLocalize::FindSafe failed to localize: 'AIB[R] blocked=recovery-rune-bottle reason=stage_cooldown eta=-5'
08/30 16:42:08 [Localization System] CLocalize::FindSafe failed to localize: 'AIB[R] intent=recovery-plan family=recover action=back reason=post_fight_regen hp=16'
08/30 16:42:09 [Localization System] CLocalize::FindSafe failed to localize: 'AIB[D] blocked=recovery-rune-bottle reason=stage_cooldown eta=-6'
08/30 16:42:09 [Localization System] CLocalize::FindSafe failed to localize: 'AIB[D] intent=recovery-plan family=recover action=lane reason=empty_bottle_no_rune hp=5 mana=13'
08/30 16:42:09 [Localization System] CLocalize::FindSafe failed to localize: 'invalid index'
08/30 16:42:09 [Localization System] CLocalize::FindSafe failed to localize: 'AIB[R] intent=damage-by-source family=other creep=581 tower=0 hero=3614 mixed=597 death=177 other=497 stale=247 gaps=5'
08/30 16:42:09 [Localization System] CLocalize::FindSafe failed to localize: 'AIB[D] blocked=bottle-rune reason=stage_cooldown eta=-6'
08/30 16:42:09 [Localization System] CLocalize::FindSafe failed to localize: 'AIB[R] blocked=recovery-buy reason=fountain_floor_free_heal hp=17 gold=235'
08/30 16:42:09 [Localization System] CLocalize::FindSafe failed to localize: 'AIB[D] blocked=recovery-buy reason=fountain_floor_free_heal hp=5 gold=10'
08/30 16:42:09 [Localization System] CLocalize::ConstructString failed to localize: '#DOTA_Tooltip_Ability_nevermore_shadowraze2_SummaryDescription'
08/30 16:42:10 [Localization System] CLocalize::FindSafe failed to localize: 'AIB[R] intent=tick-owner family=other stage=laning-core'
08/30 16:42:10 [Localization System] CLocalize::FindSafe failed to localize: 'AIB[D] intent=tick-owner family=other stage=laning-core'
08/30 16:42:10 [Localization System] CLocalize::FindSafe failed to localize: 'AIB[R] blocked=bottle-rune reason=stage_cooldown eta=-7'
08/30 16:42:10 [Localization System] CLocalize::FindSafe failed to localize: 'AIB[R] intent=recovery-policy family=recover action=recover hp=17 gate=22 source=emergency-low'
08/30 16:42:11 [Localization System] CLocalize::FindSafe failed to localize: 'AIB[R] t=488s hp=17% gold=237 loc=-676,-605 lh=25 dn=1 dg=-93 dlh=+0 bottle=0 lvl=7 front=7078 ehp=-1'
08/30 16:42:11 [Localization System] CLocalize::FindSafe failed to localize: 'AIB[D] blocked=bottle-rune reason=critical_no_stage hp=6 rune=2231 eta=-8'
08/30 16:42:12 [Localization System] CLocalize::FindSafe failed to localize: 'AIB[R] intent=tick-owner family=other stage=laning-core'
08/30 16:42:12 [Localization System] CLocalize::FindSafe failed to localize: 'AIB[D] t=489s hp=7% gold=14 loc=912,998 lh=35 dn=11 dg=+7 dlh=+0 bottle=0 lvl=8 front=8620 ehp=-1'
08/30 16:42:12 [Localization System] CLocalize::FindSafe failed to localize: 'AIB[D] intent=tick-owner family=other stage=laning-core'
08/30 16:42:12 [Localization System] CLocalize::FindSafe failed to localize: 'AIB[R] blocked=bottle-rune reason=critical_no_stage hp=18 rune=2121 eta=-9'
08/30 16:42:12 [Localization System] CLocalize::FindSafe failed to localize: 'AIB[R] intent=recovery-policy family=recover action=recover hp=18 gate=22 source=emergency-low'
08/30 16:42:12 [Localization System] CLocalize::FindSafe failed to localize: 'AIB[R] blocked=recovery-rune-bottle reason=stage_cooldown eta=-10'
08/30 16:42:12 [Localization System] CLocalize::FindSafe failed to localize: 'AIB[R] intent=recovery-plan family=recover action=water_rune reason=blocked hp=18 mana=82'
08/30 16:42:13 [Localization System] CLocalize::FindSafe failed to localize: 'AIB[D] blocked=recovery-rune-bottle reason=stage_cooldown eta=-10'
08/30 16:42:13 [Localization System] CLocalize::FindSafe failed to localize: 'AIB[D] intent=recovery-plan family=recover action=water_rune reason=blocked hp=7 mana=15'
08/30 16:42:13 [Localization System] CLocalize::FindSafe failed to localize: 'AIB[R] intent=state-recover-safe family=state ttl=5 reason=post_fight_regen hp=19 dist=944'
08/30 16:42:13 [Localization System] CLocalize::FindSafe failed to localize: 'AIB[D] blocked=bottle-rune reason=stage_cooldown eta=-10'
08/30 16:42:14 [Localization System] CLocalize::FindSafe failed to localize: 'AIB[D] intent=state-recover-safe family=state ttl=5 reason=post_fight_regen hp=8 dist=0'
08/30 16:42:14 [Server] PR:IncrementIdleTime 6:[I:0:0] 3.60
08/30 16:42:14 [Server] Client (account 0) tried to execute invalid order (3). Unrecognized order identifier.
08/30 16:42:14 [Localization System] CLocalize::FindSafe failed to localize: 'AIB[R] intent=tick-owner family=other stage=laning-core'
08/30 16:42:14 [Localization System] CLocalize::FindSafe failed to localize: 'AIB[D] intent=tick-owner family=other stage=laning-core'
08/30 16:42:14 [Localization System] CLocalize::FindSafe failed to localize: 'AIB[R] blocked=bottle-rune reason=stage_cooldown eta=-11'
08/30 16:42:15 [Localization System] CLocalize::FindSafe failed to localize: 'AIB[R] intent=recovery-policy family=recover action=recover hp=19 gate=22 source=emergency-low'
08/30 16:42:15 [Localization System] CLocalize::FindSafe failed to localize: 'AIB[R] blocked=buy-tp reason=recent_tp since=40'
08/30 16:42:15 [Localization System] CLocalize::FindSafe failed to localize: 'AIB[R] blocked=buy-loop reason=saving target=item_power_treads head=item_boots cost=500 gold=244 left=3'
08/30 16:42:16 [Localization System] CLocalize::FindSafe failed to localize: 'AIB[R] t=493s hp=20% gold=245 loc=-1717,-1678 lh=25 dn=1 dg=+8 dlh=+0 bottle=0 lvl=7 front=7078 ehp=-1'
08/30 16:42:16 [Localization System] CLocalize::FindSafe failed to localize: 'AIB[R] intent=tick-owner family=other stage=laning-core'
08/30 16:42:16 [Localization System] CLocalize::FindSafe failed to localize: 'AIB[D] blocked=buy-loop reason=saving target=item_power_treads head=item_gloves cost=450 gold=20 left=1'
08/30 16:42:16 [Localization System] CLocalize::FindSafe failed to localize: 'AIB[D] intent=tick-owner family=other stage=laning-core'
08/30 16:42:16 [Localization System] CLocalize::FindSafe failed to localize: 'AIB[R] blocked=recovery-rune-bottle reason=stage_cooldown eta=106'
08/30 16:42:16 [Localization System] CLocalize::FindSafe failed to localize: 'AIB[R] intent=recovery-plan family=recover action=water_rune reason=blocked hp=20 mana=84'
08/30 16:42:17 [Localization System] CLocalize::FindSafe failed to localize: 'AIB[R] intent=recovery-policy family=recover action=recover hp=20 gate=22 source=emergency-low'
08/30 16:42:17 [Localization System] CLocalize::FindSafe failed to localize: 'AIB[D] t=494s hp=9% gold=22 loc=1535,1360 lh=35 dn=11 dg=+8 dlh=+0 bottle=0 lvl=8 front=8620 ehp=-1'
08/30 16:42:18 [Localization System] CLocalize::FindSafe failed to localize: 'AIB[R] intent=tick-owner family=other stage=laning-core'
08/30 16:42:18 [Localization System] CLocalize::FindSafe failed to localize: 'AIB[R] blocked=bottle-rune reason=critical_no_stage hp=21 rune=2896 eta=105'
08/30 16:42:18 [Localization System] CLocalize::FindSafe failed to localize: 'AIB[R] blocked=bottle-rune reason=stage_cooldown eta=104'
08/30 16:42:18 [Localization System] CLocalize::FindSafe failed to localize: 'AIB[R] intent=recovery-plan family=recover action=walk_fountain reason=regen_lane_floor hp=21'
08/30 16:42:18 [Localization System] CLocalize::FindSafe failed to localize: 'AIB[D] intent=tick-owner family=other stage=laning-core'
08/30 16:42:19 [Server] PR:IncrementIdleTime 1:[I:0:0] 2.00
08/30 16:42:19 [Localization System] CLocalize::FindSafe failed to localize: 'AIB[R] intent=recovery-policy family=recover action=recover hp=21 gate=22 source=emergency-low'
08/30 16:42:20 [Localization System] CLocalize::FindSafe failed to localize: 'AIB[R] intent=tick-owner family=other stage=laning-core'
08/30 16:42:21 [Localization System] CLocalize::FindSafe failed to localize: 'AIB[D] intent=damage-by-source family=other creep=649 tower=182 hero=3482 mixed=493 death=0 other=39 stale=201 gaps=6'
08/30 16:42:21 [Localization System] CLocalize::FindSafe failed to localize: 'AIB[D] intent=tick-owner family=other stage=laning-core'
08/30 16:42:21 [Localization System] CLocalize::FindSafe failed to localize: 'AIB[R] intent=recovery-policy family=recover action=recover hp=22 gate=35 source=early-low'
08/30 16:42:21 [Localization System] CLocalize::FindSafe failed to localize: 'AIB[R] t=498s hp=22% gold=252 loc=-2530,-2168 lh=25 dn=1 dg=+7 dlh=+0 bottle=0 lvl=7 front=7974 ehp=-1'
08/30 16:42:22 [Localization System] CLocalize::FindSafe failed to localize: 'AIB[D] t=499s hp=13% gold=29 loc=2812,2527 lh=35 dn=11 dg=+7 dlh=+0 bottle=0 lvl=8 front=10010 ehp=-1'
08/30 16:42:22 [Localization System] CLocalize::FindSafe failed to localize: 'AIB[R] intent=tick-owner family=other stage=laning-core'
08/30 16:42:22 [Localization System] CLocalize::FindSafe failed to localize: 'AIB[R] blocked=heal-item reason=fountain_trip_committed hp=23'
08/30 16:42:23 [Localization System] CLocalize::FindSafe failed to localize: 'AIB[D] intent=tick-owner family=other stage=laning-core'
08/30 16:42:23 [Localization System] CLocalize::FindSafe failed to localize: 'AIB[R] intent=recovery-policy family=recover action=recover hp=24 gate=35 source=early-low'
08/30 16:42:23 [Localization System] CLocalize::FindSafe failed to localize: 'AIB[R] blocked=buy-tp reason=recent_tp since=48'
08/30 16:42:23 [Localization System] CLocalize::FindSafe failed to localize: 'AIB[R] blocked=buy-loop reason=saving target=item_power_treads head=item_boots cost=500 gold=256 left=3'
08/30 16:42:24 [Localization System] CLocalize::FindSafe failed to localize: 'AIB[D] blocked=buy-loop reason=saving target=item_power_treads head=item_gloves cost=450 gold=32 left=1'
08/30 16:42:24 [Localization System] CLocalize::FindSafe failed to localize: 'AIB[R] intent=damage-by-source family=other creep=581 tower=0 hero=3614 mixed=597 death=177 other=497 stale=247 gaps=5'
08/30 16:42:24 [Localization System] CLocalize::FindSafe failed to localize: 'AIB[R] intent=tick-owner family=other stage=laning-core'
08/30 16:42:24 [Localization System] CLocalize::FindSafe failed to localize: 'AIB[R] blocked=fountain-floor reason=heal_in_hand hp=25 inflight=nil'
08/30 16:42:24 [Localization System] CLocalize::FindSafe failed to localize: 'AIB[D] intent=recovery-policy family=recover action=recover hp=14 gate=22 source=emergency-low'
08/30 16:42:25 [Localization System] CLocalize::FindSafe failed to localize: 'AIB[R] blocked=bottle-rune reason=no_close_rune max=1900 waterMax=4700 nearest=inf water=inf mid=2359 status=0-0-'
08/30 16:42:25 [Localization System] CLocalize::FindSafe failed to localize: 'AIB[R] blocked=recovery-rune-bottle reason=no_close_rune max=3600 waterMax=4700 nearest=inf water=inf mid=2359 status=0-0-'
08/30 16:42:25 [Localization System] CLocalize::FindSafe failed to localize: 'AIB[R] blocked=recovery-buy reason=budget_cap hp=26 gold=258 count=3 allow=2'
08/30 16:42:25 [Localization System] CLocalize::FindSafe failed to localize: 'AIB[R] intent=critical-recovery family=recover hp=26 dist=1845 reason=lock'
08/30 16:42:25 [Localization System] CLocalize::FindSafe failed to localize: 'AIB[R] intent=recovery-owner family=recover band=soft threat=false mode=critical-lock hp=26'
08/30 16:42:25 [Localization System] CLocalize::FindSafe failed to localize: 'AIB[D] intent=tick-owner family=other stage=laning-core'
08/30 16:42:25 [Localization System] CLocalize::FindSafe failed to localize: 'AIB[R] intent=recovery-policy family=recover action=recover hp=27 gate=35 source=early-low'
08/30 16:42:26 [Localization System] CLocalize::FindSafe failed to localize: 'AIB[R] t=503s hp=32% gold=260 loc=-3087,-2554 lh=25 dn=1 dg=+8 dlh=+0 bottle=0 lvl=7 front=8491 ehp=-1'
08/30 16:42:26 [Localization System] CLocalize::FindSafe failed to localize: 'AIB[R] intent=tick-owner family=other stage=laning-core'
08/30 16:42:26 [Localization System] CLocalize::FindSafe failed to localize: 'AIB[D] intent=recovery-policy family=recover action=recover hp=15 gate=22 source=emergency-low'
08/30 16:42:27 [Localization System] CLocalize::FindSafe failed to localize: 'AIB[R] intent=recovery-plan family=recover action=lane reason=empty_bottle_no_rune hp=33 mana=88'
08/30 16:42:27 [Localization System] CLocalize::FindSafe failed to localize: 'AIB[D] intent=tick-owner family=other stage=laning-core'
08/30 16:42:27 Script function 'Think' on bot npc_dota_hero_nevermore took 2.772ms
08/30 16:42:27 [Localization System] CLocalize::FindSafe failed to localize: 'AIB[R] blocked=recover-candidate reason=no_resources_behind_safe hp=35 score=44'
08/30 16:42:27 [Localization System] CLocalize::FindSafe failed to localize: 'AIB[R] blocked=hero-over-creep reason=no_target'
08/30 16:42:27 [Localization System] CLocalize::FindSafe failed to localize: 'AIB[R] blocked=emergency-kill reason=disabled'
08/30 16:42:27 [Localization System] CLocalize::FindSafe failed to localize: 'AIB[R] blocked=uphill-repo reason=motor_busy'
08/30 16:42:27 [Localization System] CLocalize::FindSafe failed to localize: 'AIB[R] blocked=harass reason=own_heal_running'
08/30 16:42:27 [Localization System] CLocalize::FindSafe failed to localize: 'AIB[R] blocked=ability-harass reason=nothing_castable'
08/30 16:42:27 [Localization System] CLocalize::FindSafe failed to localize: 'AIB[R] intent=top-arbiter family=state winner=anti-idle:2 losers=safe-cs:56,hero-over-creep:52,idle-heal:46,emergency-retreat:45,fwd-pullback:44'
08/30 16:42:27 [Localization System] CLocalize::FindSafe failed to localize: 'AIB[D] t=504s hp=16% gold=37 loc=3935,3850 lh=35 dn=11 dg=+8 dlh=+0 bottle=0 lvl=8 front=10010 ehp=-1'
08/30 16:42:28 [Localization System] CLocalize::FindSafe failed to localize: 'AIB[R] blocked=uphill-repo reason=no_reposition'
08/30 16:42:28 [Localization System] CLocalize::FindSafe failed to localize: 'AIB[R] blocked=emergency-kill reason=no_target'
08/30 16:42:28 [Localization System] CLocalize::FindSafe failed to localize: 'AIB[R] intent=top-arbiter family=state winner=anti-idle:2 losers=safe-cs:56,hero-over-creep:52,idle-heal:46,emergency-retreat:45,fwd-pullback:44'
08/30 16:42:28 [Localization System] CLocalize::FindSafe failed to localize: 'AIB[R] intent=tick-owner family=other stage=laning-core'
08/30 16:42:28 [Localization System] CLocalize::FindSafe failed to localize: 'AIB[D] intent=recovery-policy family=recover action=recover hp=17 gate=22 source=emergency-low'
08/30 16:42:29 [Localization System] CLocalize::FindSafe failed to localize: 'AIB[D] intent=tick-owner family=other stage=laning-core'
08/30 16:42:30 [Localization System] CLocalize::FindSafe failed to localize: 'AIB[R] blocked=hero-over-creep reason=no_target'
08/30 16:42:30 [Localization System] CLocalize::FindSafe failed to localize: 'AIB[R] blocked=ability-harass reason=nothing_castable'
08/30 16:42:30 [Localization System] CLocalize::FindSafe failed to localize: 'AIB[R] intent=top-arbiter family=state winner=anti-idle:2 losers=safe-cs:56,hero-over-creep:52,idle-heal:46,emergency-retreat:45,fwd-pullback:44'
08/30 16:42:30 [Localization System] CLocalize::FindSafe failed to localize: 'AIB[R] intent=tick-owner family=other stage=laning-core'
08/30 16:42:31 [Localization System] CLocalize::FindSafe failed to localize: 'AIB[D] intent=recovery-policy family=recover action=recover hp=18 gate=22 source=emergency-low'
08/30 16:42:31 [Localization System] CLocalize::FindSafe failed to localize: 'AIB[R] blocked=uphill-repo reason=no_reposition'
08/30 16:42:31 [Localization System] CLocalize::FindSafe failed to localize: 'AIB[R] blocked=harass reason=own_heal_running'
08/30 16:42:31 [Localization System] CLocalize::FindSafe failed to localize: 'AIB[D] intent=tick-owner family=other stage=laning-core'
08/30 16:42:31 [Localization System] CLocalize::FindSafe failed to localize: 'AIB[R] blocked=buy-tp reason=recent_tp since=56'
08/30 16:42:31 [Localization System] CLocalize::FindSafe failed to localize: 'AIB[R] blocked=buy-loop reason=saving target=item_power_treads head=item_boots cost=500 gold=268 left=3'
08/30 16:42:31 [Localization System] CLocalize::FindSafe failed to localize: 'AIB[R] t=508s hp=50% gold=268 loc=-1940,-1538 lh=25 dn=1 dg=+8 dlh=+0 bottle=0 lvl=7 front=8491 ehp=-1'
08/30 16:42:31 [Localization System] CLocalize::FindSafe failed to localize: 'AIB[R] blocked=emergency-kill reason=no_target'
08/30 16:42:32 [Localization System] CLocalize::FindSafe failed to localize: 'AIB[R] intent=top-arbiter family=state winner=anti-idle:2 losers=safe-cs:56,hero-over-creep:52,idle-heal:46,emergency-retreat:45,fwd-pullback:44'
08/30 16:42:32 [Localization System] CLocalize::FindSafe failed to localize: 'AIB[D] blocked=buy-loop reason=saving target=item_power_treads head=item_gloves cost=450 gold=44 left=1'
08/30 16:42:32 [Localization System] CLocalize::FindSafe failed to localize: 'AIB[D] t=509s hp=19% gold=44 loc=5343,4611 lh=35 dn=11 dg=+7 dlh=+0 bottle=0 lvl=8 front=9994 ehp=-1'
08/30 16:42:33 [Localization System] CLocalize::FindSafe failed to localize: 'AIB[R] intent=tick-owner family=other stage=laning-core'
08/30 16:42:33 Script function 'Think' on bot npc_dota_hero_nevermore took 2.229ms
08/30 16:42:33 [Localization System] CLocalize::FindSafe failed to localize: 'AIB[R] blocked=bottle-rune reason=no_close_rune max=1900 waterMax=4700 nearest=inf water=inf mid=194 status=0-0-'
08/30 16:42:33 [Localization System] CLocalize::FindSafe failed to localize: 'AIB[R] blocked=recovery-rune-bottle reason=no_close_rune max=3600 waterMax=4700 nearest=inf water=inf mid=194 status=0-0-'
08/30 16:42:33 [Localization System] CLocalize::FindSafe failed to localize: 'AIB[D] intent=recovery-policy family=recover action=recover hp=20 gate=22 source=emergency-low'
08/30 16:42:33 [Localization System] CLocalize::FindSafe failed to localize: 'AIB[R] blocked=hero-over-creep reason=no_target'
08/30 16:42:33 [Localization System] CLocalize::FindSafe failed to localize: 'AIB[R] blocked=ability-harass reason=nothing_castable'
08/30 16:42:33 [Localization System] CLocalize::FindSafe failed to localize: 'AIB[D] intent=tick-owner family=other stage=laning-core'
08/30 16:42:33 [Localization System] CLocalize::FindSafe failed to localize: 'AIB[R] intent=top-arbiter family=state winner=anti-idle:2 losers=hero-over-creep:52,idle-heal:46,emergency-retreat:45,fwd-pullback:44,emergency-kill:43.5'
08/30 16:42:34 [Localization System] CLocalize::FindSafe failed to localize: 'AIB[R] blocked=uphill-repo reason=no_reposition'
08/30 16:42:35 [Localization System] CLocalize::FindSafe failed to localize: 'AIB[R] intent=recovery-plan family=recover action=lane reason=empty_bottle_no_rune hp=63 mana=92'
08/30 16:42:35 [Localization System] CLocalize::FindSafe failed to localize: 'AIB[R] blocked=emergency-kill reason=no_target'
08/30 16:42:35 [Localization System] CLocalize::FindSafe failed to localize: 'AIB[R] intent=tick-owner family=other stage=desire/creep-work reason=ready score=39 band=lanework'
08/30 16:42:35 [Localization System] CLocalize::FindSafe failed to localize: 'AIB[R] intent=top-arbiter family=state winner=creep-work:38.6 losers=hero-over-creep:52,idle-heal:46,emergency-retreat:45,fwd-pullback:44,emergency-kill:43.5'
08/30 16:42:35 [Localization System] CLocalize::FindSafe failed to localize: 'AIB[D] intent=recovery-policy family=recover action=recover hp=21 gate=22 source=emergency-low'
08/30 16:42:35 [Localization System] CLocalize::FindSafe failed to localize: 'AIB[R] blocked=harass reason=own_heal_running'
08/30 16:42:35 [Localization System] CLocalize::FindSafe failed to localize: 'AIB[D] intent=tick-owner family=other stage=laning-core'
08/30 16:42:36 [Localization System] CLocalize::FindSafe failed to localize: 'AIB[D] intent=damage-by-source family=other creep=649 tower=182 hero=3482 mixed=493 death=0 other=39 stale=201 gaps=6'
08/30 16:42:36 [Localization System] CLocalize::FindSafe failed to localize: 'AIB[R] intent=state-desire-last-hit family=farm dist=509 reason=killable_creep score=140'
08/30 16:42:36 [Localization System] CLocalize::FindSafe failed to localize: 'AIB[R] t=513s hp=69% gold=275 loc=-854,-707 lh=25 dn=1 dg=+7 dlh=+0 bottle=0 lvl=7 front=8491 ehp=-1'
08/30 16:42:36 [Localization System] CLocalize::FindSafe failed to localize: 'AIB[R] intent=top-arbiter family=state winner=last-hit:158 losers=hero-over-creep:52,cs-inrange:50,idle-heal:46,emergency-retreat:45,fwd-pullback:44'
08/30 16:42:37 [Localization System] CLocalize::FindSafe failed to localize: 'AIB[R] blocked=hero-over-creep reason=no_target'
08/30 16:42:37 [Localization System] CLocalize::FindSafe failed to localize: 'AIB[R] blocked=uphill-repo reason=no_reposition'
08/30 16:42:37 [Localization System] CLocalize::FindSafe failed to localize: 'AIB[R] intent=tick-owner family=other stage=desire/creep-work reason=ready score=39 band=lanework'
08/30 16:42:37 [Localization System] CLocalize::FindSafe failed to localize: 'AIB[D] intent=recovery-policy family=recover action=recover hp=22 gate=35 source=early-low'
08/30 16:42:37 [Localization System] CLocalize::FindSafe failed to localize: 'AIB[D] anti-afk-lane=2 anti-afk-no-chase=2 anti-idle-combat=2 anti-idle-enter=49 anti-idle-lane=29 anti-idle-lowhp-back=8 bottle-heal=1 bottle-rune=4 buy-skip-fountain-floor=1 channel-interrupt-atk=41 channel-interrupt-chase=28 creep-aggro-back=9 creep-aggro-hero-yield=13 creep-aggro-hit=7 creep-dmg=8 creep-hit-react-aggro-step=8 creep-hit-react-atk=16 creep-hit-react-step=22 cs-wait-release=71 cs-wait=35 cs-walk-gap-large=45 cs-walk-gap-small=25 cs-walk-inrange=19 cs-walk-into-pack=43 cs-walk=89 cs-watchdog-atk=8 cs-watchdog-step=21 deny-act-atk=73 deny-act-walk=30 deny-act=103 deny-cand-doomed=51 deny-cand-tanky=225 dw-active=9 dw-farm=65 dw-fwd=3 dw-tower-step=4 dw-tower=27 empty-bottle-ok=4 fight-hp-behind=25 fountain-tp-hold=2 fountain-trip-release=3 fountain-wait=11 fwd-at-position=12 fwd-hold=3 fwd-position=3 fwd-suppressed-creep=31 fwd-suppressed-cs=3 fwd-suppressed-empty=5 fwd-suppressed-hero=14 fwd-suppressed-lowhp=6 fwd-suppressed-motor=27 fwd-suppressed-recovery=4 fwd-suppressed-rune=3 fwd-suppressed-tower=10 fwd-suppressed-visual=1 fwd-suppressed-watchdog=2 harass-seek=3 heal-blocked-damage=1 heal-inflight-back=3 heal-inflight-hold=2 heal-item=5 heal-no-dive=2 heal-want=7 hero-contact-atk=32 hero-contact-chase=10 hero-over-creep=3 hero-pass-atk=12 hero-pass-chase=3 idle=21 kill-lock-atk=2 kill-lock-chase=47 kill-priority=12 killwin-atk=93 killwin-scan=1517 lane-line-fallback=191 lane-line-suppressed-creep-dmg=4 lane-line-suppressed-creep=18 lane-line-suppressed-damage=2 lane-line-suppressed-empty=7 lane-line-suppressed-heal=20 lane-line-suppressed-lowhp=17 lane-line-suppressed-motor=4 lane-line-suppressed-recovery=2 last-hit-urgent=119 low-hp-limit=10 melee-pack-release=24 melee-pack-space=42 mutual-low-finish-atk=6 mutual-low-finish-chase=2 no-dive=5 own-ranged-stepback=3 pre-aig=49 precreep-anchor=25 precreep-hold=2 precreep-park-hold=12 precreep-park=189 precreep-space=4 prewave-defend=2 prewave-free-hit=96 recover-safe=6 recover-xp=23 recovery-bottle-active=4 recovery-bottle=2 recovery-buy-critical=2 recovery-buy-under-fire=1 recovery-buy=5 recovery-enemy-near=420 recovery-flask=3 recovery-regen=13 recovery-tango=1 recovery-tp=2 recovery-yield=2 regen-walk=16 siege-commit-tower=8 siege-step=2 siege-terminal-tower=38 tango-heal=3 tower-aggro-drop=8 tower-range-exit=4 uphill-reposition=1 uphill-void-under-fire=9 visual-hold-creep=42 visual-hold-hard-creep=1 visual-hold-lane=5 wave-watch-atk=18 wave-watch-no-wave=35 wave-watch-step=3 wave-watch=40'
08/30 16:42:37 [Localization System] CLocalize::FindSafe failed to localize: 'AIB[D] intent=tick-owner family=other stage=laning-core'
08/30 16:42:37 [Localization System] CLocalize::FindSafe failed to localize: 'AIB[D] t=514s hp=22% gold=52 loc=6516,5746 lh=35 dn=11 dg=+8 dlh=+0 bottle=0 lvl=8 front=9994 ehp=-1'
08/30 16:42:37 [Localization System] CLocalize::FindSafe failed to localize: 'AIB[R] blocked=harass reason=no_target'
08/30 16:42:38 [Localization System] CLocalize::FindSafe failed to localize: 'AIB[R] blocked=emergency-kill reason=no_target'
08/30 16:42:38 [Localization System] CLocalize::FindSafe failed to localize: 'AIB[R] intent=top-arbiter family=state winner=creep-work:38.6 losers=hero-over-creep:52,idle-heal:46,emergency-retreat:45,fwd-pullback:44,emergency-kill:43.5'
08/30 16:42:38 [Localization System] CLocalize::FindSafe failed to localize: 'AIB[R] anti-afk-no-chase=3 anti-idle-combat=4 anti-idle-enter=40 anti-idle-lane=23 anti-idle-lowhp-back=11 bottle-heal=1 buy-skip-fountain-floor=2 channel-interrupt-atk=15 channel-interrupt-chase=24 creep-aggro-back=4 creep-aggro-hero-yield=8 creep-aggro-hit=14 creep-dmg=6 creep-hit-react-aggro-step=1 creep-hit-react-atk=11 creep-hit-react-step=25 critical-recover-hold=2 critical-recover-lock=3 cs-wait-release=30 cs-wait=18 cs-walk-gap-large=26 cs-walk-gap-small=86 cs-walk-inrange=44 cs-walk-into-pack=50 cs-walk=157 cs-watchdog-atk=3 cs-watchdog-step=11 cw-push-cs-step=2 cw-push=247 deny-act-atk=4 deny-act-walk=11 deny-act=15 deny-cand-doomed=21 deny-cand-tanky=132 empty-bottle-ok=1 fight-hp-behind=14 fountain-bottle=3 fountain-stabilize=1 fountain-tp-hold=3 fountain-tp-lane=1 fountain-trip-release=5 fountain-wait=12 fwd-at-position=10 fwd-hold=2 fwd-position=2 fwd-suppressed-creep=13 fwd-suppressed-cs=5 fwd-suppressed-empty=7 fwd-suppressed-hero=7 fwd-suppressed-lowhp=9 fwd-suppressed-motor=29 fwd-suppressed-tower=15 fwd-suppressed-visual=4 fwd-suppressed-watchdog=2 heal-blocked-damage=1 heal-inflight-back=1 heal-inflight-hold=2 heal-item=6 heal-no-dive=3 heal-want=8 hero-contact-atk=36 hero-contact-chase=23 hero-over-creep=23 hero-pass-atk=23 hero-pass-chase=15 hero-prio-always=7 hero-prio-chase-hold=19 hero-prio-chase=71 idle=18 kill-lock-chase=2 kill-priority=8 killwin-atk=73 killwin-scan=1595 lane-line-fallback=100 lane-line-suppressed-creep-dmg=2 lane-line-suppressed-creep=7 lane-line-suppressed-empty=4 lane-line-suppressed-heal=15 lane-line-suppressed-lowhp=17 lane-line-suppressed-motor=9 last-hit-urgent=112 low-hp-behind-safe=2 low-hp-creep=21 low-hp-limit=17 melee-pack-release=20 melee-pack-space=27 mutual-low-finish-atk=15 mutual-low-finish-chase=3 no-dive=1 own-ranged-stepback=2 pre-aig=40 precreep-anchor=34 precreep-hold=2 precreep-park-hold=13 precreep-park=155 precreep-space=1 prewave-duel-trade=84 prewave-duel-uphill-back=15 recover-safe=21 recover-xp=13 recovery-bottle-active=3 recovery-bottle=2 recovery-buy-critical=5 recovery-buy-under-fire=1 recovery-buy=5 recovery-enemy-near=428 recovery-flask=2 recovery-regen=12 recovery-rune=2 recovery-tp=2 recovery-wait=2 recovery-walk=1 recovery-yield=4 regen-walk=20 siege-commit-tower=16 siege-hero=3 siege-step=5 siege-terminal-tower=26 tango-heal=2 tower-aggro-drop=4 tower-range-exit=2 uphill-reposition=2 uphill-void-under-fire=10 visual-hold-creep=6 visual-hold-lane=4 wave-watch-atk=7 wave-watch-no-wave=31 wave-watch-step=1 wave-watch=26'
08/30 16:42:39 [Localization System] CLocalize::FindSafe failed to localize: 'AIB[R] intent=tick-owner family=other stage=desire/creep-work reason=ready score=39 band=lanework'
08/30 16:42:39 [Localization System] CLocalize::FindSafe failed to localize: 'AIB[R] blocked=buy-tp reason=recent_tp since=64'
08/30 16:42:39 [Localization System] CLocalize::FindSafe failed to localize: 'AIB[R] blocked=buy-loop reason=saving target=item_power_treads head=item_boots cost=500 gold=363 left=3'
08/30 16:42:39 [Localization System] CLocalize::FindSafe failed to localize: 'AIB[R] intent=state-desire-last-hit family=farm dist=516 reason=killable_creep score=140'
08/30 16:42:39 [Localization System] CLocalize::FindSafe failed to localize: 'AIB[R] intent=damage-by-source family=other creep=581 tower=0 hero=3614 mixed=597 death=177 other=497 stale=247 gaps=5'
08/30 16:42:39 [Localization System] CLocalize::FindSafe failed to localize: 'AIB[R] intent=top-arbiter family=state winner=last-hit:158 losers=hero-over-creep:52,cs-inrange:50,idle-heal:46,emergency-retreat:45,fwd-pullback:44'
08/30 16:42:40 [Localization System] CLocalize::FindSafe failed to localize: 'AIB[R] blocked=hero-over-creep reason=no_target'
08/30 16:42:40 [Localization System] CLocalize::FindSafe failed to localize: 'AIB[R] blocked=uphill-repo reason=no_reposition'
08/30 16:42:40 [Localization System] CLocalize::FindSafe failed to localize: 'AIB[D] blocked=buy-loop reason=saving target=item_power_treads head=item_gloves cost=450 gold=56 left=1'
08/30 16:42:40 [Localization System] CLocalize::FindSafe failed to localize: 'AIB[R] blocked=ability-harass reason=nothing_castable'
08/30 16:42:40 [Localization System] CLocalize::FindSafe failed to localize: 'AIB[R] blocked=visual-hold reason=empty held=4.6 hp=74 repeat=1 hard=true'
08/30 16:42:41 [Localization System] CLocalize::FindSafe failed to localize: 'AIB[R] blocked=harass reason=no_target'
08/30 16:42:41 [Localization System] CLocalize::FindSafe failed to localize: 'AIB[R] blocked=bottle-rune reason=no_close_rune max=1900 waterMax=4700 nearest=inf water=inf mid=434 status=0-0-'
08/30 16:42:41 [Localization System] CLocalize::FindSafe failed to localize: 'AIB[R] blocked=recovery-rune-bottle reason=no_close_rune max=3600 waterMax=4700 nearest=inf water=inf mid=434 status=0-0-'
08/30 16:42:41 [Localization System] CLocalize::FindSafe failed to localize: 'AIB[R] blocked=emergency-kill reason=no_target'
08/30 16:42:41 [Localization System] CLocalize::FindSafe failed to localize: 'AIB[R] intent=top-arbiter family=state winner=creep-work:38.6 losers=hero-over-creep:52,idle-heal:46,emergency-retreat:45,fwd-pullback:44,emergency-kill:43.5'
08/30 16:42:41 [Localization System] CLocalize::FindSafe failed to localize: 'AIB[R] intent=tick-owner family=other stage=desire/creep-work reason=ready score=39 band=lanework'
08/30 16:42:41 [Localization System] CLocalize::FindSafe failed to localize: 'AIB[R] t=518s hp=75% gold=405 loc=-604,-483 lh=27 dn=1 dg=+130 dlh=+2 bottle=0 lvl=7 front=8769 ehp=-1'
08/30 16:42:43 [Localization System] CLocalize::FindSafe failed to localize: 'AIB[R] intent=top-arbiter family=state winner=creep-work:38.6 losers=hero-over-creep:52,idle-heal:46,emergency-retreat:45,fwd-pullback:44,emergency-kill:43.5'
08/30 16:42:43 [Localization System] CLocalize::FindSafe failed to localize: 'AIB[R] blocked=hero-over-creep reason=no_target'
08/30 16:42:43 [Localization System] CLocalize::FindSafe failed to localize: 'AIB[R] blocked=uphill-repo reason=no_reposition'
08/30 16:42:43 [Localization System] CLocalize::FindSafe failed to localize: 'AIB[R] intent=tick-owner family=other stage=desire/creep-work reason=ready score=39 band=lanework'
08/30 16:42:43 [Localization System] CLocalize::FindSafe failed to localize: 'AIB[R] intent=state-desire-last-hit family=farm dist=568 reason=killable_creep score=140'
08/30 16:42:44 [Localization System] CLocalize::FindSafe failed to localize: 'AIB[R] blocked=harass reason=no_target'
08/30 16:42:44 [Localization System] CLocalize::FindSafe failed to localize: 'AIB[R] blocked=ability-harass reason=nothing_castable'
08/30 16:42:44 [Localization System] CLocalize::FindSafe failed to localize: 'AIB[R] blocked=emergency-kill reason=no_target'
08/30 16:42:44 [Localization System] CLocalize::FindSafe failed to localize: 'AIB[D] t=521s hp=78% gold=62 loc=6870,6356 lh=35 dn=11 dg=+10 dlh=+0 bottle=3 lvl=8 front=9684 ehp=-1'
08/30 16:42:44 [Localization System] CLocalize::FindSafe failed to localize: 'AIB[D] blocked=hero-over-creep reason=no_target'
08/30 16:42:44 [Localization System] CLocalize::FindSafe failed to localize: 'AIB[D] intent=top-arbiter family=state winner=idle-heal:46 losers=hero-over-creep:52,emergency-retreat:45,fwd-pullback:44,emergency-kill:43.5,uphill:43'
08/30 16:42:44 [Localization System] CLocalize::FindSafe failed to localize: 'AIB[D] intent=tick-owner family=other stage=desire/idle-heal reason=ready score=46 band=lanework'
08/30 16:42:44 [Localization System] CLocalize::FindSafe failed to localize: 'AIB[R] intent=top-arbiter family=state winner=wave-watch:10 losers=hero-over-creep:52,idle-heal:46,emergency-retreat:45,fwd-pullback:44,emergency-kill:43.5'
08/30 16:42:44 [Localization System] CLocalize::FindSafe failed to localize: 'AIB[R] intent=lane-line-episode family=other dist=613 fwd=0.65'
08/30 16:42:44 [Localization System] CLocalize::FindSafe failed to localize: 'AIB[R] blocked=uphill-repo reason=motor_busy'
08/30 16:42:45 [Localization System] CLocalize::FindSafe failed to localize: 'AIB[R] intent=tick-owner family=other stage=laning-core'
08/30 16:42:46 [Localization System] CLocalize::FindSafe failed to localize: 'AIB[D] intent=top-arbiter family=state winner=idle-heal:46 losers=hero-over-creep:52,emergency-retreat:45,fwd-pullback:44,emergency-kill:43.5,uphill:43'
08/30 16:42:46 [Localization System] CLocalize::FindSafe failed to localize: 'AIB[R] intent=top-arbiter family=state winner=lane-line:18 losers=hero-over-creep:52,idle-heal:46,emergency-retreat:45,fwd-pullback:44,emergency-kill:43.5'
08/30 16:42:46 [Localization System] CLocalize::FindSafe failed to localize: 'AIB[R] blocked=hero-over-creep reason=no_target'
08/30 16:42:46 [Localization System] CLocalize::FindSafe failed to localize: 'AIB[D] intent=tick-owner family=other stage=desire/idle-heal reason=ready score=46 band=lanework'
08/30 16:42:46 [Localization System] CLocalize::FindSafe failed to localize: 'AIB[R] intent=state-desire-siege family=siege base=66 push=12 hp=77 reason=tower_window score=78'
08/30 16:42:46 [Localization System] CLocalize::FindSafe failed to localize: 'AIB[R] intent=state-siege-window family=siege ttl=2 wave=1 tower=1017 hp=77 adv=true'
08/30 16:42:46 [Localization System] CLocalize::FindSafe failed to localize: 'AIB[R] intent=tower-opportunity family=siege result=step phase=default wave=1 tower=1017'
08/30 16:42:46 [Localization System] CLocalize::FindSafe failed to localize: 'AIB[R] t=523s hp=77% gold=465 loc=-157,-33 lh=28 dn=1 dg=+60 dlh=+1 bottle=0 lvl=7 front=9133 ehp=-1'
08/30 16:42:47 [Localization System] CLocalize::FindSafe failed to localize: 'AIB[R] blocked=buy-tp reason=recent_tp since=72'
08/30 16:42:47 [Localization System] CLocalize::FindSafe failed to localize: 'AIB[R] blocked=buy-loop reason=saving target=item_power_treads head=item_boots cost=500 gold=466 left=3'
08/30 16:42:47 [Localization System] CLocalize::FindSafe failed to localize: 'AIB[D] blocked=hero-over-creep reason=no_target'
08/30 16:42:47 [Localization System] CLocalize::FindSafe failed to localize: 'AIB[D] intent=top-arbiter family=state winner=idle-heal:46 losers=hero-over-creep:52,emergency-retreat:45,fwd-pullback:44,emergency-kill:43.5,uphill:43'
08/30 16:42:47 [Localization System] CLocalize::FindSafe failed to localize: 'AIB[R] intent=top-arbiter family=state winner=siege:96 losers=hero-over-creep:52,idle-heal:46,emergency-retreat:45,fwd-pullback:44,emergency-kill:43.5'
08/30 16:42:47 [Localization System] CLocalize::FindSafe failed to localize: 'AIB[R] intent=tick-owner family=other stage=laning-core'
08/30 16:42:48 [Localization System] CLocalize::FindSafe failed to localize: 'AIB[R] intent=state-desire-siege family=siege base=66 push=12 hp=78 hyst=18 reason=tower_window score=96'
08/30 16:42:48 [Localization System] CLocalize::FindSafe failed to localize: 'AIB[D] blocked=buy-loop reason=saving target=item_power_treads head=item_gloves cost=450 gold=68 left=1'
08/30 16:42:48 [Localization System] CLocalize::FindSafe failed to localize: 'AIB[D] intent=tick-owner family=other stage=desire/idle-heal reason=ready score=46 band=lanework'
08/30 16:42:48 [Localization System] CLocalize::ConstructString failed to localize: '#DOTA_Tooltip_Ability_nevermore_dark_lord_SummaryDescription'
08/30 16:42:48 [Localization System] CLocalize::FindSafe failed to localize: 'AIB[R] intent=state-siege-window family=siege ttl=2 wave=2 tower=662 hp=78 adv=true'
08/30 16:42:48 [Localization System] CLocalize::FindSafe failed to localize: 'AIB[R] intent=tower-opportunity family=siege result=hit phase=terminal wave=2 tower=662'
08/30 16:42:48 CGameParticleManager::SetParticleControlEnt: Unable to lookup attachment "attach_fx" on model "models/heroes/shadow_fiend/shadow_fiend.vmdl" for entity "npc_dota_hero_nevermore"
08/30 16:42:48 [Server] PR:IncrementIdleTime 6:[I:0:0] 2.80
08/30 16:42:49 [Localization System] CLocalize::FindSafe failed to localize: 'AIB[D] intent=top-arbiter family=state winner=idle-heal:46 losers=hero-over-creep:52,emergency-retreat:45,fwd-pullback:44,emergency-kill:43.5,uphill:43'
08/30 16:42:49 [Localization System] CLocalize::FindSafe failed to localize: 'AIB[R] intent=top-arbiter family=state winner=siege:96 losers=hero-over-creep:52,idle-heal:46,emergency-retreat:45,fwd-pullback:44,emergency-kill:43.5'
08/30 16:42:49 [Localization System] CLocalize::FindSafe failed to localize: 'AIB[D] t=526s hp=100% gold=70 loc=6870,6228 lh=35 dn=11 dg=+8 dlh=+0 bottle=3 lvl=8 front=8764 ehp=-1'
08/30 16:42:49 [Localization System] CLocalize::FindSafe failed to localize: 'AIB[R] intent=state-desire-siege family=siege base=66 push=12 hp=78 hyst=18 reason=tower_window score=96'
08/30 16:42:49 [Localization System] CLocalize::FindSafe failed to localize: 'AIB[R] blocked=siege reason=tower_targeting_me tower=784 hp=78'
08/30 16:42:49 [Localization System] CLocalize::FindSafe failed to localize: 'AIB[R] intent=tick-owner family=other stage=laning-core'
08/30 16:42:50 [Localization System] CLocalize::FindSafe failed to localize: 'AIB[R] blocked=hero-over-creep reason=no_target'
08/30 16:42:50 [Localization System] CLocalize::FindSafe failed to localize: 'AIB[R] blocked=recovery-rune-bottle reason=no_close_rune max=3600 waterMax=4700 nearest=inf water=inf mid=242 status=0-0-'
08/30 16:42:50 [Localization System] CLocalize::FindSafe failed to localize: 'AIB[R] blocked=emergency-kill reason=no_target'
08/30 16:42:50 [Localization System] CLocalize::FindSafe failed to localize: 'AIB[R] blocked=uphill-repo reason=no_reposition'
08/30 16:42:50 [Localization System] CLocalize::FindSafe failed to localize: 'AIB[R] blocked=harass reason=no_target'
08/30 16:42:50 Script function 'Think' on bot npc_dota_hero_nevermore took 3.141ms
08/30 16:42:50 [Localization System] CLocalize::FindSafe failed to localize: 'AIB[R] blocked=ability-harass reason=nothing_castable'
08/30 16:42:50 [Localization System] CLocalize::FindSafe failed to localize: 'AIB[D] blocked=hero-over-creep reason=no_target'
08/30 16:42:50 [Localization System] CLocalize::FindSafe failed to localize: 'AIB[D] intent=top-arbiter family=state winner=idle-heal:46 losers=hero-over-creep:52,emergency-retreat:45,fwd-pullback:44,emergency-kill:43.5,uphill:43'
08/30 16:42:50 [Localization System] CLocalize::FindSafe failed to localize: 'AIB[D] intent=tick-owner family=other stage=desire/idle-heal reason=ready score=46 band=lanework'
08/30 16:42:50 [Localization System] CLocalize::FindSafe failed to localize: 'AIB[R] intent=top-arbiter family=state winner=creep-work:38.6 losers=hero-over-creep:52,idle-heal:46,emergency-retreat:45,fwd-pullback:44,emergency-kill:43.5'
08/30 16:42:51 [Localization System] CLocalize::FindSafe failed to localize: 'AIB[D] intent=damage-by-source family=other creep=649 tower=182 hero=3482 mixed=493 death=0 other=39 stale=201 gaps=6'
08/30 16:42:51 [Localization System] CLocalize::FindSafe failed to localize: 'AIB[R] blocked=bottle-rune reason=no_close_rune max=1900 waterMax=4700 nearest=inf water=inf mid=302 status=0-0-'
08/30 16:42:51 [Localization System] CLocalize::FindSafe failed to localize: 'AIB[R] t=528s hp=73% gold=272 loc=-49,-34 lh=28 dn=1 dg=-193 dlh=+0 bottle=0 lvl=7 front=9402 ehp=-1'
08/30 16:42:51 [Localization System] CLocalize::FindSafe failed to localize: 'AIB[R] intent=tick-owner family=other stage=laning-core'
08/30 16:42:52 [Localization System] CLocalize::FindSafe failed to localize: 'AIB[D] blocked=emergency-kill reason=no_target'
08/30 16:42:52 [Localization System] CLocalize::FindSafe failed to localize: 'AIB[D] blocked=uphill-repo reason=no_reposition'
08/30 16:42:52 [Localization System] CLocalize::FindSafe failed to localize: 'AIB[D] blocked=harass reason=no_target'
08/30 16:42:52 [Localization System] CLocalize::FindSafe failed to localize: 'AIB[D] blocked=ability-harass reason=nothing_castable'
08/30 16:42:52 [Localization System] CLocalize::FindSafe failed to localize: 'AIB[D] intent=lane-line-episode family=other dist=1673 fwd=0.50'
08/30 16:42:52 [Localization System] CLocalize::FindSafe failed to localize: 'AIB[R] intent=recovery-plan family=recover action=lane reason=empty_bottle_no_rune hp=64 mana=98'
08/30 16:42:52 [Localization System] CLocalize::FindSafe failed to localize: 'AIB[D] blocked=uphill-repo reason=motor_busy'
08/30 16:42:52 [Localization System] CLocalize::FindSafe failed to localize: 'AIB[D] intent=top-arbiter family=state winner=lane-line:18 losers=hero-over-creep:52,idle-heal:46,emergency-retreat:45,fwd-pullback:44,emergency-kill:43.5'
08/30 16:42:52 [Localization System] CLocalize::FindSafe failed to localize: 'AIB[R] blocked=hero-prio-chase reason=lane_work dist=1064 cs=true creep=true hp_adv=false kill_pressure=false close=false low_farm=false lane_override=false'
08/30 16:42:52 [Localization System] CLocalize::FindSafe failed to localize: 'AIB[R] intent=top-arbiter family=state winner=creep-work:38.6 losers=hero-over-creep:52,idle-heal:46,emergency-retreat:45,fwd-pullback:44,emergency-kill:43.5'
08/30 16:42:52 [Localization System] CLocalize::FindSafe failed to localize: 'AIB[R] intent=own-ranged-lead family=other lead=850 count=3'
08/30 16:42:52 [Localization System] CLocalize::FindSafe failed to localize: 'AIB[D] intent=tick-owner family=other stage=laning-core'
08/30 16:42:53 [Localization System] CLocalize::FindSafe failed to localize: 'AIB[R] blocked=hero-over-creep reason=no_target'
08/30 16:42:53 [Localization System] CLocalize::FindSafe failed to localize: 'AIB[R] blocked=emergency-kill reason=no_target'
08/30 16:42:53 [Localization System] CLocalize::FindSafe failed to localize: 'AIB[R] blocked=uphill-repo reason=no_reposition'
08/30 16:42:53 [Localization System] CLocalize::FindSafe failed to localize: 'AIB[R] blocked=harass reason=no_target'
08/30 16:42:53 [Localization System] CLocalize::FindSafe failed to localize: 'AIB[D] blocked=hero-over-creep reason=no_target'
08/30 16:42:53 [Localization System] CLocalize::FindSafe failed to localize: 'AIB[D] intent=top-arbiter family=state winner=lane-line:18 losers=hero-over-creep:52,idle-heal:46,emergency-retreat:45,fwd-pullback:44,emergency-kill:43.5'
08/30 16:42:53 [Localization System] CLocalize::FindSafe failed to localize: 'AIB[R] blocked=recovery-buy reason=budget_cap hp=65 gold=275 count=3 allow=2'
08/30 16:42:53 [Localization System] CLocalize::FindSafe failed to localize: 'AIB[D] blocked=fight-candidate reason=no_action_capped hp=100 score=40'
08/30 16:42:53 [Localization System] CLocalize::FindSafe failed to localize: 'AIB[D] blocked=recovery-buy reason=budget_cap hp=100 gold=76 count=3 allow=2'
08/30 16:42:54 [Localization System] CLocalize::FindSafe failed to localize: 'AIB[R] blocked=uphill-repo reason=motor_busy'
08/30 16:42:54 [Localization System] CLocalize::FindSafe failed to localize: 'AIB[R] intent=top-arbiter family=state winner=harass:40 losers=hero-over-creep:52,idle-heal:46,emergency-retreat:45,fwd-pullback:44,emergency-kill:43.5'
08/30 16:42:54 [Localization System] CLocalize::FindSafe failed to localize: 'AIB[R] intent=tick-owner family=other stage=laning-core'
08/30 16:42:54 [Localization System] CLocalize::FindSafe failed to localize: 'AIB[R] intent=melee-pack-space family=safety count=3 dist=310'
08/30 16:42:54 [Localization System] CLocalize::FindSafe failed to localize: 'AIB[R] intent=state-desire-safety family=state base=108 creep_dmg=8 hp=64 creep=true hero=false reason=recent_damage score=116'
08/30 16:42:54 [Localization System] CLocalize::FindSafe failed to localize: 'AIB[R] blocked=creep-hit-react reason=inside_melee_pack count=3 dist=81 hp=64'
08/30 16:42:54 [Localization System] CLocalize::FindSafe failed to localize: 'AIB[R] intent=creep-hit-react family=safety dist=81 hp=64 hits=1 reason=edge_attack'
08/30 16:42:54 [Localization System] CLocalize::FindSafe failed to localize: 'AIB[R] blocked=safety-candidate reason=no_action_capped hp=64 score=44'
08/30 16:42:54 [Localization System] CLocalize::FindSafe failed to localize: 'AIB[D] t=531s hp=79% gold=77 loc=175,471 enemy-dist=606 lh=35 dn=11 dg=+7 dlh=+0 bottle=3 lvl=8 front=9504 ehp=62'
08/30 16:42:54 [Localization System] CLocalize::FindSafe failed to localize: 'AIB[D] intent=state-desire-fight family=state base=78 range=18 hp_adv=8 dist=606 hp=79 ehp=62 reason=enemy_seen score=104'
08/30 16:42:54 [Localization System] CLocalize::FindSafe failed to localize: 'AIB[D] blocked=ability-pressure reason=nothing_castable'
08/30 16:42:54 [Localization System] CLocalize::FindSafe failed to localize: 'AIB[D] intent=hero-contact family=fight dist=606 hp=79 reason=close_enemy'
08/30 16:42:54 [Localization System] CLocalize::FindSafe failed to localize: 'AIB[R] intent=damage-by-source family=other creep=869 tower=141 hero=3614 mixed=597 death=177 other=497 stale=247 gaps=5'
08/30 16:42:54 [Localization System] CLocalize::FindSafe failed to localize: 'AIB[R] intent=state-desire-fight family=state base=78 range=18 dist=586 hp=35 ehp=80 reason=enemy_seen score=96'
08/30 16:42:54 [Localization System] CLocalize::FindSafe failed to localize: 'AIB[R] blocked=ability-pressure reason=hp_disadv dist=586 hp=35 ehp=80'
08/30 16:42:54 [Localization System] CLocalize::FindSafe failed to localize: 'AIB[R] intent=hero-contact family=fight dist=586 hp=35 reason=attackable_enemy'
08/30 16:42:54 [Localization System] CLocalize::FindSafe failed to localize: 'AIB[D] intent=kill-lock family=fight dist=544 ehp=35 hp=80 exec=false atk=true mutual=false reason=killable_enemy'
08/30 16:42:54 [Localization System] CLocalize::FindSafe failed to localize: 'AIB[D] intent=tick-owner family=other stage=urgent intent=kill-lock'
08/30 16:42:54 [Localization System] CLocalize::FindSafe failed to localize: 'AIB[R] intent=recovery-policy family=recover action=recover hp=33 gate=35 source=early-low'
08/30 16:42:54 [Localization System] CLocalize::FindSafe failed to localize: 'AIB[R] intent=state-recover-xp family=state ttl=2 reason=regen_lane hp=33 dist=907'
08/30 16:42:55 [Localization System] CLocalize::FindSafe failed to localize: 'AIB[R] blocked=buy-loop reason=saving target=item_power_treads head=item_boots cost=500 gold=278 left=3'
08/30 16:42:55 [Server] Client (account 0) tried to execute invalid order (20). Unit is dead.
08/30 16:42:55 Building: npc_dota_goodguys_fort destroyed at 532.366699.
08/30 16:42:55 [Server] Game code (account 0) tried to execute invalid order (19). Target NPC is dead.
08/30 16:42:55 S:Gamerules: entering state 'DOTA_GAMERULES_STATE_POST_GAME'
08/30 16:42:55 CombatLog allocations: 292KB
08/30 16:42:55 DamageContributionLog allocations: 10KB
08/30 16:42:55 DamageContributionLog num entries: 140
08/30 16:42:55 CDOTAGCServerSystem::MatchSignOut gathering sign out stats. Duration in minutes = 8.872778
08/30 16:42:55    Player 0 Account 0 TotalGold = 2118.000000 TotalXP = 3524.000000 nGoldPerMinute = 238 nXPPerMinute = 397
08/30 16:42:55    nevermore - 0 - Predicted Rank = 0
08/30 16:42:55    Player 0 Account 0 TotalGold = 3044.000000 TotalXP = 4837.000000 nGoldPerMinute = 343 nXPPerMinute = 545
08/30 16:42:55    nevermore - 0 - Predicted Rank = 0
08/30 16:42:55 MatchSignout: Player Pshe Voice Chat Seconds: 0
08/30 16:42:55 ServerMVP: Not calculating stats, invalid lobby type 1.
08/30 16:42:55 Match signout:  duration = 532 (532.366699) Winning team = 1
08/30 16:42:55   Match start date: Sun Aug 30 16:32:32 2026
08/30 16:42:55   Num players on teams:  Good: 1  Bad: 1
08/30 16:42:55 Team 0 Player 0 m_unAccountID = 0  Items: 38, 36, -1, 41, -1, -1, -1, -1, -1, -1, -1
08/30 16:42:55   LastHit = 29  Deny = 2  ClaimedMiss = 15  ClaimedDeny = 5  Miss = 13
08/30 16:42:55   Level: 7 Gold: 284  KDA: 0 / 2 / 0
08/30 16:42:55   Actual Player Damage: 4633 Actual Building Damage: 4657 Actual Healing: 0
08/30 16:42:55   Scaled Player Damage: 5458 Scaled Building Damage: 1048 Scaled Healing: 0
08/30 16:42:55   XP per min: 238  Gold per min: 397  Claimed Farm: 2293  Support Gold 0
08/30 16:42:55 Team 1 Player 0 m_unAccountID = 0  Items: 41, 36, 29, 17, -1, -1, -1, -1, -1, -1, -1
08/30 16:42:55   LastHit = 38  Deny = 11  ClaimedMiss = 22  ClaimedDeny = 0  Miss = 5
08/30 16:42:55   Level: 8 Gold: 459  KDA: 2 / 0 / 0
08/30 16:42:55   Actual Player Damage: 5495 Actual Building Damage: 336 Actual Healing: 0
08/30 16:42:55   Scaled Player Damage: 7381 Scaled Building Damage: 122 Scaled Healing: 0
08/30 16:42:55   XP per min: 343  Gold per min: 545  Claimed Farm: 2540  Support Gold 0
08/30 16:42:55 KILLEATER: Signing out with 0 adjustments
08/30 16:42:55 KILLEATER: Message has 0 player blocks
08/30 16:42:55 Checking to see if we should add overworld rewards to signout:
08/30 16:42:55 	Lobby Eligible For Rewards: 0
08/30 16:42:55 	Overworld Progression Enabled: 1
08/30 16:42:55 	Match Contributes to Overworld: 0
08/30 16:42:55 SIGNOUT: Job created, Protobuf:
08/30 16:42:55 The following signout message has had the gameplay_stats field removed to reduce log file size.
08/30 16:42:55 duration: 532
08/30 16:42:55 date: 1788100352
08/30 16:42:55 teams {
08/30 16:42:55   players {
08/30 16:42:55     steam_id: 0
08/30 16:42:55     hero_id: 11
08/30 16:42:55     items: 38
08/30 16:42:55     items: 36
08/30 16:42:55     items: -1
08/30 16:42:55     items: 41
08/30 16:42:55     items: -1
08/30 16:42:55     items: -1
08/30 16:42:55     items: -1
08/30 16:42:55     items: -1
08/30 16:42:55     items: -1
08/30 16:42:55     items: -1
08/30 16:42:55     items: -1
08/30 16:42:55     gold: 284
08/30 16:42:55     kills: 0
08/30 16:42:55     deaths: 2
08/30 16:42:55     assists: 0
08/30 16:42:55     leaver_status: 1
08/30 16:42:55     last_hits: 29
08/30 16:42:55     denies: 2
08/30 16:42:55     gold_per_min: 238
08/30 16:42:55     xp_per_minute: 397
08/30 16:42:55     gold_spent: 2375
08/30 16:42:55     level: 7
08/30 16:42:55     scaled_hero_damage: 5458
08/30 16:42:55     scaled_tower_damage: 1048
08/30 16:42:55     scaled_hero_healing: 0
08/30 16:42:55     time_last_seen: 0
08/30 16:42:55     support_ability_value: 2550
08/30 16:42:55     party_id: 0
08/30 16:42:55     claimed_farm_gold: 2293
08/30 16:42:55     support_gold: 0
08/30 16:42:55     claimed_denies: 5
08/30 16:42:55     claimed_misses: 15
08/30 16:42:55     misses: 13
08/30 16:42:55     ability_upgrades {
08/30 16:42:55       ability: 5059
08/30 16:42:55       time: 57
08/30 16:42:55     }
08/30 16:42:55     ability_upgrades {
08/30 16:42:55       ability: 5063
08/30 16:42:55       time: 199
08/30 16:42:55     }
08/30 16:42:55     ability_upgrades {
08/30 16:42:55       ability: 5059
08/30 16:42:55       time: 264
08/30 16:42:55     }
08/30 16:42:55     ability_upgrades {
08/30 16:42:55       ability: 5063
08/30 16:42:55       time: 342
08/30 16:42:55     }
08/30 16:42:55     ability_upgrades {
08/30 16:42:55       ability: 5059
08/30 16:42:55       time: 420
08/30 16:42:55     }
08/30 16:42:55     ability_upgrades {
08/30 16:42:55       ability: 5063
08/30 16:42:55       time: 511
08/30 16:42:55     }
08/30 16:42:55     ability_upgrades {
08/30 16:42:55       ability: 5059
08/30 16:42:55       time: 629
08/30 16:42:55     }
08/30 16:42:55     net_worth: 1679
08/30 16:42:55     match_player_flags: 0
08/30 16:42:55     hero_damage: 4633
08/30 16:42:55     tower_damage: 4657
08/30 16:42:55     hero_healing: 0
08/30 16:42:55     hero_pick_order: 3
08/30 16:42:55     hero_was_randomed: false
08/30 16:42:55     lane: 3
08/30 16:42:55     is_using_plus_guide: false
08/30 16:42:55     hero_damage_received {
08/30 16:42:55       pre_reduction: 1840
08/30 16:42:55       post_reduction: 1503
08/30 16:42:55       damage_type: HERO_DAMAGE_PHYSICAL
08/30 16:42:55     }
08/30 16:42:55     hero_damage_received {
08/30 16:42:55       pre_reduction: 5616
08/30 16:42:55       post_reduction: 3992
08/30 16:42:55       damage_type: HERO_DAMAGE_MAGICAL
08/30 16:42:55     }
08/30 16:42:55     hero_damage_received {
08/30 16:42:55       pre_reduction: 0
08/30 16:42:55       post_reduction: 0
08/30 16:42:55       damage_type: HERO_DAMAGE_PURE
08/30 16:42:55     }
08/30 16:42:55     hero_was_dota_plus_suggestion: false
08/30 16:42:55     seconds_dead: 25
08/30 16:42:55     gold_lost_to_death: 59
08/30 16:42:55     command_count: 0
08/30 16:42:55     mouse_click_cast_command_count: 0
08/30 16:42:55     teleports_used: 2
08/30 16:42:55     cavern_crawl_preferred_map_variant: 0
08/30 16:42:55     bounty_runes: 0
08/30 16:42:55     outposts_captured: 0
08/30 16:42:55     dewards: 0
08/30 16:42:55     wards_placed: 0
08/30 16:42:55     camps_stacked: 0
08/30 16:42:55     player_slot: 1
08/30 16:42:55     item_purchase_times: 420
08/30 16:42:55     item_purchase_times: 57
08/30 16:42:55     item_purchase_times: 0
08/30 16:42:55     item_purchase_times: 502
08/30 16:42:55     item_purchase_times: 0
08/30 16:42:55     item_purchase_times: 0
08/30 16:42:55     item_purchase_times: 0
08/30 16:42:55     item_purchase_times: 0
08/30 16:42:55     item_purchase_times: 0
08/30 16:42:55     item_purchase_times: 0
08/30 16:42:55     item_purchase_times: 0
08/30 16:42:55     hero_damage_dealt {
08/30 16:42:55       pre_reduction: 1738
08/30 16:42:55       post_reduction: 1387
08/30 16:42:55       damage_type: HERO_DAMAGE_PHYSICAL
08/30 16:42:55     }
08/30 16:42:55     hero_damage_dealt {
08/30 16:42:55       pre_reduction: 4487
08/30 16:42:55       post_reduction: 3246
08/30 16:42:55       damage_type: HERO_DAMAGE_MAGICAL
08/30 16:42:55     }
08/30 16:42:55     hero_damage_dealt {
08/30 16:42:55       pre_reduction: 0
08/30 16:42:55       post_reduction: 0
08/30 16:42:55       damage_type: HERO_DAMAGE_PURE
08/30 16:42:55     }
08/30 16:42:55     predicted_position: 4
08/30 16:42:55     lane_outcomes: 7
08/30 16:42:55     friendly_t1_destroyed_time: 0
08/30 16:42:55     enemy_t1_destroyed_time: 0
08/30 16:42:55     friendly_roshan_kills: 0
08/30 16:42:55     enemy_roshan_kills: 0
08/30 16:42:55     power_runes: 0
08/30 16:42:55     water_runes: 0
08/30 16:42:55     stun_duration: 0
08/30 16:42:55     team_number: DOTA_GC_TEAM_GOOD_GUYS
08/30 16:42:55     team_slot: 1
08/30 16:42:55     predicted_rank: 0
08/30 16:42:55     selected_facet: 0
08/30 16:42:55     disable_duration: 0
08/30 16:42:55     tormentor_kills: 0
08/30 16:42:55     wisdom_shrines_taken: 0
08/30 16:42:55   }
08/30 16:42:55 }
08/30 16:42:55 teams {
08/30 16:42:55   players {
08/30 16:42:55     steam_id: 0
08/30 16:42:55     hero_id: 11
08/30 16:42:55     items: 41
08/30 16:42:55     items: 36
08/30 16:42:55     items: 29
08/30 16:42:55     items: 17
08/30 16:42:55     items: -1
08/30 16:42:55     items: -1
08/30 16:42:55     items: -1
08/30 16:42:55     items: -1
08/30 16:42:55     items: -1
08/30 16:42:55     items: -1
08/30 16:42:55     items: -1
08/30 16:42:55     gold: 459
08/30 16:42:55     kills: 2
08/30 16:42:55     deaths: 0
08/30 16:42:55     assists: 0
08/30 16:42:55     leaver_status: 1
08/30 16:42:55     last_hits: 38
08/30 16:42:55     denies: 11
08/30 16:42:55     gold_per_min: 343
08/30 16:42:55     xp_per_minute: 545
08/30 16:42:55     gold_spent: 3185
08/30 16:42:55     level: 8
08/30 16:42:55     scaled_hero_damage: 7381
08/30 16:42:55     scaled_tower_damage: 122
08/30 16:42:55     scaled_hero_healing: 0
08/30 16:42:55     time_last_seen: 0
08/30 16:42:55     support_ability_value: 2475
08/30 16:42:55     party_id: 0
08/30 16:42:55     claimed_farm_gold: 2540
08/30 16:42:55     support_gold: 0
08/30 16:42:55     claimed_denies: 0
08/30 16:42:55     claimed_misses: 22
08/30 16:42:55     misses: 5
08/30 16:42:55     ability_upgrades {
08/30 16:42:55       ability: 5059
08/30 16:42:55       time: 57
08/30 16:42:55     }
08/30 16:42:55     ability_upgrades {
08/30 16:42:55       ability: 5063
08/30 16:42:55       time: 191
08/30 16:42:55     }
08/30 16:42:55     ability_upgrades {
08/30 16:42:55       ability: 5059
08/30 16:42:55       time: 244
08/30 16:42:55     }
08/30 16:42:55     ability_upgrades {
08/30 16:42:55       ability: 5063
08/30 16:42:55       time: 315
08/30 16:42:55     }
08/30 16:42:55     ability_upgrades {
08/30 16:42:55       ability: 5059
08/30 16:42:55       time: 386
08/30 16:42:55     }
08/30 16:42:55     ability_upgrades {
08/30 16:42:55       ability: 5063
08/30 16:42:55       time: 451
08/30 16:42:55     }
08/30 16:42:55     ability_upgrades {
08/30 16:42:55       ability: 5059
08/30 16:42:55       time: 547
08/30 16:42:55     }
08/30 16:42:55     ability_upgrades {
08/30 16:42:55       ability: 5063
08/30 16:42:55       time: 633
08/30 16:42:55     }
08/30 16:42:55     net_worth: 2544
08/30 16:42:55     match_player_flags: 0
08/30 16:42:55     hero_damage: 5495
08/30 16:42:55     tower_damage: 336
08/30 16:42:55     hero_healing: 0
08/30 16:42:55     hero_pick_order: 4
08/30 16:42:55     hero_was_randomed: false
08/30 16:42:55     lane: 3
08/30 16:42:55     is_using_plus_guide: false
08/30 16:42:55     hero_damage_received {
08/30 16:42:55       pre_reduction: 1738
08/30 16:42:55       post_reduction: 1387
08/30 16:42:55       damage_type: HERO_DAMAGE_PHYSICAL
08/30 16:42:55     }
08/30 16:42:55     hero_damage_received {
08/30 16:42:55       pre_reduction: 4487
08/30 16:42:55       post_reduction: 3246
08/30 16:42:55       damage_type: HERO_DAMAGE_MAGICAL
08/30 16:42:55     }
08/30 16:42:55     hero_damage_received {
08/30 16:42:55       pre_reduction: 0
08/30 16:42:55       post_reduction: 0
08/30 16:42:55       damage_type: HERO_DAMAGE_PURE
08/30 16:42:55     }
08/30 16:42:55     hero_was_dota_plus_suggestion: false
08/30 16:42:55     seconds_dead: 0
08/30 16:42:55     gold_lost_to_death: 0
08/30 16:42:55     command_count: 0
08/30 16:42:55     mouse_click_cast_command_count: 0
08/30 16:42:55     teleports_used: 1
08/30 16:42:55     cavern_crawl_preferred_map_variant: 0
08/30 16:42:55     bounty_runes: 0
08/30 16:42:55     outposts_captured: 0
08/30 16:42:55     dewards: 0
08/30 16:42:55     wards_placed: 0
08/30 16:42:55     camps_stacked: 0
08/30 16:42:55     player_slot: 129
08/30 16:42:55     item_purchase_times: 324
08/30 16:42:55     item_purchase_times: 58
08/30 16:42:55     item_purchase_times: 451
08/30 16:42:55     item_purchase_times: 627
08/30 16:42:55     item_purchase_times: 0
08/30 16:42:55     item_purchase_times: 0
08/30 16:42:55     item_purchase_times: 0
08/30 16:42:55     item_purchase_times: 0
08/30 16:42:55     item_purchase_times: 0
08/30 16:42:55     item_purchase_times: 0
08/30 16:42:55     item_purchase_times: 0
08/30 16:42:55     hero_damage_dealt {
08/30 16:42:55       pre_reduction: 1840
08/30 16:42:55       post_reduction: 1503
08/30 16:42:55       damage_type: HERO_DAMAGE_PHYSICAL
08/30 16:42:55     }
08/30 16:42:55     hero_damage_dealt {
08/30 16:42:55       pre_reduction: 5616
08/30 16:42:55       post_reduction: 3992
08/30 16:42:55       damage_type: HERO_DAMAGE_MAGICAL
08/30 16:42:55     }
08/30 16:42:55     hero_damage_dealt {
08/30 16:42:55       pre_reduction: 0
08/30 16:42:55       post_reduction: 0
08/30 16:42:55       damage_type: HERO_DAMAGE_PURE
08/30 16:42:55     }
08/30 16:42:55     predicted_position: 4
08/30 16:42:55     lane_outcomes: 7
08/30 16:42:55     friendly_t1_destroyed_time: 0
08/30 16:42:55     enemy_t1_destroyed_time: 0
08/30 16:42:55     friendly_roshan_kills: 0
08/30 16:42:55     enemy_roshan_kills: 0
08/30 16:42:55     power_runes: 0
08/30 16:42:55     water_runes: 1
08/30 16:42:55     stun_duration: 0
08/30 16:42:55     team_number: DOTA_GC_TEAM_BAD_GUYS
08/30 16:42:55     team_slot: 1
08/30 16:42:55     predicted_rank: 0
08/30 16:42:55     selected_facet: 0
08/30 16:42:55     disable_duration: 0
08/30 16:42:55     tormentor_kills: 0
08/30 16:42:55     wisdom_shrines_taken: 0
08/30 16:42:55   }
08/30 16:42:55 }
08/30 16:42:55 tower_status: 2047
08/30 16:42:55 tower_status: 2047
08/30 16:42:55 barracks_status: 63
08/30 16:42:55 barracks_status: 63
08/30 16:42:55 cluster: 0
08/30 16:42:55 server_addr: "46.247.137.51:27015"
08/30 16:42:55 first_blood_time: 303
08/30 16:42:55 automatic_surrender: false
08/30 16:42:55 server_version: 6918
08/30 16:42:55 additional_msgs {
08/30 16:42:55   id: 8150
08/30 16:42:55   contents: "\010\'"
08/30 16:42:55 }
08/30 16:42:55 additional_msgs {
08/30 16:42:55   id: 8150
08/30 16:42:55   contents: "\0106"
08/30 16:42:55 }
08/30 16:42:55 average_networth_delta: 421
08/30 16:42:55 match_flags: 0
08/30 16:42:55 team_scores: 0
08/30 16:42:55 team_scores: 2
08/30 16:42:55 pre_game_duration: 90
08/30 16:42:55 extra_messages {
08/30 16:42:55   msg_type: 7545
08/30 16:42:55   contents: [removed]
08/30 16:42:55 }
08/30 16:42:55 winning_team: DOTA_GC_TEAM_BAD_GUYS
08/30 16:42:55 
08/30 16:42:55 match_id: 8974387496
08/30 16:42:55 region_id: 4294967295
08/30 16:42:55 players {
08/30 16:42:55   account_id: 138966212
08/30 16:42:55   ip: 2130706433
08/30 16:42:55   avg_ping_ms: 69
08/30 16:42:55   packet_loss: 0
08/30 16:42:55   ping_deviation: 20.3449192
08/30 16:42:55   full_resends: 0
08/30 16:42:55 }
08/30 16:42:55 cluster_id: 0
08/30 16:42:55 
08/30 16:42:55 Sending CMsgConnectedPlayers for reason GAME_STATE.  Last send was 229.0s ago, urgency is 0.0s
08/30 16:42:55 game_state: DOTA_GAMERULES_STATE_POST_GAME
first_blood_happened: true
send_reason: GAME_STATE
radiant_kills: 0
dire_kills: 2
radiant_lead: -865
building_state: 4784201

08/30 16:42:55 [GCClient] Send msg 7381 (k_EMsgGCGameMatchSignOutPermissionRequest), 26 bytes
08/30 16:42:55 [GCClient] Send msg 9113 (k_EMsgServerToGCWarningLowServerFramerate), 25 bytes
08/30 16:42:55 [GCClient] Send msg 7494 (k_EMsgServerToGCMatchConnectionStats), 48 bytes
08/30 16:42:55 [GCClient] Send msg 7034 (k_EMsgGCConnectedPlayers), 34 bytes
08/30 16:42:55 [Localization System] CLocalize::FindSafe failed to localize: 'invalid index'
08/30 16:42:55 [Localization System] CLocalize::FindSafe failed to localize: 'invalid index'
08/30 16:42:55 C:Gamerules: entering state 'DOTA_GAMERULES_STATE_POST_GAME'
08/30 16:42:55 [Localization System] CLocalize::FindSafe failed to localize: 'invalid index'
08/30 16:42:55 [Client] CDOTA_Hud_Main::EventGameRulesStateChanged DOTA_GAMERULES_STATE_POST_GAME
08/30 16:42:55 [Client] CDOTA_Hud_Main::CreateGameEndScreen Creating GameEnd
08/30 16:42:56 [GCClient] Recv msg 7382 (k_EMsgGCGameMatchSignOutPermissionResponse), 19 bytes
08/30 16:42:56 [GCClient] Recv msg 26 (k_ESOMsg_UpdateMultiple), 336 bytes
08/30 16:42:56 --- CSODOTALobby.game_state: DOTA_GAMERULES_STATE_GAME_IN_PROGRESS
08/30 16:42:56 +++ CSODOTALobby.game_state: DOTA_GAMERULES_STATE_POST_GAME
08/30 16:42:56 SIGNOUT: Permission granted by GC.
08/30 16:42:56 [GCClient] Send msg 7004 (k_EMsgGCGameMatchSignOut), 1055 bytes
08/30 16:42:56 [GCClient] Recv msg 7005 (k_EMsgGCGameMatchSignOutResponse), 317 bytes
08/30 16:42:56 [GCClient] Recv msg 26 (k_ESOMsg_UpdateMultiple), 343 bytes
08/30 16:42:56 --- CSODOTALobby.state: RUN
08/30 16:42:56 +++ CSODOTALobby.state: POSTGAME
08/30 16:42:56 +++ CSODOTALobby.match_outcome: k_EMatchOutcome_DireVictory
08/30 16:42:56 +++ CSODOTALobby.match_duration: 532
08/30 16:42:56 SIGNOUT: Match signout message successfully sent.
08/30 16:42:56 CDOTAGCServerSystem:: Finished submitting MatchSignOutStats.  MatchID = 8974387496
08/30 16:42:56 Wrote Contribution Combat Segments: 9 segments
08/30 16:42:56 Wrote Contribution Unit Names: 1 names
08/30 16:42:56 Wrote Killing Blows: 2
08/30 16:42:56 Wrote Dispels: 0
08/30 16:42:56 CDOTAMatchPrivateMetadata size 11476
08/30 16:42:56 CDOTAMatchMetadataFile size 16461
08/30 16:42:56 [GCClient] Recv msg 26 (k_ESOMsg_UpdateMultiple), 343 bytes
08/30 16:42:56 Telling Steam it is safe to update the app
08/30 16:42:56 [Localization System] CLocalize::FindSafe failed to localize: 'invalid index'
08/30 16:42:56 [GCClient] Recv msg 25 (k_ESOMsg_CacheUnsubscribed), 21 bytes
08/30 16:42:56 [SOCache] CGCSOCacheUnsubscribedJob(owner=<Lobby:29996981084349484>)
08/30 16:42:56 [Localization System] CLocalize::FindSafe failed to localize: 'invalid index'
08/30 16:42:56 [Localization System] CLocalize::FindSafe failed to localize: 'invalid index'
08/30 16:42:56 [GCClient] Recv msg 8081 (k_EMsgGCToClientMatchSignedOut), 14 bytes
08/30 16:42:56 WriteSteamRemoteStorageFileAsync( "cfg/stats.dat" ) -> at 740.429
08/30 16:42:56 WriteSteamRemoteStorageFileAsync( "cfg/chat.cfg" ) -> at 740.432
08/30 16:42:56 [GCClient] Send msg 7272 (k_EMsgGCLeaveChatChannel), 13 bytes
08/30 16:42:56 CAsyncWriteInProgress::OnComplete( "cfg/stats.dat" ) -> Success at 740.447
08/30 16:42:56 CAsyncWriteInProgress::OnComplete( "cfg/chat.cfg" ) -> Success at 740.447
08/30 16:42:56 [GCClient] Send msg 7534 (k_EMsgClientToGCGetProfileCard), 22 bytes
08/30 16:42:56 [GCClient] Recv msg 7010 (k_EMsgGCJoinChatChannelResponse), 79 bytes
08/30 16:42:56 [GCClient] Recv msg 7014 (k_EMsgGCOtherLeftChannel), 26 bytes
08/30 16:42:56 [GCClient] Recv msg 7535 (k_EMsgClientToGCGetProfileCardResponse), 45 bytes
08/30 16:42:57 [GCClient] Recv msg 25 (k_ESOMsg_CacheUnsubscribed), 21 bytes
08/30 16:42:57 [SOCache] CGCSOCacheUnsubscribedJob(owner=<Lobby:29996981084349484>)
08/30 16:42:57 [Server] CDOTAGCServerSystem::SOChanged: Lobby object destroyed, so clearing the lobby while game rules is still in state DOTA_GAMERULES_STATE_POST_GAME(6).
08/30 16:42:57 Lobby object destroyed, previous lobby_id=29996981084349484, match_id=8974387496
08/30 16:43:30 CDOTAHLTVDirector::FinishRecording  m_szLastReplayFilename = replays/auto-20260830-1631-start-Pshe.dem
08/30 16:43:30 [HLTV Server] Completed SourceTV demo "replays/auto-20260830-1631-start-Pshe.dem":
	Recording time 703.6,
	Size 7206661 (341 per tick).
	Animation data size 118 (0 per tick).
08/30 16:43:30 CDOTAHLTVDirector::UploadReplay m_szLastReplayFilename = replays/auto-20260830-1631-start-Pshe.dem
08/30 16:43:30 Renamed replay replays/auto-20260830-1631-start-Pshe.dem to replays/8974387496.dem
08/30 16:44:03 --- Sent CMsgGameServerInfo to GC
08/30 16:44:03 server_public_ip_addr: 787974451
server_private_ip_addr: 167773194
server_port: 27015
server_tv_port: 27020
server_key: ""
server_hibernation: false
server_type: GAME
server_region: 0
server_loadavg: 0.203994334
server_tv_broadcast_time: 737.833374
server_game_time: 532.366699
relay_slots_max: 64
relays_connected: 0
relay_clients_connected: 0
tv_secret_code: 6719861601113139703
server_version: 6918
server_cluster: 0
assigned_server_tv_port: 27020
allow_custom_games: BOTH
build_version: 6918

08/30 16:44:03 ---
08/30 16:44:03 [GCClient] Send msg 4508 (k_EMsgGCGameServerInfo), 84 bytes
08/30 16:44:08 [Client] CL:  disconnect hud disconnect
08/30 16:44:08 [Localization System] CLocalize::FindSafe failed to localize: 'invalid index'
08/30 16:44:08 [Client] Disconnected from server: NETWORK_DISCONNECT_DISCONNECT_BY_USER
08/30 16:44:08 [HLTV Server] SourceTV[0] shutting down (non-relay) due to server disconnecting game.
08/30 16:44:08 [HLTV Server] CHLTVServer::Shutdown
08/30 16:44:08 [Server] CNetworkGameServerBase::SetServerState (ss_active -> ss_dead)
08/30 16:44:08 [Server] SV:  Server shutting down: NETWORK_DISCONNECT_DISCONNECT_BY_USER (2)
08/30 16:44:08 [Server] CNetworkGameServerBase::SetServerState (ss_active -> ss_dead)
08/30 16:44:08 [Server] Disconnect client 'Pshe' from server: NETWORK_DISCONNECT_SHUTDOWN (Server shutdown)
08/30 16:44:08 [SignonState] Client 0 'Pshe' signon state SIGNONSTATE_FULL -> SIGNONSTATE_NONE
08/30 16:44:08 [NetSteamConn] CloseSteamNetConnection handle #2200400173 (userdata 0)
08/30 16:44:08 [NetSteamConn] Disassociating NetChan Pshe @  (unknown) from Steam Net Connection handle #2200400173 (userdata 0)
08/30 16:44:08 [Networking] Summary of connection [#2200400173 UDP steamid:76561198099231940@127.0.0.1:54373 'Pshe']:
08/30 16:44:08 [Networking]     End-to-end connection: connected
08/30 16:44:08 [Networking]         Current rates:
08/30 16:44:08 [Networking]             Sent:  29.9 pkts/sec   6.4 K/sec
08/30 16:44:08 [Networking]             Recv:  30.5 pkts/sec   4.6 K/sec
08/30 16:44:08 [Networking]             Ping:0ms    Max latency variance: 0.1ms
08/30 16:44:08 [Networking]             Quality:  100%  (Dropped:0.00%  WeirdSeq:0.00%)
08/30 16:44:08 [Networking]             Est avail bandwidth: 78.1KB/s  
08/30 16:44:08 [Networking]             Bytes buffered: 0
08/30 16:44:08 [Networking]         Lifetime stats:
08/30 16:44:08 [Networking]             Totals
08/30 16:44:08 [Networking]                 Sent:     22,826 pkts      14,343,932 bytes
08/30 16:44:08 [Networking]                 Recv:     22,644 pkts       3,415,500 bytes
08/30 16:44:08 [Networking]                 Recv w seq:     22,643 pkts
08/30 16:44:08 [Networking]                 Dropped   :          0 pkts   0.00%
08/30 16:44:08 [Networking]                 OutOfOrder:          0 pkts   0.00%
08/30 16:44:08 [Networking]                 OOOFixed  :          0 pkts   0.00%
08/30 16:44:08 [Networking]                 Duplicate :          0 pkts   0.00%
08/30 16:44:08 [Networking]                 SeqLurch  :          0 pkts   0.00%
08/30 16:44:08 [Networking]             Ping histogram: (22326 total samples)
08/30 16:44:08 [Networking]                      0-25    25-50    50-75   75-100  100-125  125-150  150-200  200-300     300+
08/30 16:44:08 [Networking]                     22326        0        0        0        0        0        0        0        0
08/30 16:44:08 [Networking]                    100.0%     0.0%     0.0%     0.0%     0.0%     0.0%     0.0%     0.0%     0.0%
08/30 16:44:08 [Networking]             Ping distribution:
08/30 16:44:08 [Networking]                 5th   50th   75th   95th   98th
08/30 16:44:08 [Networking]                 0ms    0ms    0ms    0ms    0ms
08/30 16:44:08 [Networking]             Connection quality histogram: (148 measurement intervals)
08/30 16:44:08 [Networking]                 perfect    99+  97-99  95-97  90-95  75-90  50-75    <50   dead
08/30 16:44:08 [Networking]                     148      0      0      0      0      0      0      0      0
08/30 16:44:08 [Networking]                  100.0%   0.0%   0.0%   0.0%   0.0%   0.0%   0.0%   0.0%   0.0%
08/30 16:44:08 [Networking]             Connection quality distribution:
08/30 16:44:08 [Networking]               50th  25th   5th   2nd
08/30 16:44:08 [Networking]               100%  100%  100%  100%
08/30 16:44:08 [Networking]             Latency variance histogram: (22640 total measurements)
08/30 16:44:08 [Networking]                       <1     1-2     2-5    5-10   10-20     >20
08/30 16:44:08 [Networking]                    22640       0       0       0       0       0
08/30 16:44:08 [Networking]                   100.0%    0.0%    0.0%    0.0%    0.0%    0.0%
08/30 16:44:08 [Networking]         Rate stats received from remote host 5.3s ago:
08/30 16:44:08 [Networking]             Sent:  30.2 pkts/sec   4.6 K/sec
08/30 16:44:08 [Networking]             Recv:  30.0 pkts/sec   6.5 K/sec
08/30 16:44:08 [Networking]             Ping:0ms    Max latency variance: 0.2ms
08/30 16:44:08 [Networking]             Quality:  100%  (Dropped:0.00%  WeirdSeq:0.00%)
08/30 16:44:08 [Networking]             Bytes buffered: 0
08/30 16:44:08 [Networking]         Lifetime stats received from remote host 26.2s ago:
08/30 16:44:08 [Networking]             Totals
08/30 16:44:08 [Networking]                 Sent:     21,851 pkts       3,292,160 bytes
08/30 16:44:08 [Networking]                 Recv:     22,043 pkts      14,171,136 bytes
08/30 16:44:08 [Networking]                 Recv w seq:     22,041 pkts
08/30 16:44:08 [Networking]                 Dropped   :          0 pkts   0.00%
08/30 16:44:08 [Networking]                 OutOfOrder:          0 pkts   0.00%
08/30 16:44:08 [Networking]                 OOOFixed  :          0 pkts   0.00%
08/30 16:44:08 [Networking]                 Duplicate :          0 pkts   0.00%
08/30 16:44:08 [Networking]                 SeqLurch  :          0 pkts   0.00%
08/30 16:44:08 [Networking]             Ping histogram: (21543 total samples)
08/30 16:44:08 [Networking]                      0-25    25-50    50-75   75-100  100-125  125-150  150-200  200-300     300+
08/30 16:44:08 [Networking]                     21543        0        0        0        0        0        0        0        0
08/30 16:44:08 [Networking]                    100.0%     0.0%     0.0%     0.0%     0.0%     0.0%     0.0%     0.0%     0.0%
08/30 16:44:08 [Networking]             Ping distribution:
08/30 16:44:08 [Networking]                 5th   50th   75th   95th   98th
08/30 16:44:08 [Networking]                 0ms    0ms    0ms    0ms    0ms
08/30 16:44:08 [Networking]             Connection quality histogram: (143 measurement intervals)
08/30 16:44:08 [Networking]                 perfect    99+  97-99  95-97  90-95  75-90  50-75    <50   dead
08/30 16:44:08 [Networking]                     143      0      0      0      0      0      0      0      0
08/30 16:44:08 [Networking]                  100.0%   0.0%   0.0%   0.0%   0.0%   0.0%   0.0%   0.0%   0.0%
08/30 16:44:08 [Networking]             Connection quality distribution:
08/30 16:44:08 [Networking]               50th  25th   5th   2nd
08/30 16:44:08 [Networking]               100%  100%  100%  100%
08/30 16:44:08 [Networking]             Latency variance histogram: (22038 total measurements)
08/30 16:44:08 [Networking]                       <1     1-2     2-5    5-10   10-20     >20
08/30 16:44:08 [Networking]                    22036       0       0       0       2       0
08/30 16:44:08 [Networking]                   100.0%    0.0%    0.0%    0.0%    0.0%    0.0%
08/30 16:44:08 [Networking]     
08/30 16:44:08 [SteamNetSockets] [#2200400173 UDP steamid:76561198099231940@127.0.0.1:54373 'Pshe'] closed by app, linger requested but not needed (1001) NETWORK_DISCONNECT_SHUTDOWN
08/30 16:44:08 [NetSteamConn] Removing Steam Net Connection for 127.0.0.1:54373, handle #2200400173
08/30 16:44:08 [SteamNetSockets] [#2511452561 UDP steamid:90291861542282246@127.0.0.1:27015 'server'] closed by peer (1001): NETWORK_DISCONNECT_SHUTDOWN
08/30 16:44:08 CPlayerVoiceListener::PostSpawnGroupUnload()
08/30 16:44:08 [Server] SV:  AsyncUnloadSpawnGroup( 7 ) -- no such group
08/30 16:44:08 [Server] SV:  AsyncUnloadSpawnGroup( 8 ) -- no such group
08/30 16:44:08 CPlayerVoiceListener::PostSpawnGroupUnload()
08/30 16:44:08 CPlayerVoiceListener::PostSpawnGroupUnload()
08/30 16:44:08 CPlayerVoiceListener::PostSpawnGroupUnload()
08/30 16:44:08 CPlayerVoiceListener::PostSpawnGroupUnload()
08/30 16:44:08 CPlayerVoiceListener::PostSpawnGroupUnload()
08/30 16:44:08 [Server] CSteam3ServerS1::ShutdownGameServer
08/30 16:44:08 [Networking] CNetworkSystem::ShutdownGameServer
08/30 16:44:08 [Networking] Closing 'server' UDP listen socket
08/30 16:44:08 [Networking] Closing 'server' P2P listen socket
08/30 16:44:08 [Networking] Closing 'server' poll group
08/30 16:44:08 [Networking] Closing 'hltv' UDP listen socket
08/30 16:44:08 [Networking] Closing 'hltv' P2P listen socket
08/30 16:44:08 [Networking] Closing 'hltv' poll group
08/30 16:44:08 [Server] CSource2Server::GameServerSteamAPIDeactivated()
08/30 16:44:08 [Client] Disconnecting from server: NETWORK_DISCONNECT_DISCONNECT_BY_USER
08/30 16:44:08 [NetSteamConn] Closing Steam Net Connection on socket 'client' to 127.0.0.1:27015, handle #2511452561 (1002 NETWORK_DISCONNECT_DISCONNECT_BY_USER)
08/30 16:44:08 [NetSteamConn] CloseSteamNetConnection handle #2511452561 (userdata 1)
08/30 16:44:08 [NetSteamConn] Disassociating NetChan server @  (unknown) from Steam Net Connection handle #2511452561 (userdata 1)
08/30 16:44:08 [Networking] Summary of connection [#2511452561 UDP steamid:90291861542282246@127.0.0.1:27015 'server']:
08/30 16:44:08 [Networking]     End-to-end connection: closed by remote host, reason code 1001.  (NETWORK_DISCONNECT_SHUTDOWN)
08/30 16:44:08 [Networking]         Current rates:
08/30 16:44:08 [Networking]             Sent:  30.5 pkts/sec   4.6 K/sec
08/30 16:44:08 [Networking]             Recv:  29.9 pkts/sec   6.4 K/sec
08/30 16:44:08 [Networking]             Ping:0ms    Max latency variance: 0.2ms
08/30 16:44:08 [Networking]             Quality:  100%  (Dropped:0.00%  WeirdSeq:0.00%)
08/30 16:44:08 [Networking]             Est avail bandwidth: 78.1KB/s  
08/30 16:44:08 [Networking]             Bytes buffered: 0
08/30 16:44:08 [Networking]         Lifetime stats:
08/30 16:44:08 [Networking]             Totals
08/30 16:44:08 [Networking]                 Sent:     22,646 pkts       3,416,023 bytes
08/30 16:44:08 [Networking]                 Recv:     22,828 pkts      14,344,470 bytes
08/30 16:44:08 [Networking]                 Recv w seq:     22,825 pkts
08/30 16:44:08 [Networking]                 Dropped   :          0 pkts   0.00%
08/30 16:44:08 [Networking]                 OutOfOrder:          0 pkts   0.00%
08/30 16:44:08 [Networking]                 OOOFixed  :          0 pkts   0.00%
08/30 16:44:08 [Networking]                 Duplicate :          0 pkts   0.00%
08/30 16:44:08 [Networking]                 SeqLurch  :          0 pkts   0.00%
08/30 16:44:08 [Networking]             Ping histogram: (22327 total samples)
08/30 16:44:08 [Networking]                      0-25    25-50    50-75   75-100  100-125  125-150  150-200  200-300     300+
08/30 16:44:08 [Networking]                     22327        0        0        0        0        0        0        0        0
08/30 16:44:08 [Networking]                    100.0%     0.0%     0.0%     0.0%     0.0%     0.0%     0.0%     0.0%     0.0%
08/30 16:44:08 [Networking]             Ping distribution:
08/30 16:44:08 [Networking]                 5th   50th   75th   95th   98th
08/30 16:44:08 [Networking]                 0ms    0ms    0ms    0ms    0ms
08/30 16:44:08 [Networking]             Connection quality histogram: (148 measurement intervals)
08/30 16:44:08 [Networking]                 perfect    99+  97-99  95-97  90-95  75-90  50-75    <50   dead
08/30 16:44:08 [Networking]                     148      0      0      0      0      0      0      0      0
08/30 16:44:08 [Networking]                  100.0%   0.0%   0.0%   0.0%   0.0%   0.0%   0.0%   0.0%   0.0%
08/30 16:44:08 [Networking]             Connection quality distribution:
08/30 16:44:08 [Networking]               50th  25th   5th   2nd
08/30 16:44:08 [Networking]               100%  100%  100%  100%
08/30 16:44:08 [Networking]             Latency variance histogram: (22822 total measurements)
08/30 16:44:08 [Networking]                       <1     1-2     2-5    5-10   10-20     >20
08/30 16:44:08 [Networking]                    22820       0       0       0       2       0
08/30 16:44:08 [Networking]                   100.0%    0.0%    0.0%    0.0%    0.0%    0.0%
08/30 16:44:08 [Networking]         Rate stats received from remote host 4.7s ago:
08/30 16:44:08 [Networking]             Sent:  30.0 pkts/sec   6.5 K/sec
08/30 16:44:08 [Networking]             Recv:  30.2 pkts/sec   4.6 K/sec
08/30 16:44:08 [Networking]             Ping:0ms    Max latency variance: 0.1ms
08/30 16:44:08 [Networking]             Quality:  100%  (Dropped:0.00%  WeirdSeq:0.00%)
08/30 16:44:08 [Networking]             Bytes buffered: 0
08/30 16:44:08 [Networking]         Lifetime stats received from remote host 26.2s ago:
08/30 16:44:08 [Networking]             Totals
08/30 16:44:08 [Networking]                 Sent:     22,043 pkts      14,171,136 bytes
08/30 16:44:08 [Networking]                 Recv:     21,852 pkts       3,292,160 bytes
08/30 16:44:08 [Networking]                 Recv w seq:     21,851 pkts
08/30 16:44:08 [Networking]                 Dropped   :          0 pkts   0.00%
08/30 16:44:08 [Networking]                 OutOfOrder:          0 pkts   0.00%
08/30 16:44:08 [Networking]                 OOOFixed  :          0 pkts   0.00%
08/30 16:44:08 [Networking]                 Duplicate :          0 pkts   0.00%
08/30 16:44:08 [Networking]                 SeqLurch  :          0 pkts   0.00%
08/30 16:44:08 [Networking]             Ping histogram: (21544 total samples)
08/30 16:44:08 [Networking]                      0-25    25-50    50-75   75-100  100-125  125-150  150-200  200-300     300+
08/30 16:44:08 [Networking]                     21544        0        0        0        0        0        0        0        0
08/30 16:44:08 [Networking]                    100.0%     0.0%     0.0%     0.0%     0.0%     0.0%     0.0%     0.0%     0.0%
08/30 16:44:08 [Networking]             Ping distribution:
08/30 16:44:08 [Networking]                 5th   50th   75th   95th   98th
08/30 16:44:08 [Networking]                 0ms    0ms    0ms    0ms    0ms
08/30 16:44:08 [Networking]             Connection quality histogram: (143 measurement intervals)
08/30 16:44:08 [Networking]                 perfect    99+  97-99  95-97  90-95  75-90  50-75    <50   dead
08/30 16:44:08 [Networking]                     143      0      0      0      0      0      0      0      0
08/30 16:44:08 [Networking]                  100.0%   0.0%   0.0%   0.0%   0.0%   0.0%   0.0%   0.0%   0.0%
08/30 16:44:08 [Networking]             Connection quality distribution:
08/30 16:44:08 [Networking]               50th  25th   5th   2nd
08/30 16:44:08 [Networking]               100%  100%  100%  100%
08/30 16:44:08 [Networking]             Latency variance histogram: (21848 total measurements)
08/30 16:44:08 [Networking]                       <1     1-2     2-5    5-10   10-20     >20
08/30 16:44:08 [Networking]                    21848       0       0       0       0       0
08/30 16:44:08 [Networking]                   100.0%    0.0%    0.0%    0.0%    0.0%    0.0%
08/30 16:44:08 [Networking]     
08/30 16:44:08 [NetSteamConn] Removing Steam Net Connection for 127.0.0.1:27015, handle #2511452561
08/30 16:44:08 [Networking] Closing 'client' poll group
08/30 16:44:08 [HostStateManager] CHostStateMgr::QueueNewRequest( Idle (levelload), 3 )
08/30 16:44:08 [HostStateManager] HostStateRequest::Start(HSR_IDLE):  loop(levelload) id(3) addons() desc(Idle (levelload))
08/30 16:44:08 [EngineServiceManager] SwitchToLoop levelload requested:  id [3] addons []
08/30 16:44:08 [Client] CL:  IGameSystem::LoopDeactivateAllSystems {
08/30 16:44:08 WriteSteamRemoteStorageFileAsync( "scripts/control_groups.txt" ) -> at 812.156
08/30 16:44:08 WriteSteamRemoteStorageFileAsync( "scripts/item_suggest_preference.txt" ) -> at 812.156
08/30 16:44:08 [Client] CL:  } IGameSystem::LoopDeactivateAllSystems done
08/30 16:44:08 [stringtables] Client: CNetworkStringTableContainer::RemoveAllTables:  removing 19 tables
08/30 16:44:08 [Server] SV:  IGameSystem::LoopDeactivateAllSystems {
08/30 16:44:08 [Host] HO:  IGameSystem::LoopDeactivateAllSystems {
08/30 16:44:08 [Host] HO:  } IGameSystem::LoopDeactivateAllSystems done
08/30 16:44:08 [Server] SV:  } IGameSystem::LoopDeactivateAllSystems done
08/30 16:44:08 [stringtables] SV: CNetworkStringTableContainer::RemoveAllTables:  removing 19 tables
08/30 16:44:08 [stringtables] CL: CNetworkStringTableContainer::RemoveAllTables:  removing 19 tables
08/30 16:44:08 ILocalize::AddFile() failed to load file "resource/localization/broadcastfacts_english.txt".
08/30 16:44:08 [Client] CL:  CGameRulesGameSystem::GameShutdown uninstalled game rules
08/30 16:44:08 [Client] CL:  CGameRules::CGameRules destructed
08/30 16:44:08 [Client]Skipping setup of already loaded game keyvalues. (base game)
08/30 16:44:08 WriteSteamRemoteStorageFileAsync( "voice_ban.dt" ) -> at 812.431
08/30 16:44:08 CPlayerVoiceListener::GameShutdown()
08/30 16:44:08 [Server] SV:  CGameRulesGameSystem::GameShutdown uninstalled game rules
08/30 16:44:08 [Server] SV:  CGameRules::CGameRules destructed
08/30 16:44:08 [Server]Skipping setup of already loaded game keyvalues. (base game)
08/30 16:44:08 ChangeGameUIState: DOTA_GAME_UI_DOTA_INGAME -> DOTA_GAME_UI_STATE_LOADING_SCREEN
08/30 16:44:08 [Client] LoadingDisplay changed from NONE to LOADING (map="")
08/30 16:44:08 [HostStateManager] Host activate: Idle (levelload)
08/30 16:44:08 CAsyncWriteInProgress::OnComplete( "scripts/control_groups.txt" ) -> Success at 812.455
08/30 16:44:08 CAsyncWriteInProgress::OnComplete( "scripts/item_suggest_preference.txt" ) -> Success at 812.455
08/30 16:44:08 CAsyncWriteInProgress::OnComplete( "voice_ban.dt" ) -> Success at 812.455
08/30 16:44:08 [NetSteamConn] Steam Net connection #2511452561 UDP steamid:90291861542282246@127.0.0.1:27015 'server' closed by peer, reason 1001: NETWORK_DISCONNECT_SHUTDOWN
08/30 16:44:08 [NetSteamConn] CloseSteamNetConnection handle #2511452561 (userdata -1)
08/30 16:44:08 [Client] CL:  CLoopModeLevelLoad::MaybeSwitchToGameLoop switching to "game" loopmode with addons ()
08/30 16:44:08 [EngineServiceManager] SwitchToLoop game requested:  id [3] addons []
08/30 16:44:08 [GCClient] Send msg 2569 (k_EMsgClientToGCEquipItems), 33 bytes
08/30 16:44:08 **** Panel MainObjectivesTitle has fill-parent-flow for width, but isn't in a flowing right layout
08/30 16:44:08 **** Panel SideObjectivesTitle has fill-parent-flow for width, but isn't in a flowing right layout
08/30 16:44:08 [ResourceSystem] Failed loading resource "panorama/images/spellicons/dota_base_ability_png.vtex_c" (ERROR_FILEOPEN: File not found)
08/30 16:44:08 [Server] CNetworkGameServerBase::SetServerState (ss_dead -> ss_waitingforgamesessionmanifest)
08/30 16:44:08 [Server] SV:  maxplayers set to 1
08/30 16:44:08 Initializing script VM...
08/30 16:44:08 ...done
08/30 16:44:08 CPlayerVoiceListener::GameInit()
08/30 16:44:08 **** Panel TimeRangeSlider has fill-parent-flow for width, but isn't in a flowing right layout
08/30 16:44:08 **** Panel TimeScrubSlider has fill-parent-flow for width, but isn't in a flowing right layout
08/30 16:44:08 **** Panel SliderAndMarkers has fill-parent-flow for width, but isn't in a flowing right layout
08/30 16:44:08 **** Panel TimeScrubSlider has fill-parent-flow for width, but isn't in a flowing right layout
08/30 16:44:08 [ResourceSystem] Failed loading resource "materials/sprites/blueglow1.vmat_c" (ERROR_FILEOPEN: File not found)
08/30 16:44:08 [Server] SV:  Spawn Server: <empty>
08/30 16:44:08 [Server] CNetworkGameServerBase::SetServerState (ss_waitingforgamesessionmanifest -> ss_loading)
08/30 16:44:08 [Server] CNetworkGameServerBase::SetServerState (ss_loading -> ss_active)
08/30 16:44:08 [Client] CL:  CWaitForGameServerStartupPrerequisite done waiting for server
08/30 16:44:08 [Client] CL:  CCreateGameClientJob creating client connection to 'loopback'
08/30 16:44:08 [SteamNetSockets] [#4086521849 pipe] connected
08/30 16:44:08 [SteamNetSockets] [#4066580824 pipe] connected
08/30 16:44:08 [Networking] Created poll group for socket 'client'
08/30 16:44:08 [Networking] Created poll group for socket 'server'
08/30 16:44:08 [Networking] Connected loopback client=f3935ff9@loopback:1 <-> server=f2631958@loopback:0
08/30 16:44:08 [Client] Tick packet desired receive margin now 5.0ms.  cl_tickpacket_recvmargin_desired=5  cl_tickpacket_desired_queuelength=0.  engine_frametime_warnings_enable=1, cl_async_usercmd_send=1
08/30 16:44:08 [GCClient] Recv msg 26 (k_ESOMsg_UpdateMultiple), 94 bytes
08/30 16:44:08 [GCClient] Recv msg 2570 (k_EMsgClientToGCEquipItemsResponse), 26 bytes
08/30 16:44:08 [NetSteamConn] Associating NetChan Pshe @ loopback:0 (loopback:0) with Steam Net Connection handle #4066580824 (userdata 1)
08/30 16:44:08 [NetSteamConn] Associating NetChan server @ loopback:1 (loopback:1) with Steam Net Connection handle #4086521849 (userdata 0)
08/30 16:44:08 [Client] CL:  Connected to 'loopback:1'
08/30 16:44:08 [Server] Client 0 'Pshe' setting rate to 80000
08/30 16:44:08 [Client] Game: "Dota 2"
08/30 16:44:08 [Client] Map: "<empty>"
08/30 16:44:08 [Client] Players: 1 (0 bots) / 1 humans
08/30 16:44:08 [Client] Build: 10835 (revision 10949923)
08/30 16:44:08 [Client] Server Number: 4
08/30 16:44:08 [SignonState] CL:  CNetworkGameClient::ProcessServerInfo
08/30 16:44:08 ReadSteamRemoteStorageFile( bufOut, "voice_ban.dt" ) -> 0.000739 seconds
08/30 16:44:08 [Client] CNetworkGameClient::ProcessClassInfo: create on client true
08/30 16:44:08 [Client] CNetworkGameClient::ProcessClassInfo: creating client serializers from local server serializers (crc 0, server api exists)
08/30 16:44:09 [Client] Client missing networkable entity class CPhysMagnet
08/30 16:44:09 [Client] Client missing networkable entity class CSpotlightEnd
08/30 16:44:09 [Client] CNetworkGameClientBase::LinkClasses took 136.026 msec
08/30 16:44:10 [Client] CL:  CGameClientConnectPrerequisite connection succeeded
08/30 16:44:10 ChangeGameUIState: DOTA_GAME_UI_STATE_LOADING_SCREEN -> DOTA_GAME_UI_STATE_DASHBOARD
08/30 16:44:10 [Client] LoadingDisplay changed from LOADING to NONE (map="<empty>")
08/30 16:44:11 CDOTA_DB_Page_Post_Game_Hero_Stats::PopulateHeroStatsForSlot No player data
08/30 16:44:11 CDOTA_DB_Page_Post_Game_Hero_Stats::PopulateHeroStatsForSlot No player data
08/30 16:44:11 [Server] SV:  IGameSystem::LoopActivateAllSystems {
08/30 16:44:11 [Host] HO:  IGameSystem::LoopActivateAllSystems {
08/30 16:44:11 [Host] HO:  } IGameSystem::LoopActivateAllSystems done
08/30 16:44:11 [Server] SV:  } IGameSystem::LoopActivateAllSystems done
08/30 16:44:11 [Server] SV:  Game started
08/30 16:44:11 [Client] CL:  IGameSystem::LoopActivateAllSystems {
08/30 16:44:11 ReadSteamRemoteStorageFile( bufOut, "scripts/control_groups.txt" ) -> 0.000708 seconds
08/30 16:44:11 ReadSteamRemoteStorageFile( bufOut, "scripts/item_suggest_preference.txt" ) -> 0.000531 seconds
08/30 16:44:11 [Client] CL:  } IGameSystem::LoopActivateAllSystems done
08/30 16:44:11 [SignonState] CL:  CNetworkGameClient::OnSwitchLoopModeFinished( game : success )
08/30 16:44:11 [GCClient] Send msg 7197 (k_EMsgGCMatchmakingStatsRequest), 8 bytes
08/30 16:44:11 **** Panel GraphPersonalNWButton has fill-parent-flow for width, but isn't in a flowing right layout
08/30 16:44:11 **** Panel  has fill-parent-flow for width, but isn't in a flowing right layout
08/30 16:44:11 **** Panel  has fill-parent-flow for width, but isn't in a flowing right layout
08/30 16:44:11 **** Panel  has fill-parent-flow for width, but isn't in a flowing right layout
08/30 16:44:11 **** Panel  has fill-parent-flow for width, but isn't in a flowing right layout
08/30 16:44:11 **** Panel  has fill-parent-flow for width, but isn't in a flowing right layout
08/30 16:44:11 [ResourceSystem] Failed loading resource "panorama/images/items/dota_base_ability_png.vtex_c" (ERROR_FILEOPEN: File not found)
08/30 16:44:11 [Server] SV:  Sending full update to client Pshe (reason:  initial update)
08/30 16:44:11 [Client] CNetworkGameClientBase::OnReceivedUncompressedPacket(), received full update
08/30 16:44:11 [Prediction] Resetting prediction state because we received a full update
08/30 16:44:11 [Client] Receiving 0.0K non-incremental update from server
08/30 16:44:11 [Networking] server @ loopback:1:  NetChan Setting Timeout to 30.00 seconds
08/30 16:44:11 [Client] CL:  Signon traffic "server":  incoming 18.513 KB [144 netframes], outgoing 2.427 KB [143 netframes]
08/30 16:44:11 **** Panel GraphPersonalNWButton has fill-parent-flow for width, but isn't in a flowing right layout
08/30 16:44:11 **** Panel  has fill-parent-flow for width, but isn't in a flowing right layout
08/30 16:44:11 **** Panel  has fill-parent-flow for width, but isn't in a flowing right layout
08/30 16:44:11 **** Panel  has fill-parent-flow for width, but isn't in a flowing right layout
08/30 16:44:11 **** Panel  has fill-parent-flow for width, but isn't in a flowing right layout
08/30 16:44:11 **** Panel  has fill-parent-flow for width, but isn't in a flowing right layout
08/30 16:44:11 [GCClient] Send msg 8800 (k_EMsgClientToGCGetAvailablePrivateCoachingSessionsSummary), 17 bytes
08/30 16:44:11 [GCClient] Send msg 9107 (k_EMsgClientToGCGetEventRanking), 24 bytes
08/30 16:44:11 [GCClient] Send msg 8673 (k_EMsgClientToGCRequestGuildData), 19 bytes
08/30 16:44:11 [Networking] Pshe @ loopback:0:  NetChan Setting Timeout to 20.00 seconds
08/30 16:44:11 [GCClient] Send msg 8034 (k_EMsgClientToGCGetProfileCardStats), 17 bytes
08/30 16:44:11 [GCClient] Recv msg 8801 (k_EMsgClientToGCGetAvailablePrivateCoachingSessionsSummaryResponse), 23 bytes
08/30 16:44:11 [GCClient] Recv msg 9108 (k_EMsgClientToGCGetEventRankingResponse), 38 bytes
08/30 16:44:11 [GCClient] Recv msg 8674 (k_EMsgClientToGCRequestGuildDataResponse), 19 bytes
08/30 16:44:11 [GCClient] Recv msg 8035 (k_EMsgClientToGCGetProfileCardStatsResponse), 69 bytes
08/30 16:44:11 Encountered unrecognized client entity in portrait map - env_deferred_spot_light
08/30 16:44:11 [ResourceSystem] WARNING: RESOURCE_TYPE_MATERIAL resource 'materials/stickers/season_13/players/materials/sticker_13_218231587_3_cmat.vmat' (0D54005D2A5ADC1C) requested but is not in the system. (Missing from from a manifest?)
08/30 16:44:11 [ResourceSystem] WARNING: RESOURCE_TYPE_MATERIAL resource 'materials/stickers/season_13/players/materials/sticker_13_847565596_2_cmat.vmat' (41B1C45E6D12495C) requested but is not in the system. (Missing from from a manifest?)
08/30 16:44:11 [ResourceSystem] WARNING: RESOURCE_TYPE_MATERIAL resource 'materials/stickers/season_13/players/materials/sticker_13_302214028_1_cmat.vmat' (19F7213469274F4E) requested but is not in the system. (Missing from from a manifest?)
08/30 16:44:11 [ResourceSystem] WARNING: RESOURCE_TYPE_MATERIAL resource 'materials/stickers/season_13/players/materials/sticker_13_106305042_0_cmat.vmat' (F6EED31B266215DD) requested but is not in the system. (Missing from from a manifest?)
08/30 16:44:12 Excessive frame time of 175.67ms clamped.  Acting as if the frame only took 100.00ms.  (Last amnesty was 'level_load', 0.56s ago)
08/30 16:44:12 [GCClient] Recv msg 7198 (k_EMsgGCMatchmakingStatsResponse), 313 bytes
08/30 16:44:12 [MaterialSystem] materials/models/items/bristleback/bristlebot/dark_carnival_bristlebot_goo_proj_ball.vmat Shader: spring_meteor.vfx attribute 'DepthPassBatchID' set in mode 'Default' does not match value set in another mode 1 != 0.
08/30 16:44:12 [MaterialSystem] materials/models/items/bristleback/bristlebot/dark_carnival_bristlebot_goo_proj_ball.vmat Shader: spring_meteor.vfx attribute 'DepthPassBatchID' set in mode 'DotaForward' does not match value set in another mode 0 != 1.
08/30 16:44:12 [MaterialSystem] materials/models/items/bristleback/bristlebot/dark_carnival_bristlebot_goo_proj_ball.vmat Shader: spring_meteor.vfx attribute 'DepthPassBatchID' set in mode 'Depth' does not match value set in another mode 1 != 0.
08/30 16:44:12 [MaterialSystem] materials/models/items/bristleback/bristlebot/dark_carnival_bristlebot_goo_proj_ball.vmat Shader: spring_meteor.vfx attribute 'DepthPassBatchID' set in mode 'Default' does not match value set in another mode 0 != 1.
08/30 16:44:12 [MaterialSystem] materials/models/items/bristleback/bristlebot/dark_carnival_bristlebot_goo_proj_ball.vmat Shader: spring_meteor.vfx attribute 'DepthPassBatchID' set in mode 'DotaForward' does not match value set in another mode 1 != 0.
08/30 16:44:12 [MaterialSystem] materials/models/items/bristleback/bristlebot/dark_carnival_bristlebot_goo_proj_ball.vmat Shader: spring_meteor.vfx attribute 'DepthPassBatchID' set in mode 'DotaDeferred' does not match value set in another mode 0 != 1.
08/30 16:45:12 [GCClient] Send msg 7197 (k_EMsgGCMatchmakingStatsRequest), 8 bytes
08/30 16:45:12 [GCClient] Recv msg 7198 (k_EMsgGCMatchmakingStatsResponse), 313 bytes
08/30 16:46:13 [GCClient] Send msg 7197 (k_EMsgGCMatchmakingStatsRequest), 8 bytes
08/30 16:46:14 [GCClient] Recv msg 7198 (k_EMsgGCMatchmakingStatsResponse), 313 bytes
08/30 16:46:48 [GCClient] Send msg 4523 (k_EMsgClientToGCAggregateMetrics), 31 bytes
08/30 16:47:14 [GCClient] Send msg 7197 (k_EMsgGCMatchmakingStatsRequest), 8 bytes
08/30 16:47:14 [GCClient] Recv msg 7198 (k_EMsgGCMatchmakingStatsResponse), 313 bytes
08/30 16:48:15 [GCClient] Send msg 7197 (k_EMsgGCMatchmakingStatsRequest), 8 bytes
08/30 16:48:16 [GCClient] Recv msg 7198 (k_EMsgGCMatchmakingStatsResponse), 311 bytes
08/30 16:49:11 [GCClient] Send msg 9107 (k_EMsgClientToGCGetEventRanking), 24 bytes
08/30 16:49:11 [GCClient] Recv msg 9108 (k_EMsgClientToGCGetEventRankingResponse), 38 bytes
08/30 16:49:16 [GCClient] Send msg 7197 (k_EMsgGCMatchmakingStatsRequest), 8 bytes
08/30 16:49:16 [GCClient] Recv msg 7198 (k_EMsgGCMatchmakingStatsResponse), 311 bytes
08/30 16:50:17 [GCClient] Send msg 7197 (k_EMsgGCMatchmakingStatsRequest), 8 bytes
08/30 16:50:18 [GCClient] Recv msg 7198 (k_EMsgGCMatchmakingStatsResponse), 311 bytes
08/30 16:51:03 [SteamNetSockets] Certificate expires in 24h52m at 1788191003 (current time 1788101462), will renew in 22h52m
08/30 16:51:18 [GCClient] Send msg 7197 (k_EMsgGCMatchmakingStatsRequest), 8 bytes
08/30 16:51:19 [GCClient] Recv msg 7198 (k_EMsgGCMatchmakingStatsResponse), 311 bytes
08/30 16:52:19 [GCClient] Send msg 7197 (k_EMsgGCMatchmakingStatsRequest), 8 bytes
08/30 16:52:19 [GCClient] Recv msg 7198 (k_EMsgGCMatchmakingStatsResponse), 311 bytes
08/30 16:53:20 [GCClient] Send msg 7197 (k_EMsgGCMatchmakingStatsRequest), 8 bytes
08/30 16:53:21 [GCClient] Recv msg 7198 (k_EMsgGCMatchmakingStatsResponse), 311 bytes
08/30 16:54:11 [GCClient] Send msg 9107 (k_EMsgClientToGCGetEventRanking), 24 bytes
08/30 16:54:11 [GCClient] Recv msg 9108 (k_EMsgClientToGCGetEventRankingResponse), 38 bytes
08/30 16:54:21 [GCClient] Send msg 7197 (k_EMsgGCMatchmakingStatsRequest), 8 bytes
08/30 16:54:21 [GCClient] Recv msg 7198 (k_EMsgGCMatchmakingStatsResponse), 311 bytes
08/30 16:55:22 [GCClient] Send msg 7197 (k_EMsgGCMatchmakingStatsRequest), 8 bytes
08/30 16:55:23 [GCClient] Recv msg 7198 (k_EMsgGCMatchmakingStatsResponse), 310 bytes
08/30 16:56:23 [GCClient] Send msg 7197 (k_EMsgGCMatchmakingStatsRequest), 8 bytes
08/30 16:56:23 [GCClient] Recv msg 7198 (k_EMsgGCMatchmakingStatsResponse), 311 bytes
08/30 16:56:38 [GCClient] Send msg 8673 (k_EMsgClientToGCRequestGuildData), 19 bytes
08/30 16:56:38 [GCClient] Recv msg 8674 (k_EMsgClientToGCRequestGuildDataResponse), 19 bytes
08/30 16:57:24 [GCClient] Send msg 7197 (k_EMsgGCMatchmakingStatsRequest), 8 bytes
08/30 16:57:25 [GCClient] Recv msg 7198 (k_EMsgGCMatchmakingStatsResponse), 312 bytes
08/30 16:58:25 [GCClient] Send msg 7197 (k_EMsgGCMatchmakingStatsRequest), 8 bytes
08/30 16:58:25 [GCClient] Recv msg 7198 (k_EMsgGCMatchmakingStatsResponse), 311 bytes
08/30 16:59:11 [GCClient] Send msg 9107 (k_EMsgClientToGCGetEventRanking), 24 bytes
08/30 16:59:11 [GCClient] Recv msg 9108 (k_EMsgClientToGCGetEventRankingResponse), 38 bytes
08/30 16:59:26 [GCClient] Send msg 7197 (k_EMsgGCMatchmakingStatsRequest), 8 bytes
08/30 16:59:27 [GCClient] Recv msg 7198 (k_EMsgGCMatchmakingStatsResponse), 310 bytes
08/30 17:00:27 [GCClient] Send msg 7197 (k_EMsgGCMatchmakingStatsRequest), 8 bytes
08/30 17:00:27 [GCClient] Recv msg 7198 (k_EMsgGCMatchmakingStatsResponse), 310 bytes
08/30 17:01:03 [SteamNetSockets] Certificate expires in 24h42m at 1788191003 (current time 1788102062), will renew in 22h42m
08/30 17:01:28 [GCClient] Send msg 7197 (k_EMsgGCMatchmakingStatsRequest), 8 bytes
08/30 17:01:28 [GCClient] Recv msg 7198 (k_EMsgGCMatchmakingStatsResponse), 309 bytes
08/30 17:02:29 [GCClient] Send msg 7197 (k_EMsgGCMatchmakingStatsRequest), 8 bytes
08/30 17:02:30 [GCClient] Recv msg 7198 (k_EMsgGCMatchmakingStatsResponse), 310 bytes
08/30 17:03:30 [GCClient] Send msg 7197 (k_EMsgGCMatchmakingStatsRequest), 8 bytes
08/30 17:03:30 [GCClient] Recv msg 7198 (k_EMsgGCMatchmakingStatsResponse), 311 bytes
08/30 17:04:11 [GCClient] Send msg 9107 (k_EMsgClientToGCGetEventRanking), 24 bytes
08/30 17:04:12 [GCClient] Recv msg 9108 (k_EMsgClientToGCGetEventRankingResponse), 38 bytes
08/30 17:04:31 [GCClient] Send msg 7197 (k_EMsgGCMatchmakingStatsRequest), 8 bytes
08/30 17:04:32 [GCClient] Recv msg 7198 (k_EMsgGCMatchmakingStatsResponse), 310 bytes
08/30 17:05:32 [GCClient] Send msg 7197 (k_EMsgGCMatchmakingStatsRequest), 8 bytes
08/30 17:05:32 [GCClient] Recv msg 7198 (k_EMsgGCMatchmakingStatsResponse), 310 bytes
08/30 17:06:33 [GCClient] Send msg 7197 (k_EMsgGCMatchmakingStatsRequest), 8 bytes
08/30 17:06:34 [GCClient] Recv msg 7198 (k_EMsgGCMatchmakingStatsResponse), 312 bytes
08/30 17:07:34 [GCClient] Send msg 7197 (k_EMsgGCMatchmakingStatsRequest), 8 bytes
08/30 17:07:34 [GCClient] Recv msg 7198 (k_EMsgGCMatchmakingStatsResponse), 310 bytes
08/30 17:08:35 [GCClient] Send msg 7197 (k_EMsgGCMatchmakingStatsRequest), 8 bytes
08/30 17:08:36 [GCClient] Recv msg 7198 (k_EMsgGCMatchmakingStatsResponse), 310 bytes
08/30 17:09:36 [GCClient] Send msg 7197 (k_EMsgGCMatchmakingStatsRequest), 8 bytes
08/30 17:09:36 [GCClient] Recv msg 7198 (k_EMsgGCMatchmakingStatsResponse), 310 bytes
08/30 17:09:41 [GCClient] Send msg 9107 (k_EMsgClientToGCGetEventRanking), 24 bytes
08/30 17:09:42 [GCClient] Recv msg 9108 (k_EMsgClientToGCGetEventRankingResponse), 38 bytes
08/30 17:10:37 [GCClient] Send msg 7197 (k_EMsgGCMatchmakingStatsRequest), 8 bytes
08/30 17:10:37 [GCClient] Recv msg 7198 (k_EMsgGCMatchmakingStatsResponse), 310 bytes
08/30 17:11:03 [SteamNetSockets] Certificate expires in 24h32m at 1788191003 (current time 1788102662), will renew in 22h32m
08/30 17:11:38 [GCClient] Send msg 7197 (k_EMsgGCMatchmakingStatsRequest), 8 bytes
08/30 17:11:39 [GCClient] Recv msg 7198 (k_EMsgGCMatchmakingStatsResponse), 310 bytes
08/30 17:12:39 [GCClient] Send msg 7197 (k_EMsgGCMatchmakingStatsRequest), 8 bytes
08/30 17:12:39 [GCClient] Recv msg 7198 (k_EMsgGCMatchmakingStatsResponse), 310 bytes
08/30 17:13:17 [Localization System] CLocalize::CompileString failed to localize: '#DOTA_Friend_Join_Party'
08/30 17:13:17 [GCClient] Send msg 8673 (k_EMsgClientToGCRequestGuildData), 19 bytes
08/30 17:13:17 [GCClient] Recv msg 8674 (k_EMsgClientToGCRequestGuildDataResponse), 19 bytes
08/30 17:13:37 [Localization System] CLocalize::CompileString failed to localize: '#DOTA_Friend_Join_Party'
08/30 17:13:40 [GCClient] Send msg 7197 (k_EMsgGCMatchmakingStatsRequest), 8 bytes
08/30 17:13:41 [GCClient] Recv msg 7198 (k_EMsgGCMatchmakingStatsResponse), 310 bytes
08/30 17:14:41 [GCClient] Send msg 7197 (k_EMsgGCMatchmakingStatsRequest), 8 bytes
08/30 17:14:41 [GCClient] Recv msg 7198 (k_EMsgGCMatchmakingStatsResponse), 310 bytes
08/30 17:15:11 [GCClient] Send msg 9107 (k_EMsgClientToGCGetEventRanking), 24 bytes
08/30 17:15:12 [GCClient] Recv msg 9108 (k_EMsgClientToGCGetEventRankingResponse), 38 bytes
08/30 17:15:42 [GCClient] Send msg 7197 (k_EMsgGCMatchmakingStatsRequest), 8 bytes
08/30 17:15:42 [GCClient] Recv msg 7198 (k_EMsgGCMatchmakingStatsResponse), 312 bytes
08/30 17:16:43 [GCClient] Send msg 7197 (k_EMsgGCMatchmakingStatsRequest), 8 bytes
08/30 17:16:44 [GCClient] Recv msg 7198 (k_EMsgGCMatchmakingStatsResponse), 312 bytes
08/30 17:17:44 [GCClient] Send msg 7197 (k_EMsgGCMatchmakingStatsRequest), 8 bytes
08/30 17:17:44 [GCClient] Recv msg 7198 (k_EMsgGCMatchmakingStatsResponse), 312 bytes
08/30 17:17:50 [GCClient] Recv msg 7273 (k_EMsgGCChatMessage), 41 bytes
08/30 17:17:51 [GCClient] Recv msg 7273 (k_EMsgGCChatMessage), 41 bytes
08/30 17:17:51 [GCClient] Recv msg 7273 (k_EMsgGCChatMessage), 41 bytes
08/30 17:17:52 [GCClient] Recv msg 7273 (k_EMsgGCChatMessage), 41 bytes
08/30 17:18:45 [GCClient] Send msg 7197 (k_EMsgGCMatchmakingStatsRequest), 8 bytes
08/30 17:18:46 [GCClient] Recv msg 7198 (k_EMsgGCMatchmakingStatsResponse), 312 bytes
08/30 17:19:08 [GCClient] Recv msg 7273 (k_EMsgGCChatMessage), 45 bytes
08/30 17:19:46 [GCClient] Send msg 7197 (k_EMsgGCMatchmakingStatsRequest), 8 bytes
08/30 17:19:46 [GCClient] Recv msg 7198 (k_EMsgGCMatchmakingStatsResponse), 312 bytes
08/30 17:20:41 [GCClient] Send msg 9107 (k_EMsgClientToGCGetEventRanking), 24 bytes
08/30 17:20:42 [GCClient] Recv msg 9108 (k_EMsgClientToGCGetEventRankingResponse), 38 bytes
08/30 17:20:47 [GCClient] Send msg 7197 (k_EMsgGCMatchmakingStatsRequest), 8 bytes
08/30 17:20:48 [GCClient] Recv msg 7198 (k_EMsgGCMatchmakingStatsResponse), 312 bytes
08/30 17:21:03 [SteamNetSockets] Certificate expires in 24h22m at 1788191003 (current time 1788103262), will renew in 22h22m
08/30 17:21:48 [GCClient] Send msg 7197 (k_EMsgGCMatchmakingStatsRequest), 8 bytes
08/30 17:21:48 [GCClient] Recv msg 7198 (k_EMsgGCMatchmakingStatsResponse), 310 bytes
08/30 17:22:49 [GCClient] Send msg 7197 (k_EMsgGCMatchmakingStatsRequest), 8 bytes
08/30 17:22:49 [GCClient] Recv msg 7198 (k_EMsgGCMatchmakingStatsResponse), 310 bytes
08/30 17:23:50 [GCClient] Send msg 7197 (k_EMsgGCMatchmakingStatsRequest), 8 bytes
08/30 17:23:51 [GCClient] Recv msg 7198 (k_EMsgGCMatchmakingStatsResponse), 310 bytes
08/30 17:24:51 [GCClient] Send msg 7197 (k_EMsgGCMatchmakingStatsRequest), 8 bytes
08/30 17:24:51 [GCClient] Recv msg 7198 (k_EMsgGCMatchmakingStatsResponse), 312 bytes
08/30 17:25:34 [GCClient] Recv msg 7273 (k_EMsgGCChatMessage), 42 bytes
08/30 17:25:42 [GCClient] Send msg 9107 (k_EMsgClientToGCGetEventRanking), 24 bytes
08/30 17:25:42 [GCClient] Recv msg 9108 (k_EMsgClientToGCGetEventRankingResponse), 38 bytes
08/30 17:25:52 [GCClient] Send msg 7197 (k_EMsgGCMatchmakingStatsRequest), 8 bytes
08/30 17:25:53 [GCClient] Recv msg 7198 (k_EMsgGCMatchmakingStatsResponse), 310 bytes
08/30 17:26:53 [GCClient] Send msg 7197 (k_EMsgGCMatchmakingStatsRequest), 8 bytes
08/30 17:26:53 [GCClient] Recv msg 7198 (k_EMsgGCMatchmakingStatsResponse), 310 bytes
08/30 17:27:54 [GCClient] Send msg 7197 (k_EMsgGCMatchmakingStatsRequest), 8 bytes
08/30 17:27:55 [GCClient] Recv msg 7198 (k_EMsgGCMatchmakingStatsResponse), 310 bytes
08/30 17:28:55 [GCClient] Send msg 7197 (k_EMsgGCMatchmakingStatsRequest), 8 bytes
08/30 17:28:55 [GCClient] Recv msg 7198 (k_EMsgGCMatchmakingStatsResponse), 310 bytes
08/30 17:29:56 [GCClient] Send msg 7197 (k_EMsgGCMatchmakingStatsRequest), 8 bytes
08/30 17:29:57 [GCClient] Recv msg 7198 (k_EMsgGCMatchmakingStatsResponse), 310 bytes
08/30 17:30:42 [GCClient] Send msg 9107 (k_EMsgClientToGCGetEventRanking), 24 bytes
08/30 17:30:42 [GCClient] Recv msg 9108 (k_EMsgClientToGCGetEventRankingResponse), 38 bytes
08/30 17:30:57 [GCClient] Send msg 7197 (k_EMsgGCMatchmakingStatsRequest), 8 bytes
08/30 17:30:57 [GCClient] Recv msg 7198 (k_EMsgGCMatchmakingStatsResponse), 310 bytes
08/30 17:31:03 [SteamNetSockets] Certificate expires in 24h12m at 1788191003 (current time 1788103862), will renew in 22h12m
08/30 17:31:58 [GCClient] Send msg 7197 (k_EMsgGCMatchmakingStatsRequest), 8 bytes
08/30 17:31:59 [GCClient] Recv msg 7198 (k_EMsgGCMatchmakingStatsResponse), 310 bytes
08/30 17:32:59 [GCClient] Send msg 7197 (k_EMsgGCMatchmakingStatsRequest), 8 bytes
08/30 17:33:00 [GCClient] Recv msg 7198 (k_EMsgGCMatchmakingStatsResponse), 310 bytes
08/30 17:34:00 [GCClient] Send msg 7197 (k_EMsgGCMatchmakingStatsRequest), 8 bytes
08/30 17:34:00 [GCClient] Recv msg 7198 (k_EMsgGCMatchmakingStatsResponse), 310 bytes
08/30 17:35:01 [GCClient] Send msg 7197 (k_EMsgGCMatchmakingStatsRequest), 8 bytes
08/30 17:35:02 [GCClient] Recv msg 7198 (k_EMsgGCMatchmakingStatsResponse), 310 bytes
08/30 17:35:42 [GCClient] Send msg 9107 (k_EMsgClientToGCGetEventRanking), 24 bytes
08/30 17:35:42 [GCClient] Recv msg 9108 (k_EMsgClientToGCGetEventRankingResponse), 38 bytes
08/30 17:36:02 [GCClient] Send msg 7197 (k_EMsgGCMatchmakingStatsRequest), 8 bytes
08/30 17:36:02 [GCClient] Recv msg 7198 (k_EMsgGCMatchmakingStatsResponse), 310 bytes
08/30 17:37:03 [GCClient] Send msg 7197 (k_EMsgGCMatchmakingStatsRequest), 8 bytes
08/30 17:37:04 [GCClient] Recv msg 7198 (k_EMsgGCMatchmakingStatsResponse), 310 bytes
08/30 17:38:04 [GCClient] Send msg 7197 (k_EMsgGCMatchmakingStatsRequest), 8 bytes
08/30 17:38:04 [GCClient] Recv msg 7198 (k_EMsgGCMatchmakingStatsResponse), 310 bytes
08/30 17:39:05 [GCClient] Send msg 7197 (k_EMsgGCMatchmakingStatsRequest), 8 bytes
08/30 17:39:06 [GCClient] Recv msg 7198 (k_EMsgGCMatchmakingStatsResponse), 308 bytes
08/30 17:40:06 [GCClient] Send msg 7197 (k_EMsgGCMatchmakingStatsRequest), 8 bytes
08/30 17:40:06 [GCClient] Recv msg 7198 (k_EMsgGCMatchmakingStatsResponse), 308 bytes
08/30 17:40:42 [GCClient] Send msg 9107 (k_EMsgClientToGCGetEventRanking), 24 bytes
08/30 17:40:42 [GCClient] Recv msg 9108 (k_EMsgClientToGCGetEventRankingResponse), 38 bytes
08/30 17:41:03 [SteamNetSockets] Certificate expires in 24h02m at 1788191003 (current time 1788104462), will renew in 22h02m
08/30 17:41:07 [GCClient] Send msg 7197 (k_EMsgGCMatchmakingStatsRequest), 8 bytes
08/30 17:41:07 [GCClient] Recv msg 7198 (k_EMsgGCMatchmakingStatsResponse), 310 bytes
08/30 17:42:08 [GCClient] Send msg 7197 (k_EMsgGCMatchmakingStatsRequest), 8 bytes
08/30 17:42:09 [GCClient] Recv msg 7198 (k_EMsgGCMatchmakingStatsResponse), 308 bytes
08/30 17:43:09 [GCClient] Send msg 7197 (k_EMsgGCMatchmakingStatsRequest), 8 bytes
08/30 17:43:09 [GCClient] Recv msg 7198 (k_EMsgGCMatchmakingStatsResponse), 308 bytes
08/30 17:44:10 [GCClient] Send msg 7197 (k_EMsgGCMatchmakingStatsRequest), 8 bytes
08/30 17:44:11 [GCClient] Recv msg 7198 (k_EMsgGCMatchmakingStatsResponse), 308 bytes
08/30 17:44:52 [GCClient] Send msg 8673 (k_EMsgClientToGCRequestGuildData), 19 bytes
08/30 17:44:53 [GCClient] Recv msg 8674 (k_EMsgClientToGCRequestGuildDataResponse), 19 bytes
08/30 17:44:54 [GCClient] Recv msg 7273 (k_EMsgGCChatMessage), 50 bytes
08/30 17:45:03 [GCClient] Recv msg 7273 (k_EMsgGCChatMessage), 44 bytes
08/30 17:45:04 [GCClient] Recv msg 7273 (k_EMsgGCChatMessage), 44 bytes
08/30 17:45:05 [GCClient] Recv msg 7273 (k_EMsgGCChatMessage), 44 bytes
08/30 17:45:06 [GCClient] Recv msg 7273 (k_EMsgGCChatMessage), 44 bytes
08/30 17:45:11 [GCClient] Send msg 7197 (k_EMsgGCMatchmakingStatsRequest), 8 bytes
08/30 17:45:11 [GCClient] Recv msg 7198 (k_EMsgGCMatchmakingStatsResponse), 308 bytes
08/30 17:45:39 [GCClient] Recv msg 7273 (k_EMsgGCChatMessage), 53 bytes
08/30 17:45:42 [GCClient] Send msg 9107 (k_EMsgClientToGCGetEventRanking), 24 bytes
08/30 17:45:42 [GCClient] Recv msg 9108 (k_EMsgClientToGCGetEventRankingResponse), 38 bytes
08/30 17:45:47 [GCClient] Recv msg 7273 (k_EMsgGCChatMessage), 39 bytes
08/30 17:45:53 [GCClient] Recv msg 7273 (k_EMsgGCChatMessage), 48 bytes
08/30 17:46:12 [GCClient] Send msg 7197 (k_EMsgGCMatchmakingStatsRequest), 8 bytes
08/30 17:46:13 [GCClient] Recv msg 7198 (k_EMsgGCMatchmakingStatsResponse), 308 bytes
08/30 17:46:38 [GCClient] Recv msg 7273 (k_EMsgGCChatMessage), 47 bytes
08/30 17:47:13 [GCClient] Send msg 7197 (k_EMsgGCMatchmakingStatsRequest), 8 bytes
08/30 17:47:13 [GCClient] Recv msg 7198 (k_EMsgGCMatchmakingStatsResponse), 310 bytes
08/30 17:48:14 [GCClient] Send msg 7197 (k_EMsgGCMatchmakingStatsRequest), 8 bytes
08/30 17:48:14 [GCClient] Recv msg 7198 (k_EMsgGCMatchmakingStatsResponse), 310 bytes
08/30 17:49:15 [GCClient] Send msg 7197 (k_EMsgGCMatchmakingStatsRequest), 8 bytes
08/30 17:49:16 [GCClient] Recv msg 7198 (k_EMsgGCMatchmakingStatsResponse), 309 bytes
08/30 17:49:52 [GCClient] Send msg 8673 (k_EMsgClientToGCRequestGuildData), 19 bytes
08/30 17:49:53 [GCClient] Recv msg 8674 (k_EMsgClientToGCRequestGuildDataResponse), 19 bytes
08/30 17:50:16 [GCClient] Send msg 7197 (k_EMsgGCMatchmakingStatsRequest), 8 bytes
08/30 17:50:16 [GCClient] Recv msg 7198 (k_EMsgGCMatchmakingStatsResponse), 309 bytes
08/30 17:50:42 [GCClient] Send msg 9107 (k_EMsgClientToGCGetEventRanking), 24 bytes
08/30 17:50:43 [GCClient] Recv msg 9108 (k_EMsgClientToGCGetEventRankingResponse), 38 bytes
08/30 17:51:03 [SteamNetSockets] Certificate expires in 23h52m at 1788191003 (current time 1788105062), will renew in 21h52m
08/30 17:51:17 [GCClient] Send msg 7197 (k_EMsgGCMatchmakingStatsRequest), 8 bytes
08/30 17:51:18 [GCClient] Recv msg 7198 (k_EMsgGCMatchmakingStatsResponse), 309 bytes
08/30 17:52:18 [GCClient] Send msg 7197 (k_EMsgGCMatchmakingStatsRequest), 8 bytes
08/30 17:52:18 [GCClient] Recv msg 7198 (k_EMsgGCMatchmakingStatsResponse), 313 bytes
08/30 17:53:19 [GCClient] Send msg 7197 (k_EMsgGCMatchmakingStatsRequest), 8 bytes
08/30 17:53:20 [GCClient] Recv msg 7198 (k_EMsgGCMatchmakingStatsResponse), 311 bytes
08/30 17:54:20 [GCClient] Send msg 7197 (k_EMsgGCMatchmakingStatsRequest), 8 bytes
08/30 17:54:20 [GCClient] Recv msg 7198 (k_EMsgGCMatchmakingStatsResponse), 311 bytes
08/30 17:55:21 [GCClient] Send msg 7197 (k_EMsgGCMatchmakingStatsRequest), 8 bytes
08/30 17:55:22 [GCClient] Recv msg 7198 (k_EMsgGCMatchmakingStatsResponse), 311 bytes
08/30 17:56:12 [GCClient] Send msg 9107 (k_EMsgClientToGCGetEventRanking), 24 bytes
08/30 17:56:13 [GCClient] Recv msg 9108 (k_EMsgClientToGCGetEventRankingResponse), 38 bytes
08/30 17:56:22 [GCClient] Send msg 7197 (k_EMsgGCMatchmakingStatsRequest), 8 bytes
08/30 17:56:22 [GCClient] Recv msg 7198 (k_EMsgGCMatchmakingStatsResponse), 311 bytes
08/30 17:57:23 [GCClient] Send msg 7197 (k_EMsgGCMatchmakingStatsRequest), 8 bytes
08/30 17:57:23 [GCClient] Recv msg 7198 (k_EMsgGCMatchmakingStatsResponse), 309 bytes
08/30 17:58:24 [GCClient] Send msg 7197 (k_EMsgGCMatchmakingStatsRequest), 8 bytes
08/30 17:58:24 [GCClient] Recv msg 7198 (k_EMsgGCMatchmakingStatsResponse), 309 bytes
08/30 17:59:25 [GCClient] Send msg 7197 (k_EMsgGCMatchmakingStatsRequest), 8 bytes
08/30 17:59:25 [GCClient] Recv msg 7198 (k_EMsgGCMatchmakingStatsResponse), 309 bytes
08/30 18:00:26 [GCClient] Send msg 7197 (k_EMsgGCMatchmakingStatsRequest), 8 bytes
08/30 18:00:27 [GCClient] Recv msg 7198 (k_EMsgGCMatchmakingStatsResponse), 311 bytes
08/30 18:01:03 [SteamNetSockets] Certificate expires in 23h42m at 1788191003 (current time 1788105662), will renew in 21h42m
08/30 18:01:15 [GCClient] Send msg 8673 (k_EMsgClientToGCRequestGuildData), 19 bytes
08/30 18:01:16 [GCClient] Recv msg 8674 (k_EMsgClientToGCRequestGuildDataResponse), 19 bytes
08/30 18:01:27 [GCClient] Send msg 7197 (k_EMsgGCMatchmakingStatsRequest), 8 bytes
08/30 18:01:27 [GCClient] Recv msg 7198 (k_EMsgGCMatchmakingStatsResponse), 311 bytes
08/30 18:01:42 [GCClient] Send msg 9107 (k_EMsgClientToGCGetEventRanking), 24 bytes
08/30 18:01:43 [GCClient] Recv msg 9108 (k_EMsgClientToGCGetEventRankingResponse), 38 bytes
08/30 18:02:28 [GCClient] Send msg 7197 (k_EMsgGCMatchmakingStatsRequest), 8 bytes
08/30 18:02:29 [GCClient] Recv msg 7198 (k_EMsgGCMatchmakingStatsResponse), 311 bytes
08/30 18:03:29 [GCClient] Send msg 7197 (k_EMsgGCMatchmakingStatsRequest), 8 bytes
08/30 18:03:29 [GCClient] Recv msg 7198 (k_EMsgGCMatchmakingStatsResponse), 309 bytes
08/30 18:03:50 [Localization System] CLocalize::CompileString failed to localize: '#DOTA_Friend_Join_Party'
08/30 18:03:50 [GCClient] Send msg 8673 (k_EMsgClientToGCRequestGuildData), 19 bytes
08/30 18:03:51 [GCClient] Recv msg 8674 (k_EMsgClientToGCRequestGuildDataResponse), 19 bytes
08/30 18:04:30 [GCClient] Send msg 7197 (k_EMsgGCMatchmakingStatsRequest), 8 bytes
08/30 18:04:30 [GCClient] Recv msg 7198 (k_EMsgGCMatchmakingStatsResponse), 313 bytes
08/30 18:04:55 [HostStateManager] CHostStateMgr::QueueNewRequest( Quitting, 4 )
08/30 18:04:55 [HostStateManager] HostStateRequest::Start(HSR_QUIT)
08/30 18:04:55 [Client] Disconnecting from server: NETWORK_DISCONNECT_EXITING
08/30 18:04:55 [NetSteamConn] Closing Steam Net Connection on socket 'client' to loopback:1, handle #4086521849 (1059 NETWORK_DISCONNECT_EXITING)
08/30 18:04:55 [NetSteamConn] CloseSteamNetConnection handle #4086521849 (userdata 0)
08/30 18:04:55 [NetSteamConn] Disassociating NetChan server @  (unknown) from Steam Net Connection handle #4086521849 (userdata 0)
08/30 18:04:55 [SteamNetSockets] [#4086521849 pipe 'server'] closed by app, linger requested but not needed (1059) NETWORK_DISCONNECT_EXITING
08/30 18:04:55 [SteamNetSockets] [#4066580824 pipe 'Pshe'] closed by peer (1059): NETWORK_DISCONNECT_EXITING
08/30 18:04:55 [NetSteamConn] Removing Steam Net Connection for loopback:1, handle #4086521849
08/30 18:04:55 [Networking] Closing 'client' poll group
08/30 18:04:55 [Server] SV:  Server shutting down: NETWORK_DISCONNECT_EXITING (59)
08/30 18:04:55 [Server] CNetworkGameServerBase::SetServerState (ss_active -> ss_dead)
08/30 18:04:55 [Server] Disconnect client 'Pshe' from server: NETWORK_DISCONNECT_SHUTDOWN (Server shutdown)
08/30 18:04:55 [SignonState] Client 0 'Pshe' signon state SIGNONSTATE_FULL -> SIGNONSTATE_NONE
08/30 18:04:55 [NetSteamConn] Closing Steam Net Connection on socket 'server' to loopback:0, handle #4066580824 (1001 NETWORK_DISCONNECT_SHUTDOWN)
08/30 18:04:55 [NetSteamConn] CloseSteamNetConnection handle #4066580824 (userdata 1)
08/30 18:04:55 [NetSteamConn] Disassociating NetChan Pshe @  (unknown) from Steam Net Connection handle #4066580824 (userdata 1)
08/30 18:04:55 [NetSteamConn] Removing Steam Net Connection for loopback:0, handle #4066580824
08/30 18:04:55 CPlayerVoiceListener::PostSpawnGroupUnload()
08/30 18:04:55 [Networking] Closing 'server' poll group
08/30 18:04:55 [Client] CL:  IGameSystem::LoopDeactivateAllSystems {
08/30 18:04:55 WriteSteamRemoteStorageFileAsync( "scripts/control_groups.txt" ) -> at 5659.465
08/30 18:04:55 WriteSteamRemoteStorageFileAsync( "scripts/item_suggest_preference.txt" ) -> at 5659.465
08/30 18:04:55 [Client] CL:  } IGameSystem::LoopDeactivateAllSystems done
08/30 18:04:55 [stringtables] CL: CNetworkStringTableContainer::RemoveAllTables:  removing 19 tables
08/30 18:04:55 [Server] SV:  IGameSystem::LoopDeactivateAllSystems {
08/30 18:04:55 [Host] HO:  IGameSystem::LoopDeactivateAllSystems {
08/30 18:04:55 [Host] HO:  } IGameSystem::LoopDeactivateAllSystems done
08/30 18:04:55 [Server] SV:  } IGameSystem::LoopDeactivateAllSystems done
08/30 18:04:55 [stringtables] SV: CNetworkStringTableContainer::RemoveAllTables:  removing 19 tables
08/30 18:04:55 [Client]Skipping setup of already loaded game keyvalues. (base game)
08/30 18:04:55 WriteSteamRemoteStorageFileAsync( "voice_ban.dt" ) -> at 5659.489
08/30 18:04:55 CPlayerVoiceListener::GameShutdown()
08/30 18:04:55 [Server]Skipping setup of already loaded game keyvalues. (base game)
08/30 18:04:55 [HostStateManager] Host activate: Quitting
08/30 18:04:55 Dispatching EventAppShutdown_t {
08/30 18:04:55 [SplitScreen] Saved 'user_keys.vcfg' to SteamRemoteStorage, 127 bytes OK
08/30 18:04:55 [SplitScreen] Saved user config file 'cfg/user_keys_0_slot0.vcfg': type 1
08/30 18:04:55 [SplitScreen] Saved user config file 'cfg/user_keys_0_slot0.vcfg_lastclouded': type 3
08/30 18:04:55 [SplitScreen] Saved 'user_convars.vcfg' to SteamRemoteStorage, 12170 bytes OK
08/30 18:04:55 [SplitScreen] Saved user config file 'cfg/user_convars_0_slot0.vcfg': type 1
08/30 18:04:55 [SplitScreen] Saved user config file 'cfg/user_convars_0_slot0.vcfg_lastclouded': type 3
08/30 18:04:55 [SplitScreen] Saved 'user_keys.vcfg' to SteamRemoteStorage, 127 bytes OK
08/30 18:04:55 [SplitScreen] Saved user config file 'cfg/user_keys_0_slot0.vcfg': type 1
08/30 18:04:55 [SplitScreen] Saved user config file 'cfg/user_keys_0_slot0.vcfg_lastclouded': type 3
08/30 18:04:55 [SplitScreen] Saved user config file 'cfg/user_keys_0_slot1.vcfg': type 1
08/30 18:04:55 [SplitScreen] Saved user config file 'cfg/user_keys_0_slot2.vcfg': type 1
08/30 18:04:55 [SplitScreen] Saved user config file 'cfg/user_keys_0_slot3.vcfg': type 1
08/30 18:04:55 } Dispatched EventAppShutdown_t
08/30 18:04:55 MainLoop returning
08/30 18:04:55 [Server] CSharedEdictChangeInfo high water mark 988
08/30 18:04:55 Source2Shutdown
08/30 18:04:55 ShutdownSource2Logging
