08/27 12:41:50 +++ CSODOTALobby.lobby_id: 29993983830690315
08/27 12:41:50 +++ CSODOTALobby.all_members[0]: id: 76561198099231940
08/27 12:41:50 +++ CSODOTALobby.all_members[0]: team: DOTA_GC_TEAM_PLAYER_POOL
08/27 12:41:50 +++ CSODOTALobby.all_members[0]: slot: 0
08/27 12:41:50 +++ CSODOTALobby.all_members[0]: leaver_status: DOTA_LEAVER_DISCONNECTED
08/27 12:41:50 +++ CSODOTALobby.member_indices[0]: 0
08/27 12:41:50 +++ CSODOTALobby.leader_id: 76561198099231940
08/27 12:41:50 +++ CSODOTALobby.server_id: 90291680929330189
08/27 12:41:50 +++ CSODOTALobby.game_mode: 21
08/27 12:41:50 +++ CSODOTALobby.state: SERVERSETUP
08/27 12:41:50 +++ CSODOTALobby.lobby_type: PRACTICE
08/27 12:41:50 +++ CSODOTALobby.allow_cheats: true
08/27 12:41:50 +++ CSODOTALobby.fill_with_bots: true
08/27 12:41:50 +++ CSODOTALobby.game_name: "228"
08/27 12:41:50 +++ CSODOTALobby.team_details[0]: team_complete: false
08/27 12:41:50 +++ CSODOTALobby.team_details[1]: team_complete: false
08/27 12:41:50 +++ CSODOTALobby.server_region: 0
08/27 12:41:50 +++ CSODOTALobby.cm_pick: DOTA_CM_RANDOM
08/27 12:41:50 +++ CSODOTALobby.match_id: 8968270421
08/27 12:41:50 +++ CSODOTALobby.allow_spectating: false
08/27 12:41:50 +++ CSODOTALobby.bot_difficulty_radiant: BOT_DIFFICULTY_HARD
08/27 12:41:50 +++ CSODOTALobby.leagueid: 0
08/27 12:41:50 +++ CSODOTALobby.penalty_level_radiant: 0
08/27 12:41:50 +++ CSODOTALobby.penalty_level_dire: 0
08/27 12:41:50 +++ CSODOTALobby.series_type: 0
08/27 12:41:50 +++ CSODOTALobby.radiant_series_wins: 0
08/27 12:41:50 +++ CSODOTALobby.dire_series_wins: 0
08/27 12:41:50 +++ CSODOTALobby.allchat: false
08/27 12:41:50 +++ CSODOTALobby.dota_tv_delay: LobbyDotaTV_10
08/27 12:41:50 +++ CSODOTALobby.lan: true
08/27 12:41:50 +++ CSODOTALobby.extra_messages[0]: id: 8821
08/27 12:41:50 +++ CSODOTALobby.extra_messages[0]: contents: "\010\000"
08/27 12:41:50 +++ CSODOTALobby.visibility: DOTALobbyVisibility_Unlisted
08/27 12:41:50 +++ CSODOTALobby.previous_match_override: 0
08/27 12:41:50 +++ CSODOTALobby.game_start_time: 1787827309
08/27 12:41:50 +++ CSODOTALobby.pause_setting: LobbyDotaPauseSetting_Unlimited
08/27 12:41:50 +++ CSODOTALobby.bot_difficulty_dire: BOT_DIFFICULTY_HARD
08/27 12:41:50 +++ CSODOTALobby.bot_radiant: 1
08/27 12:41:50 +++ CSODOTALobby.bot_dire: 1
08/27 12:41:50 +++ CSODOTALobby.selection_priority_rules: k_DOTASelectionPriorityRules_Manual
08/27 12:41:50 +++ CSODOTALobby.current_primary_event: EVENT_ID_DARK_CARNIVAL
08/27 12:41:50 +++ CSODOTALobby.current_primary_event_for_display: EVENT_ID_DARK_CARNIVAL
08/27 12:41:50 +++ CSODOTALobby.league_node_id: 0
08/27 12:41:50 +++ CSODOTALobby.league_phase: 0
08/27 12:41:50 +++ CSODOTALobby.with_scenario_save: false
08/27 12:41:50 +++ CSODOTALobby.lobby_creation_time: 1787827296
08/27 12:41:50 +++ CSODOTAStaticLobby.all_members[0]: name: "Pshe"
08/27 12:41:50 +++ CSODOTAStaticLobby.is_player_draft: false
08/27 12:41:50 +++ CSODOTAServerLobby.all_members[0]: 
08/27 12:41:50 +++ CSODOTAServerStaticLobby.all_members[0]: steam_id: 76561198099231940
08/27 12:41:50 +++ CSODOTAServerStaticLobby.all_members[0]: was_mvp_last_game: false
08/27 12:41:50 +++ CSODOTAServerStaticLobby.all_members[0]: is_plus_subscriber: false
08/27 12:41:50 +++ CSODOTAServerStaticLobby.all_members[0]: favorite_team_packed: 0
08/27 12:41:50 +++ CSODOTAServerStaticLobby.all_members[0]: is_steam_china: false
08/27 12:41:50 +++ CSODOTAServerStaticLobby.all_members[0]: banned_hero_ids: 0
08/27 12:41:50 +++ CSODOTAServerStaticLobby.all_members[0]: banned_hero_ids: 0
08/27 12:41:50 +++ CSODOTAServerStaticLobby.all_members[0]: banned_hero_ids: 0
08/27 12:41:50 +++ CSODOTAServerStaticLobby.all_members[0]: banned_hero_ids: 0
08/27 12:41:50 +++ CSODOTAServerStaticLobby.post_patch_strategy_time_buffer: 0
08/27 12:41:50 [GCClient] Recv msg 26 (k_ESOMsg_UpdateMultiple), 299 bytes
08/27 12:41:50 +++ CSODOTALobby.first_blood_happened: false
08/27 12:41:50 [Server] CDOTA_PlayerResource::FlushPlayerResourceRequests::<lambda_1>::operator (): results {
  account_id: 138966212
  low_priority: false
  is_new_player: false
  is_guide_player: false
  comm_level: 7
  behavior_level: 4
}

08/27 12:41:50 CGCJobRequestBatchPlayerResourcesResponse: Received 1 account resources.
08/27 12:41:50 [Server] CGCJobRequestBatchPlayerResourcesResponse: Received 1 account resources.
08/27 12:41:50 [Server] PR:SetCommLevel 10:[U:1:138966212] Comms Level 7
08/27 12:41:50 [Server] PR:SetBehaviorLevel 10:[U:1:138966212] Behavior Level 4
08/27 12:41:50 [Server] CDOTA_PlayerResource: Initializing from lobby (secondary), player SteamID 76561198099231940 gcteam 4 slot 0 preferred PlayerID 10
08/27 12:41:50 [Server] ActivateServerFromLobby - IsLan: YES, IsDedicatedServer: NO
08/27 12:41:50 [Server] PR:SetPlayerName 10:[U:1:138966212] "Pshe"
08/27 12:41:50 [Server] PlayerID 10 [U:1:138966212] team 1 input slot -1
08/27 12:41:50 [Server] PlayerID 10 [U:1:138966212] assigned to team 1 on slot -1
08/27 12:41:50 [Server] PR:SetPlusSubscriptionStatus 10:[U:1:138966212] IsPlusSubscriber:No
08/27 12:41:50 [Server] PR:SetWasMVPLastGame 10:[U:1:138966212] WasMVPLastGame:No
08/27 12:41:50 [Server] PR:SetFavoriteTeamPacked 10:[U:1:138966212] unFavTeamPacked:0
08/27 12:41:50 SetLiveSpectatorDetails -1 1
08/27 12:41:50 S:Gamerules: entering state 'DOTA_GAMERULES_STATE_INIT'
08/27 12:41:50 [GCClient] Send msg 4506 (k_EMsgGCServerAvailable), 8 bytes
08/27 12:41:50 Server:  Running [10.0.8.10:27015]
08/27 12:41:50 Client:  Connected [127.0.0.1:27015] [last packet 0.014 sec ago]
08/27 12:41:50 [EngineServiceManager] ----- Status -----
08/27 12:41:50 [EngineServiceManager] @ Current  :  game
08/27 12:41:50 [HLTV Server] --- SourceTV[0] Status ---
08/27 12:41:50 [HLTV Server] Online 00:00, FPS 3.8, Version 10835 (Windows)
08/27 12:41:50 [HLTV Server] Master "SourceTV", delay 120, frames 1 / ticks 1
08/27 12:41:50 [HLTV Server] Game Time 00:04, Mod "dota", Map "start"
08/27 12:41:50 [HLTV Server] Local IP 10.0.8.10:27020, KB/sec In 0.0, Out 0.0
08/27 12:41:50 [HLTV Server] Local Slots 64, Spectators 0, Proxies 0
08/27 12:41:50 [HLTV Server] Total Slots 64, Spectators 0, Proxies 0
08/27 12:41:50 [HLTV Server] # userid name uniqueid connected ping loss state rate adr
08/27 12:41:50 [HLTV Server] #end
08/27 12:41:50 [Localization System] CLocalize::FindSafe failed to localize: 'invalid index'
08/27 12:41:50 [Client] source   : slot 0
08/27 12:41:50 [Client] version  : 48/48 10835 insecure  public
08/27 12:41:50 [Client] steamid  : [A:1:804729869:51150] (90291680929330189)
08/27 12:41:50 [Client] players  : 1 humans, 1 bots (0 max) (not hibernating) (unreserved)
08/27 12:41:50 [Client] ---------spawngroups----
08/27 12:41:50 [Client] loaded spawngroup(  1)  : SV:  [1: start | main lump | mapload]
08/27 12:41:50 [Client] ---------players--------
08/27 12:41:50 [Client]   id     time ping loss      state   rate name
08/27 12:41:50 [Client]    0    00:03    0    0     active  80000 'Pshe'
08/27 12:41:50 [Client]    1      BOT    0    0     active      0 'SourceTV'
08/27 12:41:50 [Client] Lobby MatchID: 8968270421
08/27 12:41:50 [Client]       ID: 006a8f5e8fa08a0b
08/27 12:41:50 [Client]       Type: PRACTICE
08/27 12:41:50 [Client]       State: SERVERSETUP
08/27 12:41:50 [Client]       GameMode: DOTA_GAMEMODE_1V1MID
08/27 12:41:50 [Client] GameState: DOTA_GAMERULES_STATE_INIT Times: Transition=0.00 Current=5.13
08/27 12:41:50 [Client] #end
08/27 12:41:50 [WorldRenderer] CWorldRendererMgr::ServiceWorldRequests long frame: 54.803020ms
08/27 12:41:51 [WorldRenderer] CWorldRendererMgr::ServiceWorldRequests long frame: 49.278320ms
08/27 12:41:51 [GCClient] Recv msg 26 (k_ESOMsg_UpdateMultiple), 334 bytes
08/27 12:41:51 WriteSteamRemoteStorageFileAsync( "scripts/dota_local_disk_lobby_data.txt" ) -> at 48.808
08/27 12:41:51 Telling Steam not to update the app for the next 900 seconds
08/27 12:41:51 [Localization System] CLocalize::FindSafe failed to localize: 'invalid index'
08/27 12:41:51 CAsyncWriteInProgress::OnComplete( "scripts/dota_local_disk_lobby_data.txt" ) -> Success at 48.817
08/27 12:41:51 [GCClient] Recv msg 26 (k_ESOMsg_UpdateMultiple), 334 bytes
08/27 12:41:51 --- CSODOTALobby.all_members[0]: leaver_status: DOTA_LEAVER_DISCONNECTED
08/27 12:41:51 --- CSODOTALobby.state: SERVERSETUP
08/27 12:41:51 +++ CSODOTALobby.state: RUN
08/27 12:41:51 +++ CSODOTALobby.connect: "46.247.136.186:27015 10.0.8.10:27015"
08/27 12:41:51 S:Gamerules: entering state 'DOTA_GAMERULES_STATE_WAIT_FOR_PLAYERS_TO_LOAD'
08/27 12:41:51 CDOTAGameRules::State_Enter_WAIT_FOR_PLAYERS_TO_LOAD: Loaded/expected players: 0/1
08/27 12:41:51 --- Sent CMsgGameServerInfo to GC
08/27 12:41:51 server_public_ip_addr: 787974330
server_private_ip_addr: 167774218
server_port: 27015
server_tv_port: 27020
server_key: ""
server_hibernation: false
server_type: GAME
server_region: 0
server_loadavg: 0.22045967
server_tv_broadcast_time: -4.4666667
server_game_time: -45
relay_slots_max: 64
relays_connected: 0
relay_clients_connected: 0
tv_secret_code: 2238326876561170915
server_version: 6915
server_cluster: 0
assigned_server_tv_port: 27020
allow_custom_games: BOTH
build_version: 6915

08/27 12:41:51 ---
08/27 12:41:51 Sending CMsgConnectedPlayers for reason GAME_STATE.  Last send was 1.2s ago, urgency is 0.0s
08/27 12:41:51 game_state: DOTA_GAMERULES_STATE_WAIT_FOR_PLAYERS_TO_LOAD
first_blood_happened: false
send_reason: GAME_STATE
radiant_kills: 0
dire_kills: 0
radiant_lead: 0
building_state: 19138340

08/27 12:41:51 [GCClient] Send msg 4508 (k_EMsgGCGameServerInfo), 84 bytes
08/27 12:41:51 [GCClient] Send msg 7034 (k_EMsgGCConnectedPlayers), 25 bytes
08/27 12:41:51 CDOTAGameRules::State_Think_WAIT_FOR_PLAYERS_TO_LOAD: Loaded/expected players: 0/1. m_waitingForPlayersState: 0
08/27 12:41:51 CDOTAGameRules::WaitForPlayersSuccess: Loaded/expected players: 1/1
08/27 12:41:51 S:Gamerules: WAIT_FOR_PLAYERS_TO_LOAD entering substate EWFPS_Success
08/27 12:41:51 [Localization System] CLocalize::FindSafe failed to localize: 'invalid index'
08/27 12:41:51 C:Gamerules: entering state 'DOTA_GAMERULES_STATE_WAIT_FOR_PLAYERS_TO_LOAD'
08/27 12:41:51 C_DOTAGamerules::State_Enter_WAIT_FOR_PLAYERS_TO_LOAD: Loaded/expected players: 0/1
08/27 12:41:51 [Client] LoadingDisplay changed from LOADING to WAITING_FOR_PLAYERS (map="start")
08/27 12:41:51 [Client] CDOTA_Hud_Main::EventGameRulesStateChanged DOTA_GAMERULES_STATE_WAIT_FOR_PLAYERS_TO_LOAD
08/27 12:41:51 [Client] PregameHud - eGameState is now DOTA_GAMERULES_STATE_WAIT_FOR_PLAYERS_TO_LOAD
08/27 12:41:51 [Client] PregameHud - SetPreGameVisible 1
08/27 12:41:51 Job EconItemSearch has spent >3.000ms without yielding: 10.004ms
08/27 12:41:51 CDOTAGameRules::State_Think_WAIT_FOR_PLAYERS_TO_LOAD: Loaded/expected players: 1/1. m_waitingForPlayersState: 1
08/27 12:41:51 CDOTAGameRules::State_Think_WAIT_FOR_PLAYERS_TO_LOAD: Loaded/expected players: 1/1. m_waitingForPlayersState: 1
08/27 12:41:51 CDOTAGameRules::State_Think_WAIT_FOR_PLAYERS_TO_LOAD: Loaded/expected players: 1/1. m_waitingForPlayersState: 1
08/27 12:41:51 Excessive frame time of 449.46ms clamped.  Acting as if the frame only took 100.00ms.  (Last amnesty was 'level_load', 1.41s ago)
08/27 12:41:51 CDOTAGameRules::State_Think_WAIT_FOR_PLAYERS_TO_LOAD: Loaded/expected players: 1/1. m_waitingForPlayersState: 1
08/27 12:41:51 [GCClient] Recv msg 26 (k_ESOMsg_UpdateMultiple), 337 bytes
08/27 12:41:51 +++ CSODOTALobby.game_state: DOTA_GAMERULES_STATE_WAIT_FOR_PLAYERS_TO_LOAD
08/27 12:41:51 CDOTAGameRules::State_Think_WAIT_FOR_PLAYERS_TO_LOAD: Loaded/expected players: 1/1. m_waitingForPlayersState: 1
08/27 12:41:51 CDOTAGameRules::State_Think_WAIT_FOR_PLAYERS_TO_LOAD: Loaded/expected players: 1/1. m_waitingForPlayersState: 1
08/27 12:41:51 CDOTAGameRules::State_Think_WAIT_FOR_PLAYERS_TO_LOAD: Loaded/expected players: 1/1. m_waitingForPlayersState: 1
08/27 12:41:51 CDOTAGameRules::State_Think_WAIT_FOR_PLAYERS_TO_LOAD: Loaded/expected players: 1/1. m_waitingForPlayersState: 1
08/27 12:41:51 CDOTAGameRules::State_Think_WAIT_FOR_PLAYERS_TO_LOAD: Loaded/expected players: 1/1. m_waitingForPlayersState: 1
08/27 12:41:51 CDOTAGameRules::State_Think_WAIT_FOR_PLAYERS_TO_LOAD: Loaded/expected players: 1/1. m_waitingForPlayersState: 1
08/27 12:41:51 [WorldRenderer] CWorldRendererMgr::ServiceWorldRequests long frame: 49.091920ms
08/27 12:41:51 CDOTAGameRules::State_Think_WAIT_FOR_PLAYERS_TO_LOAD: Loaded/expected players: 1/1. m_waitingForPlayersState: 1
08/27 12:41:51 CDOTAGameRules::State_Think_WAIT_FOR_PLAYERS_TO_LOAD: Loaded/expected players: 1/1. m_waitingForPlayersState: 1
08/27 12:41:51 [WorldRenderer] CWorldRendererMgr::ServiceWorldRequests long frame: 48.944010ms
08/27 12:41:51 CDOTAGameRules::State_Think_WAIT_FOR_PLAYERS_TO_LOAD: Loaded/expected players: 1/1. m_waitingForPlayersState: 1
08/27 12:41:51 CDOTAGameRules::State_Think_WAIT_FOR_PLAYERS_TO_LOAD: Loaded/expected players: 1/1. m_waitingForPlayersState: 1
08/27 12:41:52 CDOTAGameRules::State_Think_WAIT_FOR_PLAYERS_TO_LOAD: Loaded/expected players: 1/1. m_waitingForPlayersState: 1
08/27 12:41:52 CDOTAGameRules::State_Think_WAIT_FOR_PLAYERS_TO_LOAD: Loaded/expected players: 1/1. m_waitingForPlayersState: 1
08/27 12:41:52 CDOTAGameRules::State_Think_WAIT_FOR_PLAYERS_TO_LOAD: Loaded/expected players: 1/1. m_waitingForPlayersState: 1
08/27 12:41:52 CDOTAGameRules::State_Think_WAIT_FOR_PLAYERS_TO_LOAD: Loaded/expected players: 1/1. m_waitingForPlayersState: 1
08/27 12:41:52 CDOTAGameRules::State_Think_WAIT_FOR_PLAYERS_TO_LOAD: Loaded/expected players: 1/1. m_waitingForPlayersState: 1
08/27 12:41:52 CDOTAGameRules::State_Think_WAIT_FOR_PLAYERS_TO_LOAD: Loaded/expected players: 1/1. m_waitingForPlayersState: 1
08/27 12:41:52 CDOTAGameRules::State_Think_WAIT_FOR_PLAYERS_TO_LOAD: Loaded/expected players: 1/1. m_waitingForPlayersState: 1
08/27 12:41:52 CDOTAGameRules::State_Think_WAIT_FOR_PLAYERS_TO_LOAD: Loaded/expected players: 1/1. m_waitingForPlayersState: 1
08/27 12:41:52 CDOTAGameRules::State_Think_WAIT_FOR_PLAYERS_TO_LOAD: Loaded/expected players: 1/1. m_waitingForPlayersState: 1
08/27 12:41:52 CDOTAGameRules::State_Think_WAIT_FOR_PLAYERS_TO_LOAD: Loaded/expected players: 1/1. m_waitingForPlayersState: 1
08/27 12:41:52 CDOTAGameRules::State_Think_WAIT_FOR_PLAYERS_TO_LOAD: Loaded/expected players: 1/1. m_waitingForPlayersState: 1
08/27 12:41:52 CDOTAGameRules::State_Think_WAIT_FOR_PLAYERS_TO_LOAD: Loaded/expected players: 1/1. m_waitingForPlayersState: 1
08/27 12:41:52 CDOTAGameRules::State_Think_WAIT_FOR_PLAYERS_TO_LOAD: Loaded/expected players: 1/1. m_waitingForPlayersState: 1
08/27 12:41:52 CDOTAGameRules::State_Think_WAIT_FOR_PLAYERS_TO_LOAD: Loaded/expected players: 1/1. m_waitingForPlayersState: 1
08/27 12:41:52 CDOTAGameRules::State_Think_WAIT_FOR_PLAYERS_TO_LOAD: Loaded/expected players: 1/1. m_waitingForPlayersState: 1
08/27 12:41:52 CDOTAGameRules::State_Think_WAIT_FOR_PLAYERS_TO_LOAD: Loaded/expected players: 1/1. m_waitingForPlayersState: 1
08/27 12:41:52 S:Gamerules: entering state 'DOTA_GAMERULES_STATE_CUSTOM_GAME_SETUP'
08/27 12:41:52 S:Gamerules: entering state 'DOTA_GAMERULES_STATE_PLAYER_DRAFT'
08/27 12:41:52 ClientPutInServer create new player controller [1 (Bot)]
08/27 12:41:52 [Server] CDOTA_PlayerResource: Adding player SteamID 0 to PlayerID 0 FakeClient=1, preferred PlayerID = 0
08/27 12:41:52 ClientPutInServer create new player controller [Gemini (Bot)]
08/27 12:41:52 [Server] CDOTA_PlayerResource: Adding player SteamID 0 to PlayerID 1 FakeClient=1, preferred PlayerID = 1
08/27 12:41:52 ClientPutInServer create new player controller [2 (Bot)]
08/27 12:41:52 [Server] CDOTA_PlayerResource: Adding player SteamID 0 to PlayerID 2 FakeClient=1, preferred PlayerID = 2
08/27 12:41:52 ClientPutInServer create new player controller [3 (Bot)]
08/27 12:41:52 [Server] CDOTA_PlayerResource: Adding player SteamID 0 to PlayerID 3 FakeClient=1, preferred PlayerID = 3
08/27 12:41:52 ClientPutInServer create new player controller [4 (Bot)]
08/27 12:41:52 [Server] CDOTA_PlayerResource: Adding player SteamID 0 to PlayerID 4 FakeClient=1, preferred PlayerID = 4
08/27 12:41:52 ClientPutInServer create new player controller [6 (Bot)]
08/27 12:41:52 [Server] CDOTA_PlayerResource: Adding player SteamID 0 to PlayerID 5 FakeClient=1, preferred PlayerID = 5
08/27 12:41:52 ClientPutInServer create new player controller [Grok (Bot)]
08/27 12:41:52 [Server] CDOTA_PlayerResource: Adding player SteamID 0 to PlayerID 6 FakeClient=1, preferred PlayerID = 6
08/27 12:41:52 ClientPutInServer create new player controller [7 (Bot)]
08/27 12:41:52 [Server] CDOTA_PlayerResource: Adding player SteamID 0 to PlayerID 7 FakeClient=1, preferred PlayerID = 7
08/27 12:41:52 ClientPutInServer create new player controller [8 (Bot)]
08/27 12:41:52 [Server] CDOTA_PlayerResource: Adding player SteamID 0 to PlayerID 8 FakeClient=1, preferred PlayerID = 8
08/27 12:41:52 ClientPutInServer create new player controller [9 (Bot)]
08/27 12:41:52 [Server] CDOTA_PlayerResource: Adding player SteamID 0 to PlayerID 9 FakeClient=1, preferred PlayerID = 9
08/27 12:41:52 S:Gamerules: entering state 'DOTA_GAMERULES_STATE_HERO_SELECTION'
08/27 12:41:52 SV: Started streaming map dota spawngroup 2
08/27 12:41:52 Muted Players: Send msg 8870 (k_EMsgServerToGCLobbyInitialized), 8 bytes
08/27 12:41:52 Starting replay recording in 10 seconds...
08/27 12:41:52 [Server] PR:SetSelectedHero 0:[I:0:0] npc_dota_hero_nevermore(11)
08/27 12:41:52 [Server] PR:SetSelectedHero 5:[I:0:0] npc_dota_hero_nevermore(11)
08/27 12:41:52 Sending CMsgConnectedPlayers for reason GAME_STATE.  Last send was 1.4s ago, urgency is 0.0s
08/27 12:41:52 game_state: DOTA_GAMERULES_STATE_HERO_SELECTION
first_blood_happened: false
send_reason: GAME_STATE
radiant_kills: 0
dire_kills: 0
radiant_lead: 0
building_state: 19138340

08/27 12:41:52 [GCClient] Send msg 7034 (k_EMsgGCConnectedPlayers), 25 bytes
08/27 12:41:52 [Server] PR:SetSelectedHero 1:[I:0:0] npc_dota_hero_nevermore(11)
08/27 12:41:52 [Server] PR:SetSelectedHero 6:[I:0:0] npc_dota_hero_nevermore(11)
08/27 12:41:52 [Server] PR:SetSelectedHero 2:[I:0:0] npc_dota_hero_nevermore(11)
08/27 12:41:52 [Server] PR:SetSelectedHero 7:[I:0:0] npc_dota_hero_nevermore(11)
08/27 12:41:52 [Server] PR:SetSelectedHero 3:[I:0:0] npc_dota_hero_nevermore(11)
08/27 12:41:52 [Server] PR:SetSelectedHero 8:[I:0:0] npc_dota_hero_nevermore(11)
08/27 12:41:52 [Localization System] CLocalize::FindSafe failed to localize: 'invalid index'
08/27 12:41:52 [Localization System] CLocalize::FindSafe failed to localize: 'invalid index'
08/27 12:41:52 [Localization System] CLocalize::FindSafe failed to localize: 'invalid index'
08/27 12:41:52 C:Gamerules: entering state 'DOTA_GAMERULES_STATE_HERO_SELECTION'
08/27 12:41:52 [Client] LoadingDisplay changed from WAITING_FOR_PLAYERS to NONE (map="start")
08/27 12:41:52 [Client] CDOTA_Hud_Main::EventGameRulesStateChanged DOTA_GAMERULES_STATE_HERO_SELECTION
08/27 12:41:52 [Client] PregameHud - eGameState is now DOTA_GAMERULES_STATE_HERO_SELECTION
08/27 12:41:52 [Server] PR:SetSelectedHero 4:[I:0:0] npc_dota_hero_nevermore(11)
08/27 12:41:52 [Server] PR:SetSelectedHero 9:[I:0:0] npc_dota_hero_nevermore(11)
08/27 12:41:52 [Client] PregameHud - bIsPreloading is now 0
08/27 12:41:52 S:Gamerules: entering state 'DOTA_GAMERULES_STATE_STRATEGY_TIME'
08/27 12:41:52 Sending CMsgConnectedPlayers for reason GAME_STATE.  Last send was 0.2s ago, urgency is 0.0s
08/27 12:41:52 game_state: DOTA_GAMERULES_STATE_STRATEGY_TIME
first_blood_happened: false
send_reason: GAME_STATE
radiant_kills: 0
dire_kills: 0
radiant_lead: 0
building_state: 19138340

08/27 12:41:52 [GCClient] Send msg 7034 (k_EMsgGCConnectedPlayers), 25 bytes
08/27 12:41:52 [WorldRenderer] CWorldRendererMgr::ServiceWorldRequests long frame: 50.282690ms
08/27 12:41:52 [Localization System] CLocalize::FindSafe failed to localize: 'invalid index'
08/27 12:41:52 C:Gamerules: entering state 'DOTA_GAMERULES_STATE_STRATEGY_TIME'
08/27 12:41:52 [Client] CDOTA_Hud_Main::EventGameRulesStateChanged DOTA_GAMERULES_STATE_STRATEGY_TIME
08/27 12:41:52 [Client] PregameHud - eGameState is now DOTA_GAMERULES_STATE_STRATEGY_TIME
08/27 12:41:52 [WorldRenderer] CWorldRendererMgr::ServiceWorldRequests long frame: 47.895080ms
08/27 12:41:52 [GCClient] Recv msg 26 (k_ESOMsg_UpdateMultiple), 337 bytes
08/27 12:41:52 [Localization System] CLocalize::FindSafe failed to localize: 'invalid index'
08/27 12:41:52 [GCClient] Recv msg 26 (k_ESOMsg_UpdateMultiple), 337 bytes
08/27 12:41:52 [GCClient] Recv msg 26 (k_ESOMsg_UpdateMultiple), 337 bytes
08/27 12:41:52 --- CSODOTALobby.game_state: DOTA_GAMERULES_STATE_WAIT_FOR_PLAYERS_TO_LOAD
08/27 12:41:52 +++ CSODOTALobby.game_state: DOTA_GAMERULES_STATE_HERO_SELECTION
08/27 12:41:52 Excessive frame time of 140.64ms clamped.  Acting as if the frame only took 100.00ms.  (Last amnesty was 'level_load', 2.54s ago)
08/27 12:41:53 [GCClient] Recv msg 26 (k_ESOMsg_UpdateMultiple), 337 bytes
08/27 12:41:53 --- CSODOTALobby.game_state: DOTA_GAMERULES_STATE_HERO_SELECTION
08/27 12:41:53 +++ CSODOTALobby.game_state: DOTA_GAMERULES_STATE_STRATEGY_TIME
08/27 12:41:53 [WorldRenderer] CWorldRendererMgr::ServiceWorldRequests long frame: 50.080290ms
08/27 12:41:53 [WorldRenderer] CWorldRendererMgr::ServiceWorldRequests long frame: 51.095380ms
08/27 12:41:53 [SceneSystem] Too many non-culled draws (alloc 128, need 251), resizing!
08/27 12:41:53 Excessive frame time of 109.50ms clamped.  Acting as if the frame only took 100.00ms.  (Last amnesty was 'level_load', 3.37s ago)
08/27 12:41:53 Excessive frame time of 114.48ms clamped.  Acting as if the frame only took 100.00ms.  (Last amnesty was 'level_load', 3.49s ago)
08/27 12:41:53 [WorldRenderer] CWorldRendererMgr::ServiceWorldRequests long frame: 50.837900ms
08/27 12:41:53 [Server] Unable to load grid nav for world "prefabs/promotional_radiant_fountain"
08/27 12:41:53 [Server] Unable to load grid nav for world "prefabs/promotional_dire_fountain"
08/27 12:41:55 [Client] Unable to load grid nav for world "prefabs/promotional_radiant_fountain" (ERROR_FILEOPEN: File not found)
08/27 12:41:55 [Client] Unable to load grid nav for world "prefabs/promotional_dire_fountain" (ERROR_FILEOPEN: File not found)
08/27 12:41:55 [AnimResource]  models/effects/waterfall_02.vmdl : Animations loaded but no animation data found
08/27 12:42:00 [Server] ReconnectInfo established for playerid=0
08/27 12:42:00 [Server] PR:SetConnectionState 0:[I:0:0] DOTA_CONNECTION_STATE_UNKNOWN NETWORK_DISCONNECT_KICKED
08/27 12:42:00 Setting player 1 (Bot) to DOTA_LEAVER_DISCONNECTED
08/27 12:42:00 [Server] PR:SetSelectedHero 0:[I:0:0] (null)(0)
08/27 12:42:00 [Server] Cannot assign player to team 5, no space on team.
08/27 12:42:00 [Client] CL:  AsyncUnloadSpawnGroup( CO-459 ) -- no such spawn group
08/27 12:42:00 [Client] CL:  AsyncUnloadSpawnGroup( CO-454 ) -- no such spawn group
08/27 12:42:00 [Client] CL:  AsyncUnloadSpawnGroup( CO-460 ) -- no such spawn group
08/27 12:42:02 [Server] ReconnectInfo established for playerid=2
08/27 12:42:02 [Server] PR:SetConnectionState 2:[I:0:0] DOTA_CONNECTION_STATE_UNKNOWN NETWORK_DISCONNECT_KICKED
08/27 12:42:02 Setting player 2 (Bot) to DOTA_LEAVER_DISCONNECTED
08/27 12:42:02 [Server] PR:SetSelectedHero 2:[I:0:0] (null)(0)
08/27 12:42:02 [Server] Cannot assign player to team 5, no space on team.
08/27 12:42:02 [Client] CL:  AsyncUnloadSpawnGroup( CO-712 ) -- no such spawn group
08/27 12:42:02 [HLTV Server] Recording SourceTV replay from HLTVServerAsync:
playdemo replays/auto-20260827-1242-start-Pshe.dem
08/27 12:42:04 [Server] ReconnectInfo established for playerid=3
08/27 12:42:04 [Server] PR:SetConnectionState 3:[I:0:0] DOTA_CONNECTION_STATE_UNKNOWN NETWORK_DISCONNECT_KICKED
08/27 12:42:04 Setting player 3 (Bot) to DOTA_LEAVER_DISCONNECTED
08/27 12:42:04 [Server] PR:SetSelectedHero 3:[I:0:0] (null)(0)
08/27 12:42:04 [Server] Cannot assign player to team 5, no space on team.
08/27 12:42:05 [Client] CL:  AsyncUnloadSpawnGroup( CO-948 ) -- no such spawn group
08/27 12:42:07 [Server] ReconnectInfo established for playerid=4
08/27 12:42:07 [Server] PR:SetConnectionState 4:[I:0:0] DOTA_CONNECTION_STATE_UNKNOWN NETWORK_DISCONNECT_KICKED
08/27 12:42:07 Setting player 4 (Bot) to DOTA_LEAVER_DISCONNECTED
08/27 12:42:07 [Server] PR:SetSelectedHero 4:[I:0:0] (null)(0)
08/27 12:42:07 [Server] Cannot assign player to team 5, no space on team.
08/27 12:42:07 [Client] CL:  AsyncUnloadSpawnGroup( CO-1182 ) -- no such spawn group
08/27 12:42:09 [Server] ReconnectInfo established for playerid=5
08/27 12:42:09 [Server] PR:SetConnectionState 5:[I:0:0] DOTA_CONNECTION_STATE_UNKNOWN NETWORK_DISCONNECT_KICKED
08/27 12:42:09 Setting player 6 (Bot) to DOTA_LEAVER_DISCONNECTED
08/27 12:42:09 [Server] PR:SetSelectedHero 5:[I:0:0] (null)(0)
08/27 12:42:09 [Server] Cannot assign player to team 5, no space on team.
08/27 12:42:09 [Client] CL:  AsyncUnloadSpawnGroup( CO-461 ) -- no such spawn group
08/27 12:42:09 [Client] CL:  AsyncUnloadSpawnGroup( CO-458 ) -- no such spawn group
08/27 12:42:09 [Client] CL:  AsyncUnloadSpawnGroup( CO-462 ) -- no such spawn group
08/27 12:42:12 [Server] ReconnectInfo established for playerid=7
08/27 12:42:12 [Server] PR:SetConnectionState 7:[I:0:0] DOTA_CONNECTION_STATE_UNKNOWN NETWORK_DISCONNECT_KICKED
08/27 12:42:12 Setting player 7 (Bot) to DOTA_LEAVER_DISCONNECTED
08/27 12:42:12 [Server] PR:SetSelectedHero 7:[I:0:0] (null)(0)
08/27 12:42:12 [Server] Cannot assign player to team 5, no space on team.
08/27 12:42:12 [Client] CL:  AsyncUnloadSpawnGroup( CO-1645 ) -- no such spawn group
08/27 12:42:12 [Client] CL:  AsyncUnloadSpawnGroup( CO-1646 ) -- no such spawn group
08/27 12:42:15 [Server] ReconnectInfo established for playerid=8
08/27 12:42:15 [Server] PR:SetConnectionState 8:[I:0:0] DOTA_CONNECTION_STATE_UNKNOWN NETWORK_DISCONNECT_KICKED
08/27 12:42:15 Setting player 8 (Bot) to DOTA_LEAVER_DISCONNECTED
08/27 12:42:15 [Server] PR:SetSelectedHero 8:[I:0:0] (null)(0)
08/27 12:42:15 [Server] Cannot assign player to team 5, no space on team.
08/27 12:42:15 [Client] CL:  AsyncUnloadSpawnGroup( CO-1881 ) -- no such spawn group
08/27 12:42:15 [Client] CL:  AsyncUnloadSpawnGroup( CO-1882 ) -- no such spawn group
08/27 12:42:15 [Client] CL:  AsyncUnloadSpawnGroup( CO-949 ) -- no such spawn group
08/27 12:42:18 [Server] ReconnectInfo established for playerid=9
08/27 12:42:18 [Server] PR:SetConnectionState 9:[I:0:0] DOTA_CONNECTION_STATE_UNKNOWN NETWORK_DISCONNECT_KICKED
08/27 12:42:18 Setting player 9 (Bot) to DOTA_LEAVER_DISCONNECTED
08/27 12:42:18 [Server] PR:SetSelectedHero 9:[I:0:0] (null)(0)
08/27 12:42:18 [Server] Cannot assign player to team 5, no space on team.
08/27 12:42:18 [Client] CL:  AsyncUnloadSpawnGroup( CO-2114 ) -- no such spawn group
08/27 12:42:18 WriteSteamRemoteStorageFileAsync( "cfg/fantasy_crafting.lst" ) -> at 76.544
08/27 12:42:18 CAsyncWriteInProgress::OnComplete( "cfg/fantasy_crafting.lst" ) -> Success at 76.550
08/27 12:42:21 [Client] CL:  AsyncUnloadSpawnGroup( CO-1647 ) -- no such spawn group
08/27 12:42:22 [Server] PR:SetSelectedHeroFacet 1:[I:0:0] (npc_dota_hero_nevermore:(null))
08/27 12:42:22 [Server] PR:SetSelectedHeroFacet 6:[I:0:0] (npc_dota_hero_nevermore:(null))
08/27 12:42:22 S:Gamerules: entering state 'DOTA_GAMERULES_STATE_TEAM_SHOWCASE'
08/27 12:42:22 --- Sent CMsgGameServerInfo to GC
08/27 12:42:22 server_public_ip_addr: 787974330
server_private_ip_addr: 167774218
server_port: 27015
server_tv_port: 27020
server_key: ""
server_hibernation: false
server_type: GAME
server_region: 0
server_loadavg: 0.0608771965
server_tv_broadcast_time: 26.7333355
server_game_time: -16
relay_slots_max: 64
relays_connected: 0
relay_clients_connected: 0
tv_secret_code: 2238326876561170915
server_version: 6915
server_cluster: 0
assigned_server_tv_port: 27020
allow_custom_games: BOTH
build_version: 6915

08/27 12:42:22 ---
08/27 12:42:22 Sending CMsgConnectedPlayers for reason GAME_STATE.  Last send was 30.1s ago, urgency is 0.0s
08/27 12:42:22 game_state: DOTA_GAMERULES_STATE_TEAM_SHOWCASE
first_blood_happened: false
send_reason: GAME_STATE
radiant_kills: 0
dire_kills: 0
radiant_lead: 0
building_state: 19138340

08/27 12:42:22 Player 0 is the econ owner for 'npc_dota_hero_nevermore' but has null econ inventory when checking by playerID.
08/27 12:42:22 [GCClient] Send msg 4508 (k_EMsgGCGameServerInfo), 84 bytes
08/27 12:42:22 [GCClient] Send msg 7034 (k_EMsgGCConnectedPlayers), 25 bytes
08/27 12:42:22 [ResourceSystem] Failed loading resource "particles/ability_modifier_placeholder/mask_of_madness_active.vpcf_c" (ERROR_FILEOPEN: File not found)
08/27 12:42:22 Player 0 is the econ owner for 'npc_dota_hero_nevermore' but has null econ inventory when checking by playerID.
08/27 12:42:22 [Localization System] CLocalize::FindSafe failed to localize: 'invalid index'
08/27 12:42:22 C:Gamerules: entering state 'DOTA_GAMERULES_STATE_TEAM_SHOWCASE'
08/27 12:42:22 [Client] CDOTA_Hud_Main::EventGameRulesStateChanged DOTA_GAMERULES_STATE_TEAM_SHOWCASE
08/27 12:42:22 [Client] PregameHud - eGameState is now DOTA_GAMERULES_STATE_TEAM_SHOWCASE
08/27 12:42:22 [Client] CL:  AsyncUnloadSpawnGroup( CO-455 ) -- no such spawn group
08/27 12:42:22 [Client] CL:  AsyncUnloadSpawnGroup( CO-713 ) -- no such spawn group
08/27 12:42:22 [Client] CL:  AsyncUnloadSpawnGroup( CO-714 ) -- no such spawn group
08/27 12:42:22 [ResourceSystem] Failed loading resource "materials/models/items/marci/marci_crystalline_dragon_shoulder/marci_crystalline_dragon_shoulder.vmat_c" (ERROR_FILEOPEN: File not found)
08/27 12:42:23 [GCClient] Recv msg 26 (k_ESOMsg_UpdateMultiple), 337 bytes
08/27 12:42:23 --- CSODOTALobby.game_state: DOTA_GAMERULES_STATE_STRATEGY_TIME
08/27 12:42:23 +++ CSODOTALobby.game_state: DOTA_GAMERULES_STATE_TEAM_SHOWCASE
08/27 12:42:23 [SceneSystem] Too many non-culled draws (alloc 256, need 407), resizing!
08/27 12:42:23 [SceneSystem] Too many non-culled draws (alloc 512, need 612), resizing!
08/27 12:42:31 [SceneSystem] Too many non-culled draws (alloc 640, need 642), resizing!
08/27 12:42:38 S:Gamerules: entering state 'DOTA_GAMERULES_STATE_WAIT_FOR_MAP_TO_LOAD'
08/27 12:42:38 Sending CMsgConnectedPlayers for reason GAME_STATE.  Last send was 16.0s ago, urgency is 0.0s
08/27 12:42:38 game_state: DOTA_GAMERULES_STATE_WAIT_FOR_MAP_TO_LOAD
first_blood_happened: false
send_reason: GAME_STATE
radiant_kills: 0
dire_kills: 0
radiant_lead: 0
building_state: 19138340

08/27 12:42:38 [Server] Created physics for dota
08/27 12:42:38 [Server] 514:bad_result_position::m_vecOrigin CNetworkOriginCellCoordQuantizedVector m_cellY cell -354 is outside of cell bounds (0->128) @(2560.000000 -107231.250000 0.000000)
08/27 12:42:38 [Entity System] Entity  [info_particle_system]: unrecognized parent "28818_riverflow_model"
08/27 12:42:38 [Entity System] Entity  [info_particle_system]: unrecognized parent "9072_riverflow_model"
08/27 12:42:38 Bot ward spot ward_spot_radiant_high_point_top not found in map; falling back to hardcoded location.
08/27 12:42:38 Bot ward spot ward_spot_dire_rune_bottom not found in map; falling back to hardcoded location.
08/27 12:42:38 Bot ward spot ward_spot_dire_high_point_top in an invalid location, this may cause bots to get stuck.
08/27 12:42:39 [GCClient] Send msg 7034 (k_EMsgGCConnectedPlayers), 25 bytes
08/27 12:42:39 S:Gamerules: entering state 'DOTA_GAMERULES_STATE_PRE_GAME'
08/27 12:42:39 m_flPreGameStartTime set to 52.80
08/27 12:42:39 m_flStateTransitionTime set to 142.80
08/27 12:42:39 --- Sent CMsgGameServerInfo to GC
08/27 12:42:39 server_public_ip_addr: 787974330
server_private_ip_addr: 167774218
server_port: 27015
server_tv_port: 27020
server_key: ""
server_hibernation: false
server_type: GAME
server_region: 0
server_loadavg: 0.313384801
server_tv_broadcast_time: 42.7666702
server_game_time: -90
relay_slots_max: 64
relays_connected: 0
relay_clients_connected: 0
tv_secret_code: 2238326876561170915
server_version: 6915
server_cluster: 0
assigned_server_tv_port: 27020
allow_custom_games: BOTH
build_version: 6915

08/27 12:42:39 ---
08/27 12:42:39 Sending CMsgConnectedPlayers for reason GAME_STATE.  Last send was 0.2s ago, urgency is 0.0s
08/27 12:42:39 game_state: DOTA_GAMERULES_STATE_PRE_GAME
first_blood_happened: false
send_reason: GAME_STATE
radiant_kills: 0
dire_kills: 0
radiant_lead: 0
building_state: 4784201

08/27 12:42:39 Height map file (maps/prefabs/promotional_radiant_fountain.vhcg) not found, this will make ground height traces more expensive! Recompile the map to generate a height map.
08/27 12:42:39 Height map file (maps/prefabs/promotional_dire_fountain.vhcg) not found, this will make ground height traces more expensive! Recompile the map to generate a height map.
08/27 12:42:39 CGameParticleManager::SetParticleControlEnt: Unable to lookup attachment "attach_hitloc" on model "" for entity "npc_dota_hero_nevermore"
08/27 12:42:39 [GCClient] Recv msg 26 (k_ESOMsg_UpdateMultiple), 337 bytes
08/27 12:42:39 --- CSODOTALobby.game_state: DOTA_GAMERULES_STATE_TEAM_SHOWCASE
08/27 12:42:39 +++ CSODOTALobby.game_state: DOTA_GAMERULES_STATE_WAIT_FOR_MAP_TO_LOAD
08/27 12:42:39 [Client] Created physics for dota
08/27 12:42:39 [Localization System] CLocalize::FindSafe failed to localize: 'invalid index'
08/27 12:42:39 C:Gamerules: entering state 'DOTA_GAMERULES_STATE_WAIT_FOR_MAP_TO_LOAD'
08/27 12:42:39 [Client] CDOTA_Hud_Main::EventGameRulesStateChanged DOTA_GAMERULES_STATE_WAIT_FOR_MAP_TO_LOAD
08/27 12:42:39 [Client] PregameHud - eGameState is now DOTA_GAMERULES_STATE_WAIT_FOR_MAP_TO_LOAD
08/27 12:42:39 [GCClient] Send msg 4508 (k_EMsgGCGameServerInfo), 84 bytes
08/27 12:42:39 [GCClient] Send msg 8744 (k_EMsgServerToGCGetGuildContracts), 17 bytes
08/27 12:42:39 [GCClient] Send msg 7034 (k_EMsgGCConnectedPlayers), 25 bytes
08/27 12:42:39 [Server] PR:GetSelectedHeroName called with bogus player id 5, ignoring
08/27 12:42:39 [Server] PR:GetSelectedHeroName called with bogus player id 7, ignoring
08/27 12:42:39 [Server] PR:GetSelectedHeroName called with bogus player id 8, ignoring
08/27 12:42:39 [Server] PR:GetSelectedHeroName called with bogus player id 9, ignoring
08/27 12:42:39 CGameParticleManager::SetParticleControlEnt: Unable to lookup attachment "attach_hitloc" on model "" for entity "npc_dota_hero_nevermore"
08/27 12:42:39 [Localization System] CLocalize::FindSafe failed to localize: 'invalid index'
08/27 12:42:39 [Localization System] CLocalize::FindSafe failed to localize: 'invalid index'
08/27 12:42:39 [Localization System] CLocalize::FindSafe failed to localize: 'AIB[R] role-pid=1 role-n=1 role-pos=2'
08/27 12:42:39 C:Gamerules: entering state 'DOTA_GAMERULES_STATE_PRE_GAME'
08/27 12:42:39 Map is missing info_player_start_* entity for team 1.
08/27 12:42:39 [Client] CDOTA_Hud_Main::EventGameRulesStateChanged DOTA_GAMERULES_STATE_PRE_GAME
08/27 12:42:39 [Client] PregameHud - eGameState is now DOTA_GAMERULES_STATE_PRE_GAME
08/27 12:42:39 **** Panel Hint has fill-parent-flow for width, but isn't in a flowing right layout
08/27 12:42:40 [Localization System] CLocalize::FindSafe failed to localize: 'AIB[R] build=81547c2'
08/27 12:42:40 [Localization System] CLocalize::FindSafe failed to localize: 'AIB[R] harass=0.65 farm=0.70 fwd=0.55 abil=0.65 rune=0.60 retreat=0.55 exec=0.60 gank=0.20 push=0.60'
08/27 12:42:40 [Localization System] CLocalize::FindSafe failed to localize: 'AIB[R] defend=0.55 ward=0.50 roshan=0.50 dive=finish_only heal=active abil=aggressive cw=last_hit_only at=on_cooldown pgb=default ta=default'
08/27 12:42:40 [Localization System] CLocalize::FindSafe failed to localize: 'AIB[R] hero=default deny=default lowhp=regen_lane respawn=tp_to_lane'
08/27 12:42:40 [Localization System] CLocalize::FindSafe failed to localize: 'AIB[R] intent=damage-by-source family=other creep=0 tower=0 hero=0 mixed=0 death=0 other=0 stale=0 gaps=0'
08/27 12:42:40 [Localization System] CLocalize::FindSafe failed to localize: 'AIB[R] precreep-park=1'
08/27 12:42:40 [Localization System] CLocalize::FindSafe failed to localize: 'AIB[R] intent=tick-owner family=other stage=pregame'
08/27 12:42:40 [Localization System] CLocalize::FindSafe failed to localize: 'AIB[D] role-pid=6 role-n=5 role-pos=2'
08/27 12:42:40 [Localization System] CLocalize::FindSafe failed to localize: 'AIB[D] build=81547c2'
08/27 12:42:40 [Localization System] CLocalize::FindSafe failed to localize: 'AIB[D] harass=0.75 farm=0.65 fwd=0.65 abil=0.70 rune=0.60 retreat=0.45 exec=0.55 gank=0.30 push=0.60'
08/27 12:42:40 [Localization System] CLocalize::FindSafe failed to localize: 'AIB[D] defend=0.60 ward=0.50 roshan=0.50 dive=finish_only heal=active abil=aggressive cw=push at=on_cooldown pgb=default ta=default'
08/27 12:42:40 [Localization System] CLocalize::FindSafe failed to localize: 'AIB[D] hero=always deny=always lowhp=regen_lane respawn=tp_to_lane'
08/27 12:42:40 [Localization System] CLocalize::FindSafe failed to localize: 'AIB[D] intent=damage-by-source family=other creep=0 tower=0 hero=0 mixed=0 death=0 other=0 stale=0 gaps=0'
08/27 12:42:40 [Localization System] CLocalize::FindSafe failed to localize: 'AIB[D] precreep-park=1'
08/27 12:42:40 [Localization System] CLocalize::FindSafe failed to localize: 'AIB[D] intent=tick-owner family=other stage=pregame'
08/27 12:42:40 [GCClient] Recv msg 26 (k_ESOMsg_UpdateMultiple), 337 bytes
08/27 12:42:40 --- CSODOTALobby.game_state: DOTA_GAMERULES_STATE_WAIT_FOR_MAP_TO_LOAD
08/27 12:42:40 +++ CSODOTALobby.game_state: DOTA_GAMERULES_STATE_PRE_GAME
08/27 12:42:40 [GCClient] Recv msg 8745 (k_EMsgServerToGCGetGuildContractsResponse), 17 bytes
08/27 12:42:40 [Localization System] CLocalize::FindSafe failed to localize: 'AIB[D] blocked=buy-loop reason=saving target=item_bottle head=item_bottle cost=675 gold=270 left=1'
08/27 12:42:40 [Localization System] CLocalize::FindSafe failed to localize: 'AIB[R] blocked=buy-loop reason=saving target=item_bottle head=item_bottle cost=675 gold=270 left=1'
08/27 12:42:41 [Localization System] CLocalize::FindSafe failed to localize: 'AIB[R] intent=tick-owner family=other stage=pregame'
08/27 12:42:42 [Localization System] CLocalize::FindSafe failed to localize: 'AIB[D] intent=tick-owner family=other stage=pregame'
08/27 12:42:43 [Localization System] CLocalize::FindSafe failed to localize: 'AIB[R] intent=tick-owner family=other stage=pregame'
08/27 12:42:44 [Localization System] CLocalize::FindSafe failed to localize: 'AIB[D] intent=tick-owner family=other stage=pregame'
08/27 12:42:44 [Client] PregameHud - SetPreGameVisible 0
08/27 12:42:46 [Localization System] CLocalize::FindSafe failed to localize: 'AIB[R] intent=tick-owner family=other stage=pregame'
08/27 12:42:46 [Localization System] CLocalize::FindSafe failed to localize: 'AIB[D] intent=tick-owner family=other stage=pregame'
08/27 12:42:48 [Localization System] CLocalize::FindSafe failed to localize: 'AIB[R] intent=tick-owner family=other stage=pregame'
08/27 12:42:48 [Localization System] CLocalize::FindSafe failed to localize: 'AIB[D] intent=tick-owner family=other stage=pregame'
08/27 12:42:49 [Localization System] CLocalize::FindSafe failed to localize: 'AIB[D] blocked=buy-loop reason=saving target=item_bottle head=item_bottle cost=675 gold=270 left=1'
08/27 12:42:49 [Localization System] CLocalize::FindSafe failed to localize: 'AIB[R] blocked=buy-loop reason=saving target=item_bottle head=item_bottle cost=675 gold=270 left=1'
08/27 12:42:50 [Localization System] CLocalize::FindSafe failed to localize: 'AIB[R] intent=tick-owner family=other stage=pregame'
08/27 12:42:50 [Localization System] CLocalize::FindSafe failed to localize: 'AIB[D] intent=tick-owner family=other stage=pregame'
08/27 12:42:52 [Localization System] CLocalize::FindSafe failed to localize: 'AIB[R] intent=tick-owner family=other stage=pregame'
08/27 12:42:52 [Localization System] CLocalize::FindSafe failed to localize: 'AIB[D] intent=tick-owner family=other stage=pregame'
08/27 12:42:54 [Localization System] CLocalize::FindSafe failed to localize: 'AIB[R] intent=tick-owner family=other stage=pregame'
08/27 12:42:54 [Localization System] CLocalize::FindSafe failed to localize: 'AIB[D] intent=tick-owner family=other stage=pregame'
08/27 12:42:55 [Localization System] CLocalize::FindSafe failed to localize: 'AIB[R] intent=damage-by-source family=other creep=0 tower=0 hero=0 mixed=0 death=0 other=0 stale=0 gaps=0'
08/27 12:42:55 [Localization System] CLocalize::FindSafe failed to localize: 'AIB[D] intent=damage-by-source family=other creep=0 tower=0 hero=0 mixed=0 death=0 other=0 stale=0 gaps=0'
08/27 12:42:56 [VScript] LUA Memory usage warning: The VM has hit a new high usage of 16,777,216 bytes.
08/27 12:42:56 [Localization System] CLocalize::FindSafe failed to localize: 'AIB[R] intent=tick-owner family=other stage=pregame'
08/27 12:42:56 [Localization System] CLocalize::FindSafe failed to localize: 'AIB[D] intent=tick-owner family=other stage=pregame'
08/27 12:42:57 [Localization System] CLocalize::FindSafe failed to localize: 'AIB[D] blocked=buy-loop reason=saving target=item_bottle head=item_bottle cost=675 gold=270 left=1'
08/27 12:42:57 [Localization System] CLocalize::FindSafe failed to localize: 'AIB[R] blocked=buy-loop reason=saving target=item_bottle head=item_bottle cost=675 gold=270 left=1'
08/27 12:42:58 [Localization System] CLocalize::FindSafe failed to localize: 'AIB[R] intent=tick-owner family=other stage=pregame'
08/27 12:42:58 [Localization System] CLocalize::FindSafe failed to localize: 'AIB[D] intent=tick-owner family=other stage=pregame'
08/27 12:42:59 [Localization System] CLocalize::FindSafe failed to localize: 'Welcome to Open Hyper AI (OHA): 0.7.41 - 2026/04/02'
08/27 12:43:00 [Localization System] CLocalize::FindSafe failed to localize: 'AIB[R] intent=tick-owner family=other stage=pregame'
08/27 12:43:00 [Localization System] CLocalize::FindSafe failed to localize: 'AIB[D] intent=tick-owner family=other stage=pregame'
08/27 12:43:01 [Localization System] CLocalize::FindSafe failed to localize: 'Welcome to Open Hyper AI (OHA): 0.7.41 - 2026/04/02'
08/27 12:43:02 [Localization System] CLocalize::FindSafe failed to localize: 'AIB[R] intent=tick-owner family=other stage=pregame'
08/27 12:43:02 [Localization System] CLocalize::FindSafe failed to localize: 'AIB[D] intent=tick-owner family=other stage=pregame'
08/27 12:43:04 [Localization System] CLocalize::FindSafe failed to localize: 'AIB[R] intent=tick-owner family=other stage=pregame'
08/27 12:43:05 [Localization System] CLocalize::FindSafe failed to localize: 'AIB[D] intent=tick-owner family=other stage=pregame'
08/27 12:43:05 [Localization System] CLocalize::FindSafe failed to localize: 'AIB[D] blocked=buy-loop reason=saving target=item_bottle head=item_bottle cost=675 gold=270 left=1'
08/27 12:43:05 [Localization System] CLocalize::FindSafe failed to localize: 'AIB[R] blocked=buy-loop reason=saving target=item_bottle head=item_bottle cost=675 gold=270 left=1'
08/27 12:43:06 [Localization System] CLocalize::FindSafe failed to localize: 'AIB[R] intent=tick-owner family=other stage=pregame'
08/27 12:43:07 [Localization System] CLocalize::FindSafe failed to localize: 'AIB[D] intent=tick-owner family=other stage=pregame'
08/27 12:43:08 [Localization System] CLocalize::FindSafe failed to localize: 'AIB[R] intent=tick-owner family=other stage=pregame'
08/27 12:43:09 [Localization System] CLocalize::FindSafe failed to localize: 'AIB[D] intent=tick-owner family=other stage=pregame'
08/27 12:43:10 [Localization System] CLocalize::FindSafe failed to localize: 'AIB[D] intent=damage-by-source family=other creep=0 tower=0 hero=0 mixed=0 death=0 other=0 stale=0 gaps=0'
08/27 12:43:10 [Localization System] CLocalize::FindSafe failed to localize: 'AIB[R] intent=damage-by-source family=other creep=0 tower=0 hero=0 mixed=0 death=0 other=0 stale=0 gaps=0'
08/27 12:43:10 [Localization System] CLocalize::FindSafe failed to localize: 'AIB[R] intent=tick-owner family=other stage=pregame'
08/27 12:43:11 [Localization System] CLocalize::FindSafe failed to localize: 'AIB[D] intent=tick-owner family=other stage=pregame'
08/27 12:43:13 [Localization System] CLocalize::FindSafe failed to localize: 'AIB[R] intent=tick-owner family=other stage=pregame'
08/27 12:43:13 [Localization System] CLocalize::FindSafe failed to localize: 'AIB[D] intent=tick-owner family=other stage=pregame'
08/27 12:43:13 [Localization System] CLocalize::FindSafe failed to localize: 'AIB[D] blocked=buy-loop reason=saving target=item_bottle head=item_bottle cost=675 gold=270 left=1'
08/27 12:43:13 [Localization System] CLocalize::FindSafe failed to localize: 'AIB[R] blocked=buy-loop reason=saving target=item_bottle head=item_bottle cost=675 gold=270 left=1'
08/27 12:43:15 [Localization System] CLocalize::FindSafe failed to localize: 'AIB[R] intent=tick-owner family=other stage=pregame'
08/27 12:43:15 [Localization System] CLocalize::FindSafe failed to localize: 'AIB[D] intent=tick-owner family=other stage=pregame'
08/27 12:43:17 [Localization System] CLocalize::FindSafe failed to localize: 'AIB[R] intent=tick-owner family=other stage=pregame'
08/27 12:43:17 [Localization System] CLocalize::FindSafe failed to localize: 'AIB[D] intent=tick-owner family=other stage=pregame'
08/27 12:43:19 [Localization System] CLocalize::FindSafe failed to localize: 'AIB[R] intent=tick-owner family=other stage=pregame'
08/27 12:43:19 [Localization System] CLocalize::FindSafe failed to localize: 'AIB[D] intent=tick-owner family=other stage=pregame'
08/27 12:43:21 [Localization System] CLocalize::FindSafe failed to localize: 'AIB[R] intent=tick-owner family=other stage=pregame'
08/27 12:43:21 [Localization System] CLocalize::FindSafe failed to localize: 'AIB[D] intent=tick-owner family=other stage=pregame'
08/27 12:43:21 [Localization System] CLocalize::FindSafe failed to localize: 'AIB[D] blocked=buy-loop reason=saving target=item_bottle head=item_bottle cost=675 gold=270 left=1'
08/27 12:43:21 [Localization System] CLocalize::FindSafe failed to localize: 'AIB[R] blocked=buy-loop reason=saving target=item_bottle head=item_bottle cost=675 gold=270 left=1'
08/27 12:43:23 [Localization System] CLocalize::FindSafe failed to localize: 'AIB[R] intent=tick-owner family=other stage=pregame'
08/27 12:43:23 [Localization System] CLocalize::FindSafe failed to localize: 'AIB[D] intent=tick-owner family=other stage=pregame'
08/27 12:43:25 [Localization System] CLocalize::FindSafe failed to localize: 'AIB[D] intent=damage-by-source family=other creep=0 tower=0 hero=0 mixed=0 death=0 other=0 stale=0 gaps=0'
08/27 12:43:25 [Localization System] CLocalize::FindSafe failed to localize: 'AIB[R] intent=damage-by-source family=other creep=0 tower=0 hero=0 mixed=0 death=0 other=0 stale=0 gaps=0'
08/27 12:43:25 [Localization System] CLocalize::FindSafe failed to localize: 'AIB[R] intent=tick-owner family=other stage=pregame'
08/27 12:43:25 [Localization System] CLocalize::FindSafe failed to localize: 'AIB[D] intent=tick-owner family=other stage=pregame'
08/27 12:43:27 [Localization System] CLocalize::FindSafe failed to localize: 'AIB[R] intent=tick-owner family=other stage=pregame'
08/27 12:43:27 [Localization System] CLocalize::FindSafe failed to localize: 'AIB[D] intent=tick-owner family=other stage=pregame'
08/27 12:43:29 [Localization System] CLocalize::FindSafe failed to localize: 'AIB[R] intent=tick-owner family=other stage=pregame'
08/27 12:43:29 [Localization System] CLocalize::FindSafe failed to localize: 'AIB[D] intent=tick-owner family=other stage=pregame'
08/27 12:43:30 [Localization System] CLocalize::FindSafe failed to localize: 'AIB[D] blocked=buy-loop reason=saving target=item_bottle head=item_bottle cost=675 gold=270 left=1'
08/27 12:43:30 [Localization System] CLocalize::FindSafe failed to localize: 'AIB[R] blocked=buy-loop reason=saving target=item_bottle head=item_bottle cost=675 gold=270 left=1'
08/27 12:43:31 [Localization System] CLocalize::FindSafe failed to localize: 'AIB[R] intent=tick-owner family=other stage=pregame'
08/27 12:43:31 [Localization System] CLocalize::FindSafe failed to localize: 'AIB[D] intent=tick-owner family=other stage=pregame'
08/27 12:43:33 [Localization System] CLocalize::FindSafe failed to localize: 'AIB[R] intent=tick-owner family=other stage=pregame'
08/27 12:43:33 [Localization System] CLocalize::FindSafe failed to localize: 'AIB[D] intent=tick-owner family=other stage=pregame'
08/27 12:43:35 [Localization System] CLocalize::FindSafe failed to localize: 'AIB[R] intent=tick-owner family=other stage=pregame'
08/27 12:43:35 [Localization System] CLocalize::FindSafe failed to localize: 'AIB[D] intent=tick-owner family=other stage=pregame'
08/27 12:43:37 [Localization System] CLocalize::FindSafe failed to localize: 'AIB[R] intent=tick-owner family=other stage=pregame'
08/27 12:43:38 [Localization System] CLocalize::FindSafe failed to localize: 'AIB[D] intent=tick-owner family=other stage=pregame'
08/27 12:43:38 [Localization System] CLocalize::FindSafe failed to localize: 'AIB[D] blocked=buy-loop reason=saving target=item_bottle head=item_bottle cost=675 gold=270 left=1'
08/27 12:43:38 [Localization System] CLocalize::FindSafe failed to localize: 'AIB[R] blocked=buy-loop reason=saving target=item_bottle head=item_bottle cost=675 gold=270 left=1'
08/27 12:43:39 [Localization System] CLocalize::FindSafe failed to localize: 'AIB[R] intent=rune-ground-truth family=rune id=0 status=2 t=-30'
08/27 12:43:39 [Localization System] CLocalize::FindSafe failed to localize: 'AIB[R] intent=rune-ground-truth family=rune id=1 status=2 t=-30'
08/27 12:43:39 [Localization System] CLocalize::FindSafe failed to localize: 'AIB[R] intent=tick-owner family=other stage=pregame'
08/27 12:43:39 [Localization System] CLocalize::FindSafe failed to localize: 'AIB[D] intent=rune-ground-truth family=rune id=0 status=2 t=-30'
08/27 12:43:39 [Localization System] CLocalize::FindSafe failed to localize: 'AIB[D] intent=rune-ground-truth family=rune id=1 status=2 t=-30'
08/27 12:43:40 [Localization System] CLocalize::FindSafe failed to localize: 'AIB[D] intent=tick-owner family=other stage=pregame'
08/27 12:43:40 [Localization System] CLocalize::FindSafe failed to localize: 'AIB[D] intent=damage-by-source family=other creep=0 tower=0 hero=0 mixed=0 death=0 other=0 stale=0 gaps=0'
08/27 12:43:40 [Localization System] CLocalize::FindSafe failed to localize: 'AIB[R] intent=damage-by-source family=other creep=0 tower=0 hero=0 mixed=0 death=0 other=0 stale=0 gaps=0'
08/27 12:43:41 [Localization System] CLocalize::FindSafe failed to localize: 'AIB[D] precreep-park-hold=7 precreep-park=184'
08/27 12:43:41 [Localization System] CLocalize::FindSafe failed to localize: 'AIB[R] precreep-park-hold=8 precreep-park=154'
08/27 12:43:41 [Localization System] CLocalize::FindSafe failed to localize: 'AIB[R] intent=tick-owner family=other stage=pregame'
08/27 12:43:42 [Localization System] CLocalize::FindSafe failed to localize: 'AIB[D] intent=tick-owner family=other stage=pregame'
08/27 12:43:43 [Localization System] CLocalize::FindSafe failed to localize: 'AIB[R] intent=tick-owner family=other stage=pregame'
08/27 12:43:44 [Localization System] CLocalize::FindSafe failed to localize: 'AIB[D] intent=tick-owner family=other stage=pregame'
08/27 12:43:46 [Localization System] CLocalize::FindSafe failed to localize: 'AIB[R] intent=tick-owner family=other stage=pregame'
08/27 12:43:46 [Localization System] CLocalize::FindSafe failed to localize: 'AIB[D] intent=tick-owner family=other stage=pregame'
08/27 12:43:46 [Localization System] CLocalize::FindSafe failed to localize: 'AIB[D] blocked=buy-loop reason=saving target=item_bottle head=item_bottle cost=675 gold=270 left=1'
08/27 12:43:46 [Localization System] CLocalize::FindSafe failed to localize: 'AIB[R] blocked=buy-loop reason=saving target=item_bottle head=item_bottle cost=675 gold=270 left=1'
08/27 12:43:48 [Localization System] CLocalize::FindSafe failed to localize: 'AIB[R] intent=tick-owner family=other stage=pregame'
08/27 12:43:48 [Localization System] CLocalize::FindSafe failed to localize: 'AIB[D] intent=tick-owner family=other stage=pregame'
08/27 12:43:50 [Localization System] CLocalize::FindSafe failed to localize: 'AIB[R] intent=tick-owner family=other stage=pregame'
08/27 12:43:50 [Localization System] CLocalize::FindSafe failed to localize: 'AIB[D] intent=tick-owner family=other stage=pregame'
08/27 12:43:52 [Localization System] CLocalize::FindSafe failed to localize: 'AIB[R] intent=tick-owner family=other stage=pregame'
08/27 12:43:52 [Localization System] CLocalize::FindSafe failed to localize: 'AIB[D] intent=tick-owner family=other stage=pregame'
08/27 12:43:54 [Localization System] CLocalize::FindSafe failed to localize: 'AIB[R] intent=tick-owner family=other stage=pregame'
08/27 12:43:54 [Localization System] CLocalize::FindSafe failed to localize: 'AIB[D] intent=tick-owner family=other stage=pregame'
08/27 12:43:54 [Localization System] CLocalize::FindSafe failed to localize: 'AIB[D] blocked=buy-loop reason=saving target=item_bottle head=item_bottle cost=675 gold=270 left=1'
08/27 12:43:54 [Localization System] CLocalize::FindSafe failed to localize: 'AIB[R] blocked=buy-loop reason=saving target=item_bottle head=item_bottle cost=675 gold=270 left=1'
08/27 12:43:55 [Localization System] CLocalize::FindSafe failed to localize: 'AIB[D] intent=damage-by-source family=other creep=0 tower=0 hero=0 mixed=0 death=0 other=0 stale=0 gaps=0'
08/27 12:43:55 [Localization System] CLocalize::FindSafe failed to localize: 'AIB[R] intent=damage-by-source family=other creep=0 tower=0 hero=0 mixed=0 death=0 other=0 stale=0 gaps=0'
08/27 12:43:56 [Localization System] CLocalize::FindSafe failed to localize: 'AIB[R] intent=tick-owner family=other stage=pregame'
08/27 12:43:56 [Localization System] CLocalize::FindSafe failed to localize: 'AIB[D] intent=tick-owner family=other stage=pregame'
08/27 12:43:58 [Localization System] CLocalize::FindSafe failed to localize: 'AIB[R] intent=tick-owner family=other stage=pregame'
08/27 12:43:58 [Localization System] CLocalize::FindSafe failed to localize: 'AIB[D] intent=tick-owner family=other stage=pregame'
08/27 12:44:00 [Localization System] CLocalize::FindSafe failed to localize: 'AIB[R] intent=tick-owner family=other stage=pregame'
08/27 12:44:00 [Localization System] CLocalize::FindSafe failed to localize: 'AIB[D] intent=tick-owner family=other stage=pregame'
08/27 12:44:02 [Localization System] CLocalize::FindSafe failed to localize: 'AIB[R] intent=tick-owner family=other stage=pregame'
08/27 12:44:02 [Localization System] CLocalize::FindSafe failed to localize: 'AIB[D] blocked=buy-loop reason=saving target=item_bottle head=item_bottle cost=675 gold=270 left=1'
08/27 12:44:02 [Localization System] CLocalize::FindSafe failed to localize: 'AIB[R] blocked=buy-loop reason=saving target=item_bottle head=item_bottle cost=675 gold=270 left=1'
08/27 12:44:02 [Localization System] CLocalize::FindSafe failed to localize: 'AIB[D] intent=tick-owner family=other stage=pregame'
08/27 12:44:04 [Localization System] CLocalize::FindSafe failed to localize: 'AIB[R] intent=tick-owner family=other stage=pregame'
08/27 12:44:04 [Localization System] CLocalize::FindSafe failed to localize: 'AIB[D] intent=tick-owner family=other stage=pregame'
08/27 12:44:06 [Localization System] CLocalize::FindSafe failed to localize: 'AIB[R] intent=tick-owner family=other stage=pregame'
08/27 12:44:06 [Localization System] CLocalize::FindSafe failed to localize: 'AIB[D] intent=tick-owner family=other stage=pregame'
08/27 12:44:08 Script function 'ItemPurchaseThink' on bot npc_dota_hero_nevermore took 2.396ms
08/27 12:44:08 [Localization System] CLocalize::FindSafe failed to localize: 'AIB[R] intent=tick-owner family=other stage=pregame'
08/27 12:44:08 [Localization System] CLocalize::FindSafe failed to localize: 'AIB[D] intent=tick-owner family=other stage=pregame'
08/27 12:44:09 S:Gamerules: entering state 'DOTA_GAMERULES_STATE_GAME_IN_PROGRESS'
08/27 12:44:09 m_flGameStartTime set to 142.83
08/27 12:44:09 Sending CMsgConnectedPlayers for reason GAME_STATE.  Last send was 90.8s ago, urgency is 0.0s
08/27 12:44:09 game_state: DOTA_GAMERULES_STATE_GAME_IN_PROGRESS
first_blood_happened: false
send_reason: GAME_STATE
radiant_kills: 0
dire_kills: 0
radiant_lead: 0
building_state: 4784201

08/27 12:44:09 [GCClient] Send msg 7034 (k_EMsgGCConnectedPlayers), 25 bytes
08/27 12:44:09 [Localization System] CLocalize::FindSafe failed to localize: 'invalid index'
08/27 12:44:09 [Localization System] CLocalize::FindSafe failed to localize: 'AIB[D] t=0s hp=100% gold=271 loc=170,299 lh=0 dn=0 dg=+0 dlh=+0 bottle=-1 lvl=1 front=8620 ehp=-1'
08/27 12:44:09 [Localization System] CLocalize::FindSafe failed to localize: 'AIB[D] intent=state-post-horn-reset family=state reason=laning-start'
08/27 12:44:09 C:Gamerules: entering state 'DOTA_GAMERULES_STATE_GAME_IN_PROGRESS'
08/27 12:44:09 [Client] CDOTA_Hud_Main::EventGameRulesStateChanged DOTA_GAMERULES_STATE_GAME_IN_PROGRESS
08/27 12:44:09 [Client] CDOTA_Hud_Main::DeleteGameEndScreen deleted GameEndContainer
08/27 12:44:09 --- Sent CMsgGameServerInfo to GC
08/27 12:44:09 server_public_ip_addr: 787974330
server_private_ip_addr: 167774218
server_port: 27015
server_tv_port: 27020
server_key: ""
server_hibernation: false
server_type: GAME
server_region: 0
server_loadavg: 0.379694372
server_tv_broadcast_time: 132.866669
server_game_time: 0.0333251953
relay_slots_max: 64
relays_connected: 0
relay_clients_connected: 0
tv_secret_code: 2238326876561170915
server_version: 6915
server_cluster: 0
assigned_server_tv_port: 27020
allow_custom_games: BOTH
build_version: 6915

08/27 12:44:09 ---
08/27 12:44:09 [GCClient] Send msg 4508 (k_EMsgGCGameServerInfo), 84 bytes
08/27 12:44:09 [Localization System] CLocalize::FindSafe failed to localize: 'AIB[R] t=0s hp=100% gold=271 loc=-1190,-1055 lh=0 dn=0 dg=+0 dlh=+0 bottle=-1 lvl=1 front=7078 ehp=-1'
08/27 12:44:09 [Localization System] CLocalize::FindSafe failed to localize: 'AIB[R] intent=state-post-horn-reset family=state reason=laning-start'
08/27 12:44:09 [Server] PR:IncrementIdleTime 1:[I:0:0] 63.80
08/27 12:44:09 [Server] PR:IncrementIdleTime 6:[I:0:0] 59.00
08/27 12:44:10 [GCClient] Recv msg 26 (k_ESOMsg_UpdateMultiple), 337 bytes
08/27 12:44:10 --- CSODOTALobby.game_state: DOTA_GAMERULES_STATE_PRE_GAME
08/27 12:44:10 +++ CSODOTALobby.game_state: DOTA_GAMERULES_STATE_GAME_IN_PROGRESS
08/27 12:44:10 [Localization System] CLocalize::FindSafe failed to localize: 'AIB[D] intent=damage-by-source family=other creep=0 tower=0 hero=0 mixed=0 death=0 other=0 stale=0 gaps=0'
08/27 12:44:10 [Localization System] CLocalize::FindSafe failed to localize: 'AIB[R] intent=damage-by-source family=other creep=0 tower=0 hero=0 mixed=0 death=0 other=0 stale=0 gaps=0'
08/27 12:44:10 [Localization System] CLocalize::FindSafe failed to localize: 'AIB[D] blocked=buy-loop reason=saving target=item_bottle head=item_bottle cost=675 gold=272 left=1'
08/27 12:44:10 [Localization System] CLocalize::FindSafe failed to localize: 'AIB[R] blocked=buy-loop reason=saving target=item_bottle head=item_bottle cost=675 gold=272 left=1'
08/27 12:44:11 [Localization System] CLocalize::FindSafe failed to localize: 'AIB[D] intent=tick-owner family=other stage=laning-core'
08/27 12:44:12 [Localization System] CLocalize::FindSafe failed to localize: 'AIB[R] intent=tick-owner family=other stage=laning-core'
08/27 12:44:12 [Localization System] CLocalize::FindSafe failed to localize: 'AIB[D] intent=state-prewave-duel family=safety ttl=2 phase=post_horn dist=882 hp=100'
08/27 12:44:13 [Localization System] CLocalize::FindSafe failed to localize: 'AIB[D] intent=tick-owner family=other stage=laning-core'
08/27 12:44:14 [Localization System] CLocalize::FindSafe failed to localize: 'AIB[R] intent=tick-owner family=other stage=laning-core'
08/27 12:44:14 [Localization System] CLocalize::FindSafe failed to localize: 'AIB[D] intent=state-prewave-duel family=safety ttl=2 phase=post_horn dist=682 hp=90'
08/27 12:44:14 [Localization System] CLocalize::FindSafe failed to localize: 'AIB[D] t=5s hp=83% gold=278 loc=-382,-251 enemy-dist=570 lh=0 dn=0 dg=+7 dlh=+0 bottle=-1 lvl=1 front=8620 ehp=90'
08/27 12:44:15 [Localization System] CLocalize::FindSafe failed to localize: 'AIB[R] t=5s hp=91% gold=278 loc=-784,-655 enemy-dist=570 lh=0 dn=0 dg=+7 dlh=+0 bottle=-1 lvl=1 front=7078 ehp=83'
08/27 12:44:16 [Localization System] CLocalize::FindSafe failed to localize: 'AIB[D] intent=tick-owner family=other stage=laning-core'
08/27 12:44:16 [Localization System] CLocalize::FindSafe failed to localize: 'AIB[R] intent=tick-owner family=other stage=laning-core'
08/27 12:44:16 [Localization System] CLocalize::FindSafe failed to localize: 'AIB[D] intent=state-prewave-duel family=safety ttl=2 phase=post_horn dist=570 hp=77'
08/27 12:44:18 [Localization System] CLocalize::FindSafe failed to localize: 'AIB[R] intent=tick-owner family=other stage=laning-core'
08/27 12:44:18 [Localization System] CLocalize::FindSafe failed to localize: 'AIB[D] intent=tick-owner family=other stage=laning-core'
08/27 12:44:18 [Localization System] CLocalize::FindSafe failed to localize: 'AIB[D] intent=state-prewave-duel family=safety ttl=2 phase=post_horn dist=570 hp=72'
08/27 12:44:19 [Localization System] CLocalize::FindSafe failed to localize: 'AIB[D] blocked=buy-loop reason=saving target=item_bottle head=item_bottle cost=675 gold=284 left=1'
08/27 12:44:19 [Localization System] CLocalize::FindSafe failed to localize: 'AIB[R] blocked=buy-loop reason=saving target=item_bottle head=item_bottle cost=675 gold=284 left=1'
08/27 12:44:19 [Localization System] CLocalize::FindSafe failed to localize: 'AIB[D] t=10s hp=59% gold=286 loc=-382,-251 enemy-dist=570 lh=0 dn=0 dg=+8 dlh=+0 bottle=-1 lvl=1 front=8620 ehp=73'
08/27 12:44:20 [Localization System] CLocalize::FindSafe failed to localize: 'AIB[R] t=10s hp=73% gold=286 loc=-784,-655 enemy-dist=570 lh=0 dn=0 dg=+8 dlh=+0 bottle=-1 lvl=1 front=7078 ehp=60'
08/27 12:44:20 [Localization System] CLocalize::FindSafe failed to localize: 'AIB[R] intent=tick-owner family=other stage=laning-core'
08/27 12:44:20 [Localization System] CLocalize::FindSafe failed to localize: 'AIB[D] intent=tick-owner family=other stage=laning-core'
08/27 12:44:20 [Localization System] CLocalize::FindSafe failed to localize: 'AIB[D] intent=state-prewave-duel family=safety ttl=2 phase=post_horn dist=570 hp=60'
08/27 12:44:21 [Server] Client (account 0) tried to execute invalid order (101). Ability can't be cast with a position
08/27 12:44:21 [Server] Client (account 0) tried to execute invalid order (101). Ability can't be cast with a position
08/27 12:44:21 [Server] Client (account 0) tried to execute invalid order (101). Ability can't be cast with a position
08/27 12:44:22 [Server] Client (account 0) tried to execute invalid order (101). Ability can't be cast with a position
08/27 12:44:22 [Server] Client (account 0) tried to execute invalid order (101). Ability can't be cast with a position
08/27 12:44:22 [Localization System] CLocalize::FindSafe failed to localize: 'AIB[R] intent=tick-owner family=other stage=laning-core'
08/27 12:44:22 [Server] Client (account 0) tried to execute invalid order (101). Ability can't be cast with a position
08/27 12:44:22 [Localization System] CLocalize::FindSafe failed to localize: 'AIB[D] intent=tick-owner family=other stage=laning-core'
08/27 12:44:22 [Server] Client (account 0) tried to execute invalid order (101). Ability can't be cast with a position
08/27 12:44:22 [Localization System] CLocalize::FindSafe failed to localize: 'AIB[D] intent=state-prewave-duel family=safety ttl=2 phase=post_horn dist=570 hp=48'
08/27 12:44:22 [Server] Client (account 0) tried to execute invalid order (101). Ability can't be cast with a position
08/27 12:44:23 [Server] Client (account 0) tried to execute invalid order (101). Ability can't be cast with a position
08/27 12:44:23 [Server] Client (account 0) tried to execute invalid order (101). Ability can't be cast with a position
08/27 12:44:23 [Server] Client (account 0) tried to execute invalid order (101). Ability can't be cast with a position
08/27 12:44:23 [Server] Client (account 0) tried to execute invalid order (101). Ability can't be cast with a position
08/27 12:44:24 [Server] Client (account 0) tried to execute invalid order (101). Ability can't be cast with a position
08/27 12:44:24 [Localization System] CLocalize::FindSafe failed to localize: 'AIB[R] intent=tick-owner family=other stage=laning-core'
08/27 12:44:24 [Server] Client (account 0) tried to execute invalid order (101). Ability can't be cast with a position
08/27 12:44:24 [Localization System] CLocalize::FindSafe failed to localize: 'AIB[D] intent=tick-owner family=other stage=laning-core'
08/27 12:44:24 [Localization System] CLocalize::FindSafe failed to localize: 'AIB[D] intent=state-prewave-duel family=safety ttl=2 phase=post_horn dist=570 hp=42'
08/27 12:44:24 [Server] Client (account 0) tried to execute invalid order (101). Ability can't be cast with a position
08/27 12:44:24 [Localization System] CLocalize::FindSafe failed to localize: 'AIB[D] t=15s hp=35% gold=293 loc=-382,-251 enemy-dist=570 lh=0 dn=0 dg=+7 dlh=+0 bottle=-1 lvl=1 front=8720 ehp=56'
08/27 12:44:25 [Server] Client (account 0) tried to execute invalid order (101). Ability can't be cast with a position
08/27 12:44:25 [Localization System] CLocalize::FindSafe failed to localize: 'AIB[R] t=15s hp=57% gold=294 loc=-784,-655 enemy-dist=570 lh=0 dn=0 dg=+8 dlh=+0 bottle=-1 lvl=1 front=7294 ehp=36'
08/27 12:44:25 [Localization System] CLocalize::FindSafe failed to localize: 'AIB[D] intent=damage-by-source family=other creep=0 tower=0 hero=404 mixed=0 death=0 other=0 stale=0 gaps=0'
08/27 12:44:25 [Server] Client (account 0) tried to execute invalid order (101). Ability can't be cast with a position
08/27 12:44:25 [Server] Client (account 0) tried to execute invalid order (101). Ability can't be cast with a position
08/27 12:44:25 [Localization System] CLocalize::FindSafe failed to localize: 'AIB[R] intent=damage-by-source family=other creep=0 tower=0 hero=224 mixed=0 death=0 other=63 stale=0 gaps=0'
08/27 12:44:26 [Server] Client (account 0) tried to execute invalid order (101). Ability can't be cast with a position
08/27 12:44:26 [Localization System] CLocalize::FindSafe failed to localize: 'AIB[D] intent=recovery-policy family=recover action=recover hp=29 gate=35 source=early-low'
08/27 12:44:26 [Localization System] CLocalize::FindSafe failed to localize: 'AIB[R] intent=tick-owner family=other stage=laning-core'
08/27 12:44:26 [Server] Client (account 0) tried to execute invalid order (101). Ability can't be cast with a position
08/27 12:44:26 [Localization System] CLocalize::FindSafe failed to localize: 'AIB[D] intent=tick-owner family=other stage=laning-core'
08/27 12:44:26 [Server] Client (account 0) tried to execute invalid order (101). Ability can't be cast with a position
08/27 12:44:26 [Localization System] CLocalize::FindSafe failed to localize: 'AIB[D] intent=state-prewave-duel family=safety ttl=2 phase=post_horn dist=570 hp=44'
08/27 12:44:26 [Server] Client (account 0) tried to execute invalid order (101). Ability can't be cast with a position
08/27 12:44:27 [Localization System] CLocalize::FindSafe failed to localize: 'AIB[D] blocked=buy-loop reason=saving target=item_bottle head=item_bottle cost=675 gold=296 left=1'
08/27 12:44:27 [Localization System] CLocalize::FindSafe failed to localize: 'AIB[R] blocked=buy-loop reason=saving target=item_bottle head=item_bottle cost=675 gold=296 left=1'
08/27 12:44:27 [Localization System] CLocalize::FindSafe failed to localize: 'AIB[R] intent=state-prewave-duel family=safety ttl=2 phase=passive_defend dist=570 hp=45'
08/27 12:44:27 [Server] Client (account 0) tried to execute invalid order (101). Ability can't be cast with a position
08/27 12:44:27 [Server] Client (account 0) tried to execute invalid order (101). Ability can't be cast with a position
08/27 12:44:27 [Server] Client (account 0) tried to execute invalid order (101). Ability can't be cast with a position
08/27 12:44:27 [Localization System] CLocalize::FindSafe failed to localize: 'AIB[D] blocked=prewave-duel reason=too_far phase=post_horn dist=722'
08/27 12:44:27 [Localization System] CLocalize::FindSafe failed to localize: 'AIB[D] blocked=safety-candidate reason=no_action_capped hp=38 score=44'
08/27 12:44:27 [Localization System] CLocalize::FindSafe failed to localize: 'AIB[D] intent=state-desire-recover family=state base=74 danger=28 hp=38 reason=hp_gate score=102'
08/27 12:44:27 [Localization System] CLocalize::FindSafe failed to localize: 'AIB[D] intent=state-recover-xp family=state ttl=2 reason=regen_lane hp=38 dist=456'
08/27 12:44:27 [Localization System] CLocalize::FindSafe failed to localize: 'AIB[D] intent=top-arbiter family=state winner=recover:102 losers=fight:98,safe-cs:56,hero-over-creep:52,idle-heal:46,emergency-retreat:45'
08/27 12:44:28 [Localization System] CLocalize::FindSafe failed to localize: 'AIB[D] intent=recovery-policy family=recover action=recover hp=39 gate=55 source=lane-low'
08/27 12:44:28 [Localization System] CLocalize::FindSafe failed to localize: 'AIB[D] intent=recovery-plan family=recover action=back reason=post_fight_regen hp=39'
08/27 12:44:28 [Localization System] CLocalize::FindSafe failed to localize: 'AIB[D] intent=recovery-owner family=recover band=soft threat=true mode=safe-step hp=39'
08/27 12:44:28 [Localization System] CLocalize::FindSafe failed to localize: 'AIB[R] intent=tick-owner family=other stage=laning-core'
08/27 12:44:28 [Localization System] CLocalize::FindSafe failed to localize: 'AIB[D] intent=tick-owner family=other stage=laning-core'
08/27 12:44:29 [Localization System] CLocalize::FindSafe failed to localize: 'AIB[D] intent=state-desire-recover family=state base=74 danger=28 hp=39 hyst=18 reason=hp_gate score=120'
08/27 12:44:29 [Localization System] CLocalize::FindSafe failed to localize: 'AIB[D] intent=top-arbiter family=state winner=recover:120 losers=safe-cs:56,hero-over-creep:52,idle-heal:46,emergency-retreat:45,fwd-pullback:44'
08/27 12:44:30 [Localization System] CLocalize::FindSafe failed to localize: 'AIB[D] t=20s hp=40% gold=301 loc=-139,131 enemy-dist=1244 lh=0 dn=0 dg=+8 dlh=+0 bottle=-1 lvl=1 front=10002 ehp=46'
08/27 12:44:30 [Localization System] CLocalize::FindSafe failed to localize: 'AIB[R] intent=top-arbiter family=state winner=idle-heal:46 losers=safe-cs:56,hero-over-creep:52,emergency-retreat:45,fwd-pullback:44,emergency-kill:43.5'
08/27 12:44:30 [Localization System] CLocalize::FindSafe failed to localize: 'AIB[R] t=20s hp=47% gold=301 loc=-1002,-806 enemy-dist=1307 lh=0 dn=0 dg=+7 dlh=+0 bottle=-1 lvl=1 front=8485 ehp=40'
08/27 12:44:30 [Localization System] CLocalize::FindSafe failed to localize: 'AIB[R] intent=tick-owner family=other stage=laning-core'
08/27 12:44:30 [Localization System] CLocalize::FindSafe failed to localize: 'AIB[D] intent=tick-owner family=other stage=laning-core'
08/27 12:44:32 [Localization System] CLocalize::FindSafe failed to localize: 'AIB[R] intent=tick-owner family=other stage=laning-core'
08/27 12:44:32 [Localization System] CLocalize::FindSafe failed to localize: 'AIB[D] intent=tick-owner family=other stage=laning-core'
08/27 12:44:33 [Localization System] CLocalize::FindSafe failed to localize: 'AIB[D] intent=state-desire-recover family=state base=74 hp=44 reason=hp_gate score=74'
08/27 12:44:33 [Localization System] CLocalize::FindSafe failed to localize: 'AIB[D] intent=recovery-policy family=recover action=recover hp=44 gate=55 source=lane-low'
08/27 12:44:33 [Localization System] CLocalize::FindSafe failed to localize: 'AIB[D] intent=recovery-owner family=recover band=soft threat=false mode=back hp=44'
08/27 12:44:33 [Localization System] CLocalize::FindSafe failed to localize: 'AIB[D] intent=top-arbiter family=state winner=recover:74 losers=safe-cs:56,hero-over-creep:52,idle-heal:46,emergency-retreat:45,fwd-pullback:44'
08/27 12:44:34 [Localization System] CLocalize::FindSafe failed to localize: 'AIB[R] intent=top-arbiter family=state winner=creep-work:38.8 losers=safe-cs:56,hero-over-creep:52,idle-heal:46,emergency-retreat:45,fwd-pullback:44'
08/27 12:44:34 [Localization System] CLocalize::FindSafe failed to localize: 'AIB[R] intent=tick-owner family=other stage=desire/wave-watch reason=ready score=10 band=idle'
08/27 12:44:34 [Localization System] CLocalize::FindSafe failed to localize: 'AIB[D] intent=tick-owner family=other stage=desire/wave-watch reason=ready score=10 band=idle'
08/27 12:44:34 [Localization System] CLocalize::FindSafe failed to localize: 'AIB[R] intent=melee-pack-space family=safety count=2 dist=187'
08/27 12:44:35 [Localization System] CLocalize::FindSafe failed to localize: 'AIB[D] t=25s hp=46% gold=308 loc=-229,108 enemy-dist=1051 lh=0 dn=0 dg=+7 dlh=+0 bottle=-1 lvl=1 front=10002 ehp=52'
08/27 12:44:35 [Localization System] CLocalize::FindSafe failed to localize: 'AIB[D] intent=melee-pack-space family=safety count=2 dist=187'
08/27 12:44:35 [Localization System] CLocalize::FindSafe failed to localize: 'AIB[D] blocked=buy-loop reason=saving target=item_bottle head=item_bottle cost=675 gold=309 left=1'
08/27 12:44:35 [Localization System] CLocalize::FindSafe failed to localize: 'AIB[R] blocked=buy-loop reason=saving target=item_bottle head=item_bottle cost=675 gold=309 left=1'
08/27 12:44:35 [Localization System] CLocalize::FindSafe failed to localize: 'AIB[R] t=25s hp=52% gold=309 loc=-907,-631 enemy-dist=958 lh=0 dn=0 dg=+8 dlh=+0 bottle=-1 lvl=1 front=8510 ehp=47'
08/27 12:44:35 [Localization System] CLocalize::FindSafe failed to localize: 'AIB[R] blocked=uphill-repo reason=not_trading'
08/27 12:44:35 [Localization System] CLocalize::FindSafe failed to localize: 'AIB[D] intent=state-desire-fight family=state base=78 execute=20 dist=899 hp=47 ehp=53 reason=enemy_seen score=98'
08/27 12:44:35 [Localization System] CLocalize::FindSafe failed to localize: 'AIB[D] blocked=top-arbiter reason=empty_action winner=fight score=98'
08/27 12:44:35 [Localization System] CLocalize::FindSafe failed to localize: 'AIB[D] intent=top-arbiter family=state winner=harass:40 losers=fight:98,safe-cs:56,hero-over-creep:52,idle-heal:46,emergency-retreat:45'
08/27 12:44:35 [Localization System] CLocalize::FindSafe failed to localize: 'AIB[R] blocked=fight-candidate reason=no_action_capped hp=53 score=40'
08/27 12:44:35 [Localization System] CLocalize::FindSafe failed to localize: 'AIB[D] intent=state-prewave-duel family=safety ttl=2 phase=post_horn dist=837 hp=47'
08/27 12:44:35 [Localization System] CLocalize::FindSafe failed to localize: 'AIB[R] intent=recovery-plan family=recover action=buy_flask reason=critical hp=53 gold=309 count=1'
08/27 12:44:36 [Localization System] CLocalize::FindSafe failed to localize: 'AIB[R] intent=top-arbiter family=state winner=wave-watch:10 losers=safe-cs:56,hero-over-creep:52,idle-heal:46,emergency-retreat:45,fwd-pullback:44'
08/27 12:44:36 [Server] Client (account 0) tried to execute invalid order (101). Ability can't be cast with a position
08/27 12:44:36 Script function 'Think' on bot npc_dota_hero_nevermore took 2.268ms
08/27 12:44:36 [Localization System] CLocalize::FindSafe failed to localize: 'AIB[R] intent=tick-owner family=other stage=laning-core'
08/27 12:44:36 [Localization System] CLocalize::FindSafe failed to localize: 'AIB[D] intent=tick-owner family=other stage=laning-core'
08/27 12:44:37 [Server] Client (account 0) tried to execute invalid order (101). Ability can't be cast with a position
08/27 12:44:37 [Server] Client (account 0) tried to execute invalid order (101). Ability can't be cast with a position
08/27 12:44:37 [Server] Client (account 0) tried to execute invalid order (101). Ability can't be cast with a position
08/27 12:44:37 [Localization System] CLocalize::FindSafe failed to localize: 'AIB[D] intent=state-prewave-duel family=safety ttl=2 phase=post_horn dist=674 hp=51'
08/27 12:44:37 [Server] Client (account 0) tried to execute invalid order (101). Ability can't be cast with a position
08/27 12:44:37 [Localization System] CLocalize::FindSafe failed to localize: 'AIB[R] intent=top-arbiter family=state winner=ability-harass:36 losers=hero-over-creep:52,idle-heal:46,emergency-retreat:45,fwd-pullback:44,emergency-kill:43.5'
08/27 12:44:37 [Localization System] CLocalize::FindSafe failed to localize: 'AIB[R] blocked=visual-hold reason=creep_in_range held=2.4 hp=57 repeat=1 hard=false'
08/27 12:44:38 [Localization System] CLocalize::FindSafe failed to localize: 'AIB[R] blocked=fight-candidate reason=no_action_capped hp=58 score=40'
08/27 12:44:38 [Server] Client (account 0) tried to execute invalid order (101). Ability can't be cast with a position
08/27 12:44:38 [Server] Client (account 0) tried to execute invalid order (101). Ability can't be cast with a position
08/27 12:44:38 [Server] Client (account 0) tried to execute invalid order (101). Ability can't be cast with a position
08/27 12:44:38 [Server] Client (account 0) tried to execute invalid order (101). Ability can't be cast with a position
08/27 12:44:38 [Server] Client (account 0) tried to execute invalid order (101). Ability can't be cast with a position
08/27 12:44:38 [Localization System] CLocalize::FindSafe failed to localize: 'AIB[R] intent=tick-owner family=other stage=laning-core'
08/27 12:44:38 [Localization System] CLocalize::FindSafe failed to localize: 'AIB[D] intent=tick-owner family=other stage=laning-core'
08/27 12:44:39 [Server] Client (account 0) tried to execute invalid order (101). Ability can't be cast with a position
08/27 12:44:39 [Server] Client (account 0) tried to execute invalid order (101). Ability can't be cast with a position
08/27 12:44:39 [Localization System] CLocalize::FindSafe failed to localize: 'AIB[R] blocked=uphill-repo reason=not_trading'
08/27 12:44:39 [Localization System] CLocalize::FindSafe failed to localize: 'AIB[R] intent=top-arbiter family=state winner=ability-harass:36 losers=hero-over-creep:52,idle-heal:46,emergency-retreat:45,fwd-pullback:44,emergency-kill:43.5'
08/27 12:44:39 [Server] Client (account 0) tried to execute invalid order (101). Ability can't be cast with a position
08/27 12:44:39 [Server] Client (account 0) tried to execute invalid order (101). Ability can't be cast with a position
08/27 12:44:39 [Server] Client (account 0) tried to execute invalid order (101). Ability can't be cast with a position
08/27 12:44:39 [Server] Client (account 0) tried to execute invalid order (101). Ability can't be cast with a position
08/27 12:44:39 [Localization System] CLocalize::FindSafe failed to localize: 'AIB[D] intent=state-prewave-duel family=safety ttl=2 phase=post_horn dist=674 hp=54'
08/27 12:44:39 [Server] Client (account 0) tried to execute invalid order (101). Ability can't be cast with a position
08/27 12:44:39 [Server] Client (account 0) tried to execute invalid order (101). Ability can't be cast with a position
08/27 12:44:40 [Server] Client (account 0) tried to execute invalid order (101). Ability can't be cast with a position
08/27 12:44:40 [Server] Client (account 0) tried to execute invalid order (101). Ability can't be cast with a position
08/27 12:44:40 [Localization System] CLocalize::FindSafe failed to localize: 'AIB[D] t=30s hp=55% gold=316 loc=-309,-176 enemy-dist=694 lh=0 dn=1 dg=+8 dlh=+0 bottle=-1 lvl=1 front=9999 ehp=60'
08/27 12:44:40 [Localization System] CLocalize::FindSafe failed to localize: 'AIB[R] blocked=visual-hold reason=creep_in_range held=4.7 hp=61 repeat=3 hard=true'
08/27 12:44:40 [Localization System] CLocalize::FindSafe failed to localize: 'AIB[D] intent=damage-by-source family=other creep=0 tower=0 hero=478 mixed=0 death=0 other=0 stale=0 gaps=0'
08/27 12:44:40 [Localization System] CLocalize::FindSafe failed to localize: 'AIB[R] t=30s hp=61% gold=216 loc=-832,-632 enemy-dist=744 lh=0 dn=1 dg=-93 dlh=+0 bottle=-1 lvl=1 front=8510 ehp=55'
08/27 12:44:40 [Server] Client (account 0) tried to execute invalid order (101). Ability can't be cast with a position
08/27 12:44:40 [Localization System] CLocalize::FindSafe failed to localize: 'AIB[R] intent=damage-by-source family=other creep=0 tower=0 hero=298 mixed=0 death=0 other=63 stale=0 gaps=0'
08/27 12:44:40 [Localization System] CLocalize::FindSafe failed to localize: 'AIB[R] intent=top-arbiter family=state winner=wave-watch:10 losers=hero-over-creep:52,idle-heal:46,emergency-retreat:45,fwd-pullback:44,emergency-kill:43.5'
08/27 12:44:41 [Localization System] CLocalize::FindSafe failed to localize: 'AIB[R] intent=tick-owner family=other stage=laning-core'
08/27 12:44:41 [Localization System] CLocalize::FindSafe failed to localize: 'AIB[D] intent=tick-owner family=other stage=laning-core'
08/27 12:44:41 [Localization System] CLocalize::FindSafe failed to localize: 'AIB[D] ability-harass=34 cs-walk-gap-small=1 cs-walk=1 deny-act-atk=3 deny-act=3 deny-cand-doomed=1 fwd-suppressed-motor=1 heal-item=1 hero-prio-chase=1 killwin-scan=201 lane-line-suppressed-lowhp=1 melee-pack-release=1 melee-pack-space=1 precreep-anchor=36 precreep-hold=1 precreep-park-hold=12 precreep-park=184 prewave-duel-approach=29 prewave-duel-trade=52 recover-xp=2 recovery-regen=1 recovery-tango=1 regen-walk=1 wave-watch=1'
08/27 12:44:41 [Localization System] CLocalize::FindSafe failed to localize: 'AIB[R] ability-harass=12 cs-walk-gap-large=1 cs-walk=1 deny-act-atk=3 deny-act=3 deny-cand-doomed=2 deny-cand-tanky=9 fwd-suppressed-creep=2 fwd-suppressed-hero=1 fwd-suppressed-tower=1 killwin-scan=173 lane-line-suppressed-heal=1 lane-line-suppressed-lowhp=1 melee-pack-release=2 melee-pack-space=1 precreep-anchor=43 precreep-hold=3 precreep-park-hold=13 precreep-park=154 precreep-space=1 prewave-defend=1 prewave-free-hit=68 recovery-buy=1 recovery-enemy-near=35 recovery-tango=1 uphill-void-under-fire=6 visual-hold-creep=4 wave-watch=2'
08/27 12:44:41 [Localization System] CLocalize::FindSafe failed to localize: 'AIB[R] blocked=fight-candidate reason=no_action_capped hp=63 score=40'
08/27 12:44:41 [Localization System] CLocalize::FindSafe failed to localize: 'AIB[D] intent=state-prewave-duel family=safety ttl=2 phase=post_horn dist=683 hp=58'
08/27 12:44:42 [Localization System] CLocalize::FindSafe failed to localize: 'AIB[R] intent=state-desire-last-hit family=farm dist=442 reason=killable_creep score=140'
08/27 12:44:42 [Localization System] CLocalize::FindSafe failed to localize: 'AIB[R] blocked=visual-hold reason=creep_in_range held=7.0 hp=64 repeat=5 hard=true'
08/27 12:44:42 [Localization System] CLocalize::FindSafe failed to localize: 'AIB[R] intent=top-arbiter family=state winner=visual-hold:20 losers=hero-over-creep:52,idle-heal:46,emergency-retreat:45,fwd-pullback:44,emergency-kill:43.5'
08/27 12:44:42 [Server] Client (account 0) tried to execute invalid order (101). Ability can't be cast with a position
08/27 12:44:42 [Server] Client (account 0) tried to execute invalid order (101). Ability can't be cast with a position
08/27 12:44:43 [Server] Client (account 0) tried to execute invalid order (101). Ability can't be cast with a position
08/27 12:44:43 [Localization System] CLocalize::FindSafe failed to localize: 'AIB[R] intent=tick-owner family=other stage=laning-core'
08/27 12:44:43 [Server] Client (account 0) tried to execute invalid order (101). Ability can't be cast with a position
08/27 12:44:43 [Localization System] CLocalize::FindSafe failed to localize: 'AIB[D] intent=tick-owner family=other stage=laning-core'
08/27 12:44:43 [Server] Client (account 0) tried to execute invalid order (101). Ability can't be cast with a position
08/27 12:44:43 [Server] Client (account 0) tried to execute invalid order (101). Ability can't be cast with a position
08/27 12:44:43 [Localization System] CLocalize::FindSafe failed to localize: 'AIB[R] blocked=uphill-repo reason=not_trading'
08/27 12:44:43 [Server] Client (account 0) tried to execute invalid order (101). Ability can't be cast with a position
08/27 12:44:43 [Server] Client (account 0) tried to execute invalid order (101). Ability can't be cast with a position
08/27 12:44:43 [Server] Client (account 0) tried to execute invalid order (101). Ability can't be cast with a position
08/27 12:44:43 [Server] Client (account 0) tried to execute invalid order (101). Ability can't be cast with a position
08/27 12:44:43 [Server] Client (account 0) tried to execute invalid order (101). Ability can't be cast with a position
08/27 12:44:43 [Localization System] CLocalize::FindSafe failed to localize: 'AIB[D] intent=state-prewave-duel family=safety ttl=2 phase=post_horn dist=674 hp=61'
08/27 12:44:43 [Localization System] CLocalize::FindSafe failed to localize: 'AIB[D] blocked=buy-loop reason=saving target=item_bottle head=item_bottle cost=675 gold=321 left=1'
08/27 12:44:43 [Localization System] CLocalize::FindSafe failed to localize: 'AIB[R] blocked=buy-loop reason=saving target=item_bottle head=item_bottle cost=675 gold=221 left=1'
08/27 12:44:44 [Server] Client (account 0) tried to execute invalid order (101). Ability can't be cast with a position
08/27 12:44:44 [Localization System] CLocalize::FindSafe failed to localize: 'AIB[R] intent=top-arbiter family=state winner=ability-harass:36 losers=hero-over-creep:52,idle-heal:46,emergency-retreat:45,fwd-pullback:44,emergency-kill:43.5'
08/27 12:44:44 [Localization System] CLocalize::FindSafe failed to localize: 'AIB[R] intent=state-desire-fight family=state base=78 range=18 dist=583 hp=67 ehp=62 reason=enemy_seen score=96'
08/27 12:44:44 [Localization System] CLocalize::FindSafe failed to localize: 'AIB[R] blocked=hero-contact reason=uphill dist=583 hp=67'
08/27 12:44:44 [Localization System] CLocalize::FindSafe failed to localize: 'AIB[R] blocked=hero-pass reason=uphill hp=67'
08/27 12:44:44 [Localization System] CLocalize::FindSafe failed to localize: 'AIB[R] blocked=top-arbiter reason=empty_action winner=fight score=96'
08/27 12:44:44 [Server] Client (account 0) tried to execute invalid order (101). Ability can't be cast with a position
08/27 12:44:44 [Server] Client (account 0) tried to execute invalid order (101). Ability can't be cast with a position
08/27 12:44:44 [Server] Client (account 0) tried to execute invalid order (101). Ability can't be cast with a position
08/27 12:44:44 [Server] Client (account 0) tried to execute invalid order (101). Ability can't be cast with a position
08/27 12:44:44 [Server] Client (account 0) tried to execute invalid order (101). Ability can't be cast with a position
08/27 12:44:44 [Server] Client (account 0) tried to execute invalid order (101). Ability can't be cast with a position
08/27 12:44:44 [Server] Client (account 0) tried to execute invalid order (101). Ability can't be cast with a position
08/27 12:44:44 [Server] Client (account 0) tried to execute invalid order (101). Ability can't be cast with a position
08/27 12:44:45 [Server] Client (account 0) tried to execute invalid order (101). Ability can't be cast with a position
08/27 12:44:45 [Localization System] CLocalize::FindSafe failed to localize: 'AIB[D] intent=tick-owner family=other stage=laning-core'
08/27 12:44:45 [Localization System] CLocalize::FindSafe failed to localize: 'AIB[R] intent=tick-owner family=other stage=laning-core'
08/27 12:44:45 [Server] Client (account 0) tried to execute invalid order (101). Ability can't be cast with a position
08/27 12:44:45 [Localization System] CLocalize::FindSafe failed to localize: 'AIB[R] intent=hero-contact family=fight dist=455 hp=69 reason=attackable_enemy'
08/27 12:44:45 [Localization System] CLocalize::FindSafe failed to localize: 'AIB[D] t=35s hp=63% gold=324 loc=-487,-335 enemy-dist=455 lh=0 dn=1 dg=+8 dlh=+0 bottle=-1 lvl=1 front=9980 ehp=69'
08/27 12:44:45 [Server] Client (account 0) tried to execute invalid order (101). Ability can't be cast with a position
08/27 12:44:45 [Localization System] CLocalize::FindSafe failed to localize: 'AIB[R] t=36s hp=69% gold=224 loc=-832,-632 enemy-dist=455 lh=0 dn=1 dg=+8 dlh=+0 bottle=-1 lvl=1 front=8572 ehp=64'
08/27 12:44:45 [Server] Client (account 0) tried to execute invalid order (101). Ability can't be cast with a position
08/27 12:44:45 [Localization System] CLocalize::FindSafe failed to localize: 'AIB[R] intent=top-arbiter family=state winner=uphill:43 losers=fight:114,hero-over-creep:52,idle-heal:46,emergency-retreat:45,fwd-pullback:44'
08/27 12:44:45 [Server] Client (account 0) tried to execute invalid order (101). Ability can't be cast with a position
08/27 12:44:45 [Server] Client (account 0) tried to execute invalid order (101). Ability can't be cast with a position
08/27 12:44:45 [Localization System] CLocalize::FindSafe failed to localize: 'AIB[R] intent=state-desire-fight family=state base=78 range=18 dist=488 hp=70 ehp=64 reason=enemy_seen score=96'
08/27 12:44:45 [Server] Client (account 0) tried to execute invalid order (101). Ability can't be cast with a position
08/27 12:44:45 [Server] Client (account 0) tried to execute invalid order (101). Ability can't be cast with a position
08/27 12:44:45 [Localization System] CLocalize::FindSafe failed to localize: 'AIB[D] intent=state-prewave-duel family=safety ttl=2 phase=post_horn dist=488 hp=64'
08/27 12:44:45 [Server] Client (account 0) tried to execute invalid order (101). Ability can't be cast with a position
08/27 12:44:46 [Server] Client (account 0) tried to execute invalid order (101). Ability can't be cast with a position
08/27 12:44:46 [Localization System] CLocalize::FindSafe failed to localize: 'AIB[R] blocked=top-arbiter reason=empty_action winner=fight score=114'
08/27 12:44:46 [Localization System] CLocalize::FindSafe failed to localize: 'AIB[R] blocked=visual-hold reason=hero_in_range held=10.7 hp=71 repeat=1 hard=true'
08/27 12:44:47 [Localization System] CLocalize::FindSafe failed to localize: 'AIB[R] intent=tick-owner family=other stage=laning-core'
08/27 12:44:47 [Localization System] CLocalize::FindSafe failed to localize: 'AIB[R] intent=state-desire-fight family=state base=78 hp_adv=8 execute=20 dist=710 hp=61 ehp=45 reason=enemy_seen score=106'
08/27 12:44:47 [Localization System] CLocalize::FindSafe failed to localize: 'AIB[R] intent=top-arbiter family=state winner=fight:106 losers=hero-over-creep:52,idle-heal:46,emergency-retreat:45,fwd-pullback:44,emergency-kill:43.5'
08/27 12:44:47 [Localization System] CLocalize::FindSafe failed to localize: 'AIB[R] intent=hero-pass family=fight dist=720 hp=62 reason=nearby_enemy'
08/27 12:44:47 [Localization System] CLocalize::FindSafe failed to localize: 'AIB[R] blocked=top-arbiter reason=empty_action winner=fight score=124'
08/27 12:44:48 [Localization System] CLocalize::FindSafe failed to localize: 'AIB[R] intent=state-desire-safety family=state base=108 creep_dmg=8 hp=60 creep=true hero=false reason=recent_damage score=116'
08/27 12:44:48 [Localization System] CLocalize::FindSafe failed to localize: 'AIB[R] intent=creep-hit-react family=safety dist=96 hp=60 hits=1 reason=attack'
08/27 12:44:48 [Localization System] CLocalize::FindSafe failed to localize: 'AIB[R] blocked=safety-candidate reason=no_action_capped hp=61 score=44'
08/27 12:44:48 [Localization System] CLocalize::FindSafe failed to localize: 'AIB[R] intent=state-desire-last-hit family=farm dist=96 reason=killable_creep score=140'
08/27 12:44:48 [Localization System] CLocalize::FindSafe failed to localize: 'AIB[D] intent=state-prewave-duel family=safety ttl=2 phase=post_horn dist=872 hp=39'
08/27 12:44:48 [Localization System] CLocalize::FindSafe failed to localize: 'AIB[D] blocked=prewave-duel reason=uphill phase=post_horn dist=872'
08/27 12:44:48 [Localization System] CLocalize::FindSafe failed to localize: 'AIB[D] intent=tick-owner family=other stage=laning-core'
08/27 12:44:48 [Localization System] CLocalize::FindSafe failed to localize: 'AIB[D] intent=state-desire-last-hit family=farm dist=390 reason=killable_creep score=140'
08/27 12:44:48 [Localization System] CLocalize::FindSafe failed to localize: 'AIB[D] intent=top-arbiter family=state winner=last-hit:140 losers=safety:116,recover:88,safe-cs:56,hero-over-creep:52,cs-inrange:50'
08/27 12:44:48 [Localization System] CLocalize::FindSafe failed to localize: 'AIB[R] intent=top-arbiter family=state winner=safety:116 losers=hero-over-creep:52,idle-heal:46,emergency-retreat:45,fwd-pullback:44,emergency-kill:43.5'
08/27 12:44:48 [Localization System] CLocalize::FindSafe failed to localize: 'AIB[D] blocked=safety-candidate reason=no_action_capped hp=39 score=44'
08/27 12:44:48 [Localization System] CLocalize::FindSafe failed to localize: 'AIB[D] intent=state-desire-recover family=state base=74 danger=28 creep_dmg=-14 hp=39 reason=hp_gate score=88'
08/27 12:44:48 [Localization System] CLocalize::FindSafe failed to localize: 'AIB[D] intent=recovery-policy family=recover action=recover hp=39 gate=55 source=lane-low'
08/27 12:44:48 [Localization System] CLocalize::FindSafe failed to localize: 'AIB[D] intent=recovery-plan family=recover action=back reason=post_fight_regen hp=39'
08/27 12:44:48 [Localization System] CLocalize::FindSafe failed to localize: 'AIB[D] intent=state-recover-xp family=state ttl=5 reason=post_fight_regen hp=39 dist=64'
08/27 12:44:48 [Localization System] CLocalize::FindSafe failed to localize: 'AIB[D] intent=recovery-owner family=recover band=soft threat=true mode=safe-step hp=39'
08/27 12:44:49 [Localization System] CLocalize::FindSafe failed to localize: 'AIB[R] intent=tick-owner family=other stage=laning-core'
08/27 12:44:49 [Localization System] CLocalize::FindSafe failed to localize: 'AIB[D] blocked=fight-candidate reason=no_action_capped hp=39 score=40'
08/27 12:44:50 [Localization System] CLocalize::FindSafe failed to localize: 'AIB[D] t=41s hp=40% gold=331 loc=-93,512 enemy-dist=1081 lh=0 dn=1 dg=+7 dlh=+0 bottle=-1 lvl=1 front=9625 ehp=63'
08/27 12:44:50 [Localization System] CLocalize::FindSafe failed to localize: 'AIB[D] intent=top-arbiter family=state winner=recover:120 losers=safe-cs:56,hero-over-creep:52,idle-heal:46,emergency-retreat:45,fwd-pullback:44'
08/27 12:44:50 [Localization System] CLocalize::FindSafe failed to localize: 'AIB[D] intent=state-desire-recover family=state base=74 hp=40 hyst=18 reason=hp_gate score=92'
08/27 12:44:50 [Localization System] CLocalize::FindSafe failed to localize: 'AIB[R] t=41s hp=63% gold=269 loc=-617,-433 lh=1 dn=1 dg=+45 dlh=+1 bottle=-1 lvl=1 front=8726 ehp=-1'
08/27 12:44:50 [Localization System] CLocalize::FindSafe failed to localize: 'AIB[R] intent=top-arbiter family=state winner=wave-watch:10 losers=hero-over-creep:52,idle-heal:46,emergency-retreat:45,fwd-pullback:44,emergency-kill:43.5'
08/27 12:44:50 [Localization System] CLocalize::FindSafe failed to localize: 'AIB[D] intent=tick-owner family=other stage=laning-core'
08/27 12:44:51 [Localization System] CLocalize::FindSafe failed to localize: 'AIB[D] intent=recovery-policy family=recover action=recover hp=40 gate=55 source=lane-low'
08/27 12:44:51 [Localization System] CLocalize::FindSafe failed to localize: 'AIB[D] intent=recovery-owner family=recover band=soft threat=false mode=back hp=40'
08/27 12:44:51 [Localization System] CLocalize::FindSafe failed to localize: 'AIB[R] blocked=visual-hold reason=creep_in_range held=2.1 hp=63 repeat=1 hard=false'
08/27 12:44:51 [Localization System] CLocalize::FindSafe failed to localize: 'AIB[R] intent=tick-owner family=other stage=desire/visual-hold reason=ready score=20 band=position'
08/27 12:44:51 [Server] PR:IncrementIdleTime 1:[I:0:0] 2.13
08/27 12:44:51 [Localization System] CLocalize::FindSafe failed to localize: 'AIB[D] blocked=buy-loop reason=saving target=item_bottle head=item_bottle cost=675 gold=333 left=1'
08/27 12:44:51 [Localization System] CLocalize::FindSafe failed to localize: 'AIB[R] blocked=buy-loop reason=saving target=item_bottle head=item_bottle cost=675 gold=270 left=1'
08/27 12:44:51 [Localization System] CLocalize::FindSafe failed to localize: 'AIB[D] intent=top-arbiter family=state winner=recover:92 losers=safe-cs:56,hero-over-creep:52,idle-heal:46,emergency-retreat:45,fwd-pullback:44'
08/27 12:44:52 [Localization System] CLocalize::FindSafe failed to localize: 'AIB[D] intent=state-desire-recover family=state base=74 hp=41 hyst=18 reason=hp_gate score=92'
08/27 12:44:52 [Localization System] CLocalize::FindSafe failed to localize: 'AIB[R] intent=top-arbiter family=state winner=creep-work:38.8 losers=hero-over-creep:52,idle-heal:46,emergency-retreat:45,fwd-pullback:44,emergency-kill:43.5'
08/27 12:44:52 [Localization System] CLocalize::FindSafe failed to localize: 'AIB[D] intent=tick-owner family=other stage=laning-core'
08/27 12:44:53 [Localization System] CLocalize::FindSafe failed to localize: 'AIB[D] intent=recovery-policy family=recover action=recover hp=42 gate=55 source=lane-low'
08/27 12:44:53 [Localization System] CLocalize::FindSafe failed to localize: 'AIB[R] intent=tick-owner family=other stage=laning-core'
08/27 12:44:53 [Localization System] CLocalize::FindSafe failed to localize: 'AIB[D] intent=top-arbiter family=state winner=recover:92 losers=safe-cs:56,hero-over-creep:52,idle-heal:46,emergency-retreat:45,fwd-pullback:44'
08/27 12:44:53 [Localization System] CLocalize::FindSafe failed to localize: 'AIB[D] intent=state-desire-recover family=state base=74 hp=42 hyst=18 reason=hp_gate score=92'
08/27 12:44:53 [Localization System] CLocalize::FindSafe failed to localize: 'AIB[R] intent=state-desire-last-hit family=farm dist=475 reason=killable_creep score=140'
08/27 12:44:53 [Localization System] CLocalize::FindSafe failed to localize: 'AIB[R] intent=top-arbiter family=state winner=last-hit:140 losers=hero-over-creep:52,cs-inrange:50,idle-heal:46,emergency-retreat:45,fwd-pullback:44'
08/27 12:44:54 [Localization System] CLocalize::FindSafe failed to localize: 'AIB[D] blocked=top-arbiter reason=empty_action winner=recover score=92'
08/27 12:44:54 [Localization System] CLocalize::FindSafe failed to localize: 'AIB[D] intent=tick-owner family=other stage=laning-core'
08/27 12:44:54 [Localization System] CLocalize::FindSafe failed to localize: 'AIB[D] intent=top-arbiter family=state winner=recover:74 losers=safe-cs:56,hero-over-creep:52,idle-heal:46,emergency-retreat:45,fwd-pullback:44'
08/27 12:44:55 [Localization System] CLocalize::FindSafe failed to localize: 'AIB[D] intent=state-desire-recover family=state base=74 hp=43 hyst=18 reason=hp_gate score=92'
08/27 12:44:55 [Localization System] CLocalize::FindSafe failed to localize: 'AIB[R] intent=lane-line-episode family=other dist=537 fwd=0.67'
08/27 12:44:55 [Localization System] CLocalize::FindSafe failed to localize: 'AIB[D] intent=recovery-policy family=recover action=recover hp=43 gate=55 source=lane-low'
08/27 12:44:55 [Localization System] CLocalize::FindSafe failed to localize: 'AIB[R] intent=top-arbiter family=state winner=lane-line:18 losers=hero-over-creep:52,idle-heal:46,emergency-retreat:45,fwd-pullback:44,emergency-kill:43.5'
08/27 12:44:55 [Localization System] CLocalize::FindSafe failed to localize: 'AIB[R] intent=tick-owner family=other stage=laning-core'
08/27 12:44:55 [Localization System] CLocalize::FindSafe failed to localize: 'AIB[D] t=46s hp=43% gold=339 loc=735,723 lh=0 dn=1 dg=+8 dlh=+0 bottle=-1 lvl=1 front=9007 ehp=-1'
08/27 12:44:55 [Localization System] CLocalize::FindSafe failed to localize: 'AIB[D] intent=damage-by-source family=other creep=11 tower=0 hero=478 mixed=0 death=0 other=0 stale=141 gaps=1'
08/27 12:44:55 [Localization System] CLocalize::FindSafe failed to localize: 'AIB[R] t=46s hp=65% gold=276 loc=-451,-278 lh=1 dn=1 dg=+7 dlh=+0 bottle=-1 lvl=1 front=8893 ehp=-1'
08/27 12:44:55 [Localization System] CLocalize::FindSafe failed to localize: 'AIB[R] intent=damage-by-source family=other creep=12 tower=0 hero=362 mixed=0 death=0 other=63 stale=0 gaps=0'
08/27 12:44:56 [Localization System] CLocalize::FindSafe failed to localize: 'AIB[D] blocked=top-arbiter reason=empty_action winner=recover score=92'
08/27 12:44:56 [Localization System] CLocalize::FindSafe failed to localize: 'AIB[D] intent=top-arbiter family=state winner=recover:74 losers=safe-cs:56,hero-over-creep:52,idle-heal:46,emergency-retreat:45,fwd-pullback:44'
08/27 12:44:56 [Localization System] CLocalize::FindSafe failed to localize: 'AIB[R] intent=melee-pack-space family=safety count=3 dist=129'
08/27 12:44:56 [Localization System] CLocalize::FindSafe failed to localize: 'AIB[D] intent=state-desire-recover family=state base=74 hp=44 hyst=18 reason=hp_gate score=92'
08/27 12:44:56 [Localization System] CLocalize::FindSafe failed to localize: 'AIB[D] intent=tick-owner family=other stage=laning-core'
08/27 12:44:57 [Localization System] CLocalize::FindSafe failed to localize: 'AIB[D] intent=recovery-policy family=recover action=recover hp=45 gate=55 source=lane-low'
08/27 12:44:57 [Localization System] CLocalize::FindSafe failed to localize: 'AIB[D] blocked=top-arbiter reason=empty_action winner=recover score=92'
08/27 12:44:58 [Localization System] CLocalize::FindSafe failed to localize: 'AIB[D] intent=state-desire-recover family=state base=74 hp=45 reason=hp_gate score=74'
08/27 12:44:58 [Localization System] CLocalize::FindSafe failed to localize: 'AIB[D] intent=top-arbiter family=state winner=recover:74 losers=safe-cs:56,hero-over-creep:52,idle-heal:46,emergency-retreat:45,fwd-pullback:44'
08/27 12:44:58 [Localization System] CLocalize::FindSafe failed to localize: 'AIB[D] blocked=visual-hold reason=empty held=2.0 hp=45 repeat=1 hard=false'
08/27 12:44:58 [Localization System] CLocalize::FindSafe failed to localize: 'AIB[D] intent=tick-owner family=other stage=laning-core'
08/27 12:44:59 **** Panel Hint has fill-parent-flow for width, but isn't in a flowing right layout
08/27 12:44:59 [Localization System] CLocalize::FindSafe failed to localize: 'AIB[D] intent=top-arbiter family=state winner=idle-heal:46 losers=safe-cs:56,hero-over-creep:52,emergency-retreat:45,fwd-pullback:44,emergency-kill:43.5'
08/27 12:44:59 [Localization System] CLocalize::FindSafe failed to localize: 'AIB[D] blocked=buy-loop reason=saving target=item_bottle head=item_bottle cost=675 gold=345 left=1'
08/27 12:44:59 [Localization System] CLocalize::FindSafe failed to localize: 'AIB[R] blocked=buy-loop reason=saving target=item_bottle head=item_bottle cost=675 gold=282 left=1'
08/27 12:45:00 [Localization System] CLocalize::FindSafe failed to localize: 'AIB[D] t=51s hp=47% gold=347 loc=680,907 lh=0 dn=1 dg=+8 dlh=+0 bottle=-1 lvl=1 front=9717 ehp=-1'
08/27 12:45:01 [Localization System] CLocalize::FindSafe failed to localize: 'AIB[D] intent=tick-owner family=other stage=laning-core'
08/27 12:45:01 [Localization System] CLocalize::FindSafe failed to localize: 'AIB[D] intent=top-arbiter family=state winner=anti-idle:2 losers=safe-cs:56,hero-over-creep:52,idle-heal:46,emergency-retreat:45,fwd-pullback:44'
08/27 12:45:01 [Localization System] CLocalize::CompileString failed to localize: '#DOTA_Tooltip_CurrentStats_Header'
08/27 12:45:01 [Localization System] CLocalize::ConstructString failed to localize: '#DOTA_Tooltip_Ability_nevermore_shadowraze3_SummaryDescription'
08/27 12:45:01 [Localization System] CLocalize::ConstructString failed to localize: '#DOTA_Tooltip_Ability_nevermore_shadowraze3_SummaryDescription'
08/27 12:45:01 [Localization System] CLocalize::ConstructString failed to localize: '#DOTA_Tooltip_Ability_nevermore_shadowraze3_SummaryDescription'
08/27 12:45:02 [Localization System] CLocalize::ConstructString failed to localize: '#DOTA_Tooltip_Ability_nevermore_shadowraze2_SummaryDescription'
08/27 12:45:02 [Localization System] CLocalize::FindSafe failed to localize: 'AIB[D] intent=top-arbiter family=state winner=anti-idle:2 losers=safe-cs:56,hero-over-creep:52,idle-heal:46,emergency-retreat:45,fwd-pullback:44'
08/27 12:45:02 [Localization System] CLocalize::FindSafe failed to localize: 'AIB[R] t=53s hp=69% gold=287 loc=-1564,-1200 lh=1 dn=1 dg=+11 dlh=+0 bottle=-1 lvl=1 front=8781 ehp=-1'
08/27 12:45:02 [Localization System] CLocalize::FindSafe failed to localize: 'AIB[R] intent=top-arbiter family=state winner=idle-heal:46 losers=hero-over-creep:52,emergency-retreat:45,fwd-pullback:44,emergency-kill:43.5,uphill:43'
08/27 12:45:02 [Localization System] CLocalize::FindSafe failed to localize: 'AIB[R] intent=tick-owner family=other stage=desire/idle-heal reason=ready score=46 band=lanework'
08/27 12:45:03 [Localization System] CLocalize::FindSafe failed to localize: 'AIB[D] intent=tick-owner family=other stage=desire/wave-watch reason=ready score=10 band=idle'
08/27 12:45:03 [Localization System] CLocalize::FindSafe failed to localize: 'AIB[R] intent=recovery-plan family=recover action=flask reason=inventory hp=70'
08/27 12:45:03 [Localization System] CLocalize::FindSafe failed to localize: 'AIB[R] blocked=harass reason=own_heal_running'
08/27 12:45:03 [Localization System] CLocalize::FindSafe failed to localize: 'AIB[D] intent=melee-pack-space family=safety count=3 dist=122'
08/27 12:45:04 [Localization System] CLocalize::FindSafe failed to localize: 'AIB[R] intent=top-arbiter family=state winner=anti-idle:2 losers=hero-over-creep:52,idle-heal:46,emergency-retreat:45,fwd-pullback:44,emergency-kill:43.5'
08/27 12:45:04 [Localization System] CLocalize::FindSafe failed to localize: 'AIB[D] intent=top-arbiter family=state winner=creep-work:38.6 losers=safe-cs:56,hero-over-creep:52,idle-heal:46,emergency-retreat:45,fwd-pullback:44'
08/27 12:45:04 [Localization System] CLocalize::FindSafe failed to localize: 'AIB[R] intent=tick-owner family=other stage=laning-core'
08/27 12:45:05 [Localization System] CLocalize::FindSafe failed to localize: 'AIB[D] intent=tick-owner family=other stage=laning-core'
08/27 12:45:05 [Localization System] CLocalize::FindSafe failed to localize: 'AIB[D] t=56s hp=56% gold=354 loc=36,151 lh=0 dn=1 dg=+7 dlh=+0 bottle=-1 lvl=1 front=9736 ehp=-1'
08/27 12:45:05 [Localization System] CLocalize::FindSafe failed to localize: 'AIB[R] intent=top-arbiter family=state winner=anti-idle:2 losers=hero-over-creep:52,idle-heal:46,emergency-retreat:45,fwd-pullback:44,emergency-kill:43.5'
08/27 12:45:05 [Localization System] CLocalize::FindSafe failed to localize: 'AIB[D] intent=top-arbiter family=state winner=creep-work:38.6 losers=hero-over-creep:52,idle-heal:46,emergency-retreat:45,fwd-pullback:44,emergency-kill:43.5'
08/27 12:45:06 [Localization System] CLocalize::FindSafe failed to localize: 'AIB[D] blocked=hero-prio-chase reason=lane_work dist=1442 cs=false creep=true hp_adv=false kill_pressure=false close=false low_farm=false lane_override=false'
08/27 12:45:06 [Localization System] CLocalize::ConstructString failed to localize: '#DOTA_Tooltip_Ability_nevermore_frenzy_SummaryDescription'
08/27 12:45:06 [Localization System] CLocalize::FindSafe failed to localize: 'invalid index'
08/27 12:45:06 [Localization System] CLocalize::FindSafe failed to localize: 'AIB[R] intent=tick-owner family=other stage=laning-core'
08/27 12:45:07 [Localization System] CLocalize::FindSafe failed to localize: 'AIB[D] intent=tick-owner family=other stage=laning-core'
08/27 12:45:07 [Localization System] CLocalize::FindSafe failed to localize: 'AIB[R] intent=top-arbiter family=state winner=wave-watch:10 losers=hero-over-creep:52,idle-heal:46,emergency-retreat:45,fwd-pullback:44,emergency-kill:43.5'
08/27 12:45:07 [Localization System] CLocalize::FindSafe failed to localize: 'AIB[D] blocked=uphill-repo reason=not_trading'
08/27 12:45:07 [Localization System] CLocalize::FindSafe failed to localize: 'AIB[D] intent=top-arbiter family=state winner=creep-work:38.6 losers=hero-over-creep:52,idle-heal:46,emergency-retreat:45,fwd-pullback:44,emergency-kill:43.5'
08/27 12:45:07 [Localization System] CLocalize::FindSafe failed to localize: 'AIB[D] blocked=channel-interrupt reason=unsafe dist=1015 hp=60 kind=heal'
08/27 12:45:07 [Localization System] CLocalize::FindSafe failed to localize: 'AIB[R] t=58s hp=98% gold=294 loc=-690,-530 enemy-dist=996 lh=1 dn=1 dg=+7 dlh=+0 bottle=-1 lvl=2 front=8781 ehp=60'
08/27 12:45:07 [Localization System] CLocalize::FindSafe failed to localize: 'AIB[R] blocked=harass reason=own_heal_running'
08/27 12:45:07 [Localization System] CLocalize::FindSafe failed to localize: 'AIB[D] blocked=buy-loop reason=saving target=item_bottle head=item_bottle cost=675 gold=357 left=1'
08/27 12:45:07 [Localization System] CLocalize::FindSafe failed to localize: 'AIB[R] blocked=buy-loop reason=saving target=item_bottle head=item_bottle cost=675 gold=294 left=1'
08/27 12:45:08 [Localization System] CLocalize::FindSafe failed to localize: 'AIB[R] intent=top-arbiter family=state winner=wave-watch:10 losers=hero-over-creep:52,idle-heal:46,emergency-retreat:45,fwd-pullback:44,emergency-kill:43.5'
08/27 12:45:08 [Localization System] CLocalize::FindSafe failed to localize: 'AIB[R] intent=tick-owner family=other stage=laning-core'
08/27 12:45:09 [Localization System] CLocalize::FindSafe failed to localize: 'AIB[D] intent=top-arbiter family=state winner=creep-work:38.6 losers=hero-over-creep:52,idle-heal:46,emergency-retreat:45,fwd-pullback:44,emergency-kill:43.5'
08/27 12:45:09 [Localization System] CLocalize::FindSafe failed to localize: 'AIB[D] blocked=hero-prio-chase reason=lane_work dist=934 cs=true creep=true hp_adv=false kill_pressure=false close=false low_farm=false lane_override=false'
08/27 12:45:09 [Localization System] CLocalize::FindSafe failed to localize: 'AIB[D] intent=tick-owner family=other stage=laning-core'
08/27 12:45:10 [Localization System] CLocalize::FindSafe failed to localize: 'AIB[D] intent=state-desire-last-hit family=farm dist=489 reason=killable_creep score=140'
08/27 12:45:10 [Localization System] CLocalize::FindSafe failed to localize: 'AIB[R] blocked=visual-hold reason=creep_in_range held=2.0 hp=100 repeat=2 hard=false'
08/27 12:45:10 [Server] PR:IncrementIdleTime 1:[I:0:0] 2.27
08/27 12:45:10 [Localization System] CLocalize::FindSafe failed to localize: 'AIB[R] intent=top-arbiter family=state winner=creep-work:38.8 losers=hero-over-creep:52,idle-heal:46,emergency-retreat:45,fwd-pullback:44,emergency-kill:43.5'
08/27 12:45:10 [Localization System] CLocalize::FindSafe failed to localize: 'AIB[D] intent=damage-by-source family=other creep=11 tower=0 hero=478 mixed=0 death=0 other=0 stale=141 gaps=1'
08/27 12:45:10 [Localization System] CLocalize::FindSafe failed to localize: 'AIB[D] t=61s hp=65% gold=362 loc=36,151 enemy-dist=934 lh=0 dn=1 dg=+8 dlh=+0 bottle=-1 lvl=1 front=9736 ehp=100'
08/27 12:45:10 [Localization System] CLocalize::FindSafe failed to localize: 'AIB[D] intent=top-arbiter family=state winner=last-hit:158 losers=hero-over-creep:52,cs-inrange:50,idle-heal:46,emergency-retreat:45,fwd-pullback:44'
08/27 12:45:10 [Localization System] CLocalize::FindSafe failed to localize: 'AIB[R] intent=damage-by-source family=other creep=12 tower=0 hero=362 mixed=0 death=0 other=63 stale=0 gaps=0'
08/27 12:45:10 [Localization System] CLocalize::FindSafe failed to localize: 'AIB[R] intent=tick-owner family=other stage=laning-core'
08/27 12:45:11 [Localization System] CLocalize::FindSafe failed to localize: 'AIB[D] intent=tick-owner family=other stage=laning-core'
08/27 12:45:11 [Localization System] CLocalize::FindSafe failed to localize: 'AIB[D] blocked=uphill-repo reason=not_trading'
08/27 12:45:11 [Localization System] CLocalize::FindSafe failed to localize: 'AIB[R] blocked=harass reason=own_heal_running'
08/27 12:45:12 [Localization System] CLocalize::FindSafe failed to localize: 'AIB[R] intent=top-arbiter family=state winner=wave-watch:10 losers=hero-over-creep:52,idle-heal:46,emergency-retreat:45,fwd-pullback:44,emergency-kill:43.5'
08/27 12:45:12 [Localization System] CLocalize::FindSafe failed to localize: 'AIB[D] blocked=hero-prio-chase reason=lane_work dist=934 cs=false creep=true hp_adv=false kill_pressure=false close=false low_farm=false lane_override=false'
08/27 12:45:12 [Localization System] CLocalize::FindSafe failed to localize: 'AIB[D] intent=top-arbiter family=state winner=creep-work:38.6 losers=hero-over-creep:52,idle-heal:46,emergency-retreat:45,fwd-pullback:44,emergency-kill:43.5'
08/27 12:45:12 [Localization System] CLocalize::FindSafe failed to localize: 'AIB[R] blocked=visual-hold reason=creep_in_range held=4.2 hp=100 repeat=4 hard=true'
08/27 12:45:12 [Localization System] CLocalize::FindSafe failed to localize: 'AIB[R] intent=state-desire-last-hit family=farm dist=501 reason=killable_creep score=140'
08/27 12:45:12 [Localization System] CLocalize::FindSafe failed to localize: 'AIB[D] blocked=channel-interrupt reason=unsafe dist=934 hp=69 kind=heal'
08/27 12:45:12 [Localization System] CLocalize::FindSafe failed to localize: 'AIB[R] t=63s hp=100% gold=302 loc=-633,-500 enemy-dist=934 lh=1 dn=2 dg=+8 dlh=+0 bottle=-1 lvl=2 front=8764 ehp=70'
08/27 12:45:13 [Localization System] CLocalize::FindSafe failed to localize: 'AIB[R] intent=tick-owner family=other stage=laning-core'
08/27 12:45:13 [Localization System] CLocalize::FindSafe failed to localize: 'AIB[R] intent=top-arbiter family=state winner=wave-watch:10 losers=hero-over-creep:52,idle-heal:46,emergency-retreat:45,fwd-pullback:44,emergency-kill:43.5'
08/27 12:45:13 [Localization System] CLocalize::FindSafe failed to localize: 'AIB[D] intent=tick-owner family=other stage=laning-core'
08/27 12:45:13 [Localization System] CLocalize::FindSafe failed to localize: 'AIB[D] intent=top-arbiter family=state winner=creep-work:38.6 losers=hero-over-creep:52,idle-heal:46,emergency-retreat:45,fwd-pullback:44,emergency-kill:43.5'
08/27 12:45:14 [Localization System] CLocalize::FindSafe failed to localize: 'AIB[R] blocked=visual-hold reason=creep_in_range held=6.3 hp=100 repeat=6 hard=true'
08/27 12:45:14 [Localization System] CLocalize::FindSafe failed to localize: 'AIB[R] blocked=fight-candidate reason=no_action_capped hp=100 score=40'
08/27 12:45:14 [Localization System] CLocalize::FindSafe failed to localize: 'AIB[D] blocked=fight-candidate reason=no_action_capped hp=73 score=40'
08/27 12:45:15 [Localization System] CLocalize::FindSafe failed to localize: 'AIB[R] intent=state-desire-last-hit family=farm dist=476 reason=killable_creep score=140'
08/27 12:45:15 [Localization System] CLocalize::FindSafe failed to localize: 'AIB[D] intent=recovery-plan family=recover action=buy_flask reason=critical hp=74 gold=368 count=1'
08/27 12:45:15 [Localization System] CLocalize::FindSafe failed to localize: 'AIB[R] intent=top-arbiter family=state winner=last-hit:158 losers=hero-over-creep:52,cs-inrange:50,idle-heal:46,emergency-retreat:45,fwd-pullback:44'
08/27 12:45:15 [Localization System] CLocalize::FindSafe failed to localize: 'AIB[R] intent=tick-owner family=other stage=laning-core'
08/27 12:45:15 [Localization System] CLocalize::FindSafe failed to localize: 'AIB[D] blocked=hero-prio-chase reason=lane_work dist=853 cs=false creep=true hp_adv=false kill_pressure=false close=false low_farm=false lane_override=false'
08/27 12:45:15 [Localization System] CLocalize::FindSafe failed to localize: 'AIB[D] intent=top-arbiter family=state winner=creep-work:38.6 losers=hero-over-creep:52,idle-heal:46,emergency-retreat:45,fwd-pullback:44,emergency-kill:43.5'
08/27 12:45:15 [Localization System] CLocalize::FindSafe failed to localize: 'AIB[D] t=66s hp=75% gold=269 loc=36,151 enemy-dist=853 lh=0 dn=1 dg=-93 dlh=+0 bottle=-1 lvl=1 front=9693 ehp=100'
08/27 12:45:15 [Localization System] CLocalize::FindSafe failed to localize: 'AIB[D] blocked=uphill-repo reason=not_trading'
08/27 12:45:15 [Localization System] CLocalize::FindSafe failed to localize: 'AIB[D] intent=tick-owner family=other stage=laning-core'
08/27 12:45:15 [Localization System] CLocalize::FindSafe failed to localize: 'AIB[D] blocked=buy-loop reason=saving target=item_bottle head=item_bottle cost=675 gold=269 left=1'
08/27 12:45:15 [Localization System] CLocalize::FindSafe failed to localize: 'AIB[R] blocked=buy-loop reason=saving target=item_bottle head=item_bottle cost=675 gold=306 left=1'
08/27 12:45:15 [Localization System] CLocalize::FindSafe failed to localize: 'AIB[R] intent=recovery-plan family=recover action=buy_flask reason=critical hp=100 gold=306 count=2'
08/27 12:45:15 [Localization System] CLocalize::FindSafe failed to localize: 'AIB[R] blocked=harass reason=own_heal_running'
08/27 12:45:16 [Localization System] CLocalize::FindSafe failed to localize: 'AIB[R] intent=state-desire-fight family=state base=78 hp_adv=8 dist=853 hp=100 ehp=76 reason=enemy_seen score=86'
08/27 12:45:16 [Localization System] CLocalize::FindSafe failed to localize: 'AIB[R] blocked=top-arbiter reason=empty_action winner=fight score=86'
08/27 12:45:16 [Localization System] CLocalize::FindSafe failed to localize: 'AIB[D] intent=melee-pack-space family=safety count=2 dist=124'
08/27 12:45:17 [Localization System] CLocalize::FindSafe failed to localize: 'AIB[D] intent=top-arbiter family=state winner=creep-work:38.6 losers=hero-over-creep:52,idle-heal:46,emergency-retreat:45,fwd-pullback:44,emergency-kill:43.5'
08/27 12:45:17 [Localization System] CLocalize::FindSafe failed to localize: 'AIB[R] intent=top-arbiter family=state winner=anti-idle:2 losers=hero-over-creep:52,idle-heal:46,emergency-retreat:45,fwd-pullback:44,emergency-kill:43.5'
08/27 12:45:17 [Localization System] CLocalize::FindSafe failed to localize: 'AIB[R] intent=tick-owner family=other stage=laning-core'
08/27 12:45:17 [Localization System] CLocalize::FindSafe failed to localize: 'AIB[R] intent=hero-contact family=fight dist=775 hp=100 reason=close_enemy'
08/27 12:45:17 [Localization System] CLocalize::FindSafe failed to localize: 'AIB[D] intent=tick-owner family=other stage=laning-core'
08/27 12:45:17 [Localization System] CLocalize::FindSafe failed to localize: 'invalid index'
08/27 12:45:17 [Localization System] CLocalize::FindSafe failed to localize: 'AIB[R] t=68s hp=100% gold=246 loc=-387,-307 enemy-dist=715 lh=2 dn=2 dg=-56 dlh=+1 bottle=-1 lvl=2 front=9158 ehp=77'
08/27 12:45:17 [Localization System] CLocalize::FindSafe failed to localize: 'AIB[R] blocked=hero-pass reason=chase_into_tower hp=100'
08/27 12:45:17 [Localization System] CLocalize::FindSafe failed to localize: 'AIB[D] blocked=fight-candidate reason=no_action_capped hp=77 score=40'
08/27 12:45:18 [Server] Client (account 0) tried to execute invalid order (101). Ability can't be cast with a position
08/27 12:45:18 [Localization System] CLocalize::FindSafe failed to localize: 'AIB[R] intent=state-desire-fight family=state base=78 range=18 hp_adv=8 dist=623 hp=100 ehp=77 hyst=18 reason=enemy_seen score=122'
08/27 12:45:18 [Localization System] CLocalize::FindSafe failed to localize: 'AIB[R] blocked=top-arbiter reason=empty_action winner=fight score=122'
08/27 12:45:18 [Server] Client (account 0) tried to execute invalid order (101). Ability can't be cast with a position
08/27 12:45:18 [Localization System] CLocalize::FindSafe failed to localize: 'AIB[D] intent=state-desire-fight family=state base=78 range=18 dist=593 hp=77 ehp=100 reason=enemy_seen score=96'
08/27 12:45:18 [Localization System] CLocalize::FindSafe failed to localize: 'AIB[D] blocked=hero-contact reason=uphill dist=573 hp=77'
08/27 12:45:18 [Localization System] CLocalize::FindSafe failed to localize: 'AIB[D] blocked=hero-pass reason=uphill hp=77'
08/27 12:45:18 [Localization System] CLocalize::FindSafe failed to localize: 'AIB[D] blocked=top-arbiter reason=empty_action winner=fight score=114'
08/27 12:45:18 [Localization System] CLocalize::FindSafe failed to localize: 'AIB[D] blocked=hero-prio-chase reason=lane_work dist=573 cs=false creep=true hp_adv=false kill_pressure=false close=false low_farm=false lane_override=false'
08/27 12:45:18 [Localization System] CLocalize::FindSafe failed to localize: 'AIB[D] intent=top-arbiter family=state winner=creep-work:38.6 losers=fight:114,hero-over-creep:52,idle-heal:46,emergency-retreat:45,fwd-pullback:44'
08/27 12:45:18 [Localization System] CLocalize::FindSafe failed to localize: 'AIB[R] intent=hero-pass family=fight dist=573 hp=100 reason=nearby_enemy'
08/27 12:45:18 [Localization System] CLocalize::FindSafe failed to localize: 'AIB[D] blocked=hero-prio-always reason=uphill'
08/27 12:45:18 [Server] Client (account 0) tried to execute invalid order (101). Ability can't be cast with a position
08/27 12:45:18 [Localization System] CLocalize::FindSafe failed to localize: 'AIB[R] intent=top-arbiter family=state winner=ability-harass:36 losers=fight:122,hero-over-creep:52,idle-heal:46,emergency-retreat:45,fwd-pullback:44'
08/27 12:45:19 [Server] Client (account 0) tried to execute invalid order (101). Ability can't be cast with a position
08/27 12:45:19 [Server] Client (account 0) tried to execute invalid order (101). Ability can't be cast with a position
08/27 12:45:19 [Server] Client (account 0) tried to execute invalid order (101). Ability can't be cast with a position
08/27 12:45:19 [Server] Client (account 0) tried to execute invalid order (101). Ability can't be cast with a position
08/27 12:45:19 [Server] Client (account 0) tried to execute invalid order (101). Ability can't be cast with a position
08/27 12:45:19 [Localization System] CLocalize::FindSafe failed to localize: 'AIB[R] intent=tick-owner family=other stage=laning-core'
08/27 12:45:19 [Server] Client (account 0) tried to execute invalid order (101). Ability can't be cast with a position
08/27 12:45:19 [Server] Client (account 0) tried to execute invalid order (101). Ability can't be cast with a position
08/27 12:45:19 [Server] Client (account 0) tried to execute invalid order (101). Ability can't be cast with a position
08/27 12:45:19 [Server] Client (account 0) tried to execute invalid order (101). Ability can't be cast with a position
08/27 12:45:19 [Localization System] CLocalize::FindSafe failed to localize: 'AIB[D] intent=hero-contact family=fight dist=573 hp=71 reason=attackable_enemy'
08/27 12:45:19 [Localization System] CLocalize::FindSafe failed to localize: 'AIB[D] intent=tick-owner family=other stage=laning-core'
08/27 12:45:19 [Localization System] CLocalize::FindSafe failed to localize: 'AIB[R] intent=state-desire-fight family=state base=78 range=18 hp_adv=8 dist=573 hp=100 ehp=71 hyst=18 reason=enemy_seen score=122'
08/27 12:45:19 [Server] Client (account 0) tried to execute invalid order (101). Ability can't be cast with a position
08/27 12:45:19 [Localization System] CLocalize::FindSafe failed to localize: 'AIB[D] intent=state-desire-fight family=state base=78 range=18 dist=573 hp=71 ehp=100 hyst=18 reason=enemy_seen score=114'
08/27 12:45:20 [Server] Client (account 0) tried to execute invalid order (101). Ability can't be cast with a position
08/27 12:45:20 [Localization System] CLocalize::FindSafe failed to localize: 'AIB[D] intent=top-arbiter family=state winner=fight:114 losers=hero-over-creep:52,idle-heal:46,emergency-retreat:45,fwd-pullback:44,emergency-kill:43.5'
08/27 12:45:20 [Localization System] CLocalize::FindSafe failed to localize: 'AIB[D] intent=hero-pass family=fight dist=573 hp=71 reason=nearby_enemy'
08/27 12:45:20 [Localization System] CLocalize::FindSafe failed to localize: 'AIB[R] intent=creep-aggro family=safety hp=98 reason=creep_hitting'
08/27 12:45:20 [Server] Client (account 0) tried to execute invalid order (101). Ability can't be cast with a position
08/27 12:45:20 [Localization System] CLocalize::FindSafe failed to localize: 'AIB[D] blocked=top-arbiter reason=empty_action winner=fight score=114'
08/27 12:45:20 [Localization System] CLocalize::FindSafe failed to localize: 'AIB[D] blocked=hero-prio-always reason=hp_behind'
08/27 12:45:20 [Server] Client (account 0) tried to execute invalid order (101). Ability can't be cast with a position
08/27 12:45:20 [Localization System] CLocalize::FindSafe failed to localize: 'AIB[R] intent=top-arbiter family=state winner=fight:122 losers=safety:116,hero-over-creep:52,idle-heal:46,emergency-retreat:45,fwd-pullback:44'
08/27 12:45:20 [Server] Client (account 0) tried to execute invalid order (101). Ability can't be cast with a position
08/27 12:45:20 [Server] Client (account 0) tried to execute invalid order (101). Ability can't be cast with a position
08/27 12:45:20 [Server] Client (account 0) tried to execute invalid order (101). Ability can't be cast with a position
08/27 12:45:20 [Localization System] CLocalize::FindSafe failed to localize: 'AIB[D] t=71s hp=72% gold=312 loc=96,220 enemy-dist=573 lh=1 dn=1 dg=+43 dlh=+1 bottle=-1 lvl=2 front=9335 ehp=99'
08/27 12:45:20 Script function 'Think' on bot npc_dota_hero_nevermore took 2.073ms
08/27 12:45:20 [Server] Client (account 0) tried to execute invalid order (101). Ability can't be cast with a position
08/27 12:45:21 [Server] Client (account 0) tried to execute invalid order (101). Ability can't be cast with a position
08/27 12:45:21 [Server] Client (account 0) tried to execute invalid order (101). Ability can't be cast with a position
08/27 12:45:21 [Server] Client (account 0) tried to execute invalid order (101). Ability can't be cast with a position
08/27 12:45:21 [Localization System] CLocalize::FindSafe failed to localize: 'AIB[R] intent=state-desire-fight family=state base=78 range=18 hp_adv=8 dist=573 hp=90 ehp=65 hyst=18 reason=enemy_seen score=122'
08/27 12:45:21 [Localization System] CLocalize::FindSafe failed to localize: 'AIB[R] intent=arbiter family=fight winner=creep-aggro:112 losers=hero-pass:105'
08/27 12:45:21 [Localization System] CLocalize::FindSafe failed to localize: 'AIB[R] intent=tick-owner family=other stage=fight intent=creep-aggro'
08/27 12:45:21 [Localization System] CLocalize::FindSafe failed to localize: 'AIB[D] intent=state-desire-fight family=state base=78 range=18 dist=573 hp=65 ehp=90 hyst=18 reason=enemy_seen score=114'
08/27 12:45:21 [Server] Client (account 0) tried to execute invalid order (101). Ability can't be cast with a position
08/27 12:45:21 [Server] Client (account 0) tried to execute invalid order (101). Ability can't be cast with a position
08/27 12:45:21 [Localization System] CLocalize::FindSafe failed to localize: 'AIB[D] intent=top-arbiter family=state winner=fight:114 losers=hero-over-creep:52,idle-heal:46,emergency-retreat:45,fwd-pullback:44,emergency-kill:43.5'
08/27 12:45:21 [Server] Client (account 0) tried to execute invalid order (101). Ability can't be cast with a position
08/27 12:45:21 [Server] Client (account 0) tried to execute invalid order (101). Ability can't be cast with a position
08/27 12:45:21 [Localization System] CLocalize::FindSafe failed to localize: 'AIB[D] intent=tick-owner family=other stage=laning-core'
08/27 12:45:21 [Server] Client (account 0) tried to execute invalid order (101). Ability can't be cast with a position
08/27 12:45:22 [Server] Client (account 0) tried to execute invalid order (101). Ability can't be cast with a position
08/27 12:45:22 [Localization System] CLocalize::FindSafe failed to localize: 'AIB[R] intent=top-arbiter family=state winner=fight:122 losers=safety:116,hero-over-creep:52,idle-heal:46,emergency-retreat:45,fwd-pullback:44'
08/27 12:45:22 [Server] Client (account 0) tried to execute invalid order (101). Ability can't be cast with a position
08/27 12:45:22 [Server] Client (account 0) tried to execute invalid order (101). Ability can't be cast with a position
08/27 12:45:22 [Server] Client (account 0) tried to execute invalid order (101). Ability can't be cast with a position
08/27 12:45:22 [Server] Client (account 0) tried to execute invalid order (101). Ability can't be cast with a position
08/27 12:45:22 [Localization System] CLocalize::FindSafe failed to localize: 'AIB[R] intent=state-desire-last-hit family=farm dist=444 reason=killable_creep score=140'
08/27 12:45:22 [Localization System] CLocalize::FindSafe failed to localize: 'AIB[R] intent=state-desire-safety family=state base=108 creep_dmg=8 hp=81 creep=true hero=true reason=recent_damage score=116'
08/27 12:45:22 [Localization System] CLocalize::FindSafe failed to localize: 'AIB[R] intent=creep-hit-react family=safety dist=444 hp=81 hits=1 reason=attack'
08/27 12:45:22 [Server] Client (account 0) tried to execute invalid order (101). Ability can't be cast with a position
08/27 12:45:22 [Localization System] CLocalize::FindSafe failed to localize: 'AIB[R] t=73s hp=81% gold=253 loc=-281,-210 enemy-dist=573 lh=2 dn=2 dg=+7 dlh=+0 bottle=-1 lvl=2 front=8736 ehp=66'
08/27 12:45:22 [Localization System] CLocalize::FindSafe failed to localize: 'AIB[R] blocked=safety-candidate reason=no_action_capped hp=81 score=44'
08/27 12:45:23 [Server] Client (account 0) tried to execute invalid order (101). Ability can't be cast with a position
08/27 12:45:23 [Localization System] CLocalize::FindSafe failed to localize: 'AIB[D] intent=state-desire-fight family=state base=78 range=18 dist=573 hp=66 ehp=81 hyst=18 reason=enemy_seen score=114'
08/27 12:45:23 [Server] Client (account 0) tried to execute invalid order (101). Ability can't be cast with a position
08/27 12:45:23 [Localization System] CLocalize::FindSafe failed to localize: 'AIB[D] intent=top-arbiter family=state winner=fight:114 losers=hero-over-creep:52,idle-heal:46,emergency-retreat:45,fwd-pullback:44,emergency-kill:43.5'
08/27 12:45:23 [Server] Client (account 0) tried to execute invalid order (101). Ability can't be cast with a position
08/27 12:45:23 [Localization System] CLocalize::FindSafe failed to localize: 'AIB[R] intent=state-desire-fight family=state base=78 range=18 dist=573 hp=72 ehp=66 reason=enemy_seen score=96'
08/27 12:45:23 [Server] Client (account 0) tried to execute invalid order (101). Ability can't be cast with a position
08/27 12:45:23 [Localization System] CLocalize::FindSafe failed to localize: 'AIB[R] intent=hero-contact family=fight dist=573 hp=72 reason=attackable_enemy'
08/27 12:45:23 [Server] Client (account 0) tried to execute invalid order (101). Ability can't be cast with a position
08/27 12:45:23 [Localization System] CLocalize::FindSafe failed to localize: 'AIB[R] intent=top-arbiter family=state winner=safety:116 losers=fight:114,hero-over-creep:52,idle-heal:46,emergency-retreat:45,fwd-pullback:44'
08/27 12:45:23 [Localization System] CLocalize::FindSafe failed to localize: 'AIB[R] intent=tick-owner family=other stage=laning-core'
08/27 12:45:23 [Localization System] CLocalize::FindSafe failed to localize: 'AIB[D] blocked=hero-contact reason=uphill dist=573 hp=66'
08/27 12:45:23 [Localization System] CLocalize::FindSafe failed to localize: 'AIB[D] blocked=hero-pass reason=uphill hp=66'
08/27 12:45:23 [Localization System] CLocalize::FindSafe failed to localize: 'AIB[D] blocked=top-arbiter reason=empty_action winner=fight score=114'
08/27 12:45:23 [Localization System] CLocalize::ConstructString failed to localize: '#DOTA_Tooltip_Ability_nevermore_requiem_SummaryDescription'
08/27 12:45:23 [Localization System] CLocalize::FindSafe failed to localize: 'AIB[R] intent=arbiter family=fight winner=hero-pass:105 losers=creep-aggro:82'
08/27 12:45:23 [Localization System] CLocalize::FindSafe failed to localize: 'AIB[R] intent=hero-pass family=fight dist=573 hp=73 reason=nearby_enemy'
08/27 12:45:23 [Localization System] CLocalize::ConstructString failed to localize: '#DOTA_Tooltip_Ability_nevermore_dark_lord_SummaryDescription'
08/27 12:45:23 [Server] Client (account 0) tried to execute invalid order (101). Ability can't be cast with a position
08/27 12:45:23 [Localization System] CLocalize::FindSafe failed to localize: 'AIB[D] blocked=buy-loop reason=saving target=item_bottle head=item_bottle cost=675 gold=316 left=1'
08/27 12:45:23 [Localization System] CLocalize::FindSafe failed to localize: 'AIB[R] blocked=buy-loop reason=saving target=item_bottle head=item_bottle cost=675 gold=297 left=1'
08/27 12:45:23 [Localization System] CLocalize::FindSafe failed to localize: 'AIB[D] intent=tick-owner family=other stage=laning-core'
08/27 12:45:24 [Localization System] CLocalize::FindSafe failed to localize: 'AIB[D] blocked=fight-candidate reason=no_action_capped hp=66 score=40'
08/27 12:45:24 [Server] Client (account 0) tried to execute invalid order (101). Ability can't be cast with a position
08/27 12:45:24 [Localization System] CLocalize::FindSafe failed to localize: 'AIB[D] blocked=hero-prio-chase reason=lane_work dist=633 cs=false creep=true hp_adv=false kill_pressure=false close=false low_farm=false lane_override=false'
08/27 12:45:24 [Localization System] CLocalize::FindSafe failed to localize: 'AIB[D] blocked=visual-hold reason=hero_in_range held=20.6 hp=67 repeat=1 hard=true'
08/27 12:45:24 [Server] Client (account 0) tried to execute invalid order (101). Ability can't be cast with a position
08/27 12:45:24 [Localization System] CLocalize::FindSafe failed to localize: 'AIB[R] blocked=top-arbiter reason=empty_action winner=fight score=96'
08/27 12:45:24 [Localization System] CLocalize::FindSafe failed to localize: 'AIB[D] intent=top-arbiter family=state winner=idle-heal:46 losers=hero-over-creep:52,emergency-retreat:45,fwd-pullback:44,emergency-kill:43.5,uphill:43'
08/27 12:45:25 [Localization System] CLocalize::FindSafe failed to localize: 'AIB[D] intent=damage-by-source family=other creep=11 tower=0 hero=566 mixed=0 death=0 other=0 stale=141 gaps=1'
08/27 12:45:25 [Localization System] CLocalize::FindSafe failed to localize: 'AIB[D] t=76s hp=66% gold=319 loc=578,250 enemy-dist=1301 lh=1 dn=1 dg=+7 dlh=+0 bottle=-1 lvl=2 front=9091 ehp=74'
08/27 12:45:25 [Localization System] CLocalize::FindSafe failed to localize: 'AIB[R] intent=damage-by-source family=other creep=32 tower=0 hero=410 mixed=113 death=0 other=63 stale=0 gaps=0'
08/27 12:45:25 [Localization System] CLocalize::FindSafe failed to localize: 'AIB[D] intent=tick-owner family=other stage=laning-core'
08/27 12:45:26 [Localization System] CLocalize::FindSafe failed to localize: 'AIB[D] intent=top-arbiter family=state winner=idle-heal:46 losers=hero-over-creep:52,emergency-retreat:45,fwd-pullback:44,emergency-kill:43.5,uphill:43'
08/27 12:45:26 [Localization System] CLocalize::FindSafe failed to localize: 'AIB[R] intent=top-arbiter family=state winner=wave-watch:10 losers=hero-over-creep:52,idle-heal:46,emergency-retreat:45,fwd-pullback:44,emergency-kill:43.5'
08/27 12:45:26 [Localization System] CLocalize::FindSafe failed to localize: 'AIB[R] intent=tick-owner family=other stage=desire/wave-watch reason=ready score=10 band=idle'
08/27 12:45:27 [Localization System] CLocalize::FindSafe failed to localize: 'AIB[R] blocked=visual-hold reason=creep_in_range held=2.1 hp=74 repeat=7 hard=true'
08/27 12:45:27 [Localization System] CLocalize::FindSafe failed to localize: 'AIB[D] blocked=hero-prio-chase reason=lane_work dist=1239 cs=false creep=false hp_adv=false kill_pressure=false close=false low_farm=false lane_override=false'
08/27 12:45:27 [Server] PR:IncrementIdleTime 1:[I:0:0] 2.23
08/27 12:45:27 [Localization System] CLocalize::FindSafe failed to localize: 'AIB[R] intent=melee-pack-space family=safety count=2 dist=140'
08/27 12:45:27 [Localization System] CLocalize::FindSafe failed to localize: 'AIB[D] intent=top-arbiter family=state winner=wave-watch:10 losers=hero-over-creep:52,idle-heal:46,emergency-retreat:45,fwd-pullback:44,emergency-kill:43.5'
08/27 12:45:28 [Localization System] CLocalize::FindSafe failed to localize: 'AIB[R] t=78s hp=75% gold=304 loc=-386,-343 enemy-dist=951 lh=3 dn=2 dg=+51 dlh=+1 bottle=-1 lvl=2 front=8985 ehp=69'
08/27 12:45:28 [Localization System] CLocalize::FindSafe failed to localize: 'AIB[R] intent=top-arbiter family=state winner=wave-watch:10 losers=hero-over-creep:52,idle-heal:46,emergency-retreat:45,fwd-pullback:44,emergency-kill:43.5'
08/27 12:45:28 [Localization System] CLocalize::FindSafe failed to localize: 'AIB[D] intent=tick-owner family=other stage=laning-core'
08/27 12:45:28 [Localization System] CLocalize::FindSafe failed to localize: 'AIB[R] intent=tick-owner family=other stage=desire/wave-watch reason=ready score=10 band=idle'
08/27 12:45:28 [Localization System] CLocalize::FindSafe failed to localize: 'AIB[D] blocked=fight-candidate reason=no_action_capped hp=71 score=40'
08/27 12:45:28 [Localization System] CLocalize::FindSafe failed to localize: 'AIB[R] intent=state-desire-fight family=state base=78 dist=874 hp=75 ehp=71 reason=enemy_seen score=78'
08/27 12:45:28 [Localization System] CLocalize::FindSafe failed to localize: 'AIB[R] blocked=top-arbiter reason=empty_action winner=fight score=78'
08/27 12:45:29 [Localization System] CLocalize::FindSafe failed to localize: 'AIB[R] intent=own-ranged-lead family=other lead=320 count=3'
08/27 12:45:29 [Localization System] CLocalize::FindSafe failed to localize: 'AIB[D] intent=top-arbiter family=state winner=creep-work:38.6 losers=hero-over-creep:52,idle-heal:46,emergency-retreat:45,fwd-pullback:44,emergency-kill:43.5'
08/27 12:45:29 [Localization System] CLocalize::FindSafe failed to localize: 'AIB[R] intent=top-arbiter family=state winner=creep-work:38.8 losers=hero-over-creep:52,idle-heal:46,emergency-retreat:45,fwd-pullback:44,emergency-kill:43.5'
08/27 12:45:29 [Localization System] CLocalize::FindSafe failed to localize: 'AIB[D] intent=state-desire-last-hit family=farm dist=441 reason=killable_creep score=140'
08/27 12:45:30 [Localization System] CLocalize::FindSafe failed to localize: 'AIB[D] blocked=uphill-repo reason=not_trading'
08/27 12:45:30 [Localization System] CLocalize::FindSafe failed to localize: 'AIB[D] intent=melee-pack-space family=safety count=2 dist=132'
08/27 12:45:30 [Localization System] CLocalize::FindSafe failed to localize: 'AIB[D] intent=tick-owner family=other stage=desire/ranged-spacing reason=ready score=41 band=lanework'
08/27 12:45:30 [Localization System] CLocalize::FindSafe failed to localize: 'AIB[R] intent=state-desire-fight family=state base=78 dist=876 hp=76 ehp=74 reason=enemy_seen score=78'
08/27 12:45:30 [Localization System] CLocalize::FindSafe failed to localize: 'AIB[R] blocked=top-arbiter reason=empty_action winner=fight score=78'
08/27 12:45:30 [Localization System] CLocalize::FindSafe failed to localize: 'AIB[D] intent=recovery-plan family=recover action=buy_flask reason=critical hp=74 gold=326 count=2'
08/27 12:45:30 [Localization System] CLocalize::FindSafe failed to localize: 'AIB[D] blocked=hero-prio-chase reason=lane_work dist=870 cs=false creep=true hp_adv=false kill_pressure=false close=false low_farm=false lane_override=false'
08/27 12:45:30 [Localization System] CLocalize::FindSafe failed to localize: 'AIB[R] intent=tick-owner family=other stage=desire/wave-watch reason=ready score=10 band=idle'
08/27 12:45:30 [Localization System] CLocalize::FindSafe failed to localize: 'AIB[D] t=81s hp=74% gold=227 loc=142,200 enemy-dist=870 lh=1 dn=1 dg=-92 dlh=+0 bottle=-1 lvl=2 front=9525 ehp=76'
08/27 12:45:30 [Localization System] CLocalize::FindSafe failed to localize: 'AIB[R] blocked=recovery-buy reason=budget_cap hp=76 gold=308 count=2 allow=2'
08/27 12:45:31 [Localization System] CLocalize::FindSafe failed to localize: 'AIB[D] intent=top-arbiter family=state winner=creep-work:38.6 losers=hero-over-creep:52,idle-heal:46,emergency-retreat:45,fwd-pullback:44,emergency-kill:43.5'
08/27 12:45:31 [Localization System] CLocalize::FindSafe failed to localize: 'AIB[R] intent=top-arbiter family=state winner=wave-watch:10 losers=fight:78,hero-over-creep:52,idle-heal:46,emergency-retreat:45,fwd-pullback:44'
08/27 12:45:31 [Localization System] CLocalize::FindSafe failed to localize: 'AIB[D] blocked=fight-candidate reason=no_action_capped hp=76 score=40'
08/27 12:45:31 [Localization System] CLocalize::FindSafe failed to localize: 'AIB[D] blocked=buy-loop reason=saving target=item_bottle head=item_bottle cost=675 gold=228 left=1'
08/27 12:45:31 [Localization System] CLocalize::FindSafe failed to localize: 'AIB[R] blocked=buy-loop reason=saving target=item_bottle head=item_bottle cost=675 gold=309 left=1'
08/27 12:45:31 [Localization System] CLocalize::FindSafe failed to localize: 'AIB[R] intent=state-desire-fight family=state base=78 dist=870 hp=77 ehp=76 reason=enemy_seen score=78'
08/27 12:45:31 [Localization System] CLocalize::FindSafe failed to localize: 'AIB[R] blocked=top-arbiter reason=empty_action winner=fight score=78'
08/27 12:45:31 [Localization System] CLocalize::FindSafe failed to localize: 'AIB[R] intent=melee-pack-space family=safety count=3 dist=127'
08/27 12:45:32 [Localization System] CLocalize::FindSafe failed to localize: 'AIB[R] blocked=visual-hold reason=creep_in_range held=2.1 hp=77 repeat=8 hard=true'
08/27 12:45:32 [Localization System] CLocalize::FindSafe failed to localize: 'AIB[D] intent=tick-owner family=other stage=laning-core'
08/27 12:45:32 [Localization System] CLocalize::FindSafe failed to localize: 'AIB[D] intent=top-arbiter family=state winner=creep-work:38.6 losers=hero-over-creep:52,idle-heal:46,emergency-retreat:45,fwd-pullback:44,emergency-kill:43.5'
08/27 12:45:32 [Localization System] CLocalize::FindSafe failed to localize: 'AIB[R] intent=top-arbiter family=state winner=wave-watch:10 losers=fight:78,hero-over-creep:52,idle-heal:46,emergency-retreat:45,fwd-pullback:44'
08/27 12:45:32 [Localization System] CLocalize::FindSafe failed to localize: 'AIB[R] intent=tick-owner family=other stage=desire/wave-watch reason=ready score=10 band=idle'
08/27 12:45:33 [Localization System] CLocalize::FindSafe failed to localize: 'AIB[R] t=83s hp=66% gold=311 loc=-444,-378 enemy-dist=823 lh=3 dn=2 dg=+7 dlh=+0 bottle=-1 lvl=2 front=8937 ehp=78'
08/27 12:45:33 [Localization System] CLocalize::FindSafe failed to localize: 'AIB[D] blocked=hero-prio-chase reason=lane_work dist=823 cs=false creep=true hp_adv=false kill_pressure=false close=false low_farm=false lane_override=false'
08/27 12:45:33 [Localization System] CLocalize::FindSafe failed to localize: 'AIB[R] intent=state-desire-fight family=state base=78 dist=823 hp=67 ehp=79 reason=enemy_seen score=78'
08/27 12:45:33 [Localization System] CLocalize::FindSafe failed to localize: 'AIB[R] blocked=top-arbiter reason=empty_action winner=fight score=78'
08/27 12:45:33 [Localization System] CLocalize::FindSafe failed to localize: 'AIB[D] intent=state-desire-fight family=state base=78 dist=823 hp=68 ehp=67 reason=enemy_seen score=78'
08/27 12:45:33 [Localization System] CLocalize::FindSafe failed to localize: 'AIB[D] blocked=top-arbiter reason=empty_action winner=fight score=78'
08/27 12:45:34 [Localization System] CLocalize::FindSafe failed to localize: 'AIB[R] blocked=visual-hold reason=creep_in_range held=4.1 hp=67 repeat=10 hard=true'
08/27 12:45:34 [Localization System] CLocalize::FindSafe failed to localize: 'AIB[D] intent=hero-contact family=fight dist=783 hp=69 reason=close_enemy'
08/27 12:45:34 [Localization System] CLocalize::FindSafe failed to localize: 'AIB[D] intent=top-arbiter family=state winner=fight:78 losers=hero-over-creep:52,idle-heal:46,emergency-retreat:45,fwd-pullback:44,emergency-kill:43.5'
08/27 12:45:34 [Localization System] CLocalize::FindSafe failed to localize: 'AIB[R] intent=hero-contact family=fight dist=752 hp=67 reason=close_enemy'
08/27 12:45:34 [Localization System] CLocalize::FindSafe failed to localize: 'AIB[R] intent=top-arbiter family=state winner=fight:78 losers=hero-over-creep:52,idle-heal:46,emergency-retreat:45,fwd-pullback:44,emergency-kill:43.5'
08/27 12:45:34 [Localization System] CLocalize::FindSafe failed to localize: 'AIB[D] intent=hero-pass family=fight dist=723 hp=69 reason=nearby_enemy'
08/27 12:45:34 [Localization System] CLocalize::FindSafe failed to localize: 'AIB[D] intent=tick-owner family=other stage=fight intent=hero-pass'
08/27 12:45:34 [Localization System] CLocalize::FindSafe failed to localize: 'AIB[R] intent=hero-pass family=fight dist=727 hp=67 reason=nearby_enemy'
08/27 12:45:34 [Localization System] CLocalize::FindSafe failed to localize: 'AIB[R] intent=tick-owner family=other stage=desire/wave-watch reason=ready score=10 band=idle'
08/27 12:45:34 [Localization System] CLocalize::FindSafe failed to localize: 'AIB[R] intent=state-desire-fight family=state base=78 dist=809 hp=67 ehp=70 reason=enemy_seen score=78'
08/27 12:45:34 [Localization System] CLocalize::FindSafe failed to localize: 'AIB[R] blocked=top-arbiter reason=empty_action winner=fight score=78'
08/27 12:45:35 [Localization System] CLocalize::FindSafe failed to localize: 'AIB[D] intent=state-desire-fight family=state base=78 dist=761 hp=71 ehp=68 hyst=18 reason=enemy_seen score=96'
08/27 12:45:35 [Localization System] CLocalize::FindSafe failed to localize: 'AIB[D] blocked=top-arbiter reason=empty_action winner=fight score=96'
08/27 12:45:35 [Localization System] CLocalize::FindSafe failed to localize: 'AIB[D] intent=top-arbiter family=state winner=harass:40 losers=fight:78,hero-over-creep:52,idle-heal:46,emergency-retreat:45,fwd-pullback:44'
08/27 12:45:35 [Localization System] CLocalize::FindSafe failed to localize: 'AIB[R] intent=top-arbiter family=state winner=creep-work:38.8 losers=fight:78,hero-over-creep:52,idle-heal:46,emergency-retreat:45,fwd-pullback:44'
08/27 12:45:35 [Localization System] CLocalize::FindSafe failed to localize: 'AIB[D] t=86s hp=72% gold=234 loc=113,256 enemy-dist=809 lh=1 dn=1 dg=+7 dlh=+0 bottle=-1 lvl=2 front=9571 ehp=68'
08/27 12:45:35 [Localization System] CLocalize::FindSafe failed to localize: 'AIB[D] blocked=fight-candidate reason=no_action_capped hp=72 score=40'
08/27 12:45:35 [Localization System] CLocalize::FindSafe failed to localize: 'AIB[D] intent=state-desire-last-hit family=farm dist=466 reason=killable_creep score=140'
08/27 12:45:36 [Localization System] CLocalize::FindSafe failed to localize: 'AIB[D] blocked=hero-prio-chase reason=lane_work dist=809 cs=false creep=true hp_adv=false kill_pressure=false close=false low_farm=false lane_override=false'
08/27 12:45:36 [Localization System] CLocalize::FindSafe failed to localize: 'AIB[D] intent=tick-owner family=other stage=desire/creep-work reason=ready score=39 band=lanework'
08/27 12:45:36 [Localization System] CLocalize::FindSafe failed to localize: 'AIB[R] intent=state-desire-last-hit family=farm dist=404 reason=killable_creep score=140'
08/27 12:45:36 [Localization System] CLocalize::FindSafe failed to localize: 'AIB[D] blocked=uphill-repo reason=not_trading'
08/27 12:45:36 [Localization System] CLocalize::FindSafe failed to localize: 'AIB[R] intent=state-desire-fight family=state base=78 dist=809 hp=68 ehp=73 reason=enemy_seen score=78'
08/27 12:45:36 [Localization System] CLocalize::FindSafe failed to localize: 'AIB[R] blocked=top-arbiter reason=empty_action winner=fight score=78'
08/27 12:45:36 [Localization System] CLocalize::FindSafe failed to localize: 'AIB[R] intent=tick-owner family=other stage=laning-core'
08/27 12:45:37 [Localization System] CLocalize::FindSafe failed to localize: 'AIB[D] intent=top-arbiter family=state winner=creep-work:38.6 losers=hero-over-creep:52,idle-heal:46,emergency-retreat:45,fwd-pullback:44,emergency-kill:43.5'
08/27 12:45:37 [Localization System] CLocalize::FindSafe failed to localize: 'AIB[R] intent=top-arbiter family=state winner=creep-work:38.8 losers=fight:78,hero-over-creep:52,idle-heal:46,emergency-retreat:45,fwd-pullback:44'
08/27 12:45:38 [Localization System] CLocalize::FindSafe failed to localize: 'AIB[R] t=88s hp=69% gold=357 loc=-439,-336 enemy-dist=809 lh=4 dn=2 dg=+46 dlh=+1 bottle=-1 lvl=2 front=8962 ehp=76'
08/27 12:45:38 [Localization System] CLocalize::FindSafe failed to localize: 'AIB[R] intent=state-desire-fight family=state base=78 dist=809 hp=69 ehp=76 reason=enemy_seen score=78'
08/27 12:45:38 [Localization System] CLocalize::FindSafe failed to localize: 'AIB[R] blocked=top-arbiter reason=empty_action winner=fight score=78'
08/27 12:45:38 [Localization System] CLocalize::FindSafe failed to localize: 'AIB[D] intent=tick-owner family=other stage=desire/creep-work reason=ready score=39 band=lanework'
08/27 12:45:38 [Localization System] CLocalize::FindSafe failed to localize: 'AIB[D] intent=top-arbiter family=state winner=creep-work:38.6 losers=hero-over-creep:52,idle-heal:46,emergency-retreat:45,fwd-pullback:44,emergency-kill:43.5'
08/27 12:45:38 [Localization System] CLocalize::FindSafe failed to localize: 'AIB[R] intent=tick-owner family=other stage=laning-core'
08/27 12:45:39 [Localization System] CLocalize::FindSafe failed to localize: 'AIB[R] intent=state-desire-last-hit family=farm dist=466 hyst=18 reason=killable_creep score=158'
08/27 12:45:39 [Localization System] CLocalize::FindSafe failed to localize: 'AIB[R] intent=top-arbiter family=state winner=last-hit:158 losers=fight:78,hero-over-creep:52,cs-inrange:50,idle-heal:46,emergency-retreat:45'
08/27 12:45:39 [Localization System] CLocalize::FindSafe failed to localize: 'AIB[D] blocked=fight-candidate reason=no_action_capped hp=77 score=40'
08/27 12:45:39 [Localization System] CLocalize::FindSafe failed to localize: 'AIB[R] blocked=recovery-buy reason=budget_cap hp=69 gold=358 count=2 allow=2'
08/27 12:45:39 [Localization System] CLocalize::FindSafe failed to localize: 'AIB[R] blocked=visual-hold reason=creep_in_range held=4.5 hp=69 repeat=11 hard=true'
08/27 12:45:39 [Localization System] CLocalize::FindSafe failed to localize: 'AIB[D] blocked=hero-prio-chase reason=lane_work dist=809 cs=false creep=true hp_adv=false kill_pressure=false close=false low_farm=false lane_override=false'
08/27 12:45:39 [Localization System] CLocalize::FindSafe failed to localize: 'AIB[D] blocked=buy-loop reason=saving target=item_bottle head=item_bottle cost=675 gold=277 left=1'
08/27 12:45:39 [Localization System] CLocalize::FindSafe failed to localize: 'AIB[R] blocked=buy-loop reason=saving target=item_bottle head=item_bottle cost=675 gold=397 left=1'
08/27 12:45:39 [Localization System] CLocalize::FindSafe failed to localize: 'AIB[R] intent=state-desire-fight family=state base=78 dist=809 hp=70 ehp=79 reason=enemy_seen score=78'
08/27 12:45:39 [Localization System] CLocalize::FindSafe failed to localize: 'AIB[R] blocked=top-arbiter reason=empty_action winner=fight score=78'
08/27 12:45:40 [Localization System] CLocalize::FindSafe failed to localize: 'AIB[D] intent=top-arbiter family=state winner=creep-work:38.6 losers=hero-over-creep:52,idle-heal:46,emergency-retreat:45,fwd-pullback:44,emergency-kill:43.5'
08/27 12:45:40 [Localization System] CLocalize::FindSafe failed to localize: 'AIB[R] intent=top-arbiter family=state winner=wave-watch:10 losers=fight:78,hero-over-creep:52,idle-heal:46,emergency-retreat:45,fwd-pullback:44'
08/27 12:45:40 [Localization System] CLocalize::FindSafe failed to localize: 'AIB[D] intent=damage-by-source family=other creep=20 tower=0 hero=566 mixed=0 death=0 other=72 stale=141 gaps=1'
08/27 12:45:40 [Localization System] CLocalize::FindSafe failed to localize: 'AIB[D] blocked=uphill-repo reason=not_trading'
08/27 12:45:40 [Localization System] CLocalize::FindSafe failed to localize: 'AIB[D] intent=tick-owner family=other stage=desire/creep-work reason=ready score=39 band=lanework'
08/27 12:45:40 [Localization System] CLocalize::FindSafe failed to localize: 'AIB[R] intent=state-desire-last-hit family=farm dist=492 reason=killable_creep score=140'
08/27 12:45:40 [Localization System] CLocalize::FindSafe failed to localize: 'AIB[R] intent=damage-by-source family=other creep=32 tower=0 hero=410 mixed=113 death=0 other=129 stale=0 gaps=0'
08/27 12:45:40 [Localization System] CLocalize::FindSafe failed to localize: 'AIB[R] intent=tick-owner family=other stage=laning-core'
08/27 12:45:40 [Localization System] CLocalize::FindSafe failed to localize: 'AIB[D] t=91s hp=81% gold=279 loc=113,256 enemy-dist=809 lh=2 dn=1 dg=+45 dlh=+1 bottle=-1 lvl=2 front=9524 ehp=70'
08/27 12:45:41 [Localization System] CLocalize::FindSafe failed to localize: 'AIB[R] intent=recovery-plan family=recover action=buy_flask reason=critical hp=70 gold=400 count=3'
08/27 12:45:41 [Localization System] CLocalize::FindSafe failed to localize: 'AIB[D] ability-harass=72 anti-idle-enter=4 anti-idle-lane=3 anti-idle-lowhp-back=1 cs-wait-release=6 cs-wait=3 cs-walk-gap-small=3 cs-walk-inrange=1 cs-walk=4 cw-push=122 deny-act-atk=3 deny-act=3 deny-cand-doomed=1 deny-cand-tanky=2 fight-hp-behind=5 fwd-suppressed-empty=1 fwd-suppressed-motor=3 fwd-suppressed-tower=2 fwd-suppressed-visual=2 heal-item=1 hero-contact-atk=4 hero-contact-chase=2 hero-pass-atk=3 hero-pass-chase=2 hero-prio-chase-hold=1 hero-prio-chase=6 killwin-scan=460 lane-line-suppressed-heal=1 lane-line-suppressed-lowhp=3 lane-line-suppressed-motor=1 last-hit-urgent=11 low-hp-limit=1 melee-pack-release=6 melee-pack-space=4 pre-aig=4 precreep-anchor=36 precreep-hold=1 precreep-park-hold=12 precreep-park=184 prewave-duel-approach=41 prewave-duel-trade=54 prewave-duel-uphill-back=1 recover-xp=3 recovery-buy=2 recovery-enemy-near=91 recovery-regen=2 recovery-tango=2 regen-walk=1 tango-heal=2 uphill-reposition=1 uphill-void-under-fire=3 visual-hold-lane=2 wave-watch=3'
08/27 12:45:41 [Localization System] CLocalize::FindSafe failed to localize: 'AIB[R] ability-harass=46 anti-idle-enter=4 anti-idle-lane=3 creep-aggro-back=1 creep-aggro-hit=2 creep-dmg=2 creep-hit-react-atk=3 creep-hit-react-step=1 cs-wait-release=14 cs-wait=5 cs-walk-gap-large=1 cs-walk-gap-small=2 cs-walk-inrange=8 cs-walk-into-pack=4 cs-walk=11 deny-act-atk=11 deny-act=11 deny-cand-doomed=6 deny-cand-tanky=101 fwd-at-position=1 fwd-suppressed-creep=9 fwd-suppressed-damage=1 fwd-suppressed-empty=3 fwd-suppressed-hero=3 fwd-suppressed-motor=2 fwd-suppressed-tower=2 fwd-suppressed-visual=1 hero-contact-atk=6 hero-contact-chase=4 hero-pass-atk=3 hero-pass-chase=2 idle=2 killwin-scan=490 lane-line-fallback=6 lane-line-suppressed-creep=3 lane-line-suppressed-damage=1 lane-line-suppressed-empty=4 lane-line-suppressed-heal=6 lane-line-suppressed-lowhp=1 last-hit-urgent=22 melee-pack-release=8 melee-pack-space=4 own-ranged-stepback=1 pre-aig=4 precreep-anchor=43 precreep-hold=3 precreep-park-hold=13 precreep-park=154 precreep-space=1 prewave-defend=1 prewave-free-hit=74 recovery-buy=3 recovery-enemy-near=133 recovery-flask=1 recovery-tango=1 tango-heal=1 uphill-reposition=1 uphill-void-under-fire=7 visual-hold-creep=18 visual-hold-lane=1 wave-watch=10'
08/27 12:45:41 [Localization System] CLocalize::FindSafe failed to localize: 'AIB[R] intent=state-desire-fight family=state base=78 dist=876 hp=70 ehp=81 reason=enemy_seen score=78'
08/27 12:45:41 [Localization System] CLocalize::FindSafe failed to localize: 'AIB[R] blocked=top-arbiter reason=empty_action winner=fight score=78'
08/27 12:45:42 Script function 'Think' on bot npc_dota_hero_nevermore took 2.220ms
08/27 12:45:42 [Localization System] CLocalize::FindSafe failed to localize: 'AIB[D] intent=top-arbiter family=state winner=creep-work:38.6 losers=hero-over-creep:52,idle-heal:46,emergency-retreat:45,fwd-pullback:44,emergency-kill:43.5'
08/27 12:45:42 [Localization System] CLocalize::FindSafe failed to localize: 'AIB[R] intent=top-arbiter family=state winner=creep-work:38.8 losers=hero-over-creep:52,idle-heal:46,emergency-retreat:45,fwd-pullback:44,emergency-kill:43.5'
08/27 12:45:42 [Localization System] CLocalize::FindSafe failed to localize: 'AIB[D] intent=state-desire-last-hit family=farm dist=460 reason=killable_creep score=140'
08/27 12:45:42 [Localization System] CLocalize::FindSafe failed to localize: 'AIB[D] intent=tick-owner family=other stage=laning-core'
08/27 12:45:42 [Localization System] CLocalize::FindSafe failed to localize: 'AIB[R] intent=tick-owner family=other stage=laning-core'
08/27 12:45:43 [Localization System] CLocalize::FindSafe failed to localize: 'AIB[R] t=93s hp=71% gold=303 loc=-449,-449 enemy-dist=901 lh=5 dn=2 dg=-54 dlh=+1 bottle=-1 lvl=2 front=9012 ehp=84'
08/27 12:45:43 [Localization System] CLocalize::FindSafe failed to localize: 'AIB[D] blocked=hero-prio-chase reason=lane_work dist=901 cs=true creep=true hp_adv=false kill_pressure=false close=false low_farm=false lane_override=false'
08/27 12:45:43 [Localization System] CLocalize::FindSafe failed to localize: 'AIB[D] intent=top-arbiter family=state winner=creep-work:38.6 losers=hero-over-creep:52,idle-heal:46,emergency-retreat:45,fwd-pullback:44,emergency-kill:43.5'
08/27 12:45:43 [Localization System] CLocalize::FindSafe failed to localize: 'AIB[R] intent=top-arbiter family=state winner=creep-work:38.8 losers=hero-over-creep:52,idle-heal:46,emergency-retreat:45,fwd-pullback:44,emergency-kill:43.5'
08/27 12:45:44 [Localization System] CLocalize::FindSafe failed to localize: 'AIB[D] intent=cs-watchdog family=farm lh=2 idle=18 creep_hp=231 dist=529'
08/27 12:45:44 [Localization System] CLocalize::FindSafe failed to localize: 'AIB[R] intent=state-desire-fight family=state base=78 dist=891 hp=72 ehp=84 reason=enemy_seen score=78'
08/27 12:45:44 [Localization System] CLocalize::FindSafe failed to localize: 'AIB[R] blocked=top-arbiter reason=empty_action winner=fight score=78'
08/27 12:45:44 [Localization System] CLocalize::FindSafe failed to localize: 'AIB[D] blocked=fight-candidate reason=no_action_capped hp=85 score=40'
08/27 12:45:44 [Localization System] CLocalize::FindSafe failed to localize: 'AIB[D] blocked=uphill-repo reason=not_trading'
08/27 12:45:44 [Localization System] CLocalize::FindSafe failed to localize: 'AIB[D] intent=tick-owner family=other stage=laning-core'
08/27 12:45:45 [Localization System] CLocalize::FindSafe failed to localize: 'AIB[D] intent=top-arbiter family=state winner=creep-work:38.6 losers=hero-over-creep:52,idle-heal:46,emergency-retreat:45,fwd-pullback:44,emergency-kill:43.5'
08/27 12:45:45 [Localization System] CLocalize::FindSafe failed to localize: 'AIB[D] intent=state-desire-safety family=state base=108 creep_dmg=8 hp=84 creep=true hero=false reason=recent_damage score=116'
08/27 12:45:45 [Localization System] CLocalize::FindSafe failed to localize: 'AIB[D] intent=creep-hit-react family=safety dist=468 hp=84 hits=1 reason=attack'
08/27 12:45:45 [Localization System] CLocalize::FindSafe failed to localize: 'AIB[R] blocked=visual-hold reason=empty held=2.0 hp=72 repeat=1 hard=false'
08/27 12:45:45 [Localization System] CLocalize::FindSafe failed to localize: 'AIB[R] intent=top-arbiter family=state winner=visual-hold:20 losers=fight:78,hero-over-creep:52,idle-heal:46,emergency-retreat:45,fwd-pullback:44'
08/27 12:45:45 [Localization System] CLocalize::FindSafe failed to localize: 'AIB[R] intent=tick-owner family=other stage=desire/visual-hold reason=ready score=20 band=position'
08/27 12:45:45 [Localization System] CLocalize::FindSafe failed to localize: 'AIB[D] blocked=safety-candidate reason=no_action_capped hp=84 score=44'
08/27 12:45:45 [Localization System] CLocalize::FindSafe failed to localize: 'AIB[R] intent=hero-contact family=fight dist=780 hp=72 reason=close_enemy'
08/27 12:45:45 [Localization System] CLocalize::FindSafe failed to localize: 'AIB[D] blocked=recovery-buy reason=flask_in_inventory hp=84'
08/27 12:45:45 [Server] Client (account 0) tried to execute invalid order (101). Ability can't be cast with a position
08/27 12:45:45 [Server] Client (account 0) tried to execute invalid order (101). Ability can't be cast with a position
08/27 12:45:46 [Localization System] CLocalize::FindSafe failed to localize: 'AIB[R] intent=state-desire-fight family=state base=78 range=18 dist=609 hp=73 ehp=84 hyst=18 reason=enemy_seen score=114'
08/27 12:45:46 [Localization System] CLocalize::FindSafe failed to localize: 'AIB[D] t=96s hp=84% gold=287 loc=64,193 enemy-dist=609 lh=2 dn=1 dg=+8 dlh=+0 bottle=-1 lvl=2 front=9204 ehp=73'
08/27 12:45:46 [Server] Client (account 0) tried to execute invalid order (101). Ability can't be cast with a position
08/27 12:45:46 [Server] Client (account 0) tried to execute invalid order (101). Ability can't be cast with a position
08/27 12:45:46 [Localization System] CLocalize::FindSafe failed to localize: 'AIB[D] intent=state-desire-fight family=state base=78 range=18 dist=548 hp=84 ehp=73 reason=enemy_seen score=96'
08/27 12:45:46 [Server] Client (account 0) tried to execute invalid order (101). Ability can't be cast with a position
08/27 12:45:46 [Localization System] CLocalize::FindSafe failed to localize: 'AIB[D] intent=state-desire-last-hit family=farm dist=450 reason=killable_creep score=140'
08/27 12:45:46 [Server] Client (account 0) tried to execute invalid order (101). Ability can't be cast with a position
08/27 12:45:46 [Localization System] CLocalize::FindSafe failed to localize: 'AIB[D] intent=top-arbiter family=state winner=last-hit:158 losers=fight:96,hero-over-creep:52,cs-inrange:50,idle-heal:46,emergency-retreat:45'
08/27 12:45:46 [Server] Client (account 0) tried to execute invalid order (101). Ability can't be cast with a position
08/27 12:45:46 [Localization System] CLocalize::FindSafe failed to localize: 'AIB[R] intent=top-arbiter family=state winner=fight:114 losers=hero-over-creep:52,idle-heal:46,emergency-retreat:45,fwd-pullback:44,emergency-kill:43.5'
08/27 12:45:46 [Localization System] CLocalize::FindSafe failed to localize: 'AIB[D] intent=tick-owner family=other stage=laning-core'
08/27 12:45:47 [Server] Client (account 0) tried to execute invalid order (101). Ability can't be cast with a position
08/27 12:45:47 [Server] Client (account 0) tried to execute invalid order (101). Ability can't be cast with a position
08/27 12:45:47 [Localization System] CLocalize::FindSafe failed to localize: 'AIB[R] intent=hero-pass family=fight dist=458 hp=73 reason=nearby_enemy'
08/27 12:45:47 [Localization System] CLocalize::FindSafe failed to localize: 'AIB[R] intent=tick-owner family=other stage=fight intent=hero-pass'
08/27 12:45:47 [Localization System] CLocalize::FindSafe failed to localize: 'AIB[R] intent=state-desire-fight family=state base=78 range=18 dist=458 hp=73 ehp=84 hyst=18 reason=enemy_seen score=114'
08/27 12:45:47 [Localization System] CLocalize::FindSafe failed to localize: 'AIB[D] intent=state-desire-safety family=state base=108 creep_dmg=8 hp=84 creep=true hero=false reason=recent_damage score=116'
08/27 12:45:47 [Localization System] CLocalize::FindSafe failed to localize: 'AIB[D] intent=creep-hit-react family=safety dist=450 hp=84 hits=3 reason=attack'
08/27 12:45:47 [Server] Client (account 0) tried to execute invalid order (101). Ability can't be cast with a position
08/27 12:45:47 [Localization System] CLocalize::FindSafe failed to localize: 'AIB[R] blocked=top-arbiter reason=empty_action winner=fight score=114'
08/27 12:45:47 [Localization System] CLocalize::FindSafe failed to localize: 'AIB[D] intent=state-desire-fight family=state base=78 range=18 dist=458 hp=76 ehp=73 reason=enemy_seen score=96'
08/27 12:45:47 [Localization System] CLocalize::FindSafe failed to localize: 'AIB[D] blocked=buy-loop reason=saving target=item_bottle head=item_bottle cost=675 gold=289 left=1'
08/27 12:45:47 [Localization System] CLocalize::FindSafe failed to localize: 'AIB[R] blocked=buy-loop reason=saving target=item_bottle head=item_bottle cost=675 gold=309 left=1'
08/27 12:45:47 [Server] Client (account 0) tried to execute invalid order (101). Ability can't be cast with a position
08/27 12:45:47 [Server] Client (account 0) tried to execute invalid order (101). Ability can't be cast with a position
08/27 12:45:48 [Server] Client (account 0) tried to execute invalid order (101). Ability can't be cast with a position
08/27 12:45:48 [Localization System] CLocalize::FindSafe failed to localize: 'AIB[D] intent=hero-contact family=fight dist=458 hp=76 reason=attackable_enemy'
08/27 12:45:48 [Localization System] CLocalize::FindSafe failed to localize: 'AIB[D] intent=top-arbiter family=state winner=fight:114 losers=hero-over-creep:52,idle-heal:46,emergency-retreat:45,fwd-pullback:44,emergency-kill:43.5'
08/27 12:45:48 [Server] Client (account 0) tried to execute invalid order (101). Ability can't be cast with a position
08/27 12:45:48 [Server] Client (account 0) tried to execute invalid order (101). Ability can't be cast with a position
08/27 12:45:48 [Localization System] CLocalize::FindSafe failed to localize: 'AIB[R] t=99s hp=74% gold=310 loc=-211,-173 enemy-dist=458 lh=5 dn=3 dg=+7 dlh=+0 bottle=-1 lvl=2 front=7078 ehp=75'
08/27 12:45:48 [Localization System] CLocalize::FindSafe failed to localize: 'AIB[R] intent=top-arbiter family=state winner=fight:114 losers=hero-over-creep:52,idle-heal:46,emergency-retreat:45,fwd-pullback:44,emergency-kill:43.5'
08/27 12:45:48 [Server] Client (account 0) tried to execute invalid order (101). Ability can't be cast with a position
08/27 12:45:48 [Server] Client (account 0) tried to execute invalid order (101). Ability can't be cast with a position
08/27 12:45:48 [Server] Client (account 0) tried to execute invalid order (101). Ability can't be cast with a position
08/27 12:45:48 [Server] Client (account 0) tried to execute invalid order (101). Ability can't be cast with a position
08/27 12:45:48 [Localization System] CLocalize::FindSafe failed to localize: 'AIB[R] intent=state-desire-safety family=state base=108 creep_dmg=8 hp=72 creep=true hero=false reason=recent_damage score=116'
08/27 12:45:48 [Localization System] CLocalize::FindSafe failed to localize: 'AIB[R] intent=creep-hit-react family=safety dist=475 hp=72 hits=1 reason=attack'
08/27 12:45:48 [Server] Client (account 0) tried to execute invalid order (101). Ability can't be cast with a position
08/27 12:45:49 [Localization System] CLocalize::FindSafe failed to localize: 'AIB[R] blocked=safety-candidate reason=no_action_capped hp=72 score=44'
08/27 12:45:49 [Localization System] CLocalize::FindSafe failed to localize: 'AIB[D] intent=tick-owner family=other stage=laning-core'
08/27 12:45:49 [Server] Client (account 0) tried to execute invalid order (101). Ability can't be cast with a position
08/27 12:45:49 [Server] Client (account 0) tried to execute invalid order (101). Ability can't be cast with a position
08/27 12:45:49 [Localization System] CLocalize::FindSafe failed to localize: 'AIB[R] intent=state-desire-fight family=state base=78 range=18 dist=458 hp=65 ehp=75 hyst=18 reason=enemy_seen score=114'
08/27 12:45:49 [Server] Client (account 0) tried to execute invalid order (101). Ability can't be cast with a position
08/27 12:45:49 [Localization System] CLocalize::FindSafe failed to localize: 'AIB[D] intent=state-desire-fight family=state base=78 range=18 dist=458 hp=68 ehp=65 hyst=18 reason=enemy_seen score=114'
08/27 12:45:49 [Localization System] CLocalize::FindSafe failed to localize: 'AIB[R] intent=creep-aggro family=safety hp=65 dest=-1296,-1161 reason=chip_step'
08/27 12:45:49 [Server] Client (account 0) tried to execute invalid order (101). Ability can't be cast with a position
08/27 12:45:49 [Server] Client (account 0) tried to execute invalid order (101). Ability can't be cast with a position
08/27 12:45:49 [Localization System] CLocalize::FindSafe failed to localize: 'AIB[R] intent=tick-owner family=other stage=laning-core'
08/27 12:45:49 [Server] Client (account 0) tried to execute invalid order (101). Ability can't be cast with a position
08/27 12:45:49 [Server] Client (account 0) tried to execute invalid order (101). Ability can't be cast with a position
08/27 12:45:49 [Localization System] CLocalize::FindSafe failed to localize: 'AIB[D] intent=top-arbiter family=state winner=fight:114 losers=hero-over-creep:52,idle-heal:46,emergency-retreat:45,fwd-pullback:44,emergency-kill:43.5'
08/27 12:45:49 [Server] Client (account 0) tried to execute invalid order (101). Ability can't be cast with a position
08/27 12:45:49 [Localization System] CLocalize::FindSafe failed to localize: 'AIB[R] intent=top-arbiter family=state winner=fight:96 losers=hero-over-creep:52,idle-heal:46,emergency-retreat:45,fwd-pullback:44,emergency-kill:43.5'
08/27 12:45:50 [Server] Client (account 0) tried to execute invalid order (101). Ability can't be cast with a position
08/27 12:45:50 [Server] Client (account 0) tried to execute invalid order (101). Ability can't be cast with a position
08/27 12:45:50 [Server] Client (account 0) tried to execute invalid order (101). Ability can't be cast with a position
08/27 12:45:50 [Localization System] CLocalize::FindSafe failed to localize: 'AIB[R] intent=arbiter family=fight winner=hero-pass:105 losers=creep-aggro:72'
08/27 12:45:50 [Server] Client (account 0) tried to execute invalid order (101). Ability can't be cast with a position
08/27 12:45:50 [Localization System] CLocalize::FindSafe failed to localize: 'AIB[R] intent=state-desire-safety family=state base=108 creep_dmg=8 hp=57 creep=true hero=true reason=recent_damage score=116'
08/27 12:45:50 [Localization System] CLocalize::FindSafe failed to localize: 'AIB[R] intent=creep-hit-react family=safety dist=490 hp=57 hits=2 reason=attack'
08/27 12:45:50 [Server] Client (account 0) tried to execute invalid order (101). Ability can't be cast with a position
08/27 12:45:50 [Server] Client (account 0) tried to execute invalid order (101). Ability can't be cast with a position
08/27 12:45:50 [Localization System] CLocalize::FindSafe failed to localize: 'AIB[R] intent=state-desire-fight family=state base=78 range=18 dist=568 hp=57 ehp=69 reason=enemy_seen score=96'
08/27 12:45:50 [Localization System] CLocalize::FindSafe failed to localize: 'AIB[D] intent=state-desire-fight family=state base=78 range=18 dist=568 hp=69 ehp=57 hyst=18 reason=enemy_seen score=114'
08/27 12:45:50 [Localization System] CLocalize::FindSafe failed to localize: 'AIB[D] intent=hero-pass family=fight dist=568 hp=69 reason=nearby_enemy'
08/27 12:45:50 [Server] Client (account 0) tried to execute invalid order (101). Ability can't be cast with a position
08/27 12:45:51 [Server] Client (account 0) tried to execute invalid order (101). Ability can't be cast with a position
08/27 12:45:51 [Localization System] CLocalize::FindSafe failed to localize: 'AIB[D] t=101s hp=69% gold=294 loc=64,193 enemy-dist=568 lh=2 dn=1 dg=+7 dlh=+0 bottle=-1 lvl=2 front=9324 ehp=57'
08/27 12:45:51 [Localization System] CLocalize::FindSafe failed to localize: 'AIB[D] blocked=top-arbiter reason=empty_action winner=fight score=114'
08/27 12:45:51 [Localization System] CLocalize::FindSafe failed to localize: 'AIB[D] intent=tick-owner family=other stage=desire/hero-over-creep reason=ready score=52 band=lanework'
08/27 12:45:51 [Server] Client (account 0) tried to execute invalid order (101). Ability can't be cast with a position
08/27 12:45:51 [Server] Client (account 0) tried to execute invalid order (101). Ability can't be cast with a position
08/27 12:45:51 [Localization System] CLocalize::FindSafe failed to localize: 'AIB[D] intent=top-arbiter family=state winner=fight:104 losers=hero-over-creep:52,idle-heal:46,emergency-retreat:45,fwd-pullback:44,emergency-kill:43.5'
08/27 12:45:51 [Server] Client (account 0) tried to execute invalid order (101). Ability can't be cast with a position
08/27 12:45:51 [Server] Client (account 0) tried to execute invalid order (101). Ability can't be cast with a position
08/27 12:45:51 [Localization System] CLocalize::ConstructString failed to localize: '#DOTA_Tooltip_Ability_nevermore_shadowraze3_SummaryDescription'
08/27 12:45:51 [Server] Client (account 0) tried to execute invalid order (101). Ability can't be cast with a position
08/27 12:45:51 [Server] Client (account 0) tried to execute invalid order (101). Ability can't be cast with a position
08/27 12:45:51 [Localization System] CLocalize::FindSafe failed to localize: 'AIB[R] intent=top-arbiter family=state winner=fight:96 losers=hero-over-creep:52,idle-heal:46,emergency-retreat:45,fwd-pullback:44,emergency-kill:43.5'
08/27 12:45:51 [Localization System] CLocalize::FindSafe failed to localize: 'AIB[R] intent=tick-owner family=other stage=laning-core'
08/27 12:45:51 [Server] Client (account 0) tried to execute invalid order (101). Ability can't be cast with a position
08/27 12:45:51 [Localization System] CLocalize::ConstructString failed to localize: '#DOTA_Tooltip_Ability_nevermore_frenzy_SummaryDescription'
08/27 12:45:51 [Localization System] CLocalize::ConstructString failed to localize: '#DOTA_Tooltip_Ability_nevermore_dark_lord_SummaryDescription'
08/27 12:45:51 [Localization System] CLocalize::FindSafe failed to localize: 'AIB[R] intent=hero-contact family=fight dist=568 hp=48 reason=attackable_enemy'
08/27 12:45:51 [Server] Client (account 0) tried to execute invalid order (101). Ability can't be cast with a position
08/27 12:45:51 [Localization System] CLocalize::FindSafe failed to localize: 'AIB[D] blocked=hero-contact reason=uphill dist=568 hp=69'
08/27 12:45:51 [Localization System] CLocalize::FindSafe failed to localize: 'AIB[D] blocked=hero-pass reason=uphill hp=69'
08/27 12:45:51 [Localization System] CLocalize::FindSafe failed to localize: 'AIB[R] intent=arbiter family=fight winner=creep-aggro:112 losers=hero-pass:105'
08/27 12:45:52 [Server] Client (account 0) tried to execute invalid order (101). Ability can't be cast with a position
08/27 12:45:52 [Localization System] CLocalize::FindSafe failed to localize: 'AIB[R] blocked=safety-candidate reason=no_action_capped hp=46 score=44'
08/27 12:45:52 [Server] Client (account 0) tried to execute invalid order (101). Ability can't be cast with a position
08/27 12:45:52 [Localization System] CLocalize::FindSafe failed to localize: 'AIB[R] intent=state-desire-safety family=state base=108 creep_dmg=8 hp=47 creep=true hero=true reason=recent_damage score=116'
08/27 12:45:52 [Localization System] CLocalize::FindSafe failed to localize: 'AIB[R] intent=creep-hit-react family=safety dist=490 hp=47 hits=4 reason=aggro_step'
08/27 12:45:52 [Server] Client (account 0) tried to execute invalid order (101). Ability can't be cast with a position
08/27 12:45:52 [Server] Client (account 0) tried to execute invalid order (101). Ability can't be cast with a position
08/27 12:45:52 [Localization System] CLocalize::FindSafe failed to localize: 'AIB[R] intent=state-desire-fight family=state base=78 range=18 dist=588 hp=47 ehp=70 reason=enemy_seen score=96'
08/27 12:45:52 [Server] Client (account 0) tried to execute invalid order (101). Ability can't be cast with a position
08/27 12:45:52 [Localization System] CLocalize::FindSafe failed to localize: 'AIB[D] blocked=fight-candidate reason=no_action_capped hp=70 score=40'
08/27 12:45:52 [Localization System] CLocalize::FindSafe failed to localize: 'AIB[R] blocked=fight-candidate reason=no_action_capped hp=47 score=40'
08/27 12:45:52 [Localization System] CLocalize::FindSafe failed to localize: 'AIB[R] intent=state-desire-recover family=state base=74 creep_dmg=-14 hp=47 reason=hp_gate score=60'
08/27 12:45:52 [Localization System] CLocalize::FindSafe failed to localize: 'AIB[R] intent=recovery-policy family=recover action=recover hp=47 gate=55 source=lane-low'
08/27 12:45:52 [Localization System] CLocalize::FindSafe failed to localize: 'AIB[R] intent=recovery-owner family=recover band=caution threat=true mode=safe-step hp=47'
08/27 12:45:52 [Localization System] CLocalize::FindSafe failed to localize: 'AIB[D] intent=top-arbiter family=state winner=uphill:43 losers=hero-over-creep:52,idle-heal:46,emergency-retreat:45,fwd-pullback:44,emergency-kill:43.5'
08/27 12:45:52 [Localization System] CLocalize::FindSafe failed to localize: 'AIB[R] blocked=creep-hit-react reason=recovery_commit hp=47 band=caution'
08/27 12:45:53 [Localization System] CLocalize::FindSafe failed to localize: 'AIB[D] intent=tick-owner family=other stage=laning-core'
08/27 12:45:53 [Localization System] CLocalize::FindSafe failed to localize: 'AIB[R] intent=top-arbiter family=state winner=recover:106 losers=safe-cs:56,hero-over-creep:52,idle-heal:46,emergency-retreat:45,fwd-pullback:44'
08/27 12:45:53 [Localization System] CLocalize::FindSafe failed to localize: 'AIB[R] t=104s hp=52% gold=318 loc=-543,-471 enemy-dist=738 lh=5 dn=3 dg=+8 dlh=+0 bottle=-1 lvl=2 front=7078 ehp=70'
08/27 12:45:53 [Localization System] CLocalize::FindSafe failed to localize: 'AIB[D] blocked=recovery-buy reason=flask_in_inventory hp=70'
08/27 12:45:53 [Localization System] CLocalize::FindSafe failed to localize: 'AIB[R] intent=tick-owner family=other stage=laning-core'
08/27 12:45:54 [Localization System] CLocalize::FindSafe failed to localize: 'AIB[R] intent=state-desire-recover family=state base=74 creep_dmg=-14 hp=52 hyst=18 reason=hp_gate score=78'
08/27 12:45:54 [Localization System] CLocalize::FindSafe failed to localize: 'AIB[D] intent=state-desire-fight family=state base=78 hp_adv=8 execute=20 dist=738 hp=71 ehp=52 reason=enemy_seen score=106'
08/27 12:45:54 [Localization System] CLocalize::FindSafe failed to localize: 'AIB[D] intent=hero-contact family=fight dist=738 hp=71 reason=close_enemy'
08/27 12:45:54 [Localization System] CLocalize::FindSafe failed to localize: 'AIB[D] intent=top-arbiter family=state winner=fight:106 losers=hero-over-creep:52,idle-heal:46,emergency-retreat:45,fwd-pullback:44,emergency-kill:43.5'
08/27 12:45:54 [Localization System] CLocalize::ConstructString failed to localize: '#DOTA_Tooltip_Ability_nevermore_shadowraze3_SummaryDescription'
08/27 12:45:54 [Localization System] CLocalize::ConstructString failed to localize: '#DOTA_Tooltip_Ability_nevermore_frenzy_SummaryDescription'
08/27 12:45:54 [Localization System] CLocalize::FindSafe failed to localize: 'AIB[R] intent=recovery-plan family=recover action=flask reason=inventory hp=52'
08/27 12:45:54 [Localization System] CLocalize::FindSafe failed to localize: 'AIB[D] intent=channel-interrupt family=fight dist=737 hp=71 kind=heal reason=enemy_heal'
08/27 12:45:54 [Localization System] CLocalize::FindSafe failed to localize: 'AIB[R] intent=recovery-policy family=recover action=recover hp=54 gate=55 source=lane-low'
08/27 12:45:54 [Localization System] CLocalize::FindSafe failed to localize: 'AIB[R] intent=top-arbiter family=state winner=recover:78 losers=safe-cs:56,hero-over-creep:52,idle-heal:46,emergency-retreat:45,fwd-pullback:44'
08/27 12:45:55 [Localization System] CLocalize::FindSafe failed to localize: 'AIB[D] intent=tick-owner family=other stage=laning-core'
08/27 12:45:55 [Localization System] CLocalize::FindSafe failed to localize: 'AIB[D] blocked=channel-interrupt reason=unsafe dist=1134 hp=71 kind=heal'
08/27 12:45:55 [Localization System] CLocalize::FindSafe failed to localize: 'AIB[D] blocked=hero-prio-chase reason=lane_work dist=1134 cs=false creep=false hp_adv=false kill_pressure=false close=false low_farm=false lane_override=false'
08/27 12:45:55 [Localization System] CLocalize::FindSafe failed to localize: 'AIB[D] intent=lane-line-episode family=other dist=865 fwd=0.63'
08/27 12:45:55 [Localization System] CLocalize::FindSafe failed to localize: 'AIB[R] intent=tick-owner family=other stage=laning-core'
08/27 12:45:55 [Localization System] CLocalize::FindSafe failed to localize: 'AIB[D] intent=damage-by-source family=other creep=46 tower=0 hero=660 mixed=0 death=0 other=72 stale=141 gaps=1'
08/27 12:45:55 [Localization System] CLocalize::FindSafe failed to localize: 'AIB[D] intent=top-arbiter family=state winner=lane-line:18 losers=hero-over-creep:52,idle-heal:46,emergency-retreat:45,fwd-pullback:44,emergency-kill:43.5'
08/27 12:45:55 [Localization System] CLocalize::FindSafe failed to localize: 'AIB[D] blocked=buy-loop reason=saving target=item_bottle head=item_bottle cost=675 gold=301 left=1'
08/27 12:45:55 [Localization System] CLocalize::FindSafe failed to localize: 'AIB[R] blocked=buy-loop reason=saving target=item_bottle head=item_bottle cost=675 gold=321 left=1'
08/27 12:45:56 [Localization System] CLocalize::FindSafe failed to localize: 'AIB[R] intent=damage-by-source family=other creep=76 tower=0 hero=592 mixed=113 death=0 other=129 stale=0 gaps=0'
08/27 12:45:56 [Localization System] CLocalize::FindSafe failed to localize: 'AIB[D] t=106s hp=72% gold=302 loc=-271,-189 lh=2 dn=1 dg=+8 dlh=+0 bottle=-1 lvl=2 front=10053 ehp=-1'
08/27 12:45:56 [Localization System] CLocalize::FindSafe failed to localize: 'AIB[R] intent=top-arbiter family=state winner=idle-heal:46 losers=hero-over-creep:52,emergency-retreat:45,fwd-pullback:44,emergency-kill:43.5,uphill:43'
08/27 12:45:57 [Localization System] CLocalize::FindSafe failed to localize: 'AIB[R] blocked=harass reason=own_heal_running'
08/27 12:45:57 [Localization System] CLocalize::FindSafe failed to localize: 'AIB[D] intent=top-arbiter family=state winner=lane-line:18 losers=hero-over-creep:52,idle-heal:46,emergency-retreat:45,fwd-pullback:44,emergency-kill:43.5'
08/27 12:45:57 [Localization System] CLocalize::FindSafe failed to localize: 'AIB[D] intent=tick-owner family=other stage=laning-core'
08/27 12:45:57 [Localization System] CLocalize::FindSafe failed to localize: 'AIB[R] blocked=uphill-repo reason=not_trading'
08/27 12:45:57 [Localization System] CLocalize::FindSafe failed to localize: 'AIB[R] intent=tick-owner family=other stage=laning-core'
08/27 12:45:57 [Localization System] CLocalize::FindSafe failed to localize: 'AIB[R] intent=top-arbiter family=state winner=wave-watch:10 losers=hero-over-creep:52,idle-heal:46,emergency-retreat:45,fwd-pullback:44,emergency-kill:43.5'
08/27 12:45:58 [Localization System] CLocalize::FindSafe failed to localize: 'AIB[R] t=109s hp=74% gold=325 loc=-859,-1408 enemy-dist=823 lh=5 dn=3 dg=+7 dlh=+0 bottle=-1 lvl=2 front=8101 ehp=73'
08/27 12:45:58 [Localization System] CLocalize::FindSafe failed to localize: 'AIB[R] blocked=fight-candidate reason=no_action_capped hp=74 score=40'
08/27 12:45:58 [Localization System] CLocalize::FindSafe failed to localize: 'AIB[R] intent=state-desire-safety family=state base=108 creep_dmg=8 hp=74 creep=true hero=false reason=recent_damage score=116'
08/27 12:45:58 [Localization System] CLocalize::FindSafe failed to localize: 'AIB[R] blocked=top-arbiter reason=empty_action winner=safety score=116'
08/27 12:45:58 [Localization System] CLocalize::FindSafe failed to localize: 'AIB[R] blocked=recovery-buy reason=budget_cap hp=76 gold=326 count=3 allow=2'
08/27 12:45:58 [Localization System] CLocalize::FindSafe failed to localize: 'AIB[R] intent=state-desire-fight family=state base=78 range=18 dist=600 hp=77 ehp=73 reason=enemy_seen score=96'
08/27 12:45:58 [Localization System] CLocalize::FindSafe failed to localize: 'AIB[R] intent=hero-contact family=fight dist=600 hp=77 reason=attackable_enemy'
08/27 12:45:59 [Localization System] CLocalize::FindSafe failed to localize: 'AIB[R] intent=hero-pass family=fight dist=570 hp=78 reason=nearby_enemy'
08/27 12:45:59 [Server] Client (account 0) tried to execute invalid order (101). Ability can't be cast with a position
08/27 12:45:59 [Server] Client (account 0) tried to execute invalid order (101). Ability can't be cast with a position
08/27 12:45:59 [Localization System] CLocalize::FindSafe failed to localize: 'AIB[R] intent=top-arbiter family=state winner=fight:114 losers=hero-over-creep:52,idle-heal:46,emergency-retreat:45,fwd-pullback:44,emergency-kill:43.5'
08/27 12:45:59 [Server] Client (account 0) tried to execute invalid order (101). Ability can't be cast with a position
08/27 12:45:59 [Localization System] CLocalize::FindSafe failed to localize: 'AIB[R] intent=tick-owner family=other stage=laning-core'
08/27 12:45:59 [Server] Client (account 0) tried to execute invalid order (101). Ability can't be cast with a position
08/27 12:46:00 [Localization System] CLocalize::FindSafe failed to localize: 'AIB[R] blocked=hero-contact reason=uphill dist=564 hp=84'
08/27 12:46:00 [Localization System] CLocalize::FindSafe failed to localize: 'AIB[R] blocked=hero-pass reason=uphill hp=84'
08/27 12:46:00 [Localization System] CLocalize::FindSafe failed to localize: 'AIB[R] blocked=top-arbiter reason=empty_action winner=fight score=122'
08/27 12:46:00 [Localization System] CLocalize::FindSafe failed to localize: 'AIB[R] intent=melee-pack-space family=safety count=3 dist=192'
08/27 12:46:01 [Localization System] CLocalize::FindSafe failed to localize: 'AIB[R] intent=top-arbiter family=state winner=creep-work:38.8 losers=hero-over-creep:52,idle-heal:46,emergency-retreat:45,fwd-pullback:44,emergency-kill:43.5'
08/27 12:46:01 [Localization System] CLocalize::FindSafe failed to localize: 'AIB[R] intent=state-desire-last-hit family=farm dist=456 reason=killable_creep score=140'
08/27 12:46:01 [Localization System] CLocalize::FindSafe failed to localize: 'AIB[D] t=112s hp=65% gold=310 loc=-215,-297 enemy-dist=1100 lh=2 dn=1 dg=+8 dlh=+0 bottle=-1 lvl=2 front=10459 ehp=94'
08/27 12:46:01 [Localization System] CLocalize::FindSafe failed to localize: 'AIB[D] blocked=channel-interrupt reason=unsafe dist=1100 hp=65 kind=heal'
08/27 12:46:01 [Localization System] CLocalize::FindSafe failed to localize: 'AIB[D] intent=state-desire-safety family=state base=108 creep_dmg=8 hp=65 creep=true hero=false reason=recent_damage score=116'
08/27 12:46:01 [Localization System] CLocalize::FindSafe failed to localize: 'AIB[D] intent=creep-hit-react family=safety dist=425 hp=65 hits=1 reason=attack'
08/27 12:46:01 [Localization System] CLocalize::FindSafe failed to localize: 'AIB[D] intent=top-arbiter family=state winner=safety:116 losers=hero-over-creep:52,idle-heal:46,emergency-retreat:45,fwd-pullback:44,emergency-kill:43.5'
08/27 12:46:01 [Localization System] CLocalize::FindSafe failed to localize: 'AIB[D] intent=tick-owner family=other stage=desire/safety base=108 creep_dmg=8 hp=65 creep=true hero=false reason=recent_damage score=116'
08/27 12:46:01 [Localization System] CLocalize::FindSafe failed to localize: 'AIB[D] blocked=safety-candidate reason=no_action_capped hp=65 score=44'
08/27 12:46:01 [Localization System] CLocalize::FindSafe failed to localize: 'AIB[D] intent=recovery-plan family=recover action=flask reason=inventory hp=65'
08/27 12:46:01 [Localization System] CLocalize::FindSafe failed to localize: 'AIB[R] blocked=uphill-repo reason=not_trading'
08/27 12:46:01 [Localization System] CLocalize::FindSafe failed to localize: 'AIB[R] blocked=harass reason=own_heal_running'
08/27 12:46:01 [Localization System] CLocalize::FindSafe failed to localize: 'AIB[R] intent=tick-owner family=other stage=desire/wave-watch reason=ready score=10 band=idle'
08/27 12:46:02 [Localization System] CLocalize::FindSafe failed to localize: 'invalid index'
08/27 12:46:02 [Localization System] CLocalize::FindSafe failed to localize: 'AIB[R] intent=top-arbiter family=state winner=wave-watch:10 losers=hero-over-creep:52,idle-heal:46,emergency-retreat:45,fwd-pullback:44,emergency-kill:43.5'
08/27 12:46:03 [Localization System] CLocalize::FindSafe failed to localize: 'AIB[R] t=114s hp=100% gold=380 loc=-1091,-962 enemy-dist=1587 lh=6 dn=3 dg=+55 dlh=+1 bottle=-1 lvl=3 front=8328 ehp=76'
08/27 12:46:03 [Localization System] CLocalize::FindSafe failed to localize: 'AIB[D] blocked=harass reason=own_heal_running'
08/27 12:46:03 [Localization System] CLocalize::FindSafe failed to localize: 'AIB[D] intent=top-arbiter family=state winner=anti-idle:2 losers=hero-over-creep:52,idle-heal:46,emergency-retreat:45,fwd-pullback:44,emergency-kill:43.5'
08/27 12:46:03 [Localization System] CLocalize::FindSafe failed to localize: 'AIB[D] intent=tick-owner family=other stage=desire/anti-idle reason=ready score=2 band=idle'
08/27 12:46:03 [Localization System] CLocalize::FindSafe failed to localize: 'AIB[D] blocked=buy-loop reason=saving target=item_bottle head=item_bottle cost=675 gold=313 left=1'
08/27 12:46:03 [Localization System] CLocalize::FindSafe failed to localize: 'AIB[R] blocked=buy-loop reason=saving target=item_bottle head=item_bottle cost=675 gold=380 left=1'
08/27 12:46:03 [Localization System] CLocalize::FindSafe failed to localize: 'AIB[R] blocked=visual-hold reason=creep_in_range held=2.1 hp=100 repeat=1 hard=false'
08/27 12:46:03 [Localization System] CLocalize::FindSafe failed to localize: 'AIB[R] intent=tick-owner family=other stage=desire/visual-hold reason=ready score=20 band=position'
08/27 12:46:04 Script function 'Think' on bot npc_dota_hero_nevermore took 2.084ms
08/27 12:46:04 [Localization System] CLocalize::FindSafe failed to localize: 'AIB[R] intent=top-arbiter family=state winner=creep-work:38.8 losers=hero-over-creep:52,idle-heal:46,emergency-retreat:45,fwd-pullback:44,emergency-kill:43.5'
08/27 12:46:05 [Localization System] CLocalize::FindSafe failed to localize: 'AIB[D] intent=top-arbiter family=state winner=wave-watch:10 losers=hero-over-creep:52,idle-heal:46,emergency-retreat:45,fwd-pullback:44,emergency-kill:43.5'
08/27 12:46:05 [Localization System] CLocalize::FindSafe failed to localize: 'AIB[R] blocked=channel-interrupt reason=unsafe dist=1097 hp=100 kind=heal'
08/27 12:46:05 [Localization System] CLocalize::FindSafe failed to localize: 'AIB[D] intent=tick-owner family=other stage=laning-core'
08/27 12:46:05 [Localization System] CLocalize::FindSafe failed to localize: 'invalid index'
08/27 12:46:05 [Localization System] CLocalize::FindSafe failed to localize: 'AIB[R] blocked=uphill-repo reason=not_trading'
08/27 12:46:05 [Localization System] CLocalize::FindSafe failed to localize: 'AIB[R] blocked=harass reason=own_heal_running'
08/27 12:46:05 [Localization System] CLocalize::FindSafe failed to localize: 'AIB[R] intent=top-arbiter family=state winner=wave-watch:10 losers=hero-over-creep:52,idle-heal:46,emergency-retreat:45,fwd-pullback:44,emergency-kill:43.5'
08/27 12:46:05 [Localization System] CLocalize::FindSafe failed to localize: 'AIB[R] intent=tick-owner family=other stage=laning-core'
08/27 12:46:06 [Localization System] CLocalize::FindSafe failed to localize: 'AIB[D] t=117s hp=91% gold=318 loc=-290,-213 enemy-dist=1097 lh=2 dn=1 dg=+8 dlh=+0 bottle=-1 lvl=3 front=10528 ehp=100'
08/27 12:46:06 [Localization System] CLocalize::FindSafe failed to localize: 'AIB[D] blocked=channel-interrupt reason=unsafe dist=1097 hp=91 kind=heal'
08/27 12:46:06 [Localization System] CLocalize::FindSafe failed to localize: 'AIB[R] blocked=visual-hold reason=creep_in_range held=4.8 hp=100 repeat=3 hard=true'
08/27 12:46:06 [Localization System] CLocalize::FindSafe failed to localize: 'AIB[D] intent=top-arbiter family=state winner=creep-work:38.6 losers=hero-over-creep:52,idle-heal:46,emergency-retreat:45,fwd-pullback:44,emergency-kill:43.5'
08/27 12:46:07 [Localization System] CLocalize::FindSafe failed to localize: 'AIB[R] intent=top-arbiter family=state winner=wave-watch:10 losers=hero-over-creep:52,idle-heal:46,emergency-retreat:45,fwd-pullback:44,emergency-kill:43.5'
08/27 12:46:07 [Localization System] CLocalize::FindSafe failed to localize: 'AIB[D] blocked=harass reason=own_heal_running'
08/27 12:46:07 [Localization System] CLocalize::FindSafe failed to localize: 'AIB[D] intent=tick-owner family=other stage=laning-core'
08/27 12:46:08 [Localization System] CLocalize::FindSafe failed to localize: 'AIB[R] intent=tick-owner family=other stage=laning-core'
08/27 12:46:08 [Localization System] CLocalize::FindSafe failed to localize: 'AIB[R] t=119s hp=100% gold=388 loc=-1091,-962 enemy-dist=1097 lh=6 dn=4 dg=+8 dlh=+0 bottle=-1 lvl=3 front=8328 ehp=100'
08/27 12:46:08 [Localization System] CLocalize::FindSafe failed to localize: 'AIB[D] intent=top-arbiter family=state winner=creep-work:38.6 losers=hero-over-creep:52,idle-heal:46,emergency-retreat:45,fwd-pullback:44,emergency-kill:43.5'
08/27 12:46:08 [Localization System] CLocalize::FindSafe failed to localize: 'AIB[R] blocked=visual-hold reason=creep_in_range held=7.0 hp=100 repeat=5 hard=true'
08/27 12:46:09 [Localization System] CLocalize::FindSafe failed to localize: 'AIB[R] intent=top-arbiter family=state winner=wave-watch:10 losers=hero-over-creep:52,idle-heal:46,emergency-retreat:45,fwd-pullback:44,emergency-kill:43.5'
08/27 12:46:09 [Localization System] CLocalize::FindSafe failed to localize: 'AIB[D] intent=tick-owner family=other stage=laning-core'
08/27 12:46:10 [Localization System] CLocalize::FindSafe failed to localize: 'AIB[R] blocked=uphill-repo reason=not_trading'
08/27 12:46:10 [Localization System] CLocalize::FindSafe failed to localize: 'AIB[R] intent=tick-owner family=other stage=laning-core'
08/27 12:46:10 [Localization System] CLocalize::FindSafe failed to localize: 'AIB[D] intent=top-arbiter family=state winner=creep-work:38.6 losers=hero-over-creep:52,idle-heal:46,emergency-retreat:45,fwd-pullback:44,emergency-kill:43.5'
08/27 12:46:10 [Localization System] CLocalize::FindSafe failed to localize: 'AIB[R] intent=state-desire-last-hit family=farm dist=332 reason=killable_creep score=140'
08/27 12:46:10 [Localization System] CLocalize::FindSafe failed to localize: 'AIB[R] blocked=channel-interrupt reason=unsafe dist=938 hp=100 kind=heal'
08/27 12:46:10 [Localization System] CLocalize::FindSafe failed to localize: 'AIB[R] intent=top-arbiter family=state winner=last-hit:158 losers=hero-over-creep:52,cs-inrange:50,idle-heal:46,emergency-retreat:45,fwd-pullback:44'
08/27 12:46:10 [Localization System] CLocalize::FindSafe failed to localize: 'AIB[D] intent=damage-by-source family=other creep=46 tower=0 hero=660 mixed=0 death=0 other=72 stale=190 gaps=2'
08/27 12:46:11 [Localization System] CLocalize::FindSafe failed to localize: 'AIB[R] intent=damage-by-source family=other creep=81 tower=0 hero=592 mixed=113 death=0 other=129 stale=0 gaps=0'
08/27 12:46:11 [Localization System] CLocalize::FindSafe failed to localize: 'AIB[D] intent=state-desire-last-hit family=farm dist=345 reason=killable_creep score=140'
08/27 12:46:11 [Server] Game code (account 0) tried to execute invalid order (19). Target NPC is dead.
08/27 12:46:11 [Localization System] CLocalize::FindSafe failed to localize: 'AIB[D] t=122s hp=100% gold=325 loc=-359,-375 enemy-dist=938 lh=2 dn=1 dg=+7 dlh=+0 bottle=-1 lvl=3 front=10526 ehp=100'
08/27 12:46:11 [Localization System] CLocalize::FindSafe failed to localize: 'AIB[D] blocked=buy-loop reason=saving target=item_bottle head=item_bottle cost=675 gold=325 left=1'
08/27 12:46:11 [Localization System] CLocalize::FindSafe failed to localize: 'AIB[R] blocked=buy-loop reason=saving target=item_bottle head=item_bottle cost=675 gold=464 left=1'
08/27 12:46:11 [Localization System] CLocalize::FindSafe failed to localize: 'AIB[D] intent=top-arbiter family=state winner=last-hit:158 losers=hero-over-creep:52,cs-inrange:50,idle-heal:46,emergency-retreat:45,fwd-pullback:44'
08/27 12:46:12 [Localization System] CLocalize::FindSafe failed to localize: 'AIB[D] intent=tick-owner family=other stage=laning-core'
08/27 12:46:12 [Localization System] CLocalize::FindSafe failed to localize: 'AIB[R] intent=tick-owner family=other stage=laning-core'
08/27 12:46:12 [Localization System] CLocalize::FindSafe failed to localize: 'AIB[R] intent=top-arbiter family=state winner=creep-work:38.8 losers=hero-over-creep:52,idle-heal:46,emergency-retreat:45,fwd-pullback:44,emergency-kill:43.5'
08/27 12:46:12 [Localization System] CLocalize::FindSafe failed to localize: 'AIB[D] blocked=hero-prio-chase reason=lane_work dist=938 cs=true creep=true hp_adv=false kill_pressure=false close=false low_farm=false lane_override=false'
08/27 12:46:12 [Localization System] CLocalize::FindSafe failed to localize: 'AIB[R] blocked=visual-hold reason=creep_in_range held=11.1 hp=100 repeat=6 hard=true'
08/27 12:46:13 [Localization System] CLocalize::FindSafe failed to localize: 'AIB[D] blocked=fight-candidate reason=no_action_capped hp=81 score=40'
08/27 12:46:13 [Localization System] CLocalize::FindSafe failed to localize: 'AIB[R] blocked=fight-candidate reason=no_action_capped hp=100 score=40'
08/27 12:46:13 [Localization System] CLocalize::FindSafe failed to localize: 'AIB[R] intent=lane-line-episode family=other dist=767 fwd=0.48'
08/27 12:46:13 [Localization System] CLocalize::FindSafe failed to localize: 'AIB[R] blocked=recovery-buy reason=budget_cap hp=100 gold=442 count=3 allow=3'
08/27 12:46:13 [Localization System] CLocalize::FindSafe failed to localize: 'AIB[D] blocked=recovery-buy reason=budget_cap hp=81 gold=365 count=2 allow=2'
08/27 12:46:13 [Localization System] CLocalize::FindSafe failed to localize: 'AIB[D] intent=top-arbiter family=state winner=harass:40 losers=hero-over-creep:52,idle-heal:46,emergency-retreat:45,fwd-pullback:44,emergency-kill:43.5'
08/27 12:46:13 [Localization System] CLocalize::FindSafe failed to localize: 'AIB[R] t=124s hp=100% gold=442 loc=-1006,-875 enemy-dist=766 lh=9 dn=4 dg=+54 dlh=+3 bottle=-1 lvl=3 front=8201 ehp=81'
08/27 12:46:13 [Localization System] CLocalize::FindSafe failed to localize: 'AIB[D] intent=state-desire-fight family=state base=78 dist=726 hp=81 ehp=83 reason=enemy_seen score=78'
08/27 12:46:13 [Localization System] CLocalize::FindSafe failed to localize: 'AIB[D] intent=hero-contact family=fight dist=726 hp=81 reason=close_enemy'
08/27 12:46:13 [Localization System] CLocalize::FindSafe failed to localize: 'AIB[R] intent=state-desire-fight family=state base=78 dist=706 hp=83 ehp=81 reason=enemy_seen score=78'
08/27 12:46:13 [Localization System] CLocalize::FindSafe failed to localize: 'AIB[R] intent=hero-contact family=fight dist=706 hp=83 reason=close_enemy'
08/27 12:46:13 [Localization System] CLocalize::FindSafe failed to localize: 'AIB[R] intent=top-arbiter family=state winner=fight:78 losers=hero-over-creep:52,idle-heal:46,emergency-retreat:45,fwd-pullback:44,emergency-kill:43.5'
08/27 12:46:13 [Localization System] CLocalize::FindSafe failed to localize: 'AIB[R] intent=hero-pass family=fight dist=610 hp=83 reason=nearby_enemy'
08/27 12:46:13 [Localization System] CLocalize::FindSafe failed to localize: 'AIB[D] blocked=top-arbiter reason=empty_action winner=fight score=114'
08/27 12:46:13 [Localization System] CLocalize::FindSafe failed to localize: 'AIB[D] intent=melee-pack-space family=safety count=2 dist=151'
08/27 12:46:14 [Localization System] CLocalize::FindSafe failed to localize: 'AIB[D] intent=hero-pass family=fight dist=569 hp=81 reason=nearby_enemy'
08/27 12:46:14 [Localization System] CLocalize::FindSafe failed to localize: 'AIB[D] intent=tick-owner family=other stage=fight intent=hero-pass'
08/27 12:46:14 [Localization System] CLocalize::FindSafe failed to localize: 'AIB[R] blocked=top-arbiter reason=empty_action winner=fight score=114'
08/27 12:46:14 [Localization System] CLocalize::FindSafe failed to localize: 'AIB[R] intent=tick-owner family=other stage=laning-core'
08/27 12:46:15 [Localization System] CLocalize::FindSafe failed to localize: 'AIB[D] intent=state-desire-last-hit family=farm dist=104 reason=killable_creep score=140'
08/27 12:46:15 [Localization System] CLocalize::FindSafe failed to localize: 'AIB[D] intent=top-arbiter family=state winner=last-hit:140 losers=safety:116,hero-over-creep:52,cs-inrange:50,idle-heal:46,emergency-retreat:45'
08/27 12:46:15 [Localization System] CLocalize::FindSafe failed to localize: 'AIB[R] intent=state-desire-fight family=state base=78 range=18 dist=442 hp=84 ehp=80 hyst=18 reason=enemy_seen score=114'
08/27 12:46:15 [Localization System] CLocalize::FindSafe failed to localize: 'AIB[R] intent=top-arbiter family=state winner=fight:114 losers=hero-over-creep:52,idle-heal:46,emergency-retreat:45,fwd-pullback:44,emergency-kill:43.5'
08/27 12:46:15 [Localization System] CLocalize::FindSafe failed to localize: 'AIB[D] intent=state-desire-safety family=state base=108 creep_dmg=8 hp=79 creep=true hero=false reason=recent_damage score=116'
08/27 12:46:15 [Localization System] CLocalize::FindSafe failed to localize: 'AIB[D] blocked=creep-hit-react reason=inside_melee_pack count=2 dist=91 hp=79'
08/27 12:46:15 [Localization System] CLocalize::FindSafe failed to localize: 'AIB[D] intent=creep-hit-react family=safety dist=91 hp=79 hits=1 reason=edge_attack'
08/27 12:46:15 [Localization System] CLocalize::FindSafe failed to localize: 'AIB[R] blocked=top-arbiter reason=empty_action winner=fight score=96'
08/27 12:46:15 [Localization System] CLocalize::FindSafe failed to localize: 'AIB[D] blocked=safety-candidate reason=no_action_capped hp=79 score=44'
08/27 12:46:15 [Localization System] CLocalize::FindSafe failed to localize: 'AIB[D] intent=state-desire-fight family=state base=78 range=18 dist=462 hp=79 ehp=84 reason=enemy_seen score=96'
08/27 12:46:15 [Localization System] CLocalize::FindSafe failed to localize: 'AIB[D] intent=arbiter family=fight winner=creep-aggro:112 losers=hero-pass:105'
08/27 12:46:15 [Localization System] CLocalize::FindSafe failed to localize: 'AIB[D] intent=creep-aggro family=safety hp=79 reason=creep_hitting'
08/27 12:46:16 [Localization System] CLocalize::FindSafe failed to localize: 'AIB[R] blocked=hero-pass reason=uphill hp=84'
08/27 12:46:16 [Localization System] CLocalize::FindSafe failed to localize: 'AIB[D] intent=tick-owner family=other stage=fight intent=creep-aggro'
08/27 12:46:16 [Localization System] CLocalize::FindSafe failed to localize: 'AIB[R] intent=tick-owner family=other stage=laning-core'
08/27 12:46:16 Script function 'Think' on bot npc_dota_hero_nevermore took 2.077ms
08/27 12:46:16 [Localization System] CLocalize::FindSafe failed to localize: 'AIB[D] t=127s hp=68% gold=404 loc=-485,-424 enemy-dist=462 lh=4 dn=1 dg=+79 dlh=+2 bottle=-1 lvl=3 front=10024 ehp=62'
08/27 12:46:16 [Localization System] CLocalize::FindSafe failed to localize: 'AIB[D] intent=top-arbiter family=state winner=fight:96 losers=hero-over-creep:52,idle-heal:46,emergency-retreat:45,fwd-pullback:44,emergency-kill:43.5'
08/27 12:46:16 [GCClient] Send msg 4523 (k_EMsgClientToGCAggregateMetrics), 31 bytes
08/27 12:46:16 [Localization System] CLocalize::FindSafe failed to localize: 'AIB[R] intent=state-desire-fight family=state base=78 range=18 dist=462 hp=62 ehp=66 hyst=18 reason=enemy_seen score=114'
08/27 12:46:16 [Localization System] CLocalize::FindSafe failed to localize: 'AIB[R] intent=top-arbiter family=state winner=creep-work:38.8 losers=fight:114,hero-over-creep:52,idle-heal:46,emergency-retreat:45,fwd-pullback:44'
08/27 12:46:17 [Localization System] CLocalize::FindSafe failed to localize: 'AIB[R] blocked=top-arbiter reason=empty_action winner=fight score=96'
08/27 12:46:17 [Localization System] CLocalize::FindSafe failed to localize: 'AIB[D] intent=state-desire-fight family=state base=78 range=18 dist=462 hp=66 ehp=62 hyst=18 reason=enemy_seen score=114'
08/27 12:46:17 [Localization System] CLocalize::FindSafe failed to localize: 'AIB[D] intent=state-desire-last-hit family=farm dist=111 reason=killable_creep score=140'
08/27 12:46:18 [Localization System] CLocalize::FindSafe failed to localize: 'AIB[R] intent=tick-owner family=other stage=desire/fight base=78 range=18 execute=20 dist=462 hp=63 ehp=55 reason=enemy_seen score=116'
08/27 12:46:18 [Localization System] CLocalize::FindSafe failed to localize: 'AIB[D] intent=top-arbiter family=state winner=last-hit:158 losers=safety:116,fight:96,hero-over-creep:52,cs-inrange:50,idle-heal:46'
08/27 12:46:18 [Localization System] CLocalize::FindSafe failed to localize: 'AIB[D] intent=tick-owner family=other stage=laning-core'
08/27 12:46:18 [Localization System] CLocalize::FindSafe failed to localize: 'AIB[R] intent=state-desire-fight family=state base=78 range=18 execute=20 dist=462 hp=63 ehp=56 hyst=18 reason=enemy_seen score=134'
08/27 12:46:18 [Localization System] CLocalize::FindSafe failed to localize: 'AIB[R] intent=top-arbiter family=state winner=hero-over-creep:52 losers=fight:134,idle-heal:46,emergency-retreat:45,fwd-pullback:44,emergency-kill:43.5'
08/27 12:46:18 [Localization System] CLocalize::FindSafe failed to localize: 'AIB[D] intent=state-desire-safety family=state base=108 creep_dmg=8 hp=56 creep=true hero=true reason=recent_damage score=116'
08/27 12:46:18 [Localization System] CLocalize::FindSafe failed to localize: 'AIB[D] intent=creep-hit-react family=safety dist=111 hp=56 hits=3 reason=attack'
08/27 12:46:18 [Localization System] CLocalize::FindSafe failed to localize: 'AIB[R] intent=arbiter family=fight winner=creep-aggro:82 losers=hero-pass:60'
08/27 12:46:18 [Localization System] CLocalize::FindSafe failed to localize: 'AIB[R] intent=creep-aggro family=safety hp=61 dest=-1296,-1161 reason=chip_step'
08/27 12:46:18 [Localization System] CLocalize::FindSafe failed to localize: 'AIB[D] blocked=recover-candidate reason=no_action_capped hp=47 score=44'
08/27 12:46:18 [Localization System] CLocalize::FindSafe failed to localize: 'AIB[D] intent=state-desire-fight family=state base=78 range=18 dist=462 hp=47 ehp=61 reason=enemy_seen score=96'
08/27 12:46:18 [Localization System] CLocalize::FindSafe failed to localize: 'AIB[R] t=129s hp=61% gold=450 loc=-860,-743 enemy-dist=493 lh=9 dn=4 dg=+8 dlh=+0 bottle=-1 lvl=3 front=8437 ehp=47'
08/27 12:46:18 [Localization System] CLocalize::FindSafe failed to localize: 'AIB[R] intent=hero-contact family=fight dist=493 hp=61 reason=attackable_enemy'
08/27 12:46:18 [Localization System] CLocalize::FindSafe failed to localize: 'AIB[D] intent=arbiter family=fight winner=hero-pass:105 losers=creep-aggro:95'
08/27 12:46:19 [Localization System] CLocalize::FindSafe failed to localize: 'AIB[D] blocked=top-arbiter reason=empty_action winner=fight score=114'
08/27 12:46:19 [Localization System] CLocalize::FindSafe failed to localize: 'AIB[D] intent=recovery-plan family=recover action=buy_flask reason=critical hp=47 gold=442 count=3'
08/27 12:46:19 [Localization System] CLocalize::FindSafe failed to localize: 'AIB[D] intent=hero-contact family=fight dist=604 hp=47 reason=attackable_enemy'
08/27 12:46:19 [Localization System] CLocalize::FindSafe failed to localize: 'AIB[R] blocked=fight-candidate reason=no_action_capped hp=62 score=40'
08/27 12:46:19 [Localization System] CLocalize::FindSafe failed to localize: 'AIB[D] intent=hero-pass family=fight dist=635 hp=47 reason=nearby_enemy'
08/27 12:46:19 [Localization System] CLocalize::FindSafe failed to localize: 'AIB[R] blocked=hero-contact reason=uphill dist=574 hp=62'
08/27 12:46:19 [Localization System] CLocalize::FindSafe failed to localize: 'AIB[R] blocked=top-arbiter reason=empty_action winner=fight score=142'
08/27 12:46:19 [Localization System] CLocalize::FindSafe failed to localize: 'AIB[R] intent=state-desire-safety family=state base=108 creep_dmg=8 hp=62 creep=true hero=false reason=recent_damage score=116'
08/27 12:46:19 [Localization System] CLocalize::FindSafe failed to localize: 'AIB[D] intent=top-arbiter family=state winner=harass:40 losers=fight:114,safe-cs:56,hero-over-creep:52,idle-heal:46,emergency-retreat:45'
08/27 12:46:19 [Localization System] CLocalize::FindSafe failed to localize: 'AIB[D] blocked=buy-loop reason=saving target=item_bottle head=item_bottle cost=675 gold=342 left=1'
08/27 12:46:19 [Localization System] CLocalize::FindSafe failed to localize: 'AIB[R] blocked=buy-loop reason=saving target=item_bottle head=item_bottle cost=675 gold=451 left=1'
08/27 12:46:20 [Localization System] CLocalize::FindSafe failed to localize: 'AIB[R] intent=state-desire-fight family=state base=78 range=18 hp_adv=8 execute=20 dist=411 hp=61 ehp=47 hyst=18 reason=enemy_seen score=142'
08/27 12:46:20 [Localization System] CLocalize::FindSafe failed to localize: 'AIB[R] intent=arbiter family=fight winner=creep-aggro:112 losers=hero-pass:60'
08/27 12:46:20 [Localization System] CLocalize::FindSafe failed to localize: 'AIB[R] intent=top-arbiter family=state winner=fight:142 losers=safety:116,hero-over-creep:52,idle-heal:46,emergency-retreat:45,fwd-pullback:44'
08/27 12:46:20 [Localization System] CLocalize::FindSafe failed to localize: 'AIB[R] intent=tick-owner family=other stage=desire/fight base=78 range=18 hp_adv=8 execute=20 dist=411 hp=61 ehp=47 hyst=18 reason=enemy_seen score=142'
08/27 12:46:20 [Localization System] CLocalize::FindSafe failed to localize: 'AIB[D] intent=state-recover-xp family=state ttl=5 reason=post_fight_regen hp=48 dist=777'
08/27 12:46:20 [Localization System] CLocalize::FindSafe failed to localize: 'AIB[D] intent=tick-owner family=other stage=desire/anti-idle reason=ready score=2 band=idle'
08/27 12:46:20 [Localization System] CLocalize::FindSafe failed to localize: 'AIB[D] intent=state-desire-fight family=state base=78 range=18 dist=492 hp=48 ehp=61 reason=enemy_seen score=96'
08/27 12:46:20 [Localization System] CLocalize::FindSafe failed to localize: 'AIB[R] intent=state-desire-last-hit family=farm dist=520 reason=killable_creep score=140'
08/27 12:46:21 [Localization System] CLocalize::FindSafe failed to localize: 'AIB[D] blocked=top-arbiter reason=empty_action winner=fight score=114'
08/27 12:46:21 [Localization System] CLocalize::FindSafe failed to localize: 'AIB[D] intent=top-arbiter family=state winner=hero-over-creep:52 losers=fight:96,safe-cs:56,idle-heal:46,emergency-retreat:45,fwd-pullback:44'
08/27 12:46:21 [Localization System] CLocalize::FindSafe failed to localize: 'AIB[D] t=132s hp=48% gold=345 loc=-575,-492 enemy-dist=492 lh=5 dn=1 dg=-59 dlh=+1 bottle=-1 lvl=3 front=10121 ehp=61'
08/27 12:46:21 [Localization System] CLocalize::FindSafe failed to localize: 'AIB[R] intent=top-arbiter family=state winner=last-hit:158 losers=fight:124,safety:116,hero-over-creep:52,cs-inrange:50,idle-heal:46'
08/27 12:46:21 [Server] Client (account 0) tried to execute invalid order (101). Ability can't be cast with a position
08/27 12:46:21 [Localization System] CLocalize::FindSafe failed to localize: 'AIB[R] intent=state-desire-fight family=state base=78 range=18 hp_adv=8 execute=20 dist=492 hp=61 ehp=48 reason=enemy_seen score=124'
08/27 12:46:22 [Server] Client (account 0) tried to execute invalid order (101). Ability can't be cast with a position
08/27 12:46:22 [Server] Client (account 0) tried to execute invalid order (101). Ability can't be cast with a position
08/27 12:46:22 [Localization System] CLocalize::FindSafe failed to localize: 'AIB[R] intent=tick-owner family=other stage=desire/fight base=78 range=18 hp_adv=8 execute=20 dist=492 hp=61 ehp=48 hyst=18 reason=enemy_seen score=142'
08/27 12:46:22 [Localization System] CLocalize::FindSafe failed to localize: 'AIB[D] intent=state-desire-fight family=state base=78 range=18 dist=492 hp=48 ehp=61 hyst=18 reason=enemy_seen score=114'
08/27 12:46:22 [Server] Client (account 0) tried to execute invalid order (101). Ability can't be cast with a position
08/27 12:46:22 [Localization System] CLocalize::FindSafe failed to localize: 'AIB[D] intent=tick-owner family=other stage=laning-core'
08/27 12:46:22 [Server] Client (account 0) tried to execute invalid order (101). Ability can't be cast with a position
08/27 12:46:22 [Localization System] CLocalize::FindSafe failed to localize: 'AIB[D] blocked=top-arbiter reason=empty_action winner=fight score=96'
08/27 12:46:22 [Server] Client (account 0) tried to execute invalid order (101). Ability can't be cast with a position
08/27 12:46:22 [Localization System] CLocalize::FindSafe failed to localize: 'AIB[D] intent=top-arbiter family=state winner=fight:96 losers=safe-cs:56,hero-over-creep:52,idle-heal:46,emergency-retreat:45,fwd-pullback:44'
08/27 12:46:22 [Server] Client (account 0) tried to execute invalid order (101). Ability can't be cast with a position
08/27 12:46:23 [Localization System] CLocalize::FindSafe failed to localize: 'AIB[R] blocked=recover-candidate reason=no_action_capped hp=55 score=44'
08/27 12:46:23 [Server] Client (account 0) tried to execute invalid order (101). Ability can't be cast with a position
08/27 12:46:23 [Localization System] CLocalize::FindSafe failed to localize: 'AIB[R] intent=hero-pass family=fight dist=492 hp=55 reason=nearby_enemy'
08/27 12:46:23 [Server] Client (account 0) tried to execute invalid order (101). Ability can't be cast with a position
08/27 12:46:23 [Server] Client (account 0) tried to execute invalid order (101). Ability can't be cast with a position
08/27 12:46:23 [Localization System] CLocalize::FindSafe failed to localize: 'AIB[R] intent=top-arbiter family=state winner=fight:134 losers=safe-cs:56,hero-over-creep:52,idle-heal:46,emergency-retreat:45,fwd-pullback:44'
08/27 12:46:23 [Server] Client (account 0) tried to execute invalid order (101). Ability can't be cast with a position
08/27 12:46:23 [Localization System] CLocalize::FindSafe failed to localize: 'AIB[R] intent=state-desire-fight family=state base=78 range=18 execute=20 dist=492 hp=55 ehp=49 hyst=18 reason=enemy_seen score=134'
08/27 12:46:23 [Server] Client (account 0) tried to execute invalid order (101). Ability can't be cast with a position
08/27 12:46:23 [Server] Client (account 0) tried to execute invalid order (101). Ability can't be cast with a position
08/27 12:46:23 [Server] Client (account 0) tried to execute invalid order (101). Ability can't be cast with a position
08/27 12:46:23 [Localization System] CLocalize::FindSafe failed to localize: 'AIB[D] blocked=safety-candidate reason=no_action_capped hp=40 score=44'
08/27 12:46:23 [Server] Client (account 0) tried to execute invalid order (101). Ability can't be cast with a position
08/27 12:46:23 [Localization System] CLocalize::FindSafe failed to localize: 'AIB[R] t=134s hp=55% gold=501 loc=-943,-819 enemy-dist=492 lh=10 dn=4 dg=+51 dlh=+1 bottle=-1 lvl=3 front=7078 ehp=40'
08/27 12:46:23 [Server] Client (account 0) tried to execute invalid order (101). Ability can't be cast with a position
08/27 12:46:23 [Localization System] CLocalize::FindSafe failed to localize: 'AIB[D] intent=state-desire-fight family=state base=78 range=18 dist=492 hp=40 ehp=55 hyst=18 reason=enemy_seen score=114'
08/27 12:46:23 [Server] Client (account 0) tried to execute invalid order (101). Ability can't be cast with a position
08/27 12:46:24 [Localization System] CLocalize::FindSafe failed to localize: 'AIB[R] blocked=top-arbiter reason=empty_action winner=fight score=142'
08/27 12:46:24 [Server] Client (account 0) tried to execute invalid order (101). Ability can't be cast with a position
08/27 12:46:24 [Server] Client (account 0) tried to execute invalid order (101). Ability can't be cast with a position
08/27 12:46:24 [Localization System] CLocalize::FindSafe failed to localize: 'AIB[R] intent=tick-owner family=other stage=desire/fight base=78 range=18 execute=20 dist=492 hp=49 ehp=40 reason=enemy_seen score=116'
08/27 12:46:24 [Server] Client (account 0) tried to execute invalid order (101). Ability can't be cast with a position
08/27 12:46:24 [Localization System] CLocalize::FindSafe failed to localize: 'AIB[R] intent=hero-contact family=fight dist=492 hp=49 reason=attackable_enemy'
08/27 12:46:24 [Server] Client (account 0) tried to execute invalid order (101). Ability can't be cast with a position
08/27 12:46:24 [Localization System] CLocalize::FindSafe failed to localize: 'AIB[D] intent=top-arbiter family=state winner=fight:134 losers=recover:74,safe-cs:56,hero-over-creep:52,idle-heal:46,emergency-retreat:45'
08/27 12:46:24 [Localization System] CLocalize::FindSafe failed to localize: 'AIB[D] intent=hero-contact family=fight dist=492 hp=40 reason=attackable_enemy'
08/27 12:46:24 [Localization System] CLocalize::FindSafe failed to localize: 'AIB[D] intent=tick-owner family=other stage=laning-core'
08/27 12:46:24 [Localization System] CLocalize::FindSafe failed to localize: 'AIB[R] intent=kill-lock family=fight dist=492 ehp=30 hp=49 exec=false atk=true mutual=false reason=killable_enemy'
08/27 12:46:24 [Localization System] CLocalize::FindSafe failed to localize: 'AIB[D] intent=recovery-policy family=recover action=recover hp=30 gate=35 source=early-low'
08/27 12:46:24 [Localization System] CLocalize::FindSafe failed to localize: 'AIB[D] intent=state-recover-xp family=state ttl=2 reason=regen_lane hp=30 dist=2437'
08/27 12:46:24 [Server] Client (account 0) tried to execute invalid order (101). Ability can't be cast with a position
08/27 12:46:25 [Server] Client (account 0) tried to execute invalid order (101). Ability can't be cast with a position
08/27 12:46:25 [Server] Client (account 0) tried to execute invalid order (101). Ability can't be cast with a position
08/27 12:46:25 [Localization System] CLocalize::FindSafe failed to localize: 'AIB[D] intent=damage-by-source family=other creep=90 tower=0 hero=1054 mixed=78 death=0 other=72 stale=190 gaps=2'
08/27 12:46:26 [Server] Client (account 0) tried to execute invalid order (101). Ability can't be cast with a position
08/27 12:46:26 [Server] Client (account 0) tried to execute invalid order (101). Ability can't be cast with a position
08/27 12:46:26 [Localization System] CLocalize::FindSafe failed to localize: 'AIB[R] intent=damage-by-source family=other creep=107 tower=0 hero=1003 mixed=113 death=0 other=129 stale=0 gaps=0'
08/27 12:46:26 [Localization System] CLocalize::FindSafe failed to localize: 'AIB[R] intent=tick-owner family=other stage=laning-core'
08/27 12:46:26 [Server] Client (account 0) tried to execute invalid order (101). Ability can't be cast with a position
08/27 12:46:26 [Server] Client (account 0) tried to execute invalid order (101). Ability can't be cast with a position
08/27 12:46:26 [Localization System] CLocalize::FindSafe failed to localize: 'AIB[D] t=137s hp=31% gold=353 loc=-150,-196 enemy-dist=689 lh=5 dn=1 dg=+8 dlh=+0 bottle=-1 lvl=3 front=9199 ehp=43'
08/27 12:46:26 [Localization System] CLocalize::FindSafe failed to localize: 'AIB[D] intent=tick-owner family=other stage=laning-core'
08/27 12:46:26 [Localization System] CLocalize::FindSafe failed to localize: 'AIB[D] intent=recovery-policy family=recover action=recover hp=31 gate=35 source=early-low'
08/27 12:46:27 [Localization System] CLocalize::FindSafe failed to localize: 'AIB[D] intent=recovery-owner family=recover band=soft threat=true mode=back hp=32'
08/27 12:46:27 [Localization System] CLocalize::FindSafe failed to localize: 'AIB[R] blocked=recover-candidate reason=no_action_capped hp=44 score=44'
08/27 12:46:27 [Localization System] CLocalize::FindSafe failed to localize: 'AIB[R] intent=recovery-plan family=recover action=back reason=post_fight_regen hp=44'
08/27 12:46:27 [Localization System] CLocalize::FindSafe failed to localize: 'AIB[R] intent=state-recover-xp family=state ttl=5 reason=post_fight_regen hp=44 dist=581'
08/27 12:46:27 [Localization System] CLocalize::FindSafe failed to localize: 'AIB[R] intent=recovery-owner family=recover band=soft threat=true mode=fwd-pullback hp=44'
08/27 12:46:27 [Localization System] CLocalize::FindSafe failed to localize: 'AIB[R] intent=top-arbiter family=state winner=fwd-pullback:44 losers=safe-cs:56,hero-over-creep:52,idle-heal:46,emergency-retreat:45,emergency-kill:43.5'
08/27 12:46:27 [Localization System] CLocalize::FindSafe failed to localize: 'AIB[D] blocked=buy-loop reason=saving target=item_bottle head=item_bottle cost=675 gold=354 left=1'
08/27 12:46:27 [Localization System] CLocalize::FindSafe failed to localize: 'AIB[R] blocked=buy-loop reason=saving target=item_bottle head=item_bottle cost=675 gold=507 left=1'
08/27 12:46:28 [Localization System] CLocalize::FindSafe failed to localize: 'AIB[R] intent=melee-pack-space family=safety count=2 dist=133'
08/27 12:46:28 [Localization System] CLocalize::FindSafe failed to localize: 'AIB[R] intent=tick-owner family=other stage=laning-core'
08/27 12:46:28 [Localization System] CLocalize::FindSafe failed to localize: 'AIB[D] intent=recovery-plan family=recover action=back reason=post_fight_regen hp=32'
08/27 12:46:28 [Localization System] CLocalize::FindSafe failed to localize: 'AIB[D] intent=state-recover-xp family=state ttl=5 reason=post_fight_regen hp=32 dist=96'
08/27 12:46:28 [Localization System] CLocalize::FindSafe failed to localize: 'AIB[D] intent=tick-owner family=other stage=laning-core'
08/27 12:46:28 [Localization System] CLocalize::FindSafe failed to localize: 'AIB[R] t=139s hp=45% gold=509 loc=-633,-546 lh=10 dn=4 dg=+8 dlh=+0 bottle=-1 lvl=3 front=8371 ehp=-1'
08/27 12:46:28 [Localization System] CLocalize::FindSafe failed to localize: 'AIB[D] intent=recovery-policy family=recover action=recover hp=33 gate=35 source=early-low'
08/27 12:46:29 [Localization System] CLocalize::FindSafe failed to localize: 'AIB[R] blocked=creep-hit-react reason=recovery_commit hp=43 band=soft'
08/27 12:46:29 [Localization System] CLocalize::FindSafe failed to localize: 'AIB[R] intent=state-desire-safety family=state base=108 creep_dmg=8 hp=43 creep=true hero=false reason=recent_damage score=116'
08/27 12:46:29 [Localization System] CLocalize::FindSafe failed to localize: 'AIB[R] blocked=creep-hit-react reason=inside_melee_pack count=3 dist=266 hp=43'
08/27 12:46:29 [Localization System] CLocalize::FindSafe failed to localize: 'AIB[R] blocked=top-arbiter reason=empty_action winner=safety score=116'
08/27 12:46:29 [Localization System] CLocalize::FindSafe failed to localize: 'AIB[R] intent=state-desire-recover family=state base=74 creep_dmg=-14 hp=43 reason=hp_gate score=60'
08/27 12:46:29 [Localization System] CLocalize::FindSafe failed to localize: 'AIB[R] intent=recovery-policy family=recover action=recover hp=43 gate=55 source=lane-low'
08/27 12:46:29 [Localization System] CLocalize::FindSafe failed to localize: 'AIB[R] blocked=safety-candidate reason=no_action_capped hp=43 score=44'
08/27 12:46:29 [Localization System] CLocalize::FindSafe failed to localize: 'AIB[R] intent=top-arbiter family=state winner=recover:78 losers=safe-cs:56,hero-over-creep:52,idle-heal:46,emergency-retreat:45,fwd-pullback:44'
08/27 12:46:29 [Localization System] CLocalize::ConstructString failed to localize: '#DOTA_Tooltip_Ability_nevermore_shadowraze2_SummaryDescription'
08/27 12:46:29 [Localization System] CLocalize::ConstructString failed to localize: '#DOTA_Tooltip_Ability_nevermore_shadowraze1_SummaryDescription'
08/27 12:46:29 [Localization System] CLocalize::FindSafe failed to localize: 'AIB[R] intent=recovery-owner family=recover band=soft threat=false mode=back hp=43'
08/27 12:46:30 [Localization System] CLocalize::FindSafe failed to localize: 'AIB[R] intent=tick-owner family=other stage=laning-core'
08/27 12:46:30 [Localization System] CLocalize::FindSafe failed to localize: 'AIB[R] intent=state-desire-recover family=state base=74 hp=44 hyst=18 reason=hp_gate score=92'
08/27 12:46:30 [Localization System] CLocalize::FindSafe failed to localize: 'AIB[R] intent=top-arbiter family=state winner=recover:92 losers=safe-cs:56,hero-over-creep:52,idle-heal:46,emergency-retreat:45,fwd-pullback:44'
08/27 12:46:30 [Localization System] CLocalize::FindSafe failed to localize: 'AIB[D] intent=tick-owner family=other stage=laning-core'
08/27 12:46:31 [Localization System] CLocalize::FindSafe failed to localize: 'AIB[R] blocked=recover-candidate reason=no_action_capped hp=44 score=44'
08/27 12:46:31 [Localization System] CLocalize::FindSafe failed to localize: 'AIB[D] intent=recovery-policy family=recover action=recover hp=34 gate=35 source=early-low'
08/27 12:46:31 [Localization System] CLocalize::FindSafe failed to localize: 'AIB[D] t=142s hp=34% gold=360 loc=761,726 lh=5 dn=1 dg=+7 dlh=+0 bottle=-1 lvl=3 front=9960 ehp=-1'
08/27 12:46:32 [Localization System] CLocalize::FindSafe failed to localize: 'AIB[D] blocked=recover-candidate reason=no_action_capped hp=36 score=44'
08/27 12:46:32 [Localization System] CLocalize::FindSafe failed to localize: 'AIB[D] blocked=harass reason=own_heal_running'
08/27 12:46:32 [Localization System] CLocalize::FindSafe failed to localize: 'AIB[D] intent=top-arbiter family=state winner=anti-idle:2 losers=safe-cs:56,hero-over-creep:52,idle-heal:46,emergency-retreat:45,fwd-pullback:44'
08/27 12:46:32 [Localization System] CLocalize::FindSafe failed to localize: 'AIB[R] intent=recovery-plan family=recover action=back reason=post_fight_regen hp=45'
08/27 12:46:32 [Localization System] CLocalize::FindSafe failed to localize: 'AIB[R] intent=state-recover-xp family=state ttl=5 reason=post_fight_regen hp=45 dist=63'
08/27 12:46:33 [Localization System] CLocalize::FindSafe failed to localize: 'AIB[D] intent=tick-owner family=other stage=laning-core'
08/27 12:46:33 [Localization System] CLocalize::ConstructString failed to localize: '#DOTA_Tooltip_Ability_nevermore_dark_lord_SummaryDescription'
08/27 12:46:33 [Localization System] CLocalize::FindSafe failed to localize: 'AIB[D] intent=top-arbiter family=state winner=anti-idle:2 losers=safe-cs:56,hero-over-creep:52,idle-heal:46,emergency-retreat:45,fwd-pullback:44'
08/27 12:46:33 [Localization System] CLocalize::FindSafe failed to localize: 'AIB[R] t=144s hp=46% gold=517 loc=-1091,-962 lh=10 dn=4 dg=+8 dlh=+0 bottle=-1 lvl=3 front=8545 ehp=-1'
08/27 12:46:34 [Localization System] CLocalize::FindSafe failed to localize: 'AIB[R] intent=top-arbiter family=state winner=creep-work:38.8 losers=safe-cs:56,hero-over-creep:52,idle-heal:46,emergency-retreat:45,fwd-pullback:44'
08/27 12:46:34 [Localization System] CLocalize::FindSafe failed to localize: 'AIB[R] intent=tick-owner family=other stage=desire/creep-work reason=ready score=39 band=lanework'
08/27 12:46:35 [Localization System] CLocalize::FindSafe failed to localize: 'AIB[D] intent=tick-owner family=other stage=laning-core'
08/27 12:46:35 [Localization System] CLocalize::FindSafe failed to localize: 'AIB[D] intent=top-arbiter family=state winner=anti-idle:2 losers=safe-cs:56,hero-over-creep:52,idle-heal:46,emergency-retreat:45,fwd-pullback:44'
08/27 12:46:35 Script function 'Think' on bot npc_dota_hero_nevermore took 2.035ms
08/27 12:46:35 [Localization System] CLocalize::FindSafe failed to localize: 'AIB[R] intent=melee-pack-space family=safety count=2 dist=150'
08/27 12:46:35 [Localization System] CLocalize::FindSafe failed to localize: 'AIB[R] intent=state-desire-last-hit family=farm dist=531 reason=killable_creep score=140'
08/27 12:46:35 [Localization System] CLocalize::FindSafe failed to localize: 'AIB[D] blocked=buy-loop reason=saving target=item_bottle head=item_bottle cost=675 gold=366 left=1'
08/27 12:46:35 [Localization System] CLocalize::FindSafe failed to localize: 'AIB[R] blocked=buy-loop reason=saving target=item_bottle head=item_bottle cost=675 gold=519 left=1'
08/27 12:46:36 [Localization System] CLocalize::FindSafe failed to localize: 'AIB[R] intent=top-arbiter family=state winner=last-hit:158 losers=safe-cs:56,hero-over-creep:52,idle-heal:46,emergency-retreat:45,fwd-pullback:44'
08/27 12:46:36 [Localization System] CLocalize::FindSafe failed to localize: 'AIB[D] blocked=harass reason=own_heal_running'
08/27 12:46:36 [Localization System] CLocalize::ConstructString failed to localize: '#DOTA_Tooltip_Ability_nevermore_requiem_SummaryDescription'
08/27 12:46:36 [Localization System] CLocalize::ConstructString failed to localize: '#DOTA_Tooltip_Ability_nevermore_dark_lord_SummaryDescription'
08/27 12:46:36 [Localization System] CLocalize::ConstructString failed to localize: '#DOTA_Tooltip_Ability_nevermore_frenzy_SummaryDescription'
08/27 12:46:36 [Localization System] CLocalize::FindSafe failed to localize: 'AIB[R] intent=channel-interrupt family=fight dist=1031 hp=47 kind=heal reason=enemy_heal'
08/27 12:46:36 [Localization System] CLocalize::FindSafe failed to localize: 'AIB[R] intent=tick-owner family=other stage=urgent intent=channel-interrupt'
08/27 12:46:36 [Localization System] CLocalize::ConstructString failed to localize: '#DOTA_Tooltip_Ability_nevermore_shadowraze3_SummaryDescription'
08/27 12:46:36 [Localization System] CLocalize::ConstructString failed to localize: '#DOTA_Tooltip_Ability_nevermore_frenzy_SummaryDescription'
08/27 12:46:36 [Localization System] CLocalize::FindSafe failed to localize: 'AIB[D] t=147s hp=58% gold=368 loc=-161,-5 enemy-dist=942 lh=5 dn=1 dg=+8 dlh=+0 bottle=-1 lvl=3 front=10030 ehp=47'
08/27 12:46:36 [Localization System] CLocalize::ConstructString failed to localize: '#DOTA_Tooltip_Ability_nevermore_shadowraze3_SummaryDescription'
08/27 12:46:36 [Localization System] CLocalize::FindSafe failed to localize: 'AIB[D] blocked=fight-candidate reason=no_action_capped hp=59 score=40'
08/27 12:46:36 [Localization System] CLocalize::FindSafe failed to localize: 'AIB[D] blocked=recovery-buy reason=budget_cap hp=59 gold=368 count=3 allow=2'
08/27 12:46:36 [Localization System] CLocalize::FindSafe failed to localize: 'AIB[D] intent=top-arbiter family=state winner=creep-work:38.6 losers=hero-over-creep:52,idle-heal:46,emergency-retreat:45,fwd-pullback:44,emergency-kill:43.5'
08/27 12:46:37 [Localization System] CLocalize::FindSafe failed to localize: 'AIB[D] intent=tick-owner family=other stage=laning-core'
08/27 12:46:37 [Localization System] CLocalize::FindSafe failed to localize: 'AIB[D] blocked=uphill-repo reason=not_trading'
08/27 12:46:38 [Server] Client (account 0) tried to execute invalid order (101). Ability can't be cast with a position
08/27 12:46:38 [Localization System] CLocalize::FindSafe failed to localize: 'AIB[D] intent=state-desire-fight family=state base=78 range=18 hp_adv=8 execute=20 dist=567 hp=64 ehp=48 reason=enemy_seen score=124'
08/27 12:46:38 [Server] Client (account 0) tried to execute invalid order (101). Ability can't be cast with a position
08/27 12:46:38 [Localization System] CLocalize::FindSafe failed to localize: 'AIB[D] blocked=hero-contact reason=uphill dist=567 hp=66'
08/27 12:46:38 [Localization System] CLocalize::FindSafe failed to localize: 'AIB[D] blocked=hero-pass reason=uphill hp=66'
08/27 12:46:38 [Localization System] CLocalize::FindSafe failed to localize: 'AIB[D] blocked=top-arbiter reason=empty_action winner=fight score=142'
08/27 12:46:38 [Server] Client (account 0) tried to execute invalid order (101). Ability can't be cast with a position
08/27 12:46:38 [Localization System] CLocalize::FindSafe failed to localize: 'AIB[D] intent=top-arbiter family=state winner=emergency-kill:43.5 losers=fight:124,hero-over-creep:52,idle-heal:46,emergency-retreat:45,fwd-pullback:44'
08/27 12:46:38 [Server] Client (account 0) tried to execute invalid order (101). Ability can't be cast with a position
08/27 12:46:38 [Localization System] CLocalize::FindSafe failed to localize: 'AIB[R] intent=tick-owner family=other stage=urgent intent=channel-interrupt'
08/27 12:46:38 [Localization System] CLocalize::FindSafe failed to localize: 'AIB[D] intent=hero-contact family=fight dist=567 hp=58 reason=attackable_enemy'
08/27 12:46:39 [Localization System] CLocalize::FindSafe failed to localize: 'AIB[R] t=149s hp=45% gold=558 loc=-531,-434 enemy-dist=567 lh=11 dn=4 dg=+41 dlh=+1 bottle=-1 lvl=3 front=8545 ehp=58'
08/27 12:46:39 [Localization System] CLocalize::FindSafe failed to localize: 'AIB[R] blocked=creep-hit-react reason=recovery_commit hp=45 band=soft'
08/27 12:46:39 [Localization System] CLocalize::FindSafe failed to localize: 'AIB[R] blocked=safety-candidate reason=no_action_capped hp=45 score=44'
08/27 12:46:39 [Localization System] CLocalize::FindSafe failed to localize: 'AIB[R] intent=state-desire-fight family=state base=78 range=18 execute=20 dist=567 hp=45 ehp=58 reason=enemy_seen score=116'
08/27 12:46:39 [Localization System] CLocalize::FindSafe failed to localize: 'AIB[R] intent=hero-contact family=fight dist=567 hp=45 reason=attackable_enemy'
08/27 12:46:39 [Localization System] CLocalize::FindSafe failed to localize: 'AIB[R] intent=top-arbiter family=state winner=fight:116 losers=recover:60,safe-cs:56,hero-over-creep:52,idle-heal:46,emergency-retreat:45'
08/27 12:46:39 [Server] Client (account 0) tried to execute invalid order (101). Ability can't be cast with a position
08/27 12:46:39 [Server] Client (account 0) tried to execute invalid order (101). Ability can't be cast with a position
08/27 12:46:39 [Server] Client (account 0) tried to execute invalid order (101). Ability can't be cast with a position
08/27 12:46:39 [Localization System] CLocalize::FindSafe failed to localize: 'AIB[R] intent=arbiter family=fight winner=creep-aggro:112 losers=hero-pass:60'
08/27 12:46:39 [Localization System] CLocalize::FindSafe failed to localize: 'AIB[R] intent=creep-aggro family=safety hp=36 reason=creep_hitting'
08/27 12:46:39 [Localization System] CLocalize::FindSafe failed to localize: 'AIB[D] intent=tick-owner family=other stage=laning-core'
08/27 12:46:39 [Localization System] CLocalize::FindSafe failed to localize: 'AIB[D] intent=hero-pass family=fight dist=567 hp=58 reason=nearby_enemy'
08/27 12:46:39 [Server] Client (account 0) tried to execute invalid order (101). Ability can't be cast with a position
08/27 12:46:39 [Localization System] CLocalize::FindSafe failed to localize: 'AIB[D] intent=state-desire-fight family=state base=78 range=18 hp_adv=8 execute=20 dist=567 hp=59 ehp=37 hyst=18 reason=enemy_seen score=142'
08/27 12:46:39 [Server] Client (account 0) tried to execute invalid order (101). Ability can't be cast with a position
08/27 12:46:39 [Server] Client (account 0) tried to execute invalid order (101). Ability can't be cast with a position
08/27 12:46:39 [Localization System] CLocalize::FindSafe failed to localize: 'AIB[R] intent=recovery-policy family=recover action=recover hp=33 gate=35 source=early-low'
08/27 12:46:39 [Localization System] CLocalize::FindSafe failed to localize: 'AIB[R] intent=state-recover-xp family=state ttl=2 reason=regen_lane hp=33 dist=832'
08/27 12:46:39 [Localization System] CLocalize::FindSafe failed to localize: 'AIB[D] blocked=top-arbiter reason=empty_action winner=fight score=142'
08/27 12:46:40 [Server] Client (account 0) tried to execute invalid order (101). Ability can't be cast with a position
08/27 12:46:40 [Localization System] CLocalize::FindSafe failed to localize: 'AIB[D] intent=top-arbiter family=state winner=fight:124 losers=hero-over-creep:52,idle-heal:46,emergency-retreat:45,fwd-pullback:44,emergency-kill:43.5'
08/27 12:46:40 [Server] Client (account 0) tried to execute invalid order (101). Ability can't be cast with a position
08/27 12:46:40 [Server] Client (account 0) tried to execute invalid order (101). Ability can't be cast with a position
08/27 12:46:40 [Localization System] CLocalize::FindSafe failed to localize: 'AIB[R] intent=tick-owner family=other stage=laning-core'
08/27 12:46:40 [Localization System] CLocalize::FindSafe failed to localize: 'AIB[D] intent=channel-interrupt family=fight dist=738 hp=59 kind=heal reason=enemy_heal'
08/27 12:46:41 [Localization System] CLocalize::FindSafe failed to localize: 'AIB[D] intent=damage-by-source family=other creep=90 tower=0 hero=1116 mixed=78 death=0 other=72 stale=190 gaps=2'
08/27 12:46:41 [Localization System] CLocalize::FindSafe failed to localize: 'AIB[R] intent=state-desire-fight family=state base=78 execute=20 dist=764 hp=35 ehp=59 hyst=18 reason=enemy_seen score=116'
08/27 12:46:41 [Localization System] CLocalize::FindSafe failed to localize: 'AIB[R] blocked=hero-contact reason=unsafe dist=764 hp=35 tower=false'
08/27 12:46:41 [Localization System] CLocalize::FindSafe failed to localize: 'AIB[R] blocked=top-arbiter reason=empty_action winner=fight score=116'
08/27 12:46:41 [Localization System] CLocalize::FindSafe failed to localize: 'AIB[R] intent=state-desire-safety family=state base=108 creep_dmg=8 hp=35 creep=true hero=false reason=recent_damage score=116'
08/27 12:46:41 [Localization System] CLocalize::FindSafe failed to localize: 'AIB[R] intent=state-desire-recover family=state base=74 danger=28 creep_dmg=-14 hp=35 reason=hp_gate score=88'
08/27 12:46:41 [Localization System] CLocalize::FindSafe failed to localize: 'AIB[R] intent=top-arbiter family=state winner=recover:88 losers=fight:116,safety:116,safe-cs:56,hero-over-creep:52,idle-heal:46'
08/27 12:46:41 [Localization System] CLocalize::FindSafe failed to localize: 'AIB[R] intent=damage-by-source family=other creep=171 tower=0 hero=1060 mixed=113 death=0 other=129 stale=0 gaps=0'
08/27 12:46:41 [Localization System] CLocalize::FindSafe failed to localize: 'AIB[R] blocked=fight-candidate reason=no_action_capped hp=36 score=40'
08/27 12:46:41 [Localization System] CLocalize::FindSafe failed to localize: 'AIB[D] ability-harass=117 anti-idle-enter=9 anti-idle-lane=7 anti-idle-lowhp-back=2 channel-interrupt-atk=3 channel-interrupt-chase=9 creep-aggro-hit=8 creep-dmg=2 creep-hit-react-atk=6 creep-hit-react-step=1 cs-wait-release=12 cs-wait=6 cs-walk-gap-small=3 cs-walk-inrange=6 cs-walk-into-pack=3 cs-walk=9 cs-watchdog-step=2 cw-push=165 deny-act-atk=3 deny-act-walk=4 deny-act=7 deny-cand-doomed=3 deny-cand-tanky=10 fight-hp-behind=6 fwd-at-position=1 fwd-suppressed-creep=1 fwd-suppressed-cs=1 fwd-suppressed-empty=2 fwd-suppressed-lowhp=1 fwd-suppressed-motor=6 fwd-suppressed-tower=4 fwd-suppressed-visual=2 heal-item=2 heal-want=1 hero-contact-atk=19 hero-contact-chase=5 hero-over-creep=11 hero-pass-atk=11 hero-pass-chase=4 hero-prio-chase-hold=4 hero-prio-chase=15 idle=1 kill-priority=1 killwin-scan=777 lane-line-fallback=9 lane-line-suppressed-creep=1 lane-line-suppressed-empty=1 lane-line-suppressed-heal=3 lane-line-suppressed-lowhp=5 lane-line-suppressed-motor=2 last-hit-urgent=41 low-hp-limit=2 melee-pack-release=7 melee-pack-space=5 pre-aig=9 precreep-anchor=36 precreep-hold=1 precreep-park-hold=12 precreep-park=184 prewave-duel-approach=41 prewave-duel-trade=54 prewave-duel-uphill-back=1 recover-xp=7 recovery-buy=3 recovery-enemy-near=137 recovery-flask=1 recovery-regen=4 recovery-tango=2 regen-walk=3 tango-heal=2 uphill-reposition=2 uphill-void-under-fire=5 visual-hold-lane=2 wave-watch=6'
08/27 12:46:41 [Localization System] CLocalize::FindSafe failed to localize: 'AIB[D] intent=tick-owner family=other stage=laning-core'
08/27 12:46:41 [Localization System] CLocalize::FindSafe failed to localize: 'AIB[R] ability-harass=95 anti-afk-no-chase=1 anti-idle-enter=7 anti-idle-lane=3 anti-idle-lowhp-back=1 channel-interrupt-atk=7 channel-interrupt-chase=7 creep-aggro-back=3 creep-aggro-hit=8 creep-dmg=5 creep-hit-react-aggro-step=1 creep-hit-react-atk=6 creep-hit-react-step=1 cs-wait-release=21 cs-wait=10 cs-walk-gap-large=9 cs-walk-gap-small=13 cs-walk-inrange=10 cs-walk-into-pack=4 cs-walk=32 deny-act-atk=23 deny-act-walk=4 deny-act=27 deny-cand-doomed=14 deny-cand-tanky=147 fight-hp-behind=1 fwd-at-position=1 fwd-lowhp-pull=1 fwd-suppressed-creep=13 fwd-suppressed-cs=1 fwd-suppressed-damage=1 fwd-suppressed-empty=4 fwd-suppressed-hero=3 fwd-suppressed-lowhp=1 fwd-suppressed-motor=5 fwd-suppressed-tower=3 fwd-suppressed-visual=2 harass-atk=1 heal-item=2 heal-want=1 hero-contact-atk=25 hero-contact-chase=7 hero-over-creep=6 hero-pass-atk=12 hero-pass-chase=3 idle=5 kill-lock-atk=1 kill-lock-chase=4 killwin-atk=12 killwin-scan=829 lane-line-fallback=8 lane-line-suppressed-creep=3 lane-line-suppressed-damage=1 lane-line-suppressed-empty=5 lane-line-suppressed-heal=10 lane-line-suppressed-lowhp=4 last-hit-urgent=42 low-hp-limit=2 melee-pack-release=11 melee-pack-space=7 own-ranged-stepback=1 pre-aig=7 precreep-anchor=43 precreep-hold=3 precreep-park-hold=13 precreep-park=154 precreep-space=1 prewave-defend=1 prewave-free-hit=74 recover-xp=3 recovery-buy=3 recovery-enemy-near=180 recovery-flask=2 recovery-regen=2 recovery-tango=2 regen-walk=1 tango-heal=1 uphill-reposition=2 uphill-void-under-fire=13 visual-hold-creep=24 visual-hold-lane=2 wave-watch=17'
08/27 12:46:41 [Localization System] CLocalize::FindSafe failed to localize: 'AIB[D] t=152s hp=60% gold=375 loc=-478,-263 enemy-dist=1000 lh=5 dn=1 dg=+7 dlh=+0 bottle=-1 lvl=3 front=10030 ehp=-66600'
08/27 12:46:41 [Localization System] CLocalize::FindSafe failed to localize: 'AIB[D] intent=melee-pack-space family=safety count=2 dist=303'
08/27 12:46:41 [Localization System] CLocalize::FindSafe failed to localize: 'AIB[D] intent=top-arbiter family=state winner=ranged-spacing:41 losers=hero-over-creep:52,idle-heal:46,emergency-retreat:45,fwd-pullback:44,emergency-kill:43.5'
08/27 12:46:41 [Localization System] CLocalize::FindSafe failed to localize: 'AIB[R] blocked=recover-candidate reason=no_action_capped hp=39 score=44'
08/27 12:46:41 [Localization System] CLocalize::FindSafe failed to localize: 'AIB[R] blocked=recovery-buy reason=budget_cap hp=39 gold=563 count=3 allow=3'
08/27 12:46:41 [Localization System] CLocalize::FindSafe failed to localize: 'AIB[R] intent=recovery-owner family=recover band=soft threat=true mode=back hp=39'
08/27 12:46:42 [Localization System] CLocalize::FindSafe failed to localize: 'AIB[D] intent=cs-watchdog family=farm lh=5 idle=22 creep_hp=166 dist=156'
08/27 12:46:42 [Localization System] CLocalize::FindSafe failed to localize: 'AIB[R] intent=recovery-plan family=recover action=back reason=post_fight_regen hp=41'
08/27 12:46:42 [Localization System] CLocalize::FindSafe failed to localize: 'AIB[R] intent=state-recover-xp family=state ttl=5 reason=post_fight_regen hp=41 dist=111'
08/27 12:46:42 [Localization System] CLocalize::FindSafe failed to localize: 'AIB[R] blocked=harass reason=own_heal_running'
08/27 12:46:42 [Localization System] CLocalize::FindSafe failed to localize: 'AIB[R] intent=top-arbiter family=state winner=low-hp-hold:43.2 losers=safe-cs:56,hero-over-creep:52,idle-heal:46,emergency-retreat:45,fwd-pullback:44'
08/27 12:46:42 [Localization System] CLocalize::FindSafe failed to localize: 'AIB[R] intent=tick-owner family=other stage=laning-core'
08/27 12:46:43 [Localization System] CLocalize::FindSafe failed to localize: 'AIB[D] intent=top-arbiter family=state winner=creep-work:38.6 losers=hero-over-creep:52,idle-heal:46,emergency-retreat:45,fwd-pullback:44,emergency-kill:43.5'
08/27 12:46:43 [Localization System] CLocalize::FindSafe failed to localize: 'AIB[D] intent=tick-owner family=other stage=laning-core'
08/27 12:46:43 [Localization System] CLocalize::FindSafe failed to localize: 'AIB[D] blocked=buy-loop reason=saving target=item_bottle head=item_bottle cost=675 gold=378 left=1'
08/27 12:46:43 [Localization System] CLocalize::FindSafe failed to localize: 'AIB[R] blocked=buy-loop reason=saving target=item_bottle head=item_bottle cost=675 gold=565 left=1'
08/27 12:46:43 [Localization System] CLocalize::FindSafe failed to localize: 'AIB[R] intent=state-desire-last-hit family=farm dist=553 reason=killable_creep score=140'
08/27 12:46:44 [Localization System] CLocalize::FindSafe failed to localize: 'AIB[R] t=154s hp=50% gold=566 loc=-887,-797 enemy-dist=681 lh=11 dn=4 dg=+8 dlh=+0 bottle=-1 lvl=3 front=8545 ehp=61'
08/27 12:46:44 [Localization System] CLocalize::FindSafe failed to localize: 'AIB[R] blocked=fight-candidate reason=no_action_capped hp=51 score=40'
08/27 12:46:44 [Localization System] CLocalize::FindSafe failed to localize: 'AIB[R] intent=top-arbiter family=state winner=last-hit:158 losers=safe-cs:56,hero-over-creep:52,idle-heal:46,emergency-retreat:45,fwd-pullback:44'
08/27 12:46:44 [Server] Client (account 0) tried to execute invalid order (101). Ability can't be cast with a position
08/27 12:46:44 [Localization System] CLocalize::FindSafe failed to localize: 'AIB[R] intent=state-desire-fight family=state base=78 range=18 dist=587 hp=51 ehp=61 reason=enemy_seen score=96'
08/27 12:46:44 [Server] Client (account 0) tried to execute invalid order (101). Ability can't be cast with a position
08/27 12:46:44 [Server] Client (account 0) tried to execute invalid order (101). Ability can't be cast with a position
08/27 12:46:44 [Server] Client (account 0) tried to execute invalid order (101). Ability can't be cast with a position
08/27 12:46:45 [Localization System] CLocalize::FindSafe failed to localize: 'AIB[R] blocked=hero-contact reason=uphill dist=570 hp=54'
08/27 12:46:45 [Localization System] CLocalize::FindSafe failed to localize: 'AIB[R] blocked=hero-pass reason=uphill hp=54'
08/27 12:46:45 [Localization System] CLocalize::FindSafe failed to localize: 'AIB[R] blocked=top-arbiter reason=empty_action winner=fight score=114'
08/27 12:46:45 [Localization System] CLocalize::FindSafe failed to localize: 'AIB[R] blocked=uphill-repo reason=not_trading'
08/27 12:46:45 [Localization System] CLocalize::FindSafe failed to localize: 'AIB[R] intent=tick-owner family=other stage=desire/ability-harass reason=ready score=36 band=lanework'
08/27 12:46:45 [Server] Client (account 0) tried to execute invalid order (101). Ability can't be cast with a position
08/27 12:46:45 [Server] Client (account 0) tried to execute invalid order (101). Ability can't be cast with a position
08/27 12:46:45 [Server] Client (account 0) tried to execute invalid order (101). Ability can't be cast with a position
08/27 12:46:45 [Localization System] CLocalize::FindSafe failed to localize: 'AIB[D] intent=tick-owner family=other stage=laning-core'
08/27 12:46:45 [Localization System] CLocalize::FindSafe failed to localize: 'AIB[R] blocked=recover-candidate reason=no_action_capped hp=50 score=44'
08/27 12:46:45 [Localization System] CLocalize::FindSafe failed to localize: 'AIB[R] intent=hero-contact family=fight dist=570 hp=50 reason=attackable_enemy'
08/27 12:46:45 [Server] Client (account 0) tried to execute invalid order (101). Ability can't be cast with a position
08/27 12:46:45 [Localization System] CLocalize::FindSafe failed to localize: 'AIB[D] intent=state-desire-fight family=state base=78 range=18 execute=20 dist=570 hp=58 ehp=50 reason=enemy_seen score=116'
08/27 12:46:45 [Localization System] CLocalize::FindSafe failed to localize: 'AIB[D] intent=top-arbiter family=state winner=fight:116 losers=safety:116,hero-over-creep:52,idle-heal:46,emergency-retreat:45,fwd-pullback:44'
08/27 12:46:45 [Server] Client (account 0) tried to execute invalid order (101). Ability can't be cast with a position
08/27 12:46:45 [Localization System] CLocalize::FindSafe failed to localize: 'AIB[R] intent=top-arbiter family=state winner=fight:134 losers=safe-cs:56,hero-over-creep:52,idle-heal:46,emergency-retreat:45,fwd-pullback:44'
08/27 12:46:45 [Localization System] CLocalize::FindSafe failed to localize: 'AIB[D] intent=hero-contact family=fight dist=570 hp=58 reason=attackable_enemy'
08/27 12:46:46 [Server] Client (account 0) tried to execute invalid order (101). Ability can't be cast with a position
08/27 12:46:46 [Localization System] CLocalize::FindSafe failed to localize: 'AIB[R] intent=state-desire-fight family=state base=78 range=18 execute=20 dist=570 hp=50 ehp=58 hyst=18 reason=enemy_seen score=134'
08/27 12:46:46 [Localization System] CLocalize::FindSafe failed to localize: 'AIB[D] intent=arbiter family=fight winner=creep-aggro:112 losers=hero-pass:105'
08/27 12:46:46 [Localization System] CLocalize::FindSafe failed to localize: 'AIB[D] intent=creep-aggro family=safety hp=58 reason=creep_hitting'
08/27 12:46:46 [Server] Client (account 0) tried to execute invalid order (101). Ability can't be cast with a position
08/27 12:46:46 [Server] Client (account 0) tried to execute invalid order (101). Ability can't be cast with a position
08/27 12:46:46 [Localization System] CLocalize::FindSafe failed to localize: 'AIB[R] intent=hero-pass family=fight dist=570 hp=51 reason=nearby_enemy'
08/27 12:46:46 [Server] Client (account 0) tried to execute invalid order (101). Ability can't be cast with a position
08/27 12:46:46 [Server] Client (account 0) tried to execute invalid order (101). Ability can't be cast with a position
08/27 12:46:46 [Server] Client (account 0) tried to execute invalid order (101). Ability can't be cast with a position
08/27 12:46:46 [Localization System] CLocalize::FindSafe failed to localize: 'AIB[D] blocked=recover-candidate reason=no_action_capped hp=46 score=44'
08/27 12:46:46 [Server] Client (account 0) tried to execute invalid order (101). Ability can't be cast with a position
08/27 12:46:46 [Server] Client (account 0) tried to execute invalid order (101). Ability can't be cast with a position
08/27 12:46:46 [Server] Client (account 0) tried to execute invalid order (101). Ability can't be cast with a position
08/27 12:46:46 [Server] Client (account 0) tried to execute invalid order (101). Ability can't be cast with a position
08/27 12:46:46 [Localization System] CLocalize::FindSafe failed to localize: 'AIB[D] t=157s hp=46% gold=421 loc=-539,-346 enemy-dist=570 lh=6 dn=1 dg=+46 dlh=+1 bottle=-1 lvl=3 front=9953 ehp=51'
08/27 12:46:46 [Server] Client (account 0) tried to execute invalid order (101). Ability can't be cast with a position
08/27 12:46:46 [Server] Client (account 0) tried to execute invalid order (101). Ability can't be cast with a position
08/27 12:46:47 [Server] Client (account 0) tried to execute invalid order (101). Ability can't be cast with a position
08/27 12:46:47 [Localization System] CLocalize::FindSafe failed to localize: 'AIB[R] intent=tick-owner family=other stage=laning-core'
08/27 12:46:47 [Server] Client (account 0) tried to execute invalid order (101). Ability can't be cast with a position
08/27 12:46:47 [Localization System] CLocalize::FindSafe failed to localize: 'AIB[D] intent=state-desire-fight family=state base=78 range=18 execute=20 dist=570 hp=44 ehp=51 hyst=18 reason=enemy_seen score=134'
08/27 12:46:47 [Localization System] CLocalize::FindSafe failed to localize: 'AIB[D] intent=top-arbiter family=state winner=fight:134 losers=safety:116,recover:60,safe-cs:56,hero-over-creep:52,idle-heal:46'
08/27 12:46:47 [Server] Client (account 0) tried to execute invalid order (101). Ability can't be cast with a position
08/27 12:46:47 [Server] Client (account 0) tried to execute invalid order (101). Ability can't be cast with a position
08/27 12:46:47 [Server] Client (account 0) tried to execute invalid order (101). Ability can't be cast with a position
08/27 12:46:47 [Localization System] CLocalize::FindSafe failed to localize: 'AIB[R] intent=state-desire-fight family=state base=78 range=18 execute=20 dist=570 hp=51 ehp=42 hyst=18 reason=enemy_seen score=134'
08/27 12:46:47 [Localization System] CLocalize::FindSafe failed to localize: 'AIB[R] intent=top-arbiter family=state winner=fight:134 losers=safe-cs:56,hero-over-creep:52,idle-heal:46,emergency-retreat:45,fwd-pullback:44'
08/27 12:46:47 [Server] Client (account 0) tried to execute invalid order (101). Ability can't be cast with a position
08/27 12:46:47 [Localization System] CLocalize::FindSafe failed to localize: 'AIB[D] intent=tick-owner family=other stage=laning-core'
08/27 12:46:47 [Localization System] CLocalize::FindSafe failed to localize: 'AIB[R] blocked=top-arbiter reason=empty_action winner=fight score=134'
08/27 12:46:47 [Localization System] CLocalize::FindSafe failed to localize: 'AIB[D] intent=recovery-policy family=recover action=recover hp=33 gate=35 source=early-low'
08/27 12:46:47 [Localization System] CLocalize::FindSafe failed to localize: 'AIB[D] intent=state-recover-xp family=state ttl=2 reason=regen_lane hp=33 dist=808'
08/27 12:46:47 [Localization System] CLocalize::FindSafe failed to localize: 'AIB[R] blocked=kill-lock reason=uphill dist=570 hp=52'
08/27 12:46:48 [Server] Client (account 0) tried to execute invalid order (101). Ability can't be cast with a position
08/27 12:46:48 [Localization System] CLocalize::FindSafe failed to localize: 'AIB[R] blocked=fight-candidate reason=no_action_capped hp=52 score=40'
08/27 12:46:48 [Localization System] CLocalize::FindSafe failed to localize: 'AIB[R] intent=recovery-plan family=recover action=back reason=post_fight_regen hp=52'
08/27 12:46:48 [Localization System] CLocalize::FindSafe failed to localize: 'AIB[R] intent=state-recover-xp family=state ttl=5 reason=post_fight_regen hp=52 dist=149'
08/27 12:46:49 [Localization System] CLocalize::FindSafe failed to localize: 'AIB[D] intent=recovery-plan family=recover action=back reason=post_fight_regen hp=32'
08/27 12:46:49 [Localization System] CLocalize::FindSafe failed to localize: 'AIB[D] intent=recovery-owner family=recover band=soft threat=true mode=safe-step hp=32'
08/27 12:46:49 [Localization System] CLocalize::FindSafe failed to localize: 'AIB[R] intent=top-arbiter family=state winner=wave-watch:10 losers=safe-cs:56,hero-over-creep:52,idle-heal:46,emergency-retreat:45,fwd-pullback:44'
08/27 12:46:49 [Localization System] CLocalize::FindSafe failed to localize: 'AIB[R] t=159s hp=52% gold=609 loc=-1087,-965 enemy-dist=1223 lh=12 dn=4 dg=+43 dlh=+1 bottle=-1 lvl=3 front=8113 ehp=32'
08/27 12:46:49 [Localization System] CLocalize::FindSafe failed to localize: 'AIB[R] intent=tick-owner family=other stage=laning-core'
08/27 12:46:49 [Localization System] CLocalize::FindSafe failed to localize: 'AIB[D] intent=tick-owner family=other stage=laning-core'
08/27 12:46:49 [Localization System] CLocalize::FindSafe failed to localize: 'AIB[D] intent=recovery-policy family=recover action=recover hp=32 gate=35 source=early-low'
08/27 12:46:50 [Localization System] CLocalize::FindSafe failed to localize: 'AIB[R] intent=top-arbiter family=state winner=wave-watch:10 losers=safe-cs:56,hero-over-creep:52,idle-heal:46,emergency-retreat:45,fwd-pullback:44'
08/27 12:46:51 [Localization System] CLocalize::FindSafe failed to localize: 'AIB[R] blocked=visual-hold reason=creep_in_range held=2.1 hp=54 repeat=7 hard=true'
08/27 12:46:51 [Localization System] CLocalize::FindSafe failed to localize: 'AIB[R] intent=tick-owner family=other stage=desire/visual-hold reason=ready score=20 band=position'
08/27 12:46:51 [Server] PR:IncrementIdleTime 1:[I:0:0] 2.10
08/27 12:46:51 [Localization System] CLocalize::FindSafe failed to localize: 'AIB[D] intent=tick-owner family=other stage=laning-core'
08/27 12:46:51 [Localization System] CLocalize::FindSafe failed to localize: 'AIB[D] blocked=buy-loop reason=saving target=item_bottle head=item_bottle cost=675 gold=467 left=1'
08/27 12:46:51 [Localization System] CLocalize::FindSafe failed to localize: 'AIB[R] blocked=buy-loop reason=saving target=item_bottle head=item_bottle cost=675 gold=612 left=1'
08/27 12:46:52 [Localization System] CLocalize::FindSafe failed to localize: 'AIB[D] t=162s hp=33% gold=468 loc=432,389 lh=7 dn=1 dg=+47 dlh=+1 bottle=-1 lvl=3 front=10344 ehp=-1'
08/27 12:46:52 [Localization System] CLocalize::FindSafe failed to localize: 'AIB[D] intent=recovery-policy family=recover action=recover hp=33 gate=35 source=early-low'
08/27 12:46:52 [Localization System] CLocalize::FindSafe failed to localize: 'AIB[R] intent=top-arbiter family=state winner=creep-work:38.8 losers=safe-cs:56,hero-over-creep:52,idle-heal:46,emergency-retreat:45,fwd-pullback:44'
08/27 12:46:53 [Localization System] CLocalize::FindSafe failed to localize: 'AIB[R] intent=state-desire-last-hit family=farm dist=475 reason=killable_creep score=140'
08/27 12:46:53 [Localization System] CLocalize::FindSafe failed to localize: 'AIB[R] intent=tick-owner family=other stage=laning-core'
08/27 12:46:53 [Localization System] CLocalize::FindSafe failed to localize: 'AIB[R] blocked=visual-hold reason=creep_in_range held=4.4 hp=55 repeat=8 hard=true'
08/27 12:46:53 [Localization System] CLocalize::FindSafe failed to localize: 'AIB[D] intent=tick-owner family=other stage=laning-core'
08/27 12:46:53 [Localization System] CLocalize::FindSafe failed to localize: 'AIB[R] intent=top-arbiter family=state winner=wave-watch:10 losers=hero-over-creep:52,idle-heal:46,emergency-retreat:45,fwd-pullback:44,emergency-kill:43.5'
08/27 12:46:54 Script function 'Think' on bot npc_dota_hero_nevermore took 2.425ms
08/27 12:46:54 [Localization System] CLocalize::FindSafe failed to localize: 'AIB[R] intent=lane-line-episode family=other dist=703 fwd=0.47'
08/27 12:46:54 [Localization System] CLocalize::FindSafe failed to localize: 'AIB[D] intent=recovery-policy family=recover action=recover hp=35 gate=35 source=early-low'
08/27 12:46:54 [Localization System] CLocalize::FindSafe failed to localize: 'AIB[D] intent=recovery-plan family=recover action=back reason=post_fight_regen hp=35'
08/27 12:46:54 [Localization System] CLocalize::FindSafe failed to localize: 'AIB[D] intent=state-recover-xp family=state ttl=5 reason=post_fight_regen hp=35 dist=1223'
08/27 12:46:54 [Localization System] CLocalize::FindSafe failed to localize: 'AIB[R] t=165s hp=56% gold=695 loc=-999,-868 lh=13 dn=4 dg=+86 dlh=+1 bottle=-1 lvl=3 front=8113 ehp=-1'
08/27 12:46:55 [Localization System] CLocalize::FindSafe failed to localize: 'AIB[D] blocked=recover-candidate reason=no_action_capped hp=35 score=44'
08/27 12:46:55 [Localization System] CLocalize::FindSafe failed to localize: 'AIB[D] intent=top-arbiter family=state winner=anti-idle:2 losers=safe-cs:56,hero-over-creep:52,idle-heal:46,emergency-retreat:45,fwd-pullback:44'
08/27 12:46:55 [Localization System] CLocalize::FindSafe failed to localize: 'AIB[R] intent=top-arbiter family=state winner=creep-work:38.8 losers=hero-over-creep:52,idle-heal:46,emergency-retreat:45,fwd-pullback:44,emergency-kill:43.5'
08/27 12:46:55 [Localization System] CLocalize::FindSafe failed to localize: 'AIB[R] intent=tick-owner family=other stage=laning-core'
08/27 12:46:55 [Localization System] CLocalize::FindSafe failed to localize: 'AIB[D] intent=tick-owner family=other stage=laning-core'
08/27 12:46:56 [Localization System] CLocalize::FindSafe failed to localize: 'AIB[D] intent=damage-by-source family=other creep=159 tower=0 hero=1116 mixed=222 death=0 other=72 stale=190 gaps=2'
08/27 12:46:56 [Localization System] CLocalize::FindSafe failed to localize: 'AIB[R] intent=damage-by-source family=other creep=171 tower=0 hero=1106 mixed=113 death=0 other=129 stale=0 gaps=0'
08/27 12:46:56 [Localization System] CLocalize::FindSafe failed to localize: 'AIB[D] intent=top-arbiter family=state winner=anti-idle:2 losers=safe-cs:56,hero-over-creep:52,idle-heal:46,emergency-retreat:45,fwd-pullback:44'
08/27 12:46:56 [Localization System] CLocalize::FindSafe failed to localize: 'AIB[R] intent=top-arbiter family=state winner=creep-work:38.8 losers=hero-over-creep:52,idle-heal:46,emergency-retreat:45,fwd-pullback:44,emergency-kill:43.5'
08/27 12:46:57 [Localization System] CLocalize::FindSafe failed to localize: 'AIB[D] t=167s hp=36% gold=475 loc=517,431 lh=7 dn=1 dg=+7 dlh=+0 bottle=-1 lvl=3 front=9960 ehp=-1'
08/27 12:46:57 [Localization System] CLocalize::FindSafe failed to localize: 'AIB[R] intent=state-desire-last-hit family=farm dist=475 reason=killable_creep score=140'
08/27 12:46:57 [Localization System] CLocalize::FindSafe failed to localize: 'AIB[R] intent=tick-owner family=other stage=laning-core'
08/27 12:46:58 [Localization System] CLocalize::FindSafe failed to localize: 'AIB[D] blocked=recover-candidate reason=no_action_capped hp=37 score=44'
08/27 12:46:58 [Localization System] CLocalize::FindSafe failed to localize: 'AIB[D] intent=top-arbiter family=state winner=creep-work:38.6 losers=safe-cs:56,hero-over-creep:52,idle-heal:46,emergency-retreat:45,fwd-pullback:44'
08/27 12:46:58 [Localization System] CLocalize::FindSafe failed to localize: 'AIB[D] intent=tick-owner family=other stage=desire/creep-work reason=ready score=39 band=lanework'
08/27 12:46:58 [Localization System] CLocalize::FindSafe failed to localize: 'AIB[R] intent=top-arbiter family=state winner=last-hit:158 losers=safety:116,hero-over-creep:52,cs-inrange:50,idle-heal:46,emergency-retreat:45'
08/27 12:46:58 [Localization System] CLocalize::FindSafe failed to localize: 'AIB[R] intent=state-desire-last-hit family=farm dist=475 hyst=18 reason=killable_creep score=158'
08/27 12:46:58 [Localization System] CLocalize::FindSafe failed to localize: 'invalid index'
08/27 12:46:58 [Localization System] CLocalize::FindSafe failed to localize: 'AIB[R] intent=state-desire-safety family=state base=108 creep_dmg=8 hp=57 creep=true hero=false reason=recent_damage score=116'
08/27 12:46:58 [Localization System] CLocalize::FindSafe failed to localize: 'AIB[R] intent=creep-hit-react family=safety dist=441 hp=57 hits=1 reason=attack'
08/27 12:46:59 [Localization System] CLocalize::FindSafe failed to localize: 'AIB[R] blocked=safety-candidate reason=no_action_capped hp=57 score=44'
08/27 12:46:59 [Localization System] CLocalize::FindSafe failed to localize: 'AIB[R] t=170s hp=57% gold=79 loc=-791,-679 enemy-dist=1029 lh=14 dn=4 dg=-616 dlh=+1 bottle=3 lvl=4 front=8465 ehp=38'
08/27 12:46:59 [Localization System] CLocalize::FindSafe failed to localize: 'AIB[R] intent=kill-lock family=fight dist=988 ehp=38 hp=57 exec=false atk=true mutual=false reason=killable_enemy'
08/27 12:46:59 [Localization System] CLocalize::FindSafe failed to localize: 'AIB[R] intent=tick-owner family=other stage=laning-core'
08/27 12:46:59 [Localization System] CLocalize::FindSafe failed to localize: 'AIB[D] blocked=buy-loop reason=saving target=item_bottle head=item_bottle cost=675 gold=479 left=1'
08/27 12:46:59 [Localization System] CLocalize::FindSafe failed to localize: 'AIB[R] blocked=buy-loop reason=saving target=item_magic_wand head=item_magic_stick cost=200 gold=79 left=2'
08/27 12:46:59 [Localization System] CLocalize::FindSafe failed to localize: 'AIB[D] intent=top-arbiter family=state winner=wave-watch:10 losers=safe-cs:56,hero-over-creep:52,idle-heal:46,emergency-retreat:45,fwd-pullback:44'
08/27 12:47:00 [Localization System] CLocalize::FindSafe failed to localize: 'AIB[R] intent=melee-pack-space family=safety count=3 dist=140'
08/27 12:47:00 [Localization System] CLocalize::FindSafe failed to localize: 'AIB[R] intent=top-arbiter family=state winner=ranged-spacing:41 losers=hero-over-creep:52,idle-heal:46,emergency-retreat:45,fwd-pullback:44,emergency-kill:43.5'
08/27 12:47:01 [Localization System] CLocalize::FindSafe failed to localize: 'AIB[D] blocked=recover-candidate reason=no_action_capped hp=39 score=44'
08/27 12:47:01 [Localization System] CLocalize::FindSafe failed to localize: 'AIB[D] intent=tick-owner family=other stage=desire/anti-idle reason=ready score=2 band=idle'
08/27 12:47:01 [Localization System] CLocalize::FindSafe failed to localize: 'AIB[D] intent=top-arbiter family=state winner=anti-idle:2 losers=safe-cs:56,hero-over-creep:52,idle-heal:46,emergency-retreat:45,fwd-pullback:44'
08/27 12:47:01 [Localization System] CLocalize::FindSafe failed to localize: 'AIB[R] intent=top-arbiter family=state winner=wave-watch:10 losers=hero-over-creep:52,idle-heal:46,emergency-retreat:45,fwd-pullback:44,emergency-kill:43.5'
08/27 12:47:01 [Localization System] CLocalize::FindSafe failed to localize: 'AIB[R] intent=tick-owner family=other stage=laning-core'
08/27 12:47:02 [Localization System] CLocalize::FindSafe failed to localize: 'AIB[D] t=172s hp=39% gold=483 loc=208,201 enemy-dist=1318 lh=7 dn=1 dg=+8 dlh=+0 bottle=-1 lvl=3 front=10014 ehp=58'
08/27 12:47:03 [Server] PR:IncrementIdleTime 1:[I:0:0] 2.50
08/27 12:47:03 [Localization System] CLocalize::FindSafe failed to localize: 'AIB[R] intent=top-arbiter family=state winner=creep-work:38.8 losers=hero-over-creep:52,idle-heal:46,emergency-retreat:45,fwd-pullback:44,emergency-kill:43.5'
08/27 12:47:03 Script function 'Think' on bot npc_dota_hero_nevermore took 2.601ms
08/27 12:47:03 [Localization System] CLocalize::FindSafe failed to localize: 'AIB[R] blocked=visual-hold reason=creep_in_range held=2.8 hp=59 repeat=9 hard=true'
08/27 12:47:03 [Localization System] CLocalize::FindSafe failed to localize: 'AIB[R] intent=tick-owner family=other stage=laning-core'
08/27 12:47:04 [Localization System] CLocalize::FindSafe failed to localize: 'AIB[D] blocked=recover-candidate reason=no_action_capped hp=41 score=44'
08/27 12:47:04 [Localization System] CLocalize::FindSafe failed to localize: 'AIB[D] blocked=visual-hold reason=empty held=2.0 hp=41 repeat=1 hard=false'
08/27 12:47:04 [Localization System] CLocalize::FindSafe failed to localize: 'AIB[D] intent=top-arbiter family=state winner=visual-hold:20 losers=safe-cs:56,hero-over-creep:52,idle-heal:46,emergency-retreat:45,fwd-pullback:44'
08/27 12:47:04 [Localization System] CLocalize::FindSafe failed to localize: 'AIB[D] intent=tick-owner family=other stage=desire/visual-hold reason=ready score=20 band=position'
08/27 12:47:04 [Server] PR:IncrementIdleTime 6:[I:0:0] 2.13
08/27 12:47:04 [Localization System] CLocalize::FindSafe failed to localize: 'AIB[R] t=175s hp=59% gold=86 loc=-800,-648 enemy-dist=1191 lh=14 dn=4 dg=+7 dlh=+0 bottle=3 lvl=4 front=8508 ehp=41'
08/27 12:47:04 [Localization System] CLocalize::FindSafe failed to localize: 'AIB[R] intent=top-arbiter family=state winner=creep-work:38.8 losers=hero-over-creep:52,idle-heal:46,emergency-retreat:45,fwd-pullback:44,emergency-kill:43.5'
08/27 12:47:05 [Localization System] CLocalize::FindSafe failed to localize: 'AIB[R] intent=tick-owner family=other stage=laning-core'
08/27 12:47:06 [Localization System] CLocalize::FindSafe failed to localize: 'AIB[D] intent=top-arbiter family=state winner=anti-idle:2 losers=safe-cs:56,hero-over-creep:52,idle-heal:46,emergency-retreat:45,fwd-pullback:44'
08/27 12:47:06 [Localization System] CLocalize::FindSafe failed to localize: 'AIB[D] intent=tick-owner family=other stage=desire/anti-idle reason=ready score=2 band=idle'
08/27 12:47:06 [Localization System] CLocalize::FindSafe failed to localize: 'AIB[R] intent=top-arbiter family=state winner=creep-work:38.8 losers=hero-over-creep:52,idle-heal:46,emergency-retreat:45,fwd-pullback:44,emergency-kill:43.5'
08/27 12:47:06 [Localization System] CLocalize::FindSafe failed to localize: 'AIB[R] intent=state-desire-last-hit family=farm dist=409 reason=killable_creep score=140'
08/27 12:47:07 [Localization System] CLocalize::FindSafe failed to localize: 'AIB[D] t=177s hp=43% gold=490 loc=58,104 enemy-dist=1141 lh=7 dn=1 dg=+7 dlh=+0 bottle=-1 lvl=3 front=10014 ehp=60'
08/27 12:47:07 [Localization System] CLocalize::FindSafe failed to localize: 'AIB[D] blocked=recover-candidate reason=no_action_capped hp=43 score=44'
08/27 12:47:07 [Localization System] CLocalize::FindSafe failed to localize: 'AIB[R] blocked=visual-hold reason=creep_in_range held=6.7 hp=61 repeat=10 hard=true'
08/27 12:47:07 [Localization System] CLocalize::FindSafe failed to localize: 'AIB[D] blocked=buy-loop reason=saving target=item_bottle head=item_bottle cost=675 gold=491 left=1'
08/27 12:47:07 [Localization System] CLocalize::FindSafe failed to localize: 'AIB[R] blocked=buy-loop reason=saving target=item_magic_wand head=item_magic_stick cost=200 gold=91 left=2'
08/27 12:47:07 [Localization System] CLocalize::FindSafe failed to localize: 'AIB[D] intent=top-arbiter family=state winner=wave-watch:10 losers=safe-cs:56,hero-over-creep:52,idle-heal:46,emergency-retreat:45,fwd-pullback:44'
08/27 12:47:08 [Localization System] CLocalize::FindSafe failed to localize: 'AIB[R] intent=top-arbiter family=state winner=wave-watch:10 losers=hero-over-creep:52,idle-heal:46,emergency-retreat:45,fwd-pullback:44,emergency-kill:43.5'
08/27 12:47:08 [Localization System] CLocalize::FindSafe failed to localize: 'AIB[R] intent=tick-owner family=other stage=laning-core'
08/27 12:47:08 [Localization System] CLocalize::FindSafe failed to localize: 'AIB[D] intent=tick-owner family=other stage=desire/anti-idle reason=ready score=2 band=idle'
08/27 12:47:09 [Localization System] CLocalize::FindSafe failed to localize: 'AIB[R] t=180s hp=61% gold=94 loc=-800,-648 enemy-dist=1293 lh=14 dn=5 dg=+8 dlh=+0 bottle=-1 lvl=4 front=8555 ehp=44'
08/27 12:47:09 [Localization System] CLocalize::FindSafe failed to localize: 'AIB[D] intent=top-arbiter family=state winner=anti-idle:2 losers=safe-cs:56,hero-over-creep:52,idle-heal:46,emergency-retreat:45,fwd-pullback:44'
08/27 12:47:09 [Localization System] CLocalize::FindSafe failed to localize: 'AIB[R] intent=top-arbiter family=state winner=creep-work:38.8 losers=hero-over-creep:52,idle-heal:46,emergency-retreat:45,fwd-pullback:44,emergency-kill:43.5'
08/27 12:47:09 [Localization System] CLocalize::FindSafe failed to localize: 'AIB[R] intent=state-desire-last-hit family=farm dist=480 reason=killable_creep score=140'
08/27 12:47:10 [Localization System] CLocalize::FindSafe failed to localize: 'AIB[R] intent=tick-owner family=other stage=laning-core'
08/27 12:47:10 [Localization System] CLocalize::FindSafe failed to localize: 'AIB[D] blocked=recover-candidate reason=no_action_capped hp=45 score=44'
08/27 12:47:10 [Localization System] CLocalize::FindSafe failed to localize: 'AIB[D] intent=melee-pack-space family=safety count=2 dist=122'
08/27 12:47:10 [Localization System] CLocalize::FindSafe failed to localize: 'AIB[R] intent=state-desire-fight family=state base=78 hp_adv=8 execute=20 dist=896 hp=62 ehp=45 reason=enemy_seen score=106'
08/27 12:47:10 [Localization System] CLocalize::FindSafe failed to localize: 'AIB[R] blocked=top-arbiter reason=empty_action winner=fight score=106'
08/27 12:47:10 [Localization System] CLocalize::FindSafe failed to localize: 'AIB[D] blocked=fight-candidate reason=no_action_capped hp=45 score=40'
08/27 12:47:10 [Localization System] CLocalize::FindSafe failed to localize: 'AIB[R] blocked=fight-candidate reason=no_action_capped hp=62 score=40'
08/27 12:47:10 [Localization System] CLocalize::FindSafe failed to localize: 'AIB[R] blocked=recovery-buy reason=budget_cap hp=62 gold=96 count=3 allow=2'
08/27 12:47:10 [Localization System] CLocalize::FindSafe failed to localize: 'AIB[R] blocked=uphill-repo reason=not_trading'
08/27 12:47:11 [Localization System] CLocalize::FindSafe failed to localize: 'AIB[D] blocked=recovery-buy reason=budget_cap hp=45 gold=496 count=3 allow=3'
08/27 12:47:11 [Localization System] CLocalize::FindSafe failed to localize: 'AIB[D] intent=tick-owner family=other stage=laning-core'
08/27 12:47:11 [Localization System] CLocalize::FindSafe failed to localize: 'AIB[D] intent=damage-by-source family=other creep=159 tower=0 hero=1116 mixed=222 death=0 other=72 stale=190 gaps=2'
08/27 12:47:11 [Localization System] CLocalize::FindSafe failed to localize: 'AIB[D] intent=top-arbiter family=state winner=creep-work:38.6 losers=safe-cs:56,hero-over-creep:52,idle-heal:46,emergency-retreat:45,fwd-pullback:44'
08/27 12:47:11 [Localization System] CLocalize::FindSafe failed to localize: 'AIB[R] blocked=visual-hold reason=empty held=10.4 hp=62 repeat=1 hard=true'
08/27 12:47:11 [Localization System] CLocalize::FindSafe failed to localize: 'AIB[R] intent=top-arbiter family=state winner=visual-hold:20 losers=hero-over-creep:52,idle-heal:46,emergency-retreat:45,fwd-pullback:44,emergency-kill:43.5'
08/27 12:47:11 [Localization System] CLocalize::FindSafe failed to localize: 'AIB[D] blocked=channel-interrupt reason=unsafe dist=776 hp=24 kind=heal'
08/27 12:47:11 [Localization System] CLocalize::FindSafe failed to localize: 'AIB[D] intent=recovery-policy family=recover action=recover hp=24 gate=35 source=early-low'
08/27 12:47:11 [Localization System] CLocalize::FindSafe failed to localize: 'AIB[D] intent=state-recover-safe family=state ttl=2 reason=regen_lane hp=24 dist=1570'
08/27 12:47:12 [Localization System] CLocalize::FindSafe failed to localize: 'AIB[D] t=182s hp=24% gold=498 loc=-146,-7 enemy-dist=733 lh=7 dn=1 dg=+8 dlh=+0 bottle=-1 lvl=3 front=9638 ehp=46'
08/27 12:47:13 [Localization System] CLocalize::FindSafe failed to localize: 'AIB[D] intent=tick-owner family=other stage=laning-core'
08/27 12:47:13 [Localization System] CLocalize::FindSafe failed to localize: 'AIB[D] intent=recovery-policy family=recover action=recover hp=25 gate=35 source=early-low'
08/27 12:47:14 [Localization System] CLocalize::FindSafe failed to localize: 'AIB[R] intent=damage-by-source family=other creep=179 tower=0 hero=1106 mixed=113 death=0 other=129 stale=116 gaps=1'
08/27 12:47:14 [Localization System] CLocalize::FindSafe failed to localize: 'AIB[R] intent=recovery-plan family=recover action=back reason=post_fight_regen hp=47'
08/27 12:47:14 [Localization System] CLocalize::FindSafe failed to localize: 'AIB[R] intent=state-recover-xp family=state ttl=5 reason=post_fight_regen hp=47 dist=791'
08/27 12:47:14 [Localization System] CLocalize::FindSafe failed to localize: 'AIB[R] intent=top-arbiter family=state winner=wave-watch:10 losers=safe-cs:56,hero-over-creep:52,idle-heal:46,emergency-retreat:45,fwd-pullback:44'
08/27 12:47:14 [Localization System] CLocalize::FindSafe failed to localize: 'AIB[R] intent=tick-owner family=other stage=desire/wave-watch reason=ready score=10 band=idle'
08/27 12:47:14 [Localization System] CLocalize::FindSafe failed to localize: 'AIB[R] t=185s hp=47% gold=102 loc=-275,-116 lh=14 dn=5 dg=+8 dlh=+0 bottle=-1 lvl=4 front=8848 ehp=-1'
08/27 12:47:14 [Localization System] CLocalize::FindSafe failed to localize: 'AIB[D] intent=recovery-plan family=recover action=back reason=post_fight_regen hp=25'
08/27 12:47:14 [Localization System] CLocalize::FindSafe failed to localize: 'AIB[D] intent=state-recover-safe family=state ttl=5 reason=post_fight_regen hp=25 dist=729'
08/27 12:47:14 [Localization System] CLocalize::FindSafe failed to localize: 'AIB[D] blocked=fountain-floor reason=heal_in_flight hp=25 flask=false inflight=item_flask'
08/27 12:47:15 [Localization System] CLocalize::FindSafe failed to localize: 'AIB[D] intent=tick-owner family=other stage=laning-core'
08/27 12:47:15 [Localization System] CLocalize::FindSafe failed to localize: 'AIB[R] intent=top-arbiter family=state winner=anti-idle:2 losers=safe-cs:56,hero-over-creep:52,idle-heal:46,emergency-retreat:45,fwd-pullback:44'
08/27 12:47:15 [Localization System] CLocalize::FindSafe failed to localize: 'AIB[D] blocked=buy-loop reason=saving target=item_bottle head=item_bottle cost=675 gold=403 left=1'
08/27 12:47:15 [Localization System] CLocalize::FindSafe failed to localize: 'AIB[R] blocked=buy-loop reason=saving target=item_magic_wand head=item_magic_stick cost=200 gold=103 left=2'
08/27 12:47:15 [Localization System] CLocalize::FindSafe failed to localize: 'AIB[D] intent=recovery-policy family=recover action=recover hp=26 gate=35 source=early-low'
08/27 12:47:16 [Localization System] CLocalize::FindSafe failed to localize: 'AIB[R] intent=state-siege-window family=siege ttl=2 wave=1 tower=1323 hp=48 adv=true'
08/27 12:47:16 [Localization System] CLocalize::FindSafe failed to localize: 'AIB[R] intent=tower-opportunity family=siege result=step phase=default wave=1 tower=1323'
08/27 12:47:16 [Localization System] CLocalize::FindSafe failed to localize: 'AIB[R] intent=tick-owner family=other stage=desire/creep-work reason=ready score=39 band=lanework'
08/27 12:47:17 [Localization System] CLocalize::FindSafe failed to localize: 'AIB[R] intent=state-desire-siege family=siege base=66 push=12 hp=48 reason=tower_window score=78'
08/27 12:47:17 [Localization System] CLocalize::FindSafe failed to localize: 'AIB[R] intent=top-arbiter family=state winner=siege:96 losers=safe-cs:56,hero-over-creep:52,idle-heal:46,emergency-retreat:45,fwd-pullback:44'
08/27 12:47:17 [Localization System] CLocalize::FindSafe failed to localize: 'AIB[D] t=187s hp=28% gold=406 loc=911,997 enemy-dist=1537 lh=7 dn=1 dg=-92 dlh=+0 bottle=-1 lvl=3 front=8620 ehp=49'
08/27 12:47:17 [Localization System] CLocalize::FindSafe failed to localize: 'AIB[D] intent=tick-owner family=other stage=laning-core'
08/27 12:47:17 [Localization System] CLocalize::FindSafe failed to localize: 'AIB[D] intent=critical-recovery family=recover hp=29 dist=1 ttl=4 reason=hold'
08/27 12:47:17 [Localization System] CLocalize::FindSafe failed to localize: 'AIB[D] intent=recovery-owner family=recover band=soft threat=false mode=critical-lock hp=29'
08/27 12:47:18 [Localization System] CLocalize::FindSafe failed to localize: 'AIB[D] intent=recovery-policy family=recover action=recover hp=32 gate=35 source=early-low'
08/27 12:47:18 [Localization System] CLocalize::FindSafe failed to localize: 'AIB[D] intent=state-desire-recover family=state base=74 danger=28 hp=34 reason=hp_gate score=102'
08/27 12:47:18 [Localization System] CLocalize::FindSafe failed to localize: 'AIB[D] blocked=top-arbiter reason=empty_action winner=recover score=102'
08/27 12:47:18 [Localization System] CLocalize::FindSafe failed to localize: 'AIB[D] blocked=harass reason=own_heal_running'
08/27 12:47:18 [Localization System] CLocalize::FindSafe failed to localize: 'AIB[D] intent=cs-watchdog family=farm lh=7 idle=23 creep_hp=247 dist=724'
08/27 12:47:18 [Localization System] CLocalize::FindSafe failed to localize: 'AIB[D] intent=top-arbiter family=state winner=creep-work:38.6 losers=recover:102,safe-cs:56,hero-over-creep:52,idle-heal:46,emergency-retreat:45'
08/27 12:47:18 [Localization System] CLocalize::FindSafe failed to localize: 'AIB[D] blocked=recover-candidate reason=no_action_capped hp=35 score=44'
08/27 12:47:19 [Localization System] CLocalize::FindSafe failed to localize: 'AIB[D] intent=tick-owner family=other stage=laning-core'
08/27 12:47:19 [Localization System] CLocalize::FindSafe failed to localize: 'AIB[D] intent=state-desire-last-hit family=farm dist=541 reason=killable_creep score=140'
08/27 12:47:20 [Localization System] CLocalize::FindSafe failed to localize: 'AIB[D] blocked=cs-watchdog reason=no_creep lh=8 idle=25'
08/27 12:47:20 [Localization System] CLocalize::FindSafe failed to localize: 'AIB[D] intent=top-arbiter family=state winner=anti-idle:2 losers=safe-cs:56,hero-over-creep:52,idle-heal:46,emergency-retreat:45,fwd-pullback:44'
08/27 12:47:20 [Localization System] CLocalize::FindSafe failed to localize: 'AIB[R] t=190s hp=50% gold=110 loc=-601,-436 lh=14 dn=5 dg=+8 dlh=+0 bottle=-1 lvl=4 front=9412 ehp=-1'
08/27 12:47:20 [Localization System] CLocalize::FindSafe failed to localize: 'AIB[R] intent=top-arbiter family=state winner=anti-idle:2 losers=safe-cs:56,hero-over-creep:52,idle-heal:46,emergency-retreat:45,fwd-pullback:44'
08/27 12:47:20 [Localization System] CLocalize::FindSafe failed to localize: 'AIB[R] intent=tick-owner family=other stage=desire/anti-idle reason=ready score=2 band=idle'
08/27 12:47:20 [Localization System] CLocalize::FindSafe failed to localize: 'AIB[D] intent=cs-watchdog family=farm lh=8 idle=26 creep_hp=144 dist=864'
08/27 12:47:21 [Localization System] CLocalize::FindSafe failed to localize: 'AIB[D] intent=state-desire-last-hit family=farm dist=550 reason=killable_creep score=140'
08/27 12:47:21 [Localization System] CLocalize::FindSafe failed to localize: 'AIB[D] intent=tick-owner family=other stage=laning-core'
08/27 12:47:21 [Localization System] CLocalize::FindSafe failed to localize: 'AIB[D] intent=top-arbiter family=state winner=wave-watch:10 losers=safe-cs:56,hero-over-creep:52,idle-heal:46,emergency-retreat:45,fwd-pullback:44'
08/27 12:47:21 [Localization System] CLocalize::FindSafe failed to localize: 'AIB[R] intent=top-arbiter family=state winner=anti-idle:2 losers=safe-cs:56,hero-over-creep:52,idle-heal:46,emergency-retreat:45,fwd-pullback:44'
08/27 12:47:21 [Localization System] CLocalize::FindSafe failed to localize: 'invalid index'
08/27 12:47:22 [Localization System] CLocalize::FindSafe failed to localize: 'AIB[D] blocked=recover-candidate reason=no_action_capped hp=52 score=44'
08/27 12:47:22 [Localization System] CLocalize::FindSafe failed to localize: 'AIB[R] intent=tick-owner family=other stage=desire/anti-idle reason=ready score=2 band=idle'
08/27 12:47:22 [Localization System] CLocalize::FindSafe failed to localize: 'AIB[D] t=193s hp=52% gold=500 loc=803,728 enemy-dist=1388 lh=9 dn=1 dg=+94 dlh=+2 bottle=-1 lvl=4 front=8620 ehp=51'
08/27 12:47:22 [Localization System] CLocalize::FindSafe failed to localize: 'AIB[D] blocked=harass reason=own_heal_running'
08/27 12:47:23 Script function 'Think' on bot npc_dota_hero_nevermore took 2.116ms
08/27 12:47:23 [Localization System] CLocalize::FindSafe failed to localize: 'AIB[R] intent=top-arbiter family=state winner=anti-idle:2 losers=safe-cs:56,hero-over-creep:52,idle-heal:46,emergency-retreat:45,fwd-pullback:44'
08/27 12:47:23 [Localization System] CLocalize::FindSafe failed to localize: 'AIB[D] blocked=visual-hold reason=creep_damage held=2.0 hp=57 repeat=1 hard=false'
08/27 12:47:23 [Localization System] CLocalize::FindSafe failed to localize: 'AIB[D] intent=top-arbiter family=state winner=visual-hold:20 losers=hero-over-creep:52,idle-heal:46,emergency-retreat:45,fwd-pullback:44,emergency-kill:43.5'
08/27 12:47:23 [Localization System] CLocalize::FindSafe failed to localize: 'AIB[D] intent=tick-owner family=other stage=desire/visual-hold reason=ready score=20 band=position'
08/27 12:47:23 [Localization System] CLocalize::FindSafe failed to localize: 'AIB[D] blocked=buy-loop reason=saving target=item_bottle head=item_bottle cost=675 gold=502 left=1'
08/27 12:47:23 [Localization System] CLocalize::FindSafe failed to localize: 'AIB[R] blocked=buy-loop reason=saving target=item_magic_wand head=item_magic_stick cost=200 gold=115 left=2'
08/27 12:47:24 [Localization System] CLocalize::FindSafe failed to localize: 'AIB[R] intent=tick-owner family=other stage=desire/anti-idle reason=ready score=2 band=idle'
08/27 12:47:25 [Localization System] CLocalize::FindSafe failed to localize: 'AIB[D] blocked=cs-watchdog reason=no_creep lh=9 idle=30'
08/27 12:47:25 [Localization System] CLocalize::FindSafe failed to localize: 'AIB[R] intent=top-arbiter family=state winner=anti-idle:2 losers=safe-cs:56,hero-over-creep:52,idle-heal:46,emergency-retreat:45,fwd-pullback:44'
08/27 12:47:25 [Localization System] CLocalize::FindSafe failed to localize: 'AIB[R] t=195s hp=52% gold=118 loc=-953,-730 lh=14 dn=5 dg=+8 dlh=+0 bottle=-1 lvl=4 front=7253 ehp=-1'
08/27 12:47:25 [Localization System] CLocalize::FindSafe failed to localize: 'AIB[R] blocked=cs-watchdog reason=no_creep lh=14 idle=18'
08/27 12:47:25 [Localization System] CLocalize::FindSafe failed to localize: 'AIB[D] intent=top-arbiter family=state winner=anti-idle:2 losers=hero-over-creep:52,idle-heal:46,emergency-retreat:45,fwd-pullback:44,emergency-kill:43.5'
08/27 12:47:25 [Localization System] CLocalize::FindSafe failed to localize: 'AIB[D] intent=tick-owner family=other stage=desire/anti-idle reason=ready score=2 band=idle'
08/27 12:47:26 [Localization System] CLocalize::FindSafe failed to localize: 'AIB[D] intent=damage-by-source family=other creep=160 tower=0 hero=1266 mixed=222 death=0 other=72 stale=190 gaps=2'
08/27 12:47:26 [Localization System] CLocalize::FindSafe failed to localize: 'AIB[D] blocked=harass reason=own_heal_running'
08/27 12:47:26 [Localization System] CLocalize::FindSafe failed to localize: 'AIB[R] intent=top-arbiter family=state winner=idle-heal:46 losers=safe-cs:56,hero-over-creep:52,emergency-retreat:45,fwd-pullback:44,emergency-kill:43.5'
08/27 12:47:26 [Localization System] CLocalize::FindSafe failed to localize: 'AIB[R] intent=tick-owner family=other stage=desire/idle-heal reason=ready score=46 band=lanework'
08/27 12:47:26 [Localization System] CLocalize::FindSafe failed to localize: 'AIB[R] blocked=harass reason=own_heal_running'
08/27 12:47:27 [Localization System] CLocalize::FindSafe failed to localize: 'AIB[D] t=198s hp=75% gold=508 loc=368,314 lh=9 dn=1 dg=+8 dlh=+0 bottle=-1 lvl=4 front=9657 ehp=-1'
08/27 12:47:27 [Localization System] CLocalize::FindSafe failed to localize: 'AIB[D] intent=top-arbiter family=state winner=anti-idle:2 losers=hero-over-creep:52,idle-heal:46,emergency-retreat:45,fwd-pullback:44,emergency-kill:43.5'
08/27 12:47:27 [Localization System] CLocalize::FindSafe failed to localize: 'AIB[D] intent=tick-owner family=other stage=desire/anti-idle reason=ready score=2 band=idle'
08/27 12:47:28 [Localization System] CLocalize::FindSafe failed to localize: 'AIB[R] intent=top-arbiter family=state winner=anti-idle:2 losers=hero-over-creep:52,idle-heal:46,emergency-retreat:45,fwd-pullback:44,emergency-kill:43.5'
08/27 12:47:28 [Localization System] CLocalize::FindSafe failed to localize: 'AIB[R] intent=tick-owner family=other stage=laning-core'
08/27 12:47:28 [Localization System] CLocalize::FindSafe failed to localize: 'AIB[R] intent=cs-watchdog family=farm lh=14 idle=21 creep_hp=550 dist=837'
08/27 12:47:29 [Localization System] CLocalize::FindSafe failed to localize: 'AIB[D] intent=top-arbiter family=state winner=wave-watch:10 losers=hero-over-creep:52,idle-heal:46,emergency-retreat:45,fwd-pullback:44,emergency-kill:43.5'
08/27 12:47:29 [Localization System] CLocalize::FindSafe failed to localize: 'AIB[R] intent=damage-by-source family=other creep=179 tower=0 hero=1106 mixed=113 death=0 other=129 stale=116 gaps=1'
08/27 12:47:29 [Localization System] CLocalize::FindSafe failed to localize: 'AIB[R] intent=top-arbiter family=state winner=wave-watch:10 losers=hero-over-creep:52,idle-heal:46,emergency-retreat:45,fwd-pullback:44,emergency-kill:43.5'
08/27 12:47:29 [Localization System] CLocalize::FindSafe failed to localize: 'AIB[D] intent=tick-owner family=other stage=laning-core'
08/27 12:47:29 [Localization System] CLocalize::FindSafe failed to localize: 'AIB[D] blocked=hero-prio-chase reason=lane_work dist=1186 cs=false creep=false hp_adv=false kill_pressure=false close=false low_farm=false lane_override=false'
08/27 12:47:29 [Localization System] CLocalize::FindSafe failed to localize: 'AIB[D] intent=lane-line-episode family=other dist=918 fwd=0.63'
08/27 12:47:30 [Localization System] CLocalize::FindSafe failed to localize: 'AIB[R] blocked=uphill-repo reason=not_trading'
08/27 12:47:30 [Localization System] CLocalize::FindSafe failed to localize: 'AIB[D] intent=channel-interrupt family=fight dist=1067 hp=87 kind=heal reason=enemy_heal'
08/27 12:47:30 [Localization System] CLocalize::FindSafe failed to localize: 'AIB[R] t=201s hp=76% gold=125 loc=-947,-798 enemy-dist=987 lh=14 dn=5 dg=+7 dlh=+0 bottle=1 lvl=4 front=8438 ehp=87'
08/27 12:47:30 [Localization System] CLocalize::FindSafe failed to localize: 'AIB[R] intent=melee-pack-space family=safety count=3 dist=121'
08/27 12:47:30 [Localization System] CLocalize::FindSafe failed to localize: 'AIB[R] intent=tick-owner family=other stage=laning-core'
08/27 12:47:30 [Localization System] CLocalize::FindSafe failed to localize: 'AIB[R] blocked=harass reason=own_heal_running'
08/27 12:47:31 [Localization System] CLocalize::FindSafe failed to localize: 'AIB[R] blocked=fight-candidate reason=no_action_capped hp=79 score=40'
08/27 12:47:31 [Localization System] CLocalize::FindSafe failed to localize: 'AIB[R] blocked=recovery-buy reason=budget_cap hp=79 gold=126 count=3 allow=2'
08/27 12:47:31 [Localization System] CLocalize::FindSafe failed to localize: 'AIB[R] intent=top-arbiter family=state winner=wave-watch:10 losers=hero-over-creep:52,idle-heal:46,emergency-retreat:45,fwd-pullback:44,emergency-kill:43.5'
08/27 12:47:31 [Localization System] CLocalize::FindSafe failed to localize: 'AIB[R] intent=cs-watchdog family=farm lh=14 idle=24 creep_hp=362 dist=604'
08/27 12:47:31 [Server] Client (account 0) tried to execute invalid order (101). Ability can't be cast with a position
08/27 12:47:31 [Localization System] CLocalize::FindSafe failed to localize: 'AIB[D] intent=tick-owner family=other stage=laning-core'
08/27 12:47:31 [Server] Client (account 0) tried to execute invalid order (101). Ability can't be cast with a position
08/27 12:47:31 [Localization System] CLocalize::FindSafe failed to localize: 'AIB[D] blocked=buy-loop reason=saving target=item_bottle head=item_bottle cost=675 gold=514 left=1'
08/27 12:47:31 [Localization System] CLocalize::FindSafe failed to localize: 'AIB[R] blocked=buy-loop reason=saving target=item_magic_wand head=item_magic_stick cost=200 gold=127 left=2'
08/27 12:47:31 [Localization System] CLocalize::FindSafe failed to localize: 'AIB[R] intent=state-desire-fight family=state base=78 range=18 dist=601 hp=85 ehp=88 reason=enemy_seen score=96'
08/27 12:47:31 [Localization System] CLocalize::FindSafe failed to localize: 'AIB[R] blocked=hero-contact reason=uphill dist=601 hp=85'
08/27 12:47:31 [Localization System] CLocalize::FindSafe failed to localize: 'AIB[R] blocked=hero-pass reason=uphill hp=85'
08/27 12:47:31 [Localization System] CLocalize::FindSafe failed to localize: 'AIB[R] blocked=top-arbiter reason=empty_action winner=fight score=96'
08/27 12:47:32 [Server] Client (account 0) tried to execute invalid order (101). Ability can't be cast with a position
08/27 12:47:32 [Server] Client (account 0) tried to execute invalid order (101). Ability can't be cast with a position
08/27 12:47:32 [Localization System] CLocalize::FindSafe failed to localize: 'AIB[D] intent=state-desire-fight family=state base=78 range=18 dist=571 hp=88 ehp=85 reason=enemy_seen score=96'
08/27 12:47:32 [Localization System] CLocalize::FindSafe failed to localize: 'AIB[D] intent=top-arbiter family=state winner=fight:96 losers=hero-over-creep:52,idle-heal:46,emergency-retreat:45,fwd-pullback:44,emergency-kill:43.5'
08/27 12:47:32 [Server] Client (account 0) tried to execute invalid order (101). Ability can't be cast with a position
08/27 12:47:32 [Server] Client (account 0) tried to execute invalid order (101). Ability can't be cast with a position
08/27 12:47:32 [Server] Client (account 0) tried to execute invalid order (101). Ability can't be cast with a position
08/27 12:47:32 [Server] Client (account 0) tried to execute invalid order (101). Ability can't be cast with a position
08/27 12:47:32 [Localization System] CLocalize::FindSafe failed to localize: 'AIB[D] t=203s hp=88% gold=515 loc=-498,-502 enemy-dist=571 lh=9 dn=1 dg=+7 dlh=+0 bottle=-1 lvl=4 front=10096 ehp=86'
08/27 12:47:32 [Server] Client (account 0) tried to execute invalid order (101). Ability can't be cast with a position
08/27 12:47:32 [Server] Client (account 0) tried to execute invalid order (101). Ability can't be cast with a position
08/27 12:47:32 [Server] Client (account 0) tried to execute invalid order (101). Ability can't be cast with a position
08/27 12:47:32 [Localization System] CLocalize::FindSafe failed to localize: 'AIB[R] intent=top-arbiter family=state winner=fight:96 losers=hero-over-creep:52,idle-heal:46,emergency-retreat:45,fwd-pullback:44,emergency-kill:43.5'
08/27 12:47:32 [Localization System] CLocalize::FindSafe failed to localize: 'AIB[R] intent=tick-owner family=other stage=laning-core'
08/27 12:47:32 [Localization System] CLocalize::FindSafe failed to localize: 'AIB[D] intent=hero-contact family=fight dist=571 hp=88 reason=attackable_enemy'
08/27 12:47:32 [Localization System] CLocalize::FindSafe failed to localize: 'AIB[R] intent=hero-contact family=fight dist=571 hp=78 reason=attackable_enemy'
08/27 12:47:33 [Server] PR:IncrementIdleTime 1:[I:0:0] 2.37
08/27 12:47:33 [Localization System] CLocalize::FindSafe failed to localize: 'AIB[D] intent=hero-pass family=fight dist=571 hp=88 reason=nearby_enemy'
08/27 12:47:33 [Server] Client (account 0) tried to execute invalid order (101). Ability can't be cast with a position
08/27 12:47:33 [Localization System] CLocalize::FindSafe failed to localize: 'AIB[D] intent=state-desire-safety family=state base=108 creep_dmg=8 hp=86 creep=true hero=false reason=recent_damage score=116'
08/27 12:47:33 [Localization System] CLocalize::FindSafe failed to localize: 'AIB[D] blocked=creep-hit-react reason=inside_melee_pack count=3 dist=61 hp=86'
08/27 12:47:33 [Localization System] CLocalize::FindSafe failed to localize: 'AIB[D] intent=creep-hit-react family=safety dist=61 hp=86 hits=1 reason=edge_attack'
08/27 12:47:33 [Server] Client (account 0) tried to execute invalid order (101). Ability can't be cast with a position
08/27 12:47:33 [Server] Client (account 0) tried to execute invalid order (101). Ability can't be cast with a position
08/27 12:47:33 [Localization System] CLocalize::FindSafe failed to localize: 'AIB[D] blocked=safety-candidate reason=no_action_capped hp=84 score=44'
08/27 12:47:33 [Localization System] CLocalize::FindSafe failed to localize: 'AIB[R] intent=hero-pass family=fight dist=618 hp=79 reason=nearby_enemy'
08/27 12:47:33 [Server] Client (account 0) tried to execute invalid order (101). Ability can't be cast with a position
08/27 12:47:33 [Server] Client (account 0) tried to execute invalid order (101). Ability can't be cast with a position
08/27 12:47:33 [Localization System] CLocalize::FindSafe failed to localize: 'AIB[R] intent=state-desire-fight family=state base=78 dist=675 hp=79 ehp=83 hyst=18 reason=enemy_seen score=96'
08/27 12:47:33 [Server] Client (account 0) tried to execute invalid order (101). Ability can't be cast with a position
08/27 12:47:33 [Localization System] CLocalize::FindSafe failed to localize: 'AIB[D] intent=state-desire-fight family=state base=78 dist=656 hp=82 ehp=79 hyst=18 reason=enemy_seen score=96'
08/27 12:47:33 [Localization System] CLocalize::FindSafe failed to localize: 'AIB[D] intent=top-arbiter family=state winner=fight:96 losers=hero-over-creep:52,idle-heal:46,emergency-retreat:45,fwd-pullback:44,emergency-kill:43.5'
08/27 12:47:33 [Server] Client (account 0) tried to execute invalid order (101). Ability can't be cast with a position
08/27 12:47:33 [Localization System] CLocalize::FindSafe failed to localize: 'AIB[D] intent=state-desire-last-hit family=farm dist=151 reason=killable_creep score=140'
08/27 12:47:33 [Localization System] CLocalize::FindSafe failed to localize: 'AIB[D] intent=tick-owner family=other stage=desire/last-hit dist=151 reason=killable_creep score=140'
08/27 12:47:33 [Server] Client (account 0) tried to execute invalid order (101). Ability can't be cast with a position
08/27 12:47:34 [Localization System] CLocalize::FindSafe failed to localize: 'AIB[D] blocked=fight-candidate reason=no_action_capped hp=62 score=40'
08/27 12:47:34 [Localization System] CLocalize::FindSafe failed to localize: 'AIB[R] blocked=top-arbiter reason=empty_action winner=fight score=122'
08/27 12:47:34 [Localization System] CLocalize::FindSafe failed to localize: 'AIB[R] intent=top-arbiter family=state winner=creep-work:38.8 losers=fight:122,hero-over-creep:52,idle-heal:46,emergency-retreat:45,fwd-pullback:44'
08/27 12:47:34 [Localization System] CLocalize::FindSafe failed to localize: 'AIB[D] blocked=recovery-buy reason=budget_cap hp=58 gold=607 count=4 allow=3'
08/27 12:47:34 [Localization System] CLocalize::FindSafe failed to localize: 'AIB[D] intent=melee-pack-space family=safety count=2 dist=285'
08/27 12:47:34 [Localization System] CLocalize::FindSafe failed to localize: 'AIB[R] intent=tick-owner family=other stage=laning-core'
08/27 12:47:34 Script function 'Think' on bot npc_dota_hero_nevermore took 2.427ms
08/27 12:47:35 [Localization System] CLocalize::FindSafe failed to localize: 'AIB[R] blocked=fight-candidate reason=no_action_capped hp=80 score=40'
08/27 12:47:35 [Localization System] CLocalize::FindSafe failed to localize: 'AIB[R] blocked=uphill-repo reason=not_trading'
08/27 12:47:35 [Localization System] CLocalize::FindSafe failed to localize: 'AIB[R] intent=state-desire-fight family=state base=78 range=18 hp_adv=8 execute=20 dist=602 hp=80 ehp=55 hyst=18 reason=enemy_seen score=142'
08/27 12:47:35 [Localization System] CLocalize::FindSafe failed to localize: 'AIB[D] intent=state-desire-safety family=state base=108 creep_dmg=8 hp=55 creep=true hero=false hyst=18 reason=recent_damage score=134'
08/27 12:47:35 [Localization System] CLocalize::FindSafe failed to localize: 'AIB[D] intent=creep-hit-react family=safety dist=64 hp=55 hits=3 reason=edge_attack'
08/27 12:47:35 [Localization System] CLocalize::FindSafe failed to localize: 'AIB[D] intent=top-arbiter family=state winner=safety:134 losers=fight:96,hero-over-creep:52,idle-heal:46,emergency-retreat:45,fwd-pullback:44'
08/27 12:47:35 [Localization System] CLocalize::FindSafe failed to localize: 'AIB[R] t=206s hp=80% gold=133 loc=-963,-834 enemy-dist=621 lh=14 dn=5 dg=+8 dlh=+0 bottle=1 lvl=4 front=8446 ehp=55'
08/27 12:47:35 [Localization System] CLocalize::FindSafe failed to localize: 'AIB[D] blocked=recover-candidate reason=no_action_capped hp=54 score=44'
08/27 12:47:35 [Server] Client (account 0) tried to execute invalid order (101). Ability can't be cast with a position
08/27 12:47:35 [Localization System] CLocalize::FindSafe failed to localize: 'AIB[R] blocked=hero-contact reason=uphill dist=585 hp=80'
08/27 12:47:35 [Localization System] CLocalize::FindSafe failed to localize: 'AIB[D] intent=state-desire-fight family=state base=78 range=18 dist=585 hp=54 ehp=80 reason=enemy_seen score=96'
08/27 12:47:35 [Localization System] CLocalize::FindSafe failed to localize: 'AIB[D] intent=tick-owner family=other stage=laning-core'
08/27 12:47:36 [Localization System] CLocalize::FindSafe failed to localize: 'AIB[R] blocked=top-arbiter reason=empty_action winner=fight score=124'
08/27 12:47:36 [Localization System] CLocalize::FindSafe failed to localize: 'AIB[R] intent=top-arbiter family=state winner=emergency-kill:43.5 losers=fight:124,hero-over-creep:52,idle-heal:46,emergency-retreat:45,fwd-pullback:44'
08/27 12:47:36 [Localization System] CLocalize::FindSafe failed to localize: 'AIB[D] blocked=creep-hit-react reason=inside_melee_pack count=2 dist=41 hp=52'
08/27 12:47:36 [Server] Client (account 0) tried to execute invalid order (101). Ability can't be cast with a position
08/27 12:47:36 [Localization System] CLocalize::FindSafe failed to localize: 'AIB[D] blocked=safety-candidate reason=no_action_capped hp=52 score=44'
08/27 12:47:36 [Localization System] CLocalize::FindSafe failed to localize: 'AIB[D] intent=melee-pack-space family=safety count=2 dist=353'
08/27 12:47:36 [Localization System] CLocalize::FindSafe failed to localize: 'AIB[D] intent=recovery-policy family=recover action=recover hp=27 gate=35 source=early-low'
08/27 12:47:36 [Localization System] CLocalize::FindSafe failed to localize: 'AIB[D] intent=state-recover-safe family=state ttl=2 reason=regen_lane hp=27 dist=1968'
08/27 12:47:36 [Localization System] CLocalize::FindSafe failed to localize: 'AIB[R] blocked=kill-lock reason=uphill dist=706 hp=81'
08/27 12:47:36 [Localization System] CLocalize::FindSafe failed to localize: 'AIB[R] intent=state-desire-last-hit family=farm dist=534 reason=killable_creep score=140'
08/27 12:47:37 [Localization System] CLocalize::FindSafe failed to localize: 'AIB[D] t=208s hp=23% gold=611 loc=-191,-288 enemy-dist=765 lh=10 dn=1 dg=+96 dlh=+1 bottle=-1 lvl=4 front=10134 ehp=81'
08/27 12:47:37 [Localization System] CLocalize::FindSafe failed to localize: 'AIB[D] intent=tick-owner family=other stage=laning-core'
08/27 12:47:38 [Localization System] CLocalize::FindSafe failed to localize: 'AIB[D] intent=recovery-policy family=recover action=recover hp=22 gate=35 source=early-low'
08/27 12:47:39 [Localization System] CLocalize::ConstructString failed to localize: '#DOTA_Tooltip_Ability_nevermore_shadowraze2_SummaryDescription'
08/27 12:47:39 [Localization System] CLocalize::FindSafe failed to localize: 'AIB[D] blocked=buy-loop reason=saving target=item_bottle head=item_bottle cost=675 gold=614 left=1'
08/27 12:47:39 [Localization System] CLocalize::FindSafe failed to localize: 'AIB[R] blocked=buy-loop reason=saving target=item_magic_wand head=item_magic_stick cost=200 gold=178 left=2'
08/27 12:47:39 [Localization System] CLocalize::FindSafe failed to localize: 'AIB[D] intent=state-recover-safe family=state ttl=2 reason=regen_lane hp=23 dist=988'
08/27 12:47:40 [Localization System] CLocalize::FindSafe failed to localize: 'AIB[D] intent=recovery-plan family=recover action=back reason=post_fight_regen hp=23'
08/27 12:47:40 [Localization System] CLocalize::FindSafe failed to localize: 'AIB[D] intent=tick-owner family=other stage=laning-core'
08/27 12:47:40 [Server] Client (account 0) tried to execute invalid order (3). Unrecognized order identifier.
08/27 12:47:40 [Localization System] CLocalize::FindSafe failed to localize: 'AIB[R] intent=state-desire-safety family=state base=108 creep_dmg=8 hp=81 creep=true hero=false reason=recent_damage score=116'
08/27 12:47:40 [Localization System] CLocalize::FindSafe failed to localize: 'AIB[R] blocked=top-arbiter reason=empty_action winner=safety score=116'
08/27 12:47:40 [Localization System] CLocalize::FindSafe failed to localize: 'AIB[R] intent=top-arbiter family=state winner=idle-heal:46 losers=safety:116,hero-over-creep:52,emergency-retreat:45,fwd-pullback:44,emergency-kill:43.5'
08/27 12:47:40 [Localization System] CLocalize::FindSafe failed to localize: 'AIB[R] intent=tick-owner family=other stage=desire/idle-heal reason=ready score=46 band=lanework'
08/27 12:47:40 [Localization System] CLocalize::FindSafe failed to localize: 'AIB[D] blocked=channel-interrupt reason=unsafe dist=901 hp=23 kind=heal'
08/27 12:47:40 [Localization System] CLocalize::FindSafe failed to localize: 'AIB[R] t=211s hp=82% gold=179 loc=-273,-218 lh=15 dn=5 dg=+46 dlh=+1 bottle=0 lvl=4 front=8619 ehp=-1'
08/27 12:47:40 [Localization System] CLocalize::FindSafe failed to localize: 'AIB[R] intent=state-desire-last-hit family=farm dist=325 reason=killable_creep score=140'
08/27 12:47:40 [Localization System] CLocalize::FindSafe failed to localize: 'AIB[D] intent=recovery-policy family=recover action=recover hp=24 gate=35 source=early-low'
08/27 12:47:41 [Localization System] CLocalize::FindSafe failed to localize: 'AIB[R] blocked=bottle-rune reason=no_close_rune max=1900 waterMax=4700 nearest=inf water=inf mid=199'
08/27 12:47:41 [Localization System] CLocalize::FindSafe failed to localize: 'AIB[R] blocked=harass reason=own_heal_running'
08/27 12:47:41 [Localization System] CLocalize::FindSafe failed to localize: 'AIB[D] intent=damage-by-source family=other creep=318 tower=0 hero=1417 mixed=421 death=0 other=72 stale=190 gaps=2'
08/27 12:47:41 [Localization System] CLocalize::FindSafe failed to localize: 'AIB[R] ability-harass=127 anti-afk-no-chase=1 anti-idle-enter=11 anti-idle-lane=6 anti-idle-lowhp-back=1 bottle-heal=3 channel-interrupt-atk=7 channel-interrupt-chase=7 creep-aggro-back=3 creep-aggro-hit=8 creep-dmg=5 creep-hit-react-aggro-step=1 creep-hit-react-atk=7 creep-hit-react-step=1 cs-wait-release=34 cs-wait=15 cs-walk-gap-large=14 cs-walk-gap-small=26 cs-walk-inrange=12 cs-walk-into-pack=4 cs-walk=52 cs-watchdog-step=3 deny-act-atk=34 deny-act-walk=9 deny-act=43 deny-cand-doomed=18 deny-cand-tanky=178 fight-hp-behind=2 fwd-at-position=3 fwd-hold=1 fwd-lowhp-pull=1 fwd-position=2 fwd-suppressed-creep=17 fwd-suppressed-cs=1 fwd-suppressed-damage=1 fwd-suppressed-empty=5 fwd-suppressed-hero=3 fwd-suppressed-lowhp=1 fwd-suppressed-motor=7 fwd-suppressed-recovery=1 fwd-suppressed-tower=4 fwd-suppressed-visual=3 fwd-suppressed-watchdog=1 harass-atk=1 heal-item=2 heal-want=1 hero-contact-atk=27 hero-contact-chase=9 hero-over-creep=6 hero-pass-atk=13 hero-pass-chase=5 idle=7 kill-lock-atk=1 kill-lock-chase=7 kill-priority=7 killwin-atk=35 killwin-scan=993 lane-line-fallback=13 lane-line-suppressed-creep-dmg=1 lane-line-suppressed-creep=6 lane-line-suppressed-damage=1 lane-line-suppressed-empty=5 lane-line-suppressed-heal=11 lane-line-suppressed-lowhp=8 last-hit-urgent=74 low-hp-limit=3 melee-pack-release=13 melee-pack-space=9 own-ranged-stepback=1 pre-aig=11 precreep-anchor=43 precreep-hold=3 precreep-park-hold=13 precreep-park=154 precreep-space=1 prewave-defend=1 prewave-free-hit=74 recover-xp=7 recovery-bottle-active=3 recovery-buy=3 recovery-enemy-near=222 recovery-flask=2 recovery-regen=5 recovery-tango=2 regen-walk=2 siege-commit-tower=8 siege-step=1 tango-heal=1 uphill-reposition=3 uphill-void-under-fire=15 visual-hold-creep=29 visual-hold-hard-creep=1 visual-hold-lane=2 wave-watch=23'
08/27 12:47:41 [Localization System] CLocalize::FindSafe failed to localize: 'AIB[R] intent=top-arbiter family=state winner=wave-watch:10 losers=hero-over-creep:52,idle-heal:46,emergency-retreat:45,fwd-pullback:44,emergency-kill:43.5'
08/27 12:47:42 [Localization System] CLocalize::FindSafe failed to localize: 'AIB[D] intent=tick-owner family=other stage=laning-core'
08/27 12:47:42 [Localization System] CLocalize::FindSafe failed to localize: 'AIB[R] intent=tick-owner family=other stage=laning-core'
08/27 12:47:42 [Localization System] CLocalize::FindSafe failed to localize: 'AIB[D] t=213s hp=25% gold=519 loc=973,754 enemy-dist=1580 lh=10 dn=1 dg=-92 dlh=+0 bottle=-1 lvl=4 front=9704 ehp=95'
08/27 12:47:42 [Localization System] CLocalize::FindSafe failed to localize: 'AIB[D] intent=recovery-policy family=recover action=recover hp=25 gate=35 source=early-low'
08/27 12:47:43 [Localization System] CLocalize::FindSafe failed to localize: 'AIB[R] blocked=recovery-rune-bottle reason=no_close_rune max=3600 waterMax=4700 nearest=inf water=inf mid=62'
08/27 12:47:43 [Localization System] CLocalize::FindSafe failed to localize: 'AIB[R] intent=top-arbiter family=state winner=creep-work:38.8 losers=hero-over-creep:52,idle-heal:46,emergency-retreat:45,fwd-pullback:44,emergency-kill:43.5'
08/27 12:47:43 [Localization System] CLocalize::FindSafe failed to localize: 'AIB[R] intent=state-desire-last-hit family=farm dist=80 reason=killable_creep score=140'
08/27 12:47:44 [Localization System] CLocalize::FindSafe failed to localize: 'AIB[D] intent=tick-owner family=other stage=laning-core'
08/27 12:47:44 [Localization System] CLocalize::FindSafe failed to localize: 'AIB[R] intent=damage-by-source family=other creep=179 tower=0 hero=1161 mixed=113 death=0 other=129 stale=116 gaps=1'
08/27 12:47:44 [Localization System] CLocalize::FindSafe failed to localize: 'AIB[R] intent=tick-owner family=other stage=laning-core'
08/27 12:47:44 [Localization System] CLocalize::FindSafe failed to localize: 'AIB[D] ability-harass=135 anti-idle-enter=17 anti-idle-lane=10 anti-idle-lowhp-back=6 channel-interrupt-atk=14 channel-interrupt-chase=24 creep-aggro-hit=10 creep-dmg=3 creep-hit-react-atk=6 creep-hit-react-step=5 critical-recover-hold=1 cs-wait-release=16 cs-wait=8 cs-walk-gap-large=6 cs-walk-gap-small=5 cs-walk-inrange=6 cs-walk-into-pack=4 cs-walk=17 cs-watchdog-step=5 cw-push-cs-step=2 cw-push=167 deny-act-atk=3 deny-act-walk=13 deny-act=16 deny-cand-doomed=7 deny-cand-tanky=35 fight-hp-behind=10 fountain-tp-hold=1 fountain-trip-release=1 fountain-wait=2 fwd-at-position=2 fwd-suppressed-creep=3 fwd-suppressed-cs=3 fwd-suppressed-empty=2 fwd-suppressed-lowhp=5 fwd-suppressed-motor=10 fwd-suppressed-tower=5 fwd-suppressed-visual=3 fwd-suppressed-watchdog=1 heal-inflight-back=1 heal-inflight-hold=1 heal-item=3 heal-want=2 hero-contact-atk=23 hero-contact-chase=6 hero-over-creep=11 hero-pass-atk=12 hero-pass-chase=4 hero-prio-chase-hold=5 hero-prio-chase=17 idle=8 kill-priority=1 killwin-scan=1001 lane-line-fallback=11 lane-line-suppressed-creep=1 lane-line-suppressed-empty=1 lane-line-suppressed-heal=5 lane-line-suppressed-lowhp=10 lane-line-suppressed-motor=2 last-hit-urgent=49 low-hp-creep=5 low-hp-limit=8 melee-pack-release=8 melee-pack-space=10 pre-aig=17 precreep-anchor=36 precreep-hold=1 precreep-park-hold=12 precreep-park=184 prewave-duel-approach=41 prewave-duel-trade=54 prewave-duel-uphill-back=1 recover-safe=7 recover-xp=10 recovery-buy-critical=2 recovery-buy=3 recovery-enemy-near=150 recovery-flask=1 recovery-regen=8 recovery-tango=2 recovery-tp=1 recovery-yield=1 regen-walk=9 tango-heal=2 uphill-reposition=2 uphill-void-under-fire=5 visual-hold-lane=4 wave-watch=11'
08/27 12:47:44 [Localization System] CLocalize::FindSafe failed to localize: 'AIB[R] blocked=visual-hold reason=creep_in_range held=3.4 hp=98 repeat=1 hard=false'
08/27 12:47:44 [Localization System] CLocalize::FindSafe failed to localize: 'AIB[R] intent=top-arbiter family=state winner=visual-hold:20 losers=hero-over-creep:52,idle-heal:46,emergency-retreat:45,fwd-pullback:44,emergency-kill:43.5'
08/27 12:47:45 [Localization System] CLocalize::FindSafe failed to localize: 'AIB[R] intent=lane-line-episode family=other dist=222 fwd=0.67'
08/27 12:47:45 [Localization System] CLocalize::FindSafe failed to localize: 'AIB[D] intent=recovery-policy family=recover action=recover hp=26 gate=35 source=early-low'
08/27 12:47:45 [Localization System] CLocalize::FindSafe failed to localize: 'AIB[R] t=216s hp=98% gold=119 loc=-286,-228 lh=17 dn=5 dg=-60 dlh=+2 bottle=0 lvl=4 front=8760 ehp=-1'
08/27 12:47:46 [Localization System] CLocalize::FindSafe failed to localize: 'AIB[R] blocked=visual-hold reason=empty held=4.5 hp=98 repeat=1 hard=true'
08/27 12:47:46 [Localization System] CLocalize::ConstructString failed to localize: '#DOTA_Tooltip_Ability_nevermore_frenzy_SummaryDescription'
08/27 12:47:46 Script function 'GetDesire' on bot npc_dota_hero_nevermore took 2.021ms
08/27 12:47:46 [Localization System] CLocalize::FindSafe failed to localize: 'AIB[D] intent=tick-owner family=other stage=laning-core'
08/27 12:47:46 [Localization System] CLocalize::FindSafe failed to localize: 'AIB[R] intent=top-arbiter family=state winner=anti-idle:2 losers=hero-over-creep:52,idle-heal:46,emergency-retreat:45,fwd-pullback:44,emergency-kill:43.5'
08/27 12:47:46 [Localization System] CLocalize::FindSafe failed to localize: 'AIB[R] intent=tick-owner family=other stage=laning-core'
08/27 12:47:47 [Localization System] CLocalize::FindSafe failed to localize: 'AIB[D] intent=recovery-policy family=recover action=recover hp=27 gate=35 source=early-low'
08/27 12:47:47 [Localization System] CLocalize::FindSafe failed to localize: 'AIB[R] intent=state-siege-window family=siege ttl=2 wave=1 tower=1116 hp=99 adv=true'
08/27 12:47:47 [Localization System] CLocalize::FindSafe failed to localize: 'AIB[R] intent=tower-opportunity family=siege result=step phase=default wave=1 tower=1116'
08/27 12:47:47 [Localization System] CLocalize::FindSafe failed to localize: 'AIB[R] intent=state-desire-siege family=siege base=66 push=12 hp=99 reason=tower_window score=78'
08/27 12:47:47 [Localization System] CLocalize::FindSafe failed to localize: 'AIB[D] t=218s hp=28% gold=526 loc=2042,1863 lh=10 dn=1 dg=+7 dlh=+0 bottle=-1 lvl=4 front=8620 ehp=-1'
08/27 12:47:47 [Localization System] CLocalize::FindSafe failed to localize: 'AIB[D] blocked=buy-loop reason=saving target=item_bottle head=item_bottle cost=675 gold=526 left=1'
08/27 12:47:47 [Localization System] CLocalize::FindSafe failed to localize: 'AIB[R] blocked=buy-loop reason=saving target=item_magic_wand head=item_recipe_magic_wand cost=150 gold=122 left=1'
08/27 12:47:48 [Localization System] CLocalize::FindSafe failed to localize: 'AIB[R] intent=top-arbiter family=state winner=siege:96 losers=hero-over-creep:52,idle-heal:46,emergency-retreat:45,fwd-pullback:44,emergency-kill:43.5'
08/27 12:47:48 [Localization System] CLocalize::FindSafe failed to localize: 'AIB[D] intent=tick-owner family=other stage=laning-core'
08/27 12:47:48 [Localization System] CLocalize::FindSafe failed to localize: 'AIB[R] intent=tick-owner family=other stage=laning-core'
08/27 12:47:49 [Localization System] CLocalize::FindSafe failed to localize: 'AIB[R] intent=state-desire-siege family=siege base=66 push=12 hp=100 hyst=18 reason=tower_window score=96'
08/27 12:47:49 [Localization System] CLocalize::FindSafe failed to localize: 'AIB[D] intent=recovery-policy family=recover action=recover hp=29 gate=35 source=early-low'
08/27 12:47:49 [Localization System] CLocalize::FindSafe failed to localize: 'AIB[R] intent=state-siege-window family=siege ttl=2 wave=2 tower=658 hp=100 adv=true'
08/27 12:47:49 [Localization System] CLocalize::FindSafe failed to localize: 'AIB[R] intent=tower-opportunity family=siege result=hit phase=terminal wave=2 tower=658'
08/27 12:47:49 [Localization System] CLocalize::FindSafe failed to localize: 'AIB[R] intent=top-arbiter family=state winner=siege:96 losers=hero-over-creep:52,idle-heal:46,emergency-retreat:45,fwd-pullback:44,emergency-kill:43.5'
08/27 12:47:50 [Localization System] CLocalize::FindSafe failed to localize: 'AIB[R] intent=tick-owner family=other stage=laning-core'
08/27 12:47:50 [Localization System] CLocalize::FindSafe failed to localize: 'AIB[D] intent=tick-owner family=other stage=laning-core'
08/27 12:47:50 [Localization System] CLocalize::FindSafe failed to localize: 'AIB[R] t=221s hp=100% gold=127 loc=58,187 lh=17 dn=5 dg=+8 dlh=+0 bottle=0 lvl=4 front=9760 ehp=-1'
08/27 12:47:50 [Localization System] CLocalize::FindSafe failed to localize: 'AIB[R] intent=state-desire-siege family=siege base=66 push=12 hp=100 hyst=18 reason=tower_window score=96'
08/27 12:47:51 [Localization System] CLocalize::FindSafe failed to localize: 'AIB[R] intent=top-arbiter family=state winner=siege:96 losers=hero-over-creep:52,idle-heal:46,emergency-retreat:45,fwd-pullback:44,emergency-kill:43.5'
08/27 12:47:51 [Localization System] CLocalize::FindSafe failed to localize: 'AIB[D] intent=recovery-policy family=recover action=recover hp=31 gate=35 source=early-low'
08/27 12:47:51 [Localization System] CLocalize::FindSafe failed to localize: 'AIB[R] intent=state-siege-window family=siege ttl=2 wave=1 tower=658 hp=100 adv=true'
08/27 12:47:51 [Localization System] CLocalize::FindSafe failed to localize: 'AIB[R] intent=tower-opportunity family=siege result=hit phase=terminal wave=1 tower=658'
08/27 12:47:52 [Localization System] CLocalize::FindSafe failed to localize: 'AIB[R] intent=state-desire-siege family=siege base=66 push=12 hp=100 hyst=18 reason=tower_window score=96'
08/27 12:47:52 [Localization System] CLocalize::FindSafe failed to localize: 'AIB[D] intent=tick-owner family=other stage=laning-core'
08/27 12:47:52 [Localization System] CLocalize::FindSafe failed to localize: 'AIB[R] intent=tick-owner family=other stage=laning-core'
08/27 12:47:52 [Localization System] CLocalize::FindSafe failed to localize: 'AIB[D] blocked=fountain-floor reason=heal_in_hand hp=32 inflight=nil'
08/27 12:47:52 [Localization System] CLocalize::FindSafe failed to localize: 'AIB[R] intent=top-arbiter family=state winner=siege:96 losers=hero-over-creep:52,idle-heal:46,emergency-retreat:45,fwd-pullback:44,emergency-kill:43.5'
08/27 12:47:52 [Localization System] CLocalize::FindSafe failed to localize: 'AIB[D] t=223s hp=33% gold=534 loc=3172,2886 lh=10 dn=1 dg=+8 dlh=+0 bottle=-1 lvl=4 front=8620 ehp=-1'
08/27 12:47:52 [Localization System] CLocalize::FindSafe failed to localize: 'AIB[D] blocked=recovery-flask reason=already_healing hp=33'
08/27 12:47:52 [Localization System] CLocalize::FindSafe failed to localize: 'AIB[D] intent=state-desire-recover family=state base=74 danger=28 hp=33 reason=hp_gate score=102'
08/27 12:47:52 [Localization System] CLocalize::FindSafe failed to localize: 'AIB[D] blocked=top-arbiter reason=empty_action winner=recover score=102'
08/27 12:47:52 [Localization System] CLocalize::FindSafe failed to localize: 'AIB[D] blocked=harass reason=own_heal_running'
08/27 12:47:52 [Localization System] CLocalize::FindSafe failed to localize: 'AIB[D] intent=top-arbiter family=state winner=anti-idle:2 losers=recover:102,safe-cs:56,hero-over-creep:52,idle-heal:46,emergency-retreat:45'
08/27 12:47:53 [Localization System] CLocalize::FindSafe failed to localize: 'AIB[D] intent=recovery-policy family=recover action=recover hp=36 gate=55 source=lane-low'
08/27 12:47:54 [Localization System] CLocalize::FindSafe failed to localize: 'AIB[R] intent=state-desire-siege family=siege base=66 push=12 hp=100 hyst=18 reason=tower_window score=96'
08/27 12:47:54 [Localization System] CLocalize::FindSafe failed to localize: 'AIB[R] intent=state-siege-window family=siege ttl=2 wave=1 tower=658 hp=100 adv=true'
08/27 12:47:54 [Localization System] CLocalize::FindSafe failed to localize: 'AIB[R] intent=tower-opportunity family=siege result=hit phase=terminal wave=1 tower=658'
08/27 12:47:54 [Localization System] CLocalize::FindSafe failed to localize: 'AIB[R] intent=top-arbiter family=state winner=siege:96 losers=hero-over-creep:52,idle-heal:46,emergency-retreat:45,fwd-pullback:44,emergency-kill:43.5'
08/27 12:47:54 [Localization System] CLocalize::FindSafe failed to localize: 'AIB[D] intent=state-desire-recover family=state base=74 hp=41 reason=hp_gate score=74'
08/27 12:47:54 [Localization System] CLocalize::FindSafe failed to localize: 'AIB[D] blocked=top-arbiter reason=empty_action winner=recover score=74'
08/27 12:47:54 [Localization System] CLocalize::FindSafe failed to localize: 'AIB[D] intent=top-arbiter family=state winner=anti-idle:2 losers=recover:74,safe-cs:56,hero-over-creep:52,idle-heal:46,emergency-retreat:45'
08/27 12:47:54 [Localization System] CLocalize::FindSafe failed to localize: 'AIB[D] intent=tick-owner family=other stage=laning-core'
08/27 12:47:54 [Localization System] CLocalize::FindSafe failed to localize: 'AIB[R] intent=tick-owner family=other stage=laning-core'
08/27 12:47:55 [Localization System] CLocalize::FindSafe failed to localize: 'AIB[R] blocked=tower-range reason=no_licence tower=658 hp=100'
08/27 12:47:55 [Localization System] CLocalize::FindSafe failed to localize: 'AIB[R] t=226s hp=100% gold=134 loc=36,166 lh=17 dn=5 dg=+7 dlh=+0 bottle=0 lvl=4 front=9373 ehp=-1'
08/27 12:47:55 [Localization System] CLocalize::FindSafe failed to localize: 'AIB[D] blocked=buy-loop reason=saving target=item_bottle head=item_bottle cost=675 gold=538 left=1'
08/27 12:47:55 [Localization System] CLocalize::FindSafe failed to localize: 'AIB[R] blocked=buy-loop reason=saving target=item_magic_wand head=item_recipe_magic_wand cost=150 gold=134 left=1'
08/27 12:47:55 [Localization System] CLocalize::FindSafe failed to localize: 'AIB[D] intent=top-arbiter family=state winner=anti-idle:2 losers=safe-cs:56,hero-over-creep:52,idle-heal:46,emergency-retreat:45,fwd-pullback:44'
08/27 12:47:56 [Localization System] CLocalize::FindSafe failed to localize: 'AIB[R] blocked=recovery-rune-bottle reason=no_close_rune max=3600 waterMax=4700 nearest=inf water=inf mid=256'
08/27 12:47:56 [Localization System] CLocalize::FindSafe failed to localize: 'AIB[R] intent=top-arbiter family=state winner=wave-watch:10 losers=hero-over-creep:52,idle-heal:46,emergency-retreat:45,fwd-pullback:44,emergency-kill:43.5'
08/27 12:47:56 [Localization System] CLocalize::FindSafe failed to localize: 'AIB[R] intent=state-desire-safety family=state base=108 creep_dmg=8 hp=98 creep=true hero=false reason=recent_damage score=116'
08/27 12:47:56 [Localization System] CLocalize::FindSafe failed to localize: 'AIB[R] intent=creep-hit-react family=safety dist=345 hp=98 hits=1 reason=attack'
08/27 12:47:56 [Localization System] CLocalize::FindSafe failed to localize: 'AIB[D] intent=damage-by-source family=other creep=318 tower=0 hero=1417 mixed=421 death=0 other=72 stale=190 gaps=2'
08/27 12:47:56 [Localization System] CLocalize::FindSafe failed to localize: 'AIB[R] blocked=safety-candidate reason=no_action_capped hp=99 score=44'
08/27 12:47:56 [Localization System] CLocalize::FindSafe failed to localize: 'AIB[D] intent=tick-owner family=other stage=laning-core'
08/27 12:47:56 [Localization System] CLocalize::FindSafe failed to localize: 'AIB[R] intent=tick-owner family=other stage=laning-core'
08/27 12:47:57 [Localization System] CLocalize::FindSafe failed to localize: 'AIB[D] blocked=recovery-flask reason=already_healing hp=53'
08/27 12:47:57 [Localization System] CLocalize::FindSafe failed to localize: 'AIB[D] blocked=harass reason=own_heal_running'
08/27 12:47:57 [Localization System] CLocalize::FindSafe failed to localize: 'AIB[R] intent=melee-pack-space family=safety count=3 dist=172'
08/27 12:47:57 [Localization System] CLocalize::FindSafe failed to localize: 'AIB[R] blocked=creep-hit-react reason=inside_melee_pack count=3 dist=255 hp=99'
08/27 12:47:57 [Localization System] CLocalize::FindSafe failed to localize: 'AIB[D] intent=top-arbiter family=state winner=anti-idle:2 losers=hero-over-creep:52,idle-heal:46,emergency-retreat:45,fwd-pullback:44,emergency-kill:43.5'
08/27 12:47:57 [Localization System] CLocalize::FindSafe failed to localize: 'AIB[R] intent=top-arbiter family=state winner=wave-watch:10 losers=hero-over-creep:52,idle-heal:46,emergency-retreat:45,fwd-pullback:44,emergency-kill:43.5'
08/27 12:47:57 [Localization System] CLocalize::FindSafe failed to localize: 'AIB[D] t=228s hp=58% gold=542 loc=2019,1900 lh=10 dn=1 dg=+8 dlh=+0 bottle=-1 lvl=4 front=9428 ehp=-1'
08/27 12:47:58 [Localization System] CLocalize::FindSafe failed to localize: 'AIB[R] intent=state-desire-safety family=state base=108 creep_dmg=8 hp=89 creep=true hero=false hyst=18 reason=recent_damage score=134'
08/27 12:47:58 [Localization System] CLocalize::FindSafe failed to localize: 'AIB[R] intent=creep-hit-react family=safety dist=287 hp=89 hits=3 reason=attack'
08/27 12:47:58 [Localization System] CLocalize::FindSafe failed to localize: 'AIB[R] intent=melee-pack-space family=safety count=3 dist=186'
08/27 12:47:58 [Localization System] CLocalize::FindSafe failed to localize: 'AIB[R] intent=tick-owner family=other stage=laning-core'
08/27 12:47:58 [Localization System] CLocalize::FindSafe failed to localize: 'AIB[D] intent=tick-owner family=other stage=laning-core'
08/27 12:47:59 [Localization System] CLocalize::FindSafe failed to localize: 'AIB[D] intent=top-arbiter family=state winner=anti-idle:2 losers=hero-over-creep:52,idle-heal:46,emergency-retreat:45,fwd-pullback:44,emergency-kill:43.5'
08/27 12:47:59 [Localization System] CLocalize::FindSafe failed to localize: 'AIB[R] intent=top-arbiter family=state winner=ranged-spacing:41 losers=hero-over-creep:52,idle-heal:46,emergency-retreat:45,fwd-pullback:44,emergency-kill:43.5'
08/27 12:47:59 [Localization System] CLocalize::FindSafe failed to localize: 'AIB[R] intent=damage-by-source family=other creep=221 tower=67 hero=1161 mixed=113 death=0 other=129 stale=116 gaps=1'
08/27 12:47:59 [Localization System] CLocalize::FindSafe failed to localize: 'AIB[R] blocked=safety-candidate reason=no_action_capped hp=87 score=44'
08/27 12:47:59 [Localization System] CLocalize::FindSafe failed to localize: 'AIB[R] intent=state-desire-safety family=state base=108 creep_dmg=8 hp=87 creep=true hero=false hyst=18 reason=recent_damage score=134'
08/27 12:47:59 [Localization System] CLocalize::FindSafe failed to localize: 'AIB[R] intent=creep-hit-react family=safety dist=178 hp=87 hits=5 reason=edge_attack'
08/27 12:48:00 [Localization System] CLocalize::FindSafe failed to localize: 'AIB[R] intent=melee-pack-space family=safety count=3 dist=177'
08/27 12:48:00 [Localization System] CLocalize::FindSafe failed to localize: 'AIB[R] blocked=creep-hit-react reason=inside_melee_pack count=2 dist=377 hp=86'
08/27 12:48:00 [Localization System] CLocalize::FindSafe failed to localize: 'AIB[D] intent=top-arbiter family=state winner=anti-idle:2 losers=hero-over-creep:52,idle-heal:46,emergency-retreat:45,fwd-pullback:44,emergency-kill:43.5'
08/27 12:48:00 [Localization System] CLocalize::FindSafe failed to localize: 'AIB[R] t=231s hp=86% gold=142 loc=-615,-448 lh=17 dn=5 dg=+8 dlh=+0 bottle=0 lvl=4 front=8761 ehp=-1'
08/27 12:48:00 [Localization System] CLocalize::FindSafe failed to localize: 'AIB[R] intent=top-arbiter family=state winner=wave-watch:10 losers=hero-over-creep:52,idle-heal:46,emergency-retreat:45,fwd-pullback:44,emergency-kill:43.5'
08/27 12:48:00 [Localization System] CLocalize::FindSafe failed to localize: 'AIB[R] intent=tick-owner family=other stage=desire/wave-watch reason=ready score=10 band=idle'
08/27 12:48:00 [Localization System] CLocalize::FindSafe failed to localize: 'AIB[D] intent=tick-owner family=other stage=laning-core'
08/27 12:48:01 [Localization System] CLocalize::FindSafe failed to localize: 'AIB[D] blocked=harass reason=own_heal_running'
08/27 12:48:01 [Localization System] CLocalize::FindSafe failed to localize: 'AIB[R] intent=recovery-plan family=recover action=rune_stage reason=water source=recovery-rune-bottle dist=1918 eta=8'
08/27 12:48:01 [Localization System] CLocalize::FindSafe failed to localize: 'AIB[R] intent=state-rune-commit family=rune source=recovery-rune-bottle phase=water ttl=8 dist=1918 eta=8'
08/27 12:48:01 [Localization System] CLocalize::FindSafe failed to localize: 'AIB[R] intent=rune-transaction family=rune source=recovery-rune-bottle phase=water ttl=8 dist=1918 eta=8'
08/27 12:48:01 [Localization System] CLocalize::FindSafe failed to localize: 'AIB[R] intent=recovery-rune-bottle family=rune dist=1918 eta=8 reason=stage'
08/27 12:48:02 [Localization System] CLocalize::FindSafe failed to localize: 'AIB[D] intent=top-arbiter family=state winner=anti-idle:2 losers=hero-over-creep:52,idle-heal:46,emergency-retreat:45,fwd-pullback:44,emergency-kill:43.5'
08/27 12:48:02 [Localization System] CLocalize::FindSafe failed to localize: 'AIB[R] intent=top-arbiter family=state winner=idle-heal:46 losers=hero-over-creep:52,emergency-retreat:45,fwd-pullback:44,emergency-kill:43.5,uphill:43'
08/27 12:48:03 [Localization System] CLocalize::FindSafe failed to localize: 'AIB[D] t=233s hp=81% gold=549 loc=924,810 lh=10 dn=1 dg=+7 dlh=+0 bottle=-1 lvl=4 front=9801 ehp=-1'
08/27 12:48:03 [Localization System] CLocalize::FindSafe failed to localize: 'AIB[D] intent=tick-owner family=other stage=laning-core'
08/27 12:48:03 [Localization System] CLocalize::FindSafe failed to localize: 'AIB[R] intent=tick-owner family=other stage=laning-core'
08/27 12:48:03 [Localization System] CLocalize::FindSafe failed to localize: 'AIB[R] intent=recovery-plan family=recover action=rune_stage reason=stage_follow source=recovery-rune-bottle dist=1268 eta=6'
08/27 12:48:03 [Localization System] CLocalize::FindSafe failed to localize: 'AIB[R] intent=state-rune-commit family=rune source=recovery-rune-bottle phase=stage_follow ttl=6 dist=1268 eta=6'
08/27 12:48:03 [Localization System] CLocalize::FindSafe failed to localize: 'AIB[R] intent=rune-transaction family=rune source=recovery-rune-bottle phase=stage_follow ttl=6 dist=1268 eta=6'
08/27 12:48:03 [Localization System] CLocalize::FindSafe failed to localize: 'AIB[D] blocked=buy-loop reason=saving target=item_bottle head=item_bottle cost=675 gold=550 left=1'
08/27 12:48:03 [Localization System] CLocalize::FindSafe failed to localize: 'AIB[R] blocked=buy-loop reason=saving target=item_magic_wand head=item_recipe_magic_wand cost=150 gold=146 left=1'
08/27 12:48:04 [Localization System] CLocalize::FindSafe failed to localize: 'AIB[D] intent=top-arbiter family=state winner=anti-idle:2 losers=hero-over-creep:52,idle-heal:46,emergency-retreat:45,fwd-pullback:44,emergency-kill:43.5'
08/27 12:48:04 [Localization System] CLocalize::FindSafe failed to localize: 'AIB[R] intent=top-arbiter family=state winner=idle-heal:46 losers=hero-over-creep:52,emergency-retreat:45,fwd-pullback:44,emergency-kill:43.5,uphill:43'
08/27 12:48:05 [Localization System] CLocalize::FindSafe failed to localize: 'AIB[D] blocked=harass reason=own_heal_running'
08/27 12:48:05 [Localization System] CLocalize::FindSafe failed to localize: 'AIB[D] intent=tick-owner family=other stage=desire/creep-work reason=ready score=39 band=lanework'
08/27 12:48:05 [Localization System] CLocalize::FindSafe failed to localize: 'AIB[R] intent=tick-owner family=other stage=laning-core'
08/27 12:48:05 [Localization System] CLocalize::FindSafe failed to localize: 'AIB[D] intent=top-arbiter family=state winner=creep-work:38.6 losers=hero-over-creep:52,idle-heal:46,emergency-retreat:45,fwd-pullback:44,emergency-kill:43.5'
08/27 12:48:05 [Localization System] CLocalize::FindSafe failed to localize: 'AIB[R] intent=recovery-plan family=recover action=rune_stage reason=stage_follow source=recovery-rune-bottle dist=648 eta=4'
08/27 12:48:05 [Localization System] CLocalize::FindSafe failed to localize: 'AIB[R] intent=state-rune-commit family=rune source=recovery-rune-bottle phase=stage_follow ttl=4 dist=648 eta=4'
08/27 12:48:05 [Localization System] CLocalize::FindSafe failed to localize: 'AIB[R] intent=rune-transaction family=rune source=recovery-rune-bottle phase=stage_follow ttl=4 dist=648 eta=4'
08/27 12:48:05 [Localization System] CLocalize::FindSafe failed to localize: 'AIB[R] intent=top-arbiter family=state winner=idle-heal:46 losers=hero-over-creep:52,emergency-retreat:45,fwd-pullback:44,emergency-kill:43.5,uphill:43'
08/27 12:48:05 [Localization System] CLocalize::FindSafe failed to localize: 'AIB[R] t=236s hp=89% gold=149 loc=-1345,605 lh=17 dn=5 dg=+7 dlh=+0 bottle=0 lvl=4 front=8761 ehp=-1'
08/27 12:48:06 [Localization System] CLocalize::FindSafe failed to localize: 'AIB[D] intent=state-desire-last-hit family=farm dist=564 reason=killable_creep score=140'
08/27 12:48:07 [Localization System] CLocalize::FindSafe failed to localize: 'AIB[D] intent=top-arbiter family=state winner=creep-work:38.6 losers=hero-over-creep:52,idle-heal:46,emergency-retreat:45,fwd-pullback:44,emergency-kill:43.5'
08/27 12:48:07 [Localization System] CLocalize::FindSafe failed to localize: 'AIB[D] intent=tick-owner family=other stage=desire/creep-work reason=ready score=39 band=lanework'
08/27 12:48:07 [Localization System] CLocalize::FindSafe failed to localize: 'AIB[R] intent=top-arbiter family=state winner=idle-heal:46 losers=hero-over-creep:52,emergency-retreat:45,fwd-pullback:44,emergency-kill:43.5,uphill:43'
08/27 12:48:07 [Localization System] CLocalize::FindSafe failed to localize: 'AIB[R] intent=tick-owner family=other stage=laning-core'
08/27 12:48:07 [Localization System] CLocalize::FindSafe failed to localize: 'AIB[R] intent=recovery-plan family=recover action=rune_stage reason=stage_hold source=recovery-rune-bottle dist=99 eta=2'
08/27 12:48:07 [Localization System] CLocalize::FindSafe failed to localize: 'AIB[R] intent=state-rune-commit family=rune source=recovery-rune-bottle phase=stage_hold ttl=2 dist=99 eta=2'
08/27 12:48:07 [Localization System] CLocalize::FindSafe failed to localize: 'AIB[R] intent=rune-transaction family=rune source=recovery-rune-bottle phase=stage_hold ttl=2 dist=99 eta=2'
08/27 12:48:08 [Localization System] CLocalize::FindSafe failed to localize: 'AIB[D] t=238s hp=94% gold=592 loc=67,132 lh=11 dn=1 dg=+43 dlh=+1 bottle=-1 lvl=4 front=9801 ehp=-1'
08/27 12:48:08 [Localization System] CLocalize::FindSafe failed to localize: 'AIB[D] intent=top-arbiter family=state winner=creep-work:38.6 losers=hero-over-creep:52,idle-heal:46,emergency-retreat:45,fwd-pullback:44,emergency-kill:43.5'
08/27 12:48:08 [Localization System] CLocalize::FindSafe failed to localize: 'AIB[R] intent=top-arbiter family=state winner=idle-heal:46 losers=hero-over-creep:52,emergency-retreat:45,fwd-pullback:44,emergency-kill:43.5,uphill:43'
08/27 12:48:09 [Localization System] CLocalize::FindSafe failed to localize: 'AIB[R] intent=recovery-plan family=recover action=rune_stage reason=stage_hold source=recovery-rune-bottle dist=65 eta=1'
08/27 12:48:09 [Localization System] CLocalize::FindSafe failed to localize: 'AIB[R] intent=state-rune-commit family=rune source=recovery-rune-bottle phase=stage_hold ttl=1 dist=65 eta=1'
08/27 12:48:09 [Localization System] CLocalize::FindSafe failed to localize: 'AIB[R] intent=rune-transaction family=rune source=recovery-rune-bottle phase=stage_hold ttl=1 dist=65 eta=1'
08/27 12:48:09 [Localization System] CLocalize::FindSafe failed to localize: 'AIB[D] intent=tick-owner family=other stage=desire/creep-work reason=ready score=39 band=lanework'
08/27 12:48:09 [Localization System] CLocalize::FindSafe failed to localize: 'AIB[R] intent=tick-owner family=other stage=laning-core'
08/27 12:48:09 [Localization System] CLocalize::FindSafe failed to localize: 'AIB[R] intent=rune-ground-truth family=rune id=0 status=1 t=240'
08/27 12:48:09 [Localization System] CLocalize::FindSafe failed to localize: 'AIB[R] intent=rune-ground-truth family=rune id=1 status=1 t=240'
08/27 12:48:09 [Localization System] CLocalize::FindSafe failed to localize: 'AIB[R] intent=recovery-rune-bottle family=rune dist=4 hp=91 mana=67 reason=start'
08/27 12:48:09 [Localization System] CLocalize::FindSafe failed to localize: 'AIB[D] intent=rune-ground-truth family=rune id=0 status=1 t=240'
08/27 12:48:10 [Localization System] CLocalize::FindSafe failed to localize: 'AIB[R] intent=recovery-plan family=recover action=rune reason=pickup source=recovery-rune-bottle dist=24'
08/27 12:48:10 [Localization System] CLocalize::FindSafe failed to localize: 'AIB[R] intent=state-rune-commit family=rune source=recovery-rune-bottle phase=pickup ttl=30 dist=24'
08/27 12:48:10 [Localization System] CLocalize::FindSafe failed to localize: 'AIB[R] intent=rune-transaction family=rune source=recovery-rune-bottle phase=pickup ttl=30 dist=24'
08/27 12:48:10 [Localization System] CLocalize::FindSafe failed to localize: 'AIB[R] intent=rune-result family=rune source=recovery-rune-bottle result=pickup_attempt dist=24 age=0'
08/27 12:48:10 [Localization System] CLocalize::FindSafe failed to localize: 'AIB[R] intent=rune-ground-truth family=rune id=0 status=2 t=240'
08/27 12:48:10 [Localization System] CLocalize::FindSafe failed to localize: 'AIB[R] intent=lane-line-episode family=other dist=1881 fwd=0.50'
08/27 12:48:10 [Localization System] CLocalize::FindSafe failed to localize: 'AIB[D] intent=top-arbiter family=state winner=wave-watch:10 losers=hero-over-creep:52,idle-heal:46,emergency-retreat:45,fwd-pullback:44,emergency-kill:43.5'
08/27 12:48:10 [Localization System] CLocalize::FindSafe failed to localize: 'AIB[R] intent=top-arbiter family=state winner=lane-line:18 losers=hero-over-creep:52,idle-heal:46,emergency-retreat:45,fwd-pullback:44,emergency-kill:43.5'
08/27 12:48:10 [Localization System] CLocalize::FindSafe failed to localize: 'AIB[D] intent=state-desire-last-hit family=farm dist=495 reason=killable_creep score=140'
08/27 12:48:10 [Localization System] CLocalize::FindSafe failed to localize: 'AIB[D] blocked=buy-tp reason=recent_tp since=31'
08/27 12:48:10 [Localization System] CLocalize::FindSafe failed to localize: 'AIB[R] t=241s hp=91% gold=7 loc=-1519,923 lh=17 dn=5 dg=-142 dlh=+0 bottle=2 lvl=4 front=8797 ehp=-1'
08/27 12:48:11 [Localization System] CLocalize::FindSafe failed to localize: 'AIB[D] intent=tick-owner family=other stage=laning-core'
08/27 12:48:11 [Localization System] CLocalize::ConstructString failed to localize: '#DOTA_Tooltip_Ability_nevermore_shadowraze3_SummaryDescription'
08/27 12:48:11 [Localization System] CLocalize::FindSafe failed to localize: 'AIB[R] intent=tick-owner family=other stage=laning-core'
08/27 12:48:11 [Localization System] CLocalize::FindSafe failed to localize: 'AIB[D] intent=damage-by-source family=other creep=318 tower=0 hero=1417 mixed=421 death=0 other=72 stale=190 gaps=2'
08/27 12:48:11 [Localization System] CLocalize::FindSafe failed to localize: 'AIB[D] intent=cs-watchdog family=farm lh=11 idle=19 creep_hp=64 dist=495'
08/27 12:48:11 [Localization System] CLocalize::FindSafe failed to localize: 'AIB[D] intent=top-arbiter family=state winner=creep-work:38.6 losers=hero-over-creep:52,idle-heal:46,emergency-retreat:45,fwd-pullback:44,emergency-kill:43.5'
08/27 12:48:11 [Localization System] CLocalize::FindSafe failed to localize: 'AIB[D] blocked=buy-loop reason=saving target=item_bottle head=item_bottle cost=675 gold=597 left=1'
08/27 12:48:11 [Localization System] CLocalize::FindSafe failed to localize: 'AIB[R] intent=top-arbiter family=state winner=lane-line:18 losers=hero-over-creep:52,idle-heal:46,emergency-retreat:45,fwd-pullback:44,emergency-kill:43.5'
08/27 12:48:12 [Localization System] CLocalize::FindSafe failed to localize: 'AIB[D] blocked=visual-hold reason=creep_in_range held=2.4 hp=97 repeat=1 hard=false'
08/27 12:48:12 [Localization System] CLocalize::FindSafe failed to localize: 'AIB[D] blocked=hero-prio-chase reason=lane_work dist=1400 cs=false creep=true hp_adv=false kill_pressure=false close=false low_farm=false lane_override=false'
08/27 12:48:13 [Localization System] CLocalize::FindSafe failed to localize: 'AIB[D] t=243s hp=97% gold=599 loc=67,132 enemy-dist=1238 lh=11 dn=1 dg=+7 dlh=+0 bottle=-1 lvl=4 front=9801 ehp=92'
08/27 12:48:13 [Localization System] CLocalize::FindSafe failed to localize: 'AIB[D] intent=tick-owner family=other stage=laning-core'
08/27 12:48:13 [Localization System] CLocalize::FindSafe failed to localize: 'AIB[D] blocked=uphill-repo reason=not_trading'
08/27 12:48:13 [Localization System] CLocalize::FindSafe failed to localize: 'AIB[D] intent=top-arbiter family=state winner=creep-work:38.6 losers=hero-over-creep:52,idle-heal:46,emergency-retreat:45,fwd-pullback:44,emergency-kill:43.5'
08/27 12:48:13 [Localization System] CLocalize::FindSafe failed to localize: 'AIB[R] intent=top-arbiter family=state winner=creep-work:38.8 losers=hero-over-creep:52,idle-heal:46,emergency-retreat:45,fwd-pullback:44,emergency-kill:43.5'
08/27 12:48:13 [Localization System] CLocalize::FindSafe failed to localize: 'AIB[R] intent=tick-owner family=other stage=laning-core'
08/27 12:48:13 [Localization System] CLocalize::FindSafe failed to localize: 'AIB[D] intent=state-desire-last-hit family=farm dist=475 reason=killable_creep score=140'
08/27 12:48:14 [Localization System] CLocalize::FindSafe failed to localize: 'AIB[R] intent=damage-by-source family=other creep=229 tower=67 hero=1161 mixed=113 death=0 other=129 stale=116 gaps=1'
08/27 12:48:14 [Localization System] CLocalize::FindSafe failed to localize: 'AIB[R] intent=state-desire-fight family=state base=78 dist=855 hp=93 ehp=98 reason=enemy_seen score=78'
08/27 12:48:14 [Localization System] CLocalize::FindSafe failed to localize: 'AIB[R] blocked=top-arbiter reason=empty_action winner=fight score=78'
08/27 12:48:14 [Localization System] CLocalize::FindSafe failed to localize: 'AIB[R] intent=melee-pack-space family=safety count=2 dist=501'
08/27 12:48:14 [Localization System] CLocalize::FindSafe failed to localize: 'AIB[D] intent=rune-ground-truth family=rune id=0 status=2 t=245'
08/27 12:48:14 [Localization System] CLocalize::FindSafe failed to localize: 'AIB[D] blocked=fight-candidate reason=no_action_capped hp=98 score=40'
08/27 12:48:15 [Localization System] CLocalize::FindSafe failed to localize: 'AIB[D] blocked=recovery-buy reason=flask_in_inventory hp=99'
08/27 12:48:15 [Localization System] CLocalize::FindSafe failed to localize: 'AIB[D] intent=top-arbiter family=state winner=harass:40 losers=hero-over-creep:52,idle-heal:46,emergency-retreat:45,fwd-pullback:44,emergency-kill:43.5'
08/27 12:48:15 [Server] Client (account 0) tried to execute invalid order (101). Ability can't be cast with a position
08/27 12:48:15 [Localization System] CLocalize::FindSafe failed to localize: 'AIB[R] intent=top-arbiter family=state winner=fight:78 losers=hero-over-creep:52,idle-heal:46,emergency-retreat:45,fwd-pullback:44,emergency-kill:43.5'
08/27 12:48:15 [Localization System] CLocalize::FindSafe failed to localize: 'AIB[D] intent=tick-owner family=other stage=laning-core'
08/27 12:48:15 [Localization System] CLocalize::FindSafe failed to localize: 'AIB[R] intent=tick-owner family=other stage=laning-core'
08/27 12:48:15 [Localization System] CLocalize::FindSafe failed to localize: 'AIB[D] intent=state-desire-fight family=state base=78 range=18 hp_adv=8 dist=602 hp=99 ehp=75 reason=enemy_seen score=104'
08/27 12:48:15 [Localization System] CLocalize::FindSafe failed to localize: 'AIB[D] intent=hero-contact family=fight dist=602 hp=99 reason=attackable_enemy'
08/27 12:48:15 [Server] Client (account 0) tried to execute invalid order (101). Ability can't be cast with a position
08/27 12:48:16 [Localization System] CLocalize::FindSafe failed to localize: 'AIB[R] t=246s hp=75% gold=15 loc=-800,-94 enemy-dist=592 lh=17 dn=5 dg=+8 dlh=+0 bottle=2 lvl=4 front=8426 ehp=99'
08/27 12:48:16 [Localization System] CLocalize::FindSafe failed to localize: 'AIB[D] intent=hero-pass family=fight dist=572 hp=99 reason=nearby_enemy'
08/27 12:48:16 [Server] Client (account 0) tried to execute invalid order (101). Ability can't be cast with a position
08/27 12:48:16 [Localization System] CLocalize::FindSafe failed to localize: 'AIB[D] blocked=top-arbiter reason=empty_action winner=fight score=122'
08/27 12:48:16 [Localization System] CLocalize::FindSafe failed to localize: 'AIB[R] intent=recovery-plan family=recover action=bottle reason=charges hp=76 mana=69 charges=2'
08/27 12:48:16 [Localization System] CLocalize::FindSafe failed to localize: 'AIB[D] intent=top-arbiter family=state winner=fight:104 losers=hero-over-creep:52,idle-heal:46,emergency-retreat:45,fwd-pullback:44,emergency-kill:43.5'
08/27 12:48:16 [Localization System] CLocalize::FindSafe failed to localize: 'AIB[R] intent=top-arbiter family=state winner=creep-work:38.8 losers=hero-over-creep:52,idle-heal:46,emergency-retreat:45,fwd-pullback:44,emergency-kill:43.5'
08/27 12:48:17 [Localization System] CLocalize::FindSafe failed to localize: 'AIB[R] intent=state-desire-fight family=state base=78 range=18 dist=507 hp=81 ehp=100 hyst=18 reason=enemy_seen score=114'
08/27 12:48:17 [Localization System] CLocalize::FindSafe failed to localize: 'AIB[R] intent=hero-contact family=fight dist=507 hp=81 reason=attackable_enemy'
08/27 12:48:17 [Localization System] CLocalize::FindSafe failed to localize: 'AIB[R] intent=hero-pass family=fight dist=473 hp=81 reason=nearby_enemy'
08/27 12:48:17 [Localization System] CLocalize::FindSafe failed to localize: 'AIB[D] intent=tick-owner family=other stage=laning-core'
08/27 12:48:17 [Server] Client (account 0) tried to execute invalid order (101). Ability can't be cast with a position
08/27 12:48:17 [Server] Client (account 0) tried to execute invalid order (101). Ability can't be cast with a position
08/27 12:48:17 [Server] Client (account 0) tried to execute invalid order (101). Ability can't be cast with a position
08/27 12:48:17 [Localization System] CLocalize::FindSafe failed to localize: 'AIB[D] intent=state-desire-fight family=state base=78 range=18 hp_adv=8 dist=444 hp=100 ehp=72 hyst=18 reason=enemy_seen score=122'
08/27 12:48:17 [Localization System] CLocalize::FindSafe failed to localize: 'invalid index'
08/27 12:48:17 [Localization System] CLocalize::FindSafe failed to localize: 'AIB[R] intent=tick-owner family=other stage=laning-core'
08/27 12:48:17 [Localization System] CLocalize::FindSafe failed to localize: 'AIB[D] blocked=top-arbiter reason=empty_action winner=fight score=122'
08/27 12:48:17 [Localization System] CLocalize::FindSafe failed to localize: 'AIB[R] blocked=top-arbiter reason=empty_action winner=fight score=114'
08/27 12:48:17 [Server] Client (account 0) tried to execute invalid order (101). Ability can't be cast with a position
08/27 12:48:18 [Localization System] CLocalize::FindSafe failed to localize: 'AIB[R] intent=state-desire-last-hit family=farm dist=530 reason=killable_creep score=140'
08/27 12:48:18 [Server] Client (account 0) tried to execute invalid order (101). Ability can't be cast with a position
08/27 12:48:18 [Localization System] CLocalize::FindSafe failed to localize: 'AIB[D] t=248s hp=80% gold=643 loc=-356,-69 enemy-dist=395 lh=12 dn=1 dg=+44 dlh=+1 bottle=-1 lvl=4 front=10088 ehp=72'
08/27 12:48:18 [Localization System] CLocalize::FindSafe failed to localize: 'AIB[D] intent=top-arbiter family=state winner=fight:114 losers=hero-over-creep:52,idle-heal:46,emergency-retreat:45,fwd-pullback:44,emergency-kill:43.5'
08/27 12:48:18 [Localization System] CLocalize::FindSafe failed to localize: 'AIB[R] intent=top-arbiter family=state winner=last-hit:158 losers=fight:96,hero-over-creep:52,idle-heal:46,emergency-retreat:45,fwd-pullback:44'
08/27 12:48:18 [Server] Client (account 0) tried to execute invalid order (101). Ability can't be cast with a position
08/27 12:48:18 Script function 'Think' on bot npc_dota_hero_nevermore took 2.298ms
08/27 12:48:18 [Server] Client (account 0) tried to execute invalid order (101). Ability can't be cast with a position
08/27 12:48:18 [Localization System] CLocalize::FindSafe failed to localize: 'AIB[R] intent=state-desire-fight family=state base=78 range=18 dist=395 hp=63 ehp=80 reason=enemy_seen score=96'
08/27 12:48:18 [Server] Client (account 0) tried to execute invalid order (101). Ability can't be cast with a position
08/27 12:48:18 [Server] Client (account 0) tried to execute invalid order (101). Ability can't be cast with a position
08/27 12:48:18 [Localization System] CLocalize::FindSafe failed to localize: 'AIB[D] blocked=buy-tp reason=recent_tp since=39'
08/27 12:48:19 [Server] Client (account 0) tried to execute invalid order (101). Ability can't be cast with a position
08/27 12:48:19 [Server] Game code (account 0) tried to execute invalid order (19). Target NPC is dead.
08/27 12:48:19 [Server] Client (account 0) tried to execute invalid order (101). Ability can't be cast with a position
08/27 12:48:19 [Localization System] CLocalize::FindSafe failed to localize: 'AIB[D] intent=state-desire-fight family=state base=78 range=18 dist=395 hp=48 ehp=64 hyst=18 reason=enemy_seen score=114'
08/27 12:48:19 [Server] Client (account 0) tried to execute invalid order (101). Ability can't be cast with a position
08/27 12:48:19 [Server] Client (account 0) tried to execute invalid order (101). Ability can't be cast with a position
08/27 12:48:19 [Localization System] CLocalize::FindSafe failed to localize: 'AIB[D] intent=tick-owner family=other stage=laning-core'
08/27 12:48:19 [Server] Client (account 0) tried to execute invalid order (101). Ability can't be cast with a position
08/27 12:48:19 [Server] Client (account 0) tried to execute invalid order (101). Ability can't be cast with a position
08/27 12:48:19 [Localization System] CLocalize::FindSafe failed to localize: 'AIB[D] intent=top-arbiter family=state winner=fight:114 losers=recover:74,safe-cs:56,hero-over-creep:52,idle-heal:46,emergency-retreat:45'
08/27 12:48:19 [Server] Client (account 0) tried to execute invalid order (101). Ability can't be cast with a position
08/27 12:48:19 [Localization System] CLocalize::FindSafe failed to localize: 'AIB[R] intent=tick-owner family=other stage=laning-core'
08/27 12:48:19 [Localization System] CLocalize::FindSafe failed to localize: 'AIB[D] blocked=buy-loop reason=saving target=item_bottle head=item_bottle cost=675 gold=645 left=1'
08/27 12:48:19 [Localization System] CLocalize::FindSafe failed to localize: 'AIB[R] intent=top-arbiter family=state winner=fight:134 losers=hero-over-creep:52,idle-heal:46,emergency-retreat:45,fwd-pullback:44,emergency-kill:43.5'
08/27 12:48:20 [Server] Client (account 0) tried to execute invalid order (101). Ability can't be cast with a position
08/27 12:48:20 [Localization System] CLocalize::FindSafe failed to localize: 'AIB[R] intent=state-desire-fight family=state base=78 range=18 execute=20 dist=460 hp=55 ehp=47 hyst=18 reason=enemy_seen score=134'
08/27 12:48:21 [Server] Client (account 0) tried to execute invalid order (20). Unit is dead.
08/27 12:48:21 [Server] Game code (account 0) tried to execute invalid order (19). Target NPC is dead.
08/27 12:48:21 Sending CMsgConnectedPlayers for reason FIRST_BLOOD.  Last send was 251.4s ago, urgency is 0.0s
08/27 12:48:21 game_state: DOTA_GAMERULES_STATE_GAME_IN_PROGRESS
first_blood_happened: true
send_reason: FIRST_BLOOD
radiant_kills: 1
dire_kills: 0
radiant_lead: 720
building_state: 4784201

08/27 12:48:21 [Localization System] CLocalize::FindSafe failed to localize: 'invalid index'
08/27 12:48:21 [GCClient] Send msg 7034 (k_EMsgGCConnectedPlayers), 26 bytes
08/27 12:48:21 [Localization System] CLocalize::FindSafe failed to localize: 'AIB[R] t=252s hp=56% gold=420 loc=-749,-101 lh=18 dn=5 dg=+405 dlh=+1 bottle=2 lvl=5 front=8479 ehp=-1'
08/27 12:48:21 [GCClient] Recv msg 26 (k_ESOMsg_UpdateMultiple), 337 bytes
08/27 12:48:21 --- CSODOTALobby.first_blood_happened: false
08/27 12:48:21 +++ CSODOTALobby.first_blood_happened: true
08/27 12:48:21 [Localization System] CLocalize::FindSafe failed to localize: 'wp'
08/27 12:48:21 [Localization System] CLocalize::FindSafe failed to localize: '?'
08/27 12:48:22 [Localization System] CLocalize::FindSafe failed to localize: 'AIB[R] intent=rune-ground-truth family=rune id=1 status=2 t=253'
08/27 12:48:22 [Localization System] CLocalize::FindSafe failed to localize: 'AIB[R] intent=top-arbiter family=state winner=idle-heal:46 losers=hero-over-creep:52,emergency-retreat:45,fwd-pullback:44,emergency-kill:43.5,uphill:43'
08/27 12:48:22 [Localization System] CLocalize::FindSafe failed to localize: 'AIB[R] intent=tick-owner family=other stage=desire/idle-heal reason=ready score=46 band=lanework'
08/27 12:48:22 [Localization System] CLocalize::FindSafe failed to localize: 'AIB[R] blocked=harass reason=own_heal_running'
08/27 12:48:23 [Localization System] CLocalize::FindSafe failed to localize: 'AIB[R] intent=rune-ground-truth family=rune id=1 status=1 t=254'
08/27 12:48:23 [Localization System] CLocalize::FindSafe failed to localize: 'AIB[R] intent=rune-ground-truth family=rune id=1 status=2 t=254'
08/27 12:48:23 [Localization System] CLocalize::FindSafe failed to localize: 'AIB[R] intent=rune-ground-truth family=rune id=1 status=1 t=254'
08/27 12:48:24 [Localization System] CLocalize::FindSafe failed to localize: 'AIB[R] intent=rune-ground-truth family=rune id=1 status=2 t=255'
08/27 12:48:25 [Localization System] CLocalize::FindSafe failed to localize: 'AIB[R] intent=tick-owner family=other stage=dive'
08/27 12:48:26 [Localization System] CLocalize::FindSafe failed to localize: 'AIB[R] t=257s hp=78% gold=427 loc=6,-44 lh=18 dn=5 dg=+7 dlh=+0 bottle=0 lvl=5 front=7704 ehp=-1'
08/27 12:48:27 [Localization System] CLocalize::FindSafe failed to localize: 'AIB[R] intent=tick-owner family=other stage=death-window'
08/27 12:48:27 [Localization System] CLocalize::FindSafe failed to localize: 'AIB[D] blocked=buy-loop reason=saving target=item_bottle head=item_bottle cost=675 gold=634 left=1'
08/27 12:48:29 [Localization System] CLocalize::FindSafe failed to localize: 'AIB[R] intent=state-desire-safety family=state base=108 creep_dmg=8 hp=76 creep=true hero=false reason=recent_damage score=116'
08/27 12:48:29 [Localization System] CLocalize::FindSafe failed to localize: 'AIB[R] blocked=creep-hit-react reason=inside_melee_pack count=3 dist=132 hp=76'
08/27 12:48:29 [Localization System] CLocalize::FindSafe failed to localize: 'AIB[R] intent=creep-hit-react family=safety dist=132 hp=76 hits=1 reason=edge_attack'
08/27 12:48:29 [Localization System] CLocalize::FindSafe failed to localize: 'AIB[R] intent=top-arbiter family=state winner=safety:116 losers=hero-over-creep:52,idle-heal:46,emergency-retreat:45,fwd-pullback:44,emergency-kill:43.5'
08/27 12:48:29 [Localization System] CLocalize::FindSafe failed to localize: 'AIB[R] blocked=top-arbiter reason=empty_action winner=safety score=134'
08/27 12:48:29 [Localization System] CLocalize::FindSafe failed to localize: 'AIB[R] blocked=bottle-rune reason=enemy_dead_push hp=73'
08/27 12:48:29 [Localization System] CLocalize::FindSafe failed to localize: 'AIB[R] intent=rune-result family=rune source=bottle-rune result=abort reason=enemy_dead_push'
08/27 12:48:29 [Localization System] CLocalize::FindSafe failed to localize: 'AIB[R] blocked=recovery-rune-bottle reason=cooldown left=6'
08/27 12:48:29 [Localization System] CLocalize::FindSafe failed to localize: 'AIB[R] intent=melee-pack-space family=safety count=3 dist=292'
08/27 12:48:29 [Localization System] CLocalize::FindSafe failed to localize: 'AIB[R] intent=damage-by-source family=other creep=321 tower=67 hero=1509 mixed=113 death=0 other=129 stale=116 gaps=1'
08/27 12:48:29 [Localization System] CLocalize::FindSafe failed to localize: 'AIB[R] blocked=safety-candidate reason=no_action_capped hp=73 score=44'
08/27 12:48:29 [Localization System] CLocalize::FindSafe failed to localize: 'AIB[R] blocked=bottle-rune reason=cooldown left=6'
08/27 12:48:29 [Localization System] CLocalize::FindSafe failed to localize: 'AIB[R] intent=tick-owner family=other stage=desire/wave-watch reason=ready score=10 band=idle'
08/27 12:48:30 [Localization System] CLocalize::ConstructString failed to localize: '#DOTA_Tooltip_Ability_nevermore_shadowraze3_SummaryDescription'
08/27 12:48:30 [Localization System] CLocalize::FindSafe failed to localize: 'AIB[R] intent=top-arbiter family=state winner=wave-watch:10 losers=hero-over-creep:52,idle-heal:46,emergency-retreat:45,fwd-pullback:44,emergency-kill:43.5'
08/27 12:48:31 [Localization System] CLocalize::FindSafe failed to localize: 'AIB[R] intent=state-desire-safety family=state base=108 creep_dmg=8 hp=71 creep=true hero=false hyst=18 reason=recent_damage score=134'
08/27 12:48:31 [Localization System] CLocalize::FindSafe failed to localize: 'AIB[R] intent=creep-hit-react family=safety dist=174 hp=71 hits=3 reason=edge_attack'
08/27 12:48:31 [Localization System] CLocalize::FindSafe failed to localize: 'AIB[R] intent=melee-pack-space family=safety count=3 dist=190'
08/27 12:48:31 [Localization System] CLocalize::FindSafe failed to localize: 'AIB[R] t=262s hp=70% gold=435 loc=-230,-282 lh=18 dn=5 dg=+8 dlh=+0 bottle=0 lvl=5 front=8987 ehp=-1'
08/27 12:48:31 [Localization System] CLocalize::FindSafe failed to localize: 'AIB[R] intent=rune-ground-truth family=rune id=1 status=1 t=262'
08/27 12:48:31 [Localization System] CLocalize::FindSafe failed to localize: 'AIB[R] intent=tick-owner family=other stage=desire/safety base=108 creep_dmg=8 hp=71 creep=true hero=false hyst=18 reason=recent_damage score=134'
08/27 12:48:32 [Localization System] CLocalize::FindSafe failed to localize: 'AIB[R] intent=top-arbiter family=state winner=creep-work:38.8 losers=hero-over-creep:52,idle-heal:46,emergency-retreat:45,fwd-pullback:44,emergency-kill:43.5'
08/27 12:48:32 [Localization System] CLocalize::FindSafe failed to localize: 'AIB[R] intent=state-desire-last-hit family=farm dist=392 reason=killable_creep score=140'
08/27 12:48:33 [Localization System] CLocalize::FindSafe failed to localize: 'AIB[R] blocked=bottle-rune reason=cooldown left=2'
08/27 12:48:33 [Localization System] CLocalize::FindSafe failed to localize: 'AIB[R] blocked=recovery-rune-bottle reason=cooldown left=2'
08/27 12:48:33 [Localization System] CLocalize::FindSafe failed to localize: 'AIB[R] blocked=buy-loop reason=saving target=item_power_treads head=item_boots cost=500 gold=438 left=3'
08/27 12:48:34 [Localization System] CLocalize::FindSafe failed to localize: 'AIB[R] intent=top-arbiter family=state winner=last-hit:158 losers=hero-over-creep:52,cs-inrange:50,idle-heal:46,emergency-retreat:45,fwd-pullback:44'
08/27 12:48:34 [Localization System] CLocalize::FindSafe failed to localize: 'AIB[R] intent=state-desire-last-hit family=farm dist=392 hyst=18 reason=killable_creep score=158'
08/27 12:48:34 [Localization System] CLocalize::FindSafe failed to localize: 'AIB[R] intent=tick-owner family=other stage=desire/last-hit dist=392 hyst=18 reason=killable_creep score=158'
08/27 12:48:35 [Localization System] CLocalize::FindSafe failed to localize: 'AIB[R] blocked=bottle-rune reason=enemy_dead_push hp=72'
08/27 12:48:35 [Localization System] CLocalize::FindSafe failed to localize: 'AIB[R] intent=rune-result family=rune source=bottle-rune result=abort reason=enemy_dead_push'
08/27 12:48:35 [Localization System] CLocalize::FindSafe failed to localize: 'AIB[R] intent=top-arbiter family=state winner=creep-work:38.8 losers=hero-over-creep:52,idle-heal:46,emergency-retreat:45,fwd-pullback:44,emergency-kill:43.5'
08/27 12:48:35 [Localization System] CLocalize::FindSafe failed to localize: 'AIB[D] blocked=buy-loop reason=saving target=item_bottle head=item_bottle cost=675 gold=646 left=1'
08/27 12:48:36 [Localization System] CLocalize::FindSafe failed to localize: 'AIB[R] intent=state-desire-last-hit family=farm dist=416 hyst=18 reason=killable_creep score=158'
08/27 12:48:36 [Localization System] CLocalize::FindSafe failed to localize: 'AIB[R] t=267s hp=73% gold=482 loc=-335,-375 lh=19 dn=5 dg=+47 dlh=+1 bottle=0 lvl=5 front=9019 ehp=-1'
08/27 12:48:37 [Localization System] CLocalize::FindSafe failed to localize: 'AIB[R] intent=top-arbiter family=state winner=creep-work:38.8 losers=hero-over-creep:52,idle-heal:46,emergency-retreat:45,fwd-pullback:44,emergency-kill:43.5'
08/27 12:48:37 [Localization System] CLocalize::FindSafe failed to localize: 'AIB[R] blocked=bottle-rune reason=cooldown left=4'
08/27 12:48:37 [Localization System] CLocalize::FindSafe failed to localize: 'AIB[R] blocked=recovery-rune-bottle reason=cooldown left=4'
08/27 12:48:37 [Localization System] CLocalize::FindSafe failed to localize: 'AIB[R] intent=tick-owner family=other stage=desire/creep-work reason=ready score=39 band=lanework'
08/27 12:48:38 [Localization System] CLocalize::FindSafe failed to localize: 'AIB[R] intent=rune-ground-truth family=rune id=1 status=2 t=268'
08/27 12:48:38 [Localization System] CLocalize::FindSafe failed to localize: 'AIB[R] intent=top-arbiter family=state winner=creep-work:38.8 losers=hero-over-creep:52,idle-heal:46,emergency-retreat:45,fwd-pullback:44,emergency-kill:43.5'
08/27 12:48:39 [Localization System] CLocalize::FindSafe failed to localize: 'AIB[R] intent=tick-owner family=other stage=desire/creep-work reason=ready score=39 band=lanework'
08/27 12:48:40 [Localization System] CLocalize::FindSafe failed to localize: 'AIB[R] intent=state-desire-last-hit family=farm dist=136 reason=killable_creep score=140'
08/27 12:48:40 [Localization System] CLocalize::FindSafe failed to localize: 'AIB[R] intent=top-arbiter family=state winner=last-hit:140 losers=hero-over-creep:52,cs-inrange:50,idle-heal:46,emergency-retreat:45,fwd-pullback:44'
08/27 12:48:41 [Localization System] CLocalize::FindSafe failed to localize: 'AIB[R] t=272s hp=75% gold=108 loc=-106,-164 lh=21 dn=5 dg=-374 dlh=+2 bottle=0 lvl=5 front=9123 ehp=-1'
08/27 12:48:41 [Localization System] CLocalize::FindSafe failed to localize: 'AIB[R] blocked=bottle-rune reason=enemy_dead_push hp=75'
08/27 12:48:41 [Localization System] CLocalize::FindSafe failed to localize: 'AIB[R] intent=rune-result family=rune source=bottle-rune result=abort reason=enemy_dead_push'
08/27 12:48:41 [Localization System] CLocalize::FindSafe failed to localize: 'AIB[R] intent=state-desire-siege family=siege base=66 push=12 enemy_dead=22 hp=75 reason=tower_window score=100'
08/27 12:48:41 [Localization System] CLocalize::FindSafe failed to localize: 'AIB[R] intent=state-siege-window family=siege ttl=2 wave=1 tower=1031 hp=75 adv=true'
08/27 12:48:41 [Localization System] CLocalize::FindSafe failed to localize: 'AIB[R] ability-harass=139 anti-afk-no-chase=1 anti-idle-enter=13 anti-idle-lane=8 anti-idle-lowhp-back=1 bottle-heal=4 channel-interrupt-atk=7 channel-interrupt-chase=7 creep-aggro-back=3 creep-aggro-hit=8 creep-dmg=5 creep-hit-react-aggro-step=1 creep-hit-react-atk=11 creep-hit-react-step=7 cs-wait-release=56 cs-wait=21 cs-walk-gap-large=25 cs-walk-gap-small=30 cs-walk-inrange=15 cs-walk-into-pack=4 cs-walk=70 cs-watchdog-step=3 deny-act-atk=39 deny-act-walk=12 deny-act=51 deny-cand-doomed=20 deny-cand-tanky=178 dw-active=3 dw-farm=24 dw-fwd=1 empty-bottle-ok=4 fight-hp-behind=2 fwd-at-position=3 fwd-hold=1 fwd-lowhp-pull=1 fwd-position=2 fwd-suppressed-creep=21 fwd-suppressed-cs=1 fwd-suppressed-damage=1 fwd-suppressed-empty=5 fwd-suppressed-hero=3 fwd-suppressed-lowhp=1 fwd-suppressed-motor=9 fwd-suppressed-recovery=1 fwd-suppressed-rune=1 fwd-suppressed-tower=5 fwd-suppressed-visual=4 fwd-suppressed-watchdog=1 harass-atk=1 heal-item=2 heal-no-dive=1 heal-want=1 hero-contact-atk=31 hero-contact-chase=9 hero-over-creep=6 hero-pass-atk=15 hero-pass-chase=5 idle=8 kill-lock-atk=1 kill-lock-chase=7 kill-priority=7 killwin-atk=35 killwin-scan=1027 lane-line-fallback=38 lane-line-suppressed-creep-dmg=2 lane-line-suppressed-creep=7 lane-line-suppressed-damage=1 lane-line-suppressed-empty=6 lane-line-suppressed-heal=13 lane-line-suppressed-lowhp=8 last-hit-urgent=98 low-hp-limit=3 melee-pack-release=15 melee-pack-space=15 no-dive=2 own-ranged-stepback=1 pre-aig=13 precreep-anchor=43 precreep-hold=3 precreep-park-hold=13 precreep-park=154 precreep-space=1 prewave-defend=1 prewave-free-hit=74 recover-xp=7 recovery-bottle-active=4 recovery-bottle=1 recovery-buy=3 recovery-enemy-near=226 recovery-flask=2 recovery-regen=5 recovery-rune-bottle=2 recovery-tango=2 regen-walk=2 siege-commit-tower=16 siege-creep=1 siege-step=2 siege-terminal-tower=37 tango-heal=1 tower-aggro-drop=3 tower-range-exit=2 uphill-reposition=3 uphill-void-under-fire=15 visual-hold-creep=30 visual-hold-hard-creep=1 visual-hold-lane=3 wave-watch=27'
08/27 12:48:41 [Localization System] CLocalize::FindSafe failed to localize: 'AIB[R] intent=top-arbiter family=state winner=siege:100 losers=hero-over-creep:52,idle-heal:46,emergency-retreat:45,fwd-pullback:44,emergency-kill:43.5'
08/27 12:48:41 [Localization System] CLocalize::FindSafe failed to localize: 'AIB[R] intent=tick-owner family=other stage=desire/siege base=66 push=12 enemy_dead=22 hp=75 reason=tower_window score=100'
08/27 12:48:41 [Localization System] CLocalize::FindSafe failed to localize: 'AIB[R] blocked=buy-loop reason=saving target=item_power_treads head=item_belt_of_strength cost=450 gold=108 left=2'
08/27 12:48:42 [Localization System] CLocalize::FindSafe failed to localize: 'AIB[R] intent=tower-opportunity family=siege result=step phase=commit wave=2 tower=1031'
08/27 12:48:42 [Server] PR:IncrementIdleTime 6:[I:0:0] 21.27
08/27 12:48:42 CGameParticleManager::SetParticleControlEnt: Unable to lookup attachment "attach_fx" on model "models/heroes/shadow_fiend/shadow_fiend.vmdl" for entity "npc_dota_hero_nevermore"
08/27 12:48:43 [Localization System] CLocalize::FindSafe failed to localize: 'AIB[R] intent=state-desire-siege family=siege base=66 push=12 enemy_dead=22 hp=76 hyst=18 reason=tower_window score=118'
08/27 12:48:43 [Localization System] CLocalize::FindSafe failed to localize: 'AIB[R] intent=top-arbiter family=state winner=siege:118 losers=hero-over-creep:52,idle-heal:46,emergency-retreat:45,fwd-pullback:44,emergency-kill:43.5'
08/27 12:48:43 [Localization System] CLocalize::FindSafe failed to localize: 'AIB[D] blocked=buy-loop reason=saving target=item_bottle head=item_bottle cost=675 gold=658 left=1'
08/27 12:48:43 [Localization System] CLocalize::FindSafe failed to localize: 'AIB[R] intent=state-siege-window family=siege ttl=2 wave=2 tower=662 hp=76 adv=true'
08/27 12:48:43 [Localization System] CLocalize::FindSafe failed to localize: 'AIB[R] intent=tick-owner family=other stage=desire/siege base=66 push=12 enemy_dead=22 hp=76 hyst=18 reason=tower_window score=118'
08/27 12:48:44 [Localization System] CLocalize::FindSafe failed to localize: 'AIB[R] intent=tower-opportunity family=siege result=hit phase=terminal wave=2 tower=662'
08/27 12:48:44 [Localization System] CLocalize::FindSafe failed to localize: 'AIB[R] intent=damage-by-source family=other creep=349 tower=67 hero=1509 mixed=113 death=0 other=129 stale=116 gaps=1'
08/27 12:48:45 [Localization System] CLocalize::FindSafe failed to localize: 'AIB[R] intent=state-desire-siege family=siege base=66 push=12 enemy_dead=22 hp=77 hyst=18 reason=tower_window score=118'
08/27 12:48:45 [Localization System] CLocalize::FindSafe failed to localize: 'AIB[R] intent=top-arbiter family=state winner=siege:118 losers=hero-over-creep:52,cs-inrange:50,idle-heal:46,emergency-retreat:45,fwd-pullback:44'
08/27 12:48:45 [Localization System] CLocalize::FindSafe failed to localize: 'AIB[D] t=276s hp=100% gold=661 loc=682,796 enemy-dist=875 lh=12 dn=1 dg=+18 dlh=+0 bottle=-1 lvl=4 front=9132 ehp=77'
08/27 12:48:45 [Localization System] CLocalize::FindSafe failed to localize: 'AIB[D] intent=damage-by-source family=other creep=318 tower=0 hero=1569 mixed=421 death=0 other=318 stale=190 gaps=2'
08/27 12:48:45 [Localization System] CLocalize::FindSafe failed to localize: 'AIB[D] ability-harass=143 anti-idle-enter=21 anti-idle-lane=12 anti-idle-lowhp-back=7 channel-interrupt-atk=14 channel-interrupt-chase=24 creep-aggro-hit=10 creep-dmg=3 creep-hit-react-atk=6 creep-hit-react-step=5 critical-recover-hold=1 cs-wait-release=17 cs-wait=10 cs-walk-gap-large=9 cs-walk-gap-small=9 cs-walk-inrange=13 cs-walk-into-pack=9 cs-walk=31 cs-watchdog-atk=1 cs-watchdog-step=5 cw-push-cs-step=3 cw-push=188 deny-act-atk=3 deny-act-walk=17 deny-act=20 deny-cand-doomed=7 deny-cand-tanky=44 fight-hp-behind=10 fountain-tp-hold=1 fountain-trip-release=2 fountain-wait=4 fwd-at-position=2 fwd-suppressed-creep=4 fwd-suppressed-cs=3 fwd-suppressed-empty=4 fwd-suppressed-lowhp=5 fwd-suppressed-motor=10 fwd-suppressed-tower=7 fwd-suppressed-visual=3 fwd-suppressed-watchdog=1 heal-inflight-back=1 heal-inflight-hold=1 heal-item=4 heal-want=3 hero-contact-atk=29 hero-contact-chase=6 hero-over-creep=11 hero-pass-atk=17 hero-pass-chase=4 hero-prio-always=1 hero-prio-chase-hold=6 hero-prio-chase=21 idle=8 kill-priority=1 killwin-scan=1056 lane-line-fallback=11 lane-line-suppressed-creep=2 lane-line-suppressed-empty=1 lane-line-suppressed-heal=7 lane-line-suppressed-lowhp=11 lane-line-suppressed-motor=2 last-hit-urgent=61 low-hp-behind-safe=1 low-hp-creep=5 low-hp-limit=8 melee-pack-release=9 melee-pack-space=10 pre-aig=21 precreep-anchor=36 precreep-hold=1 precreep-park-hold=12 precreep-park=184 prewave-duel-approach=41 prewave-duel-trade=54 prewave-duel-uphill-back=1 recover-safe=7 recover-xp=10 recovery-buy-critical=2 recovery-buy=3 recovery-enemy-near=163 recovery-flask=1 recovery-regen=8 recovery-tango=2 recovery-tp=1 recovery-yield=1 regen-walk=9 tango-heal=2 uphill-reposition=2 uphill-void-under-fire=5 visual-hold-creep=1 visual-hold-lane=4 wave-watch=12'
08/27 12:48:45 [Localization System] CLocalize::FindSafe failed to localize: 'AIB[D] blocked=fight reason=concede_post_death hp=100'
08/27 12:48:45 [Localization System] CLocalize::FindSafe failed to localize: 'AIB[D] blocked=fight-candidate reason=no_action_capped hp=100 score=40'
08/27 12:48:45 [Localization System] CLocalize::FindSafe failed to localize: 'AIB[D] blocked=recovery-buy reason=flask_in_inventory hp=100'
08/27 12:48:45 [Localization System] CLocalize::FindSafe failed to localize: 'AIB[D] intent=top-arbiter family=state winner=harass:40 losers=hero-over-creep:52,idle-heal:46,emergency-retreat:45,fwd-pullback:44,emergency-kill:43.5'
08/27 12:48:45 [Localization System] CLocalize::FindSafe failed to localize: 'AIB[D] intent=tick-owner family=other stage=desire/harass reason=ready score=40 band=lanework'
08/27 12:48:45 [Localization System] CLocalize::FindSafe failed to localize: 'AIB[D] blocked=buy-tp reason=recent_tp since=3'
08/27 12:48:46 [Localization System] CLocalize::FindSafe failed to localize: 'AIB[D] blocked=heal-item reason=fountain_trip_committed hp=100'
08/27 12:48:47 [Localization System] CLocalize::FindSafe failed to localize: 'AIB[D] intent=top-arbiter family=state winner=idle-heal:46 losers=hero-over-creep:52,emergency-retreat:45,fwd-pullback:44,emergency-kill:43.5,uphill:43'
08/27 12:48:47 [Localization System] CLocalize::FindSafe failed to localize: 'AIB[D] intent=tick-owner family=other stage=laning-core'
08/27 12:48:48 [Localization System] CLocalize::FindSafe failed to localize: 'AIB[R] t=278s hp=55% gold=118 loc=-308,-210 lh=21 dn=5 dg=+10 dlh=+0 bottle=0 lvl=5 front=9502 ehp=-1'
08/27 12:48:48 [Localization System] CLocalize::FindSafe failed to localize: 'AIB[R] intent=rune-ground-truth family=rune id=1 status=1 t=278'
08/27 12:48:48 [Localization System] CLocalize::FindSafe failed to localize: 'AIB[R] intent=recovery-plan family=recover action=rune reason=start source=bottle-rune dist=1795 hp=55 mana=78'
08/27 12:48:48 [Localization System] CLocalize::FindSafe failed to localize: 'AIB[R] intent=state-rune-commit family=rune source=bottle-rune phase=start ttl=30 dist=1795 hp=55 mana=78'
08/27 12:48:48 [Localization System] CLocalize::FindSafe failed to localize: 'AIB[R] intent=rune-transaction family=rune source=bottle-rune phase=start ttl=30 dist=1795 hp=55 mana=78'
08/27 12:48:48 [Localization System] CLocalize::FindSafe failed to localize: 'AIB[R] intent=bottle-rune family=rune dist=1795 hp=55 mana=78 reason=start'
08/27 12:48:48 [Localization System] CLocalize::FindSafe failed to localize: 'AIB[R] intent=top-arbiter family=state winner=idle-heal:46 losers=safe-cs:56,hero-over-creep:52,emergency-retreat:45,fwd-pullback:44,emergency-kill:43.5'
08/27 12:48:48 [Localization System] CLocalize::FindSafe failed to localize: 'AIB[R] intent=tick-owner family=other stage=desire/idle-heal reason=ready score=46 band=lanework'
08/27 12:48:48 [Localization System] CLocalize::FindSafe failed to localize: 'AIB[D] blocked=fountain-floor reason=recovered_en_route hp=100 mana=95 bottle=nil'
08/27 12:48:48 [Localization System] CLocalize::FindSafe failed to localize: 'AIB[D] intent=lane-line-episode family=other dist=1247 fwd=0.12'
08/27 12:48:48 [Localization System] CLocalize::FindSafe failed to localize: 'AIB[D] intent=top-arbiter family=state winner=lane-line:18 losers=hero-over-creep:52,idle-heal:46,emergency-retreat:45,fwd-pullback:44,emergency-kill:43.5'
08/27 12:48:49 [Localization System] CLocalize::FindSafe failed to localize: 'AIB[R] intent=top-arbiter family=state winner=idle-heal:46 losers=safe-cs:56,hero-over-creep:52,emergency-retreat:45,fwd-pullback:44,emergency-kill:43.5'
08/27 12:48:49 [Localization System] CLocalize::FindSafe failed to localize: 'AIB[D] intent=tick-owner family=other stage=laning-core'
08/27 12:48:49 [Localization System] CLocalize::FindSafe failed to localize: 'AIB[R] blocked=buy-loop reason=saving target=item_power_treads head=item_belt_of_strength cost=450 gold=120 left=2'
08/27 12:48:50 [Localization System] CLocalize::FindSafe failed to localize: 'AIB[R] intent=recovery-plan family=recover action=rune reason=commit source=bottle-rune dist=1230'
08/27 12:48:50 [Localization System] CLocalize::FindSafe failed to localize: 'AIB[R] intent=state-rune-commit family=rune source=bottle-rune phase=commit ttl=30 dist=1230'
08/27 12:48:50 [Localization System] CLocalize::FindSafe failed to localize: 'AIB[R] intent=rune-transaction family=rune source=bottle-rune phase=commit ttl=30 dist=1230'
08/27 12:48:50 [Localization System] CLocalize::FindSafe failed to localize: 'AIB[R] intent=bottle-rune family=rune dist=1230 age=2 reason=commit'
08/27 12:48:50 [Localization System] CLocalize::FindSafe failed to localize: 'AIB[R] intent=tick-owner family=other stage=desire/idle-heal reason=ready score=46 band=lanework'
08/27 12:48:50 [Localization System] CLocalize::FindSafe failed to localize: 'AIB[D] intent=top-arbiter family=state winner=creep-work:38.6 losers=hero-over-creep:52,idle-heal:46,emergency-retreat:45,fwd-pullback:44,emergency-kill:43.5'
08/27 12:48:50 [Localization System] CLocalize::FindSafe failed to localize: 'AIB[D] intent=state-desire-last-hit family=farm dist=565 reason=killable_creep score=140'
08/27 12:48:50 [Localization System] CLocalize::FindSafe failed to localize: 'AIB[D] t=281s hp=100% gold=669 loc=862,786 lh=12 dn=1 dg=+8 dlh=+0 bottle=-1 lvl=4 front=8620 ehp=-1'
08/27 12:48:51 [Localization System] CLocalize::FindSafe failed to localize: 'AIB[D] intent=state-desire-safety family=state base=108 creep_dmg=8 hp=99 creep=true hero=false reason=recent_damage score=116'
08/27 12:48:51 [Localization System] CLocalize::FindSafe failed to localize: 'AIB[D] intent=creep-hit-react family=safety dist=374 hp=99 hits=1 reason=attack'
08/27 12:48:51 [Localization System] CLocalize::FindSafe failed to localize: 'AIB[D] blocked=safety-candidate reason=no_action_capped hp=99 score=44'
08/27 12:48:51 [Localization System] CLocalize::FindSafe failed to localize: 'AIB[R] intent=top-arbiter family=state winner=idle-heal:46 losers=safe-cs:56,hero-over-creep:52,emergency-retreat:45,fwd-pullback:44,emergency-kill:43.5'
08/27 12:48:51 [Localization System] CLocalize::FindSafe failed to localize: 'AIB[D] blocked=buy-loop reason=saving target=item_bottle head=item_bottle cost=675 gold=670 left=1'
08/27 12:48:51 [Localization System] CLocalize::FindSafe failed to localize: 'AIB[D] intent=top-arbiter family=state winner=safety:134 losers=hero-over-creep:52,idle-heal:46,emergency-retreat:45,fwd-pullback:44,emergency-kill:43.5'
08/27 12:48:51 [Localization System] CLocalize::FindSafe failed to localize: 'AIB[D] intent=tick-owner family=other stage=laning-core'
08/27 12:48:52 [Localization System] CLocalize::FindSafe failed to localize: 'AIB[R] intent=recovery-plan family=recover action=rune reason=commit source=bottle-rune dist=620'
08/27 12:48:52 [Localization System] CLocalize::FindSafe failed to localize: 'AIB[R] intent=state-rune-commit family=rune source=bottle-rune phase=commit ttl=30 dist=620'
08/27 12:48:52 [Localization System] CLocalize::FindSafe failed to localize: 'AIB[R] intent=rune-transaction family=rune source=bottle-rune phase=commit ttl=30 dist=620'
08/27 12:48:52 [Localization System] CLocalize::FindSafe failed to localize: 'AIB[R] intent=bottle-rune family=rune dist=620 age=4 reason=commit'
08/27 12:48:52 [Localization System] CLocalize::FindSafe failed to localize: 'AIB[R] intent=tick-owner family=other stage=desire/idle-heal reason=ready score=46 band=lanework'
08/27 12:48:52 [Localization System] CLocalize::FindSafe failed to localize: 'AIB[D] intent=state-desire-safety family=state base=108 creep_dmg=8 hp=99 creep=true hero=false hyst=18 reason=recent_damage score=134'
08/27 12:48:52 [Localization System] CLocalize::FindSafe failed to localize: 'AIB[D] intent=creep-hit-react family=safety dist=374 hp=99 hits=3 reason=attack'
08/27 12:48:52 [Localization System] CLocalize::FindSafe failed to localize: 'AIB[D] blocked=visual-hold reason=creep_damage held=2.2 hp=98 repeat=1 hard=false'
08/27 12:48:53 [Localization System] CLocalize::FindSafe failed to localize: 'AIB[R] intent=top-arbiter family=state winner=idle-heal:46 losers=safe-cs:56,hero-over-creep:52,emergency-retreat:45,fwd-pullback:44,emergency-kill:43.5'
08/27 12:48:53 [Localization System] CLocalize::FindSafe failed to localize: 'AIB[R] t=284s hp=50% gold=126 loc=940,-1083 lh=21 dn=5 dg=+8 dlh=+0 bottle=0 lvl=5 front=7078 ehp=-1'
08/27 12:48:53 [Localization System] CLocalize::FindSafe failed to localize: 'AIB[D] blocked=buy-tp reason=recent_tp since=11'
08/27 12:48:54 [Localization System] CLocalize::FindSafe failed to localize: 'AIB[R] intent=rune-ground-truth family=rune id=1 status=2 t=285'
08/27 12:48:54 [Localization System] CLocalize::FindSafe failed to localize: 'AIB[R] intent=tick-owner family=other stage=desire/idle-heal reason=ready score=46 band=lanework'
08/27 12:48:54 [Localization System] CLocalize::FindSafe failed to localize: 'AIB[R] intent=top-arbiter family=state winner=anti-idle:2 losers=safe-cs:56,hero-over-creep:52,idle-heal:46,emergency-retreat:45,fwd-pullback:44'
08/27 12:48:54 [Localization System] CLocalize::FindSafe failed to localize: 'AIB[R] intent=lane-line-episode family=other dist=1806 fwd=0.50'
08/27 12:48:54 [Localization System] CLocalize::FindSafe failed to localize: 'AIB[D] intent=lane-line-episode family=other dist=991 fwd=0.21'
08/27 12:48:54 [Localization System] CLocalize::FindSafe failed to localize: 'AIB[D] intent=top-arbiter family=state winner=lane-line:18 losers=hero-over-creep:52,idle-heal:46,emergency-retreat:45,fwd-pullback:44,emergency-kill:43.5'
08/27 12:48:54 [Localization System] CLocalize::FindSafe failed to localize: 'AIB[D] intent=tick-owner family=other stage=desire/lane-line reason=ready score=18 band=position'
08/27 12:48:55 [Localization System] CLocalize::FindSafe failed to localize: 'AIB[R] intent=recovery-plan family=recover action=bottle reason=charges hp=55 mana=100 charges=2'
08/27 12:48:55 [Localization System] CLocalize::FindSafe failed to localize: 'AIB[R] blocked=harass reason=own_heal_running'
08/27 12:48:55 [Localization System] CLocalize::FindSafe failed to localize: 'AIB[D] t=286s hp=100% gold=2 loc=692,557 lh=12 dn=1 dg=-667 dlh=+0 bottle=-1 lvl=4 front=9007 ehp=-1'
08/27 12:48:56 [Localization System] CLocalize::FindSafe failed to localize: 'AIB[R] intent=top-arbiter family=state winner=anti-idle:2 losers=hero-over-creep:52,idle-heal:46,emergency-retreat:45,fwd-pullback:44,emergency-kill:43.5'
08/27 12:48:56 [Localization System] CLocalize::FindSafe failed to localize: 'AIB[D] intent=top-arbiter family=state winner=lane-line:18 losers=hero-over-creep:52,idle-heal:46,emergency-retreat:45,fwd-pullback:44,emergency-kill:43.5'
08/27 12:48:56 [Localization System] CLocalize::FindSafe failed to localize: 'AIB[R] intent=tick-owner family=other stage=laning-core'
08/27 12:48:56 [SceneSystem] Too many non-culled draws (alloc 768, need 798), resizing!
08/27 12:48:56 [Localization System] CLocalize::FindSafe failed to localize: 'AIB[D] intent=tick-owner family=other stage=desire/lane-line reason=ready score=18 band=position'
08/27 12:48:57 [SceneSystem] Too many non-culled draws (alloc 896, need 910), resizing!
08/27 12:48:57 [Localization System] CLocalize::FindSafe failed to localize: 'AIB[D] intent=lane-line-episode family=other dist=1083 fwd=0.51'
08/27 12:48:57 [Localization System] CLocalize::FindSafe failed to localize: 'AIB[R] intent=top-arbiter family=state winner=idle-heal:46 losers=hero-over-creep:52,emergency-retreat:45,fwd-pullback:44,emergency-kill:43.5,uphill:43'
08/27 12:48:57 [Localization System] CLocalize::FindSafe failed to localize: 'AIB[R] blocked=buy-loop reason=saving target=item_power_treads head=item_belt_of_strength cost=450 gold=132 left=2'
08/27 12:48:57 [Localization System] CLocalize::FindSafe failed to localize: 'AIB[R] blocked=bottle-rune reason=enemy_dead_push hp=70'
08/27 12:48:57 [Localization System] CLocalize::FindSafe failed to localize: 'AIB[R] intent=rune-result family=rune source=bottle-rune result=abort reason=enemy_dead_push'
08/27 12:48:57 [Localization System] CLocalize::FindSafe failed to localize: 'AIB[D] intent=top-arbiter family=state winner=lane-line:18 losers=hero-over-creep:52,idle-heal:46,emergency-retreat:45,fwd-pullback:44,emergency-kill:43.5'
08/27 12:48:58 [Localization System] CLocalize::FindSafe failed to localize: 'AIB[R] blocked=bottle-rune reason=cooldown left=6'
08/27 12:48:58 [Localization System] CLocalize::FindSafe failed to localize: 'AIB[R] t=289s hp=74% gold=133 loc=182,-1457 lh=21 dn=5 dg=+7 dlh=+0 bottle=0 lvl=5 front=8231 ehp=-1'
08/27 12:48:58 [Localization System] CLocalize::FindSafe failed to localize: 'AIB[R] intent=tick-owner family=other stage=laning-core'
08/27 12:48:58 [Localization System] CLocalize::FindSafe failed to localize: 'AIB[D] blocked=hero-prio-chase reason=lane_work dist=1427 cs=false creep=false hp_adv=false kill_pressure=false close=false low_farm=false lane_override=false'
08/27 12:48:58 [Localization System] CLocalize::FindSafe failed to localize: 'AIB[D] intent=tick-owner family=other stage=desire/lane-line reason=ready score=18 band=position'
08/27 12:48:59 [Localization System] CLocalize::FindSafe failed to localize: 'AIB[R] blocked=harass reason=own_heal_running'
08/27 12:48:59 [Localization System] CLocalize::FindSafe failed to localize: 'AIB[R] intent=top-arbiter family=state winner=anti-idle:2 losers=hero-over-creep:52,idle-heal:46,emergency-retreat:45,fwd-pullback:44,emergency-kill:43.5'
08/27 12:48:59 [Localization System] CLocalize::FindSafe failed to localize: 'AIB[D] intent=melee-pack-space family=safety count=2 dist=143'
08/27 12:48:59 [Localization System] CLocalize::FindSafe failed to localize: 'AIB[D] intent=top-arbiter family=state winner=ranged-spacing:41 losers=hero-over-creep:52,idle-heal:46,emergency-retreat:45,fwd-pullback:44,emergency-kill:43.5'
08/27 12:48:59 [Localization System] CLocalize::FindSafe failed to localize: 'AIB[R] blocked=uphill-repo reason=not_trading'
08/27 12:48:59 [Localization System] CLocalize::FindSafe failed to localize: 'AIB[R] intent=damage-by-source family=other creep=349 tower=130 hero=1509 mixed=113 death=0 other=129 stale=300 gaps=2'
08/27 12:49:00 [Localization System] CLocalize::FindSafe failed to localize: 'AIB[R] blocked=recovery-rune-bottle reason=cooldown left=3'
08/27 12:49:00 [Localization System] CLocalize::FindSafe failed to localize: 'AIB[R] intent=lane-line-episode family=other dist=934 fwd=0.55'
08/27 12:49:00 [Localization System] CLocalize::FindSafe failed to localize: 'AIB[R] intent=tick-owner family=other stage=desire/lane-line reason=ready score=18 band=position'
08/27 12:49:00 [Localization System] CLocalize::FindSafe failed to localize: 'AIB[D] intent=damage-by-source family=other creep=339 tower=0 hero=1569 mixed=421 death=0 other=318 stale=190 gaps=2'
08/27 12:49:00 [Localization System] CLocalize::FindSafe failed to localize: 'AIB[D] t=291s hp=100% gold=9 loc=-234,-96 enemy-dist=1123 lh=12 dn=1 dg=+7 dlh=+0 bottle=-1 lvl=4 front=10114 ehp=85'
08/27 12:49:00 [Localization System] CLocalize::FindSafe failed to localize: 'AIB[D] intent=tick-owner family=other stage=laning-core'
08/27 12:49:01 [Localization System] CLocalize::FindSafe failed to localize: 'AIB[R] intent=top-arbiter family=state winner=lane-line:18 losers=hero-over-creep:52,idle-heal:46,emergency-retreat:45,fwd-pullback:44,emergency-kill:43.5'
08/27 12:49:01 [Localization System] CLocalize::FindSafe failed to localize: 'AIB[D] intent=top-arbiter family=state winner=creep-work:38.6 losers=hero-over-creep:52,idle-heal:46,emergency-retreat:45,fwd-pullback:44,emergency-kill:43.5'
08/27 12:49:01 [Localization System] CLocalize::FindSafe failed to localize: 'AIB[D] blocked=hero-prio-chase reason=lane_work dist=1037 cs=false creep=true hp_adv=false kill_pressure=false close=false low_farm=false lane_override=false'
08/27 12:49:01 [Localization System] CLocalize::FindSafe failed to localize: 'AIB[R] intent=melee-pack-space family=safety count=2 dist=258'
08/27 12:49:02 [Localization System] CLocalize::FindSafe failed to localize: 'AIB[R] blocked=fight-candidate reason=no_action_capped hp=85 score=40'
08/27 12:49:02 [Localization System] CLocalize::FindSafe failed to localize: 'AIB[R] intent=state-desire-last-hit family=farm dist=510 reason=killable_creep score=140'
08/27 12:49:02 [Localization System] CLocalize::FindSafe failed to localize: 'AIB[R] intent=top-arbiter family=state winner=last-hit:140 losers=hero-over-creep:52,cs-inrange:50,idle-heal:46,emergency-retreat:45,fwd-pullback:44'
08/27 12:49:02 [Localization System] CLocalize::FindSafe failed to localize: 'AIB[D] intent=state-desire-fight family=state base=78 hp_adv=8 dist=827 hp=100 ehp=86 reason=enemy_seen score=86'
08/27 12:49:02 [Localization System] CLocalize::FindSafe failed to localize: 'AIB[D] blocked=top-arbiter reason=empty_action winner=fight score=86'
08/27 12:49:02 [Localization System] CLocalize::FindSafe failed to localize: 'AIB[D] intent=top-arbiter family=state winner=harass:40 losers=fight:86,hero-over-creep:52,idle-heal:46,emergency-retreat:45,fwd-pullback:44'
08/27 12:49:02 [Localization System] CLocalize::FindSafe failed to localize: 'AIB[R] intent=tick-owner family=other stage=laning-core'
08/27 12:49:02 [Localization System] CLocalize::FindSafe failed to localize: 'AIB[D] intent=hero-contact family=fight dist=776 hp=100 reason=close_enemy'
08/27 12:49:03 [Localization System] CLocalize::FindSafe failed to localize: 'AIB[D] intent=melee-pack-space family=safety count=3 dist=166'
08/27 12:49:03 [Localization System] CLocalize::FindSafe failed to localize: 'AIB[D] intent=tick-owner family=other stage=desire/ranged-spacing reason=ready score=41 band=lanework'
08/27 12:49:03 [Localization System] CLocalize::FindSafe failed to localize: 'AIB[D] intent=hero-pass family=fight dist=723 hp=100 reason=nearby_enemy'
08/27 12:49:03 [Server] Client (account 0) tried to execute invalid order (101). Ability can't be cast with a position
08/27 12:49:03 [Server] Game code (account 0) tried to execute invalid order (19). Target NPC is dead.
08/27 12:49:03 [Localization System] CLocalize::FindSafe failed to localize: 'AIB[R] t=294s hp=86% gold=179 loc=-815,-806 enemy-dist=652 lh=22 dn=5 dg=+46 dlh=+1 bottle=0 lvl=5 front=8533 ehp=74'
08/27 12:49:03 [Localization System] CLocalize::FindSafe failed to localize: 'AIB[R] intent=recovery-plan family=recover action=buy_flask reason=critical hp=86 gold=179 count=1'
08/27 12:49:03 [Server] Client (account 0) tried to execute invalid order (101). Ability can't be cast with a position
08/27 12:49:03 [Server] Client (account 0) tried to execute invalid order (101). Ability can't be cast with a position
08/27 12:49:03 [Localization System] CLocalize::FindSafe failed to localize: 'AIB[R] blocked=uphill-repo reason=not_trading'
08/27 12:49:04 [Localization System] CLocalize::FindSafe failed to localize: 'AIB[R] intent=top-arbiter family=state winner=wave-watch:10 losers=hero-over-creep:52,idle-heal:46,emergency-retreat:45,fwd-pullback:44,emergency-kill:43.5'
08/27 12:49:04 [Server] Client (account 0) tried to execute invalid order (101). Ability can't be cast with a position
08/27 12:49:04 [Localization System] CLocalize::FindSafe failed to localize: 'AIB[D] intent=state-desire-fight family=state base=78 range=18 dist=611 hp=74 ehp=86 hyst=18 reason=enemy_seen score=114'
08/27 12:49:04 [Localization System] CLocalize::FindSafe failed to localize: 'AIB[D] intent=top-arbiter family=state winner=fight:114 losers=hero-over-creep:52,idle-heal:46,emergency-retreat:45,fwd-pullback:44,emergency-kill:43.5'
08/27 12:49:04 [Localization System] CLocalize::FindSafe failed to localize: 'invalid index'
08/27 12:49:04 [Localization System] CLocalize::FindSafe failed to localize: 'AIB[R] intent=kill-lock family=fight dist=591 ehp=41 hp=71 exec=false atk=true mutual=false reason=killable_enemy'
08/27 12:49:04 [Localization System] CLocalize::FindSafe failed to localize: 'AIB[D] blocked=safety-candidate reason=no_action_capped hp=41 score=44'
08/27 12:49:04 [Localization System] CLocalize::FindSafe failed to localize: 'AIB[D] intent=state-desire-last-hit family=farm dist=180 reason=killable_creep score=140'
08/27 12:49:05 [Localization System] CLocalize::FindSafe failed to localize: 'AIB[D] intent=tick-owner family=other stage=laning-core'
08/27 12:49:05 [Localization System] CLocalize::FindSafe failed to localize: 'AIB[D] intent=recovery-policy family=recover action=recover hp=27 gate=35 source=early-low'
08/27 12:49:05 [Localization System] CLocalize::FindSafe failed to localize: 'AIB[D] intent=state-recover-safe family=state ttl=2 reason=regen_lane hp=27 dist=1910'
08/27 12:49:05 [Localization System] CLocalize::FindSafe failed to localize: 'AIB[R] blocked=buy-loop reason=saving target=item_power_treads head=item_belt_of_strength cost=450 gold=119 left=2'
08/27 12:49:06 [Localization System] CLocalize::FindSafe failed to localize: 'AIB[D] t=296s hp=27% gold=54 loc=-377,-270 enemy-dist=672 lh=13 dn=1 dg=+45 dlh=+1 bottle=-1 lvl=4 front=10391 ehp=53'
08/27 12:49:07 [Localization System] CLocalize::FindSafe failed to localize: 'AIB[D] intent=tick-owner family=other stage=laning-core'
08/27 12:49:07 [Localization System] CLocalize::FindSafe failed to localize: 'AIB[D] intent=recovery-policy family=recover action=recover hp=17 gate=22 source=emergency-low'
08/27 12:49:07 [Localization System] CLocalize::FindSafe failed to localize: 'AIB[D] intent=recovery-plan family=recover action=back reason=post_fight_regen hp=17'
08/27 12:49:07 [Localization System] CLocalize::FindSafe failed to localize: 'AIB[D] intent=state-recover-safe family=state ttl=5 reason=post_fight_regen hp=17 dist=1321'
08/27 12:49:08 [Localization System] CLocalize::FindSafe failed to localize: 'AIB[D] blocked=recovery-buy reason=fountain_floor_free_heal hp=18 gold=58'
08/27 12:49:09 [Localization System] CLocalize::FindSafe failed to localize: 'AIB[R] t=299s hp=51% gold=125 loc=-364,-325 lh=23 dn=5 dg=-54 dlh=+1 bottle=0 lvl=6 front=8544 ehp=-1'
08/27 12:49:09 [Localization System] CLocalize::FindSafe failed to localize: 'AIB[R] intent=state-desire-last-hit family=farm dist=132 reason=killable_creep score=140'
08/27 12:49:09 [Localization System] CLocalize::FindSafe failed to localize: 'AIB[R] intent=top-arbiter family=state winner=last-hit:140 losers=safe-cs:56,hero-over-creep:52,cs-inrange:50,idle-heal:46,emergency-retreat:45'
08/27 12:49:09 [Localization System] CLocalize::FindSafe failed to localize: 'AIB[R] intent=tick-owner family=other stage=desire/last-hit dist=132 reason=killable_creep score=140'
08/27 12:49:09 [Localization System] CLocalize::FindSafe failed to localize: 'AIB[D] intent=tick-owner family=other stage=laning-core'
08/27 12:49:09 [Localization System] CLocalize::FindSafe failed to localize: 'AIB[D] intent=recovery-policy family=recover action=recover hp=19 gate=22 source=emergency-low'
08/27 12:49:09 [Localization System] CLocalize::FindSafe failed to localize: 'AIB[R] blocked=bottle-rune reason=no_close_rune max=1900 waterMax=4700 nearest=inf water=inf mid=69'
08/27 12:49:09 [Localization System] CLocalize::FindSafe failed to localize: 'AIB[R] blocked=recovery-rune-bottle reason=no_close_rune max=3600 waterMax=4700 nearest=inf water=inf mid=69'
08/27 12:49:09 [Localization System] CLocalize::FindSafe failed to localize: 'AIB[R] intent=recovery-plan family=recover action=back reason=post_fight_regen hp=51'
08/27 12:49:09 [Localization System] CLocalize::FindSafe failed to localize: 'AIB[R] intent=state-recover-xp family=state ttl=5 reason=post_fight_regen hp=51 dist=728'
08/27 12:49:10 [Localization System] CLocalize::ConstructString failed to localize: '#DOTA_Tooltip_Ability_nevermore_shadowraze1_SummaryDescription'
08/27 12:49:10 [Localization System] CLocalize::FindSafe failed to localize: 'AIB[R] intent=top-arbiter family=state winner=creep-work:38.8 losers=safe-cs:56,hero-over-creep:52,idle-heal:46,emergency-retreat:45,fwd-pullback:44'
08/27 12:49:11 [Localization System] CLocalize::FindSafe failed to localize: 'AIB[D] t=301s hp=19% gold=61 loc=727,663 enemy-dist=1472 lh=13 dn=1 dg=+7 dlh=+0 bottle=-1 lvl=4 front=8620 ehp=52'
08/27 12:49:11 [Localization System] CLocalize::FindSafe failed to localize: 'invalid index'
08/27 12:49:11 [Localization System] CLocalize::FindSafe failed to localize: 'AIB[D] intent=tick-owner family=other stage=laning-core'
08/27 12:49:11 [Localization System] CLocalize::FindSafe failed to localize: 'AIB[D] intent=recovery-policy family=recover action=recover hp=20 gate=22 source=emergency-low'
08/27 12:49:11 [Localization System] CLocalize::FindSafe failed to localize: 'AIB[D] intent=recovery-plan family=recover action=water_rune reason=blocked hp=20 mana=61'
08/27 12:49:12 [Localization System] CLocalize::FindSafe failed to localize: 'AIB[R] intent=state-siege-window family=siege ttl=2 wave=1 tower=1320 hp=53 adv=true'
08/27 12:49:12 [Localization System] CLocalize::FindSafe failed to localize: 'AIB[R] intent=tower-opportunity family=siege result=step phase=default wave=1 tower=1320'
08/27 12:49:12 [Localization System] CLocalize::FindSafe failed to localize: 'AIB[R] intent=top-arbiter family=state winner=creep-work:38.8 losers=safe-cs:56,hero-over-creep:52,idle-heal:46,emergency-retreat:45,fwd-pullback:44'
08/27 12:49:12 [Localization System] CLocalize::FindSafe failed to localize: 'AIB[R] intent=tick-owner family=other stage=desire/creep-work reason=ready score=39 band=lanework'
08/27 12:49:12 [Localization System] CLocalize::FindSafe failed to localize: 'AIB[D] intent=state-recover-safe family=state ttl=5 reason=post_fight_regen hp=20 dist=0'
08/27 12:49:12 **** Panel Hint has fill-parent-flow for width, but isn't in a flowing right layout
08/27 12:49:13 [Localization System] CLocalize::FindSafe failed to localize: 'AIB[R] intent=state-desire-siege family=siege base=66 push=12 hp=53 reason=tower_window score=78'
08/27 12:49:13 [Localization System] CLocalize::FindSafe failed to localize: 'AIB[D] intent=tick-owner family=other stage=laning-core'
08/27 12:49:13 [Localization System] CLocalize::FindSafe failed to localize: 'AIB[D] intent=recovery-policy family=recover action=recover hp=21 gate=22 source=emergency-low'
08/27 12:49:13 [Localization System] CLocalize::FindSafe failed to localize: 'AIB[R] blocked=buy-loop reason=saving target=item_power_treads head=item_belt_of_strength cost=450 gold=183 left=2'
08/27 12:49:13 [Localization System] CLocalize::FindSafe failed to localize: 'AIB[R] intent=top-arbiter family=state winner=siege:96 losers=safe-cs:56,hero-over-creep:52,idle-heal:46,emergency-retreat:45,fwd-pullback:44'
08/27 12:49:14 [Localization System] CLocalize::FindSafe failed to localize: 'AIB[R] t=304s hp=54% gold=184 loc=-1,74 enemy-dist=1221 lh=24 dn=6 dg=+59 dlh=+1 bottle=0 lvl=6 front=9720 ehp=21'
08/27 12:49:14 [Localization System] CLocalize::FindSafe failed to localize: 'AIB[R] intent=state-siege-window family=siege ttl=2 wave=2 tower=730 hp=54 adv=true'
08/27 12:49:14 [Localization System] CLocalize::FindSafe failed to localize: 'AIB[R] intent=tower-opportunity family=siege result=step phase=commit wave=2 tower=730'
08/27 12:49:14 [Localization System] CLocalize::FindSafe failed to localize: 'AIB[R] intent=tick-owner family=other stage=laning-core'
08/27 12:49:14 [Localization System] CLocalize::FindSafe failed to localize: 'AIB[R] intent=damage-by-source family=other creep=349 tower=130 hero=1592 mixed=113 death=0 other=129 stale=474 gaps=3'
08/27 12:49:14 [Localization System] CLocalize::FindSafe failed to localize: 'AIB[R] intent=state-desire-siege family=siege base=66 push=12 hp=54 hyst=18 reason=tower_window score=96'
08/27 12:49:15 [Localization System] CLocalize::FindSafe failed to localize: 'AIB[R] intent=top-arbiter family=state winner=siege:96 losers=safe-cs:56,hero-over-creep:52,idle-heal:46,emergency-retreat:45,fwd-pullback:44'
08/27 12:49:15 [Localization System] CLocalize::FindSafe failed to localize: 'AIB[D] intent=tick-owner family=other stage=laning-core'
08/27 12:49:15 [Localization System] CLocalize::FindSafe failed to localize: 'AIB[D] intent=damage-by-source family=other creep=363 tower=0 hero=2217 mixed=421 death=0 other=318 stale=190 gaps=2'
08/27 12:49:15 [Localization System] CLocalize::FindSafe failed to localize: 'AIB[D] intent=recovery-policy family=recover action=recover hp=22 gate=35 source=early-low'
08/27 12:49:15 [Localization System] CLocalize::FindSafe failed to localize: 'AIB[D] intent=recovery-plan family=recover action=water_rune reason=blocked hp=22 mana=63'
08/27 12:49:16 [Localization System] CLocalize::FindSafe failed to localize: 'AIB[D] t=306s hp=22% gold=69 loc=835,964 enemy-dist=1119 lh=13 dn=1 dg=+8 dlh=+0 bottle=-1 lvl=5 front=8620 ehp=54'
08/27 12:49:16 [Localization System] CLocalize::FindSafe failed to localize: 'AIB[R] intent=state-desire-siege family=siege base=66 push=12 hp=55 hyst=18 reason=tower_window score=96'
08/27 12:49:16 [Localization System] CLocalize::FindSafe failed to localize: 'AIB[R] intent=state-siege-window family=siege ttl=2 wave=1 tower=679 hp=55 adv=true'
08/27 12:49:16 [Localization System] CLocalize::FindSafe failed to localize: 'AIB[R] intent=tower-opportunity family=siege result=hit phase=terminal wave=1 tower=679'
08/27 12:49:16 [Localization System] CLocalize::FindSafe failed to localize: 'AIB[R] intent=tick-owner family=other stage=laning-core'
08/27 12:49:17 [Localization System] CLocalize::FindSafe failed to localize: 'AIB[R] intent=top-arbiter family=state winner=siege:96 losers=safe-cs:56,hero-over-creep:52,idle-heal:46,emergency-retreat:45,fwd-pullback:44'
08/27 12:49:17 [Localization System] CLocalize::FindSafe failed to localize: 'AIB[D] blocked=fountain-floor reason=heal_in_hand hp=25 flask=false inflight=nil'
08/27 12:49:17 [Localization System] CLocalize::FindSafe failed to localize: 'AIB[D] intent=tick-owner family=other stage=laning-core'
08/27 12:49:18 [Localization System] CLocalize::FindSafe failed to localize: 'AIB[D] intent=recovery-policy family=recover action=recover hp=30 gate=35 source=early-low'
08/27 12:49:18 [Localization System] CLocalize::FindSafe failed to localize: 'AIB[D] blocked=buy-loop reason=saving target=item_magic_wand head=item_magic_stick cost=200 gold=73 left=2'
08/27 12:49:18 [Localization System] CLocalize::FindSafe failed to localize: 'AIB[D] intent=state-desire-recover family=state base=74 danger=28 hp=35 reason=hp_gate score=102'
08/27 12:49:18 [Localization System] CLocalize::FindSafe failed to localize: 'AIB[D] intent=top-arbiter family=state winner=recover:102 losers=safe-cs:56,hero-over-creep:52,idle-heal:46,emergency-retreat:45,fwd-pullback:44'
08/27 12:49:19 [Localization System] CLocalize::FindSafe failed to localize: 'AIB[D] blocked=top-arbiter reason=empty_action winner=recover score=120'
08/27 12:49:19 [Localization System] CLocalize::FindSafe failed to localize: 'AIB[D] blocked=harass reason=own_heal_running'
08/27 12:49:19 [Server] PR:IncrementIdleTime 6:[I:0:0] 6.50
08/27 12:49:19 [Localization System] CLocalize::FindSafe failed to localize: 'AIB[D] intent=tick-owner family=other stage=laning-core'
08/27 12:49:20 [Localization System] CLocalize::FindSafe failed to localize: 'AIB[D] intent=recovery-policy family=recover action=recover hp=40 gate=55 source=lane-low'
08/27 12:49:20 [Localization System] CLocalize::FindSafe failed to localize: 'AIB[D] intent=recovery-owner family=recover band=soft threat=false mode=back hp=40'
08/27 12:49:20 [Localization System] CLocalize::FindSafe failed to localize: 'AIB[D] intent=state-desire-recover family=state base=74 hp=43 reason=hp_gate score=74'
08/27 12:49:20 [Localization System] CLocalize::FindSafe failed to localize: 'AIB[D] intent=top-arbiter family=state winner=anti-idle:2 losers=recover:74,safe-cs:56,hero-over-creep:52,idle-heal:46,emergency-retreat:45'
08/27 12:49:21 [Localization System] CLocalize::FindSafe failed to localize: 'AIB[D] t=311s hp=47% gold=76 loc=1074,842 lh=13 dn=1 dg=+7 dlh=+0 bottle=1 lvl=5 front=8620 ehp=-1'
08/27 12:49:21 [Localization System] CLocalize::FindSafe failed to localize: 'AIB[R] blocked=buy-loop reason=saving target=item_power_treads head=item_belt_of_strength cost=450 gold=195 left=2'
08/27 12:49:22 [Localization System] CLocalize::FindSafe failed to localize: 'AIB[D] intent=top-arbiter family=state winner=idle-heal:46 losers=safe-cs:56,hero-over-creep:52,emergency-retreat:45,fwd-pullback:44,emergency-kill:43.5'
08/27 12:49:22 [Localization System] CLocalize::FindSafe failed to localize: 'AIB[D] intent=tick-owner family=other stage=desire/idle-heal reason=ready score=46 band=lanework'
08/27 12:49:22 [Localization System] CLocalize::FindSafe failed to localize: 'AIB[D] blocked=bottle-rune reason=no_close_rune max=1900 waterMax=4700 nearest=inf water=inf mid=400'
08/27 12:49:23 [Localization System] CLocalize::FindSafe failed to localize: 'AIB[D] blocked=harass reason=own_heal_running'
08/27 12:49:23 [Localization System] CLocalize::FindSafe failed to localize: 'AIB[D] blocked=visual-hold reason=empty held=2.1 hp=62 repeat=1 hard=false'
08/27 12:49:23 [Server] PR:IncrementIdleTime 6:[I:0:0] 2.13
08/27 12:49:24 [Localization System] CLocalize::FindSafe failed to localize: 'AIB[R] t=314s hp=45% gold=199 loc=-1449,-1124 lh=24 dn=6 dg=+15 dlh=+0 bottle=0 lvl=6 front=7078 ehp=-1'
08/27 12:49:24 [Localization System] CLocalize::FindSafe failed to localize: 'AIB[R] blocked=recover-candidate reason=no_action_capped hp=45 score=44'
08/27 12:49:24 [Localization System] CLocalize::FindSafe failed to localize: 'AIB[R] blocked=bottle-rune reason=no_close_rune max=1900 waterMax=4700 nearest=inf water=inf mid=278'
08/27 12:49:24 [Localization System] CLocalize::FindSafe failed to localize: 'AIB[R] blocked=recovery-rune-bottle reason=no_close_rune max=3600 waterMax=4700 nearest=inf water=inf mid=278'
08/27 12:49:24 [Localization System] CLocalize::FindSafe failed to localize: 'AIB[R] intent=recovery-plan family=recover action=lane reason=empty_bottle_no_rune hp=45 mana=71'
08/27 12:49:24 [Localization System] CLocalize::FindSafe failed to localize: 'AIB[R] intent=top-arbiter family=state winner=anti-idle:2 losers=safe-cs:56,hero-over-creep:52,idle-heal:46,emergency-retreat:45,fwd-pullback:44'
08/27 12:49:24 [Localization System] CLocalize::FindSafe failed to localize: 'AIB[R] intent=tick-owner family=other stage=desire/anti-idle reason=ready score=2 band=idle'
08/27 12:49:24 [Localization System] CLocalize::FindSafe failed to localize: 'AIB[D] intent=top-arbiter family=state winner=anti-idle:2 losers=hero-over-creep:52,idle-heal:46,emergency-retreat:45,fwd-pullback:44,emergency-kill:43.5'
08/27 12:49:25 [Localization System] CLocalize::FindSafe failed to localize: 'AIB[D] blocked=recovery-rune-bottle reason=no_close_rune max=3600 waterMax=4700 nearest=inf water=inf mid=370'
08/27 12:49:25 [Localization System] CLocalize::FindSafe failed to localize: 'AIB[D] intent=lane-line-episode family=other dist=994 fwd=0.24'
08/27 12:49:25 [Localization System] CLocalize::FindSafe failed to localize: 'AIB[D] intent=tick-owner family=other stage=desire/lane-line reason=ready score=18 band=position'
08/27 12:49:25 [Localization System] CLocalize::FindSafe failed to localize: 'AIB[R] intent=top-arbiter family=state winner=anti-idle:2 losers=safe-cs:56,hero-over-creep:52,idle-heal:46,emergency-retreat:45,fwd-pullback:44'
08/27 12:49:25 [Localization System] CLocalize::FindSafe failed to localize: 'AIB[D] intent=top-arbiter family=state winner=lane-line:18 losers=hero-over-creep:52,idle-heal:46,emergency-retreat:45,fwd-pullback:44,emergency-kill:43.5'
08/27 12:49:26 [Localization System] CLocalize::FindSafe failed to localize: 'AIB[R] intent=tick-owner family=other stage=desire/anti-idle reason=ready score=2 band=idle'
08/27 12:49:26 [Localization System] CLocalize::FindSafe failed to localize: 'AIB[D] t=316s hp=70% gold=84 loc=603,482 lh=13 dn=1 dg=+8 dlh=+0 bottle=0 lvl=5 front=9031 ehp=-1'
08/27 12:49:26 [Localization System] CLocalize::FindSafe failed to localize: 'AIB[D] blocked=buy-loop reason=saving target=item_magic_wand head=item_magic_stick cost=200 gold=85 left=2'
08/27 12:49:27 [Localization System] CLocalize::FindSafe failed to localize: 'AIB[R] intent=top-arbiter family=state winner=anti-idle:2 losers=safe-cs:56,hero-over-creep:52,idle-heal:46,emergency-retreat:45,fwd-pullback:44'
08/27 12:49:27 [Localization System] CLocalize::FindSafe failed to localize: 'AIB[D] intent=tick-owner family=other stage=desire/lane-line reason=ready score=18 band=position'
08/27 12:49:27 [Localization System] CLocalize::FindSafe failed to localize: 'AIB[D] intent=top-arbiter family=state winner=lane-line:18 losers=hero-over-creep:52,idle-heal:46,emergency-retreat:45,fwd-pullback:44,emergency-kill:43.5'
08/27 12:49:27 [Localization System] CLocalize::FindSafe failed to localize: 'AIB[D] intent=lane-line-episode family=other dist=1022 fwd=0.52'
08/27 12:49:28 [Localization System] CLocalize::FindSafe failed to localize: 'AIB[R] intent=tick-owner family=other stage=desire/anti-idle reason=ready score=2 band=idle'
08/27 12:49:28 [Localization System] CLocalize::FindSafe failed to localize: 'AIB[R] intent=top-arbiter family=state winner=anti-idle:2 losers=safe-cs:56,hero-over-creep:52,idle-heal:46,emergency-retreat:45,fwd-pullback:44'
08/27 12:49:29 [Localization System] CLocalize::FindSafe failed to localize: 'AIB[D] intent=top-arbiter family=state winner=lane-line:18 losers=hero-over-creep:52,idle-heal:46,emergency-retreat:45,fwd-pullback:44,emergency-kill:43.5'
08/27 12:49:29 [Localization System] CLocalize::FindSafe failed to localize: 'AIB[R] t=319s hp=48% gold=206 loc=-1069,-899 lh=24 dn=6 dg=+7 dlh=+0 bottle=0 lvl=6 front=8380 ehp=-1'
08/27 12:49:29 [Localization System] CLocalize::FindSafe failed to localize: 'AIB[D] intent=tick-owner family=other stage=desire/lane-line reason=ready score=18 band=position'
08/27 12:49:29 [Localization System] CLocalize::FindSafe failed to localize: 'AIB[R] blocked=uphill-repo reason=not_trading'
08/27 12:49:29 [Localization System] CLocalize::FindSafe failed to localize: 'AIB[D] blocked=hero-prio-chase reason=lane_work dist=1101 cs=false creep=true hp_adv=false kill_pressure=false close=false low_farm=false lane_override=false'
08/27 12:49:29 [Localization System] CLocalize::FindSafe failed to localize: 'AIB[R] intent=damage-by-source family=other creep=349 tower=130 hero=1592 mixed=113 death=0 other=129 stale=567 gaps=4'
08/27 12:49:29 [Localization System] CLocalize::FindSafe failed to localize: 'AIB[R] blocked=fight-candidate reason=no_action_capped hp=48 score=40'
08/27 12:49:29 [Localization System] CLocalize::FindSafe failed to localize: 'AIB[D] intent=state-desire-fight family=state base=78 hp_adv=8 execute=20 dist=874 hp=72 ehp=48 reason=enemy_seen score=106'
08/27 12:49:29 [Localization System] CLocalize::FindSafe failed to localize: 'AIB[D] blocked=top-arbiter reason=empty_action winner=fight score=106'
08/27 12:49:29 [Localization System] CLocalize::FindSafe failed to localize: 'AIB[R] blocked=buy-loop reason=saving target=item_power_treads head=item_belt_of_strength cost=450 gold=207 left=2'
08/27 12:49:29 [Localization System] CLocalize::FindSafe failed to localize: 'AIB[R] intent=recovery-plan family=recover action=buy_flask reason=critical hp=48 gold=208 count=2'
08/27 12:49:30 [Localization System] CLocalize::FindSafe failed to localize: 'AIB[D] blocked=recovery-buy reason=item_checkpoint item=item_magic_stick hp=72 gold=90 cost=200 spend=100'
08/27 12:49:30 [Localization System] CLocalize::FindSafe failed to localize: 'AIB[D] intent=recovery-plan family=recover action=buy_item_flask reason=checkpoint_block item=item_magic_stick hp=72 gold=90'
08/27 12:49:30 [Localization System] CLocalize::FindSafe failed to localize: 'AIB[R] intent=tick-owner family=other stage=laning-core'
08/27 12:49:30 [Localization System] CLocalize::FindSafe failed to localize: 'AIB[R] intent=melee-pack-space family=safety count=3 dist=123'
08/27 12:49:30 [Localization System] CLocalize::FindSafe failed to localize: 'AIB[R] intent=top-arbiter family=state winner=ranged-spacing:41 losers=safe-cs:56,hero-over-creep:52,idle-heal:46,emergency-retreat:45,fwd-pullback:44'
08/27 12:49:30 [Localization System] CLocalize::FindSafe failed to localize: 'AIB[D] blocked=recover-candidate reason=no_action_capped hp=47 score=44'
08/27 12:49:30 [Localization System] CLocalize::FindSafe failed to localize: 'AIB[R] intent=state-desire-safety family=state base=108 hp=35 creep=false hero=true reason=recent_damage score=108'
08/27 12:49:30 [Localization System] CLocalize::FindSafe failed to localize: 'AIB[R] blocked=top-arbiter reason=empty_action winner=safety score=108'
08/27 12:49:30 [Localization System] CLocalize::FindSafe failed to localize: 'AIB[R] intent=state-desire-recover family=state base=74 danger=28 hp=35 reason=hp_gate score=102'
08/27 12:49:30 [Localization System] CLocalize::FindSafe failed to localize: 'AIB[R] intent=recovery-policy family=recover action=recover hp=35 gate=55 source=lane-low'
08/27 12:49:30 [Localization System] CLocalize::FindSafe failed to localize: 'AIB[R] intent=state-recover-xp family=state ttl=2 reason=regen_lane hp=35 dist=363'
08/27 12:49:30 [Localization System] CLocalize::FindSafe failed to localize: 'AIB[D] intent=hero-contact family=fight dist=772 hp=48 reason=close_enemy'
08/27 12:49:30 [Localization System] CLocalize::FindSafe failed to localize: 'AIB[D] intent=top-arbiter family=state winner=fight:106 losers=safe-cs:56,hero-over-creep:52,idle-heal:46,emergency-retreat:45,fwd-pullback:44'
08/27 12:49:30 [Localization System] CLocalize::FindSafe failed to localize: 'AIB[R] blocked=safety-candidate reason=no_action_capped hp=35 score=44'
08/27 12:49:30 [Localization System] CLocalize::FindSafe failed to localize: 'AIB[D] intent=damage-by-source family=other creep=363 tower=0 hero=2415 mixed=421 death=0 other=318 stale=190 gaps=2'
08/27 12:49:30 [Localization System] CLocalize::FindSafe failed to localize: 'AIB[D] blocked=bottle-rune reason=no_close_rune max=1900 waterMax=4700 nearest=inf water=inf mid=204'
08/27 12:49:30 [Localization System] CLocalize::FindSafe failed to localize: 'AIB[D] intent=melee-pack-space family=safety count=3 dist=196'
08/27 12:49:31 [Localization System] CLocalize::FindSafe failed to localize: 'AIB[R] intent=recovery-owner family=recover band=soft threat=true mode=safe-step hp=36'
08/27 12:49:31 [Localization System] CLocalize::FindSafe failed to localize: 'AIB[D] t=321s hp=48% gold=92 loc=-357,-337 enemy-dist=1000 lh=13 dn=1 dg=+8 dlh=+0 bottle=0 lvl=5 front=10040 ehp=-66600'
08/27 12:49:31 [Localization System] CLocalize::FindSafe failed to localize: 'AIB[D] intent=tick-owner family=other stage=laning-core'
08/27 12:49:31 [Localization System] CLocalize::FindSafe failed to localize: 'AIB[D] intent=state-recover-xp family=state ttl=5 reason=post_fight_regen hp=48 dist=490'
08/27 12:49:31 [Localization System] CLocalize::FindSafe failed to localize: 'AIB[D] intent=state-desire-last-hit family=farm dist=550 reason=killable_creep score=140'
08/27 12:49:32 [Localization System] CLocalize::FindSafe failed to localize: 'AIB[R] intent=top-arbiter family=state winner=recover:120 losers=safe-cs:56,hero-over-creep:52,idle-heal:46,emergency-retreat:45,fwd-pullback:44'
08/27 12:49:32 [Localization System] CLocalize::FindSafe failed to localize: 'AIB[R] intent=state-desire-recover family=state base=74 danger=28 hp=36 hyst=18 reason=hp_gate score=120'
08/27 12:49:32 [Localization System] CLocalize::FindSafe failed to localize: 'AIB[R] blocked=bottle-rune reason=no_close_rune max=1900 waterMax=4700 nearest=inf water=inf mid=396'
08/27 12:49:32 [Localization System] CLocalize::FindSafe failed to localize: 'AIB[R] blocked=recovery-rune-bottle reason=no_close_rune max=3600 waterMax=4700 nearest=inf water=inf mid=396'
08/27 12:49:32 [Localization System] CLocalize::FindSafe failed to localize: 'AIB[D] intent=top-arbiter family=state winner=creep-work:38.6 losers=safe-cs:56,hero-over-creep:52,idle-heal:46,emergency-retreat:45,fwd-pullback:44'
08/27 12:49:32 [Localization System] CLocalize::FindSafe failed to localize: 'AIB[R] intent=tick-owner family=other stage=laning-core'
08/27 12:49:32 [Localization System] CLocalize::FindSafe failed to localize: 'AIB[R] blocked=recover-candidate reason=no_action_capped hp=36 score=44'
08/27 12:49:32 [Localization System] CLocalize::FindSafe failed to localize: 'AIB[D] blocked=buy-tp reason=recent_tp since=50'
08/27 12:49:32 Script function 'Think' on bot npc_dota_hero_nevermore took 2.602ms
08/27 12:49:33 [Localization System] CLocalize::FindSafe failed to localize: 'AIB[D] intent=state-desire-last-hit family=farm dist=287 hyst=18 reason=killable_creep score=158'
08/27 12:49:33 [Localization System] CLocalize::FindSafe failed to localize: 'AIB[D] intent=tick-owner family=other stage=laning-core'
08/27 12:49:33 [Localization System] CLocalize::FindSafe failed to localize: 'AIB[D] blocked=recovery-rune-bottle reason=no_close_rune max=3600 waterMax=4700 nearest=inf water=inf mid=190'
08/27 12:49:33 [Localization System] CLocalize::FindSafe failed to localize: 'AIB[R] intent=top-arbiter family=state winner=creep-work:38.8 losers=safe-cs:56,hero-over-creep:52,idle-heal:46,emergency-retreat:45,fwd-pullback:44'
08/27 12:49:33 [Localization System] CLocalize::FindSafe failed to localize: 'AIB[D] intent=melee-pack-space family=safety count=2 dist=156'
08/27 12:49:33 [Localization System] CLocalize::FindSafe failed to localize: 'AIB[D] intent=top-arbiter family=state winner=ranged-spacing:41 losers=safe-cs:56,hero-over-creep:52,idle-heal:46,emergency-retreat:45,fwd-pullback:44'
08/27 12:49:33 [Localization System] CLocalize::FindSafe failed to localize: 'AIB[R] blocked=fight-candidate reason=no_action_capped hp=37 score=40'
08/27 12:49:33 [Localization System] CLocalize::FindSafe failed to localize: 'AIB[R] intent=state-recover-xp family=state ttl=2 reason=regen_lane hp=37 dist=220'
08/27 12:49:34 [Localization System] CLocalize::FindSafe failed to localize: 'AIB[D] intent=state-desire-fight family=state base=78 execute=20 dist=893 hp=49 ehp=37 reason=enemy_seen score=98'
08/27 12:49:34 [Localization System] CLocalize::FindSafe failed to localize: 'AIB[D] blocked=top-arbiter reason=empty_action winner=fight score=98'
08/27 12:49:34 [Localization System] CLocalize::FindSafe failed to localize: 'AIB[D] intent=recovery-plan family=recover action=buy_item_flask reason=checkpoint_block item=item_magic_stick hp=49 gold=74'
08/27 12:49:34 [Localization System] CLocalize::FindSafe failed to localize: 'AIB[R] t=324s hp=37% gold=114 loc=-1091,-896 enemy-dist=1054 lh=24 dn=6 dg=-92 dlh=+0 bottle=0 lvl=6 front=8452 ehp=49'
08/27 12:49:34 [Localization System] CLocalize::FindSafe failed to localize: 'AIB[R] intent=tick-owner family=other stage=desire/creep-work reason=ready score=39 band=lanework'
08/27 12:49:34 [Localization System] CLocalize::FindSafe failed to localize: 'AIB[D] blocked=buy-loop reason=saving target=item_magic_wand head=item_magic_stick cost=200 gold=75 left=2'
08/27 12:49:34 [Localization System] CLocalize::FindSafe failed to localize: 'AIB[R] intent=recovery-owner family=recover band=soft threat=false mode=back hp=38'
08/27 12:49:35 [Localization System] CLocalize::FindSafe failed to localize: 'AIB[R] intent=top-arbiter family=state winner=low-hp-hold:43.2 losers=safe-cs:56,hero-over-creep:52,idle-heal:46,emergency-retreat:45,fwd-pullback:44'
08/27 12:49:35 [Localization System] CLocalize::FindSafe failed to localize: 'AIB[D] intent=top-arbiter family=state winner=harass:40 losers=safe-cs:56,hero-over-creep:52,idle-heal:46,emergency-retreat:45,fwd-pullback:44'
08/27 12:49:35 [Localization System] CLocalize::FindSafe failed to localize: 'AIB[D] intent=tick-owner family=other stage=desire/harass reason=ready score=40 band=lanework'
08/27 12:49:35 [Localization System] CLocalize::FindSafe failed to localize: 'AIB[D] intent=state-desire-fight family=state base=78 execute=20 dist=867 hp=50 ehp=38 reason=enemy_seen score=98'
08/27 12:49:35 [Localization System] CLocalize::FindSafe failed to localize: 'AIB[D] blocked=top-arbiter reason=empty_action winner=fight score=98'
08/27 12:49:35 [Localization System] CLocalize::FindSafe failed to localize: 'AIB[D] intent=melee-pack-space family=safety count=2 dist=150'
08/27 12:49:35 [Localization System] CLocalize::FindSafe failed to localize: 'AIB[R] blocked=recover-candidate reason=no_action_capped hp=38 score=44'
08/27 12:49:36 [Localization System] CLocalize::FindSafe failed to localize: 'AIB[D] intent=hero-contact family=fight dist=744 hp=50 reason=close_enemy'
08/27 12:49:36 [Localization System] CLocalize::FindSafe failed to localize: 'AIB[R] intent=state-recover-xp family=state ttl=2 reason=regen_lane hp=38 dist=223'
08/27 12:49:36 [Localization System] CLocalize::FindSafe failed to localize: 'AIB[D] t=326s hp=50% gold=77 loc=-386,-255 enemy-dist=616 lh=15 dn=1 dg=-15 dlh=+2 bottle=0 lvl=5 front=9671 ehp=38'
08/27 12:49:36 [Localization System] CLocalize::FindSafe failed to localize: 'AIB[R] intent=state-desire-fight family=state base=78 range=18 execute=20 dist=604 hp=39 ehp=50 reason=enemy_seen score=116'
08/27 12:49:36 [Localization System] CLocalize::FindSafe failed to localize: 'AIB[R] blocked=hero-contact reason=uphill dist=604 hp=39'
08/27 12:49:36 [Localization System] CLocalize::FindSafe failed to localize: 'AIB[R] blocked=hero-pass reason=low_hp hp=39'
08/27 12:49:36 [Localization System] CLocalize::FindSafe failed to localize: 'AIB[R] blocked=top-arbiter reason=empty_action winner=fight score=116'
08/27 12:49:36 [Localization System] CLocalize::FindSafe failed to localize: 'AIB[D] intent=state-desire-last-hit family=farm dist=104 reason=killable_creep score=140'
08/27 12:49:36 [Localization System] CLocalize::FindSafe failed to localize: 'AIB[R] blocked=uphill-repo reason=not_trading'
08/27 12:49:36 [Localization System] CLocalize::FindSafe failed to localize: 'AIB[R] intent=tick-owner family=other stage=desire/creep-work reason=ready score=39 band=lanework'
08/27 12:49:36 [Localization System] CLocalize::FindSafe failed to localize: 'AIB[D] blocked=recover-candidate reason=no_action_capped hp=47 score=44'
08/27 12:49:36 [Localization System] CLocalize::FindSafe failed to localize: 'AIB[R] intent=top-arbiter family=state winner=creep-work:38.8 losers=fight:116,safe-cs:56,hero-over-creep:52,idle-heal:46,emergency-retreat:45'
08/27 12:49:36 [Localization System] CLocalize::FindSafe failed to localize: 'AIB[D] intent=top-arbiter family=state winner=last-hit:158 losers=fight:116,safety:116,safe-cs:56,hero-over-creep:52,cs-inrange:50'
08/27 12:49:37 [Localization System] CLocalize::FindSafe failed to localize: 'AIB[D] intent=state-desire-fight family=state base=78 range=18 execute=20 dist=604 hp=47 ehp=39 reason=enemy_seen score=116'
08/27 12:49:37 [Localization System] CLocalize::FindSafe failed to localize: 'AIB[R] blocked=fight-candidate reason=no_action_capped hp=39 score=40'
08/27 12:49:37 [Localization System] CLocalize::FindSafe failed to localize: 'AIB[D] intent=state-desire-safety family=state base=108 creep_dmg=8 hp=47 creep=true hero=false reason=recent_damage score=116'
08/27 12:49:37 [Localization System] CLocalize::FindSafe failed to localize: 'AIB[D] intent=creep-hit-react family=safety dist=40 hp=47 hits=1 reason=edge_attack'
08/27 12:49:37 [Localization System] CLocalize::FindSafe failed to localize: 'AIB[D] blocked=safety-candidate reason=no_action_capped hp=47 score=44'
08/27 12:49:37 [Localization System] CLocalize::FindSafe failed to localize: 'AIB[D] intent=recovery-plan family=recover action=back reason=post_fight_regen hp=47'
08/27 12:49:37 [Localization System] CLocalize::FindSafe failed to localize: 'AIB[D] intent=state-recover-xp family=state ttl=5 reason=post_fight_regen hp=47 dist=824'
08/27 12:49:37 [Localization System] CLocalize::FindSafe failed to localize: 'AIB[D] intent=cs-watchdog family=farm lh=16 idle=18 creep_hp=414 dist=91'
08/27 12:49:37 [Localization System] CLocalize::FindSafe failed to localize: 'AIB[D] intent=tick-owner family=other stage=laning-core'
08/27 12:49:37 [Localization System] CLocalize::FindSafe failed to localize: 'AIB[R] intent=recovery-owner family=recover band=soft threat=true mode=back hp=39'
08/27 12:49:37 [Localization System] CLocalize::FindSafe failed to localize: 'AIB[R] blocked=buy-loop reason=saving target=item_power_treads head=item_belt_of_strength cost=450 gold=272 left=2'
08/27 12:49:37 [Localization System] CLocalize::FindSafe failed to localize: 'AIB[R] intent=recovery-plan family=recover action=lane reason=empty_bottle_no_rune hp=39 mana=56'
08/27 12:49:38 [Localization System] CLocalize::FindSafe failed to localize: 'AIB[D] intent=top-arbiter family=state winner=creep-work:38.6 losers=safe-cs:56,hero-over-creep:52,idle-heal:46,emergency-retreat:45,fwd-pullback:44'
08/27 12:49:38 [Localization System] CLocalize::FindSafe failed to localize: 'AIB[R] blocked=recover-candidate reason=no_action_capped hp=40 score=44'
08/27 12:49:38 [Localization System] CLocalize::FindSafe failed to localize: 'AIB[R] intent=top-arbiter family=state winner=low-hp-hold:43.2 losers=safe-cs:56,hero-over-creep:52,idle-heal:46,emergency-retreat:45,fwd-pullback:44'
08/27 12:49:38 [Localization System] CLocalize::FindSafe failed to localize: 'AIB[R] intent=tick-owner family=other stage=laning-core'
08/27 12:49:38 [Localization System] CLocalize::FindSafe failed to localize: 'AIB[D] intent=state-desire-safety family=state base=108 creep_dmg=8 hp=45 creep=true hero=false hyst=18 reason=recent_damage score=134'
08/27 12:49:38 [Localization System] CLocalize::FindSafe failed to localize: 'AIB[D] intent=creep-hit-react family=safety dist=161 hp=45 hits=3 reason=aggro_step'
08/27 12:49:39 [Localization System] CLocalize::FindSafe failed to localize: 'AIB[D] blocked=bottle-rune reason=no_close_rune max=1900 waterMax=4700 nearest=inf water=inf mid=300'
08/27 12:49:39 [Localization System] CLocalize::FindSafe failed to localize: 'AIB[R] t=330s hp=40% gold=275 loc=-1168,-948 enemy-dist=1118 lh=27 dn=6 dg=+161 dlh=+3 bottle=0 lvl=6 front=8677 ehp=45'
08/27 12:49:39 [Localization System] CLocalize::FindSafe failed to localize: 'AIB[D] intent=tick-owner family=other stage=laning-core'
08/27 12:49:39 [Localization System] CLocalize::FindSafe failed to localize: 'AIB[D] blocked=recover-candidate reason=no_action_capped hp=44 score=44'
08/27 12:49:39 [Localization System] CLocalize::FindSafe failed to localize: 'AIB[D] intent=top-arbiter family=state winner=creep-work:38.6 losers=safe-cs:56,hero-over-creep:52,idle-heal:46,emergency-retreat:45,fwd-pullback:44'
08/27 12:49:40 [Localization System] CLocalize::FindSafe failed to localize: 'AIB[R] blocked=bottle-rune reason=no_close_rune max=1900 waterMax=4700 nearest=inf water=inf mid=727'
08/27 12:49:40 [Localization System] CLocalize::FindSafe failed to localize: 'AIB[R] blocked=recovery-rune-bottle reason=no_close_rune max=3600 waterMax=4700 nearest=inf water=inf mid=727'
08/27 12:49:40 [Localization System] CLocalize::FindSafe failed to localize: 'AIB[R] intent=top-arbiter family=state winner=creep-work:38.8 losers=safe-cs:56,hero-over-creep:52,idle-heal:46,emergency-retreat:45,fwd-pullback:44'
08/27 12:49:40 [Localization System] CLocalize::FindSafe failed to localize: 'AIB[D] blocked=safety-candidate reason=no_action_capped hp=44 score=44'
08/27 12:49:40 [Localization System] CLocalize::FindSafe failed to localize: 'AIB[D] intent=state-desire-safety family=state base=108 creep_dmg=8 hp=44 creep=true hero=false hyst=18 reason=recent_damage score=134'
08/27 12:49:40 [Localization System] CLocalize::FindSafe failed to localize: 'AIB[D] intent=creep-hit-react family=safety dist=406 hp=44 hits=5 reason=aggro_step'
08/27 12:49:40 [Localization System] CLocalize::FindSafe failed to localize: 'AIB[R] blocked=fight-candidate reason=no_action_capped hp=41 score=40'
08/27 12:49:40 [Localization System] CLocalize::FindSafe failed to localize: 'AIB[R] blocked=uphill-repo reason=not_trading'
08/27 12:49:40 [Localization System] CLocalize::FindSafe failed to localize: 'AIB[D] blocked=buy-tp reason=recent_tp since=58'
08/27 12:49:41 [Localization System] CLocalize::FindSafe failed to localize: 'AIB[R] intent=state-recover-xp family=state ttl=2 reason=regen_lane hp=41 dist=272'
08/27 12:49:41 [Localization System] CLocalize::FindSafe failed to localize: 'AIB[R] intent=tick-owner family=other stage=desire/idle-heal reason=ready score=46 band=lanework'
08/27 12:49:41 [Localization System] CLocalize::FindSafe failed to localize: 'AIB[D] t=331s hp=45% gold=124 loc=-85,-519 lh=16 dn=1 dg=+47 dlh=+1 bottle=0 lvl=5 front=9671 ehp=-1'
08/27 12:49:41 [Localization System] CLocalize::FindSafe failed to localize: 'AIB[D] blocked=recovery-rune-bottle reason=no_close_rune max=3600 waterMax=4700 nearest=inf water=inf mid=430'
08/27 12:49:41 [Localization System] CLocalize::FindSafe failed to localize: 'AIB[D] intent=top-arbiter family=state winner=wave-watch:10 losers=safe-cs:56,hero-over-creep:52,idle-heal:46,emergency-retreat:45,fwd-pullback:44'
08/27 12:49:41 [Localization System] CLocalize::FindSafe failed to localize: 'AIB[D] intent=tick-owner family=other stage=laning-core'
08/27 12:49:41 [Localization System] CLocalize::FindSafe failed to localize: 'AIB[R] blocked=recover-candidate reason=no_action_capped hp=42 score=44'
08/27 12:49:41 [Localization System] CLocalize::FindSafe failed to localize: 'AIB[R] intent=top-arbiter family=state winner=low-hp-hold:43.2 losers=safe-cs:56,hero-over-creep:52,idle-heal:46,emergency-retreat:45,fwd-pullback:44'
08/27 12:49:41 [Localization System] CLocalize::FindSafe failed to localize: 'AIB[R] ability-harass=139 anti-afk-no-chase=2 anti-idle-enter=21 anti-idle-lane=11 anti-idle-lowhp-back=3 bottle-heal=6 bottle-rune=1 channel-interrupt-atk=7 channel-interrupt-chase=7 creep-aggro-back=3 creep-aggro-hit=8 creep-dmg=5 creep-hit-react-aggro-step=1 creep-hit-react-atk=11 creep-hit-react-step=7 cs-wait-release=56 cs-wait=21 cs-walk-gap-large=31 cs-walk-gap-small=34 cs-walk-inrange=15 cs-walk-into-pack=8 cs-walk=80 cs-watchdog-step=3 deny-act-atk=51 deny-act-walk=24 deny-act=75 deny-cand-doomed=28 deny-cand-tanky=196 dw-active=3 dw-farm=24 dw-fwd=1 empty-bottle-ok=5 fight-hp-behind=3 fwd-at-position=7 fwd-hold=1 fwd-lowhp-pull=1 fwd-position=2 fwd-suppressed-creep=22 fwd-suppressed-cs=2 fwd-suppressed-damage=1 fwd-suppressed-empty=6 fwd-suppressed-hero=5 fwd-suppressed-lowhp=4 fwd-suppressed-motor=13 fwd-suppressed-recovery=2 fwd-suppressed-rune=2 fwd-suppressed-tower=6 fwd-suppressed-visual=4 fwd-suppressed-watchdog=1 harass-atk=1 heal-item=2 heal-no-dive=1 heal-want=1 hero-contact-atk=31 hero-contact-chase=9 hero-over-creep=6 hero-pass-atk=15 hero-pass-chase=5 idle=13 kill-lock-atk=5 kill-lock-chase=7 kill-priority=7 killwin-atk=39 killwin-scan=1185 lane-line-fallback=44 lane-line-suppressed-creep-dmg=2 lane-line-suppressed-creep=8 lane-line-suppressed-damage=1 lane-line-suppressed-empty=6 lane-line-suppressed-heal=15 lane-line-suppressed-lowhp=13 last-hit-urgent=107 low-hp-limit=8 melee-pack-release=17 melee-pack-space=17 no-dive=4 own-ranged-stepback=1 pre-aig=21 precreep-anchor=43 precreep-hold=3 precreep-park-hold=13 precreep-park=154 precreep-space=1 prewave-defend=1 prewave-free-hit=74 recover-xp=14 recovery-bottle-active=6 recovery-bottle=2 recovery-buy=5 recovery-enemy-near=260 recovery-flask=2 recovery-regen=8 recovery-rune-bottle=2 recovery-tango=2 regen-walk=6 siege-commit-tower=33 siege-creep=1 siege-step=4 siege-terminal-tower=67 tango-heal=1 tower-aggro-drop=7 tower-range-exit=2 uphill-reposition=3 uphill-void-under-fire=17 visual-hold-creep=30 visual-hold-hard-creep=1 visual-hold-lane=3 wave-watch=29'
08/27 12:49:42 [Localization System] CLocalize::FindSafe failed to localize: 'AIB[D] blocked=buy-loop reason=saving target=item_magic_wand head=item_magic_stick cost=200 gold=126 left=2'
08/27 12:49:42 [Localization System] CLocalize::FindSafe failed to localize: 'AIB[D] blocked=visual-hold reason=empty held=2.1 hp=46 repeat=2 hard=false'
08/27 12:49:43 [Localization System] CLocalize::FindSafe failed to localize: 'AIB[D] intent=top-arbiter family=state winner=wave-watch:10 losers=safe-cs:56,hero-over-creep:52,idle-heal:46,emergency-retreat:45,fwd-pullback:44'
08/27 12:49:43 [Server] PR:IncrementIdleTime 6:[I:0:0] 2.37
08/27 12:49:43 [Localization System] CLocalize::FindSafe failed to localize: 'AIB[D] intent=tick-owner family=other stage=desire/creep-work reason=ready score=39 band=lanework'
08/27 12:49:44 [Localization System] CLocalize::FindSafe failed to localize: 'AIB[R] t=335s hp=43% gold=282 loc=-1299,-1120 enemy-dist=1261 lh=27 dn=6 dg=+7 dlh=+0 bottle=0 lvl=6 front=8256 ehp=46'
08/27 12:49:44 [Localization System] CLocalize::FindSafe failed to localize: 'AIB[D] intent=top-arbiter family=state winner=creep-work:38.6 losers=safe-cs:56,hero-over-creep:52,idle-heal:46,emergency-retreat:45,fwd-pullback:44'
08/27 12:49:44 [Localization System] CLocalize::FindSafe failed to localize: 'AIB[R] intent=damage-by-source family=other creep=349 tower=130 hero=1710 mixed=113 death=0 other=129 stale=567 gaps=4'
08/27 12:49:44 [Localization System] CLocalize::FindSafe failed to localize: 'AIB[R] blocked=recover-candidate reason=no_action_capped hp=43 score=44'
08/27 12:49:45 [Localization System] CLocalize::FindSafe failed to localize: 'AIB[R] blocked=visual-hold reason=empty held=2.1 hp=43 repeat=2 hard=false'
08/27 12:49:45 [Localization System] CLocalize::FindSafe failed to localize: 'AIB[R] intent=top-arbiter family=state winner=visual-hold:20 losers=safe-cs:56,hero-over-creep:52,idle-heal:46,emergency-retreat:45,fwd-pullback:44'
08/27 12:49:45 [Localization System] CLocalize::FindSafe failed to localize: 'AIB[R] intent=tick-owner family=other stage=desire/visual-hold reason=ready score=20 band=position'
08/27 12:49:45 [Server] PR:IncrementIdleTime 1:[I:0:0] 2.27
08/27 12:49:45 [Localization System] CLocalize::FindSafe failed to localize: 'AIB[D] intent=recovery-plan family=recover action=lane reason=empty_bottle_no_rune hp=47 mana=87'
08/27 12:49:45 [Localization System] CLocalize::FindSafe failed to localize: 'AIB[D] ability-harass=147 anti-idle-enter=24 anti-idle-lane=14 anti-idle-lowhp-back=8 bottle-heal=2 buy-skip-fountain-floor=1 channel-interrupt-atk=14 channel-interrupt-chase=24 creep-aggro-hit=10 creep-dmg=3 creep-hit-react-aggro-step=3 creep-hit-react-atk=9 creep-hit-react-step=7 critical-recover-hold=1 cs-wait-release=23 cs-wait=14 cs-walk-gap-large=11 cs-walk-gap-small=11 cs-walk-inrange=13 cs-walk-into-pack=9 cs-walk=35 cs-watchdog-atk=1 cs-watchdog-step=6 cw-push-cs-step=3 cw-push=228 deny-act-atk=3 deny-act-walk=17 deny-act=20 deny-cand-doomed=7 deny-cand-tanky=44 empty-bottle-ok=1 fight-hp-behind=10 fountain-stabilize=1 fountain-tp-hold=1 fountain-trip-release=4 fountain-wait=5 fwd-at-position=4 fwd-suppressed-creep=6 fwd-suppressed-cs=3 fwd-suppressed-empty=5 fwd-suppressed-lowhp=6 fwd-suppressed-motor=14 fwd-suppressed-tower=10 fwd-suppressed-visual=6 fwd-suppressed-watchdog=1 heal-blocked-damage=1 heal-inflight-back=1 heal-inflight-hold=1 heal-item=5 heal-want=4 hero-contact-atk=30 hero-contact-chase=10 hero-over-creep=11 hero-pass-atk=17 hero-pass-chase=6 hero-prio-always=1 hero-prio-chase-hold=10 hero-prio-chase=32 idle=11 kill-priority=1 killwin-scan=1180 lane-line-fallback=74 lane-line-suppressed-creep-dmg=1 lane-line-suppressed-creep=5 lane-line-suppressed-empty=1 lane-line-suppressed-heal=8 lane-line-suppressed-lowhp=13 lane-line-suppressed-motor=2 last-hit-urgent=77 low-hp-behind-safe=2 low-hp-creep=5 low-hp-limit=9 melee-pack-release=12 melee-pack-space=16 pre-aig=24 precreep-anchor=36 precreep-hold=1 precreep-park-hold=12 precreep-park=184 prewave-duel-approach=41 prewave-duel-trade=54 prewave-duel-uphill-back=1 recover-safe=11 recover-xp=12 recovery-bottle-active=3 recovery-buy-critical=2 recovery-buy=4 recovery-enemy-near=183 recovery-flask=1 recovery-regen=12 recovery-tango=2 recovery-tp=1 recovery-yield=2 regen-walk=11 tango-heal=2 uphill-reposition=2 uphill-void-under-fire=5 visual-hold-creep=1 visual-hold-lane=7 wave-watch=16'
08/27 12:49:45 [Localization System] CLocalize::FindSafe failed to localize: 'AIB[R] blocked=buy-loop reason=saving target=item_power_treads head=item_belt_of_strength cost=450 gold=284 left=2'
08/27 12:49:45 [Localization System] CLocalize::FindSafe failed to localize: 'AIB[D] intent=damage-by-source family=other creep=424 tower=0 hero=2415 mixed=421 death=0 other=318 stale=190 gaps=2'
08/27 12:49:45 [Localization System] CLocalize::FindSafe failed to localize: 'AIB[D] intent=tick-owner family=other stage=desire/creep-work reason=ready score=39 band=lanework'
08/27 12:49:46 [Localization System] CLocalize::FindSafe failed to localize: 'AIB[R] intent=recovery-plan family=recover action=lane reason=empty_bottle_no_rune hp=44 mana=59'
08/27 12:49:46 [Localization System] CLocalize::FindSafe failed to localize: 'AIB[D] intent=top-arbiter family=state winner=creep-work:38.6 losers=safe-cs:56,hero-over-creep:52,idle-heal:46,emergency-retreat:45,fwd-pullback:44'
08/27 12:49:46 [Localization System] CLocalize::FindSafe failed to localize: 'AIB[D] t=337s hp=47% gold=131 loc=-289,-364 lh=16 dn=1 dg=+7 dlh=+0 bottle=0 lvl=5 front=9869 ehp=-1'
08/27 12:49:47 [Localization System] CLocalize::FindSafe failed to localize: 'AIB[D] blocked=bottle-rune reason=no_close_rune max=1900 waterMax=4700 nearest=inf water=inf mid=173'
08/27 12:49:47 [Localization System] CLocalize::FindSafe failed to localize: 'AIB[D] intent=top-arbiter family=state winner=creep-work:38.6 losers=safe-cs:56,hero-over-creep:52,idle-heal:46,emergency-retreat:45,fwd-pullback:44'
08/27 12:49:47 [Localization System] CLocalize::FindSafe failed to localize: 'AIB[D] intent=tick-owner family=other stage=desire/creep-work reason=ready score=39 band=lanework'
08/27 12:49:48 [Localization System] CLocalize::FindSafe failed to localize: 'AIB[R] blocked=bottle-rune reason=no_close_rune max=1900 waterMax=4700 nearest=inf water=inf mid=437'
08/27 12:49:48 [Localization System] CLocalize::FindSafe failed to localize: 'AIB[R] blocked=recovery-rune-bottle reason=no_close_rune max=3600 waterMax=4700 nearest=inf water=inf mid=437'
08/27 12:49:48 [Localization System] CLocalize::FindSafe failed to localize: 'AIB[R] blocked=visual-hold reason=empty held=2.1 hp=46 repeat=3 hard=true'
08/27 12:49:48 [Localization System] CLocalize::FindSafe failed to localize: 'AIB[R] intent=top-arbiter family=state winner=visual-hold:20 losers=safe-cs:56,hero-over-creep:52,idle-heal:46,emergency-retreat:45,fwd-pullback:44'
08/27 12:49:48 [Localization System] CLocalize::FindSafe failed to localize: 'AIB[R] intent=tick-owner family=other stage=desire/visual-hold reason=ready score=20 band=position'
08/27 12:49:48 [Server] PR:IncrementIdleTime 1:[I:0:0] 2.13
08/27 12:49:48 [Localization System] CLocalize::FindSafe failed to localize: 'AIB[D] blocked=buy-tp reason=recent_tp since=66'
08/27 12:49:49 [Localization System] CLocalize::FindSafe failed to localize: 'AIB[D] intent=top-arbiter family=state winner=creep-work:38.6 losers=safe-cs:56,hero-over-creep:52,idle-heal:46,emergency-retreat:45,fwd-pullback:44'
08/27 12:49:49 [Localization System] CLocalize::FindSafe failed to localize: 'AIB[R] t=340s hp=46% gold=290 loc=-1103,-935 enemy-dist=994 lh=27 dn=6 dg=+8 dlh=+0 bottle=0 lvl=6 front=8256 ehp=49'
08/27 12:49:49 [Localization System] CLocalize::FindSafe failed to localize: 'AIB[R] blocked=uphill-repo reason=not_trading'
08/27 12:49:49 [Localization System] CLocalize::FindSafe failed to localize: 'AIB[D] blocked=recovery-rune-bottle reason=no_close_rune max=3600 waterMax=4700 nearest=inf water=inf mid=173'
08/27 12:49:49 [Localization System] CLocalize::FindSafe failed to localize: 'AIB[R] blocked=fight-candidate reason=no_action_capped hp=46 score=40'
08/27 12:49:50 [Localization System] CLocalize::FindSafe failed to localize: 'AIB[D] intent=tick-owner family=other stage=desire/creep-work reason=ready score=39 band=lanework'
08/27 12:49:50 [Localization System] CLocalize::FindSafe failed to localize: 'AIB[R] blocked=recovery-buy reason=budget_cap hp=46 gold=291 count=2 allow=2'
08/27 12:49:50 [Localization System] CLocalize::FindSafe failed to localize: 'AIB[D] intent=recovery-policy family=recover action=recover hp=24 gate=35 source=early-low'
08/27 12:49:50 [Localization System] CLocalize::FindSafe failed to localize: 'AIB[D] intent=recovery-plan family=recover action=back reason=post_fight_regen hp=24'
08/27 12:49:50 [Localization System] CLocalize::FindSafe failed to localize: 'AIB[D] intent=state-recover-safe family=state ttl=5 reason=post_fight_regen hp=24 dist=1853'
08/27 12:49:50 [Localization System] CLocalize::FindSafe failed to localize: 'AIB[D] blocked=buy-loop reason=saving target=item_magic_wand head=item_magic_stick cost=200 gold=38 left=2'
08/27 12:49:51 [Localization System] CLocalize::FindSafe failed to localize: 'AIB[D] t=342s hp=25% gold=39 loc=-91,-156 enemy-dist=765 lh=16 dn=1 dg=-92 dlh=+0 bottle=0 lvl=5 front=9671 ehp=47'
08/27 12:49:52 [Localization System] CLocalize::FindSafe failed to localize: 'AIB[D] intent=tick-owner family=other stage=laning-core'
08/27 12:49:52 [Localization System] CLocalize::FindSafe failed to localize: 'AIB[D] intent=recovery-policy family=recover action=recover hp=25 gate=35 source=early-low'
08/27 12:49:52 [Localization System] CLocalize::FindSafe failed to localize: 'AIB[D] intent=state-recover-safe family=state ttl=2 reason=regen_lane hp=26 dist=1106'
08/27 12:49:53 [Localization System] CLocalize::FindSafe failed to localize: 'AIB[R] blocked=buy-loop reason=saving target=item_power_treads head=item_belt_of_strength cost=450 gold=347 left=2'
08/27 12:49:53 [Localization System] CLocalize::FindSafe failed to localize: 'AIB[R] blocked=kill-lock reason=chase_into_tower dist=654 ehp=26'
08/27 12:49:53 [Localization System] CLocalize::FindSafe failed to localize: 'AIB[R] intent=recovery-yield-kill family=fight dist=654 hp=48 ehp=26 exec=false atk=true mutual=false'
08/27 12:49:53 [Localization System] CLocalize::FindSafe failed to localize: 'AIB[R] intent=state-desire-fight family=state base=78 hp_adv=8 execute=20 dist=654 hp=48 ehp=26 reason=enemy_seen score=106'
08/27 12:49:53 [Localization System] CLocalize::FindSafe failed to localize: 'AIB[R] intent=hero-contact family=fight dist=654 hp=48 reason=close_enemy'
08/27 12:49:53 [Localization System] CLocalize::FindSafe failed to localize: 'AIB[R] intent=top-arbiter family=state winner=fight:106 losers=safe-cs:56,hero-over-creep:52,idle-heal:46,emergency-retreat:45,fwd-pullback:44'
08/27 12:49:53 [Localization System] CLocalize::FindSafe failed to localize: 'AIB[R] intent=tick-owner family=other stage=desire/fight base=78 hp_adv=8 execute=20 dist=654 hp=48 ehp=26 reason=enemy_seen score=106'
08/27 12:49:54 [Localization System] CLocalize::FindSafe failed to localize: 'AIB[R] blocked=hero-pass reason=chase_into_tower hp=48'
08/27 12:49:54 [Localization System] CLocalize::FindSafe failed to localize: 'AIB[R] blocked=top-arbiter reason=empty_action winner=fight score=124'
08/27 12:49:54 [Localization System] CLocalize::FindSafe failed to localize: 'AIB[R] intent=cs-watchdog family=farm lh=28 idle=19 creep_hp=897 dist=227'
08/27 12:49:54 [Localization System] CLocalize::FindSafe failed to localize: 'AIB[D] intent=tick-owner family=other stage=laning-core'
08/27 12:49:54 [Localization System] CLocalize::FindSafe failed to localize: 'AIB[R] t=345s hp=49% gold=348 loc=163,-39 enemy-dist=618 lh=28 dn=6 dg=+58 dlh=+1 bottle=0 lvl=6 front=8588 ehp=27'
08/27 12:49:54 [Localization System] CLocalize::FindSafe failed to localize: 'AIB[D] intent=recovery-policy family=recover action=recover hp=27 gate=35 source=early-low'
08/27 12:49:55 [Localization System] CLocalize::FindSafe failed to localize: 'AIB[D] blocked=bottle-rune reason=no_close_rune max=1900 waterMax=4700 nearest=inf water=inf mid=220'
08/27 12:49:55 [Localization System] CLocalize::FindSafe failed to localize: 'AIB[D] intent=recovery-plan family=recover action=back reason=post_fight_regen hp=27'
08/27 12:49:55 [Localization System] CLocalize::FindSafe failed to localize: 'AIB[D] intent=state-recover-safe family=state ttl=5 reason=post_fight_regen hp=27 dist=542'
08/27 12:49:55 [Localization System] CLocalize::FindSafe failed to localize: 'AIB[D] blocked=fountain-floor reason=heal_in_flight hp=27 flask=false inflight=item_flask'
08/27 12:49:56 [Localization System] CLocalize::FindSafe failed to localize: 'AIB[D] intent=tick-owner family=other stage=laning-core'
08/27 12:49:56 [Localization System] CLocalize::FindSafe failed to localize: 'AIB[D] t=347s hp=28% gold=47 loc=730,659 enemy-dist=1407 lh=16 dn=1 dg=+8 dlh=+0 bottle=0 lvl=5 front=9671 ehp=39'
08/27 12:49:56 [Localization System] CLocalize::FindSafe failed to localize: 'AIB[D] intent=recovery-policy family=recover action=recover hp=28 gate=35 source=early-low'
08/27 12:49:56 **** Panel Hint has fill-parent-flow for width, but isn't in a flowing right layout
08/27 12:49:57 [Localization System] CLocalize::FindSafe failed to localize: 'AIB[D] blocked=recovery-rune-bottle reason=no_close_rune max=3600 waterMax=4700 nearest=inf water=inf mid=233'
08/27 12:49:58 [Localization System] CLocalize::FindSafe failed to localize: 'AIB[D] intent=tick-owner family=other stage=laning-core'
08/27 12:49:58 [Localization System] CLocalize::ConstructString failed to localize: '#DOTA_Tooltip_Ability_nevermore_dark_lord_SummaryDescription'
08/27 12:49:58 [Localization System] CLocalize::FindSafe failed to localize: 'AIB[D] intent=recovery-policy family=recover action=recover hp=29 gate=35 source=early-low'
08/27 12:49:58 [Localization System] CLocalize::FindSafe failed to localize: 'AIB[D] blocked=buy-loop reason=saving target=item_magic_wand head=item_magic_stick cost=200 gold=50 left=2'
08/27 12:49:59 [Localization System] CLocalize::FindSafe failed to localize: 'AIB[D] intent=recovery-plan family=recover action=back reason=heal_in_flight hp=29'
08/27 12:50:00 [Localization System] CLocalize::FindSafe failed to localize: 'AIB[D] intent=tick-owner family=other stage=laning-core'
08/27 12:50:00 [Localization System] CLocalize::FindSafe failed to localize: 'AIB[D] intent=recovery-policy family=recover action=recover hp=30 gate=35 source=early-low'
08/27 12:50:00 [Localization System] CLocalize::FindSafe failed to localize: 'AIB[D] blocked=fountain-floor reason=heal_in_flight hp=30 flask=false inflight=item_flask'
08/27 12:50:01 [Localization System] CLocalize::FindSafe failed to localize: 'AIB[R] t=351s hp=34% gold=358 loc=-1410,-1178 lh=28 dn=6 dg=+10 dlh=+0 bottle=0 lvl=6 front=8660 ehp=-1'
08/27 12:50:01 [Localization System] CLocalize::FindSafe failed to localize: 'AIB[R] intent=damage-by-source family=other creep=349 tower=130 hero=1710 mixed=113 death=0 other=129 stale=697 gaps=5'
08/27 12:50:01 [Localization System] CLocalize::FindSafe failed to localize: 'AIB[R] intent=recovery-policy family=recover action=recover hp=34 gate=35 source=early-low'
08/27 12:50:01 [Localization System] CLocalize::FindSafe failed to localize: 'AIB[R] intent=recovery-plan family=recover action=rune_stage reason=power source=bottle-rune dist=2302 eta=9'
08/27 12:50:01 [Localization System] CLocalize::FindSafe failed to localize: 'AIB[R] intent=state-rune-commit family=rune source=bottle-rune phase=power ttl=9 dist=2302 eta=9'
08/27 12:50:01 [Localization System] CLocalize::FindSafe failed to localize: 'AIB[R] intent=rune-transaction family=rune source=bottle-rune phase=power ttl=9 dist=2302 eta=9'
08/27 12:50:01 [Localization System] CLocalize::FindSafe failed to localize: 'AIB[R] intent=bottle-rune family=rune dist=2302 eta=9 reason=stage'
08/27 12:50:01 [Localization System] CLocalize::FindSafe failed to localize: 'AIB[R] intent=tick-owner family=other stage=laning-core'
08/27 12:50:01 [Localization System] CLocalize::FindSafe failed to localize: 'AIB[D] intent=damage-by-source family=other creep=424 tower=0 hero=2614 mixed=421 death=0 other=318 stale=190 gaps=2'
08/27 12:50:01 [Localization System] CLocalize::FindSafe failed to localize: 'AIB[D] t=352s hp=34% gold=54 loc=288,256 lh=16 dn=1 dg=+7 dlh=+0 bottle=0 lvl=5 front=9921 ehp=-1'
08/27 12:50:01 [Localization System] CLocalize::FindSafe failed to localize: 'AIB[R] blocked=buy-loop reason=saving target=item_power_treads head=item_belt_of_strength cost=450 gold=359 left=2'
08/27 12:50:02 [Localization System] CLocalize::FindSafe failed to localize: 'AIB[D] blocked=recover-candidate reason=no_action_capped hp=36 score=44'
08/27 12:50:02 [Localization System] CLocalize::FindSafe failed to localize: 'AIB[D] blocked=fountain-floor reason=rune_due hp=36 eta=8 rune=1721 home=8553'
08/27 12:50:02 [Localization System] CLocalize::FindSafe failed to localize: 'AIB[D] intent=recovery-plan family=recover action=rune_stage reason=floor_deferred hp=36 eta=8'
08/27 12:50:02 [Localization System] CLocalize::FindSafe failed to localize: 'AIB[D] intent=top-arbiter family=state winner=idle-heal:46 losers=safe-cs:56,hero-over-creep:52,emergency-retreat:45,fwd-pullback:44,emergency-kill:43.5'
08/27 12:50:02 [Server] PR:IncrementIdleTime 6:[I:0:0] 2.13
08/27 12:50:02 [Localization System] CLocalize::FindSafe failed to localize: 'AIB[D] intent=tick-owner family=other stage=laning-core'
08/27 12:50:02 [Localization System] CLocalize::FindSafe failed to localize: 'AIB[D] blocked=harass reason=own_heal_running'
08/27 12:50:02 [Localization System] CLocalize::FindSafe failed to localize: 'AIB[D] blocked=cs-watchdog reason=no_creep lh=16 idle=22'
08/27 12:50:02 [Localization System] CLocalize::FindSafe failed to localize: 'AIB[R] blocked=recover-candidate reason=no_action_capped hp=35 score=44'
08/27 12:50:02 [Localization System] CLocalize::FindSafe failed to localize: 'AIB[R] intent=top-arbiter family=state winner=idle-heal:46 losers=safe-cs:56,hero-over-creep:52,emergency-retreat:45,fwd-pullback:44,emergency-kill:43.5'
08/27 12:50:02 [Localization System] CLocalize::FindSafe failed to localize: 'AIB[D] intent=state-rune-commit family=rune source=bottle-rune phase=power ttl=7 dist=1548 eta=7'
08/27 12:50:02 [Localization System] CLocalize::FindSafe failed to localize: 'AIB[D] intent=rune-transaction family=rune source=bottle-rune phase=power ttl=7 dist=1548 eta=7'
08/27 12:50:02 [Localization System] CLocalize::FindSafe failed to localize: 'AIB[D] intent=bottle-rune family=rune dist=1548 eta=7 reason=stage'
08/27 12:50:03 [Localization System] CLocalize::FindSafe failed to localize: 'AIB[R] intent=recovery-plan family=recover action=rune_stage reason=stage_follow source=bottle-rune dist=1547 eta=7'
08/27 12:50:03 [Localization System] CLocalize::FindSafe failed to localize: 'AIB[R] intent=state-rune-commit family=rune source=bottle-rune phase=stage_follow ttl=7 dist=1547 eta=7'
08/27 12:50:03 [Localization System] CLocalize::FindSafe failed to localize: 'AIB[R] intent=rune-transaction family=rune source=bottle-rune phase=stage_follow ttl=7 dist=1547 eta=7'
08/27 12:50:03 [Localization System] CLocalize::FindSafe failed to localize: 'AIB[R] intent=tick-owner family=other stage=laning-core'
08/27 12:50:03 [Localization System] CLocalize::FindSafe failed to localize: 'AIB[D] intent=top-arbiter family=state winner=idle-heal:46 losers=safe-cs:56,hero-over-creep:52,emergency-retreat:45,fwd-pullback:44,emergency-kill:43.5'
08/27 12:50:04 [Localization System] CLocalize::FindSafe failed to localize: 'AIB[D] intent=recovery-plan family=recover action=rune_stage reason=stage_follow source=bottle-rune dist=1226 eta=6'
08/27 12:50:04 [Localization System] CLocalize::FindSafe failed to localize: 'AIB[R] intent=top-arbiter family=state winner=idle-heal:46 losers=safe-cs:56,hero-over-creep:52,emergency-retreat:45,fwd-pullback:44,emergency-kill:43.5'
08/27 12:50:04 [Localization System] CLocalize::FindSafe failed to localize: 'AIB[D] intent=tick-owner family=other stage=laning-core'
08/27 12:50:05 [Localization System] CLocalize::FindSafe failed to localize: 'AIB[D] intent=state-rune-commit family=rune source=bottle-rune phase=stage_follow ttl=5 dist=913 eta=5'
08/27 12:50:05 [Localization System] CLocalize::FindSafe failed to localize: 'AIB[D] intent=rune-transaction family=rune source=bottle-rune phase=stage_follow ttl=5 dist=913 eta=5'
08/27 12:50:05 [Localization System] CLocalize::FindSafe failed to localize: 'AIB[D] intent=top-arbiter family=state winner=idle-heal:46 losers=safe-cs:56,hero-over-creep:52,emergency-retreat:45,fwd-pullback:44,emergency-kill:43.5'
08/27 12:50:05 [Localization System] CLocalize::FindSafe failed to localize: 'AIB[R] intent=tick-owner family=other stage=laning-core'
08/27 12:50:05 [Localization System] CLocalize::FindSafe failed to localize: 'AIB[R] intent=recovery-plan family=recover action=rune_stage reason=stage_follow source=bottle-rune dist=848 eta=4'
08/27 12:50:05 [Localization System] CLocalize::FindSafe failed to localize: 'AIB[R] intent=state-rune-commit family=rune source=bottle-rune phase=stage_follow ttl=4 dist=848 eta=4'
08/27 12:50:05 [Localization System] CLocalize::FindSafe failed to localize: 'AIB[R] intent=rune-transaction family=rune source=bottle-rune phase=stage_follow ttl=4 dist=848 eta=4'
08/27 12:50:05 [Localization System] CLocalize::FindSafe failed to localize: 'AIB[R] blocked=recover-candidate reason=no_action_capped hp=37 score=44'
08/27 12:50:05 [Localization System] CLocalize::FindSafe failed to localize: 'AIB[R] intent=top-arbiter family=state winner=idle-heal:46 losers=safe-cs:56,hero-over-creep:52,emergency-retreat:45,fwd-pullback:44,emergency-kill:43.5'
08/27 12:50:06 [Localization System] CLocalize::FindSafe failed to localize: 'AIB[R] t=356s hp=37% gold=366 loc=-1753,505 lh=28 dn=6 dg=+8 dlh=+0 bottle=0 lvl=6 front=8660 ehp=-1'
08/27 12:50:06 [Localization System] CLocalize::FindSafe failed to localize: 'AIB[D] intent=recovery-plan family=recover action=rune_stage reason=stage_follow source=bottle-rune dist=577 eta=4'
08/27 12:50:06 [Localization System] CLocalize::FindSafe failed to localize: 'AIB[D] intent=tick-owner family=other stage=laning-core'
08/27 12:50:06 [Localization System] CLocalize::FindSafe failed to localize: 'AIB[D] intent=top-arbiter family=state winner=idle-heal:46 losers=hero-over-creep:52,emergency-retreat:45,fwd-pullback:44,emergency-kill:43.5,uphill:43'
08/27 12:50:06 [Localization System] CLocalize::FindSafe failed to localize: 'AIB[D] t=357s hp=56% gold=62 loc=1070,-816 lh=16 dn=1 dg=+8 dlh=+0 bottle=0 lvl=5 front=9853 ehp=-1'
08/27 12:50:06 [Localization System] CLocalize::FindSafe failed to localize: 'AIB[D] blocked=buy-loop reason=saving target=item_magic_wand head=item_magic_stick cost=200 gold=62 left=2'
08/27 12:50:07 [Localization System] CLocalize::FindSafe failed to localize: 'AIB[R] intent=tick-owner family=other stage=laning-core'
08/27 12:50:07 [Localization System] CLocalize::FindSafe failed to localize: 'AIB[D] intent=state-rune-commit family=rune source=bottle-rune phase=stage_follow ttl=3 dist=272 eta=3'
08/27 12:50:07 [Localization System] CLocalize::FindSafe failed to localize: 'AIB[D] intent=rune-transaction family=rune source=bottle-rune phase=stage_follow ttl=3 dist=272 eta=3'
08/27 12:50:07 [Localization System] CLocalize::FindSafe failed to localize: 'AIB[R] intent=top-arbiter family=state winner=idle-heal:46 losers=safe-cs:56,hero-over-creep:52,emergency-retreat:45,fwd-pullback:44,emergency-kill:43.5'
08/27 12:50:07 [Localization System] CLocalize::FindSafe failed to localize: 'AIB[R] intent=recovery-plan family=recover action=rune_stage reason=stage_hold source=bottle-rune dist=95 eta=2'
08/27 12:50:07 [Localization System] CLocalize::FindSafe failed to localize: 'AIB[R] intent=state-rune-commit family=rune source=bottle-rune phase=stage_hold ttl=2 dist=95 eta=2'
08/27 12:50:07 [Localization System] CLocalize::FindSafe failed to localize: 'AIB[R] intent=rune-transaction family=rune source=bottle-rune phase=stage_hold ttl=2 dist=95 eta=2'
08/27 12:50:07 [Localization System] CLocalize::FindSafe failed to localize: 'AIB[D] intent=recovery-plan family=recover action=rune_stage reason=stage_hold source=bottle-rune dist=99 eta=2'
08/27 12:50:08 [Localization System] CLocalize::FindSafe failed to localize: 'AIB[D] intent=top-arbiter family=state winner=idle-heal:46 losers=hero-over-creep:52,emergency-retreat:45,fwd-pullback:44,emergency-kill:43.5,uphill:43'
08/27 12:50:08 [Localization System] CLocalize::FindSafe failed to localize: 'AIB[D] intent=tick-owner family=other stage=laning-core'
08/27 12:50:08 [Localization System] CLocalize::FindSafe failed to localize: 'AIB[D] intent=state-rune-commit family=rune source=bottle-rune phase=stage_hold ttl=1 dist=0 eta=1'
08/27 12:50:08 [Localization System] CLocalize::FindSafe failed to localize: 'AIB[D] intent=rune-transaction family=rune source=bottle-rune phase=stage_hold ttl=1 dist=0 eta=1'
08/27 12:50:08 [Localization System] CLocalize::FindSafe failed to localize: 'AIB[R] blocked=recover-candidate reason=no_action_capped hp=38 score=44'
08/27 12:50:08 [Localization System] CLocalize::FindSafe failed to localize: 'AIB[R] intent=top-arbiter family=state winner=idle-heal:46 losers=safe-cs:56,hero-over-creep:52,emergency-retreat:45,fwd-pullback:44,emergency-kill:43.5'
08/27 12:50:09 [Localization System] CLocalize::FindSafe failed to localize: 'AIB[R] intent=recovery-plan family=recover action=rune_stage reason=stage_hold source=bottle-rune dist=61 eta=1'
08/27 12:50:09 [Localization System] CLocalize::FindSafe failed to localize: 'AIB[R] intent=state-rune-commit family=rune source=bottle-rune phase=stage_hold ttl=1 dist=61 eta=1'
08/27 12:50:09 [Localization System] CLocalize::FindSafe failed to localize: 'AIB[R] intent=rune-transaction family=rune source=bottle-rune phase=stage_hold ttl=1 dist=61 eta=1'
08/27 12:50:09 [Localization System] CLocalize::FindSafe failed to localize: 'AIB[R] intent=state-desire-recover family=state base=74 danger=28 hp=38 reason=hp_gate score=102'
08/27 12:50:09 [Localization System] CLocalize::FindSafe failed to localize: 'AIB[R] intent=recovery-policy family=recover action=recover hp=38 gate=55 source=lane-low'
08/27 12:50:09 [Localization System] CLocalize::FindSafe failed to localize: 'AIB[R] intent=tick-owner family=other stage=desire/recover base=74 danger=28 hp=38 reason=hp_gate score=102'
08/27 12:50:09 [Localization System] CLocalize::FindSafe failed to localize: 'AIB[D] intent=recovery-plan family=recover action=rune_stage reason=stage_hold source=bottle-rune dist=68 eta=0'
08/27 12:50:09 [Localization System] CLocalize::FindSafe failed to localize: 'AIB[D] intent=top-arbiter family=state winner=idle-heal:46 losers=hero-over-creep:52,emergency-retreat:45,fwd-pullback:44,emergency-kill:43.5,uphill:43'
08/27 12:50:09 [Localization System] CLocalize::FindSafe failed to localize: 'AIB[R] blocked=buy-loop reason=saving target=item_power_treads head=item_belt_of_strength cost=450 gold=371 left=2'
08/27 12:50:09 [Localization System] CLocalize::FindSafe failed to localize: 'AIB[R] intent=rune-ground-truth family=rune id=0 status=1 t=360'
08/27 12:50:09 [Localization System] CLocalize::FindSafe failed to localize: 'AIB[R] intent=bottle-rune family=rune dist=61 hp=41 mana=52 reason=start'
08/27 12:50:10 [Localization System] CLocalize::FindSafe failed to localize: 'AIB[D] intent=rune-ground-truth family=rune id=0 status=0 t=360'
08/27 12:50:10 CGameParticleManager::SetParticleControlEnt: Unable to lookup attachment "attach_hitloc" on model "" for entity "npc_dota_hero_nevermore"
08/27 12:50:10 CGameParticleManager::SetParticleControlEnt: Unable to lookup attachment "attach_hitloc" on model "" for entity "npc_dota_hero_nevermore"
08/27 12:50:10 [Localization System] CLocalize::FindSafe failed to localize: 'AIB[R] intent=rune-ground-truth family=rune id=0 status=2 t=360'
08/27 12:50:10 [Localization System] CLocalize::FindSafe failed to localize: 'AIB[R] blocked=recovery-flask reason=already_healing hp=42'
08/27 12:50:10 [Localization System] CLocalize::FindSafe failed to localize: 'AIB[R] blocked=recovery-owner reason=rune_commit hp=42'
08/27 12:50:10 [Localization System] CLocalize::FindSafe failed to localize: 'AIB[R] blocked=top-arbiter reason=empty_action winner=recover score=92'
08/27 12:50:10 [Localization System] CLocalize::FindSafe failed to localize: 'AIB[R] intent=recovery-owner family=recover band=soft threat=false mode=fwd-pullback hp=42'
08/27 12:50:10 [Localization System] CLocalize::FindSafe failed to localize: 'AIB[D] intent=state-rune-commit family=rune source=bottle-rune phase=stage_hold ttl=0 dist=10 eta=-1'
08/27 12:50:10 [Localization System] CLocalize::FindSafe failed to localize: 'AIB[D] intent=rune-transaction family=rune source=bottle-rune phase=stage_hold ttl=0 dist=10 eta=-1'
08/27 12:50:10 [Localization System] CLocalize::FindSafe failed to localize: 'AIB[R] intent=top-arbiter family=state winner=fwd-pullback:44 losers=recover:74,safe-cs:56,hero-over-creep:52,idle-heal:46,emergency-retreat:45'
08/27 12:50:10 [Localization System] CLocalize::FindSafe failed to localize: 'AIB[D] intent=tick-owner family=other stage=laning-core'
08/27 12:50:11 [Localization System] CLocalize::FindSafe failed to localize: 'AIB[D] intent=recovery-plan family=recover action=rune_stage reason=stage_hold source=bottle-rune dist=28 eta=-1'
08/27 12:50:11 [Localization System] CLocalize::FindSafe failed to localize: 'AIB[R] t=361s hp=47% gold=373 loc=-1715,933 lh=28 dn=6 dg=+7 dlh=+0 bottle=2 lvl=6 front=8660 ehp=-1'
08/27 12:50:11 [Localization System] CLocalize::FindSafe failed to localize: 'AIB[R] blocked=harass reason=own_heal_running'
08/27 12:50:11 [Localization System] CLocalize::ConstructString failed to localize: '#DOTA_Tooltip_Ability_nevermore_shadowraze3_SummaryDescription'
08/27 12:50:11 [Localization System] CLocalize::FindSafe failed to localize: 'AIB[D] intent=top-arbiter family=state winner=idle-heal:46 losers=hero-over-creep:52,emergency-retreat:45,fwd-pullback:44,emergency-kill:43.5,uphill:43'
08/27 12:50:11 [Localization System] CLocalize::FindSafe failed to localize: 'AIB[D] blocked=bottle-rune reason=stage_dead_window eta=-2 nearest=inf'
08/27 12:50:11 [Localization System] CLocalize::FindSafe failed to localize: 'AIB[D] blocked=recovery-rune-bottle reason=stage_done eta=-2 closed=1'
08/27 12:50:11 [Localization System] CLocalize::FindSafe failed to localize: 'AIB[D] blocked=harass reason=own_heal_running'
08/27 12:50:11 [Localization System] CLocalize::FindSafe failed to localize: 'AIB[D] blocked=cs-watchdog reason=no_creep lh=16 idle=31'
08/27 12:50:11 [Localization System] CLocalize::FindSafe failed to localize: 'AIB[R] intent=tick-owner family=other stage=laning-core'
08/27 12:50:11 [Localization System] CLocalize::FindSafe failed to localize: 'AIB[D] blocked=bottle-rune reason=stage_done eta=-2 closed=1'
08/27 12:50:11 [Localization System] CLocalize::ConstructString failed to localize: '#DOTA_Tooltip_Ability_nevermore_frenzy_SummaryDescription'
08/27 12:50:11 [Localization System] CLocalize::FindSafe failed to localize: 'AIB[D] t=362s hp=77% gold=70 loc=1093,-1068 lh=16 dn=1 dg=+8 dlh=+0 bottle=0 lvl=5 front=9853 ehp=-1'
08/27 12:50:11 [Localization System] CLocalize::ConstructString failed to localize: '#DOTA_Tooltip_Ability_nevermore_requiem_SummaryDescription'
08/27 12:50:12 [Localization System] CLocalize::FindSafe failed to localize: 'AIB[R] intent=top-arbiter family=state winner=anti-idle:2 losers=safe-cs:56,hero-over-creep:52,idle-heal:46,emergency-retreat:45,fwd-pullback:44'
08/27 12:50:12 [Localization System] CLocalize::FindSafe failed to localize: 'AIB[D] intent=tick-owner family=other stage=laning-core'
08/27 12:50:12 [Localization System] CLocalize::FindSafe failed to localize: 'AIB[D] intent=top-arbiter family=state winner=anti-idle:2 losers=hero-over-creep:52,idle-heal:46,emergency-retreat:45,fwd-pullback:44,emergency-kill:43.5'
08/27 12:50:13 [Localization System] CLocalize::FindSafe failed to localize: 'AIB[R] intent=top-arbiter family=state winner=idle-heal:46 losers=hero-over-creep:52,emergency-retreat:45,fwd-pullback:44,emergency-kill:43.5,uphill:43'
08/27 12:50:13 [Localization System] CLocalize::FindSafe failed to localize: 'AIB[R] intent=tick-owner family=other stage=desire/idle-heal reason=ready score=46 band=lanework'
08/27 12:50:14 [Localization System] CLocalize::FindSafe failed to localize: 'AIB[D] intent=top-arbiter family=state winner=anti-idle:2 losers=hero-over-creep:52,idle-heal:46,emergency-retreat:45,fwd-pullback:44,emergency-kill:43.5'
08/27 12:50:14 [Localization System] CLocalize::FindSafe failed to localize: 'AIB[D] intent=tick-owner family=other stage=laning-core'
08/27 12:50:14 [Localization System] CLocalize::FindSafe failed to localize: 'AIB[D] blocked=buy-loop reason=saving target=item_magic_wand head=item_magic_stick cost=200 gold=74 left=2'
08/27 12:50:15 [Localization System] CLocalize::FindSafe failed to localize: 'AIB[R] intent=top-arbiter family=state winner=creep-work:38.8 losers=hero-over-creep:52,idle-heal:46,emergency-retreat:45,fwd-pullback:44,emergency-kill:43.5'
08/27 12:50:15 [Localization System] CLocalize::FindSafe failed to localize: 'AIB[R] blocked=harass reason=own_heal_running'
08/27 12:50:15 [Localization System] CLocalize::FindSafe failed to localize: 'AIB[D] blocked=hero-prio-chase reason=lane_work dist=1354 cs=true creep=false hp_adv=false kill_pressure=false close=false low_farm=false lane_override=false'
08/27 12:50:15 [Localization System] CLocalize::FindSafe failed to localize: 'AIB[D] intent=lane-line-episode family=other dist=1188 fwd=0.56'
08/27 12:50:15 [Localization System] CLocalize::FindSafe failed to localize: 'AIB[R] intent=tick-owner family=other stage=laning-core'
08/27 12:50:15 [Localization System] CLocalize::FindSafe failed to localize: 'AIB[D] intent=cs-watchdog family=farm lh=16 idle=35 creep_hp=253 dist=863'
08/27 12:50:16 [Localization System] CLocalize::FindSafe failed to localize: 'AIB[D] intent=top-arbiter family=state winner=lane-line:18 losers=hero-over-creep:52,idle-heal:46,emergency-retreat:45,fwd-pullback:44,emergency-kill:43.5'
08/27 12:50:16 [Localization System] CLocalize::FindSafe failed to localize: 'AIB[R] intent=damage-by-source family=other creep=349 tower=130 hero=1710 mixed=113 death=0 other=129 stale=697 gaps=5'
08/27 12:50:16 [Localization System] CLocalize::FindSafe failed to localize: 'AIB[D] intent=damage-by-source family=other creep=424 tower=0 hero=2614 mixed=421 death=0 other=318 stale=190 gaps=2'
08/27 12:50:16 [Localization System] CLocalize::FindSafe failed to localize: 'AIB[R] t=366s hp=90% gold=381 loc=-726,-200 lh=28 dn=6 dg=+8 dlh=+0 bottle=1 lvl=6 front=8611 ehp=-1'
08/27 12:50:16 [Localization System] CLocalize::FindSafe failed to localize: 'AIB[D] blocked=channel-interrupt reason=unsafe dist=1021 hp=87 kind=heal'
08/27 12:50:16 Script function 'Think' on bot npc_dota_hero_nevermore took 2.164ms
08/27 12:50:16 [Localization System] CLocalize::FindSafe failed to localize: 'AIB[R] intent=top-arbiter family=state winner=creep-work:38.8 losers=hero-over-creep:52,idle-heal:46,emergency-retreat:45,fwd-pullback:44,emergency-kill:43.5'
08/27 12:50:16 [Localization System] CLocalize::FindSafe failed to localize: 'AIB[D] blocked=fight-candidate reason=no_action_capped hp=87 score=40'
08/27 12:50:16 [Localization System] CLocalize::FindSafe failed to localize: 'AIB[D] intent=tick-owner family=other stage=laning-core'
08/27 12:50:17 [Localization System] CLocalize::FindSafe failed to localize: 'AIB[D] t=367s hp=87% gold=77 loc=91,-229 enemy-dist=818 lh=16 dn=1 dg=+7 dlh=+0 bottle=0 lvl=5 front=9853 ehp=93'
08/27 12:50:17 [Localization System] CLocalize::FindSafe failed to localize: 'AIB[D] blocked=recovery-buy reason=budget_cap hp=87 gold=77 count=2 allow=2'
08/27 12:50:17 [Localization System] CLocalize::FindSafe failed to localize: 'AIB[D] intent=channel-interrupt family=fight dist=757 hp=87 kind=heal reason=enemy_heal'
08/27 12:50:17 [Localization System] CLocalize::FindSafe failed to localize: 'AIB[R] intent=tick-owner family=other stage=laning-core'
08/27 12:50:17 [Localization System] CLocalize::FindSafe failed to localize: 'AIB[R] blocked=buy-loop reason=saving target=item_power_treads head=item_belt_of_strength cost=450 gold=383 left=2'
08/27 12:50:17 [Localization System] CLocalize::FindSafe failed to localize: 'AIB[R] intent=recovery-plan family=recover action=bottle reason=charges hp=75 mana=83 charges=1'
08/27 12:50:18 [Localization System] CLocalize::FindSafe failed to localize: 'AIB[R] intent=bottle-rune family=rune reason=gone'
08/27 12:50:18 [Localization System] CLocalize::FindSafe failed to localize: 'AIB[R] intent=rune-result family=rune source=bottle-rune result=gone age=8'
08/27 12:50:18 [Localization System] CLocalize::FindSafe failed to localize: 'AIB[R] blocked=bottle-rune reason=cooldown left=6'
08/27 12:50:18 [Localization System] CLocalize::FindSafe failed to localize: 'AIB[R] intent=top-arbiter family=state winner=creep-work:38.8 losers=hero-over-creep:52,idle-heal:46,emergency-retreat:45,fwd-pullback:44,emergency-kill:43.5'
08/27 12:50:18 [Localization System] CLocalize::FindSafe failed to localize: 'AIB[D] intent=state-desire-fight family=state base=78 range=18 hp_adv=8 execute=20 dist=578 hp=88 ehp=53 reason=enemy_seen score=124'
08/27 12:50:18 [Localization System] CLocalize::FindSafe failed to localize: 'AIB[D] intent=hero-contact family=fight dist=578 hp=88 reason=attackable_enemy'
08/27 12:50:18 [Localization System] CLocalize::FindSafe failed to localize: 'AIB[D] intent=top-arbiter family=state winner=fight:124 losers=hero-over-creep:52,idle-heal:46,emergency-retreat:45,fwd-pullback:44,emergency-kill:43.5'
08/27 12:50:18 [Localization System] CLocalize::FindSafe failed to localize: 'AIB[R] intent=state-desire-recover family=state base=74 hp=53 reason=hp_gate score=74'
08/27 12:50:18 [Localization System] CLocalize::FindSafe failed to localize: 'AIB[R] intent=recovery-policy family=recover action=recover hp=53 gate=55 source=lane-low'
08/27 12:50:18 [Localization System] CLocalize::FindSafe failed to localize: 'AIB[R] blocked=recovery-rune-bottle reason=cooldown left=5'
08/27 12:50:19 [Localization System] CLocalize::FindSafe failed to localize: 'AIB[D] intent=tick-owner family=other stage=laning-core'
08/27 12:50:19 [Localization System] CLocalize::FindSafe failed to localize: 'AIB[R] blocked=recover-candidate reason=no_action_capped hp=54 score=44'
08/27 12:50:19 [Localization System] CLocalize::FindSafe failed to localize: 'AIB[R] intent=state-recover-xp family=state ttl=5 reason=post_fight_regen hp=54 dist=516'
08/27 12:50:19 [Server] Client (account 0) tried to execute invalid order (101). Ability can't be cast with a position
08/27 12:50:19 [Localization System] CLocalize::FindSafe failed to localize: 'AIB[R] intent=state-desire-fight family=state base=78 range=18 dist=568 hp=55 ehp=88 reason=enemy_seen score=96'
08/27 12:50:19 [Localization System] CLocalize::FindSafe failed to localize: 'AIB[R] intent=state-desire-last-hit family=farm dist=475 reason=killable_creep score=140'
08/27 12:50:19 [Server] Client (account 0) tried to execute invalid order (101). Ability can't be cast with a position
08/27 12:50:19 [Localization System] CLocalize::FindSafe failed to localize: 'AIB[R] intent=tick-owner family=other stage=laning-core'
08/27 12:50:19 [Localization System] CLocalize::FindSafe failed to localize: 'AIB[R] blocked=ability-pressure reason=hp_disadv dist=568 hp=48 ehp=87'
08/27 12:50:19 [Localization System] CLocalize::FindSafe failed to localize: 'AIB[R] intent=hero-contact family=fight dist=568 hp=48 reason=attackable_enemy'
08/27 12:50:19 [Localization System] CLocalize::FindSafe failed to localize: 'AIB[R] intent=top-arbiter family=state winner=fight:114 losers=safe-cs:56,hero-over-creep:52,idle-heal:46,emergency-retreat:45,fwd-pullback:44'
08/27 12:50:19 [Localization System] CLocalize::FindSafe failed to localize: 'AIB[D] intent=arbiter family=fight winner=hero-pass:105 losers=creep-aggro:10'
08/27 12:50:19 [Localization System] CLocalize::FindSafe failed to localize: 'AIB[D] intent=hero-pass family=fight dist=568 hp=87 reason=nearby_enemy'
08/27 12:50:20 [Localization System] CLocalize::FindSafe failed to localize: 'AIB[R] intent=hero-pass family=fight dist=568 hp=48 reason=nearby_enemy'
08/27 12:50:20 [Localization System] CLocalize::FindSafe failed to localize: 'AIB[R] intent=state-desire-safety family=state base=108 creep_dmg=8 hp=47 creep=true hero=true reason=recent_damage score=116'
08/27 12:50:20 [Localization System] CLocalize::FindSafe failed to localize: 'AIB[R] intent=creep-hit-react family=safety dist=454 hp=47 hits=1 reason=edge_attack'
08/27 12:50:20 [Localization System] CLocalize::FindSafe failed to localize: 'AIB[D] blocked=creep-aggro reason=chip_ignored hp=87 hits=1'
08/27 12:50:20 [Localization System] CLocalize::FindSafe failed to localize: 'AIB[D] blocked=top-arbiter reason=empty_action winner=fight score=142'
08/27 12:50:20 [Localization System] CLocalize::FindSafe failed to localize: 'AIB[D] intent=state-desire-safety family=state base=108 creep_dmg=8 hp=87 creep=true hero=false reason=recent_damage score=116'
08/27 12:50:20 [Localization System] CLocalize::FindSafe failed to localize: 'AIB[D] intent=creep-hit-react family=safety dist=511 hp=87 hits=1 reason=attack'
08/27 12:50:20 [Localization System] CLocalize::FindSafe failed to localize: 'AIB[R] blocked=safety-candidate reason=no_action_capped hp=47 score=44'
08/27 12:50:20 [Localization System] CLocalize::FindSafe failed to localize: 'AIB[R] intent=creep-aggro family=safety hp=47 reason=creep_hitting'
08/27 12:50:20 [Localization System] CLocalize::FindSafe failed to localize: 'AIB[D] blocked=safety-candidate reason=no_action_capped hp=87 score=44'
08/27 12:50:20 [Localization System] CLocalize::FindSafe failed to localize: 'AIB[D] intent=state-desire-fight family=state base=78 range=18 hp_adv=8 execute=20 dist=568 hp=87 ehp=47 reason=enemy_seen score=124'
08/27 12:50:20 [Localization System] CLocalize::FindSafe failed to localize: 'AIB[D] intent=top-arbiter family=state winner=hero-over-creep:52 losers=fight:124,idle-heal:46,emergency-retreat:45,fwd-pullback:44,emergency-kill:43.5'
08/27 12:50:20 [Localization System] CLocalize::FindSafe failed to localize: 'AIB[D] intent=creep-aggro family=safety hp=88 reason=creep_hitting'
08/27 12:50:20 [Server] Client (account 0) tried to execute invalid order (101). Ability can't be cast with a position
08/27 12:50:21 [Localization System] CLocalize::FindSafe failed to localize: 'AIB[R] intent=state-desire-fight family=state base=78 range=18 dist=568 hp=38 ehp=62 reason=enemy_seen score=96'
08/27 12:50:21 [Localization System] CLocalize::FindSafe failed to localize: 'AIB[R] intent=arbiter family=fight winner=creep-aggro:112 losers=hero-pass:60'
08/27 12:50:21 [Localization System] CLocalize::FindSafe failed to localize: 'AIB[D] intent=tick-owner family=other stage=laning-core'
08/27 12:50:21 [Localization System] CLocalize::FindSafe failed to localize: 'AIB[R] intent=kill-lock family=fight dist=568 ehp=31 hp=38 exec=false atk=true mutual=true reason=mutual_low_finish'
08/27 12:50:21 [Localization System] CLocalize::FindSafe failed to localize: 'AIB[D] intent=recovery-policy family=recover action=recover hp=31 gate=35 source=early-low'
08/27 12:50:21 [Localization System] CLocalize::FindSafe failed to localize: 'AIB[D] blocked=bottle-rune reason=stage_done eta=-12 closed=1'
08/27 12:50:21 [Localization System] CLocalize::FindSafe failed to localize: 'AIB[D] intent=state-recover-xp family=state ttl=2 reason=regen_lane hp=31 dist=569'
08/27 12:50:21 [Localization System] CLocalize::FindSafe failed to localize: 'AIB[R] t=372s hp=38% gold=441 loc=-668,-182 enemy-dist=574 lh=29 dn=6 dg=+60 dlh=+1 bottle=0 lvl=6 front=8469 ehp=31'
08/27 12:50:21 [Localization System] CLocalize::FindSafe failed to localize: 'AIB[D] blocked=bottle-rune reason=no_close_rune max=1900 waterMax=4700 nearest=inf water=inf mid=228'
08/27 12:50:22 [Localization System] CLocalize::FindSafe failed to localize: 'AIB[D] t=372s hp=29% gold=199 loc=20,-48 enemy-dist=587 lh=18 dn=1 dg=+122 dlh=+2 bottle=0 lvl=5 front=9671 ehp=47'
08/27 12:50:22 [Localization System] CLocalize::FindSafe failed to localize: 'AIB[D] blocked=bottle-rune reason=critical_no_stage hp=18 rune=1670 eta=107'
08/27 12:50:22 [Localization System] CLocalize::FindSafe failed to localize: 'AIB[D] blocked=bottle-rune reason=stage_cooldown eta=107'
08/27 12:50:22 [Localization System] CLocalize::FindSafe failed to localize: 'AIB[D] intent=recovery-yield-kill family=fight dist=681 hp=19 ehp=35 exec=false atk=false mutual=true'
08/27 12:50:22 [Localization System] CLocalize::FindSafe failed to localize: 'AIB[D] blocked=recovery-policy reason=yield_kill hp=19 gate=22 source=emergency-low'
08/27 12:50:22 [Localization System] CLocalize::FindSafe failed to localize: 'AIB[D] intent=kill-lock family=fight dist=681 ehp=35 hp=19 exec=false atk=false mutual=true reason=mutual_low_finish'
08/27 12:50:23 [Localization System] CLocalize::FindSafe failed to localize: 'AIB[D] intent=tick-owner family=other stage=laning-core'
08/27 12:50:23 [Localization System] CLocalize::FindSafe failed to localize: 'AIB[D] intent=recovery-policy family=recover action=recover hp=19 gate=22 source=emergency-low'
08/27 12:50:23 [Localization System] CLocalize::FindSafe failed to localize: 'AIB[D] intent=state-recover-safe family=state ttl=2 reason=regen_lane hp=19 dist=1224'
08/27 12:50:24 [Localization System] CLocalize::FindSafe failed to localize: 'AIB[D] blocked=buy-loop reason=saving target=item_magic_wand head=item_recipe_magic_wand cost=150 gold=3 left=1'
08/27 12:50:25 [Localization System] CLocalize::FindSafe failed to localize: 'AIB[R] blocked=kill-lock reason=chase_into_tower dist=738 ehp=8'
08/27 12:50:25 [Localization System] CLocalize::FindSafe failed to localize: 'AIB[R] intent=recovery-yield-kill family=fight dist=738 hp=36 ehp=8 exec=false atk=true mutual=true'
08/27 12:50:25 [Localization System] CLocalize::FindSafe failed to localize: 'AIB[R] blocked=recover-candidate reason=no_action_capped hp=36 score=44'
08/27 12:50:25 [Localization System] CLocalize::FindSafe failed to localize: 'AIB[R] intent=state-desire-fight family=state base=78 hp_adv=8 execute=20 dist=738 hp=36 ehp=8 reason=enemy_seen score=106'
08/27 12:50:25 [Localization System] CLocalize::FindSafe failed to localize: 'AIB[R] blocked=hero-contact reason=unsafe dist=738 hp=36 tower=false'
08/27 12:50:25 [Localization System] CLocalize::FindSafe failed to localize: 'AIB[R] blocked=hero-pass reason=low_hp hp=36'
08/27 12:50:25 [Localization System] CLocalize::FindSafe failed to localize: 'AIB[R] blocked=top-arbiter reason=empty_action winner=fight score=106'
08/27 12:50:25 [Localization System] CLocalize::FindSafe failed to localize: 'AIB[R] blocked=bottle-rune reason=no_close_rune max=1900 waterMax=4700 nearest=inf water=inf mid=130'
08/27 12:50:25 [Localization System] CLocalize::FindSafe failed to localize: 'AIB[R] intent=state-recover-xp family=state ttl=2 reason=regen_lane hp=36 dist=729'
08/27 12:50:25 [Localization System] CLocalize::FindSafe failed to localize: 'AIB[R] intent=top-arbiter family=state winner=idle-heal:46 losers=fight:106,safe-cs:56,hero-over-creep:52,emergency-retreat:45,fwd-pullback:44'
08/27 12:50:25 [Localization System] CLocalize::FindSafe failed to localize: 'AIB[R] intent=tick-owner family=other stage=desire/idle-heal reason=ready score=46 band=lanework'
08/27 12:50:25 [Localization System] CLocalize::FindSafe failed to localize: 'AIB[D] intent=tick-owner family=other stage=laning-core'
08/27 12:50:25 [Localization System] CLocalize::FindSafe failed to localize: 'AIB[R] blocked=recovery-rune-bottle reason=no_close_rune max=3600 waterMax=4700 nearest=inf water=inf mid=240'
08/27 12:50:25 [Localization System] CLocalize::FindSafe failed to localize: 'AIB[R] intent=recovery-plan family=recover action=back reason=post_fight_regen hp=36'
08/27 12:50:25 [Localization System] CLocalize::FindSafe failed to localize: 'AIB[R] intent=recovery-owner family=recover band=soft threat=false mode=fwd-pullback hp=36'
08/27 12:50:25 [Localization System] CLocalize::FindSafe failed to localize: 'AIB[R] blocked=buy-loop reason=saving target=item_power_treads head=item_belt_of_strength cost=450 gold=447 left=2'
08/27 12:50:25 [Localization System] CLocalize::FindSafe failed to localize: 'AIB[R] intent=recovery-policy family=recover action=recover hp=33 gate=35 source=early-low'
08/27 12:50:26 [Localization System] CLocalize::FindSafe failed to localize: 'AIB[R] t=377s hp=33% gold=448 loc=-553,-386 lh=29 dn=6 dg=+7 dlh=+0 bottle=0 lvl=6 front=9074 ehp=-1'
08/27 12:50:26 [Localization System] CLocalize::FindSafe failed to localize: 'AIB[D] blocked=bottle-rune reason=stage_cooldown eta=103'
08/27 12:50:26 [Localization System] CLocalize::FindSafe failed to localize: 'AIB[D] intent=state-recover-safe family=state ttl=2 reason=regen_lane hp=5 dist=541'
08/27 12:50:27 [Localization System] CLocalize::FindSafe failed to localize: 'AIB[R] intent=tick-owner family=other stage=laning-core'
08/27 12:50:27 [Localization System] CLocalize::FindSafe failed to localize: 'AIB[D] t=377s hp=5% gold=6 loc=726,661 enemy-dist=818 lh=18 dn=1 dg=-193 dlh=+0 bottle=0 lvl=5 front=9671 ehp=42'
08/27 12:50:27 [Localization System] CLocalize::FindSafe failed to localize: 'AIB[D] intent=tick-owner family=other stage=laning-core'
08/27 12:50:27 [Server] Client (account 0) tried to execute invalid order (3). Unrecognized order identifier.
08/27 12:50:27 [Localization System] CLocalize::FindSafe failed to localize: 'AIB[D] blocked=recovery-rune-bottle reason=stage_cooldown eta=102'
08/27 12:50:27 [Localization System] CLocalize::FindSafe failed to localize: 'AIB[D] intent=recovery-plan family=recover action=lane reason=empty_bottle_no_rune hp=6 mana=65'
08/27 12:50:28 [Localization System] CLocalize::FindSafe failed to localize: 'AIB[R] intent=recovery-policy family=recover action=recover hp=34 gate=35 source=early-low'
08/27 12:50:29 [Localization System] CLocalize::FindSafe failed to localize: 'AIB[R] intent=tick-owner family=other stage=laning-core'
08/27 12:50:29 [Localization System] CLocalize::FindSafe failed to localize: 'AIB[D] intent=tick-owner family=other stage=laning-core'
08/27 12:50:29 [Localization System] CLocalize::FindSafe failed to localize: 'AIB[R] blocked=recover-candidate reason=no_action_capped hp=35 score=44'
08/27 12:50:29 [Localization System] CLocalize::FindSafe failed to localize: 'AIB[R] intent=top-arbiter family=state winner=anti-idle:2 losers=safe-cs:56,hero-over-creep:52,idle-heal:46,emergency-retreat:45,fwd-pullback:44'
08/27 12:50:31 [Localization System] CLocalize::FindSafe failed to localize: 'AIB[R] intent=tick-owner family=other stage=laning-core'
08/27 12:50:31 [Localization System] CLocalize::FindSafe failed to localize: 'AIB[R] intent=damage-by-source family=other creep=384 tower=130 hero=2204 mixed=198 death=0 other=129 stale=713 gaps=6'
08/27 12:50:31 [Localization System] CLocalize::FindSafe failed to localize: 'AIB[R] intent=top-arbiter family=state winner=wave-watch:10 losers=safe-cs:56,hero-over-creep:52,idle-heal:46,emergency-retreat:45,fwd-pullback:44'
08/27 12:50:31 [Localization System] CLocalize::FindSafe failed to localize: 'AIB[D] intent=damage-by-source family=other creep=452 tower=0 hero=2964 mixed=736 death=0 other=318 stale=190 gaps=2'
08/27 12:50:31 [Localization System] CLocalize::FindSafe failed to localize: 'AIB[D] intent=tick-owner family=other stage=laning-core'
08/27 12:50:31 [Localization System] CLocalize::FindSafe failed to localize: 'AIB[R] t=382s hp=36% gold=6 loc=-691,-564 lh=29 dn=6 dg=-442 dlh=+0 bottle=0 lvl=6 front=9074 ehp=-1'
08/27 12:50:32 [Localization System] CLocalize::FindSafe failed to localize: 'AIB[D] t=382s hp=8% gold=14 loc=1795,1634 lh=18 dn=1 dg=+8 dlh=+0 bottle=0 lvl=5 front=9671 ehp=-1'
08/27 12:50:32 [Localization System] CLocalize::FindSafe failed to localize: 'AIB[R] intent=recovery-owner family=recover band=soft threat=false mode=fwd-pullback hp=37'
08/27 12:50:32 [Localization System] CLocalize::FindSafe failed to localize: 'AIB[R] blocked=recover-candidate reason=no_action_capped hp=37 score=44'
08/27 12:50:32 [Localization System] CLocalize::FindSafe failed to localize: 'AIB[D] blocked=buy-loop reason=saving target=item_magic_wand head=item_recipe_magic_wand cost=150 gold=15 left=1'
08/27 12:50:32 [Localization System] CLocalize::FindSafe failed to localize: 'AIB[R] intent=top-arbiter family=state winner=wave-watch:10 losers=safe-cs:56,hero-over-creep:52,idle-heal:46,emergency-retreat:45,fwd-pullback:44'
08/27 12:50:33 [Localization System] CLocalize::FindSafe failed to localize: 'AIB[R] blocked=bottle-rune reason=no_close_rune max=1900 waterMax=4700 nearest=inf water=inf mid=697'
08/27 12:50:33 [Localization System] CLocalize::FindSafe failed to localize: 'AIB[R] intent=tick-owner family=other stage=laning-core'
08/27 12:50:33 [Localization System] CLocalize::FindSafe failed to localize: 'AIB[D] intent=tick-owner family=other stage=laning-core'
08/27 12:50:33 [Localization System] CLocalize::FindSafe failed to localize: 'AIB[R] blocked=recovery-rune-bottle reason=no_close_rune max=3600 waterMax=4700 nearest=inf water=inf mid=860'
08/27 12:50:33 [Localization System] CLocalize::FindSafe failed to localize: 'AIB[R] intent=recovery-plan family=recover action=lane reason=empty_bottle_no_rune hp=37 mana=59'
08/27 12:50:33 [Localization System] CLocalize::FindSafe failed to localize: 'AIB[R] blocked=buy-loop reason=saving target=item_power_treads head=item_gloves cost=450 gold=9 left=1'
08/27 12:50:34 [Localization System] CLocalize::FindSafe failed to localize: 'AIB[R] intent=top-arbiter family=state winner=anti-idle:2 losers=safe-cs:56,hero-over-creep:52,idle-heal:46,emergency-retreat:45,fwd-pullback:44'
08/27 12:50:35 [Localization System] CLocalize::FindSafe failed to localize: 'AIB[R] intent=tick-owner family=other stage=desire/wave-watch reason=ready score=10 band=idle'
08/27 12:50:35 [Localization System] CLocalize::FindSafe failed to localize: 'AIB[D] intent=tick-owner family=other stage=laning-core'
08/27 12:50:35 [Localization System] CLocalize::FindSafe failed to localize: 'AIB[R] blocked=recover-candidate reason=no_action_capped hp=38 score=44'
08/27 12:50:36 [Localization System] CLocalize::FindSafe failed to localize: 'AIB[R] intent=top-arbiter family=state winner=wave-watch:10 losers=safe-cs:56,hero-over-creep:52,idle-heal:46,emergency-retreat:45,fwd-pullback:44'
08/27 12:50:36 [Localization System] CLocalize::FindSafe failed to localize: 'AIB[R] t=387s hp=39% gold=14 loc=-766,-631 lh=29 dn=6 dg=+8 dlh=+0 bottle=0 lvl=6 front=9072 ehp=-1'
08/27 12:50:37 [Localization System] CLocalize::FindSafe failed to localize: 'AIB[R] blocked=visual-hold reason=empty held=2.0 hp=39 repeat=4 hard=true'
08/27 12:50:37 [Server] PR:IncrementIdleTime 1:[I:0:0] 2.10
08/27 12:50:37 [Localization System] CLocalize::FindSafe failed to localize: 'AIB[R] intent=tick-owner family=other stage=desire/creep-work reason=ready score=39 band=lanework'
08/27 12:50:37 [Localization System] CLocalize::FindSafe failed to localize: 'AIB[D] t=388s hp=13% gold=22 loc=2965,2648 lh=18 dn=1 dg=+8 dlh=+0 bottle=0 lvl=5 front=9671 ehp=-1'
08/27 12:50:37 [Localization System] CLocalize::FindSafe failed to localize: 'AIB[R] intent=top-arbiter family=state winner=creep-work:38.8 losers=safe-cs:56,hero-over-creep:52,idle-heal:46,emergency-retreat:45,fwd-pullback:44'
08/27 12:50:37 [Localization System] CLocalize::FindSafe failed to localize: 'AIB[D] intent=recovery-policy family=recover action=recover hp=14 gate=22 source=emergency-low'
08/27 12:50:37 [Localization System] CLocalize::FindSafe failed to localize: 'AIB[D] intent=tick-owner family=other stage=laning-core'
08/27 12:50:38 Script function 'GetDesire' on bot npc_dota_hero_nevermore took 2.122ms
08/27 12:50:38 Script function 'Think' on bot npc_dota_hero_nevermore took 2.243ms
08/27 12:50:38 [Localization System] CLocalize::FindSafe failed to localize: 'AIB[R] blocked=recover-candidate reason=no_action_capped hp=40 score=44'
08/27 12:50:39 [Localization System] CLocalize::FindSafe failed to localize: 'AIB[R] intent=top-arbiter family=state winner=fwd-pullback:44 losers=safe-cs:56,hero-over-creep:52,idle-heal:46,emergency-retreat:45,emergency-kill:43.5'
08/27 12:50:39 [Localization System] CLocalize::FindSafe failed to localize: 'AIB[R] intent=tick-owner family=other stage=laning-core'
08/27 12:50:39 [Localization System] CLocalize::FindSafe failed to localize: 'AIB[D] intent=recovery-policy family=recover action=recover hp=24 gate=35 source=early-low'
08/27 12:50:39 [Localization System] CLocalize::FindSafe failed to localize: 'AIB[D] intent=tick-owner family=other stage=laning-core'
08/27 12:50:40 [Localization System] CLocalize::FindSafe failed to localize: 'AIB[R] intent=top-arbiter family=state winner=fwd-pullback:44 losers=safe-cs:56,hero-over-creep:52,idle-heal:46,emergency-retreat:45,emergency-kill:43.5'
08/27 12:50:40 [Localization System] CLocalize::FindSafe failed to localize: 'AIB[D] blocked=buy-loop reason=saving target=item_magic_wand head=item_recipe_magic_wand cost=150 gold=27 left=1'
08/27 12:50:41 [Localization System] CLocalize::FindSafe failed to localize: 'AIB[R] blocked=bottle-rune reason=no_close_rune max=1900 waterMax=4700 nearest=inf water=inf mid=546'
08/27 12:50:41 [Localization System] CLocalize::FindSafe failed to localize: 'AIB[R] intent=tick-owner family=other stage=laning-core'
08/27 12:50:41 [Localization System] CLocalize::FindSafe failed to localize: 'AIB[R] t=392s hp=41% gold=21 loc=-364,-377 lh=29 dn=6 dg=+7 dlh=+0 bottle=0 lvl=6 front=9056 ehp=-1'
08/27 12:50:41 [Localization System] CLocalize::FindSafe failed to localize: 'AIB[R] blocked=recover-candidate reason=no_action_capped hp=41 score=44'
08/27 12:50:41 [Localization System] CLocalize::FindSafe failed to localize: 'AIB[R] intent=state-desire-last-hit family=farm dist=540 reason=killable_creep score=140'
08/27 12:50:41 [Localization System] CLocalize::FindSafe failed to localize: 'AIB[R] blocked=buy-loop reason=saving target=item_power_treads head=item_gloves cost=450 gold=21 left=1'
08/27 12:50:41 [Localization System] CLocalize::FindSafe failed to localize: 'AIB[D] intent=recovery-policy family=recover action=recover hp=33 gate=35 source=early-low'
08/27 12:50:41 [Localization System] CLocalize::FindSafe failed to localize: 'AIB[D] intent=tick-owner family=other stage=laning-core'
08/27 12:50:41 [Localization System] CLocalize::FindSafe failed to localize: 'AIB[R] ability-harass=142 anti-afk-no-chase=2 anti-idle-enter=27 anti-idle-lane=12 anti-idle-lowhp-back=5 bottle-heal=8 bottle-rune=3 channel-interrupt-atk=7 channel-interrupt-chase=7 creep-aggro-back=3 creep-aggro-hit=11 creep-dmg=6 creep-hit-react-aggro-step=1 creep-hit-react-atk=11 creep-hit-react-step=9 cs-wait-release=61 cs-wait=23 cs-walk-gap-large=44 cs-walk-gap-small=37 cs-walk-inrange=15 cs-walk-into-pack=8 cs-walk=96 cs-watchdog-step=4 deny-act-atk=56 deny-act-walk=36 deny-act=92 deny-cand-doomed=33 deny-cand-tanky=220 deny-skip-backtrack=2 dw-active=3 dw-farm=24 dw-fwd=1 empty-bottle-ok=5 fight-hp-behind=3 fwd-at-position=9 fwd-hold=1 fwd-lowhp-pull=7 fwd-position=2 fwd-suppressed-creep=23 fwd-suppressed-cs=4 fwd-suppressed-damage=1 fwd-suppressed-empty=6 fwd-suppressed-hero=6 fwd-suppressed-lowhp=6 fwd-suppressed-motor=15 fwd-suppressed-recovery=2 fwd-suppressed-rune=3 fwd-suppressed-tower=6 fwd-suppressed-visual=4 fwd-suppressed-watchdog=1 harass-atk=1 heal-blocked-damage=1 heal-item=2 heal-no-dive=1 heal-want=2 hero-contact-atk=33 hero-contact-chase=10 hero-over-creep=6 hero-pass-atk=16 hero-pass-chase=5 idle=17 kill-lock-atk=5 kill-lock-chase=7 kill-priority=7 killwin-atk=70 killwin-scan=1264 lane-line-fallback=44 lane-line-suppressed-creep-dmg=2 lane-line-suppressed-creep=8 lane-line-suppressed-damage=1 lane-line-suppressed-empty=6 lane-line-suppressed-heal=16 lane-line-suppressed-lowhp=19 last-hit-urgent=110 low-hp-limit=12 melee-pack-release=17 melee-pack-space=17 mutual-low-finish-atk=2 no-dive=4 own-ranged-stepback=1 pre-aig=27 precreep-anchor=43 precreep-hold=3 precreep-park-hold=13 precreep-park=154 precreep-space=1 prewave-defend=1 prewave-free-hit=74 recover-xp=17 recovery-bottle-active=9 recovery-bottle=3 recovery-buy=5 recovery-enemy-near=266 recovery-flask=3 recovery-regen=10 recovery-rune-bottle=2 recovery-tango=2 regen-walk=7 siege-commit-tower=33 siege-creep=1 siege-step=4 siege-terminal-tower=67 tango-heal=1 tower-aggro-drop=7 tower-range-exit=2 uphill-reposition=3 uphill-void-under-fire=17 visual-hold-creep=30 visual-hold-hard-creep=2 visual-hold-lane=5 wave-watch=32'
08/27 12:50:42 [Localization System] CLocalize::FindSafe failed to localize: 'AIB[R] blocked=recovery-rune-bottle reason=no_close_rune max=3600 waterMax=4700 nearest=inf water=inf mid=419'
08/27 12:50:42 [Localization System] CLocalize::FindSafe failed to localize: 'AIB[R] intent=recovery-plan family=recover action=lane reason=empty_bottle_no_rune hp=41 mana=62'
08/27 12:50:42 [Localization System] CLocalize::FindSafe failed to localize: 'AIB[R] intent=top-arbiter family=state winner=fwd-pullback:44 losers=safe-cs:56,hero-over-creep:52,idle-heal:46,emergency-retreat:45,emergency-kill:43.5'
08/27 12:50:42 [Localization System] CLocalize::FindSafe failed to localize: 'AIB[D] t=393s hp=36% gold=29 loc=4099,3418 lh=18 dn=1 dg=+7 dlh=+0 bottle=0 lvl=5 front=9671 ehp=-1'
08/27 12:50:42 [Localization System] CLocalize::FindSafe failed to localize: 'AIB[D] blocked=recover-candidate reason=no_resources_behind_safe hp=36 score=44'
08/27 12:50:42 [Localization System] CLocalize::FindSafe failed to localize: 'AIB[D] intent=top-arbiter family=state winner=idle-heal:46 losers=safe-cs:56,hero-over-creep:52,emergency-retreat:45,fwd-pullback:44,emergency-kill:43.5'
08/27 12:50:43 [Localization System] CLocalize::FindSafe failed to localize: 'AIB[R] intent=tick-owner family=other stage=laning-core'
08/27 12:50:43 [Localization System] CLocalize::FindSafe failed to localize: 'AIB[R] intent=top-arbiter family=state winner=fwd-pullback:44 losers=safe-cs:56,hero-over-creep:52,idle-heal:46,emergency-retreat:45,emergency-kill:43.5'
08/27 12:50:43 [Localization System] CLocalize::FindSafe failed to localize: 'AIB[D] intent=tick-owner family=other stage=laning-core'
08/27 12:50:44 [Localization System] CLocalize::FindSafe failed to localize: 'AIB[D] intent=top-arbiter family=state winner=idle-heal:46 losers=safe-cs:56,hero-over-creep:52,emergency-retreat:45,fwd-pullback:44,emergency-kill:43.5'
08/27 12:50:44 [Localization System] CLocalize::FindSafe failed to localize: 'AIB[R] blocked=recover-candidate reason=no_action_capped hp=43 score=44'
08/27 12:50:45 [Localization System] CLocalize::FindSafe failed to localize: 'AIB[R] intent=top-arbiter family=state winner=fwd-pullback:44 losers=safe-cs:56,hero-over-creep:52,idle-heal:46,emergency-retreat:45,emergency-kill:43.5'
08/27 12:50:45 [Localization System] CLocalize::FindSafe failed to localize: 'AIB[R] intent=tick-owner family=other stage=laning-core'
08/27 12:50:45 [Localization System] CLocalize::FindSafe failed to localize: 'AIB[D] intent=top-arbiter family=state winner=idle-heal:46 losers=safe-cs:56,hero-over-creep:52,emergency-retreat:45,fwd-pullback:44,emergency-kill:43.5'
08/27 12:50:45 [Localization System] CLocalize::FindSafe failed to localize: 'AIB[D] intent=tick-owner family=other stage=laning-core'
08/27 12:50:46 [Localization System] CLocalize::FindSafe failed to localize: 'AIB[R] intent=damage-by-source family=other creep=384 tower=130 hero=2204 mixed=198 death=0 other=129 stale=713 gaps=6'
08/27 12:50:46 [Localization System] CLocalize::FindSafe failed to localize: 'AIB[D] intent=damage-by-source family=other creep=452 tower=0 hero=2964 mixed=736 death=0 other=318 stale=190 gaps=2'
08/27 12:50:46 [Localization System] CLocalize::FindSafe failed to localize: 'AIB[R] t=397s hp=44% gold=65 loc=-350,-411 lh=30 dn=6 dg=+44 dlh=+1 bottle=0 lvl=6 front=9092 ehp=-1'
08/27 12:50:47 [Localization System] CLocalize::FindSafe failed to localize: 'AIB[R] intent=state-desire-last-hit family=farm dist=485 reason=killable_creep score=140'
08/27 12:50:47 [Localization System] CLocalize::FindSafe failed to localize: 'AIB[R] intent=top-arbiter family=state winner=last-hit:140 losers=safe-cs:56,hero-over-creep:52,cs-inrange:50,idle-heal:46,emergency-retreat:45'
08/27 12:50:47 [Localization System] CLocalize::FindSafe failed to localize: 'AIB[D] intent=top-arbiter family=state winner=idle-heal:46 losers=hero-over-creep:52,emergency-retreat:45,fwd-pullback:44,emergency-kill:43.5,uphill:43'
08/27 12:50:47 [Localization System] CLocalize::FindSafe failed to localize: 'AIB[D] t=398s hp=59% gold=37 loc=5109,4455 lh=18 dn=1 dg=+8 dlh=+0 bottle=0 lvl=5 front=9671 ehp=-1'
08/27 12:50:47 [Localization System] CLocalize::FindSafe failed to localize: 'AIB[R] intent=tick-owner family=other stage=laning-core'
08/27 12:50:48 [Localization System] CLocalize::FindSafe failed to localize: 'AIB[R] blocked=recover-candidate reason=no_action_capped hp=44 score=44'
08/27 12:50:48 [Localization System] CLocalize::FindSafe failed to localize: 'AIB[D] ability-harass=147 anti-idle-enter=27 anti-idle-lane=15 anti-idle-lowhp-back=9 bottle-heal=2 bottle-rune=1 buy-skip-fountain-floor=1 channel-interrupt-atk=21 channel-interrupt-chase=30 creep-aggro-hit=13 creep-dmg=4 creep-hit-react-aggro-step=3 creep-hit-react-atk=10 creep-hit-react-step=7 critical-recover-hold=1 cs-wait-release=23 cs-wait=15 cs-walk-gap-large=14 cs-walk-gap-small=12 cs-walk-inrange=14 cs-walk-into-pack=9 cs-walk=40 cs-watchdog-atk=1 cs-watchdog-step=7 cw-push-cs-step=3 cw-push=251 deny-act-atk=3 deny-act-walk=17 deny-act=20 deny-cand-doomed=7 deny-cand-tanky=54 empty-bottle-ok=2 fight-hp-behind=10 floor-rune-defer=1 fountain-stabilize=1 fountain-tp-hold=2 fountain-trip-release=7 fountain-wait=12 fwd-at-position=5 fwd-hold=1 fwd-position=1 fwd-suppressed-creep=6 fwd-suppressed-cs=3 fwd-suppressed-empty=5 fwd-suppressed-lowhp=7 fwd-suppressed-motor=15 fwd-suppressed-tower=11 fwd-suppressed-visual=6 fwd-suppressed-watchdog=1 heal-blocked-damage=1 heal-inflight-back=3 heal-inflight-hold=2 heal-item=6 heal-want=5 hero-contact-atk=34 hero-contact-chase=10 hero-over-creep=12 hero-pass-atk=18 hero-pass-chase=6 hero-prio-always=1 hero-prio-chase-hold=10 hero-prio-chase=32 idle=12 kill-priority=1 killwin-mutual=6 killwin-scan=1300 lane-line-fallback=79 lane-line-suppressed-creep-dmg=1 lane-line-suppressed-creep=5 lane-line-suppressed-empty=1 lane-line-suppressed-heal=9 lane-line-suppressed-lowhp=14 lane-line-suppressed-motor=3 last-hit-urgent=77 low-hp-behind-safe=2 low-hp-creep=5 low-hp-limit=10 melee-pack-release=12 melee-pack-space=16 mutual-low-finish-chase=3 pre-aig=27 precreep-anchor=36 precreep-hold=1 precreep-park-hold=12 precreep-park=184 prewave-duel-approach=41 prewave-duel-trade=54 prewave-duel-uphill-back=1 recover-safe=20 recover-xp=13 recovery-bottle-active=3 recovery-buy-critical=3 recovery-buy=4 recovery-enemy-near=184 recovery-flask=1 recovery-regen=15 recovery-tango=2 recovery-tp=2 recovery-yield=3 regen-walk=18 tango-heal=2 uphill-reposition=2 uphill-void-under-fire=6 visual-hold-creep=1 visual-hold-lane=7 wave-watch=16'
08/27 12:50:48 [Localization System] CLocalize::FindSafe failed to localize: 'AIB[D] intent=tick-owner family=other stage=laning-core'
08/27 12:50:48 Script function 'ItemPurchaseThink' on bot npc_dota_hero_nevermore took 2.041ms
08/27 12:50:48 [Localization System] CLocalize::FindSafe failed to localize: 'AIB[R] blocked=visual-hold reason=creep_in_range held=5.5 hp=44 repeat=1 hard=true'
08/27 12:50:48 [Localization System] CLocalize::FindSafe failed to localize: 'AIB[R] intent=top-arbiter family=state winner=wave-watch:10 losers=safe-cs:56,hero-over-creep:52,idle-heal:46,emergency-retreat:45,fwd-pullback:44'
08/27 12:50:48 [Localization System] CLocalize::FindSafe failed to localize: 'AIB[D] intent=top-arbiter family=state winner=idle-heal:46 losers=hero-over-creep:52,emergency-retreat:45,fwd-pullback:44,emergency-kill:43.5,uphill:43'
08/27 12:50:48 [Localization System] CLocalize::FindSafe failed to localize: 'AIB[D] blocked=buy-loop reason=saving target=item_magic_wand head=item_recipe_magic_wand cost=150 gold=39 left=1'
08/27 12:50:49 [Localization System] CLocalize::FindSafe failed to localize: 'AIB[R] blocked=bottle-rune reason=no_close_rune max=1900 waterMax=4700 nearest=inf water=inf mid=641'
08/27 12:50:49 [Localization System] CLocalize::FindSafe failed to localize: 'AIB[R] blocked=buy-loop reason=saving target=item_power_treads head=item_gloves cost=450 gold=108 left=1'
08/27 12:50:49 [Localization System] CLocalize::FindSafe failed to localize: 'AIB[R] intent=tick-owner family=other stage=laning-core'
08/27 12:50:50 [Localization System] CLocalize::FindSafe failed to localize: 'AIB[D] intent=tick-owner family=other stage=laning-core'
08/27 12:50:50 [Localization System] CLocalize::FindSafe failed to localize: 'AIB[R] blocked=recovery-rune-bottle reason=no_close_rune max=3600 waterMax=4700 nearest=inf water=inf mid=641'
08/27 12:50:50 [Localization System] CLocalize::FindSafe failed to localize: 'AIB[R] intent=recovery-plan family=recover action=lane reason=empty_bottle_no_rune hp=45 mana=66'
08/27 12:50:50 [Localization System] CLocalize::FindSafe failed to localize: 'AIB[R] blocked=visual-hold reason=creep_in_range held=7.6 hp=45 repeat=3 hard=true'
08/27 12:50:50 [Localization System] CLocalize::FindSafe failed to localize: 'AIB[R] intent=top-arbiter family=state winner=visual-hold:20 losers=safe-cs:56,hero-over-creep:52,idle-heal:46,emergency-retreat:45,fwd-pullback:44'
08/27 12:50:50 [Localization System] CLocalize::FindSafe failed to localize: 'AIB[D] intent=top-arbiter family=state winner=idle-heal:46 losers=hero-over-creep:52,emergency-retreat:45,fwd-pullback:44,emergency-kill:43.5,uphill:43'
08/27 12:50:51 [Localization System] CLocalize::FindSafe failed to localize: 'AIB[R] intent=recovery-owner family=recover band=caution threat=false mode=fwd-pullback hp=46'
08/27 12:50:51 [Localization System] CLocalize::FindSafe failed to localize: 'AIB[R] intent=top-arbiter family=state winner=creep-work:38.8 losers=safe-cs:56,hero-over-creep:52,idle-heal:46,emergency-retreat:45,fwd-pullback:44'
08/27 12:50:51 [Localization System] CLocalize::FindSafe failed to localize: 'AIB[R] t=402s hp=46% gold=112 loc=-411,-466 lh=31 dn=6 dg=+47 dlh=+1 bottle=0 lvl=6 front=9126 ehp=-1'
08/27 12:50:51 [Localization System] CLocalize::FindSafe failed to localize: 'AIB[R] intent=tick-owner family=other stage=laning-core'
08/27 12:50:52 [Localization System] CLocalize::FindSafe failed to localize: 'AIB[D] intent=top-arbiter family=state winner=idle-heal:46 losers=hero-over-creep:52,emergency-retreat:45,fwd-pullback:44,emergency-kill:43.5,uphill:43'
08/27 12:50:52 [Localization System] CLocalize::FindSafe failed to localize: 'AIB[D] intent=tick-owner family=other stage=laning-core'
08/27 12:50:52 [Localization System] CLocalize::FindSafe failed to localize: 'AIB[D] t=403s hp=74% gold=45 loc=6196,5267 lh=18 dn=1 dg=+8 dlh=+0 bottle=0 lvl=5 front=9671 ehp=-1'
08/27 12:50:53 [Localization System] CLocalize::FindSafe failed to localize: 'AIB[R] intent=top-arbiter family=state winner=creep-work:38.8 losers=safe-cs:56,hero-over-creep:52,idle-heal:46,emergency-retreat:45,fwd-pullback:44'
08/27 12:50:53 [Localization System] CLocalize::FindSafe failed to localize: 'AIB[D] intent=top-arbiter family=state winner=idle-heal:46 losers=hero-over-creep:52,emergency-retreat:45,fwd-pullback:44,emergency-kill:43.5,uphill:43'
08/27 12:50:54 [Localization System] CLocalize::FindSafe failed to localize: 'AIB[R] intent=tick-owner family=other stage=laning-core'
08/27 12:50:54 [Localization System] CLocalize::FindSafe failed to localize: 'AIB[R] intent=state-desire-last-hit family=farm dist=476 reason=killable_creep score=140'
08/27 12:50:54 [Localization System] CLocalize::FindSafe failed to localize: 'AIB[D] intent=tick-owner family=other stage=laning-core'
08/27 12:50:54 [Localization System] CLocalize::FindSafe failed to localize: 'AIB[R] intent=top-arbiter family=state winner=creep-work:38.8 losers=safe-cs:56,hero-over-creep:52,idle-heal:46,emergency-retreat:45,fwd-pullback:44'
08/27 12:50:55 [Localization System] CLocalize::FindSafe failed to localize: 'invalid index'
08/27 12:50:56 [Localization System] CLocalize::FindSafe failed to localize: 'AIB[R] intent=tick-owner family=other stage=laning-core'
08/27 12:50:56 [Localization System] CLocalize::FindSafe failed to localize: 'AIB[R] intent=melee-pack-space family=safety count=2 dist=125'
08/27 12:50:56 [Localization System] CLocalize::FindSafe failed to localize: 'AIB[R] intent=top-arbiter family=state winner=ranged-spacing:41 losers=safe-cs:56,hero-over-creep:52,idle-heal:46,emergency-retreat:45,fwd-pullback:44'
08/27 12:50:56 Script function 'Think' on bot npc_dota_hero_nevermore took 2.963ms
08/27 12:50:56 [Localization System] CLocalize::FindSafe failed to localize: 'AIB[D] blocked=buy-loop reason=saving target=item_magic_wand head=item_recipe_magic_wand cost=150 gold=51 left=1'
08/27 12:50:57 [Localization System] CLocalize::FindSafe failed to localize: 'AIB[R] t=407s hp=48% gold=200 loc=-70,-122 lh=32 dn=7 dg=+88 dlh=+1 bottle=0 lvl=7 front=9373 ehp=-1'
08/27 12:50:57 [Localization System] CLocalize::FindSafe failed to localize: 'AIB[R] blocked=bottle-rune reason=no_close_rune max=1900 waterMax=4700 nearest=inf water=inf mid=966'
08/27 12:50:57 [Localization System] CLocalize::FindSafe failed to localize: 'AIB[R] blocked=buy-loop reason=saving target=item_power_treads head=item_gloves cost=450 gold=201 left=1'
08/27 12:50:58 [Localization System] CLocalize::FindSafe failed to localize: 'AIB[R] intent=tick-owner family=other stage=laning-core'
08/27 12:50:58 [Localization System] CLocalize::FindSafe failed to localize: 'AIB[D] t=408s hp=100% gold=53 loc=6870,6356 lh=18 dn=1 dg=+8 dlh=+0 bottle=3 lvl=5 front=9671 ehp=-1'
08/27 12:50:58 [Localization System] CLocalize::FindSafe failed to localize: 'AIB[D] intent=top-arbiter family=state winner=idle-heal:46 losers=hero-over-creep:52,emergency-retreat:45,fwd-pullback:44,emergency-kill:43.5,uphill:43'
08/27 12:50:58 [Localization System] CLocalize::FindSafe failed to localize: 'AIB[D] intent=tick-owner family=other stage=desire/idle-heal reason=ready score=46 band=lanework'
08/27 12:50:58 [Localization System] CLocalize::FindSafe failed to localize: 'AIB[R] blocked=recovery-rune-bottle reason=no_close_rune max=3600 waterMax=4700 nearest=inf water=inf mid=609'
08/27 12:50:58 [Localization System] CLocalize::FindSafe failed to localize: 'AIB[R] intent=recovery-plan family=recover action=lane reason=empty_bottle_no_rune hp=49 mana=69'
08/27 12:50:58 [Localization System] CLocalize::FindSafe failed to localize: 'AIB[R] intent=top-arbiter family=state winner=wave-watch:10 losers=safe-cs:56,hero-over-creep:52,idle-heal:46,emergency-retreat:45,fwd-pullback:44'
08/27 12:50:58 [Localization System] CLocalize::FindSafe failed to localize: 'AIB[R] blocked=creep-hit-react reason=recovery_commit hp=48 band=caution'
08/27 12:50:58 [Localization System] CLocalize::FindSafe failed to localize: 'AIB[R] blocked=safety-candidate reason=no_action_capped hp=48 score=44'
08/27 12:50:58 [Localization System] CLocalize::FindSafe failed to localize: 'AIB[R] blocked=recover-candidate reason=no_action_capped hp=48 score=44'
08/27 12:50:59 [Localization System] CLocalize::FindSafe failed to localize: 'AIB[R] intent=state-desire-recover family=state base=74 creep_dmg=-14 hp=45 reason=hp_gate score=60'
08/27 12:50:59 [Localization System] CLocalize::FindSafe failed to localize: 'AIB[R] intent=recovery-policy family=recover action=recover hp=45 gate=55 source=lane-low'
08/27 12:50:59 [Localization System] CLocalize::FindSafe failed to localize: 'AIB[R] intent=recovery-owner family=recover band=caution threat=false mode=safe-step hp=45'
08/27 12:50:59 [Localization System] CLocalize::FindSafe failed to localize: 'AIB[R] intent=top-arbiter family=state winner=recover:78 losers=safe-cs:56,hero-over-creep:52,idle-heal:46,emergency-retreat:45,fwd-pullback:44'
08/27 12:50:59 [Localization System] CLocalize::FindSafe failed to localize: 'AIB[D] intent=top-arbiter family=state winner=idle-heal:46 losers=hero-over-creep:52,emergency-retreat:45,fwd-pullback:44,emergency-kill:43.5,uphill:43'
08/27 12:51:00 [Localization System] CLocalize::FindSafe failed to localize: 'AIB[R] intent=tick-owner family=other stage=laning-core'
08/27 12:51:00 CGameParticleManager::SetParticleControlEnt: Unable to lookup attachment "attach_fx" on model "models/heroes/shadow_fiend/shadow_fiend.vmdl" for entity "npc_dota_hero_nevermore"
08/27 12:51:00 [Localization System] CLocalize::FindSafe failed to localize: 'AIB[D] intent=tick-owner family=other stage=desire/idle-heal reason=ready score=46 band=lanework'
08/27 12:51:00 [Server] PR:IncrementIdleTime 6:[I:0:0] 2.30
08/27 12:51:01 [Localization System] CLocalize::FindSafe failed to localize: 'AIB[R] intent=state-desire-recover family=state base=74 creep_dmg=-14 hp=42 hyst=18 reason=hp_gate score=78'
08/27 12:51:01 [Localization System] CLocalize::FindSafe failed to localize: 'AIB[R] intent=damage-by-source family=other creep=470 tower=130 hero=2204 mixed=198 death=0 other=129 stale=713 gaps=6'
08/27 12:51:01 [Localization System] CLocalize::FindSafe failed to localize: 'AIB[R] intent=top-arbiter family=state winner=recover:78 losers=safe-cs:56,hero-over-creep:52,idle-heal:46,emergency-retreat:45,fwd-pullback:44'
08/27 12:51:01 [Localization System] CLocalize::FindSafe failed to localize: 'AIB[D] intent=top-arbiter family=state winner=idle-heal:46 losers=hero-over-creep:52,emergency-retreat:45,fwd-pullback:44,emergency-kill:43.5,uphill:43'
08/27 12:51:01 [Localization System] CLocalize::FindSafe failed to localize: 'AIB[R] blocked=creep-hit-react reason=recovery_commit hp=42 band=soft'
08/27 12:51:01 [Localization System] CLocalize::FindSafe failed to localize: 'AIB[R] blocked=safety-candidate reason=no_action_capped hp=42 score=44'
08/27 12:51:01 [Localization System] CLocalize::FindSafe failed to localize: 'AIB[R] intent=recovery-policy family=recover action=recover hp=42 gate=55 source=lane-low'
08/27 12:51:01 [Localization System] CLocalize::FindSafe failed to localize: 'AIB[D] intent=damage-by-source family=other creep=452 tower=0 hero=2964 mixed=736 death=0 other=318 stale=190 gaps=2'
08/27 12:51:02 [Localization System] CLocalize::FindSafe failed to localize: 'AIB[R] t=412s hp=42% gold=208 loc=-528,-477 lh=32 dn=7 dg=+8 dlh=+0 bottle=0 lvl=7 front=8995 ehp=-1'
08/27 12:51:02 [Localization System] CLocalize::FindSafe failed to localize: 'AIB[R] intent=tick-owner family=other stage=laning-core'
08/27 12:51:02 [Localization System] CLocalize::FindSafe failed to localize: 'AIB[R] blocked=recover-candidate reason=no_action_capped hp=42 score=44'
08/27 12:51:02 [Localization System] CLocalize::FindSafe failed to localize: 'AIB[D] intent=tick-owner family=other stage=desire/idle-heal reason=ready score=46 band=lanework'
08/27 12:51:02 [Localization System] CLocalize::FindSafe failed to localize: 'AIB[D] intent=top-arbiter family=state winner=idle-heal:46 losers=hero-over-creep:52,emergency-retreat:45,fwd-pullback:44,emergency-kill:43.5,uphill:43'
08/27 12:51:03 [Localization System] CLocalize::FindSafe failed to localize: 'AIB[R] intent=top-arbiter family=state winner=anti-idle:2 losers=safe-cs:56,hero-over-creep:52,idle-heal:46,emergency-retreat:45,fwd-pullback:44'
08/27 12:51:03 [Localization System] CLocalize::FindSafe failed to localize: 'AIB[D] t=413s hp=100% gold=60 loc=6870,6356 lh=18 dn=1 dg=+7 dlh=+0 bottle=3 lvl=5 front=9671 ehp=-1'
08/27 12:51:04 [Localization System] CLocalize::FindSafe failed to localize: 'AIB[R] intent=tick-owner family=other stage=laning-core'
08/27 12:51:04 [Localization System] CLocalize::FindSafe failed to localize: 'AIB[D] intent=top-arbiter family=state winner=anti-idle:2 losers=hero-over-creep:52,idle-heal:46,emergency-retreat:45,fwd-pullback:44,emergency-kill:43.5'
08/27 12:51:04 [Localization System] CLocalize::FindSafe failed to localize: 'AIB[D] intent=tick-owner family=other stage=laning-core'
08/27 12:51:04 [Localization System] CLocalize::FindSafe failed to localize: 'AIB[D] blocked=hero-prio-chase reason=lane_work dist=1362 cs=false creep=false hp_adv=false kill_pressure=false close=false low_farm=false lane_override=false'
08/27 12:51:04 [Localization System] CLocalize::FindSafe failed to localize: 'AIB[R] intent=recovery-owner family=recover band=soft threat=false mode=fwd-pullback hp=43'
08/27 12:51:04 [Localization System] CLocalize::FindSafe failed to localize: 'AIB[R] intent=top-arbiter family=state winner=fwd-pullback:44 losers=safe-cs:56,hero-over-creep:52,idle-heal:46,emergency-retreat:45,emergency-kill:43.5'
08/27 12:51:04 [Localization System] CLocalize::FindSafe failed to localize: 'AIB[D] blocked=buy-loop reason=saving target=item_magic_wand head=item_recipe_magic_wand cost=150 gold=63 left=1'
08/27 12:51:04 [Localization System] CLocalize::FindSafe failed to localize: 'AIB[D] intent=lane-line-episode family=other dist=1255 fwd=0.48'
08/27 12:51:05 [Localization System] CLocalize::FindSafe failed to localize: 'AIB[R] blocked=recover-candidate reason=no_action_capped hp=44 score=44'
08/27 12:51:05 [Localization System] CLocalize::FindSafe failed to localize: 'AIB[R] blocked=bottle-rune reason=no_close_rune max=1900 waterMax=4700 nearest=inf water=inf mid=693'
08/27 12:51:05 [Localization System] CLocalize::FindSafe failed to localize: 'AIB[R] blocked=buy-loop reason=saving target=item_power_treads head=item_gloves cost=450 gold=213 left=1'
08/27 12:51:06 [Localization System] CLocalize::FindSafe failed to localize: 'AIB[D] intent=top-arbiter family=state winner=creep-work:38.6 losers=hero-over-creep:52,idle-heal:46,emergency-retreat:45,fwd-pullback:44,emergency-kill:43.5'
08/27 12:51:06 [Localization System] CLocalize::FindSafe failed to localize: 'AIB[R] blocked=recovery-rune-bottle reason=no_close_rune max=3600 waterMax=4700 nearest=inf water=inf mid=935'
08/27 12:51:06 [Localization System] CLocalize::FindSafe failed to localize: 'AIB[R] intent=recovery-plan family=recover action=lane reason=empty_bottle_no_rune hp=44 mana=72'
08/27 12:51:06 [Localization System] CLocalize::FindSafe failed to localize: 'AIB[R] intent=tick-owner family=other stage=desire/anti-idle reason=ready score=2 band=idle'
08/27 12:51:06 [Localization System] CLocalize::FindSafe failed to localize: 'AIB[D] intent=tick-owner family=other stage=laning-core'
08/27 12:51:06 [Localization System] CLocalize::FindSafe failed to localize: 'AIB[R] intent=top-arbiter family=state winner=wave-watch:10 losers=safe-cs:56,hero-over-creep:52,idle-heal:46,emergency-retreat:45,fwd-pullback:44'
08/27 12:51:07 [Localization System] CLocalize::FindSafe failed to localize: 'AIB[R] t=417s hp=44% gold=215 loc=-667,-563 enemy-dist=1203 lh=32 dn=7 dg=+7 dlh=+0 bottle=0 lvl=7 front=8995 ehp=100'
08/27 12:51:07 [Localization System] CLocalize::FindSafe failed to localize: 'AIB[D] blocked=uphill-repo reason=not_trading'
08/27 12:51:07 [Localization System] CLocalize::FindSafe failed to localize: 'AIB[R] intent=melee-pack-space family=safety count=3 dist=124'
08/27 12:51:07 [Localization System] CLocalize::FindSafe failed to localize: 'AIB[D] intent=top-arbiter family=state winner=creep-work:38.6 losers=hero-over-creep:52,idle-heal:46,emergency-retreat:45,fwd-pullback:44,emergency-kill:43.5'
08/27 12:51:07 [Localization System] CLocalize::FindSafe failed to localize: 'AIB[D] blocked=hero-prio-chase reason=lane_work dist=952 cs=true creep=true hp_adv=false kill_pressure=false close=false low_farm=false lane_override=false'
08/27 12:51:08 [Localization System] CLocalize::FindSafe failed to localize: 'AIB[D] t=418s hp=100% gold=68 loc=247,220 enemy-dist=1069 lh=18 dn=1 dg=+8 dlh=+0 bottle=3 lvl=5 front=9671 ehp=45'
08/27 12:51:08 [Localization System] CLocalize::FindSafe failed to localize: 'AIB[R] intent=top-arbiter family=state winner=creep-work:38.8 losers=safe-cs:56,hero-over-creep:52,idle-heal:46,emergency-retreat:45,fwd-pullback:44'
08/27 12:51:08 [Localization System] CLocalize::FindSafe failed to localize: 'AIB[R] intent=tick-owner family=other stage=laning-core'
08/27 12:51:08 [Localization System] CLocalize::FindSafe failed to localize: 'invalid index'
08/27 12:51:08 [Localization System] CLocalize::FindSafe failed to localize: 'AIB[D] intent=tick-owner family=other stage=desire/lane-line reason=ready score=18 band=position'
08/27 12:51:08 [Localization System] CLocalize::FindSafe failed to localize: 'AIB[R] blocked=fight-candidate reason=no_action_capped hp=45 score=40'
08/27 12:51:08 [Localization System] CLocalize::FindSafe failed to localize: 'AIB[D] blocked=fight-candidate reason=no_action_capped hp=100 score=40'
08/27 12:51:09 [Localization System] CLocalize::FindSafe failed to localize: 'AIB[R] intent=state-recover-xp family=state ttl=2 reason=regen_lane hp=45 dist=271'
08/27 12:51:09 [Localization System] CLocalize::FindSafe failed to localize: 'AIB[D] blocked=recovery-buy reason=budget_cap hp=100 gold=69 count=2 allow=2'
08/27 12:51:09 [Localization System] CLocalize::FindSafe failed to localize: 'AIB[D] intent=top-arbiter family=state winner=creep-work:38.6 losers=hero-over-creep:52,idle-heal:46,emergency-retreat:45,fwd-pullback:44,emergency-kill:43.5'
08/27 12:51:09 [Localization System] CLocalize::FindSafe failed to localize: 'AIB[R] blocked=recovery-buy reason=budget_cap hp=45 gold=219 count=2 allow=2'
08/27 12:51:09 [Localization System] CLocalize::FindSafe failed to localize: 'AIB[R] intent=melee-pack-space family=safety count=3 dist=121'
08/27 12:51:09 [Localization System] CLocalize::FindSafe failed to localize: 'AIB[D] intent=state-desire-last-hit family=farm dist=482 reason=killable_creep score=140'
08/27 12:51:09 [Localization System] CLocalize::FindSafe failed to localize: 'AIB[R] intent=top-arbiter family=state winner=idle-heal:46 losers=safe-cs:56,hero-over-creep:52,emergency-retreat:45,fwd-pullback:44,emergency-kill:43.5'
08/27 12:51:10 [Localization System] CLocalize::FindSafe failed to localize: 'AIB[R] intent=tick-owner family=other stage=laning-core'
08/27 12:51:10 [Localization System] CLocalize::FindSafe failed to localize: 'AIB[D] intent=state-desire-fight family=state base=78 hp_adv=8 execute=20 dist=814 hp=72 ehp=46 reason=enemy_seen score=106'
08/27 12:51:10 [Localization System] CLocalize::FindSafe failed to localize: 'AIB[D] blocked=top-arbiter reason=empty_action winner=fight score=106'
08/27 12:51:10 [Localization System] CLocalize::FindSafe failed to localize: 'AIB[D] intent=top-arbiter family=state winner=harass:40 losers=fight:106,hero-over-creep:52,idle-heal:46,emergency-retreat:45,fwd-pullback:44'
08/27 12:51:10 [Localization System] CLocalize::FindSafe failed to localize: 'AIB[D] intent=tick-owner family=other stage=desire/harass reason=ready score=40 band=lanework'
08/27 12:51:11 [Localization System] CLocalize::FindSafe failed to localize: 'AIB[D] intent=recovery-plan family=recover action=bottle reason=charges hp=72 mana=100 charges=3'
08/27 12:51:11 [Localization System] CLocalize::FindSafe failed to localize: 'AIB[R] intent=top-arbiter family=state winner=creep-work:38.8 losers=safe-cs:56,hero-over-creep:52,idle-heal:46,emergency-retreat:45,fwd-pullback:44'
08/27 12:51:11 [Localization System] CLocalize::FindSafe failed to localize: 'AIB[D] blocked=hero-prio-chase reason=lane_work dist=986 cs=true creep=false hp_adv=false kill_pressure=false close=false low_farm=false lane_override=false'
08/27 12:51:11 [Localization System] CLocalize::FindSafe failed to localize: 'AIB[R] intent=channel-interrupt family=fight dist=1031 hp=46 kind=heal reason=enemy_heal'
08/27 12:51:11 [Localization System] CLocalize::FindSafe failed to localize: 'AIB[D] blocked=buy-tp reason=recent_tp since=12'
08/27 12:51:12 [Localization System] CLocalize::FindSafe failed to localize: 'AIB[R] t=422s hp=47% gold=361 loc=-523,-559 enemy-dist=879 lh=35 dn=7 dg=+146 dlh=+3 bottle=0 lvl=7 front=7078 ehp=75'
08/27 12:51:12 [Localization System] CLocalize::FindSafe failed to localize: 'AIB[D] intent=state-desire-fight family=state base=78 hp_adv=8 execute=20 dist=732 hp=76 ehp=47 reason=enemy_seen score=106'
08/27 12:51:12 [Localization System] CLocalize::FindSafe failed to localize: 'AIB[D] intent=hero-contact family=fight dist=732 hp=76 reason=close_enemy'
08/27 12:51:12 [Localization System] CLocalize::FindSafe failed to localize: 'AIB[D] intent=top-arbiter family=state winner=fight:106 losers=hero-over-creep:52,idle-heal:46,emergency-retreat:45,fwd-pullback:44,emergency-kill:43.5'
08/27 12:51:12 [Localization System] CLocalize::FindSafe failed to localize: 'AIB[R] intent=tick-owner family=other stage=laning-core'
08/27 12:51:12 [Localization System] CLocalize::FindSafe failed to localize: 'AIB[D] blocked=top-arbiter reason=empty_action winner=fight score=124'
08/27 12:51:12 [Localization System] CLocalize::FindSafe failed to localize: 'AIB[R] blocked=creep-hit-react reason=recovery_commit hp=46 band=soft'
08/27 12:51:12 [Localization System] CLocalize::FindSafe failed to localize: 'AIB[R] blocked=safety-candidate reason=no_action_capped hp=46 score=44'
08/27 12:51:12 [Localization System] CLocalize::FindSafe failed to localize: 'AIB[R] intent=state-desire-recover family=state base=74 creep_dmg=-14 hp=46 reason=hp_gate score=60'
08/27 12:51:12 [Localization System] CLocalize::FindSafe failed to localize: 'AIB[R] intent=recovery-policy family=recover action=recover hp=46 gate=55 source=lane-low'
08/27 12:51:12 [Localization System] CLocalize::FindSafe failed to localize: 'AIB[R] intent=state-recover-xp family=state ttl=2 reason=regen_lane hp=46 dist=725'
08/27 12:51:12 [Localization System] CLocalize::FindSafe failed to localize: 'AIB[D] intent=hero-pass family=fight dist=585 hp=78 reason=nearby_enemy'
08/27 12:51:12 [Localization System] CLocalize::FindSafe failed to localize: 'AIB[R] intent=recovery-owner family=recover band=caution threat=false mode=safe-step hp=46'
08/27 12:51:12 [Localization System] CLocalize::FindSafe failed to localize: 'AIB[D] blocked=buy-loop reason=saving target=item_magic_wand head=item_recipe_magic_wand cost=150 gold=118 left=1'
08/27 12:51:12 [Localization System] CLocalize::FindSafe failed to localize: 'AIB[D] blocked=fight-candidate reason=no_action_capped hp=79 score=40'
08/27 12:51:12 [Localization System] CLocalize::FindSafe failed to localize: 'AIB[D] blocked=harass reason=own_heal_running'
08/27 12:51:12 [Localization System] CLocalize::FindSafe failed to localize: 'AIB[D] intent=tick-owner family=other stage=desire/anti-idle reason=ready score=2 band=idle'
08/27 12:51:13 [Localization System] CLocalize::FindSafe failed to localize: 'AIB[R] intent=top-arbiter family=state winner=recover:78 losers=safe-cs:56,hero-over-creep:52,idle-heal:46,emergency-retreat:45,fwd-pullback:44'
08/27 12:51:13 Script function 'Think' on bot npc_dota_hero_nevermore took 3.039ms
08/27 12:51:13 [Localization System] CLocalize::FindSafe failed to localize: 'AIB[D] t=424s hp=82% gold=119 loc=-57,-52 enemy-dist=802 lh=19 dn=1 dg=+51 dlh=+1 bottle=2 lvl=6 front=10054 ehp=45'
08/27 12:51:13 [Localization System] CLocalize::FindSafe failed to localize: 'AIB[R] blocked=bottle-rune reason=no_close_rune max=1900 waterMax=4700 nearest=inf water=inf mid=1153'
08/27 12:51:13 [Localization System] CLocalize::FindSafe failed to localize: 'AIB[R] blocked=buy-loop reason=saving target=item_power_treads head=item_gloves cost=450 gold=363 left=1'
08/27 12:51:14 [Localization System] CLocalize::FindSafe failed to localize: 'AIB[R] intent=state-desire-recover family=state base=74 creep_dmg=-14 hp=44 hyst=18 reason=hp_gate score=78'
08/27 12:51:14 [Localization System] CLocalize::FindSafe failed to localize: 'AIB[R] blocked=recovery-rune-bottle reason=no_close_rune max=3600 waterMax=4700 nearest=inf water=inf mid=900'
08/27 12:51:14 [Localization System] CLocalize::FindSafe failed to localize: 'AIB[R] intent=recovery-plan family=recover action=lane reason=empty_bottle_no_rune hp=44 mana=59'
08/27 12:51:14 [Localization System] CLocalize::FindSafe failed to localize: 'AIB[R] intent=tick-owner family=other stage=laning-core'
08/27 12:51:14 [Localization System] CLocalize::FindSafe failed to localize: 'AIB[R] intent=recovery-policy family=recover action=recover hp=45 gate=55 source=lane-low'
08/27 12:51:14 [Localization System] CLocalize::FindSafe failed to localize: 'AIB[R] intent=top-arbiter family=state winner=recover:78 losers=safe-cs:56,hero-over-creep:52,idle-heal:46,emergency-retreat:45,fwd-pullback:44'
08/27 12:51:14 [Localization System] CLocalize::FindSafe failed to localize: 'AIB[D] intent=top-arbiter family=state winner=anti-idle:2 losers=hero-over-creep:52,idle-heal:46,emergency-retreat:45,fwd-pullback:44,emergency-kill:43.5'
08/27 12:51:14 [Localization System] CLocalize::FindSafe failed to localize: 'AIB[D] intent=tick-owner family=other stage=desire/anti-idle reason=ready score=2 band=idle'
08/27 12:51:15 [Localization System] CLocalize::FindSafe failed to localize: 'AIB[D] blocked=hero-prio-chase reason=lane_work dist=1128 cs=false creep=false hp_adv=false kill_pressure=false close=false low_farm=false lane_override=false'
08/27 12:51:15 [Localization System] CLocalize::FindSafe failed to localize: 'AIB[R] blocked=creep-hit-react reason=recovery_commit hp=43 band=soft'
08/27 12:51:15 [Localization System] CLocalize::FindSafe failed to localize: 'AIB[R] blocked=safety-candidate reason=no_action_capped hp=43 score=44'
08/27 12:51:15 [Localization System] CLocalize::FindSafe failed to localize: 'AIB[R] intent=state-desire-recover family=state base=74 creep_dmg=-14 hp=43 hyst=18 reason=hp_gate score=78'
08/27 12:51:16 [Localization System] CLocalize::FindSafe failed to localize: 'AIB[D] intent=top-arbiter family=state winner=harass:40 losers=hero-over-creep:52,idle-heal:46,emergency-retreat:45,fwd-pullback:44,emergency-kill:43.5'
08/27 12:51:16 Script function 'Think' on bot npc_dota_hero_nevermore took 2.894ms
08/27 12:51:16 [Localization System] CLocalize::FindSafe failed to localize: 'AIB[R] intent=top-arbiter family=state winner=recover:78 losers=safe-cs:56,hero-over-creep:52,idle-heal:46,emergency-retreat:45,fwd-pullback:44'
08/27 12:51:16 [Localization System] CLocalize::FindSafe failed to localize: 'AIB[R] intent=damage-by-source family=other creep=528 tower=130 hero=2204 mixed=198 death=0 other=129 stale=713 gaps=6'
08/27 12:51:16 [Localization System] CLocalize::FindSafe failed to localize: 'AIB[R] intent=state-desire-last-hit family=farm dist=259 reason=killable_creep score=140'
08/27 12:51:16 [Localization System] CLocalize::FindSafe failed to localize: 'AIB[R] intent=tick-owner family=other stage=desire/last-hit dist=259 reason=killable_creep score=140'
08/27 12:51:16 [Localization System] CLocalize::FindSafe failed to localize: 'AIB[D] intent=damage-by-source family=other creep=452 tower=0 hero=3210 mixed=736 death=0 other=318 stale=190 gaps=2'
08/27 12:51:16 [Localization System] CLocalize::FindSafe failed to localize: 'AIB[D] intent=tick-owner family=other stage=laning-core'
08/27 12:51:17 [Localization System] CLocalize::FindSafe failed to localize: 'AIB[R] intent=recovery-policy family=recover action=recover hp=44 gate=55 source=lane-low'
08/27 12:51:17 [Localization System] CLocalize::FindSafe failed to localize: 'AIB[D] intent=state-desire-fight family=state base=78 hp_adv=8 execute=20 dist=875 hp=88 ehp=44 reason=enemy_seen score=106'
08/27 12:51:17 [Localization System] CLocalize::FindSafe failed to localize: 'AIB[D] blocked=top-arbiter reason=empty_action winner=fight score=106'
08/27 12:51:17 [Localization System] CLocalize::FindSafe failed to localize: 'AIB[R] t=427s hp=44% gold=407 loc=-1255,-1336 lh=36 dn=7 dg=+46 dlh=+1 bottle=0 lvl=7 front=7078 ehp=-1'
08/27 12:51:17 [Localization System] CLocalize::FindSafe failed to localize: 'AIB[R] intent=state-desire-recover family=state base=74 hp=44 hyst=18 reason=hp_gate score=92'
08/27 12:51:17 [Localization System] CLocalize::FindSafe failed to localize: 'AIB[D] intent=hero-contact family=fight dist=785 hp=88 reason=close_enemy'
08/27 12:51:17 [Localization System] CLocalize::FindSafe failed to localize: 'AIB[R] blocked=recover-candidate reason=no_action_capped hp=44 score=44'
08/27 12:51:17 [Localization System] CLocalize::FindSafe failed to localize: 'AIB[D] blocked=recovery-buy reason=budget_cap hp=88 gold=125 count=2 allow=2'
08/27 12:51:17 [Localization System] CLocalize::FindSafe failed to localize: 'AIB[R] blocked=fight-candidate reason=no_action_capped hp=44 score=40'
08/27 12:51:17 [Localization System] CLocalize::FindSafe failed to localize: 'AIB[R] intent=state-recover-xp family=state ttl=2 reason=regen_lane hp=44 dist=681'
08/27 12:51:17 [Localization System] CLocalize::FindSafe failed to localize: 'AIB[D] intent=top-arbiter family=state winner=harass:40 losers=fight:106,hero-over-creep:52,idle-heal:46,emergency-retreat:45,fwd-pullback:44'
08/27 12:51:17 [Localization System] CLocalize::FindSafe failed to localize: 'AIB[R] intent=top-arbiter family=state winner=idle-heal:46 losers=safe-cs:56,hero-over-creep:52,emergency-retreat:45,fwd-pullback:44,emergency-kill:43.5'
08/27 12:51:18 [Localization System] CLocalize::FindSafe failed to localize: 'AIB[D] t=429s hp=89% gold=126 loc=-934,-915 enemy-dist=811 lh=19 dn=1 dg=+7 dlh=+0 bottle=2 lvl=6 front=11107 ehp=43'
08/27 12:51:18 [Localization System] CLocalize::FindSafe failed to localize: 'AIB[D] intent=state-desire-siege family=siege base=66 push=12 hp=89 reason=tower_window score=78'
08/27 12:51:18 [Localization System] CLocalize::FindSafe failed to localize: 'AIB[D] intent=state-siege-window family=siege ttl=2 wave=1 tower=784 hp=89 adv=false'
08/27 12:51:18 [Localization System] CLocalize::FindSafe failed to localize: 'AIB[D] intent=tower-opportunity family=siege result=step phase=default wave=1 tower=784'
08/27 12:51:18 [Localization System] CLocalize::FindSafe failed to localize: 'AIB[R] blocked=creep-hit-react reason=recovery_commit hp=43 band=soft'
08/27 12:51:18 [Localization System] CLocalize::FindSafe failed to localize: 'AIB[R] blocked=safety-candidate reason=no_action_capped hp=43 score=44'
08/27 12:51:18 [Localization System] CLocalize::FindSafe failed to localize: 'AIB[R] intent=tick-owner family=other stage=laning-core'
08/27 12:51:18 [Localization System] CLocalize::FindSafe failed to localize: 'AIB[D] intent=state-desire-fight family=state base=78 hp_adv=8 execute=20 dist=840 hp=89 ehp=43 reason=enemy_seen score=106'
08/27 12:51:18 [Localization System] CLocalize::FindSafe failed to localize: 'AIB[D] blocked=top-arbiter reason=empty_action winner=fight score=106'
08/27 12:51:18 [Localization System] CLocalize::FindSafe failed to localize: 'AIB[R] intent=state-desire-recover family=state base=74 creep_dmg=-14 hp=44 hyst=18 reason=hp_gate score=78'
08/27 12:51:19 [Localization System] CLocalize::FindSafe failed to localize: 'AIB[D] intent=tick-owner family=other stage=laning-core'
08/27 12:51:19 [Localization System] CLocalize::FindSafe failed to localize: 'AIB[D] intent=top-arbiter family=state winner=siege:96 losers=hero-over-creep:52,idle-heal:46,emergency-retreat:45,fwd-pullback:44,emergency-kill:43.5'
08/27 12:51:19 [Localization System] CLocalize::FindSafe failed to localize: 'AIB[R] intent=recovery-policy family=recover action=recover hp=44 gate=55 source=lane-low'
08/27 12:51:19 [Localization System] CLocalize::FindSafe failed to localize: 'AIB[R] intent=state-desire-last-hit family=farm dist=427 reason=killable_creep score=140'
08/27 12:51:19 [Localization System] CLocalize::FindSafe failed to localize: 'AIB[R] intent=top-arbiter family=state winner=last-hit:140 losers=recover:92,safe-cs:56,hero-over-creep:52,cs-inrange:50,idle-heal:46'
08/27 12:51:19 [Localization System] CLocalize::FindSafe failed to localize: 'AIB[D] blocked=buy-tp reason=recent_tp since=20'
08/27 12:51:19 [Localization System] CLocalize::FindSafe failed to localize: 'AIB[D] intent=state-desire-siege family=siege base=66 push=12 hp=90 hyst=18 reason=tower_window score=96'
08/27 12:51:20 [Localization System] CLocalize::FindSafe failed to localize: 'AIB[R] blocked=recover-candidate reason=no_action_capped hp=44 score=44'
08/27 12:51:20 [Localization System] CLocalize::FindSafe failed to localize: 'AIB[R] intent=tick-owner family=other stage=laning-core'
08/27 12:51:20 [Localization System] CLocalize::FindSafe failed to localize: 'AIB[D] blocked=buy-loop reason=saving target=item_magic_wand head=item_recipe_magic_wand cost=150 gold=130 left=1'
08/27 12:51:21 [Localization System] CLocalize::FindSafe failed to localize: 'AIB[R] blocked=recover-candidate reason=no_resources_behind_safe hp=45 score=44'
08/27 12:51:21 [Localization System] CLocalize::FindSafe failed to localize: 'AIB[R] blocked=bottle-rune reason=no_close_rune max=1900 waterMax=4700 nearest=inf water=inf mid=739'
08/27 12:51:22 [Localization System] CLocalize::ConstructString failed to localize: '#DOTA_Tooltip_Ability_nevermore_shadowraze2_SummaryDescription'
08/27 12:51:22 [Localization System] CLocalize::FindSafe failed to localize: 'AIB[R] t=432s hp=45% gold=3 loc=-2120,-1872 lh=37 dn=7 dg=-404 dlh=+1 bottle=0 lvl=7 front=7078 ehp=-1'
08/27 12:51:22 [Localization System] CLocalize::FindSafe failed to localize: 'AIB[R] blocked=recovery-rune-bottle reason=no_close_rune max=3600 waterMax=4700 nearest=inf water=inf mid=739'
08/27 12:51:22 [Localization System] CLocalize::FindSafe failed to localize: 'AIB[R] intent=recovery-plan family=recover action=lane reason=empty_bottle_no_rune hp=45 mana=63'
08/27 12:51:22 [Localization System] CLocalize::FindSafe failed to localize: 'AIB[D] intent=lane-line-episode family=other dist=307 fwd=0.65'
08/27 12:51:22 [Localization System] CLocalize::FindSafe failed to localize: 'AIB[D] intent=top-arbiter family=state winner=lane-line:18 losers=hero-over-creep:52,idle-heal:46,emergency-retreat:45,fwd-pullback:44,emergency-kill:43.5'
08/27 12:51:22 [Localization System] CLocalize::FindSafe failed to localize: 'AIB[D] intent=tick-owner family=other stage=desire/lane-line reason=ready score=18 band=position'
08/27 12:51:23 [Localization System] CLocalize::FindSafe failed to localize: 'AIB[D] intent=recovery-plan family=recover action=bottle reason=charges hp=77 mana=84 charges=2'
08/27 12:51:23 [Localization System] CLocalize::FindSafe failed to localize: 'AIB[D] blocked=harass reason=own_heal_running'
08/27 12:51:23 [Localization System] CLocalize::FindSafe failed to localize: 'AIB[R] intent=top-arbiter family=state winner=anti-idle:2 losers=safe-cs:56,hero-over-creep:52,idle-heal:46,emergency-retreat:45,fwd-pullback:44'
08/27 12:51:23 [Localization System] CLocalize::FindSafe failed to localize: 'AIB[R] intent=tick-owner family=other stage=desire/anti-idle reason=ready score=2 band=idle'
08/27 12:51:23 [Server] PR:IncrementIdleTime 1:[I:0:0] 2.10
08/27 12:51:23 [Localization System] CLocalize::FindSafe failed to localize: 'AIB[D] t=434s hp=79% gold=134 loc=-768,-706 lh=19 dn=1 dg=+8 dlh=+0 bottle=1 lvl=6 front=10707 ehp=-1'
08/27 12:51:24 [Localization System] CLocalize::FindSafe failed to localize: 'AIB[D] intent=top-arbiter family=state winner=creep-work:38.6 losers=hero-over-creep:52,idle-heal:46,emergency-retreat:45,fwd-pullback:44,emergency-kill:43.5'
08/27 12:51:24 [Localization System] CLocalize::FindSafe failed to localize: 'AIB[D] intent=tick-owner family=other stage=laning-core'
08/27 12:51:25 [SteamNetSockets] Certificate expires in 46h55m at 1787996791 (current time 1787827885), will renew in 44h55m
08/27 12:51:25 [Localization System] CLocalize::FindSafe failed to localize: 'AIB[R] intent=top-arbiter family=state winner=anti-idle:2 losers=safe-cs:56,hero-over-creep:52,idle-heal:46,emergency-retreat:45,fwd-pullback:44'
08/27 12:51:25 [Localization System] CLocalize::FindSafe failed to localize: 'AIB[R] intent=tick-owner family=other stage=desire/anti-idle reason=ready score=2 band=idle'
08/27 12:51:25 [Localization System] CLocalize::FindSafe failed to localize: 'AIB[D] intent=top-arbiter family=state winner=anti-idle:2 losers=hero-over-creep:52,idle-heal:46,emergency-retreat:45,fwd-pullback:44,emergency-kill:43.5'
08/27 12:51:26 [Localization System] CLocalize::FindSafe failed to localize: 'AIB[D] intent=tick-owner family=other stage=laning-core'
08/27 12:51:27 [Localization System] CLocalize::FindSafe failed to localize: 'AIB[R] intent=top-arbiter family=state winner=anti-idle:2 losers=safe-cs:56,hero-over-creep:52,idle-heal:46,emergency-retreat:45,fwd-pullback:44'
08/27 12:51:27 [Localization System] CLocalize::FindSafe failed to localize: 'AIB[D] intent=top-arbiter family=state winner=anti-idle:2 losers=hero-over-creep:52,idle-heal:46,emergency-retreat:45,fwd-pullback:44,emergency-kill:43.5'
08/27 12:51:27 [Localization System] CLocalize::FindSafe failed to localize: 'AIB[R] t=438s hp=48% gold=11 loc=-1444,-1200 lh=37 dn=7 dg=+8 dlh=+0 bottle=0 lvl=7 front=8092 ehp=-1'
08/27 12:51:27 [Localization System] CLocalize::FindSafe failed to localize: 'AIB[D] intent=lane-line-episode family=other dist=348 fwd=0.47'
08/27 12:51:27 [Localization System] CLocalize::FindSafe failed to localize: 'AIB[R] intent=tick-owner family=other stage=desire/anti-idle reason=ready score=2 band=idle'
08/27 12:51:27 [Localization System] CLocalize::FindSafe failed to localize: 'AIB[D] blocked=buy-tp reason=recent_tp since=28'
08/27 12:51:28 [Localization System] CLocalize::FindSafe failed to localize: 'AIB[D] intent=own-ranged-lead family=other lead=274 count=2'
08/27 12:51:28 [Localization System] CLocalize::FindSafe failed to localize: 'AIB[R] blocked=uphill-repo reason=not_trading'
08/27 12:51:28 [Localization System] CLocalize::FindSafe failed to localize: 'AIB[R] intent=top-arbiter family=state winner=anti-idle:2 losers=safe-cs:56,hero-over-creep:52,idle-heal:46,emergency-retreat:45,fwd-pullback:44'
08/27 12:51:28 [Localization System] CLocalize::FindSafe failed to localize: 'AIB[D] t=439s hp=92% gold=142 loc=-242,-169 lh=19 dn=1 dg=+8 dlh=+0 bottle=1 lvl=6 front=9903 ehp=-1'
08/27 12:51:28 [Localization System] CLocalize::FindSafe failed to localize: 'AIB[D] intent=top-arbiter family=state winner=ranged-spacing:41 losers=hero-over-creep:52,idle-heal:46,emergency-retreat:45,fwd-pullback:44,emergency-kill:43.5'
08/27 12:51:28 [Localization System] CLocalize::FindSafe failed to localize: 'AIB[D] blocked=buy-loop reason=saving target=item_magic_wand head=item_recipe_magic_wand cost=150 gold=142 left=1'
08/27 12:51:28 [Localization System] CLocalize::FindSafe failed to localize: 'AIB[D] intent=tick-owner family=other stage=laning-core'
08/27 12:51:29 [Localization System] CLocalize::FindSafe failed to localize: 'AIB[R] blocked=bottle-rune reason=no_close_rune max=1900 waterMax=4700 nearest=inf water=inf mid=541'
08/27 12:51:29 [Localization System] CLocalize::FindSafe failed to localize: 'AIB[R] intent=tick-owner family=other stage=laning-core'
08/27 12:51:30 [Localization System] CLocalize::FindSafe failed to localize: 'AIB[D] blocked=visual-hold reason=creep_in_range held=2.1 hp=93 repeat=1 hard=false'
08/27 12:51:30 [Localization System] CLocalize::FindSafe failed to localize: 'AIB[R] intent=top-arbiter family=state winner=wave-watch:10 losers=safe-cs:56,hero-over-creep:52,idle-heal:46,emergency-retreat:45,fwd-pullback:44'
08/27 12:51:30 [Localization System] CLocalize::FindSafe failed to localize: 'AIB[D] intent=top-arbiter family=state winner=harass:40 losers=hero-over-creep:52,idle-heal:46,emergency-retreat:45,fwd-pullback:44,emergency-kill:43.5'
08/27 12:51:30 [Localization System] CLocalize::FindSafe failed to localize: 'AIB[R] blocked=fight-candidate reason=no_action_capped hp=50 score=40'
08/27 12:51:30 [Localization System] CLocalize::FindSafe failed to localize: 'AIB[R] blocked=recovery-rune-bottle reason=no_close_rune max=3600 waterMax=4700 nearest=inf water=inf mid=541'
08/27 12:51:30 [Localization System] CLocalize::FindSafe failed to localize: 'AIB[R] intent=recovery-plan family=recover action=lane reason=empty_bottle_no_rune hp=50 mana=66'
08/27 12:51:30 [Localization System] CLocalize::FindSafe failed to localize: 'AIB[D] intent=state-desire-fight family=state base=78 hp_adv=8 execute=20 dist=876 hp=93 ehp=50 reason=enemy_seen score=106'
08/27 12:51:30 [Localization System] CLocalize::FindSafe failed to localize: 'AIB[D] blocked=top-arbiter reason=empty_action winner=fight score=106'
08/27 12:51:30 [Localization System] CLocalize::FindSafe failed to localize: 'AIB[D] blocked=recovery-buy reason=budget_cap hp=93 gold=145 count=2 allow=2'
08/27 12:51:30 [Localization System] CLocalize::FindSafe failed to localize: 'AIB[D] intent=melee-pack-space family=safety count=3 dist=131'
08/27 12:51:31 [Localization System] CLocalize::FindSafe failed to localize: 'AIB[D] intent=tick-owner family=other stage=laning-core'
08/27 12:51:31 [Localization System] CLocalize::FindSafe failed to localize: 'AIB[D] intent=hero-contact family=fight dist=737 hp=93 reason=close_enemy'
08/27 12:51:31 [Server] Client (account 0) tried to execute invalid order (101). Ability can't be cast with a position
08/27 12:51:31 [Server] Client (account 0) tried to execute invalid order (101). Ability can't be cast with a position
08/27 12:51:31 [Localization System] CLocalize::FindSafe failed to localize: 'AIB[R] intent=damage-by-source family=other creep=538 tower=130 hero=2204 mixed=198 death=0 other=129 stale=713 gaps=6'
08/27 12:51:31 [Server] Client (account 0) tried to execute invalid order (101). Ability can't be cast with a position
08/27 12:51:31 [Localization System] CLocalize::FindSafe failed to localize: 'AIB[D] intent=damage-by-source family=other creep=452 tower=61 hero=3455 mixed=736 death=0 other=318 stale=243 gaps=3'
08/27 12:51:31 [Localization System] CLocalize::FindSafe failed to localize: 'AIB[R] intent=state-desire-fight family=state base=78 range=18 dist=575 hp=51 ehp=65 reason=enemy_seen score=96'
08/27 12:51:31 [Localization System] CLocalize::FindSafe failed to localize: 'AIB[R] blocked=hero-contact reason=uphill dist=575 hp=51'
08/27 12:51:31 [Localization System] CLocalize::FindSafe failed to localize: 'AIB[R] blocked=hero-pass reason=uphill hp=51'
08/27 12:51:31 [Localization System] CLocalize::FindSafe failed to localize: 'AIB[R] blocked=top-arbiter reason=empty_action winner=fight score=96'
08/27 12:51:31 [Localization System] CLocalize::FindSafe failed to localize: 'AIB[R] intent=top-arbiter family=state winner=creep-work:38.8 losers=fight:96,safe-cs:56,hero-over-creep:52,idle-heal:46,emergency-retreat:45'
08/27 12:51:31 [Localization System] CLocalize::FindSafe failed to localize: 'AIB[R] intent=tick-owner family=other stage=laning-core'
08/27 12:51:31 [Server] Client (account 0) tried to execute invalid order (101). Ability can't be cast with a position
08/27 12:51:31 [Localization System] CLocalize::FindSafe failed to localize: 'AIB[D] intent=top-arbiter family=state winner=fight:142 losers=last-hit:140,hero-over-creep:52,cs-inrange:50,idle-heal:46,emergency-retreat:45'
08/27 12:51:31 [Localization System] CLocalize::FindSafe failed to localize: 'AIB[R] blocked=kill-lock reason=uphill dist=553 hp=51'
08/27 12:51:31 [Server] PR:IncrementIdleTime 1:[I:0:0] 2.60
08/27 12:51:32 [Localization System] CLocalize::FindSafe failed to localize: 'AIB[D] intent=recovery-policy family=recover action=recover hp=30 gate=35 source=early-low'
08/27 12:51:32 [Localization System] CLocalize::FindSafe failed to localize: 'AIB[D] intent=state-recover-xp family=state ttl=2 reason=regen_lane hp=30 dist=905'
08/27 12:51:32 [Server] Client (account 0) tried to execute invalid order (101). Ability can't be cast with a position
08/27 12:51:32 [Localization System] CLocalize::FindSafe failed to localize: 'AIB[D] intent=kill-lock family=fight dist=553 ehp=34 hp=30 exec=false atk=false mutual=true reason=mutual_low_finish'
08/27 12:51:32 [Localization System] CLocalize::FindSafe failed to localize: 'AIB[R] t=443s hp=36% gold=52 loc=-896,-751 enemy-dist=563 lh=38 dn=7 dg=+41 dlh=+1 bottle=0 lvl=7 front=8526 ehp=29'
08/27 12:51:32 [Localization System] CLocalize::FindSafe failed to localize: 'AIB[R] intent=kill-lock family=fight dist=563 ehp=29 hp=36 exec=false atk=true mutual=true reason=mutual_low_finish'
08/27 12:51:33 [Localization System] CLocalize::FindSafe failed to localize: 'AIB[D] intent=tick-owner family=other stage=laning-core'
08/27 12:51:33 [Localization System] CLocalize::FindSafe failed to localize: 'AIB[D] t=444s hp=19% gold=149 loc=-205,-198 enemy-dist=769 lh=19 dn=1 dg=+7 dlh=+0 bottle=1 lvl=6 front=9945 ehp=37'
08/27 12:51:33 [Localization System] CLocalize::FindSafe failed to localize: 'AIB[D] intent=state-recover-safe family=state ttl=2 reason=regen_lane hp=19 dist=1637'
08/27 12:51:34 [Localization System] CLocalize::FindSafe failed to localize: 'AIB[D] intent=recovery-policy family=recover action=recover hp=19 gate=22 source=emergency-low'
08/27 12:51:35 [Localization System] CLocalize::FindSafe failed to localize: 'AIB[D] intent=tick-owner family=other stage=laning-core'
08/27 12:51:36 [Localization System] CLocalize::FindSafe failed to localize: 'AIB[D] blocked=bottle-rune reason=critical_no_stage hp=11 rune=1708 eta=34'
08/27 12:51:36 [Localization System] CLocalize::FindSafe failed to localize: 'AIB[R] blocked=recover-candidate reason=no_action_capped hp=38 score=44'
08/27 12:51:36 [Localization System] CLocalize::FindSafe failed to localize: 'AIB[R] intent=recovery-plan family=recover action=back reason=post_fight_regen hp=38'
08/27 12:51:36 [Localization System] CLocalize::FindSafe failed to localize: 'AIB[R] intent=state-recover-xp family=state ttl=5 reason=post_fight_regen hp=38 dist=1006'
08/27 12:51:36 [Localization System] CLocalize::FindSafe failed to localize: 'AIB[R] intent=recovery-owner family=recover band=soft threat=false mode=fwd-pullback hp=38'
08/27 12:51:36 [Localization System] CLocalize::FindSafe failed to localize: 'AIB[R] intent=top-arbiter family=state winner=fwd-pullback:44 losers=safe-cs:56,hero-over-creep:52,idle-heal:46,emergency-retreat:45,emergency-kill:43.5'
08/27 12:51:36 [Localization System] CLocalize::FindSafe failed to localize: 'AIB[R] intent=tick-owner family=other stage=desire/fwd-pullback reason=ready score=44 band=lanework'
08/27 12:51:36 [Localization System] CLocalize::FindSafe failed to localize: 'AIB[D] blocked=bottle-rune reason=stage_cooldown eta=34'
08/27 12:51:36 [Localization System] CLocalize::FindSafe failed to localize: 'AIB[D] intent=recovery-policy family=recover action=recover hp=15 gate=22 source=emergency-low'
08/27 12:51:36 [Localization System] CLocalize::FindSafe failed to localize: 'AIB[D] intent=recovery-plan family=recover action=back reason=post_fight_regen hp=15'
08/27 12:51:36 [Localization System] CLocalize::FindSafe failed to localize: 'AIB[D] intent=state-recover-safe family=state ttl=5 reason=post_fight_regen hp=15 dist=696'
08/27 12:51:36 [Localization System] CLocalize::FindSafe failed to localize: 'AIB[D] blocked=recovery-buy reason=fountain_floor_free_heal hp=15 gold=4'
08/27 12:51:37 [Localization System] CLocalize::FindSafe failed to localize: 'AIB[D] intent=tick-owner family=other stage=laning-core'
08/27 12:51:37 [Localization System] CLocalize::FindSafe failed to localize: 'AIB[R] intent=state-desire-last-hit family=farm dist=431 reason=killable_creep score=140'
08/27 12:51:37 [Localization System] CLocalize::FindSafe failed to localize: 'AIB[R] t=448s hp=39% gold=60 loc=-468,-435 lh=38 dn=7 dg=+8 dlh=+0 bottle=0 lvl=7 front=8884 ehp=-1'
08/27 12:51:37 [Localization System] CLocalize::FindSafe failed to localize: 'AIB[R] intent=top-arbiter family=state winner=last-hit:158 losers=safe-cs:56,hero-over-creep:52,cs-inrange:50,idle-heal:46,emergency-retreat:45'
08/27 12:51:38 [Localization System] CLocalize::FindSafe failed to localize: 'AIB[R] blocked=creep-hit-react reason=recovery_commit hp=38 band=soft'
08/27 12:51:38 [Localization System] CLocalize::FindSafe failed to localize: 'AIB[R] blocked=safety-candidate reason=no_action_capped hp=38 score=44'
08/27 12:51:38 [Localization System] CLocalize::FindSafe failed to localize: 'AIB[R] intent=state-desire-recover family=state base=74 danger=28 creep_dmg=-14 hp=38 reason=hp_gate score=88'
08/27 12:51:38 [Localization System] CLocalize::FindSafe failed to localize: 'AIB[R] intent=recovery-policy family=recover action=recover hp=38 gate=55 source=lane-low'
08/27 12:51:38 [Localization System] CLocalize::FindSafe failed to localize: 'AIB[R] blocked=bottle-rune reason=no_close_rune max=1900 waterMax=4700 nearest=inf water=inf mid=362'
08/27 12:51:38 [Localization System] CLocalize::FindSafe failed to localize: 'AIB[R] intent=tick-owner family=other stage=laning-core'
08/27 12:51:38 [Localization System] CLocalize::FindSafe failed to localize: 'AIB[R] blocked=recovery-rune-bottle reason=no_close_rune max=3600 waterMax=4700 nearest=inf water=inf mid=501'
08/27 12:51:38 [Localization System] CLocalize::FindSafe failed to localize: 'AIB[D] t=449s hp=24% gold=7 loc=848,882 lh=19 dn=1 dg=-142 dlh=+0 bottle=0 lvl=6 front=9638 ehp=-1'
08/27 12:51:38 [Localization System] CLocalize::FindSafe failed to localize: 'AIB[D] blocked=recovery-rune-bottle reason=stage_cooldown eta=31'
08/27 12:51:38 [Localization System] CLocalize::FindSafe failed to localize: 'AIB[D] intent=recovery-policy family=recover action=recover hp=25 gate=35 source=early-low'
08/27 12:51:38 [Localization System] CLocalize::FindSafe failed to localize: 'AIB[R] intent=recovery-owner family=recover band=soft threat=false mode=back hp=39'
08/27 12:51:39 [Localization System] CLocalize::FindSafe failed to localize: 'AIB[D] blocked=bottle-rune reason=no_close_rune max=1900 waterMax=4700 nearest=inf water=inf mid=519'
08/27 12:51:39 [Localization System] CLocalize::FindSafe failed to localize: 'AIB[D] blocked=recovery-rune-bottle reason=no_close_rune max=3600 waterMax=4700 nearest=inf water=inf mid=519'
08/27 12:51:39 [Localization System] CLocalize::FindSafe failed to localize: 'AIB[D] intent=tick-owner family=other stage=laning-core'
08/27 12:51:39 [Localization System] CLocalize::FindSafe failed to localize: 'AIB[R] intent=top-arbiter family=state winner=recover:120 losers=safe-cs:56,hero-over-creep:52,idle-heal:46,emergency-retreat:45,fwd-pullback:44'
08/27 12:51:39 [Localization System] CLocalize::FindSafe failed to localize: 'AIB[R] intent=state-desire-recover family=state base=74 danger=28 hp=39 hyst=18 reason=hp_gate score=120'
08/27 12:51:39 [Localization System] CLocalize::FindSafe failed to localize: 'AIB[R] blocked=recover-candidate reason=no_action_capped hp=39 score=44'
08/27 12:51:39 [Localization System] CLocalize::FindSafe failed to localize: 'AIB[R] blocked=cs-watchdog reason=no_creep lh=39 idle=20'
08/27 12:51:40 [Localization System] CLocalize::FindSafe failed to localize: 'AIB[R] intent=tick-owner family=other stage=laning-core'
08/27 12:51:40 [GCClient] Recv msg 7273 (k_EMsgGCChatMessage), 99 bytes
08/27 12:51:40 Script function 'Think' on bot npc_dota_hero_nevermore took 2.356ms
08/27 12:51:40 [Localization System] CLocalize::FindSafe failed to localize: 'AIB[D] intent=recovery-policy family=recover action=recover hp=26 gate=35 source=early-low'
08/27 12:51:40 [Localization System] CLocalize::FindSafe failed to localize: 'AIB[D] intent=recovery-plan family=recover action=water_rune reason=blocked hp=26 mana=100'
08/27 12:51:40 [Localization System] CLocalize::FindSafe failed to localize: 'AIB[R] intent=top-arbiter family=state winner=creep-work:38.8 losers=safe-cs:56,hero-over-creep:52,idle-heal:46,emergency-retreat:45,fwd-pullback:44'
08/27 12:51:41 [Localization System] CLocalize::FindSafe failed to localize: 'AIB[D] intent=tick-owner family=other stage=laning-core'
08/27 12:51:41 Script function 'Think' on bot npc_dota_hero_nevermore took 3.125ms
08/27 12:51:41 [Localization System] CLocalize::FindSafe failed to localize: 'AIB[D] intent=state-recover-safe family=state ttl=5 reason=post_fight_regen hp=26 dist=1'
08/27 12:51:41 [Server] PR:IncrementIdleTime 6:[I:0:0] 2.80
08/27 12:51:41 [Localization System] CLocalize::FindSafe failed to localize: 'AIB[R] intent=recovery-owner family=recover band=soft threat=false mode=fwd-pullback hp=40'
08/27 12:51:42 [Localization System] CLocalize::FindSafe failed to localize: 'AIB[R] ability-harass=142 anti-afk-no-chase=2 anti-idle-enter=32 anti-idle-lane=14 anti-idle-lowhp-back=7 bottle-heal=8 bottle-rune=3 channel-interrupt-atk=7 channel-interrupt-chase=13 creep-aggro-back=3 creep-aggro-hit=11 creep-dmg=6 creep-hit-react-aggro-step=1 creep-hit-react-atk=11 creep-hit-react-step=9 cs-wait-release=67 cs-wait=26 cs-walk-gap-large=55 cs-walk-gap-small=57 cs-walk-inrange=24 cs-walk-into-pack=22 cs-walk=136 cs-watchdog-step=4 deny-act-atk=63 deny-act-walk=56 deny-act=118 deny-cand-doomed=35 deny-cand-tanky=233 deny-skip-backtrack=2 dw-active=3 dw-farm=24 dw-fwd=1 empty-bottle-ok=5 fight-hp-behind=7 fwd-at-position=12 fwd-hold=1 fwd-lowhp-pull=17 fwd-position=2 fwd-suppressed-creep=26 fwd-suppressed-cs=5 fwd-suppressed-damage=1 fwd-suppressed-empty=6 fwd-suppressed-hero=6 fwd-suppressed-lowhp=7 fwd-suppressed-motor=20 fwd-suppressed-recovery=2 fwd-suppressed-rune=3 fwd-suppressed-tower=6 fwd-suppressed-visual=4 fwd-suppressed-watchdog=1 harass-atk=1 heal-blocked-damage=1 heal-item=2 heal-no-dive=1 heal-want=2 hero-contact-atk=33 hero-contact-chase=10 hero-over-creep=6 hero-pass-atk=16 hero-pass-chase=5 idle=21 kill-lock-atk=5 kill-lock-chase=7 kill-priority=8 killwin-atk=75 killwin-scan=1378 lane-line-fallback=44 lane-line-suppressed-creep-dmg=2 lane-line-suppressed-creep=8 lane-line-suppressed-damage=1 lane-line-suppressed-empty=6 lane-line-suppressed-heal=16 lane-line-suppressed-lowhp=27 last-hit-urgent=127 low-hp-creep=4 low-hp-limit=16 melee-pack-release=19 melee-pack-space=21 mutual-low-finish-atk=3 mutual-low-finish-chase=1 no-dive=4 own-ranged-stepback=1 pre-aig=32 precreep-anchor=43 precreep-hold=3 precreep-park-hold=13 precreep-park=154 precreep-space=1 prewave-defend=1 prewave-free-hit=74 recover-xp=23 recovery-bottle-active=9 recovery-bottle=3 recovery-buy=5 recovery-enemy-near=278 recovery-flask=3 recovery-regen=11 recovery-rune-bottle=2 recovery-tango=2 regen-walk=12 siege-commit-tower=33 siege-creep=1 siege-step=4 siege-terminal-tower=67 tango-heal=1 tower-aggro-drop=7 tower-range-exit=2 uphill-reposition=3 uphill-void-under-fire=18 visual-hold-creep=33 visual-hold-hard-creep=2 visual-hold-lane=5 wave-watch=38'
08/27 12:51:42 [Localization System] CLocalize::FindSafe failed to localize: 'AIB[R] intent=top-arbiter family=state winner=fwd-pullback:44 losers=safe-cs:56,hero-over-creep:52,idle-heal:46,emergency-retreat:45,emergency-kill:43.5'
08/27 12:51:42 [Localization System] CLocalize::FindSafe failed to localize: 'AIB[R] intent=tick-owner family=other stage=laning-core'
08/27 12:51:42 [Localization System] CLocalize::FindSafe failed to localize: 'AIB[R] t=453s hp=40% gold=119 loc=-302,-318 lh=39 dn=7 dg=+59 dlh=+1 bottle=0 lvl=7 front=9772 ehp=-1'
08/27 12:51:42 [Localization System] CLocalize::FindSafe failed to localize: 'AIB[D] intent=recovery-policy family=recover action=recover hp=27 gate=35 source=early-low'
08/27 12:51:43 [Localization System] CLocalize::FindSafe failed to localize: 'AIB[R] blocked=recover-candidate reason=no_action_capped hp=41 score=44'
08/27 12:51:43 [Localization System] CLocalize::FindSafe failed to localize: 'AIB[D] intent=tick-owner family=other stage=laning-core'
08/27 12:51:43 [Localization System] CLocalize::FindSafe failed to localize: 'AIB[D] t=454s hp=27% gold=14 loc=835,964 lh=19 dn=1 dg=+7 dlh=+0 bottle=0 lvl=6 front=8620 ehp=-1'
08/27 12:51:44 [Localization System] CLocalize::FindSafe failed to localize: 'AIB[R] intent=top-arbiter family=state winner=fwd-pullback:44 losers=safe-cs:56,hero-over-creep:52,idle-heal:46,emergency-retreat:45,emergency-kill:43.5'
08/27 12:51:44 [Localization System] CLocalize::FindSafe failed to localize: 'AIB[R] intent=recovery-plan family=recover action=lane reason=empty_bottle_no_rune hp=41 mana=46'
08/27 12:51:44 [SteamNetSockets] Certificate expires in 47h50m at 1788000104 (current time 1787827904), will renew in 45h50m
08/27 12:51:44 [Localization System] CLocalize::FindSafe failed to localize: 'AIB[R] intent=tick-owner family=other stage=laning-core'
08/27 12:51:44 [Localization System] CLocalize::FindSafe failed to localize: 'AIB[D] intent=recovery-policy family=recover action=recover hp=28 gate=35 source=early-low'
08/27 12:51:44 [Localization System] CLocalize::FindSafe failed to localize: 'AIB[D] intent=recovery-plan family=recover action=water_rune reason=blocked hp=28 mana=100'
08/27 12:51:45 [Localization System] CLocalize::FindSafe failed to localize: 'AIB[D] intent=tick-owner family=other stage=laning-core'
08/27 12:51:45 [Localization System] CLocalize::FindSafe failed to localize: 'AIB[R] intent=top-arbiter family=state winner=fwd-pullback:44 losers=safe-cs:56,hero-over-creep:52,idle-heal:46,emergency-retreat:45,emergency-kill:43.5'
08/27 12:51:46 [Localization System] CLocalize::FindSafe failed to localize: 'AIB[R] blocked=recover-candidate reason=no_action_capped hp=42 score=44'
08/27 12:51:46 [Localization System] CLocalize::FindSafe failed to localize: 'AIB[R] blocked=bottle-rune reason=no_close_rune max=1900 waterMax=4700 nearest=inf water=inf mid=952'
08/27 12:51:46 [Localization System] CLocalize::FindSafe failed to localize: 'AIB[R] intent=tick-owner family=other stage=laning-core'
08/27 12:51:46 [Localization System] CLocalize::FindSafe failed to localize: 'AIB[R] intent=damage-by-source family=other creep=545 tower=130 hero=2361 mixed=198 death=0 other=182 stale=713 gaps=6'
08/27 12:51:46 [Localization System] CLocalize::FindSafe failed to localize: 'AIB[R] blocked=recovery-rune-bottle reason=no_close_rune max=3600 waterMax=4700 nearest=inf water=inf mid=1162'
08/27 12:51:46 [Localization System] CLocalize::FindSafe failed to localize: 'AIB[D] intent=damage-by-source family=other creep=467 tower=61 hero=3845 mixed=852 death=0 other=318 stale=243 gaps=3'
08/27 12:51:46 [Localization System] CLocalize::FindSafe failed to localize: 'AIB[R] blocked=buy-loop reason=saving target=item_lifesteal head=item_lifesteal cost=900 gold=125 left=1'
08/27 12:51:46 [Localization System] CLocalize::FindSafe failed to localize: 'AIB[D] intent=recovery-policy family=recover action=recover hp=29 gate=35 source=early-low'
08/27 12:51:46 [Server] PR:IncrementIdleTime 6:[I:0:0] 4.90
08/27 12:51:47 [Localization System] CLocalize::FindSafe failed to localize: 'AIB[R] intent=top-arbiter family=state winner=creep-work:38.8 losers=safe-cs:56,hero-over-creep:52,idle-heal:46,emergency-retreat:45,fwd-pullback:44'
08/27 12:51:47 [Localization System] CLocalize::FindSafe failed to localize: 'AIB[D] intent=tick-owner family=other stage=laning-core'
08/27 12:51:47 [Localization System] CLocalize::FindSafe failed to localize: 'AIB[R] t=458s hp=43% gold=126 loc=-473,-434 lh=39 dn=7 dg=+7 dlh=+0 bottle=0 lvl=7 front=9772 ehp=-1'
08/27 12:51:48 [Localization System] CLocalize::FindSafe failed to localize: 'AIB[R] intent=tick-owner family=other stage=laning-core'
08/27 12:51:48 [Localization System] CLocalize::FindSafe failed to localize: 'AIB[R] intent=top-arbiter family=state winner=fwd-pullback:44 losers=safe-cs:56,hero-over-creep:52,idle-heal:46,emergency-retreat:45,emergency-kill:43.5'
08/27 12:51:48 [Localization System] CLocalize::FindSafe failed to localize: 'AIB[D] t=459s hp=30% gold=22 loc=1357,1258 lh=19 dn=1 dg=+8 dlh=+0 bottle=0 lvl=6 front=8620 ehp=-1'
08/27 12:51:49 [Localization System] CLocalize::FindSafe failed to localize: 'AIB[D] intent=recovery-policy family=recover action=recover hp=31 gate=35 source=early-low'
08/27 12:51:49 [Localization System] CLocalize::FindSafe failed to localize: 'AIB[R] blocked=recover-candidate reason=no_action_capped hp=44 score=44'
08/27 12:51:49 [Localization System] CLocalize::FindSafe failed to localize: 'AIB[D] intent=tick-owner family=other stage=laning-core'
08/27 12:51:50 [Localization System] CLocalize::FindSafe failed to localize: 'AIB[D] ability-harass=152 anti-idle-enter=32 anti-idle-lane=18 anti-idle-lowhp-back=9 bottle-heal=3 bottle-rune=1 buy-skip-fountain-floor=2 channel-interrupt-atk=21 channel-interrupt-chase=30 creep-aggro-hit=13 creep-dmg=4 creep-hit-react-aggro-step=3 creep-hit-react-atk=10 creep-hit-react-step=7 critical-recover-hold=1 cs-wait-release=25 cs-wait=18 cs-walk-gap-large=21 cs-walk-gap-small=12 cs-walk-inrange=14 cs-walk-into-pack=16 cs-walk=47 cs-watchdog-atk=1 cs-watchdog-step=7 cw-push-cs-step=3 cw-push=269 deny-act-atk=6 deny-act-walk=17 deny-act=23 deny-cand-doomed=8 deny-cand-tanky=83 empty-bottle-ok=2 fight-hp-behind=10 floor-rune-defer=1 fountain-bottle=1 fountain-stabilize=2 fountain-tp-hold=3 fountain-tp-lane=1 fountain-trip-release=7 fountain-wait=16 fwd-at-position=8 fwd-hold=3 fwd-position=3 fwd-suppressed-creep=7 fwd-suppressed-cs=3 fwd-suppressed-empty=6 fwd-suppressed-lowhp=7 fwd-suppressed-motor=19 fwd-suppressed-tower=12 fwd-suppressed-visual=6 fwd-suppressed-watchdog=1 heal-blocked-damage=1 heal-inflight-back=3 heal-inflight-hold=2 heal-item=6 heal-want=5 hero-contact-atk=34 hero-contact-chase=14 hero-over-creep=12 hero-pass-atk=18 hero-pass-chase=7 hero-prio-always=1 hero-prio-chase-hold=13 hero-prio-chase=42 idle=15 kill-priority=1 killwin-mutual=7 killwin-scan=1405 lane-line-fallback=92 lane-line-suppressed-creep-dmg=1 lane-line-suppressed-creep=7 lane-line-suppressed-empty=2 lane-line-suppressed-heal=11 lane-line-suppressed-lowhp=14 lane-line-suppressed-motor=6 last-hit-urgent=79 low-hp-behind-safe=2 low-hp-creep=5 low-hp-limit=10 melee-pack-release=13 melee-pack-space=17 mutual-low-finish-chase=3 no-dive=1 own-ranged-stepback=1 pre-aig=32 precreep-anchor=36 precreep-hold=1 precreep-park-hold=12 precreep-park=184 prewave-duel-approach=41 prewave-duel-trade=54 prewave-duel-uphill-back=1 recover-safe=24 recover-xp=14 recovery-bottle-active=6 recovery-bottle=2 recovery-buy-critical=3 recovery-buy=4 recovery-enemy-near=208 recovery-flask=1 recovery-regen=17 recovery-tango=2 recovery-tp=2 recovery-walk=1 recovery-yield=3 regen-walk=21 siege-commit-tower=1 siege-step=1 siege-terminal-tower=9 tango-heal=2 tower-aggro-drop=1 uphill-reposition=3 uphill-void-under-fire=7 visual-hold-creep=2 visual-hold-lane=7 wave-watch=18'
08/27 12:51:50 [Localization System] CLocalize::FindSafe failed to localize: 'AIB[R] intent=top-arbiter family=state winner=fwd-pullback:44 losers=safe-cs:56,hero-over-creep:52,idle-heal:46,emergency-retreat:45,emergency-kill:43.5'
08/27 12:51:50 [Localization System] CLocalize::FindSafe failed to localize: 'AIB[R] intent=tick-owner family=other stage=laning-core'
08/27 12:51:51 [Localization System] CLocalize::FindSafe failed to localize: 'AIB[D] intent=recovery-policy family=recover action=recover hp=32 gate=35 source=early-low'
08/27 12:51:51 [Localization System] CLocalize::FindSafe failed to localize: 'AIB[D] intent=tick-owner family=other stage=laning-core'
08/27 12:51:51 [Localization System] CLocalize::FindSafe failed to localize: 'AIB[R] intent=top-arbiter family=state winner=fwd-pullback:44 losers=safe-cs:56,hero-over-creep:52,idle-heal:46,emergency-retreat:45,emergency-kill:43.5'
08/27 12:51:52 [Localization System] CLocalize::FindSafe failed to localize: 'AIB[R] intent=recovery-plan family=recover action=lane reason=empty_bottle_no_rune hp=45 mana=49'
08/27 12:51:52 [Localization System] CLocalize::FindSafe failed to localize: 'AIB[R] t=463s hp=45% gold=134 loc=-548,-507 lh=39 dn=7 dg=+8 dlh=+0 bottle=0 lvl=7 front=7078 ehp=-1'
08/27 12:51:52 [Localization System] CLocalize::FindSafe failed to localize: 'AIB[R] intent=tick-owner family=other stage=desire/fwd-position reason=ready score=22 band=position'
08/27 12:51:53 [Localization System] CLocalize::FindSafe failed to localize: 'AIB[D] intent=recovery-policy family=recover action=recover hp=33 gate=35 source=early-low'
08/27 12:51:53 [Localization System] CLocalize::FindSafe failed to localize: 'AIB[R] intent=top-arbiter family=state winner=anti-idle:2 losers=safe-cs:56,hero-over-creep:52,idle-heal:46,emergency-retreat:45,fwd-pullback:44'
08/27 12:51:53 [Localization System] CLocalize::FindSafe failed to localize: 'AIB[D] intent=tick-owner family=other stage=laning-core'
08/27 12:51:53 [Localization System] CLocalize::FindSafe failed to localize: 'AIB[D] blocked=buy-loop reason=saving target=item_power_treads head=item_boots cost=500 gold=29 left=3'
08/27 12:51:53 [Localization System] CLocalize::FindSafe failed to localize: 'AIB[D] t=464s hp=34% gold=29 loc=2447,2286 lh=19 dn=1 dg=+7 dlh=+0 bottle=0 lvl=6 front=8620 ehp=-1'
08/27 12:51:54 [Localization System] CLocalize::FindSafe failed to localize: 'AIB[R] blocked=bottle-rune reason=no_close_rune max=1900 waterMax=4700 nearest=inf water=inf mid=844'
08/27 12:51:54 [Localization System] CLocalize::FindSafe failed to localize: 'AIB[R] blocked=recovery-rune-bottle reason=no_close_rune max=3600 waterMax=4700 nearest=inf water=inf mid=615'
08/27 12:51:54 [Localization System] CLocalize::FindSafe failed to localize: 'AIB[R] intent=tick-owner family=other stage=laning-core'
08/27 12:51:54 [Localization System] CLocalize::FindSafe failed to localize: 'AIB[R] blocked=buy-loop reason=saving target=item_lifesteal head=item_lifesteal cost=900 gold=137 left=1'
08/27 12:51:54 [Localization System] CLocalize::FindSafe failed to localize: 'AIB[R] intent=top-arbiter family=state winner=anti-idle:2 losers=safe-cs:56,hero-over-creep:52,idle-heal:46,emergency-retreat:45,fwd-pullback:44'
08/27 12:51:55 [Localization System] CLocalize::FindSafe failed to localize: 'AIB[D] blocked=recover-candidate reason=no_resources_behind_safe hp=35 score=44'
08/27 12:51:55 [Localization System] CLocalize::FindSafe failed to localize: 'AIB[D] blocked=fountain-floor reason=rune_due hp=35 eta=15 rune=4092'
08/27 12:51:55 [Localization System] CLocalize::FindSafe failed to localize: 'AIB[D] intent=recovery-plan family=recover action=rune_stage reason=power source=bottle-rune dist=4092 eta=15'
08/27 12:51:55 [Localization System] CLocalize::FindSafe failed to localize: 'AIB[D] intent=state-rune-commit family=rune source=bottle-rune phase=power ttl=15 dist=4092 eta=15'
08/27 12:51:55 [Localization System] CLocalize::FindSafe failed to localize: 'AIB[D] intent=rune-transaction family=rune source=bottle-rune phase=power ttl=15 dist=4092 eta=15'
08/27 12:51:55 [Localization System] CLocalize::FindSafe failed to localize: 'AIB[D] intent=bottle-rune family=rune dist=4092 eta=15 reason=stage'
08/27 12:51:55 [Localization System] CLocalize::FindSafe failed to localize: 'AIB[D] intent=top-arbiter family=state winner=idle-heal:46 losers=safe-cs:56,hero-over-creep:52,emergency-retreat:45,fwd-pullback:44,emergency-kill:43.5'
08/27 12:51:55 [Localization System] CLocalize::FindSafe failed to localize: 'AIB[D] intent=tick-owner family=other stage=laning-core'
08/27 12:51:56 [Localization System] CLocalize::FindSafe failed to localize: 'AIB[D] intent=top-arbiter family=state winner=idle-heal:46 losers=safe-cs:56,hero-over-creep:52,emergency-retreat:45,fwd-pullback:44,emergency-kill:43.5'
08/27 12:51:57 [Localization System] CLocalize::FindSafe failed to localize: 'AIB[R] intent=top-arbiter family=state winner=anti-idle:2 losers=safe-cs:56,hero-over-creep:52,idle-heal:46,emergency-retreat:45,fwd-pullback:44'
08/27 12:51:57 [Localization System] CLocalize::FindSafe failed to localize: 'AIB[R] intent=tick-owner family=other stage=desire/anti-idle reason=ready score=2 band=idle'
08/27 12:51:57 [Localization System] CLocalize::FindSafe failed to localize: 'AIB[D] intent=recovery-plan family=recover action=rune_stage reason=stage_follow source=bottle-rune dist=3595 eta=12'
08/27 12:51:57 [Localization System] CLocalize::FindSafe failed to localize: 'AIB[D] intent=state-rune-commit family=rune source=bottle-rune phase=stage_follow ttl=12 dist=3595 eta=12'
08/27 12:51:57 [Localization System] CLocalize::FindSafe failed to localize: 'AIB[D] intent=rune-transaction family=rune source=bottle-rune phase=stage_follow ttl=12 dist=3595 eta=12'
08/27 12:51:57 [Localization System] CLocalize::FindSafe failed to localize: 'AIB[D] intent=tick-owner family=other stage=laning-core'
08/27 12:51:57 [Localization System] CLocalize::FindSafe failed to localize: 'AIB[R] t=468s hp=48% gold=141 loc=-1517,-1207 lh=39 dn=7 dg=+7 dlh=+0 bottle=0 lvl=7 front=7884 ehp=-1'
08/27 12:51:58 [Localization System] CLocalize::FindSafe failed to localize: 'AIB[R] blocked=cs-watchdog reason=no_creep lh=39 idle=18'
08/27 12:51:58 [Localization System] CLocalize::FindSafe failed to localize: 'AIB[D] blocked=recover-candidate reason=no_resources_behind_safe hp=38 score=44'
08/27 12:51:58 [Localization System] CLocalize::FindSafe failed to localize: 'AIB[D] intent=top-arbiter family=state winner=idle-heal:46 losers=safe-cs:56,hero-over-creep:52,emergency-retreat:45,fwd-pullback:44,emergency-kill:43.5'
08/27 12:51:58 [Localization System] CLocalize::FindSafe failed to localize: 'AIB[R] intent=top-arbiter family=state winner=anti-idle:2 losers=safe-cs:56,hero-over-creep:52,idle-heal:46,emergency-retreat:45,fwd-pullback:44'
08/27 12:51:58 [Localization System] CLocalize::FindSafe failed to localize: 'AIB[D] t=469s hp=38% gold=37 loc=2166,1741 lh=19 dn=1 dg=+8 dlh=+0 bottle=0 lvl=6 front=10020 ehp=-1'
08/27 12:51:58 [Localization System] CLocalize::FindSafe failed to localize: 'AIB[R] intent=cs-watchdog family=farm lh=39 idle=19 creep_hp=550 dist=841'
08/27 12:51:59 [Localization System] CLocalize::FindSafe failed to localize: 'AIB[R] intent=tick-owner family=other stage=desire/anti-idle reason=ready score=2 band=idle'
08/27 12:51:59 [Localization System] CLocalize::FindSafe failed to localize: 'AIB[D] intent=recovery-plan family=recover action=rune_stage reason=stage_follow source=bottle-rune dist=2975 eta=10'
08/27 12:51:59 [Localization System] CLocalize::FindSafe failed to localize: 'AIB[D] intent=state-rune-commit family=rune source=bottle-rune phase=stage_follow ttl=10 dist=2975 eta=10'
08/27 12:51:59 [Localization System] CLocalize::FindSafe failed to localize: 'AIB[D] intent=rune-transaction family=rune source=bottle-rune phase=stage_follow ttl=10 dist=2975 eta=10'
08/27 12:51:59 [Localization System] CLocalize::FindSafe failed to localize: 'AIB[D] intent=tick-owner family=other stage=laning-core'
08/27 12:51:59 [Localization System] CLocalize::FindSafe failed to localize: 'AIB[D] intent=top-arbiter family=state winner=idle-heal:46 losers=safe-cs:56,hero-over-creep:52,emergency-retreat:45,fwd-pullback:44,emergency-kill:43.5'
08/27 12:52:00 [Localization System] CLocalize::FindSafe failed to localize: 'AIB[R] intent=recovery-plan family=recover action=lane reason=empty_bottle_no_rune hp=49 mana=52'
08/27 12:52:00 [Localization System] CLocalize::FindSafe failed to localize: 'AIB[R] intent=top-arbiter family=state winner=creep-work:38.8 losers=safe-cs:56,hero-over-creep:52,idle-heal:46,emergency-retreat:45,fwd-pullback:44'
08/27 12:52:00 [Localization System] CLocalize::ConstructString failed to localize: '#DOTA_Tooltip_Ability_nevermore_dark_lord_SummaryDescription'
08/27 12:52:00 [Localization System] CLocalize::FindSafe failed to localize: 'AIB[R] intent=melee-pack-space family=safety count=3 dist=152'
08/27 12:52:00 [Localization System] CLocalize::ConstructString failed to localize: '#DOTA_Tooltip_Ability_nevermore_shadowraze3_SummaryDescription'
08/27 12:52:01 [Localization System] CLocalize::FindSafe failed to localize: 'AIB[R] intent=state-rune-commit family=rune source=bottle-rune phase=power ttl=9 dist=2040 eta=9'
08/27 12:52:01 [Localization System] CLocalize::FindSafe failed to localize: 'AIB[R] intent=rune-transaction family=rune source=bottle-rune phase=power ttl=9 dist=2040 eta=9'
08/27 12:52:01 [Localization System] CLocalize::FindSafe failed to localize: 'AIB[R] intent=bottle-rune family=rune dist=2040 eta=9 reason=stage'
08/27 12:52:01 [Localization System] CLocalize::FindSafe failed to localize: 'AIB[R] intent=tick-owner family=other stage=laning-core'
08/27 12:52:01 [Localization System] CLocalize::FindSafe failed to localize: 'AIB[D] blocked=recover-candidate reason=no_resources_behind_safe hp=40 score=44'
08/27 12:52:01 [Localization System] CLocalize::FindSafe failed to localize: 'AIB[D] intent=recovery-plan family=recover action=rune_stage reason=stage_follow source=bottle-rune dist=2335 eta=8'
08/27 12:52:01 [Localization System] CLocalize::FindSafe failed to localize: 'AIB[D] intent=state-rune-commit family=rune source=bottle-rune phase=stage_follow ttl=8 dist=2335 eta=8'
08/27 12:52:01 [Localization System] CLocalize::FindSafe failed to localize: 'AIB[D] intent=rune-transaction family=rune source=bottle-rune phase=stage_follow ttl=8 dist=2335 eta=8'
08/27 12:52:01 [Localization System] CLocalize::FindSafe failed to localize: 'AIB[D] intent=top-arbiter family=state winner=idle-heal:46 losers=safe-cs:56,hero-over-creep:52,emergency-retreat:45,fwd-pullback:44,emergency-kill:43.5'
08/27 12:52:01 [Localization System] CLocalize::FindSafe failed to localize: 'AIB[D] intent=tick-owner family=other stage=laning-core'
08/27 12:52:01 [Localization System] CLocalize::FindSafe failed to localize: 'AIB[R] intent=damage-by-source family=other creep=545 tower=130 hero=2361 mixed=198 death=0 other=182 stale=713 gaps=6'
08/27 12:52:01 [Localization System] CLocalize::FindSafe failed to localize: 'AIB[D] intent=damage-by-source family=other creep=467 tower=61 hero=3845 mixed=852 death=0 other=318 stale=243 gaps=3'
08/27 12:52:01 [Localization System] CLocalize::FindSafe failed to localize: 'AIB[D] blocked=buy-loop reason=saving target=item_power_treads head=item_boots cost=500 gold=41 left=3'
08/27 12:52:01 [Localization System] CLocalize::FindSafe failed to localize: 'AIB[R] intent=top-arbiter family=state winner=idle-heal:46 losers=safe-cs:56,hero-over-creep:52,emergency-retreat:45,fwd-pullback:44,emergency-kill:43.5'
08/27 12:52:02 [Localization System] CLocalize::FindSafe failed to localize: 'AIB[R] intent=recovery-plan family=recover action=rune_stage reason=stage_follow source=bottle-rune dist=1755 eta=8'
08/27 12:52:02 [Localization System] CLocalize::FindSafe failed to localize: 'AIB[R] intent=state-desire-last-hit family=farm dist=374 reason=killable_creep score=140'
08/27 12:52:02 [Localization System] CLocalize::FindSafe failed to localize: 'AIB[R] blocked=buy-loop reason=saving target=item_lifesteal head=item_lifesteal cost=900 gold=149 left=1'
08/27 12:52:02 [Localization System] CLocalize::FindSafe failed to localize: 'AIB[R] t=473s hp=51% gold=149 loc=-887,-223 lh=39 dn=7 dg=+8 dlh=+0 bottle=0 lvl=7 front=8468 ehp=-1'
08/27 12:52:03 [Localization System] CLocalize::FindSafe failed to localize: 'AIB[D] intent=top-arbiter family=state winner=idle-heal:46 losers=safe-cs:56,hero-over-creep:52,emergency-retreat:45,fwd-pullback:44,emergency-kill:43.5'
08/27 12:52:03 [Localization System] CLocalize::FindSafe failed to localize: 'AIB[R] intent=tick-owner family=other stage=laning-core'
08/27 12:52:03 [Localization System] CLocalize::FindSafe failed to localize: 'AIB[R] intent=state-rune-commit family=rune source=bottle-rune phase=stage_follow ttl=6 dist=1533 eta=6'
08/27 12:52:03 [Localization System] CLocalize::FindSafe failed to localize: 'AIB[R] intent=rune-transaction family=rune source=bottle-rune phase=stage_follow ttl=6 dist=1533 eta=6'
08/27 12:52:03 [Localization System] CLocalize::FindSafe failed to localize: 'AIB[R] intent=top-arbiter family=state winner=idle-heal:46 losers=safe-cs:56,hero-over-creep:52,emergency-retreat:45,fwd-pullback:44,emergency-kill:43.5'
08/27 12:52:03 [Localization System] CLocalize::FindSafe failed to localize: 'AIB[D] intent=recovery-plan family=recover action=rune_stage reason=stage_follow source=bottle-rune dist=1676 eta=6'
08/27 12:52:03 [Localization System] CLocalize::FindSafe failed to localize: 'AIB[D] intent=state-rune-commit family=rune source=bottle-rune phase=stage_follow ttl=6 dist=1676 eta=6'
08/27 12:52:03 [Localization System] CLocalize::FindSafe failed to localize: 'AIB[D] intent=rune-transaction family=rune source=bottle-rune phase=stage_follow ttl=6 dist=1676 eta=6'
08/27 12:52:03 [Localization System] CLocalize::FindSafe failed to localize: 'AIB[D] intent=tick-owner family=other stage=laning-core'
08/27 12:52:03 Script function 'ItemPurchaseThink' on bot npc_dota_hero_nevermore took 2.205ms
08/27 12:52:03 [Localization System] CLocalize::FindSafe failed to localize: 'AIB[D] blocked=recover-candidate reason=no_action_capped hp=41 score=44'
08/27 12:52:03 [Localization System] CLocalize::ConstructString failed to localize: '#DOTA_Tooltip_Ability_nevermore_shadowraze2_SummaryDescription'
08/27 12:52:04 [Localization System] CLocalize::FindSafe failed to localize: 'AIB[D] t=474s hp=41% gold=45 loc=1663,273 lh=19 dn=1 dg=+8 dlh=+0 bottle=0 lvl=6 front=10142 ehp=-1'
08/27 12:52:04 [Localization System] CLocalize::ConstructString failed to localize: '#DOTA_Tooltip_Ability_nevermore_shadowraze2_SummaryDescription'
08/27 12:52:04 [Localization System] CLocalize::FindSafe failed to localize: 'AIB[R] intent=recovery-plan family=recover action=rune_stage reason=stage_follow source=bottle-rune dist=1160 eta=5'
08/27 12:52:04 [Localization System] CLocalize::FindSafe failed to localize: 'AIB[D] intent=top-arbiter family=state winner=idle-heal:46 losers=safe-cs:56,hero-over-creep:52,emergency-retreat:45,fwd-pullback:44,emergency-kill:43.5'
08/27 12:52:04 [Localization System] CLocalize::FindSafe failed to localize: 'AIB[R] intent=top-arbiter family=state winner=idle-heal:46 losers=safe-cs:56,hero-over-creep:52,emergency-retreat:45,fwd-pullback:44,emergency-kill:43.5'
08/27 12:52:05 [Localization System] CLocalize::FindSafe failed to localize: 'AIB[R] intent=tick-owner family=other stage=laning-core'
08/27 12:52:05 [Localization System] CLocalize::FindSafe failed to localize: 'AIB[R] intent=state-rune-commit family=rune source=bottle-rune phase=stage_follow ttl=4 dist=786 eta=4'
08/27 12:52:05 [Localization System] CLocalize::FindSafe failed to localize: 'AIB[R] intent=rune-transaction family=rune source=bottle-rune phase=stage_follow ttl=4 dist=786 eta=4'
08/27 12:52:05 [Localization System] CLocalize::FindSafe failed to localize: 'AIB[D] intent=tick-owner family=other stage=laning-core'
08/27 12:52:05 [Localization System] CLocalize::FindSafe failed to localize: 'AIB[D] intent=recovery-plan family=recover action=rune_stage reason=stage_follow source=bottle-rune dist=1032 eta=4'
08/27 12:52:05 [Localization System] CLocalize::FindSafe failed to localize: 'AIB[D] intent=state-rune-commit family=rune source=bottle-rune phase=stage_follow ttl=4 dist=1032 eta=4'
08/27 12:52:05 [Localization System] CLocalize::FindSafe failed to localize: 'AIB[D] intent=rune-transaction family=rune source=bottle-rune phase=stage_follow ttl=4 dist=1032 eta=4'
08/27 12:52:06 [Localization System] CLocalize::FindSafe failed to localize: 'AIB[D] intent=top-arbiter family=state winner=idle-heal:46 losers=safe-cs:56,hero-over-creep:52,emergency-retreat:45,fwd-pullback:44,emergency-kill:43.5'
08/27 12:52:06 [Localization System] CLocalize::FindSafe failed to localize: 'AIB[R] intent=recovery-plan family=recover action=rune_stage reason=stage_follow source=bottle-rune dist=436 eta=3'
08/27 12:52:06 [Localization System] CLocalize::FindSafe failed to localize: 'AIB[R] intent=top-arbiter family=state winner=idle-heal:46 losers=safe-cs:56,hero-over-creep:52,emergency-retreat:45,fwd-pullback:44,emergency-kill:43.5'
08/27 12:52:06 [Localization System] CLocalize::FindSafe failed to localize: 'AIB[D] blocked=recover-candidate reason=no_action_capped hp=42 score=44'
08/27 12:52:07 [Localization System] CLocalize::FindSafe failed to localize: 'AIB[R] intent=tick-owner family=other stage=laning-core'
08/27 12:52:07 [Localization System] CLocalize::FindSafe failed to localize: 'AIB[R] intent=state-rune-commit family=rune source=bottle-rune phase=stage_hold ttl=2 dist=98 eta=2'
08/27 12:52:07 [Localization System] CLocalize::FindSafe failed to localize: 'AIB[R] intent=rune-transaction family=rune source=bottle-rune phase=stage_hold ttl=2 dist=98 eta=2'
08/27 12:52:07 [Localization System] CLocalize::FindSafe failed to localize: 'AIB[D] intent=top-arbiter family=state winner=idle-heal:46 losers=safe-cs:56,hero-over-creep:52,emergency-retreat:45,fwd-pullback:44,emergency-kill:43.5'
08/27 12:52:07 [Localization System] CLocalize::FindSafe failed to localize: 'AIB[D] intent=tick-owner family=other stage=laning-core'
08/27 12:52:07 [Localization System] CLocalize::FindSafe failed to localize: 'AIB[R] t=478s hp=53% gold=192 loc=-1640,1112 lh=40 dn=7 dg=+43 dlh=+1 bottle=0 lvl=7 front=8489 ehp=-1'
08/27 12:52:08 [Localization System] CLocalize::FindSafe failed to localize: 'AIB[D] intent=recovery-plan family=recover action=rune_stage reason=stage_follow source=bottle-rune dist=376 eta=2'
08/27 12:52:08 [Localization System] CLocalize::FindSafe failed to localize: 'AIB[D] intent=state-rune-commit family=rune source=bottle-rune phase=stage_follow ttl=2 dist=376 eta=2'
08/27 12:52:08 [Localization System] CLocalize::FindSafe failed to localize: 'AIB[D] intent=rune-transaction family=rune source=bottle-rune phase=stage_follow ttl=2 dist=376 eta=2'
08/27 12:52:08 [Localization System] CLocalize::FindSafe failed to localize: 'AIB[R] intent=recovery-plan family=recover action=rune_stage reason=stage_hold source=bottle-rune dist=93 eta=2'
08/27 12:52:08 [Localization System] CLocalize::FindSafe failed to localize: 'AIB[R] intent=top-arbiter family=state winner=idle-heal:46 losers=safe-cs:56,hero-over-creep:52,emergency-retreat:45,fwd-pullback:44,emergency-kill:43.5'
08/27 12:52:08 Script function 'Think' on bot npc_dota_hero_nevermore took 2.523ms
08/27 12:52:09 [Localization System] CLocalize::FindSafe failed to localize: 'AIB[D] t=479s hp=43% gold=52 loc=1191,-1156 lh=19 dn=1 dg=+7 dlh=+0 bottle=0 lvl=6 front=10142 ehp=-1'
08/27 12:52:09 [Localization System] CLocalize::FindSafe failed to localize: 'AIB[R] intent=state-rune-commit family=rune source=bottle-rune phase=stage_hold ttl=1 dist=49 eta=1'
08/27 12:52:09 [Localization System] CLocalize::FindSafe failed to localize: 'AIB[R] intent=rune-transaction family=rune source=bottle-rune phase=stage_hold ttl=1 dist=49 eta=1'
08/27 12:52:09 [Localization System] CLocalize::FindSafe failed to localize: 'AIB[D] intent=top-arbiter family=state winner=idle-heal:46 losers=safe-cs:56,hero-over-creep:52,emergency-retreat:45,fwd-pullback:44,emergency-kill:43.5'
08/27 12:52:09 [Localization System] CLocalize::FindSafe failed to localize: 'AIB[R] intent=tick-owner family=other stage=laning-core'
08/27 12:52:09 [Localization System] CLocalize::FindSafe failed to localize: 'AIB[D] intent=recovery-plan family=recover action=rune_stage reason=stage_hold source=bottle-rune dist=61 eta=0'
08/27 12:52:09 [Localization System] CLocalize::FindSafe failed to localize: 'AIB[D] intent=state-rune-commit family=rune source=bottle-rune phase=stage_hold ttl=0 dist=61 eta=0'
08/27 12:52:09 [Localization System] CLocalize::FindSafe failed to localize: 'AIB[D] intent=rune-transaction family=rune source=bottle-rune phase=stage_hold ttl=0 dist=61 eta=0'
08/27 12:52:09 [Localization System] CLocalize::FindSafe failed to localize: 'AIB[R] intent=recovery-plan family=recover action=rune_stage reason=stage_hold source=bottle-rune dist=82 eta=0'
08/27 12:52:09 [Localization System] CLocalize::FindSafe failed to localize: 'AIB[R] intent=top-arbiter family=state winner=idle-heal:46 losers=safe-cs:56,hero-over-creep:52,emergency-retreat:45,fwd-pullback:44,emergency-kill:43.5'
08/27 12:52:09 [Localization System] CLocalize::FindSafe failed to localize: 'AIB[D] intent=tick-owner family=other stage=laning-core'
08/27 12:52:09 [Localization System] CLocalize::FindSafe failed to localize: 'AIB[D] blocked=buy-loop reason=saving target=item_power_treads head=item_boots cost=500 gold=53 left=3'
08/27 12:52:09 [Localization System] CLocalize::FindSafe failed to localize: 'AIB[D] blocked=recover-candidate reason=no_action_capped hp=44 score=44'
08/27 12:52:10 [Localization System] CLocalize::FindSafe failed to localize: 'AIB[R] intent=rune-ground-truth family=rune id=0 status=1 t=480'
08/27 12:52:10 [Localization System] CLocalize::FindSafe failed to localize: 'AIB[R] intent=bottle-rune family=rune dist=61 hp=54 mana=56 reason=start'
08/27 12:52:10 [Localization System] CLocalize::FindSafe failed to localize: 'AIB[R] intent=state-rune-commit family=rune source=bottle-rune phase=pickup ttl=30 dist=2'
08/27 12:52:10 [Localization System] CLocalize::FindSafe failed to localize: 'AIB[R] intent=rune-transaction family=rune source=bottle-rune phase=pickup ttl=30 dist=2'
08/27 12:52:10 [Localization System] CLocalize::FindSafe failed to localize: 'AIB[R] intent=rune-result family=rune source=bottle-rune result=pickup_attempt dist=2 age=0'
08/27 12:52:10 [Localization System] CLocalize::FindSafe failed to localize: 'AIB[R] intent=rune-ground-truth family=rune id=0 status=2 t=481'
08/27 12:52:10 [Localization System] CLocalize::FindSafe failed to localize: 'AIB[R] intent=power-rune-yield family=rune rune=regen hp=55'
08/27 12:52:10 [Localization System] CLocalize::FindSafe failed to localize: 'AIB[R] blocked=power-rune-candidate reason=no_action_capped hp=55 score=104'
08/27 12:52:10 [Localization System] CLocalize::FindSafe failed to localize: 'AIB[R] intent=lane-line-episode family=other dist=1825 fwd=0.50'
08/27 12:52:10 [Localization System] CLocalize::FindSafe failed to localize: 'AIB[R] blocked=buy-loop reason=saving target=item_lifesteal head=item_lifesteal cost=900 gold=196 left=1'
08/27 12:52:10 [Localization System] CLocalize::FindSafe failed to localize: 'AIB[D] intent=top-arbiter family=state winner=idle-heal:46 losers=safe-cs:56,hero-over-creep:52,emergency-retreat:45,fwd-pullback:44,emergency-kill:43.5'
08/27 12:52:11 [Localization System] CLocalize::FindSafe failed to localize: 'AIB[R] blocked=harass reason=own_heal_running'
08/27 12:52:11 [Localization System] CLocalize::FindSafe failed to localize: 'AIB[D] intent=recovery-plan family=recover action=rune_stage reason=stage_hold source=bottle-rune dist=78 eta=-1'
08/27 12:52:11 [Localization System] CLocalize::FindSafe failed to localize: 'AIB[D] intent=state-rune-commit family=rune source=bottle-rune phase=stage_hold ttl=0 dist=78 eta=-1'
08/27 12:52:11 [Localization System] CLocalize::FindSafe failed to localize: 'AIB[D] intent=rune-transaction family=rune source=bottle-rune phase=stage_hold ttl=0 dist=78 eta=-1'
08/27 12:52:11 [Localization System] CLocalize::FindSafe failed to localize: 'AIB[R] intent=top-arbiter family=state winner=anti-idle:2 losers=hero-over-creep:52,idle-heal:46,emergency-retreat:45,fwd-pullback:44,emergency-kill:43.5'
08/27 12:52:11 [Localization System] CLocalize::FindSafe failed to localize: 'AIB[D] blocked=bottle-rune reason=stage_dead_window eta=-2 nearest=inf'
08/27 12:52:11 [Localization System] CLocalize::FindSafe failed to localize: 'AIB[D] blocked=recovery-rune-bottle reason=stage_done eta=-2 closed=1'
08/27 12:52:11 [Localization System] CLocalize::FindSafe failed to localize: 'AIB[R] intent=tick-owner family=other stage=laning-core'
08/27 12:52:11 [Localization System] CLocalize::FindSafe failed to localize: 'AIB[D] blocked=bottle-rune reason=stage_done eta=-2 closed=1'
08/27 12:52:11 [Localization System] CLocalize::FindSafe failed to localize: 'AIB[D] intent=tick-owner family=other stage=laning-core'
08/27 12:52:12 [Localization System] CLocalize::FindSafe failed to localize: 'AIB[D] intent=top-arbiter family=state winner=anti-idle:2 losers=safe-cs:56,hero-over-creep:52,idle-heal:46,emergency-retreat:45,fwd-pullback:44'
08/27 12:52:12 [Localization System] CLocalize::FindSafe failed to localize: 'AIB[R] intent=top-arbiter family=state winner=anti-idle:2 losers=hero-over-creep:52,idle-heal:46,emergency-retreat:45,fwd-pullback:44,emergency-kill:43.5'
08/27 12:52:12 [Localization System] CLocalize::FindSafe failed to localize: 'AIB[R] t=483s hp=79% gold=199 loc=-1200,345 lh=40 dn=7 dg=+7 dlh=+0 bottle=2 lvl=7 front=8489 ehp=-1'
08/27 12:52:13 [Localization System] CLocalize::FindSafe failed to localize: 'AIB[R] blocked=power-rune-candidate reason=no_action_capped hp=86 score=104'
08/27 12:52:13 [Localization System] CLocalize::FindSafe failed to localize: 'AIB[R] intent=tick-owner family=other stage=laning-core'
08/27 12:52:13 [Localization System] CLocalize::FindSafe failed to localize: 'AIB[D] intent=tick-owner family=other stage=laning-core'
08/27 12:52:13 [Localization System] CLocalize::FindSafe failed to localize: 'AIB[D] intent=top-arbiter family=state winner=anti-idle:2 losers=safe-cs:56,hero-over-creep:52,idle-heal:46,emergency-retreat:45,fwd-pullback:44'
08/27 12:52:14 [Localization System] CLocalize::FindSafe failed to localize: 'AIB[D] t=484s hp=46% gold=60 loc=374,-795 lh=19 dn=1 dg=+8 dlh=+0 bottle=0 lvl=6 front=10142 ehp=-1'
08/27 12:52:14 [Localization System] CLocalize::FindSafe failed to localize: 'AIB[R] intent=top-arbiter family=state winner=creep-work:38.8 losers=hero-over-creep:52,idle-heal:46,emergency-retreat:45,fwd-pullback:44,emergency-kill:43.5'
08/27 12:52:14 [Localization System] CLocalize::FindSafe failed to localize: 'invalid index'
08/27 12:52:15 [Localization System] CLocalize::FindSafe failed to localize: 'AIB[D] intent=melee-pack-space family=safety count=2 dist=595'
08/27 12:52:15 [Localization System] CLocalize::FindSafe failed to localize: 'AIB[D] intent=top-arbiter family=state winner=ranged-spacing:41 losers=safe-cs:56,hero-over-creep:52,idle-heal:46,emergency-retreat:45,fwd-pullback:44'
08/27 12:52:15 [Localization System] CLocalize::FindSafe failed to localize: 'AIB[R] intent=state-desire-fight family=state base=78 hp_adv=8 execute=20 rune=8 dist=883 hp=99 ehp=47 reason=enemy_seen score=114'
08/27 12:52:15 [Localization System] CLocalize::FindSafe failed to localize: 'AIB[R] blocked=top-arbiter reason=empty_action winner=fight score=114'
08/27 12:52:15 [Localization System] CLocalize::FindSafe failed to localize: 'AIB[R] intent=tick-owner family=other stage=laning-core'
08/27 12:52:15 [Localization System] CLocalize::FindSafe failed to localize: 'AIB[D] blocked=fight-candidate reason=no_action_capped hp=47 score=40'
08/27 12:52:15 [Localization System] CLocalize::FindSafe failed to localize: 'AIB[D] blocked=recovery-buy reason=budget_cap hp=47 gold=62 count=2 allow=2'
08/27 12:52:15 [Localization System] CLocalize::FindSafe failed to localize: 'AIB[D] intent=tick-owner family=other stage=laning-core'
08/27 12:52:16 [Localization System] CLocalize::FindSafe failed to localize: 'AIB[D] blocked=hero-prio-chase reason=lane_work dist=633 cs=true creep=true hp_adv=false kill_pressure=false close=false low_farm=false lane_override=false'
08/27 12:52:16 [Localization System] CLocalize::FindSafe failed to localize: 'AIB[D] intent=state-desire-fight family=state base=78 range=18 dist=570 hp=47 ehp=85 reason=enemy_seen score=96'
08/27 12:52:16 [Localization System] CLocalize::FindSafe failed to localize: 'AIB[D] blocked=ability-pressure reason=hp_disadv dist=570 hp=47 ehp=85'
08/27 12:52:16 [Localization System] CLocalize::FindSafe failed to localize: 'AIB[D] intent=hero-contact family=fight dist=570 hp=47 reason=attackable_enemy'
08/27 12:52:16 [Localization System] CLocalize::FindSafe failed to localize: 'AIB[D] intent=hero-pass family=fight dist=570 hp=47 reason=nearby_enemy'
08/27 12:52:16 [Localization System] CLocalize::FindSafe failed to localize: 'AIB[D] intent=damage-by-source family=other creep=467 tower=61 hero=3845 mixed=852 death=0 other=318 stale=243 gaps=3'
08/27 12:52:16 [Localization System] CLocalize::FindSafe failed to localize: 'AIB[D] blocked=top-arbiter reason=empty_action winner=fight score=114'
08/27 12:52:16 [Localization System] CLocalize::FindSafe failed to localize: 'AIB[D] blocked=hero-prio-always reason=hp_behind'
08/27 12:52:16 [Localization System] CLocalize::FindSafe failed to localize: 'AIB[D] intent=recovery-policy family=recover action=recover hp=20 gate=22 source=emergency-low'
08/27 12:52:16 [Localization System] CLocalize::FindSafe failed to localize: 'AIB[D] intent=state-recover-safe family=state ttl=2 reason=regen_lane hp=20 dist=1813'
08/27 12:52:17 [Localization System] CLocalize::FindSafe failed to localize: 'AIB[D] blocked=bottle-rune reason=stage_done eta=-8 closed=1'
08/27 12:52:17 [Localization System] CLocalize::FindSafe failed to localize: 'AIB[D] blocked=buy-loop reason=saving target=item_power_treads head=item_boots cost=500 gold=0 left=3'
08/27 12:52:18 [Localization System] CLocalize::FindSafe failed to localize: 'AIB[D] intent=tick-owner family=other stage=laning-core'
08/27 12:52:18 [Server] Client (account 0) tried to execute invalid order (20). Unit is dead.
08/27 12:52:18 Building: npc_dota_badguys_fort destroyed at 488.866669.
08/27 12:52:18 S:Gamerules: entering state 'DOTA_GAMERULES_STATE_POST_GAME'
08/27 12:52:18 CombatLog allocations: 292KB
08/27 12:52:18 DamageContributionLog allocations: 10KB
08/27 12:52:18 DamageContributionLog num entries: 147
08/27 12:52:18 CDOTAGCServerSystem::MatchSignOut gathering sign out stats. Duration in minutes = 8.148334
08/27 12:52:18    Player 0 Account 0 TotalGold = 3216.000000 TotalXP = 4498.000000 nGoldPerMinute = 394 nXPPerMinute = 552
08/27 12:52:18    nevermore - 0 - Predicted Rank = 0
08/27 12:52:18    Player 0 Account 0 TotalGold = 1580.000000 TotalXP = 2833.000000 nGoldPerMinute = 193 nXPPerMinute = 347
08/27 12:52:18    nevermore - 0 - Predicted Rank = 0
08/27 12:52:18 MatchSignout: Player Pshe Voice Chat Seconds: 0
08/27 12:52:18 ServerMVP: Not calculating stats, invalid lobby type 1.
08/27 12:52:18 Match signout:  duration = 488 (488.899994) Winning team = 0
08/27 12:52:18   Match start date: Thu Aug 27 12:42:38 2026
08/27 12:52:18   Num players on teams:  Good: 1  Bad: 1
08/27 12:52:18 Team 0 Player 0 m_unAccountID = 0  Items: 41, 36, 63, -1, 216, -1, -1, -1, -1, -1, -1
08/27 12:52:18   LastHit = 42  Deny = 7  ClaimedMiss = 13  ClaimedDeny = 0  Miss = 5
08/27 12:52:18   Level: 8 Gold: 501  KDA: 2 / 0 / 0
08/27 12:52:18   Actual Player Damage: 5888 Actual Building Damage: 297 Actual Healing: 0
08/27 12:52:18   Scaled Player Damage: 8329 Scaled Building Damage: 107 Scaled Healing: 0
08/27 12:52:18   XP per min: 394  Gold per min: 552  Claimed Farm: 2355  Support Gold 0
08/27 12:52:18 Team 1 Player 0 m_unAccountID = 0  Items: 41, -1, -1, 36, 216, -1, -1, -1, -1, -1, -1
08/27 12:52:18   LastHit = 20  Deny = 2  ClaimedMiss = 14  ClaimedDeny = 2  Miss = 5
08/27 12:52:18   Level: 6 Gold: 2  KDA: 0 / 2 / 0
08/27 12:52:18   Actual Player Damage: 3670 Actual Building Damage: 4560 Actual Healing: 0
08/27 12:52:18   Scaled Player Damage: 4155 Scaled Building Damage: 1018 Scaled Healing: 0
08/27 12:52:18   XP per min: 193  Gold per min: 347  Claimed Farm: 1551  Support Gold 0
08/27 12:52:18 KILLEATER: Signing out with 0 adjustments
08/27 12:52:18 KILLEATER: Message has 0 player blocks
08/27 12:52:18 Checking to see if we should add overworld rewards to signout:
08/27 12:52:18 	Lobby Eligible For Rewards: 0
08/27 12:52:18 	Overworld Progression Enabled: 1
08/27 12:52:18 	Match Contributes to Overworld: 0
08/27 12:52:18 SIGNOUT: Job created, Protobuf:
08/27 12:52:18 The following signout message has had the gameplay_stats field removed to reduce log file size.
08/27 12:52:18 duration: 488
08/27 12:52:18 date: 1787827358
08/27 12:52:18 teams {
08/27 12:52:18   players {
08/27 12:52:18     steam_id: 0
08/27 12:52:18     hero_id: 11
08/27 12:52:18     items: 41
08/27 12:52:18     items: 36
08/27 12:52:18     items: 63
08/27 12:52:18     items: -1
08/27 12:52:18     items: 216
08/27 12:52:18     items: -1
08/27 12:52:18     items: -1
08/27 12:52:18     items: -1
08/27 12:52:18     items: -1
08/27 12:52:18     items: -1
08/27 12:52:18     items: -1
08/27 12:52:18     gold: 501
08/27 12:52:18     kills: 2
08/27 12:52:18     deaths: 0
08/27 12:52:18     assists: 0
08/27 12:52:18     leaver_status: 1
08/27 12:52:18     last_hits: 42
08/27 12:52:18     denies: 7
08/27 12:52:18     gold_per_min: 394
08/27 12:52:18     xp_per_minute: 552
08/27 12:52:18     gold_spent: 3315
08/27 12:52:18     level: 8
08/27 12:52:18     scaled_hero_damage: 8329
08/27 12:52:18     scaled_tower_damage: 107
08/27 12:52:18     scaled_hero_healing: 0
08/27 12:52:18     time_last_seen: 0
08/27 12:52:18     support_ability_value: 2100
08/27 12:52:18     party_id: 0
08/27 12:52:18     claimed_farm_gold: 2355
08/27 12:52:18     support_gold: 0
08/27 12:52:18     claimed_denies: 0
08/27 12:52:18     claimed_misses: 13
08/27 12:52:18     misses: 5
08/27 12:52:18     ability_upgrades {
08/27 12:52:18       ability: 5059
08/27 12:52:18       time: 52
08/27 12:52:18     }
08/27 12:52:18     ability_upgrades {
08/27 12:52:18       ability: 5063
08/27 12:52:18       time: 199
08/27 12:52:18     }
08/27 12:52:18     ability_upgrades {
08/27 12:52:18       ability: 5059
08/27 12:52:18       time: 255
08/27 12:52:18     }
08/27 12:52:18     ability_upgrades {
08/27 12:52:18       ability: 5063
08/27 12:52:18       time: 311
08/27 12:52:18     }
08/27 12:52:18     ability_upgrades {
08/27 12:52:18       ability: 5059
08/27 12:52:18       time: 390
08/27 12:52:18     }
08/27 12:52:18     ability_upgrades {
08/27 12:52:18       ability: 5063
08/27 12:52:18       time: 437
08/27 12:52:18     }
08/27 12:52:18     ability_upgrades {
08/27 12:52:18       ability: 5059
08/27 12:52:18       time: 548
08/27 12:52:18     }
08/27 12:52:18     ability_upgrades {
08/27 12:52:18       ability: 5063
08/27 12:52:18       time: 627
08/27 12:52:18     }
08/27 12:52:18     net_worth: 3101
08/27 12:52:18     match_player_flags: 0
08/27 12:52:18     hero_damage: 5888
08/27 12:52:18     tower_damage: 297
08/27 12:52:18     hero_healing: 0
08/27 12:52:18     hero_pick_order: 3
08/27 12:52:18     hero_was_randomed: false
08/27 12:52:18     lane: 3
08/27 12:52:18     is_using_plus_guide: false
08/27 12:52:18     hero_damage_received {
08/27 12:52:18       pre_reduction: 1574
08/27 12:52:18       post_reduction: 1293
08/27 12:52:18       damage_type: HERO_DAMAGE_PHYSICAL
08/27 12:52:18     }
08/27 12:52:18     hero_damage_received {
08/27 12:52:18       pre_reduction: 3284
08/27 12:52:18       post_reduction: 2377
08/27 12:52:18       damage_type: HERO_DAMAGE_MAGICAL
08/27 12:52:18     }
08/27 12:52:18     hero_damage_received {
08/27 12:52:18       pre_reduction: 0
08/27 12:52:18       post_reduction: 0
08/27 12:52:18       damage_type: HERO_DAMAGE_PURE
08/27 12:52:18     }
08/27 12:52:18     hero_was_dota_plus_suggestion: false
08/27 12:52:18     seconds_dead: 0
08/27 12:52:18     gold_lost_to_death: 0
08/27 12:52:18     command_count: 0
08/27 12:52:18     mouse_click_cast_command_count: 0
08/27 12:52:18     teleports_used: 0
08/27 12:52:18     cavern_crawl_preferred_map_variant: 0
08/27 12:52:18     bounty_runes: 0
08/27 12:52:18     outposts_captured: 0
08/27 12:52:18     dewards: 0
08/27 12:52:18     wards_placed: 0
08/27 12:52:18     camps_stacked: 0
08/27 12:52:18     player_slot: 1
08/27 12:52:18     item_purchase_times: 307
08/27 12:52:18     item_purchase_times: 53
08/27 12:52:18     item_purchase_times: 409
08/27 12:52:18     item_purchase_times: 0
08/27 12:52:18     item_purchase_times: 53
08/27 12:52:18     item_purchase_times: 0
08/27 12:52:18     item_purchase_times: 0
08/27 12:52:18     item_purchase_times: 0
08/27 12:52:18     item_purchase_times: 0
08/27 12:52:18     item_purchase_times: 0
08/27 12:52:18     item_purchase_times: 0
08/27 12:52:18     hero_damage_dealt {
08/27 12:52:18       pre_reduction: 2522
08/27 12:52:18       post_reduction: 2064
08/27 12:52:18       damage_type: HERO_DAMAGE_PHYSICAL
08/27 12:52:18     }
08/27 12:52:18     hero_damage_dealt {
08/27 12:52:18       pre_reduction: 5305
08/27 12:52:18       post_reduction: 3824
08/27 12:52:18       damage_type: HERO_DAMAGE_MAGICAL
08/27 12:52:18     }
08/27 12:52:18     hero_damage_dealt {
08/27 12:52:18       pre_reduction: 0
08/27 12:52:18       post_reduction: 0
08/27 12:52:18       damage_type: HERO_DAMAGE_PURE
08/27 12:52:18     }
08/27 12:52:18     predicted_position: 4
08/27 12:52:18     lane_outcomes: 5
08/27 12:52:18     friendly_t1_destroyed_time: 0
08/27 12:52:18     enemy_t1_destroyed_time: 0
08/27 12:52:18     friendly_roshan_kills: 0
08/27 12:52:18     enemy_roshan_kills: 0
08/27 12:52:18     power_runes: 2
08/27 12:52:18     water_runes: 2
08/27 12:52:18     stun_duration: 0
08/27 12:52:18     team_number: DOTA_GC_TEAM_GOOD_GUYS
08/27 12:52:18     team_slot: 1
08/27 12:52:18     predicted_rank: 0
08/27 12:52:18     selected_facet: 0
08/27 12:52:18     disable_duration: 0
08/27 12:52:18     tormentor_kills: 0
08/27 12:52:18     wisdom_shrines_taken: 0
08/27 12:52:18   }
08/27 12:52:18 }
08/27 12:52:18 teams {
08/27 12:52:18   players {
08/27 12:52:18     steam_id: 0
08/27 12:52:18     hero_id: 11
08/27 12:52:18     items: 41
08/27 12:52:18     items: -1
08/27 12:52:18     items: -1
08/27 12:52:18     items: 36
08/27 12:52:18     items: 216
08/27 12:52:18     items: -1
08/27 12:52:18     items: -1
08/27 12:52:18     items: -1
08/27 12:52:18     items: -1
08/27 12:52:18     items: -1
08/27 12:52:18     items: -1
08/27 12:52:18     gold: 2
08/27 12:52:18     kills: 0
08/27 12:52:18     deaths: 2
08/27 12:52:18     assists: 0
08/27 12:52:18     leaver_status: 1
08/27 12:52:18     last_hits: 20
08/27 12:52:18     denies: 2
08/27 12:52:18     gold_per_min: 193
08/27 12:52:18     xp_per_minute: 347
08/27 12:52:18     gold_spent: 2155
08/27 12:52:18     level: 6
08/27 12:52:18     scaled_hero_damage: 4155
08/27 12:52:18     scaled_tower_damage: 1018
08/27 12:52:18     scaled_hero_healing: 0
08/27 12:52:18     time_last_seen: 0
08/27 12:52:18     support_ability_value: 1800
08/27 12:52:18     party_id: 0
08/27 12:52:18     claimed_farm_gold: 1551
08/27 12:52:18     support_gold: 0
08/27 12:52:18     claimed_denies: 2
08/27 12:52:18     claimed_misses: 14
08/27 12:52:18     misses: 5
08/27 12:52:18     ability_upgrades {
08/27 12:52:18       ability: 5059
08/27 12:52:18       time: 52
08/27 12:52:18     }
08/27 12:52:18     ability_upgrades {
08/27 12:52:18       ability: 5063
08/27 12:52:18       time: 211
08/27 12:52:18     }
08/27 12:52:18     ability_upgrades {
08/27 12:52:18       ability: 5059
08/27 12:52:18       time: 258
08/27 12:52:18     }
08/27 12:52:18     ability_upgrades {
08/27 12:52:18       ability: 5063
08/27 12:52:18       time: 335
08/27 12:52:18     }
08/27 12:52:18     ability_upgrades {
08/27 12:52:18       ability: 5059
08/27 12:52:18       time: 444
08/27 12:52:18     }
08/27 12:52:18     ability_upgrades {
08/27 12:52:18       ability: 5063
08/27 12:52:18       time: 561
08/27 12:52:18     }
08/27 12:52:18     net_worth: 1302
08/27 12:52:18     match_player_flags: 0
08/27 12:52:18     hero_damage: 3670
08/27 12:52:18     tower_damage: 4560
08/27 12:52:18     hero_healing: 0
08/27 12:52:18     hero_pick_order: 4
08/27 12:52:18     hero_was_randomed: false
08/27 12:52:18     lane: 3
08/27 12:52:18     is_using_plus_guide: false
08/27 12:52:18     hero_damage_received {
08/27 12:52:18       pre_reduction: 2522
08/27 12:52:18       post_reduction: 2064
08/27 12:52:18       damage_type: HERO_DAMAGE_PHYSICAL
08/27 12:52:18     }
08/27 12:52:18     hero_damage_received {
08/27 12:52:18       pre_reduction: 5305
08/27 12:52:18       post_reduction: 3824
08/27 12:52:18       damage_type: HERO_DAMAGE_MAGICAL
08/27 12:52:18     }
08/27 12:52:18     hero_damage_received {
08/27 12:52:18       pre_reduction: 0
08/27 12:52:18       post_reduction: 0
08/27 12:52:18       damage_type: HERO_DAMAGE_PURE
08/27 12:52:18     }
08/27 12:52:18     hero_was_dota_plus_suggestion: false
08/27 12:52:18     seconds_dead: 22
08/27 12:52:18     gold_lost_to_death: 23
08/27 12:52:18     command_count: 0
08/27 12:52:18     mouse_click_cast_command_count: 0
08/27 12:52:18     teleports_used: 2
08/27 12:52:18     cavern_crawl_preferred_map_variant: 0
08/27 12:52:18     bounty_runes: 0
08/27 12:52:18     outposts_captured: 0
08/27 12:52:18     dewards: 0
08/27 12:52:18     wards_placed: 0
08/27 12:52:18     camps_stacked: 0
08/27 12:52:18     player_slot: 129
08/27 12:52:18     item_purchase_times: 427
08/27 12:52:18     item_purchase_times: 0
08/27 12:52:18     item_purchase_times: 0
08/27 12:52:18     item_purchase_times: 53
08/27 12:52:18     item_purchase_times: 53
08/27 12:52:18     item_purchase_times: 0
08/27 12:52:18     item_purchase_times: 0
08/27 12:52:18     item_purchase_times: 0
08/27 12:52:18     item_purchase_times: 0
08/27 12:52:18     item_purchase_times: 0
08/27 12:52:18     item_purchase_times: 0
08/27 12:52:18     hero_damage_dealt {
08/27 12:52:18       pre_reduction: 1574
08/27 12:52:18       post_reduction: 1293
08/27 12:52:18       damage_type: HERO_DAMAGE_PHYSICAL
08/27 12:52:18     }
08/27 12:52:18     hero_damage_dealt {
08/27 12:52:18       pre_reduction: 3284
08/27 12:52:18       post_reduction: 2377
08/27 12:52:18       damage_type: HERO_DAMAGE_MAGICAL
08/27 12:52:18     }
08/27 12:52:18     hero_damage_dealt {
08/27 12:52:18       pre_reduction: 0
08/27 12:52:18       post_reduction: 0
08/27 12:52:18       damage_type: HERO_DAMAGE_PURE
08/27 12:52:18     }
08/27 12:52:18     predicted_position: 4
08/27 12:52:18     lane_outcomes: 5
08/27 12:52:18     friendly_t1_destroyed_time: 0
08/27 12:52:18     enemy_t1_destroyed_time: 0
08/27 12:52:18     friendly_roshan_kills: 0
08/27 12:52:18     enemy_roshan_kills: 0
08/27 12:52:18     power_runes: 0
08/27 12:52:18     water_runes: 0
08/27 12:52:18     stun_duration: 0
08/27 12:52:18     team_number: DOTA_GC_TEAM_BAD_GUYS
08/27 12:52:18     team_slot: 1
08/27 12:52:18     predicted_rank: 0
08/27 12:52:18     selected_facet: 0
08/27 12:52:18     disable_duration: 0
08/27 12:52:18     tormentor_kills: 0
08/27 12:52:18     wisdom_shrines_taken: 0
08/27 12:52:18   }
08/27 12:52:18 }
08/27 12:52:18 tower_status: 2047
08/27 12:52:18 tower_status: 2047
08/27 12:52:18 barracks_status: 63
08/27 12:52:18 barracks_status: 63
08/27 12:52:18 cluster: 0
08/27 12:52:18 server_addr: "46.247.136.186:27015"
08/27 12:52:18 first_blood_time: 251
08/27 12:52:18 automatic_surrender: false
08/27 12:52:18 server_version: 6915
08/27 12:52:18 additional_msgs {
08/27 12:52:18   id: 8150
08/27 12:52:18   contents: "\010\'"
08/27 12:52:18 }
08/27 12:52:18 additional_msgs {
08/27 12:52:18   id: 8150
08/27 12:52:18   contents: "\0106"
08/27 12:52:18 }
08/27 12:52:18 average_networth_delta: 706
08/27 12:52:18 match_flags: 0
08/27 12:52:18 team_scores: 2
08/27 12:52:18 team_scores: 0
08/27 12:52:18 pre_game_duration: 90
08/27 12:52:18 extra_messages {
08/27 12:52:18   msg_type: 7545
08/27 12:52:18   contents: [removed]
08/27 12:52:18 }
08/27 12:52:18 winning_team: DOTA_GC_TEAM_GOOD_GUYS
08/27 12:52:18 
08/27 12:52:18 match_id: 8968270421
08/27 12:52:18 region_id: 4294967295
08/27 12:52:18 players {
08/27 12:52:18   account_id: 138966212
08/27 12:52:18   ip: 2130706433
08/27 12:52:18   avg_ping_ms: 70
08/27 12:52:18   packet_loss: 0
08/27 12:52:18   ping_deviation: 20.7318592
08/27 12:52:18   full_resends: 0
08/27 12:52:18 }
08/27 12:52:18 cluster_id: 0
08/27 12:52:18 
08/27 12:52:18 Sending CMsgConnectedPlayers for reason GAME_STATE.  Last send was 237.5s ago, urgency is 0.0s
08/27 12:52:18 game_state: DOTA_GAMERULES_STATE_POST_GAME
first_blood_happened: true
send_reason: GAME_STATE
radiant_kills: 2
dire_kills: 0
radiant_lead: 1799
building_state: 4784201

08/27 12:52:18 [Localization System] CLocalize::FindSafe failed to localize: 'invalid index'
08/27 12:52:18 [GCClient] Send msg 7381 (k_EMsgGCGameMatchSignOutPermissionRequest), 26 bytes
08/27 12:52:18 [GCClient] Send msg 9113 (k_EMsgServerToGCWarningLowServerFramerate), 25 bytes
08/27 12:52:18 [GCClient] Send msg 7494 (k_EMsgServerToGCMatchConnectionStats), 48 bytes
08/27 12:52:18 [GCClient] Send msg 7034 (k_EMsgGCConnectedPlayers), 26 bytes
08/27 12:52:18 [Localization System] CLocalize::FindSafe failed to localize: 'invalid index'
08/27 12:52:18 C:Gamerules: entering state 'DOTA_GAMERULES_STATE_POST_GAME'
08/27 12:52:18 [Localization System] CLocalize::FindSafe failed to localize: 'invalid index'
08/27 12:52:18 [Client] CDOTA_Hud_Main::EventGameRulesStateChanged DOTA_GAMERULES_STATE_POST_GAME
08/27 12:52:18 [Client] CDOTA_Hud_Main::CreateGameEndScreen Creating GameEnd
08/27 12:52:19 [GCClient] Recv msg 7382 (k_EMsgGCGameMatchSignOutPermissionResponse), 19 bytes
08/27 12:52:19 [GCClient] Recv msg 26 (k_ESOMsg_UpdateMultiple), 337 bytes
08/27 12:52:19 --- CSODOTALobby.game_state: DOTA_GAMERULES_STATE_GAME_IN_PROGRESS
08/27 12:52:19 +++ CSODOTALobby.game_state: DOTA_GAMERULES_STATE_POST_GAME
08/27 12:52:19 SIGNOUT: Permission granted by GC.
08/27 12:52:19 [GCClient] Send msg 7004 (k_EMsgGCGameMatchSignOut), 1046 bytes
08/27 12:52:19 [GCClient] Recv msg 26 (k_ESOMsg_UpdateMultiple), 344 bytes
08/27 12:52:19 Telling Steam it is safe to update the app
08/27 12:52:19 [Localization System] CLocalize::FindSafe failed to localize: 'invalid index'
08/27 12:52:19 [GCClient] Recv msg 25 (k_ESOMsg_CacheUnsubscribed), 21 bytes
08/27 12:52:19 [SOCache] CGCSOCacheUnsubscribedJob(owner=<Lobby:29993983830690315>)
08/27 12:52:19 [Localization System] CLocalize::FindSafe failed to localize: 'invalid index'
08/27 12:52:19 [Localization System] CLocalize::FindSafe failed to localize: 'invalid index'
08/27 12:52:19 [GCClient] Recv msg 8081 (k_EMsgGCToClientMatchSignedOut), 14 bytes
08/27 12:52:19 WriteSteamRemoteStorageFileAsync( "cfg/stats.dat" ) -> at 677.188
08/27 12:52:19 CAsyncWriteInProgress::OnComplete( "cfg/stats.dat" ) -> Success at 677.195
08/27 12:52:19 WriteSteamRemoteStorageFileAsync( "cfg/chat.cfg" ) -> at 677.198
08/27 12:52:19 [GCClient] Send msg 7272 (k_EMsgGCLeaveChatChannel), 12 bytes
08/27 12:52:19 CAsyncWriteInProgress::OnComplete( "cfg/chat.cfg" ) -> Success at 677.212
08/27 12:52:19 [GCClient] Send msg 7534 (k_EMsgClientToGCGetProfileCard), 22 bytes
08/27 12:52:19 [GCClient] Recv msg 7010 (k_EMsgGCJoinChatChannelResponse), 79 bytes
08/27 12:52:19 [GCClient] Recv msg 7005 (k_EMsgGCGameMatchSignOutResponse), 318 bytes
08/27 12:52:19 [GCClient] Recv msg 26 (k_ESOMsg_UpdateMultiple), 344 bytes
08/27 12:52:19 --- CSODOTALobby.state: RUN
08/27 12:52:19 +++ CSODOTALobby.state: POSTGAME
08/27 12:52:19 +++ CSODOTALobby.match_outcome: k_EMatchOutcome_RadVictory
08/27 12:52:19 +++ CSODOTALobby.match_duration: 488
08/27 12:52:19 SIGNOUT: Match signout message successfully sent.
08/27 12:52:19 CDOTAGCServerSystem:: Finished submitting MatchSignOutStats.  MatchID = 8968270421
08/27 12:52:19 Wrote Contribution Combat Segments: 9 segments
08/27 12:52:19 Wrote Contribution Unit Names: 1 names
08/27 12:52:19 Wrote Killing Blows: 2
08/27 12:52:19 Wrote Dispels: 0
08/27 12:52:19 CDOTAMatchPrivateMetadata size 11163
08/27 12:52:19 CDOTAMatchMetadataFile size 16073
08/27 12:52:19 [GCClient] Recv msg 7014 (k_EMsgGCOtherLeftChannel), 26 bytes
08/27 12:52:19 [GCClient] Recv msg 7535 (k_EMsgClientToGCGetProfileCardResponse), 45 bytes
08/27 12:52:21 [GCClient] Recv msg 25 (k_ESOMsg_CacheUnsubscribed), 21 bytes
08/27 12:52:21 [SOCache] CGCSOCacheUnsubscribedJob(owner=<Lobby:29993983830690315>)
08/27 12:52:21 [Server] CDOTAGCServerSystem::SOChanged: Lobby object destroyed, so clearing the lobby while game rules is still in state DOTA_GAMERULES_STATE_POST_GAME(6).
08/27 12:52:21 Lobby object destroyed, previous lobby_id=29993983830690315, match_id=8968270421
08/27 12:52:34 [Client] CL:  disconnect hud disconnect
08/27 12:52:34 [Localization System] CLocalize::FindSafe failed to localize: 'invalid index'
08/27 12:52:34 [Client] Disconnected from server: NETWORK_DISCONNECT_DISCONNECT_BY_USER
08/27 12:52:34 [HLTV Server] SourceTV[0] shutting down (non-relay) due to server disconnecting game.
08/27 12:52:34 [HLTV Server] CHLTVServer::Shutdown
08/27 12:52:34 [HLTV Server] Completed SourceTV demo "replays/auto-20260827-1242-start-Pshe.dem":
	Recording time 640.9,
	Size 6466900 (336 per tick).
	Animation data size 118 (0 per tick).
08/27 12:52:34 [Server] CNetworkGameServerBase::SetServerState (ss_active -> ss_dead)
08/27 12:52:34 [Server] SV:  Server shutting down: NETWORK_DISCONNECT_DISCONNECT_BY_USER (2)
08/27 12:52:34 [Server] CNetworkGameServerBase::SetServerState (ss_active -> ss_dead)
08/27 12:52:34 [Server] Disconnect client 'Pshe' from server: NETWORK_DISCONNECT_SHUTDOWN (Server shutdown)
08/27 12:52:34 [SignonState] Client 0 'Pshe' signon state SIGNONSTATE_FULL -> SIGNONSTATE_NONE
08/27 12:52:34 [NetSteamConn] CloseSteamNetConnection handle #1870113984 (userdata 0)
08/27 12:52:34 [NetSteamConn] Disassociating NetChan Pshe @  (unknown) from Steam Net Connection handle #1870113984 (userdata 0)
08/27 12:52:34 [Networking] Summary of connection [#1870113984 UDP steamid:76561198099231940@127.0.0.1:49187 'Pshe']:
08/27 12:52:34 [Networking]     End-to-end connection: connected
08/27 12:52:34 [Networking]         Current rates:
08/27 12:52:34 [Networking]             Sent:  30.1 pkts/sec   6.3 K/sec
08/27 12:52:34 [Networking]             Recv:  30.1 pkts/sec   4.4 K/sec
08/27 12:52:34 [Networking]             Ping:0ms    Max latency variance: 0.1ms
08/27 12:52:34 [Networking]             Quality:  100%  (Dropped:0.00%  WeirdSeq:0.00%)
08/27 12:52:34 [Networking]             Est avail bandwidth: 78.1KB/s  
08/27 12:52:34 [Networking]             Bytes buffered: 0
08/27 12:52:34 [Networking]         Lifetime stats:
08/27 12:52:34 [Networking]             Totals
08/27 12:52:34 [Networking]                 Sent:     19,869 pkts      12,570,052 bytes
08/27 12:52:34 [Networking]                 Recv:     19,411 pkts       2,917,234 bytes
08/27 12:52:34 [Networking]                 Recv w seq:     19,410 pkts
08/27 12:52:34 [Networking]                 Dropped   :          0 pkts   0.00%
08/27 12:52:34 [Networking]                 OutOfOrder:          0 pkts   0.00%
08/27 12:52:34 [Networking]                 OOOFixed  :          0 pkts   0.00%
08/27 12:52:34 [Networking]                 Duplicate :          0 pkts   0.00%
08/27 12:52:34 [Networking]                 SeqLurch  :          0 pkts   0.00%
08/27 12:52:34 [Networking]             Ping histogram: (19379 total samples)
08/27 12:52:34 [Networking]                      0-25    25-50    50-75   75-100  100-125  125-150  150-200  200-300     300+
08/27 12:52:34 [Networking]                     19379        0        0        0        0        0        0        0        0
08/27 12:52:34 [Networking]                    100.0%     0.0%     0.0%     0.0%     0.0%     0.0%     0.0%     0.0%     0.0%
08/27 12:52:34 [Networking]             Ping distribution:
08/27 12:52:34 [Networking]                 5th   50th   75th   95th   98th
08/27 12:52:34 [Networking]                 0ms    0ms    0ms    0ms    0ms
08/27 12:52:34 [Networking]             Connection quality histogram: (129 measurement intervals)
08/27 12:52:34 [Networking]                 perfect    99+  97-99  95-97  90-95  75-90  50-75    <50   dead
08/27 12:52:34 [Networking]                     129      0      0      0      0      0      0      0      0
08/27 12:52:34 [Networking]                  100.0%   0.0%   0.0%   0.0%   0.0%   0.0%   0.0%   0.0%   0.0%
08/27 12:52:34 [Networking]             Connection quality distribution:
08/27 12:52:34 [Networking]               50th  25th   5th   2nd
08/27 12:52:34 [Networking]               100%  100%  100%  100%
08/27 12:52:34 [Networking]             Latency variance histogram: (19406 total measurements)
08/27 12:52:34 [Networking]                       <1     1-2     2-5    5-10   10-20     >20
08/27 12:52:34 [Networking]                    19406       0       0       0       0       0
08/27 12:52:34 [Networking]                   100.0%    0.0%    0.0%    0.0%    0.0%    0.0%
08/27 12:52:34 [Networking]         Rate stats received from remote host 6.4s ago:
08/27 12:52:34 [Networking]             Sent:  30.0 pkts/sec   4.4 K/sec
08/27 12:52:34 [Networking]             Recv:  30.6 pkts/sec   8.4 K/sec
08/27 12:52:34 [Networking]             Ping:0ms    Max latency variance: 0.1ms
08/27 12:52:34 [Networking]             Quality:  100%  (Dropped:0.00%  WeirdSeq:0.00%)
08/27 12:52:34 [Networking]             Bytes buffered: 0
08/27 12:52:34 [Networking]         Lifetime stats received from remote host 47.2s ago:
08/27 12:52:34 [Networking]             Totals
08/27 12:52:34 [Networking]                 Sent:     17,995 pkts       2,702,336 bytes
08/27 12:52:34 [Networking]                 Recv:     18,428 pkts      11,682,816 bytes
08/27 12:52:34 [Networking]                 Recv w seq:     18,426 pkts
08/27 12:52:34 [Networking]                 Dropped   :          0 pkts   0.00%
08/27 12:52:34 [Networking]                 OutOfOrder:          0 pkts   0.00%
08/27 12:52:34 [Networking]                 OOOFixed  :          0 pkts   0.00%
08/27 12:52:34 [Networking]                 Duplicate :          0 pkts   0.00%
08/27 12:52:34 [Networking]                 SeqLurch  :          0 pkts   0.00%
08/27 12:52:34 [Networking]             Ping histogram: (17966 total samples)
08/27 12:52:34 [Networking]                      0-25    25-50    50-75   75-100  100-125  125-150  150-200  200-300     300+
08/27 12:52:34 [Networking]                     17966        0        0        0        0        0        0        0        0
08/27 12:52:34 [Networking]                    100.0%     0.0%     0.0%     0.0%     0.0%     0.0%     0.0%     0.0%     0.0%
08/27 12:52:34 [Networking]             Ping distribution:
08/27 12:52:34 [Networking]                 5th   50th   75th   95th   98th
08/27 12:52:34 [Networking]                 0ms    0ms    0ms    0ms    0ms
08/27 12:52:34 [Networking]             Connection quality histogram: (119 measurement intervals)
08/27 12:52:34 [Networking]                 perfect    99+  97-99  95-97  90-95  75-90  50-75    <50   dead
08/27 12:52:34 [Networking]                     119      0      0      0      0      0      0      0      0
08/27 12:52:34 [Networking]                  100.0%   0.0%   0.0%   0.0%   0.0%   0.0%   0.0%   0.0%   0.0%
08/27 12:52:34 [Networking]             Connection quality distribution:
08/27 12:52:34 [Networking]               50th  25th   5th   2nd
08/27 12:52:34 [Networking]               100%  100%  100%  100%
08/27 12:52:34 [Networking]             Latency variance histogram: (18422 total measurements)
08/27 12:52:34 [Networking]                       <1     1-2     2-5    5-10   10-20     >20
08/27 12:52:34 [Networking]                    18422       0       0       0       0       0
08/27 12:52:34 [Networking]                   100.0%    0.0%    0.0%    0.0%    0.0%    0.0%
08/27 12:52:34 [Networking]     
08/27 12:52:34 [SteamNetSockets] [#1870113984 UDP steamid:76561198099231940@127.0.0.1:49187 'Pshe'] closed by app, linger requested but not needed (1001) NETWORK_DISCONNECT_SHUTDOWN
08/27 12:52:34 [NetSteamConn] Removing Steam Net Connection for 127.0.0.1:49187, handle #1870113984
08/27 12:52:34 [SteamNetSockets] [#4043616094 UDP steamid:90291680929330189@127.0.0.1:27015 'server'] closed by peer (1001): NETWORK_DISCONNECT_SHUTDOWN
08/27 12:52:34 CPlayerVoiceListener::PostSpawnGroupUnload()
08/27 12:52:34 [Server] SV:  AsyncUnloadSpawnGroup( 7 ) -- no such group
08/27 12:52:34 [Server] SV:  AsyncUnloadSpawnGroup( 8 ) -- no such group
08/27 12:52:34 CPlayerVoiceListener::PostSpawnGroupUnload()
08/27 12:52:34 CPlayerVoiceListener::PostSpawnGroupUnload()
08/27 12:52:34 CPlayerVoiceListener::PostSpawnGroupUnload()
08/27 12:52:34 CPlayerVoiceListener::PostSpawnGroupUnload()
08/27 12:52:34 CPlayerVoiceListener::PostSpawnGroupUnload()
08/27 12:52:34 [Server] CSteam3ServerS1::ShutdownGameServer
08/27 12:52:34 [Networking] CNetworkSystem::ShutdownGameServer
08/27 12:52:34 [Networking] Closing 'server' UDP listen socket
08/27 12:52:34 [Networking] Closing 'server' P2P listen socket
08/27 12:52:34 [Networking] Closing 'server' poll group
08/27 12:52:34 [Networking] Closing 'hltv' UDP listen socket
08/27 12:52:34 [Networking] Closing 'hltv' P2P listen socket
08/27 12:52:34 [Networking] Closing 'hltv' poll group
08/27 12:52:34 [Server] CSource2Server::GameServerSteamAPIDeactivated()
08/27 12:52:34 [Client] Disconnecting from server: NETWORK_DISCONNECT_DISCONNECT_BY_USER
08/27 12:52:34 [NetSteamConn] Closing Steam Net Connection on socket 'client' to 127.0.0.1:27015, handle #4043616094 (1002 NETWORK_DISCONNECT_DISCONNECT_BY_USER)
08/27 12:52:34 [NetSteamConn] CloseSteamNetConnection handle #4043616094 (userdata 1)
08/27 12:52:34 [NetSteamConn] Disassociating NetChan server @  (unknown) from Steam Net Connection handle #4043616094 (userdata 1)
08/27 12:52:34 [Networking] Summary of connection [#4043616094 UDP steamid:90291680929330189@127.0.0.1:27015 'server']:
08/27 12:52:34 [Networking]     End-to-end connection: closed by remote host, reason code 1001.  (NETWORK_DISCONNECT_SHUTDOWN)
08/27 12:52:34 [Networking]         Current rates:
08/27 12:52:34 [Networking]             Sent:  30.2 pkts/sec   4.4 K/sec
08/27 12:52:34 [Networking]             Recv:  30.0 pkts/sec   6.3 K/sec
08/27 12:52:34 [Networking]             Ping:0ms    Max latency variance: 0.2ms
08/27 12:52:34 [Networking]             Quality:  100%  (Dropped:0.00%  WeirdSeq:0.00%)
08/27 12:52:34 [Networking]             Est avail bandwidth: 78.1KB/s  
08/27 12:52:34 [Networking]             Bytes buffered: 0
08/27 12:52:34 [Networking]         Lifetime stats:
08/27 12:52:34 [Networking]             Totals
08/27 12:52:34 [Networking]                 Sent:     19,413 pkts       2,917,757 bytes
08/27 12:52:34 [Networking]                 Recv:     19,871 pkts      12,570,590 bytes
08/27 12:52:34 [Networking]                 Recv w seq:     19,868 pkts
08/27 12:52:34 [Networking]                 Dropped   :          0 pkts   0.00%
08/27 12:52:34 [Networking]                 OutOfOrder:          0 pkts   0.00%
08/27 12:52:34 [Networking]                 OOOFixed  :          0 pkts   0.00%
08/27 12:52:34 [Networking]                 Duplicate :          0 pkts   0.00%
08/27 12:52:34 [Networking]                 SeqLurch  :          0 pkts   0.00%
08/27 12:52:34 [Networking]             Ping histogram: (19380 total samples)
08/27 12:52:34 [Networking]                      0-25    25-50    50-75   75-100  100-125  125-150  150-200  200-300     300+
08/27 12:52:34 [Networking]                     19380        0        0        0        0        0        0        0        0
08/27 12:52:34 [Networking]                    100.0%     0.0%     0.0%     0.0%     0.0%     0.0%     0.0%     0.0%     0.0%
08/27 12:52:34 [Networking]             Ping distribution:
08/27 12:52:34 [Networking]                 5th   50th   75th   95th   98th
08/27 12:52:34 [Networking]                 0ms    0ms    0ms    0ms    0ms
08/27 12:52:34 [Networking]             Connection quality histogram: (129 measurement intervals)
08/27 12:52:34 [Networking]                 perfect    99+  97-99  95-97  90-95  75-90  50-75    <50   dead
08/27 12:52:34 [Networking]                     129      0      0      0      0      0      0      0      0
08/27 12:52:34 [Networking]                  100.0%   0.0%   0.0%   0.0%   0.0%   0.0%   0.0%   0.0%   0.0%
08/27 12:52:34 [Networking]             Connection quality distribution:
08/27 12:52:34 [Networking]               50th  25th   5th   2nd
08/27 12:52:34 [Networking]               100%  100%  100%  100%
08/27 12:52:34 [Networking]             Latency variance histogram: (19864 total measurements)
08/27 12:52:34 [Networking]                       <1     1-2     2-5    5-10   10-20     >20
08/27 12:52:34 [Networking]                    19864       0       0       0       0       0
08/27 12:52:34 [Networking]                   100.0%    0.0%    0.0%    0.0%    0.0%    0.0%
08/27 12:52:34 [Networking]         Rate stats received from remote host 6.2s ago:
08/27 12:52:34 [Networking]             Sent:  30.6 pkts/sec   8.4 K/sec
08/27 12:52:34 [Networking]             Recv:  30.0 pkts/sec   4.4 K/sec
08/27 12:52:34 [Networking]             Ping:0ms    Max latency variance: 0.2ms
08/27 12:52:34 [Networking]             Quality:  100%  (Dropped:0.00%  WeirdSeq:0.00%)
08/27 12:52:34 [Networking]             Bytes buffered: 0
08/27 12:52:34 [Networking]         Lifetime stats received from remote host 47.2s ago:
08/27 12:52:34 [Networking]             Totals
08/27 12:52:34 [Networking]                 Sent:     18,428 pkts      11,683,840 bytes
08/27 12:52:34 [Networking]                 Recv:     17,996 pkts       2,702,336 bytes
08/27 12:52:34 [Networking]                 Recv w seq:     17,995 pkts
08/27 12:52:34 [Networking]                 Dropped   :          0 pkts   0.00%
08/27 12:52:34 [Networking]                 OutOfOrder:          0 pkts   0.00%
08/27 12:52:34 [Networking]                 OOOFixed  :          0 pkts   0.00%
08/27 12:52:34 [Networking]                 Duplicate :          0 pkts   0.00%
08/27 12:52:34 [Networking]                 SeqLurch  :          0 pkts   0.00%
08/27 12:52:34 [Networking]             Ping histogram: (17966 total samples)
08/27 12:52:34 [Networking]                      0-25    25-50    50-75   75-100  100-125  125-150  150-200  200-300     300+
08/27 12:52:34 [Networking]                     17966        0        0        0        0        0        0        0        0
08/27 12:52:34 [Networking]                    100.0%     0.0%     0.0%     0.0%     0.0%     0.0%     0.0%     0.0%     0.0%
08/27 12:52:34 [Networking]             Ping distribution:
08/27 12:52:34 [Networking]                 5th   50th   75th   95th   98th
08/27 12:52:34 [Networking]                 0ms    0ms    0ms    0ms    0ms
08/27 12:52:34 [Networking]             Connection quality histogram: (119 measurement intervals)
08/27 12:52:34 [Networking]                 perfect    99+  97-99  95-97  90-95  75-90  50-75    <50   dead
08/27 12:52:34 [Networking]                     119      0      0      0      0      0      0      0      0
08/27 12:52:34 [Networking]                  100.0%   0.0%   0.0%   0.0%   0.0%   0.0%   0.0%   0.0%   0.0%
08/27 12:52:34 [Networking]             Connection quality distribution:
08/27 12:52:34 [Networking]               50th  25th   5th   2nd
08/27 12:52:34 [Networking]               100%  100%  100%  100%
08/27 12:52:34 [Networking]             Latency variance histogram: (17991 total measurements)
08/27 12:52:34 [Networking]                       <1     1-2     2-5    5-10   10-20     >20
08/27 12:52:34 [Networking]                    17991       0       0       0       0       0
08/27 12:52:34 [Networking]                   100.0%    0.0%    0.0%    0.0%    0.0%    0.0%
08/27 12:52:34 [Networking]     
08/27 12:52:34 [NetSteamConn] Removing Steam Net Connection for 127.0.0.1:27015, handle #4043616094
08/27 12:52:34 [Networking] Closing 'client' poll group
08/27 12:52:34 [HostStateManager] CHostStateMgr::QueueNewRequest( Idle (levelload), 3 )
08/27 12:52:34 [HostStateManager] HostStateRequest::Start(HSR_IDLE):  loop(levelload) id(3) addons() desc(Idle (levelload))
08/27 12:52:34 [EngineServiceManager] SwitchToLoop levelload requested:  id [3] addons []
08/27 12:52:34 [Client] CL:  IGameSystem::LoopDeactivateAllSystems {
08/27 12:52:34 WriteSteamRemoteStorageFileAsync( "scripts/control_groups.txt" ) -> at 692.415
08/27 12:52:34 WriteSteamRemoteStorageFileAsync( "scripts/item_suggest_preference.txt" ) -> at 692.416
08/27 12:52:34 [Client] CL:  } IGameSystem::LoopDeactivateAllSystems done
08/27 12:52:34 [stringtables] Client: CNetworkStringTableContainer::RemoveAllTables:  removing 19 tables
08/27 12:52:34 [Server] SV:  IGameSystem::LoopDeactivateAllSystems {
08/27 12:52:34 [Host] HO:  IGameSystem::LoopDeactivateAllSystems {
08/27 12:52:34 [Host] HO:  } IGameSystem::LoopDeactivateAllSystems done
08/27 12:52:34 [Server] SV:  } IGameSystem::LoopDeactivateAllSystems done
08/27 12:52:34 [stringtables] SV: CNetworkStringTableContainer::RemoveAllTables:  removing 19 tables
08/27 12:52:34 [stringtables] CL: CNetworkStringTableContainer::RemoveAllTables:  removing 19 tables
08/27 12:52:34 ILocalize::AddFile() failed to load file "resource/localization/broadcastfacts_english.txt".
08/27 12:52:34 [Client] CL:  CGameRulesGameSystem::GameShutdown uninstalled game rules
08/27 12:52:34 [Client] CL:  CGameRules::CGameRules destructed
08/27 12:52:34 [Client]Skipping setup of already loaded game keyvalues. (base game)
08/27 12:52:34 WriteSteamRemoteStorageFileAsync( "voice_ban.dt" ) -> at 692.695
08/27 12:52:34 CPlayerVoiceListener::GameShutdown()
08/27 12:52:34 [Server] SV:  CGameRulesGameSystem::GameShutdown uninstalled game rules
08/27 12:52:34 [Server] SV:  CGameRules::CGameRules destructed
08/27 12:52:34 [Server]Skipping setup of already loaded game keyvalues. (base game)
08/27 12:52:34 ChangeGameUIState: DOTA_GAME_UI_DOTA_INGAME -> DOTA_GAME_UI_STATE_LOADING_SCREEN
08/27 12:52:34 [Client] LoadingDisplay changed from NONE to LOADING (map="")
08/27 12:52:34 [HostStateManager] Host activate: Idle (levelload)
08/27 12:52:34 CAsyncWriteInProgress::OnComplete( "scripts/control_groups.txt" ) -> Success at 692.717
08/27 12:52:34 CAsyncWriteInProgress::OnComplete( "scripts/item_suggest_preference.txt" ) -> Success at 692.717
08/27 12:52:34 CAsyncWriteInProgress::OnComplete( "voice_ban.dt" ) -> Success at 692.717
08/27 12:52:34 [NetSteamConn] Steam Net connection #4043616094 UDP steamid:90291680929330189@127.0.0.1:27015 'server' closed by peer, reason 1001: NETWORK_DISCONNECT_SHUTDOWN
08/27 12:52:34 [NetSteamConn] CloseSteamNetConnection handle #4043616094 (userdata -1)
08/27 12:52:34 [Client] CL:  CLoopModeLevelLoad::MaybeSwitchToGameLoop switching to "game" loopmode with addons ()
08/27 12:52:34 [EngineServiceManager] SwitchToLoop game requested:  id [3] addons []
08/27 12:52:35 [GCClient] Send msg 2569 (k_EMsgClientToGCEquipItems), 33 bytes
08/27 12:52:35 **** Panel MainObjectivesTitle has fill-parent-flow for width, but isn't in a flowing right layout
08/27 12:52:35 **** Panel SideObjectivesTitle has fill-parent-flow for width, but isn't in a flowing right layout
08/27 12:52:35 [ResourceSystem] Failed loading resource "panorama/images/spellicons/dota_base_ability_png.vtex_c" (ERROR_FILEOPEN: File not found)
08/27 12:52:35 [Server] CNetworkGameServerBase::SetServerState (ss_dead -> ss_waitingforgamesessionmanifest)
08/27 12:52:35 [Server] SV:  maxplayers set to 1
08/27 12:52:35 Initializing script VM...
08/27 12:52:35 ...done
08/27 12:52:35 CPlayerVoiceListener::GameInit()
08/27 12:52:35 **** Panel TimeRangeSlider has fill-parent-flow for width, but isn't in a flowing right layout
08/27 12:52:35 **** Panel TimeScrubSlider has fill-parent-flow for width, but isn't in a flowing right layout
08/27 12:52:35 **** Panel SliderAndMarkers has fill-parent-flow for width, but isn't in a flowing right layout
08/27 12:52:35 **** Panel TimeScrubSlider has fill-parent-flow for width, but isn't in a flowing right layout
08/27 12:52:35 [ResourceSystem] Failed loading resource "materials/sprites/blueglow1.vmat_c" (ERROR_FILEOPEN: File not found)
08/27 12:52:35 [Server] SV:  Spawn Server: <empty>
08/27 12:52:35 [Server] CNetworkGameServerBase::SetServerState (ss_waitingforgamesessionmanifest -> ss_loading)
08/27 12:52:35 [Server] CNetworkGameServerBase::SetServerState (ss_loading -> ss_active)
08/27 12:52:35 [GCClient] Recv msg 26 (k_ESOMsg_UpdateMultiple), 102 bytes
08/27 12:52:35 [GCClient] Recv msg 2570 (k_EMsgClientToGCEquipItemsResponse), 26 bytes
08/27 12:52:35 [Client] CL:  CWaitForGameServerStartupPrerequisite done waiting for server
08/27 12:52:35 [Client] CL:  CCreateGameClientJob creating client connection to 'loopback'
08/27 12:52:35 [SteamNetSockets] [#1908003435 pipe] connected
08/27 12:52:35 [SteamNetSockets] [#1198016375 pipe] connected
08/27 12:52:35 [Networking] Created poll group for socket 'client'
08/27 12:52:35 [Networking] Created poll group for socket 'server'
08/27 12:52:35 [Networking] Connected loopback client=71b9d26b@loopback:1 <-> server=47684777@loopback:0
08/27 12:52:35 [Client] Tick packet desired receive margin now 5.0ms.  cl_tickpacket_recvmargin_desired=5  cl_tickpacket_desired_queuelength=0.  engine_frametime_warnings_enable=1, cl_async_usercmd_send=1
08/27 12:52:35 [NetSteamConn] Associating NetChan Pshe @ loopback:0 (loopback:0) with Steam Net Connection handle #1198016375 (userdata 1)
08/27 12:52:35 [NetSteamConn] Associating NetChan server @ loopback:1 (loopback:1) with Steam Net Connection handle #1908003435 (userdata 0)
08/27 12:52:35 [Client] CL:  Connected to 'loopback:1'
08/27 12:52:35 [Server] Client 0 'Pshe' setting rate to 80000
08/27 12:52:35 [Client] Game: "Dota 2"
08/27 12:52:35 [Client] Map: "<empty>"
08/27 12:52:35 [Client] Players: 1 (0 bots) / 1 humans
08/27 12:52:35 [Client] Build: 10835 (revision 10942614)
08/27 12:52:35 [Client] Server Number: 4
08/27 12:52:35 [SignonState] CL:  CNetworkGameClient::ProcessServerInfo
08/27 12:52:35 ReadSteamRemoteStorageFile( bufOut, "voice_ban.dt" ) -> 0.000734 seconds
08/27 12:52:35 [Client] CNetworkGameClient::ProcessClassInfo: create on client true
08/27 12:52:35 [Client] CNetworkGameClient::ProcessClassInfo: creating client serializers from local server serializers (crc 0, server api exists)
08/27 12:52:35 [Client] Client missing networkable entity class CPhysMagnet
08/27 12:52:35 [Client] Client missing networkable entity class CSpotlightEnd
08/27 12:52:35 [Client] CNetworkGameClientBase::LinkClasses took 146.999 msec
08/27 12:52:38 [Client] CL:  CGameClientConnectPrerequisite connection succeeded
08/27 12:52:38 ChangeGameUIState: DOTA_GAME_UI_STATE_LOADING_SCREEN -> DOTA_GAME_UI_STATE_DASHBOARD
08/27 12:52:38 [Client] LoadingDisplay changed from LOADING to NONE (map="<empty>")
08/27 12:52:38 CDOTA_DB_Page_Post_Game_Hero_Stats::PopulateHeroStatsForSlot No player data
08/27 12:52:38 CDOTA_DB_Page_Post_Game_Hero_Stats::PopulateHeroStatsForSlot No player data
08/27 12:52:38 [Server] SV:  IGameSystem::LoopActivateAllSystems {
08/27 12:52:38 [Host] HO:  IGameSystem::LoopActivateAllSystems {
08/27 12:52:38 [Host] HO:  } IGameSystem::LoopActivateAllSystems done
08/27 12:52:38 [Server] SV:  } IGameSystem::LoopActivateAllSystems done
08/27 12:52:38 [Server] SV:  Game started
08/27 12:52:38 [Client] CL:  IGameSystem::LoopActivateAllSystems {
08/27 12:52:38 ReadSteamRemoteStorageFile( bufOut, "scripts/control_groups.txt" ) -> 0.000672 seconds
08/27 12:52:38 ReadSteamRemoteStorageFile( bufOut, "scripts/item_suggest_preference.txt" ) -> 0.000560 seconds
08/27 12:52:38 [Client] CL:  } IGameSystem::LoopActivateAllSystems done
08/27 12:52:38 [SignonState] CL:  CNetworkGameClient::OnSwitchLoopModeFinished( game : success )
08/27 12:52:38 [GCClient] Send msg 7197 (k_EMsgGCMatchmakingStatsRequest), 8 bytes
08/27 12:52:38 **** Panel GraphPersonalNWButton has fill-parent-flow for width, but isn't in a flowing right layout
08/27 12:52:38 **** Panel  has fill-parent-flow for width, but isn't in a flowing right layout
08/27 12:52:38 **** Panel  has fill-parent-flow for width, but isn't in a flowing right layout
08/27 12:52:38 **** Panel  has fill-parent-flow for width, but isn't in a flowing right layout
08/27 12:52:38 **** Panel  has fill-parent-flow for width, but isn't in a flowing right layout
08/27 12:52:38 **** Panel  has fill-parent-flow for width, but isn't in a flowing right layout
08/27 12:52:38 Job RegisterForReplayExistenceUpdates has spent >3.000ms without yielding: 11.227ms
08/27 12:52:38 [Server] SV:  Sending full update to client Pshe (reason:  initial update)
08/27 12:52:38 [Client] CNetworkGameClientBase::OnReceivedUncompressedPacket(), received full update
08/27 12:52:38 [Prediction] Resetting prediction state because we received a full update
08/27 12:52:38 [Client] Receiving 0.0K non-incremental update from server
08/27 12:52:38 [Networking] server @ loopback:1:  NetChan Setting Timeout to 30.00 seconds
08/27 12:52:38 [Client] CL:  Signon traffic "server":  incoming 18.751 KB [149 netframes], outgoing 2.493 KB [149 netframes]
08/27 12:52:38 **** Panel GraphPersonalNWButton has fill-parent-flow for width, but isn't in a flowing right layout
08/27 12:52:38 **** Panel  has fill-parent-flow for width, but isn't in a flowing right layout
08/27 12:52:38 **** Panel  has fill-parent-flow for width, but isn't in a flowing right layout
08/27 12:52:38 **** Panel  has fill-parent-flow for width, but isn't in a flowing right layout
08/27 12:52:38 **** Panel  has fill-parent-flow for width, but isn't in a flowing right layout
08/27 12:52:38 **** Panel  has fill-parent-flow for width, but isn't in a flowing right layout
08/27 12:52:38 [ResourceSystem] Failed loading resource "panorama/images/items/dota_base_ability_png.vtex_c" (ERROR_FILEOPEN: File not found)
08/27 12:52:38 Job CDOTALeagueShared::Reload has spent >3.000ms without yielding: 3.845ms
08/27 12:52:38 [Networking] Pshe @ loopback:0:  NetChan Setting Timeout to 20.00 seconds
08/27 12:52:38 [GCClient] Send msg 8800 (k_EMsgClientToGCGetAvailablePrivateCoachingSessionsSummary), 17 bytes
08/27 12:52:38 [GCClient] Send msg 9107 (k_EMsgClientToGCGetEventRanking), 24 bytes
08/27 12:52:38 [GCClient] Send msg 8673 (k_EMsgClientToGCRequestGuildData), 19 bytes
08/27 12:52:38 [GCClient] Send msg 8034 (k_EMsgClientToGCGetProfileCardStats), 17 bytes
08/27 12:52:38 [GCClient] Recv msg 7198 (k_EMsgGCMatchmakingStatsResponse), 310 bytes
08/27 12:52:38 [GCClient] Recv msg 8801 (k_EMsgClientToGCGetAvailablePrivateCoachingSessionsSummaryResponse), 23 bytes
08/27 12:52:38 [GCClient] Recv msg 9108 (k_EMsgClientToGCGetEventRankingResponse), 38 bytes
08/27 12:52:39 [GCClient] Recv msg 8674 (k_EMsgClientToGCRequestGuildDataResponse), 19 bytes
08/27 12:52:39 [GCClient] Recv msg 8035 (k_EMsgClientToGCGetProfileCardStatsResponse), 69 bytes
08/27 12:52:39 Encountered unrecognized client entity in portrait map - env_deferred_spot_light
08/27 12:52:39 [ResourceSystem] WARNING: RESOURCE_TYPE_MATERIAL resource 'materials/stickers/season_13/players/materials/sticker_13_321580662_3_cmat.vmat' (C46C2E3D2C15ECA4) requested but is not in the system. (Missing from from a manifest?)
08/27 12:52:39 [ResourceSystem] WARNING: RESOURCE_TYPE_MATERIAL resource 'materials/stickers/season_13/teams/materials/sticker_13_7119388_2_cmat.vmat' (14089A9A2B30A2F4) requested but is not in the system. (Missing from from a manifest?)
08/27 12:52:39 [ResourceSystem] WARNING: RESOURCE_TYPE_MATERIAL resource 'materials/stickers/season_13/players/materials/sticker_13_218231587_1_cmat.vmat' (C08E9E53128B0A98) requested but is not in the system. (Missing from from a manifest?)
08/27 12:52:39 [ResourceSystem] WARNING: RESOURCE_TYPE_MATERIAL resource 'materials/stickers/season_13/players/materials/sticker_13_847565596_0_cmat.vmat' (9383D76A7325589B) requested but is not in the system. (Missing from from a manifest?)
08/27 12:52:41 [MaterialSystem] materials/models/items/bristleback/bristlebot/dark_carnival_bristlebot_goo_proj_ball.vmat Shader: spring_meteor.vfx attribute 'DepthPassBatchID' set in mode 'DotaForward' does not match value set in another mode 1 != 0.
08/27 12:52:41 [MaterialSystem] materials/models/items/bristleback/bristlebot/dark_carnival_bristlebot_goo_proj_ball.vmat Shader: spring_meteor.vfx attribute 'DepthPassBatchID' set in mode 'DotaForward' does not match value set in another mode 0 != 1.
08/27 12:52:41 [MaterialSystem] materials/models/items/bristleback/bristlebot/dark_carnival_bristlebot_goo_proj_ball.vmat Shader: spring_meteor.vfx attribute 'DepthPassBatchID' set in mode 'Depth' does not match value set in another mode 1 != 0.
08/27 12:52:41 [MaterialSystem] materials/models/items/bristleback/bristlebot/dark_carnival_bristlebot_goo_proj_ball.vmat Shader: spring_meteor.vfx attribute 'DepthPassBatchID' set in mode 'Default' does not match value set in another mode 0 != 1.
08/27 12:53:39 [GCClient] Send msg 7197 (k_EMsgGCMatchmakingStatsRequest), 8 bytes
08/27 12:53:39 [GCClient] Recv msg 7198 (k_EMsgGCMatchmakingStatsResponse), 308 bytes
08/27 12:54:40 [GCClient] Send msg 7197 (k_EMsgGCMatchmakingStatsRequest), 8 bytes
08/27 12:54:41 [GCClient] Recv msg 7198 (k_EMsgGCMatchmakingStatsResponse), 308 bytes
08/27 12:55:41 [GCClient] Send msg 7197 (k_EMsgGCMatchmakingStatsRequest), 8 bytes
08/27 12:55:41 [GCClient] Recv msg 7198 (k_EMsgGCMatchmakingStatsResponse), 308 bytes
08/27 12:55:43 [GCClient] Send msg 4523 (k_EMsgClientToGCAggregateMetrics), 31 bytes
08/27 12:56:42 [GCClient] Send msg 7197 (k_EMsgGCMatchmakingStatsRequest), 8 bytes
08/27 12:56:43 [GCClient] Recv msg 7198 (k_EMsgGCMatchmakingStatsResponse), 310 bytes
08/27 12:57:38 [GCClient] Send msg 9107 (k_EMsgClientToGCGetEventRanking), 24 bytes
08/27 12:57:38 [GCClient] Recv msg 9108 (k_EMsgClientToGCGetEventRankingResponse), 38 bytes
08/27 12:57:43 [GCClient] Send msg 7197 (k_EMsgGCMatchmakingStatsRequest), 8 bytes
08/27 12:57:43 [GCClient] Recv msg 7198 (k_EMsgGCMatchmakingStatsResponse), 308 bytes
08/27 12:58:44 [GCClient] Send msg 7197 (k_EMsgGCMatchmakingStatsRequest), 8 bytes
08/27 12:58:45 [GCClient] Recv msg 7198 (k_EMsgGCMatchmakingStatsResponse), 310 bytes
08/27 12:59:45 [GCClient] Send msg 7197 (k_EMsgGCMatchmakingStatsRequest), 8 bytes
08/27 12:59:45 [GCClient] Recv msg 7198 (k_EMsgGCMatchmakingStatsResponse), 310 bytes
08/27 13:00:20 [GCClient] Send msg 8673 (k_EMsgClientToGCRequestGuildData), 19 bytes
08/27 13:00:21 [GCClient] Recv msg 8674 (k_EMsgClientToGCRequestGuildDataResponse), 19 bytes
08/27 13:00:46 [GCClient] Send msg 7197 (k_EMsgGCMatchmakingStatsRequest), 8 bytes
08/27 13:00:47 [GCClient] Recv msg 7198 (k_EMsgGCMatchmakingStatsResponse), 310 bytes
08/27 13:01:25 [SteamNetSockets] Certificate expires in 46h45m at 1787996791 (current time 1787828485), will renew in 44h45m
08/27 13:01:47 [GCClient] Send msg 7197 (k_EMsgGCMatchmakingStatsRequest), 8 bytes
08/27 13:01:47 [GCClient] Recv msg 7198 (k_EMsgGCMatchmakingStatsResponse), 310 bytes
08/27 13:02:38 [GCClient] Send msg 9107 (k_EMsgClientToGCGetEventRanking), 24 bytes
08/27 13:02:38 [GCClient] Recv msg 9108 (k_EMsgClientToGCGetEventRankingResponse), 38 bytes
08/27 13:02:48 [GCClient] Send msg 7197 (k_EMsgGCMatchmakingStatsRequest), 8 bytes
08/27 13:02:48 [GCClient] Recv msg 7198 (k_EMsgGCMatchmakingStatsResponse), 310 bytes
08/27 13:03:49 [GCClient] Send msg 7197 (k_EMsgGCMatchmakingStatsRequest), 8 bytes
08/27 13:03:50 [GCClient] Recv msg 7198 (k_EMsgGCMatchmakingStatsResponse), 308 bytes
08/27 13:04:13 [GCClient] Recv msg 7273 (k_EMsgGCChatMessage), 115 bytes
08/27 13:04:50 [GCClient] Send msg 7197 (k_EMsgGCMatchmakingStatsRequest), 8 bytes
08/27 13:04:50 [GCClient] Recv msg 7198 (k_EMsgGCMatchmakingStatsResponse), 308 bytes
08/27 13:05:51 [GCClient] Send msg 7197 (k_EMsgGCMatchmakingStatsRequest), 8 bytes
08/27 13:05:52 [GCClient] Recv msg 7198 (k_EMsgGCMatchmakingStatsResponse), 310 bytes
08/27 13:06:52 [GCClient] Send msg 7197 (k_EMsgGCMatchmakingStatsRequest), 8 bytes
08/27 13:06:52 [GCClient] Recv msg 7198 (k_EMsgGCMatchmakingStatsResponse), 310 bytes
08/27 13:07:38 [GCClient] Send msg 9107 (k_EMsgClientToGCGetEventRanking), 24 bytes
08/27 13:07:38 [GCClient] Recv msg 9108 (k_EMsgClientToGCGetEventRankingResponse), 38 bytes
08/27 13:07:53 [GCClient] Send msg 7197 (k_EMsgGCMatchmakingStatsRequest), 8 bytes
08/27 13:07:54 [GCClient] Recv msg 7198 (k_EMsgGCMatchmakingStatsResponse), 310 bytes
08/27 13:08:54 [GCClient] Send msg 7197 (k_EMsgGCMatchmakingStatsRequest), 8 bytes
08/27 13:08:54 [GCClient] Recv msg 7198 (k_EMsgGCMatchmakingStatsResponse), 310 bytes
08/27 13:09:55 [GCClient] Send msg 7197 (k_EMsgGCMatchmakingStatsRequest), 8 bytes
08/27 13:09:56 [GCClient] Recv msg 7198 (k_EMsgGCMatchmakingStatsResponse), 310 bytes
08/27 13:10:56 [GCClient] Send msg 7197 (k_EMsgGCMatchmakingStatsRequest), 8 bytes
08/27 13:10:56 [GCClient] Recv msg 7198 (k_EMsgGCMatchmakingStatsResponse), 310 bytes
08/27 13:11:25 [SteamNetSockets] Certificate expires in 46h35m at 1787996791 (current time 1787829085), will renew in 44h35m
08/27 13:11:57 [GCClient] Send msg 7197 (k_EMsgGCMatchmakingStatsRequest), 8 bytes
08/27 13:11:58 [GCClient] Recv msg 7198 (k_EMsgGCMatchmakingStatsResponse), 308 bytes
08/27 13:12:38 [GCClient] Send msg 9107 (k_EMsgClientToGCGetEventRanking), 24 bytes
08/27 13:12:39 [GCClient] Recv msg 9108 (k_EMsgClientToGCGetEventRankingResponse), 38 bytes
08/27 13:12:58 [GCClient] Send msg 7197 (k_EMsgGCMatchmakingStatsRequest), 8 bytes
08/27 13:12:58 [GCClient] Recv msg 7198 (k_EMsgGCMatchmakingStatsResponse), 308 bytes
08/27 13:13:59 [GCClient] Send msg 7197 (k_EMsgGCMatchmakingStatsRequest), 8 bytes
08/27 13:13:59 [GCClient] Recv msg 7198 (k_EMsgGCMatchmakingStatsResponse), 310 bytes
