08/29 18:24:57 +++ CSODOTALobby.lobby_id: 29996979552868468
08/29 18:24:57 +++ CSODOTALobby.all_members[0]: id: 76561198099231940
08/29 18:24:57 +++ CSODOTALobby.all_members[0]: team: DOTA_GC_TEAM_PLAYER_POOL
08/29 18:24:57 +++ CSODOTALobby.all_members[0]: slot: 0
08/29 18:24:57 +++ CSODOTALobby.all_members[0]: leaver_status: DOTA_LEAVER_DISCONNECTED
08/29 18:24:57 +++ CSODOTALobby.member_indices[0]: 0
08/29 18:24:57 +++ CSODOTALobby.leader_id: 76561198099231940
08/29 18:24:57 +++ CSODOTALobby.server_id: 90291809535578118
08/29 18:24:57 +++ CSODOTALobby.game_mode: 21
08/29 18:24:57 +++ CSODOTALobby.state: SERVERSETUP
08/29 18:24:57 +++ CSODOTALobby.lobby_type: PRACTICE
08/29 18:24:57 +++ CSODOTALobby.allow_cheats: true
08/29 18:24:57 +++ CSODOTALobby.fill_with_bots: true
08/29 18:24:57 +++ CSODOTALobby.game_name: "228"
08/29 18:24:57 +++ CSODOTALobby.team_details[0]: team_complete: false
08/29 18:24:57 +++ CSODOTALobby.team_details[1]: team_complete: false
08/29 18:24:57 +++ CSODOTALobby.server_region: 0
08/29 18:24:57 +++ CSODOTALobby.cm_pick: DOTA_CM_RANDOM
08/29 18:24:57 +++ CSODOTALobby.match_id: 8972598364
08/29 18:24:57 +++ CSODOTALobby.allow_spectating: false
08/29 18:24:57 +++ CSODOTALobby.bot_difficulty_radiant: BOT_DIFFICULTY_HARD
08/29 18:24:57 +++ CSODOTALobby.leagueid: 0
08/29 18:24:57 +++ CSODOTALobby.penalty_level_radiant: 0
08/29 18:24:57 +++ CSODOTALobby.penalty_level_dire: 0
08/29 18:24:57 +++ CSODOTALobby.series_type: 0
08/29 18:24:57 +++ CSODOTALobby.radiant_series_wins: 0
08/29 18:24:57 +++ CSODOTALobby.dire_series_wins: 0
08/29 18:24:57 +++ CSODOTALobby.allchat: false
08/29 18:24:57 +++ CSODOTALobby.dota_tv_delay: LobbyDotaTV_10
08/29 18:24:57 +++ CSODOTALobby.lan: true
08/29 18:24:57 +++ CSODOTALobby.extra_messages[0]: id: 8821
08/29 18:24:57 +++ CSODOTALobby.extra_messages[0]: contents: "\010\000"
08/29 18:24:57 +++ CSODOTALobby.visibility: DOTALobbyVisibility_Unlisted
08/29 18:24:57 +++ CSODOTALobby.previous_match_override: 0
08/29 18:24:57 +++ CSODOTALobby.game_start_time: 1788020698
08/29 18:24:57 +++ CSODOTALobby.pause_setting: LobbyDotaPauseSetting_Unlimited
08/29 18:24:57 +++ CSODOTALobby.bot_difficulty_dire: BOT_DIFFICULTY_HARD
08/29 18:24:57 +++ CSODOTALobby.bot_radiant: 1
08/29 18:24:57 +++ CSODOTALobby.bot_dire: 1
08/29 18:24:57 +++ CSODOTALobby.selection_priority_rules: k_DOTASelectionPriorityRules_Manual
08/29 18:24:57 +++ CSODOTALobby.current_primary_event: EVENT_ID_DARK_CARNIVAL
08/29 18:24:57 +++ CSODOTALobby.current_primary_event_for_display: EVENT_ID_DARK_CARNIVAL
08/29 18:24:57 +++ CSODOTALobby.league_node_id: 0
08/29 18:24:57 +++ CSODOTALobby.league_phase: 0
08/29 18:24:57 +++ CSODOTALobby.with_scenario_save: false
08/29 18:24:57 +++ CSODOTALobby.lobby_creation_time: 1788020689
08/29 18:24:57 [Server] CDOTA_PlayerResource::FlushPlayerResourceRequests::<lambda_1>::operator (): results {
  account_id: 138966212
  low_priority: false
  is_new_player: false
  is_guide_player: false
  comm_level: 7
  behavior_level: 4
}

08/29 18:24:57 CGCJobRequestBatchPlayerResourcesResponse: Received 1 account resources.
08/29 18:24:57 [Server] CGCJobRequestBatchPlayerResourcesResponse: Received 1 account resources.
08/29 18:24:57 [Server] PR:SetCommLevel 10:[U:1:138966212] Comms Level 7
08/29 18:24:57 [Server] PR:SetBehaviorLevel 10:[U:1:138966212] Behavior Level 4
08/29 18:24:57 [Server] CDOTA_PlayerResource: Initializing from lobby (secondary), player SteamID 76561198099231940 gcteam 4 slot 0 preferred PlayerID 10
08/29 18:24:57 [Server] ActivateServerFromLobby - IsLan: YES, IsDedicatedServer: NO
08/29 18:24:57 [Server] PR:SetPlayerName 10:[U:1:138966212] "Pshe"
08/29 18:24:57 [Server] PlayerID 10 [U:1:138966212] team 1 input slot -1
08/29 18:24:57 [Server] PlayerID 10 [U:1:138966212] assigned to team 1 on slot -1
08/29 18:24:57 [Server] PR:SetPlusSubscriptionStatus 10:[U:1:138966212] IsPlusSubscriber:No
08/29 18:24:57 [Server] PR:SetWasMVPLastGame 10:[U:1:138966212] WasMVPLastGame:No
08/29 18:24:57 [Server] PR:SetFavoriteTeamPacked 10:[U:1:138966212] unFavTeamPacked:0
08/29 18:24:57 SetLiveSpectatorDetails -1 1
08/29 18:24:57 S:Gamerules: entering state 'DOTA_GAMERULES_STATE_INIT'
08/29 18:24:57 [GCClient] Send msg 4506 (k_EMsgGCServerAvailable), 8 bytes
08/29 18:24:57 Server:  Running [10.0.6.10:27015]
08/29 18:24:57 Client:  Connected [127.0.0.1:27015] [last packet 0.030 sec ago]
08/29 18:24:57 [EngineServiceManager] ----- Status -----
08/29 18:24:57 [EngineServiceManager] @ Current  :  game
08/29 18:24:57 [HLTV Server] --- SourceTV[0] Status ---
08/29 18:24:57 [HLTV Server] Online 00:00, FPS 2.3, Version 10835 (Windows)
08/29 18:24:57 [HLTV Server] Master "SourceTV", delay 10, frames 1 / ticks 1
08/29 18:24:57 [HLTV Server] Game Time 00:10, Mod "dota", Map "start"
08/29 18:24:57 [HLTV Server] Local IP 10.0.6.10:27020, KB/sec In 0.0, Out 0.0
08/29 18:24:57 [HLTV Server] Local Slots 64, Spectators 0, Proxies 0
08/29 18:24:57 [HLTV Server] Total Slots 64, Spectators 0, Proxies 0
08/29 18:24:57 [HLTV Server] # userid name uniqueid connected ping loss state rate adr
08/29 18:24:57 [HLTV Server] #end
08/29 18:24:57 [GCClient] Recv msg 26 (k_ESOMsg_UpdateMultiple), 296 bytes
08/29 18:24:57 [Localization System] CLocalize::FindSafe failed to localize: 'invalid index'
08/29 18:24:57 [GCClient] Recv msg 26 (k_ESOMsg_UpdateMultiple), 333 bytes
08/29 18:24:57 WriteSteamRemoteStorageFileAsync( "scripts/dota_local_disk_lobby_data.txt" ) -> at 2506.810
08/29 18:24:57 Telling Steam not to update the app for the next 900 seconds
08/29 18:24:57 [Localization System] CLocalize::FindSafe failed to localize: 'invalid index'
08/29 18:24:57 [GCClient] Recv msg 26 (k_ESOMsg_UpdateMultiple), 299 bytes
08/29 18:24:57 +++ CSODOTALobby.first_blood_happened: false
08/29 18:24:57 [GCClient] Recv msg 26 (k_ESOMsg_UpdateMultiple), 333 bytes
08/29 18:24:57 --- CSODOTALobby.all_members[0]: leaver_status: DOTA_LEAVER_DISCONNECTED
08/29 18:24:57 --- CSODOTALobby.state: SERVERSETUP
08/29 18:24:57 +++ CSODOTALobby.state: RUN
08/29 18:24:57 +++ CSODOTALobby.connect: "46.247.137.51:27015 10.0.6.10:27015"
08/29 18:24:58 S:Gamerules: entering state 'DOTA_GAMERULES_STATE_WAIT_FOR_PLAYERS_TO_LOAD'
08/29 18:24:58 CDOTAGameRules::State_Enter_WAIT_FOR_PLAYERS_TO_LOAD: Loaded/expected players: 0/1
08/29 18:24:58 --- Sent CMsgGameServerInfo to GC
08/29 18:24:58 server_public_ip_addr: 787974451
server_private_ip_addr: 167773706
server_port: 27015
server_tv_port: 27020
server_key: ""
server_hibernation: false
server_type: GAME
server_region: 0
server_loadavg: 0.340297
server_tv_broadcast_time: 0.366666675
server_game_time: -45
relay_slots_max: 64
relays_connected: 0
relay_clients_connected: 0
tv_secret_code: 12342535051851029859
server_version: 6918
server_cluster: 0
assigned_server_tv_port: 27020
allow_custom_games: BOTH
build_version: 6918

08/29 18:24:58 ---
08/29 18:24:58 Sending CMsgConnectedPlayers for reason GAME_STATE.  Last send was 0.7s ago, urgency is 0.0s
08/29 18:24:58 game_state: DOTA_GAMERULES_STATE_WAIT_FOR_PLAYERS_TO_LOAD
first_blood_happened: false
send_reason: GAME_STATE
radiant_kills: 0
dire_kills: 0
radiant_lead: 0
building_state: 19138340

08/29 18:24:58 CDOTAGameRules::State_Think_WAIT_FOR_PLAYERS_TO_LOAD: Loaded/expected players: 0/1. m_waitingForPlayersState: 0
08/29 18:24:58 CDOTAGameRules::WaitForPlayersSuccess: Loaded/expected players: 1/1
08/29 18:24:58 S:Gamerules: WAIT_FOR_PLAYERS_TO_LOAD entering substate EWFPS_Success
08/29 18:24:58 CDOTAGameRules::State_Think_WAIT_FOR_PLAYERS_TO_LOAD: Loaded/expected players: 1/1. m_waitingForPlayersState: 1
08/29 18:24:58 [Localization System] CLocalize::FindSafe failed to localize: 'invalid index'
08/29 18:24:58 CAsyncWriteInProgress::OnComplete( "scripts/dota_local_disk_lobby_data.txt" ) -> Success at 2506.814
08/29 18:24:58 WriteSteamRemoteStorageFileAsync( "cfg/chat.cfg" ) -> at 2506.820
08/29 18:24:58 [GCClient] Send msg 7272 (k_EMsgGCLeaveChatChannel), 13 bytes
08/29 18:24:58 CAsyncWriteInProgress::OnComplete( "cfg/chat.cfg" ) -> Success at 2506.830
08/29 18:24:58 [GCClient] Send msg 4508 (k_EMsgGCGameServerInfo), 84 bytes
08/29 18:24:58 [GCClient] Send msg 7034 (k_EMsgGCConnectedPlayers), 25 bytes
08/29 18:24:58 CDOTAGameRules::State_Think_WAIT_FOR_PLAYERS_TO_LOAD: Loaded/expected players: 1/1. m_waitingForPlayersState: 1
08/29 18:24:58 [Client] source   : slot 0
08/29 18:24:58 [Client] version  : 48/48 10835 insecure  public
08/29 18:24:58 [Client] steamid  : [A:1:561958918:51180] (90291809535578118)
08/29 18:24:58 [Client] players  : 1 humans, 1 bots (0 max) (not hibernating) (unreserved)
08/29 18:24:58 [Client] ---------spawngroups----
08/29 18:24:58 [Client] loaded spawngroup(  1)  : SV:  [1: start | main lump | mapload]
08/29 18:24:58 [Client] ---------players--------
08/29 18:24:58 [Client]   id     time ping loss      state   rate name
08/29 18:24:58 [Client]    0    00:03    0    0     active  80000 'Pshe'
08/29 18:24:58 [Client]    1      BOT    0    0     active      0 'SourceTV'
08/29 18:24:58 [Client] Lobby MatchID: 8972598364
08/29 18:24:58 [Client]       ID: 006a92180e955874
08/29 18:24:58 [Client]       Type: PRACTICE
08/29 18:24:58 [Client]       State: RUN
08/29 18:24:58 [Client]       GameMode: DOTA_GAMEMODE_1V1MID
08/29 18:24:58 [Client] GameState: DOTA_GAMERULES_STATE_INIT Times: Transition=0.00 Current=10.40
08/29 18:24:58 [Client] #end
08/29 18:24:58 [Localization System] CLocalize::FindSafe failed to localize: 'invalid index'
08/29 18:24:58 C:Gamerules: entering state 'DOTA_GAMERULES_STATE_WAIT_FOR_PLAYERS_TO_LOAD'
08/29 18:24:58 C_DOTAGamerules::State_Enter_WAIT_FOR_PLAYERS_TO_LOAD: Loaded/expected players: 1/1
08/29 18:24:58 [Client] LoadingDisplay changed from LOADING to WAITING_FOR_PLAYERS (map="start")
08/29 18:24:58 [Client] CDOTA_Hud_Main::EventGameRulesStateChanged DOTA_GAMERULES_STATE_WAIT_FOR_PLAYERS_TO_LOAD
08/29 18:24:58 [Client] PregameHud - eGameState is now DOTA_GAMERULES_STATE_WAIT_FOR_PLAYERS_TO_LOAD
08/29 18:24:58 [Client] PregameHud - SetPreGameVisible 1
08/29 18:24:58 Job EconItemSearch has spent >3.000ms without yielding: 57.476ms
08/29 18:24:58 CDOTAGameRules::State_Think_WAIT_FOR_PLAYERS_TO_LOAD: Loaded/expected players: 1/1. m_waitingForPlayersState: 1
08/29 18:24:58 CDOTAGameRules::State_Think_WAIT_FOR_PLAYERS_TO_LOAD: Loaded/expected players: 1/1. m_waitingForPlayersState: 1
08/29 18:24:58 Job EconItemSearch has spent >3.000ms without yielding: 10.007ms
08/29 18:24:58 CDOTAGameRules::State_Think_WAIT_FOR_PLAYERS_TO_LOAD: Loaded/expected players: 1/1. m_waitingForPlayersState: 1
08/29 18:24:58 CDOTAGameRules::State_Think_WAIT_FOR_PLAYERS_TO_LOAD: Loaded/expected players: 1/1. m_waitingForPlayersState: 1
08/29 18:24:58 CDOTAGameRules::State_Think_WAIT_FOR_PLAYERS_TO_LOAD: Loaded/expected players: 1/1. m_waitingForPlayersState: 1
08/29 18:24:58 CDOTAGameRules::State_Think_WAIT_FOR_PLAYERS_TO_LOAD: Loaded/expected players: 1/1. m_waitingForPlayersState: 1
08/29 18:24:58 CDOTAGameRules::State_Think_WAIT_FOR_PLAYERS_TO_LOAD: Loaded/expected players: 1/1. m_waitingForPlayersState: 1
08/29 18:24:58 CDOTAGameRules::State_Think_WAIT_FOR_PLAYERS_TO_LOAD: Loaded/expected players: 1/1. m_waitingForPlayersState: 1
08/29 18:24:58 [WorldRenderer] CWorldRendererMgr::ServiceWorldRequests long frame: 47.678857ms
08/29 18:24:58 [GCClient] Recv msg 26 (k_ESOMsg_UpdateMultiple), 336 bytes
08/29 18:24:58 +++ CSODOTALobby.game_state: DOTA_GAMERULES_STATE_WAIT_FOR_PLAYERS_TO_LOAD
08/29 18:24:58 CDOTAGameRules::State_Think_WAIT_FOR_PLAYERS_TO_LOAD: Loaded/expected players: 1/1. m_waitingForPlayersState: 1
08/29 18:24:58 CDOTAGameRules::State_Think_WAIT_FOR_PLAYERS_TO_LOAD: Loaded/expected players: 1/1. m_waitingForPlayersState: 1
08/29 18:24:58 [WorldRenderer] CWorldRendererMgr::ServiceWorldRequests long frame: 51.962117ms
08/29 18:24:58 [GCClient] Recv msg 7014 (k_EMsgGCOtherLeftChannel), 26 bytes
08/29 18:24:58 CDOTAGameRules::State_Think_WAIT_FOR_PLAYERS_TO_LOAD: Loaded/expected players: 1/1. m_waitingForPlayersState: 1
08/29 18:24:58 CDOTAGameRules::State_Think_WAIT_FOR_PLAYERS_TO_LOAD: Loaded/expected players: 1/1. m_waitingForPlayersState: 1
08/29 18:24:58 CDOTAGameRules::State_Think_WAIT_FOR_PLAYERS_TO_LOAD: Loaded/expected players: 1/1. m_waitingForPlayersState: 1
08/29 18:24:58 CDOTAGameRules::State_Think_WAIT_FOR_PLAYERS_TO_LOAD: Loaded/expected players: 1/1. m_waitingForPlayersState: 1
08/29 18:24:58 CDOTAGameRules::State_Think_WAIT_FOR_PLAYERS_TO_LOAD: Loaded/expected players: 1/1. m_waitingForPlayersState: 1
08/29 18:24:58 CDOTAGameRules::State_Think_WAIT_FOR_PLAYERS_TO_LOAD: Loaded/expected players: 1/1. m_waitingForPlayersState: 1
08/29 18:24:58 CDOTAGameRules::State_Think_WAIT_FOR_PLAYERS_TO_LOAD: Loaded/expected players: 1/1. m_waitingForPlayersState: 1
08/29 18:24:58 CDOTAGameRules::State_Think_WAIT_FOR_PLAYERS_TO_LOAD: Loaded/expected players: 1/1. m_waitingForPlayersState: 1
08/29 18:24:59 CDOTAGameRules::State_Think_WAIT_FOR_PLAYERS_TO_LOAD: Loaded/expected players: 1/1. m_waitingForPlayersState: 1
08/29 18:24:59 CDOTAGameRules::State_Think_WAIT_FOR_PLAYERS_TO_LOAD: Loaded/expected players: 1/1. m_waitingForPlayersState: 1
08/29 18:24:59 CDOTAGameRules::State_Think_WAIT_FOR_PLAYERS_TO_LOAD: Loaded/expected players: 1/1. m_waitingForPlayersState: 1
08/29 18:24:59 [WorldRenderer] CWorldRendererMgr::ServiceWorldRequests long frame: 47.436537ms
08/29 18:24:59 CDOTAGameRules::State_Think_WAIT_FOR_PLAYERS_TO_LOAD: Loaded/expected players: 1/1. m_waitingForPlayersState: 1
08/29 18:24:59 CDOTAGameRules::State_Think_WAIT_FOR_PLAYERS_TO_LOAD: Loaded/expected players: 1/1. m_waitingForPlayersState: 1
08/29 18:24:59 [WorldRenderer] CWorldRendererMgr::ServiceWorldRequests long frame: 48.548769ms
08/29 18:24:59 CDOTAGameRules::State_Think_WAIT_FOR_PLAYERS_TO_LOAD: Loaded/expected players: 1/1. m_waitingForPlayersState: 1
08/29 18:24:59 CDOTAGameRules::State_Think_WAIT_FOR_PLAYERS_TO_LOAD: Loaded/expected players: 1/1. m_waitingForPlayersState: 1
08/29 18:24:59 CDOTAGameRules::State_Think_WAIT_FOR_PLAYERS_TO_LOAD: Loaded/expected players: 1/1. m_waitingForPlayersState: 1
08/29 18:24:59 CDOTAGameRules::State_Think_WAIT_FOR_PLAYERS_TO_LOAD: Loaded/expected players: 1/1. m_waitingForPlayersState: 1
08/29 18:24:59 CDOTAGameRules::State_Think_WAIT_FOR_PLAYERS_TO_LOAD: Loaded/expected players: 1/1. m_waitingForPlayersState: 1
08/29 18:24:59 S:Gamerules: entering state 'DOTA_GAMERULES_STATE_CUSTOM_GAME_SETUP'
08/29 18:24:59 S:Gamerules: entering state 'DOTA_GAMERULES_STATE_PLAYER_DRAFT'
08/29 18:24:59 ClientPutInServer create new player controller [1 (Bot)]
08/29 18:24:59 [Server] CDOTA_PlayerResource: Adding player SteamID 0 to PlayerID 0 FakeClient=1, preferred PlayerID = 0
08/29 18:24:59 ClientPutInServer create new player controller [Gemini (Bot)]
08/29 18:24:59 [Server] CDOTA_PlayerResource: Adding player SteamID 0 to PlayerID 1 FakeClient=1, preferred PlayerID = 1
08/29 18:24:59 ClientPutInServer create new player controller [2 (Bot)]
08/29 18:24:59 [Server] CDOTA_PlayerResource: Adding player SteamID 0 to PlayerID 2 FakeClient=1, preferred PlayerID = 2
08/29 18:24:59 ClientPutInServer create new player controller [3 (Bot)]
08/29 18:24:59 [Server] CDOTA_PlayerResource: Adding player SteamID 0 to PlayerID 3 FakeClient=1, preferred PlayerID = 3
08/29 18:24:59 ClientPutInServer create new player controller [4 (Bot)]
08/29 18:24:59 [Server] CDOTA_PlayerResource: Adding player SteamID 0 to PlayerID 4 FakeClient=1, preferred PlayerID = 4
08/29 18:24:59 ClientPutInServer create new player controller [6 (Bot)]
08/29 18:24:59 [Server] CDOTA_PlayerResource: Adding player SteamID 0 to PlayerID 5 FakeClient=1, preferred PlayerID = 5
08/29 18:24:59 ClientPutInServer create new player controller [Grok (Bot)]
08/29 18:24:59 [Server] CDOTA_PlayerResource: Adding player SteamID 0 to PlayerID 6 FakeClient=1, preferred PlayerID = 6
08/29 18:24:59 ClientPutInServer create new player controller [7 (Bot)]
08/29 18:24:59 [Server] CDOTA_PlayerResource: Adding player SteamID 0 to PlayerID 7 FakeClient=1, preferred PlayerID = 7
08/29 18:24:59 ClientPutInServer create new player controller [8 (Bot)]
08/29 18:24:59 [Server] CDOTA_PlayerResource: Adding player SteamID 0 to PlayerID 8 FakeClient=1, preferred PlayerID = 8
08/29 18:24:59 ClientPutInServer create new player controller [9 (Bot)]
08/29 18:24:59 [Server] CDOTA_PlayerResource: Adding player SteamID 0 to PlayerID 9 FakeClient=1, preferred PlayerID = 9
08/29 18:24:59 S:Gamerules: entering state 'DOTA_GAMERULES_STATE_HERO_SELECTION'
08/29 18:24:59 SV: Started streaming map dota spawngroup 2
08/29 18:24:59 Muted Players: Send msg 8870 (k_EMsgServerToGCLobbyInitialized), 8 bytes
08/29 18:24:59 Starting replay recording in 10 seconds...
08/29 18:24:59 [Server] PR:SetSelectedHero 0:[I:0:0] npc_dota_hero_nevermore(11)
08/29 18:24:59 [Server] PR:SetSelectedHero 5:[I:0:0] npc_dota_hero_nevermore(11)
08/29 18:24:59 Sending CMsgConnectedPlayers for reason GAME_STATE.  Last send was 1.3s ago, urgency is 0.0s
08/29 18:24:59 game_state: DOTA_GAMERULES_STATE_HERO_SELECTION
first_blood_happened: false
send_reason: GAME_STATE
radiant_kills: 0
dire_kills: 0
radiant_lead: 0
building_state: 19138340

08/29 18:24:59 [GCClient] Send msg 7034 (k_EMsgGCConnectedPlayers), 25 bytes
08/29 18:24:59 [Server] PR:SetSelectedHero 1:[I:0:0] npc_dota_hero_nevermore(11)
08/29 18:24:59 [Server] PR:SetSelectedHero 6:[I:0:0] npc_dota_hero_nevermore(11)
08/29 18:24:59 [Server] PR:SetSelectedHero 2:[I:0:0] npc_dota_hero_nevermore(11)
08/29 18:24:59 [Server] PR:SetSelectedHero 7:[I:0:0] npc_dota_hero_nevermore(11)
08/29 18:24:59 [Server] PR:SetSelectedHero 3:[I:0:0] npc_dota_hero_nevermore(11)
08/29 18:24:59 [Server] PR:SetSelectedHero 8:[I:0:0] npc_dota_hero_nevermore(11)
08/29 18:24:59 [Server] PR:SetSelectedHero 4:[I:0:0] npc_dota_hero_nevermore(11)
08/29 18:24:59 [Server] PR:SetSelectedHero 9:[I:0:0] npc_dota_hero_nevermore(11)
08/29 18:24:59 [Localization System] CLocalize::FindSafe failed to localize: 'invalid index'
08/29 18:24:59 [Localization System] CLocalize::FindSafe failed to localize: 'invalid index'
08/29 18:24:59 [Localization System] CLocalize::FindSafe failed to localize: 'invalid index'
08/29 18:24:59 C:Gamerules: entering state 'DOTA_GAMERULES_STATE_HERO_SELECTION'
08/29 18:24:59 [Client] LoadingDisplay changed from WAITING_FOR_PLAYERS to NONE (map="start")
08/29 18:24:59 [Client] CDOTA_Hud_Main::EventGameRulesStateChanged DOTA_GAMERULES_STATE_HERO_SELECTION
08/29 18:24:59 [Client] PregameHud - eGameState is now DOTA_GAMERULES_STATE_HERO_SELECTION
08/29 18:24:59 S:Gamerules: entering state 'DOTA_GAMERULES_STATE_STRATEGY_TIME'
08/29 18:24:59 Sending CMsgConnectedPlayers for reason GAME_STATE.  Last send was 0.2s ago, urgency is 0.0s
08/29 18:24:59 game_state: DOTA_GAMERULES_STATE_STRATEGY_TIME
first_blood_happened: false
send_reason: GAME_STATE
radiant_kills: 0
dire_kills: 0
radiant_lead: 0
building_state: 19138340

08/29 18:24:59 [Client] PregameHud - bIsPreloading is now 0
08/29 18:24:59 [GCClient] Send msg 7034 (k_EMsgGCConnectedPlayers), 25 bytes
08/29 18:24:59 [Localization System] CLocalize::FindSafe failed to localize: 'invalid index'
08/29 18:24:59 C:Gamerules: entering state 'DOTA_GAMERULES_STATE_STRATEGY_TIME'
08/29 18:24:59 [Client] CDOTA_Hud_Main::EventGameRulesStateChanged DOTA_GAMERULES_STATE_STRATEGY_TIME
08/29 18:24:59 [Client] PregameHud - eGameState is now DOTA_GAMERULES_STATE_STRATEGY_TIME
08/29 18:24:59 [WorldRenderer] CWorldRendererMgr::ServiceWorldRequests long frame: 48.408799ms
08/29 18:24:59 [WorldRenderer] CWorldRendererMgr::ServiceWorldRequests long frame: 46.263154ms
08/29 18:24:59 [GCClient] Recv msg 26 (k_ESOMsg_UpdateMultiple), 336 bytes
08/29 18:24:59 [GCClient] Recv msg 26 (k_ESOMsg_UpdateMultiple), 336 bytes
08/29 18:24:59 --- CSODOTALobby.game_state: DOTA_GAMERULES_STATE_WAIT_FOR_PLAYERS_TO_LOAD
08/29 18:24:59 +++ CSODOTALobby.game_state: DOTA_GAMERULES_STATE_HERO_SELECTION
08/29 18:24:59 [GCClient] Recv msg 26 (k_ESOMsg_UpdateMultiple), 336 bytes
08/29 18:24:59 [Localization System] CLocalize::FindSafe failed to localize: 'invalid index'
08/29 18:24:59 [GCClient] Recv msg 26 (k_ESOMsg_UpdateMultiple), 336 bytes
08/29 18:24:59 --- CSODOTALobby.game_state: DOTA_GAMERULES_STATE_HERO_SELECTION
08/29 18:24:59 +++ CSODOTALobby.game_state: DOTA_GAMERULES_STATE_STRATEGY_TIME
08/29 18:24:59 [WorldRenderer] CWorldRendererMgr::ServiceWorldRequests long frame: 44.682910ms
08/29 18:25:00 [WorldRenderer] CWorldRendererMgr::ServiceWorldRequests long frame: 55.228004ms
08/29 18:25:00 [WorldRenderer] CWorldRendererMgr::ServiceWorldRequests long frame: 46.900105ms
08/29 18:25:00 [Server] Unable to load grid nav for world "prefabs/promotional_radiant_fountain"
08/29 18:25:00 [Server] Unable to load grid nav for world "prefabs/promotional_dire_fountain"
08/29 18:25:02 [Client] Unable to load grid nav for world "prefabs/promotional_radiant_fountain" (ERROR_FILEOPEN: File not found)
08/29 18:25:02 [Client] Unable to load grid nav for world "prefabs/promotional_dire_fountain" (ERROR_FILEOPEN: File not found)
08/29 18:25:02 [AnimResource]  models/effects/waterfall_02.vmdl : Animations loaded but no animation data found
08/29 18:25:03 [Server] ReconnectInfo established for playerid=9
08/29 18:25:03 [Server] PR:SetConnectionState 9:[I:0:0] DOTA_CONNECTION_STATE_UNKNOWN NETWORK_DISCONNECT_KICKED
08/29 18:25:03 Setting player 9 (Bot) to DOTA_LEAVER_DISCONNECTED
08/29 18:25:03 [Server] PR:SetSelectedHero 9:[I:0:0] (null)(0)
08/29 18:25:03 [Server] Cannot assign player to team 5, no space on team.
08/29 18:25:04 [Server] ReconnectInfo established for playerid=8
08/29 18:25:04 [Server] PR:SetConnectionState 8:[I:0:0] DOTA_CONNECTION_STATE_UNKNOWN NETWORK_DISCONNECT_KICKED
08/29 18:25:04 Setting player 8 (Bot) to DOTA_LEAVER_DISCONNECTED
08/29 18:25:04 [Server] PR:SetSelectedHero 8:[I:0:0] (null)(0)
08/29 18:25:04 [Server] Cannot assign player to team 5, no space on team.
08/29 18:25:05 [Server] ReconnectInfo established for playerid=7
08/29 18:25:05 [Server] PR:SetConnectionState 7:[I:0:0] DOTA_CONNECTION_STATE_UNKNOWN NETWORK_DISCONNECT_KICKED
08/29 18:25:05 Setting player 7 (Bot) to DOTA_LEAVER_DISCONNECTED
08/29 18:25:05 [Server] PR:SetSelectedHero 7:[I:0:0] (null)(0)
08/29 18:25:05 [Server] Cannot assign player to team 5, no space on team.
08/29 18:25:07 [Server] ReconnectInfo established for playerid=5
08/29 18:25:07 [Server] PR:SetConnectionState 5:[I:0:0] DOTA_CONNECTION_STATE_UNKNOWN NETWORK_DISCONNECT_KICKED
08/29 18:25:07 Setting player 6 (Bot) to DOTA_LEAVER_DISCONNECTED
08/29 18:25:07 [Server] PR:SetSelectedHero 5:[I:0:0] (null)(0)
08/29 18:25:07 [Server] Cannot assign player to team 5, no space on team.
08/29 18:25:07 [Client] CL:  AsyncUnloadSpawnGroup( CO-479 ) -- no such spawn group
08/29 18:25:08 [Server] ReconnectInfo established for playerid=4
08/29 18:25:08 [Server] PR:SetConnectionState 4:[I:0:0] DOTA_CONNECTION_STATE_UNKNOWN NETWORK_DISCONNECT_KICKED
08/29 18:25:08 Setting player 4 (Bot) to DOTA_LEAVER_DISCONNECTED
08/29 18:25:08 [Server] PR:SetSelectedHero 4:[I:0:0] (null)(0)
08/29 18:25:08 [Server] Cannot assign player to team 5, no space on team.
08/29 18:25:09 [HLTV Server] Recording SourceTV replay from HLTVServerAsync:
playdemo replays/auto-20260829-1825-start-Pshe.dem
08/29 18:25:10 [Server] ReconnectInfo established for playerid=3
08/29 18:25:10 [Server] PR:SetConnectionState 3:[I:0:0] DOTA_CONNECTION_STATE_UNKNOWN NETWORK_DISCONNECT_KICKED
08/29 18:25:10 Setting player 3 (Bot) to DOTA_LEAVER_DISCONNECTED
08/29 18:25:10 [Server] PR:SetSelectedHero 3:[I:0:0] (null)(0)
08/29 18:25:10 [Server] Cannot assign player to team 5, no space on team.
08/29 18:25:10 [Client] CL:  AsyncUnloadSpawnGroup( CO-472 ) -- no such spawn group
08/29 18:25:12 [Server] ReconnectInfo established for playerid=2
08/29 18:25:12 [Server] PR:SetConnectionState 2:[I:0:0] DOTA_CONNECTION_STATE_UNKNOWN NETWORK_DISCONNECT_KICKED
08/29 18:25:12 Setting player 2 (Bot) to DOTA_LEAVER_DISCONNECTED
08/29 18:25:12 [Server] PR:SetSelectedHero 2:[I:0:0] (null)(0)
08/29 18:25:12 [Server] Cannot assign player to team 5, no space on team.
08/29 18:25:13 [Server] ReconnectInfo established for playerid=0
08/29 18:25:13 [Server] PR:SetConnectionState 0:[I:0:0] DOTA_CONNECTION_STATE_UNKNOWN NETWORK_DISCONNECT_KICKED
08/29 18:25:13 Setting player 1 (Bot) to DOTA_LEAVER_DISCONNECTED
08/29 18:25:13 [Server] PR:SetSelectedHero 0:[I:0:0] (null)(0)
08/29 18:25:13 [Server] Cannot assign player to team 5, no space on team.
08/29 18:25:29 [Server] PR:SetSelectedHeroFacet 1:[I:0:0] (npc_dota_hero_nevermore:(null))
08/29 18:25:29 [Server] PR:SetSelectedHeroFacet 6:[I:0:0] (npc_dota_hero_nevermore:(null))
08/29 18:25:29 S:Gamerules: entering state 'DOTA_GAMERULES_STATE_TEAM_SHOWCASE'
08/29 18:25:29 Sending CMsgConnectedPlayers for reason GAME_STATE.  Last send was 30.0s ago, urgency is 0.0s
08/29 18:25:29 game_state: DOTA_GAMERULES_STATE_TEAM_SHOWCASE
first_blood_happened: false
send_reason: GAME_STATE
radiant_kills: 0
dire_kills: 0
radiant_lead: 0
building_state: 19138340

08/29 18:25:29 Player 0 is the econ owner for 'npc_dota_hero_nevermore' but has null econ inventory when checking by playerID.
08/29 18:25:29 [GCClient] Send msg 7034 (k_EMsgGCConnectedPlayers), 25 bytes
08/29 18:25:29 [ResourceSystem] Failed loading resource "particles/ability_modifier_placeholder/mask_of_madness_active.vpcf_c" (ERROR_FILEOPEN: File not found)
08/29 18:25:29 Player 0 is the econ owner for 'npc_dota_hero_nevermore' but has null econ inventory when checking by playerID.
08/29 18:25:29 [Localization System] CLocalize::FindSafe failed to localize: 'invalid index'
08/29 18:25:29 C:Gamerules: entering state 'DOTA_GAMERULES_STATE_TEAM_SHOWCASE'
08/29 18:25:29 [Client] CDOTA_Hud_Main::EventGameRulesStateChanged DOTA_GAMERULES_STATE_TEAM_SHOWCASE
08/29 18:25:29 [Client] PregameHud - eGameState is now DOTA_GAMERULES_STATE_TEAM_SHOWCASE
08/29 18:25:29 [Client] CL:  AsyncUnloadSpawnGroup( CO-474 ) -- no such spawn group
08/29 18:25:29 [Client] CL:  AsyncUnloadSpawnGroup( CO-475 ) -- no such spawn group
08/29 18:25:29 [Client] CL:  AsyncUnloadSpawnGroup( CO-476 ) -- no such spawn group
08/29 18:25:29 [Client] CL:  AsyncUnloadSpawnGroup( CO-477 ) -- no such spawn group
08/29 18:25:29 [Client] CL:  AsyncUnloadSpawnGroup( CO-473 ) -- no such spawn group
08/29 18:25:29 [ResourceSystem] Failed loading resource "materials/models/items/marci/marci_crystalline_dragon_shoulder/marci_crystalline_dragon_shoulder.vmat_c" (ERROR_FILEOPEN: File not found)
08/29 18:25:29 [GCClient] Recv msg 26 (k_ESOMsg_UpdateMultiple), 336 bytes
08/29 18:25:29 --- CSODOTALobby.game_state: DOTA_GAMERULES_STATE_STRATEGY_TIME
08/29 18:25:29 +++ CSODOTALobby.game_state: DOTA_GAMERULES_STATE_TEAM_SHOWCASE
08/29 18:25:45 S:Gamerules: entering state 'DOTA_GAMERULES_STATE_WAIT_FOR_MAP_TO_LOAD'
08/29 18:25:45 Sending CMsgConnectedPlayers for reason GAME_STATE.  Last send was 16.0s ago, urgency is 0.0s
08/29 18:25:45 game_state: DOTA_GAMERULES_STATE_WAIT_FOR_MAP_TO_LOAD
first_blood_happened: false
send_reason: GAME_STATE
radiant_kills: 0
dire_kills: 0
radiant_lead: 0
building_state: 19138340

08/29 18:25:45 [Server] Created physics for dota
08/29 18:25:45 [Server] 1736:bad_result_position::m_vecOrigin CNetworkOriginCellCoordQuantizedVector m_cellY cell -354 is outside of cell bounds (0->128) @(2560.000000 -107231.250000 0.000000)
08/29 18:25:45 [Entity System] Entity  [info_particle_system]: unrecognized parent "28818_riverflow_model"
08/29 18:25:45 [Entity System] Entity  [info_particle_system]: unrecognized parent "9072_riverflow_model"
08/29 18:25:45 Bot ward spot ward_spot_radiant_high_point_top not found in map; falling back to hardcoded location.
08/29 18:25:45 Bot ward spot ward_spot_dire_rune_bottom not found in map; falling back to hardcoded location.
08/29 18:25:45 Bot ward spot ward_spot_dire_high_point_top in an invalid location, this may cause bots to get stuck.
08/29 18:25:45 [GCClient] Send msg 7034 (k_EMsgGCConnectedPlayers), 25 bytes
08/29 18:25:45 S:Gamerules: entering state 'DOTA_GAMERULES_STATE_PRE_GAME'
08/29 18:25:45 m_flPreGameStartTime set to 57.63
08/29 18:25:45 m_flStateTransitionTime set to 147.63
08/29 18:25:45 --- Sent CMsgGameServerInfo to GC
08/29 18:25:45 server_public_ip_addr: 787974451
server_private_ip_addr: 167773706
server_port: 27015
server_tv_port: 27020
server_key: ""
server_hibernation: false
server_type: GAME
server_region: 0
server_loadavg: 0.393884838
server_tv_broadcast_time: 47.6000023
server_game_time: -90
relay_slots_max: 64
relays_connected: 0
relay_clients_connected: 0
tv_secret_code: 12342535051851029859
server_version: 6918
server_cluster: 0
assigned_server_tv_port: 27020
allow_custom_games: BOTH
build_version: 6918

08/29 18:25:45 ---
08/29 18:25:45 Sending CMsgConnectedPlayers for reason GAME_STATE.  Last send was 0.2s ago, urgency is 0.0s
08/29 18:25:45 game_state: DOTA_GAMERULES_STATE_PRE_GAME
first_blood_happened: false
send_reason: GAME_STATE
radiant_kills: 0
dire_kills: 0
radiant_lead: 0
building_state: 4784201

08/29 18:25:45 Height map file (maps/prefabs/promotional_radiant_fountain.vhcg) not found, this will make ground height traces more expensive! Recompile the map to generate a height map.
08/29 18:25:45 Height map file (maps/prefabs/promotional_dire_fountain.vhcg) not found, this will make ground height traces more expensive! Recompile the map to generate a height map.
08/29 18:25:45 CGameParticleManager::SetParticleControlEnt: Unable to lookup attachment "attach_hitloc" on model "" for entity "npc_dota_hero_nevermore"
08/29 18:25:45 [GCClient] Send msg 4508 (k_EMsgGCGameServerInfo), 84 bytes
08/29 18:25:45 [GCClient] Send msg 8744 (k_EMsgServerToGCGetGuildContracts), 17 bytes
08/29 18:25:45 [GCClient] Send msg 7034 (k_EMsgGCConnectedPlayers), 25 bytes
08/29 18:25:45 [Server] PR:GetSelectedHeroName called with bogus player id 5, ignoring
08/29 18:25:45 [Server] PR:GetSelectedHeroName called with bogus player id 7, ignoring
08/29 18:25:45 [Server] PR:GetSelectedHeroName called with bogus player id 8, ignoring
08/29 18:25:45 [Server] PR:GetSelectedHeroName called with bogus player id 9, ignoring
08/29 18:25:45 CGameParticleManager::SetParticleControlEnt: Unable to lookup attachment "attach_hitloc" on model "" for entity "npc_dota_hero_nevermore"
08/29 18:25:46 [Client] Created physics for dota
08/29 18:25:46 [Localization System] CLocalize::FindSafe failed to localize: 'invalid index'
08/29 18:25:46 C:Gamerules: entering state 'DOTA_GAMERULES_STATE_WAIT_FOR_MAP_TO_LOAD'
08/29 18:25:46 [Client] CDOTA_Hud_Main::EventGameRulesStateChanged DOTA_GAMERULES_STATE_WAIT_FOR_MAP_TO_LOAD
08/29 18:25:46 [Client] PregameHud - eGameState is now DOTA_GAMERULES_STATE_WAIT_FOR_MAP_TO_LOAD
08/29 18:25:46 [GCClient] Recv msg 26 (k_ESOMsg_UpdateMultiple), 336 bytes
08/29 18:25:46 --- CSODOTALobby.game_state: DOTA_GAMERULES_STATE_TEAM_SHOWCASE
08/29 18:25:46 +++ CSODOTALobby.game_state: DOTA_GAMERULES_STATE_WAIT_FOR_MAP_TO_LOAD
08/29 18:25:46 [GCClient] Recv msg 8745 (k_EMsgServerToGCGetGuildContractsResponse), 17 bytes
08/29 18:25:46 [Localization System] CLocalize::FindSafe failed to localize: 'invalid index'
08/29 18:25:46 [Localization System] CLocalize::FindSafe failed to localize: 'invalid index'
08/29 18:25:46 [Localization System] CLocalize::FindSafe failed to localize: 'AIB[R] role-pid=1 role-n=1 role-pos=2'
08/29 18:25:46 [Localization System] CLocalize::FindSafe failed to localize: 'AIB[R] build=87cf4c4'
08/29 18:25:46 [Localization System] CLocalize::FindSafe failed to localize: 'AIB[R] harass=0.65 farm=0.70 fwd=0.55 rune=0.60 retreat=0.55 exec=0.60 gank=0.20 push=0.60'
08/29 18:25:46 [Localization System] CLocalize::FindSafe failed to localize: 'AIB[R] defend=0.55 ward=0.50 roshan=0.50 dive=finish_only heal=active abil=aggressive cw=last_hit_only at=on_cooldown pgb=default ta=default'
08/29 18:25:46 [Localization System] CLocalize::FindSafe failed to localize: 'AIB[R] hero=default deny=default lowhp=regen_lane respawn=tp_to_lane'
08/29 18:25:46 [Localization System] CLocalize::FindSafe failed to localize: 'AIB[R] intent=damage-by-source family=other creep=0 tower=0 hero=0 mixed=0 death=0 other=0 stale=0 gaps=0'
08/29 18:25:46 [Localization System] CLocalize::FindSafe failed to localize: 'AIB[R] precreep-park=1'
08/29 18:25:46 [Localization System] CLocalize::FindSafe failed to localize: 'AIB[R] intent=tick-owner family=other stage=pregame'
08/29 18:25:46 [Localization System] CLocalize::FindSafe failed to localize: 'AIB[D] role-pid=6 role-n=5 role-pos=2'
08/29 18:25:46 [Localization System] CLocalize::FindSafe failed to localize: 'AIB[D] build=87cf4c4'
08/29 18:25:46 [Localization System] CLocalize::FindSafe failed to localize: 'AIB[D] harass=0.75 farm=0.65 fwd=0.65 rune=0.60 retreat=0.45 exec=0.55 gank=0.30 push=0.60'
08/29 18:25:46 [Localization System] CLocalize::FindSafe failed to localize: 'AIB[D] defend=0.60 ward=0.50 roshan=0.50 dive=finish_only heal=active abil=aggressive cw=push at=on_cooldown pgb=default ta=default'
08/29 18:25:46 [Localization System] CLocalize::FindSafe failed to localize: 'AIB[D] hero=always deny=always lowhp=regen_lane respawn=tp_to_lane'
08/29 18:25:46 [Localization System] CLocalize::FindSafe failed to localize: 'AIB[D] intent=damage-by-source family=other creep=0 tower=0 hero=0 mixed=0 death=0 other=0 stale=0 gaps=0'
08/29 18:25:46 [Localization System] CLocalize::FindSafe failed to localize: 'AIB[D] precreep-park=1'
08/29 18:25:46 [Localization System] CLocalize::FindSafe failed to localize: 'AIB[D] intent=tick-owner family=other stage=pregame'
08/29 18:25:46 C:Gamerules: entering state 'DOTA_GAMERULES_STATE_PRE_GAME'
08/29 18:25:46 Map is missing info_player_start_* entity for team 1.
08/29 18:25:46 [Client] CDOTA_Hud_Main::EventGameRulesStateChanged DOTA_GAMERULES_STATE_PRE_GAME
08/29 18:25:46 [Client] PregameHud - eGameState is now DOTA_GAMERULES_STATE_PRE_GAME
08/29 18:25:46 **** Panel Hint has fill-parent-flow for width, but isn't in a flowing right layout
08/29 18:25:46 [GCClient] Recv msg 26 (k_ESOMsg_UpdateMultiple), 336 bytes
08/29 18:25:46 --- CSODOTALobby.game_state: DOTA_GAMERULES_STATE_WAIT_FOR_MAP_TO_LOAD
08/29 18:25:46 +++ CSODOTALobby.game_state: DOTA_GAMERULES_STATE_PRE_GAME
08/29 18:25:46 [Localization System] CLocalize::FindSafe failed to localize: 'AIB[R] blocked=buy-loop reason=saving target=item_bottle head=item_bottle cost=675 gold=270 left=1'
08/29 18:25:46 [Localization System] CLocalize::FindSafe failed to localize: 'AIB[D] blocked=buy-loop reason=saving target=item_bottle head=item_bottle cost=675 gold=270 left=1'
08/29 18:25:51 [Client] PregameHud - SetPreGameVisible 0
08/29 18:25:58 [Localization System] CLocalize::FindSafe failed to localize: 'AIB[R] intent=tick-owner family=other stage=pregame'
08/29 18:25:58 [Localization System] CLocalize::FindSafe failed to localize: 'AIB[D] intent=tick-owner family=other stage=pregame'
08/29 18:25:59 [Localization System] CLocalize::FindSafe failed to localize: 'AIB[D] blocked=buy-loop reason=saving target=item_bottle head=item_bottle cost=675 gold=270 left=1'
08/29 18:25:59 [Localization System] CLocalize::FindSafe failed to localize: 'AIB[R] blocked=buy-loop reason=saving target=item_bottle head=item_bottle cost=675 gold=270 left=1'
08/29 18:26:00 [Localization System] CLocalize::FindSafe failed to localize: 'AIB[D] intent=damage-by-source family=other creep=0 tower=0 hero=0 mixed=0 death=0 other=0 stale=0 gaps=0'
08/29 18:26:00 [Localization System] CLocalize::FindSafe failed to localize: 'AIB[R] intent=damage-by-source family=other creep=0 tower=0 hero=0 mixed=0 death=0 other=0 stale=0 gaps=0'
08/29 18:26:04 [Localization System] CLocalize::FindSafe failed to localize: 'Welcome to Open Hyper AI (OHA): 0.7.41 - 2026/04/02'
08/29 18:26:06 [Localization System] CLocalize::FindSafe failed to localize: 'Welcome to Open Hyper AI (OHA): 0.7.41 - 2026/04/02'
08/29 18:26:10 [Localization System] CLocalize::FindSafe failed to localize: 'AIB[R] intent=tick-owner family=other stage=pregame'
08/29 18:26:10 [Localization System] CLocalize::FindSafe failed to localize: 'AIB[D] intent=tick-owner family=other stage=pregame'
08/29 18:26:11 [Localization System] CLocalize::FindSafe failed to localize: 'AIB[D] blocked=buy-loop reason=saving target=item_bottle head=item_bottle cost=675 gold=270 left=1'
08/29 18:26:11 [Localization System] CLocalize::FindSafe failed to localize: 'AIB[R] blocked=buy-loop reason=saving target=item_bottle head=item_bottle cost=675 gold=270 left=1'
08/29 18:26:15 [Localization System] CLocalize::FindSafe failed to localize: 'AIB[D] intent=damage-by-source family=other creep=0 tower=0 hero=0 mixed=0 death=0 other=0 stale=0 gaps=0'
08/29 18:26:16 [Localization System] CLocalize::FindSafe failed to localize: 'AIB[R] intent=damage-by-source family=other creep=0 tower=0 hero=0 mixed=0 death=0 other=0 stale=0 gaps=0'
08/29 18:26:23 [Localization System] CLocalize::FindSafe failed to localize: 'AIB[R] intent=tick-owner family=other stage=pregame'
08/29 18:26:23 [Localization System] CLocalize::FindSafe failed to localize: 'AIB[D] intent=tick-owner family=other stage=pregame'
08/29 18:26:23 [Localization System] CLocalize::FindSafe failed to localize: 'AIB[D] blocked=buy-loop reason=saving target=item_bottle head=item_bottle cost=675 gold=270 left=1'
08/29 18:26:23 [Localization System] CLocalize::FindSafe failed to localize: 'AIB[R] blocked=buy-loop reason=saving target=item_bottle head=item_bottle cost=675 gold=270 left=1'
08/29 18:26:31 [Localization System] CLocalize::FindSafe failed to localize: 'AIB[D] intent=damage-by-source family=other creep=0 tower=0 hero=0 mixed=0 death=0 other=0 stale=0 gaps=0'
08/29 18:26:31 [Localization System] CLocalize::FindSafe failed to localize: 'AIB[R] intent=damage-by-source family=other creep=0 tower=0 hero=0 mixed=0 death=0 other=0 stale=0 gaps=0'
08/29 18:26:35 [Localization System] CLocalize::FindSafe failed to localize: 'AIB[R] intent=tick-owner family=other stage=pregame'
08/29 18:26:35 [Localization System] CLocalize::FindSafe failed to localize: 'AIB[D] blocked=buy-loop reason=saving target=item_bottle head=item_bottle cost=675 gold=270 left=1'
08/29 18:26:35 [Localization System] CLocalize::FindSafe failed to localize: 'AIB[R] blocked=buy-loop reason=saving target=item_bottle head=item_bottle cost=675 gold=270 left=1'
08/29 18:26:35 [Localization System] CLocalize::FindSafe failed to localize: 'AIB[D] intent=tick-owner family=other stage=pregame'
08/29 18:26:45 [Localization System] CLocalize::FindSafe failed to localize: 'AIB[R] intent=rune-ground-truth family=rune id=0 status=2 t=-30'
08/29 18:26:45 [Localization System] CLocalize::FindSafe failed to localize: 'AIB[D] intent=rune-ground-truth family=rune id=0 status=2 t=-30'
08/29 18:26:46 [Localization System] CLocalize::FindSafe failed to localize: 'AIB[D] intent=damage-by-source family=other creep=0 tower=0 hero=0 mixed=0 death=0 other=0 stale=0 gaps=0'
08/29 18:26:46 [Localization System] CLocalize::FindSafe failed to localize: 'AIB[R] intent=damage-by-source family=other creep=0 tower=0 hero=0 mixed=0 death=0 other=0 stale=0 gaps=0'
08/29 18:26:47 [Localization System] CLocalize::FindSafe failed to localize: 'AIB[D] precreep-park-hold=7 precreep-park=185'
08/29 18:26:47 [Localization System] CLocalize::FindSafe failed to localize: 'AIB[R] precreep-park-hold=8 precreep-park=154'
08/29 18:26:47 [Localization System] CLocalize::FindSafe failed to localize: 'AIB[R] intent=tick-owner family=other stage=pregame'
08/29 18:26:48 [Localization System] CLocalize::FindSafe failed to localize: 'AIB[D] blocked=buy-loop reason=saving target=item_bottle head=item_bottle cost=675 gold=270 left=1'
08/29 18:26:48 [Localization System] CLocalize::FindSafe failed to localize: 'AIB[R] blocked=buy-loop reason=saving target=item_bottle head=item_bottle cost=675 gold=270 left=1'
08/29 18:26:48 [Localization System] CLocalize::FindSafe failed to localize: 'AIB[D] intent=tick-owner family=other stage=pregame'
08/29 18:27:00 [Localization System] CLocalize::FindSafe failed to localize: 'AIB[R] intent=tick-owner family=other stage=pregame'
08/29 18:27:00 [Localization System] CLocalize::FindSafe failed to localize: 'AIB[D] blocked=buy-loop reason=saving target=item_bottle head=item_bottle cost=675 gold=270 left=1'
08/29 18:27:00 [Localization System] CLocalize::FindSafe failed to localize: 'AIB[R] blocked=buy-loop reason=saving target=item_bottle head=item_bottle cost=675 gold=270 left=1'
08/29 18:27:00 [Localization System] CLocalize::FindSafe failed to localize: 'AIB[D] intent=tick-owner family=other stage=pregame'
08/29 18:27:01 [Localization System] CLocalize::FindSafe failed to localize: 'AIB[R] intent=damage-by-source family=other creep=0 tower=0 hero=0 mixed=0 death=0 other=0 stale=0 gaps=0'
08/29 18:27:01 [Localization System] CLocalize::FindSafe failed to localize: 'AIB[D] intent=damage-by-source family=other creep=0 tower=0 hero=0 mixed=0 death=0 other=0 stale=0 gaps=0'
08/29 18:27:12 [Localization System] CLocalize::FindSafe failed to localize: 'AIB[R] intent=tick-owner family=other stage=pregame'
08/29 18:27:12 [Localization System] CLocalize::FindSafe failed to localize: 'AIB[D] blocked=buy-loop reason=saving target=item_bottle head=item_bottle cost=675 gold=270 left=1'
08/29 18:27:12 [Localization System] CLocalize::FindSafe failed to localize: 'AIB[R] blocked=buy-loop reason=saving target=item_bottle head=item_bottle cost=675 gold=270 left=1'
08/29 18:27:12 [Localization System] CLocalize::FindSafe failed to localize: 'AIB[D] intent=tick-owner family=other stage=pregame'
08/29 18:27:15 S:Gamerules: entering state 'DOTA_GAMERULES_STATE_GAME_IN_PROGRESS'
08/29 18:27:15 m_flGameStartTime set to 147.63
08/29 18:27:15 Sending CMsgConnectedPlayers for reason GAME_STATE.  Last send was 90.0s ago, urgency is 0.0s
08/29 18:27:15 game_state: DOTA_GAMERULES_STATE_GAME_IN_PROGRESS
first_blood_happened: false
send_reason: GAME_STATE
radiant_kills: 0
dire_kills: 0
radiant_lead: 0
building_state: 4784201

08/29 18:27:15 [GCClient] Send msg 7034 (k_EMsgGCConnectedPlayers), 25 bytes
08/29 18:27:15 [Localization System] CLocalize::FindSafe failed to localize: 'invalid index'
08/29 18:27:15 [Localization System] CLocalize::FindSafe failed to localize: 'AIB[D] t=0s hp=100% gold=271 loc=170,299 lh=0 dn=0 dg=+0 dlh=+0 bottle=-1 lvl=1 front=8620 ehp=-1'
08/29 18:27:15 [Localization System] CLocalize::FindSafe failed to localize: 'AIB[D] intent=state-post-horn-reset family=state reason=laning-start'
08/29 18:27:15 [Localization System] CLocalize::FindSafe failed to localize: 'AIB[D] intent=tick-owner family=other stage=laning-core'
08/29 18:27:15 C:Gamerules: entering state 'DOTA_GAMERULES_STATE_GAME_IN_PROGRESS'
08/29 18:27:15 [Client] CDOTA_Hud_Main::EventGameRulesStateChanged DOTA_GAMERULES_STATE_GAME_IN_PROGRESS
08/29 18:27:15 [Client] CDOTA_Hud_Main::DeleteGameEndScreen deleted GameEndContainer
08/29 18:27:15 --- Sent CMsgGameServerInfo to GC
08/29 18:27:15 server_public_ip_addr: 787974451
server_private_ip_addr: 167773706
server_port: 27015
server_tv_port: 27020
server_key: ""
server_hibernation: false
server_type: GAME
server_region: 0
server_loadavg: 0.231593043
server_tv_broadcast_time: 137.666672
server_game_time: 0.0333251953
relay_slots_max: 64
relays_connected: 0
relay_clients_connected: 0
tv_secret_code: 12342535051851029859
server_version: 6918
server_cluster: 0
assigned_server_tv_port: 27020
allow_custom_games: BOTH
build_version: 6918

08/29 18:27:15 ---
08/29 18:27:15 [GCClient] Send msg 4508 (k_EMsgGCGameServerInfo), 84 bytes
08/29 18:27:15 [Localization System] CLocalize::FindSafe failed to localize: 'AIB[R] t=0s hp=100% gold=271 loc=-1190,-1055 lh=0 dn=0 dg=+0 dlh=+0 bottle=-1 lvl=1 front=7078 ehp=-1'
08/29 18:27:15 [Localization System] CLocalize::FindSafe failed to localize: 'AIB[R] intent=state-post-horn-reset family=state reason=laning-start'
08/29 18:27:15 [Localization System] CLocalize::FindSafe failed to localize: 'AIB[R] intent=tick-owner family=other stage=laning-core'
08/29 18:27:15 [Server] PR:IncrementIdleTime 1:[I:0:0] 63.77
08/29 18:27:15 [Server] PR:IncrementIdleTime 6:[I:0:0] 58.97
08/29 18:27:16 [GCClient] Recv msg 26 (k_ESOMsg_UpdateMultiple), 336 bytes
08/29 18:27:16 --- CSODOTALobby.game_state: DOTA_GAMERULES_STATE_PRE_GAME
08/29 18:27:16 +++ CSODOTALobby.game_state: DOTA_GAMERULES_STATE_GAME_IN_PROGRESS
08/29 18:27:16 [Localization System] CLocalize::FindSafe failed to localize: 'AIB[R] intent=damage-by-source family=other creep=0 tower=0 hero=0 mixed=0 death=0 other=0 stale=0 gaps=0'
08/29 18:27:16 [Localization System] CLocalize::FindSafe failed to localize: 'AIB[D] intent=damage-by-source family=other creep=0 tower=0 hero=0 mixed=0 death=0 other=0 stale=0 gaps=0'
08/29 18:27:17 [Localization System] CLocalize::FindSafe failed to localize: 'AIB[R] blocked=precreep-engage reason=no_licence pregame=default'
08/29 18:27:17 [Localization System] CLocalize::FindSafe failed to localize: 'AIB[D] intent=state-prewave-duel family=safety ttl=2 dist=882 hp=100'
08/29 18:27:17 [Localization System] CLocalize::FindSafe failed to localize: 'AIB[D] intent=tick-owner family=other stage=laning-core'
08/29 18:27:18 [Localization System] CLocalize::FindSafe failed to localize: 'AIB[R] intent=tick-owner family=other stage=laning-core'
08/29 18:27:19 [Localization System] CLocalize::FindSafe failed to localize: 'AIB[D] intent=state-prewave-duel family=safety ttl=2 dist=719 hp=90'
08/29 18:27:19 [Localization System] CLocalize::FindSafe failed to localize: 'AIB[D] intent=tick-owner family=other stage=laning-core'
08/29 18:27:20 [Localization System] CLocalize::FindSafe failed to localize: 'AIB[R] intent=tick-owner family=other stage=laning-core'
08/29 18:27:20 [Localization System] CLocalize::FindSafe failed to localize: 'AIB[D] blocked=buy-loop reason=saving target=item_bottle head=item_bottle cost=675 gold=278 left=1'
08/29 18:27:20 [Localization System] CLocalize::FindSafe failed to localize: 'AIB[R] blocked=buy-loop reason=saving target=item_bottle head=item_bottle cost=675 gold=278 left=1'
08/29 18:27:20 [Localization System] CLocalize::FindSafe failed to localize: 'AIB[D] t=5s hp=84% gold=278 loc=-385,-254 enemy-dist=556 lh=0 dn=0 dg=+7 dlh=+0 bottle=-1 lvl=1 front=8620 ehp=90'
08/29 18:27:21 [Localization System] CLocalize::FindSafe failed to localize: 'AIB[R] t=5s hp=91% gold=278 loc=-777,-648 enemy-dist=556 lh=0 dn=0 dg=+7 dlh=+0 bottle=-1 lvl=1 front=7078 ehp=84'
08/29 18:27:21 [Localization System] CLocalize::FindSafe failed to localize: 'AIB[D] intent=state-prewave-duel family=safety ttl=2 dist=556 hp=78'
08/29 18:27:22 [Localization System] CLocalize::FindSafe failed to localize: 'AIB[D] intent=tick-owner family=other stage=laning-core'
08/29 18:27:22 [Localization System] CLocalize::FindSafe failed to localize: 'AIB[R] intent=tick-owner family=other stage=laning-core'
08/29 18:27:23 [Localization System] CLocalize::FindSafe failed to localize: 'AIB[D] intent=state-prewave-duel family=safety ttl=2 dist=556 hp=66'
08/29 18:27:24 [Localization System] CLocalize::FindSafe failed to localize: 'AIB[D] intent=tick-owner family=other stage=laning-core'
08/29 18:27:24 [Localization System] CLocalize::FindSafe failed to localize: 'AIB[R] intent=tick-owner family=other stage=laning-core'
08/29 18:27:25 [Localization System] CLocalize::FindSafe failed to localize: 'AIB[D] t=10s hp=60% gold=286 loc=-385,-254 enemy-dist=556 lh=0 dn=0 dg=+8 dlh=+0 bottle=-1 lvl=1 front=8620 ehp=66'
08/29 18:27:25 [Localization System] CLocalize::FindSafe failed to localize: 'AIB[D] intent=state-prewave-duel family=safety ttl=2 dist=556 hp=60'
08/29 18:27:25 [Localization System] CLocalize::FindSafe failed to localize: 'AIB[R] t=10s hp=66% gold=286 loc=-777,-648 enemy-dist=556 lh=0 dn=0 dg=+8 dlh=+0 bottle=-1 lvl=1 front=7078 ehp=60'
08/29 18:27:26 [Localization System] CLocalize::FindSafe failed to localize: 'AIB[D] intent=tick-owner family=other stage=laning-core'
08/29 18:27:26 [Localization System] CLocalize::FindSafe failed to localize: 'AIB[R] intent=tick-owner family=other stage=laning-core'
08/29 18:27:28 [Localization System] CLocalize::FindSafe failed to localize: 'AIB[D] intent=state-prewave-duel family=safety ttl=2 dist=556 hp=48'
08/29 18:27:28 [Localization System] CLocalize::FindSafe failed to localize: 'AIB[D] intent=tick-owner family=other stage=laning-core'
08/29 18:27:28 [Localization System] CLocalize::FindSafe failed to localize: 'AIB[R] blocked=precreep-engage reason=no_licence pregame=default'
08/29 18:27:28 [Localization System] CLocalize::FindSafe failed to localize: 'AIB[R] intent=tick-owner family=other stage=laning-core'
08/29 18:27:28 [Localization System] CLocalize::FindSafe failed to localize: 'AIB[D] blocked=buy-loop reason=saving target=item_bottle head=item_bottle cost=675 gold=290 left=1'
08/29 18:27:28 [Localization System] CLocalize::FindSafe failed to localize: 'AIB[R] blocked=buy-loop reason=saving target=item_bottle head=item_bottle cost=675 gold=290 left=1'
08/29 18:27:30 [Localization System] CLocalize::FindSafe failed to localize: 'AIB[D] intent=state-prewave-duel family=safety ttl=2 dist=556 hp=35'
08/29 18:27:30 [Localization System] CLocalize::FindSafe failed to localize: 'AIB[D] intent=tick-owner family=other stage=laning-core'
08/29 18:27:30 [Localization System] CLocalize::FindSafe failed to localize: 'AIB[R] intent=tick-owner family=other stage=laning-core'
08/29 18:27:31 [Localization System] CLocalize::FindSafe failed to localize: 'AIB[R] t=15s hp=48% gold=293 loc=-777,-648 enemy-dist=556 lh=0 dn=0 dg=+7 dlh=+0 bottle=-1 lvl=1 front=7306 ehp=36'
08/29 18:27:31 [Localization System] CLocalize::FindSafe failed to localize: 'AIB[D] t=15s hp=36% gold=293 loc=-385,-254 enemy-dist=556 lh=0 dn=0 dg=+7 dlh=+0 bottle=-1 lvl=1 front=8685 ehp=48'
08/29 18:27:31 [Localization System] CLocalize::FindSafe failed to localize: 'AIB[R] intent=damage-by-source family=other creep=0 tower=0 hero=331 mixed=0 death=0 other=0 stale=0 gaps=0'
08/29 18:27:31 [Localization System] CLocalize::FindSafe failed to localize: 'AIB[D] intent=recovery-policy family=recover action=recover hp=30 gate=35 source=early-low'
08/29 18:27:31 [Localization System] CLocalize::FindSafe failed to localize: 'AIB[D] intent=damage-by-source family=other creep=0 tower=0 hero=440 mixed=0 death=0 other=0 stale=0 gaps=0'
08/29 18:27:32 [Localization System] CLocalize::FindSafe failed to localize: 'AIB[D] intent=state-prewave-duel family=safety ttl=2 dist=556 hp=45'
08/29 18:27:32 [Localization System] CLocalize::FindSafe failed to localize: 'AIB[D] intent=tick-owner family=other stage=laning-core'
08/29 18:27:32 [Localization System] CLocalize::FindSafe failed to localize: 'AIB[R] intent=state-prewave-duel family=safety ttl=2 phase=passive_defend dist=556 hp=43'
08/29 18:27:32 [Localization System] CLocalize::FindSafe failed to localize: 'AIB[R] intent=tick-owner family=other stage=laning-core'
08/29 18:27:32 [Localization System] CLocalize::FindSafe failed to localize: 'AIB[D] blocked=prewave-duel reason=too_far dist=627'
08/29 18:27:32 [Localization System] CLocalize::FindSafe failed to localize: 'AIB[D] blocked=precreep-engage reason=hp_below_trade_floor hp=38 dist=627'
08/29 18:27:33 [Localization System] CLocalize::FindSafe failed to localize: 'AIB[D] blocked=safety-candidate reason=no_action_capped hp=39 score=44'
08/29 18:27:33 [Localization System] CLocalize::FindSafe failed to localize: 'AIB[D] intent=state-desire-recover family=state base=74 danger=28 hp=39 reason=hp_gate score=102'
08/29 18:27:33 [Localization System] CLocalize::FindSafe failed to localize: 'AIB[D] intent=recovery-policy family=recover action=recover hp=39 gate=55 source=lane-low'
08/29 18:27:33 [Localization System] CLocalize::FindSafe failed to localize: 'AIB[D] intent=recovery-plan family=recover action=back reason=post_fight_regen hp=39'
08/29 18:27:33 [Localization System] CLocalize::FindSafe failed to localize: 'AIB[D] intent=state-recover-xp family=state ttl=5 reason=post_fight_regen hp=39 dist=400'
08/29 18:27:33 [Localization System] CLocalize::FindSafe failed to localize: 'AIB[D] intent=recovery-owner family=recover band=soft threat=true mode=safe-step hp=39'
08/29 18:27:33 [Localization System] CLocalize::FindSafe failed to localize: 'AIB[D] intent=top-arbiter family=state winner=recover:102 losers=safe-cs:56,hero-over-creep:52,idle-heal:46,emergency-retreat:45,fwd-pullback:44'
08/29 18:27:34 [Localization System] CLocalize::FindSafe failed to localize: 'AIB[D] intent=tick-owner family=other stage=laning-core'
08/29 18:27:34 [Localization System] CLocalize::FindSafe failed to localize: 'AIB[R] intent=tick-owner family=other stage=laning-core'
08/29 18:27:34 [Localization System] CLocalize::FindSafe failed to localize: 'AIB[D] blocked=recover-candidate reason=no_action_capped hp=39 score=44'
08/29 18:27:34 [Localization System] CLocalize::FindSafe failed to localize: 'AIB[D] blocked=hero-over-creep reason=no_target'
08/29 18:27:36 [Localization System] CLocalize::FindSafe failed to localize: 'AIB[R] t=20s hp=45% gold=301 loc=-1075,-741 enemy-dist=1492 lh=0 dn=0 dg=+8 dlh=+0 bottle=-1 lvl=1 front=8531 ehp=40'
08/29 18:27:36 [Localization System] CLocalize::FindSafe failed to localize: 'AIB[D] t=20s hp=40% gold=301 loc=-215,479 enemy-dist=1492 lh=0 dn=0 dg=+8 dlh=+0 bottle=-1 lvl=1 front=9972 ehp=45'
08/29 18:27:36 [Localization System] CLocalize::FindSafe failed to localize: 'AIB[D] intent=tick-owner family=other stage=laning-core'
08/29 18:27:36 [Localization System] CLocalize::FindSafe failed to localize: 'AIB[R] intent=tick-owner family=other stage=laning-core'
08/29 18:27:36 [Localization System] CLocalize::FindSafe failed to localize: 'AIB[D] blocked=buy-loop reason=saving target=item_bottle head=item_bottle cost=675 gold=302 left=1'
08/29 18:27:36 [Localization System] CLocalize::FindSafe failed to localize: 'AIB[R] blocked=buy-loop reason=saving target=item_bottle head=item_bottle cost=675 gold=302 left=1'
08/29 18:27:38 [Localization System] CLocalize::FindSafe failed to localize: 'AIB[D] blocked=recover-candidate reason=no_action_capped hp=43 score=44'
08/29 18:27:38 [Localization System] CLocalize::FindSafe failed to localize: 'AIB[D] blocked=hero-over-creep reason=no_target'
08/29 18:27:38 [Localization System] CLocalize::FindSafe failed to localize: 'AIB[D] blocked=emergency-kill reason=no_target'
08/29 18:27:38 [Localization System] CLocalize::FindSafe failed to localize: 'AIB[D] intent=recovery-owner family=recover band=soft threat=false mode=back hp=43'
08/29 18:27:38 [Localization System] CLocalize::FindSafe failed to localize: 'AIB[D] intent=top-arbiter family=state winner=low-hp-hold:43.2 losers=safe-cs:56,hero-over-creep:52,idle-heal:46,emergency-retreat:45,fwd-pullback:44'
08/29 18:27:38 [Localization System] CLocalize::FindSafe failed to localize: 'AIB[D] intent=tick-owner family=other stage=laning-core'
08/29 18:27:38 [Localization System] CLocalize::FindSafe failed to localize: 'AIB[R] intent=tick-owner family=other stage=laning-core'
08/29 18:27:38 [Localization System] CLocalize::FindSafe failed to localize: 'AIB[D] blocked=uphill-repo reason=motor_busy'
08/29 18:27:38 [Localization System] CLocalize::FindSafe failed to localize: 'AIB[D] blocked=harass reason=regen_wanted'
08/29 18:27:38 [Localization System] CLocalize::FindSafe failed to localize: 'AIB[D] blocked=ability-harass reason=nothing_castable'
08/29 18:27:38 [Localization System] CLocalize::FindSafe failed to localize: 'AIB[D] intent=melee-pack-space family=safety count=2 dist=181'
08/29 18:27:39 [Localization System] CLocalize::FindSafe failed to localize: 'AIB[D] blocked=uphill-repo reason=no_reposition'
08/29 18:27:39 [Localization System] CLocalize::FindSafe failed to localize: 'AIB[D] intent=top-arbiter family=state winner=creep-work:38.6 losers=safe-cs:56,hero-over-creep:52,idle-heal:46,emergency-retreat:45,fwd-pullback:44'
08/29 18:27:39 [Localization System] CLocalize::FindSafe failed to localize: 'AIB[R] blocked=hero-over-creep reason=no_target'
08/29 18:27:39 [Localization System] CLocalize::FindSafe failed to localize: 'AIB[R] blocked=emergency-kill reason=no_target'
08/29 18:27:39 [Localization System] CLocalize::FindSafe failed to localize: 'AIB[R] blocked=uphill-repo reason=not_trading'
08/29 18:27:39 [Localization System] CLocalize::FindSafe failed to localize: 'AIB[R] blocked=harass reason=no_target'
08/29 18:27:39 [Localization System] CLocalize::FindSafe failed to localize: 'AIB[R] blocked=ability-harass reason=nothing_castable'
08/29 18:27:39 [Localization System] CLocalize::FindSafe failed to localize: 'AIB[R] intent=top-arbiter family=state winner=wave-watch:10 losers=safe-cs:56,hero-over-creep:52,idle-heal:46,emergency-retreat:45,fwd-pullback:44'
08/29 18:27:40 [Localization System] CLocalize::FindSafe failed to localize: 'AIB[R] intent=melee-pack-space family=safety count=3 dist=214'
08/29 18:27:40 [Localization System] CLocalize::FindSafe failed to localize: 'AIB[D] intent=state-prewave-duel family=safety ttl=2 dist=839 hp=47'
08/29 18:27:40 [Localization System] CLocalize::FindSafe failed to localize: 'AIB[D] intent=tick-owner family=other stage=laning-core'
08/29 18:27:40 [Localization System] CLocalize::FindSafe failed to localize: 'AIB[R] blocked=fight-candidate reason=no_action_capped hp=51 score=40'
08/29 18:27:40 [Localization System] CLocalize::FindSafe failed to localize: 'AIB[R] intent=recovery-plan family=recover action=buy_flask reason=critical hp=51 gold=308 count=1'
08/29 18:27:40 [Localization System] CLocalize::FindSafe failed to localize: 'AIB[R] intent=tick-owner family=other stage=desire/creep-work reason=ready score=39 band=lanework'
08/29 18:27:41 [Localization System] CLocalize::FindSafe failed to localize: 'AIB[R] t=25s hp=52% gold=209 loc=-810,-609 enemy-dist=775 lh=0 dn=0 dg=-92 dlh=+0 bottle=-1 lvl=1 front=8531 ehp=48'
08/29 18:27:41 [Localization System] CLocalize::FindSafe failed to localize: 'AIB[D] t=25s hp=48% gold=309 loc=-216,-74 enemy-dist=799 lh=0 dn=0 dg=+8 dlh=+0 bottle=-1 lvl=1 front=9972 ehp=52'
08/29 18:27:41 [Localization System] CLocalize::FindSafe failed to localize: 'AIB[R] intent=top-arbiter family=state winner=wave-watch:10 losers=safe-cs:56,hero-over-creep:52,idle-heal:46,emergency-retreat:45,fwd-pullback:44'
08/29 18:27:42 [Localization System] CLocalize::FindSafe failed to localize: 'AIB[D] intent=state-prewave-duel family=safety ttl=2 dist=765 hp=50'
08/29 18:27:42 [Localization System] CLocalize::FindSafe failed to localize: 'AIB[D] intent=tick-owner family=other stage=laning-core'
08/29 18:27:42 [Localization System] CLocalize::FindSafe failed to localize: 'AIB[R] intent=tick-owner family=other stage=laning-core'
08/29 18:27:42 [Localization System] CLocalize::FindSafe failed to localize: 'AIB[R] blocked=hero-over-creep reason=no_target'
08/29 18:27:42 [Localization System] CLocalize::FindSafe failed to localize: 'AIB[R] blocked=emergency-kill reason=no_target'
08/29 18:27:42 [Localization System] CLocalize::FindSafe failed to localize: 'AIB[R] blocked=harass reason=no_target'
08/29 18:27:42 [Localization System] CLocalize::FindSafe failed to localize: 'AIB[R] blocked=ability-harass reason=nothing_castable'
08/29 18:27:43 [Localization System] CLocalize::FindSafe failed to localize: 'AIB[R] intent=top-arbiter family=state winner=wave-watch:10 losers=safe-cs:56,hero-over-creep:52,idle-heal:46,emergency-retreat:45,fwd-pullback:44'
08/29 18:27:43 [Localization System] CLocalize::FindSafe failed to localize: 'AIB[R] blocked=visual-hold reason=hero_in_range held=2.0 hp=55 repeat=1 hard=false'
08/29 18:27:44 [Localization System] CLocalize::FindSafe failed to localize: 'AIB[D] intent=state-prewave-duel family=safety ttl=2 dist=570 hp=54'
08/29 18:27:44 [Localization System] CLocalize::FindSafe failed to localize: 'AIB[D] intent=tick-owner family=other stage=laning-core'
08/29 18:27:44 [Localization System] CLocalize::FindSafe failed to localize: 'AIB[R] intent=tick-owner family=other stage=laning-core'
08/29 18:27:45 [Localization System] CLocalize::FindSafe failed to localize: 'AIB[D] blocked=buy-loop reason=saving target=item_bottle head=item_bottle cost=675 gold=315 left=1'
08/29 18:27:45 [Localization System] CLocalize::FindSafe failed to localize: 'AIB[R] blocked=buy-loop reason=saving target=item_bottle head=item_bottle cost=675 gold=215 left=1'
08/29 18:27:46 [Localization System] CLocalize::FindSafe failed to localize: 'AIB[R] t=30s hp=50% gold=216 loc=-694,-511 enemy-dist=570 lh=0 dn=1 dg=+7 dlh=+0 bottle=-1 lvl=1 front=8583 ehp=44'
08/29 18:27:46 [Localization System] CLocalize::FindSafe failed to localize: 'AIB[D] t=31s hp=44% gold=316 loc=-264,-136 enemy-dist=570 lh=0 dn=0 dg=+7 dlh=+0 bottle=-1 lvl=1 front=10198 ehp=50'
08/29 18:27:46 [Localization System] CLocalize::FindSafe failed to localize: 'AIB[D] intent=state-prewave-duel family=safety ttl=2 dist=570 hp=44'
08/29 18:27:46 [Localization System] CLocalize::FindSafe failed to localize: 'AIB[D] intent=tick-owner family=other stage=laning-core'
08/29 18:27:46 [Localization System] CLocalize::FindSafe failed to localize: 'AIB[R] intent=damage-by-source family=other creep=21 tower=0 hero=438 mixed=0 death=0 other=0 stale=0 gaps=0'
08/29 18:27:46 [Localization System] CLocalize::FindSafe failed to localize: 'AIB[R] intent=state-prewave-duel family=safety ttl=2 phase=passive_defend dist=570 hp=44'
08/29 18:27:46 [Localization System] CLocalize::FindSafe failed to localize: 'AIB[D] intent=damage-by-source family=other creep=0 tower=0 hero=550 mixed=0 death=0 other=0 stale=0 gaps=0'
08/29 18:27:46 [Localization System] CLocalize::FindSafe failed to localize: 'AIB[R] intent=state-desire-last-hit family=farm dist=162 reason=killable_creep score=140'
08/29 18:27:46 [Localization System] CLocalize::FindSafe failed to localize: 'AIB[R] intent=top-arbiter family=state winner=last-hit:140 losers=fight:116,safety:116,recover:60,safe-cs:56,hero-over-creep:52'
08/29 18:27:46 [Localization System] CLocalize::FindSafe failed to localize: 'AIB[R] intent=tick-owner family=other stage=desire/last-hit dist=162 reason=killable_creep score=140'
08/29 18:27:47 [Localization System] CLocalize::FindSafe failed to localize: 'AIB[R] intent=state-desire-safety family=state base=108 creep_dmg=8 hp=41 creep=true hero=true reason=recent_damage score=116'
08/29 18:27:47 [Localization System] CLocalize::FindSafe failed to localize: 'AIB[R] blocked=creep-hit-react reason=inside_melee_pack count=3 dist=129 hp=41'
08/29 18:27:47 [Localization System] CLocalize::FindSafe failed to localize: 'AIB[R] intent=creep-hit-react family=safety dist=129 hp=41 hits=1 reason=edge_attack'
08/29 18:27:47 [Localization System] CLocalize::FindSafe failed to localize: 'AIB[R] creep-hit-react-step=1 deny-act-atk=4 deny-act=4 deny-cand-doomed=2 deny-cand-tanky=4 fwd-suppressed-creep=1 fwd-suppressed-hero=1 fwd-suppressed-tower=1 killwin-scan=210 lane-line-suppressed-heal=1 lane-line-suppressed-lowhp=1 last-hit-urgent=3 melee-pack-release=1 melee-pack-space=1 precreep-anchor=49 precreep-hold=3 precreep-park-hold=13 precreep-park=154 precreep-space=2 prewave-defend=2 prewave-free-hit=87 recovery-buy=1 recovery-enemy-near=18 uphill-void-under-fire=5 visual-hold-lane=1 wave-watch=1'
08/29 18:27:47 [Localization System] CLocalize::FindSafe failed to localize: 'AIB[R] blocked=safety-candidate reason=no_action_capped hp=42 score=44'
08/29 18:27:47 [Localization System] CLocalize::FindSafe failed to localize: 'AIB[R] intent=state-desire-fight family=state base=78 execute=20 dist=839 hp=42 ehp=42 reason=enemy_seen score=98'
08/29 18:27:47 [Localization System] CLocalize::FindSafe failed to localize: 'AIB[R] blocked=ability-pressure reason=nothing_castable'
08/29 18:27:47 [Localization System] CLocalize::FindSafe failed to localize: 'AIB[R] blocked=creep-aggro reason=hero_trading hp=42 hits=1'
08/29 18:27:47 [Localization System] CLocalize::FindSafe failed to localize: 'AIB[R] intent=arbiter family=fight winner=creep-aggro:95 losers=hero-pass:60'
08/29 18:27:47 [Localization System] CLocalize::FindSafe failed to localize: 'AIB[R] intent=creep-aggro family=safety hp=42 dest=-1296,-1161 reason=recent_creep_damage'
08/29 18:27:47 [Localization System] CLocalize::FindSafe failed to localize: 'AIB[R] intent=state-desire-recover family=state base=74 danger=28 creep_dmg=-14 hp=40 reason=hp_gate score=88'
08/29 18:27:47 [Localization System] CLocalize::FindSafe failed to localize: 'AIB[R] intent=recovery-policy family=recover action=recover hp=40 gate=55 source=lane-low'
08/29 18:27:47 [Localization System] CLocalize::FindSafe failed to localize: 'AIB[R] blocked=recover-candidate reason=no_action_capped hp=55 score=44'
08/29 18:27:47 [Localization System] CLocalize::FindSafe failed to localize: 'AIB[R] blocked=hero-over-creep reason=no_target'
08/29 18:27:47 [Localization System] CLocalize::FindSafe failed to localize: 'AIB[R] blocked=emergency-kill reason=no_target'
08/29 18:27:47 [Localization System] CLocalize::FindSafe failed to localize: 'AIB[R] blocked=uphill-repo reason=no_reposition'
08/29 18:27:47 [Localization System] CLocalize::FindSafe failed to localize: 'AIB[R] intent=melee-pack-space family=safety count=2 dist=250'
08/29 18:27:48 [Localization System] CLocalize::FindSafe failed to localize: 'AIB[R] blocked=harass reason=no_target'
08/29 18:27:48 [Localization System] CLocalize::FindSafe failed to localize: 'AIB[R] blocked=ability-harass reason=nothing_castable'
08/29 18:27:48 [Localization System] CLocalize::FindSafe failed to localize: 'AIB[R] intent=top-arbiter family=state winner=wave-watch:10 losers=hero-over-creep:52,idle-heal:46,emergency-retreat:45,fwd-pullback:44,emergency-kill:43.5'
08/29 18:27:48 [Localization System] CLocalize::FindSafe failed to localize: 'AIB[R] intent=tick-owner family=other stage=laning-core'
08/29 18:27:48 [Localization System] CLocalize::FindSafe failed to localize: 'AIB[D] blocked=recover-candidate reason=no_action_capped hp=44 score=44'
08/29 18:27:48 [Localization System] CLocalize::FindSafe failed to localize: 'AIB[D] blocked=hero-over-creep reason=no_target'
08/29 18:27:48 [Localization System] CLocalize::FindSafe failed to localize: 'AIB[D] blocked=emergency-kill reason=no_target'
08/29 18:27:48 [Localization System] CLocalize::FindSafe failed to localize: 'AIB[D] blocked=uphill-repo reason=no_reposition'
08/29 18:27:48 [Localization System] CLocalize::FindSafe failed to localize: 'AIB[D] blocked=harass reason=regen_wanted'
08/29 18:27:48 [Localization System] CLocalize::FindSafe failed to localize: 'AIB[D] blocked=ability-harass reason=nothing_castable'
08/29 18:27:48 [Localization System] CLocalize::FindSafe failed to localize: 'AIB[D] cs-wait=1 cw-push=4 fwd-suppressed-motor=1 fwd-suppressed-tower=1 heal-item=1 hero-prio-chase=1 killwin-scan=218 lane-line-suppressed-lowhp=1 low-hp-limit=1 melee-pack-release=1 melee-pack-space=1 precreep-anchor=29 precreep-hold=2 precreep-park-hold=12 precreep-park=185 precreep-space=4 prewave-duel-approach=31 prewave-duel-trade=92 recover-xp=1 recovery-regen=1 recovery-tango=1 wave-watch=1'
08/29 18:27:48 [Localization System] CLocalize::FindSafe failed to localize: 'AIB[D] intent=wave-watch-work family=other lh=0 idle=10 creep_hp=245 dist=613'
08/29 18:27:48 [Localization System] CLocalize::FindSafe failed to localize: 'AIB[D] intent=top-arbiter family=state winner=wave-watch:10 losers=safe-cs:56,hero-over-creep:52,idle-heal:46,emergency-retreat:45,fwd-pullback:44'
08/29 18:27:48 [Localization System] CLocalize::FindSafe failed to localize: 'AIB[D] intent=tick-owner family=other stage=desire/wave-watch reason=ready score=10 band=idle'
08/29 18:27:49 [Localization System] CLocalize::FindSafe failed to localize: 'AIB[D] intent=melee-pack-space family=safety count=2 dist=131'
08/29 18:27:49 [Localization System] CLocalize::FindSafe failed to localize: 'AIB[R] intent=melee-pack-space family=safety count=2 dist=125'
08/29 18:27:49 [Localization System] CLocalize::FindSafe failed to localize: 'AIB[R] intent=top-arbiter family=state winner=wave-watch:10 losers=hero-over-creep:52,idle-heal:46,emergency-retreat:45,fwd-pullback:44,emergency-kill:43.5'
08/29 18:27:50 [Localization System] CLocalize::FindSafe failed to localize: 'AIB[D] blocked=harass reason=no_target'
08/29 18:27:50 [Localization System] CLocalize::FindSafe failed to localize: 'AIB[D] intent=top-arbiter family=state winner=creep-work:38.6 losers=safe-cs:56,hero-over-creep:52,idle-heal:46,emergency-retreat:45,fwd-pullback:44'
08/29 18:27:50 [Localization System] CLocalize::FindSafe failed to localize: 'AIB[R] blocked=hero-over-creep reason=no_target'
08/29 18:27:50 [Localization System] CLocalize::FindSafe failed to localize: 'AIB[R] blocked=emergency-kill reason=no_target'
08/29 18:27:50 [Localization System] CLocalize::FindSafe failed to localize: 'AIB[R] blocked=uphill-repo reason=no_reposition'
08/29 18:27:50 [Localization System] CLocalize::FindSafe failed to localize: 'AIB[R] intent=tick-owner family=other stage=laning-core'
08/29 18:27:51 [Localization System] CLocalize::FindSafe failed to localize: 'AIB[R] blocked=harass reason=no_target'
08/29 18:27:51 [Localization System] CLocalize::FindSafe failed to localize: 'AIB[R] blocked=ability-harass reason=nothing_castable'
08/29 18:27:51 [Localization System] CLocalize::FindSafe failed to localize: 'AIB[D] intent=tick-owner family=other stage=laning-core'
08/29 18:27:51 [Localization System] CLocalize::FindSafe failed to localize: 'AIB[R] t=35s hp=61% gold=262 loc=-1046,-927 lh=1 dn=1 dg=+46 dlh=+1 bottle=-1 lvl=1 front=8916 ehp=-1'
08/29 18:27:51 [Localization System] CLocalize::FindSafe failed to localize: 'AIB[D] t=36s hp=49% gold=324 loc=126,233 lh=0 dn=0 dg=+8 dlh=+0 bottle=-1 lvl=1 front=10366 ehp=-1'
08/29 18:27:51 [Localization System] CLocalize::FindSafe failed to localize: 'AIB[R] intent=top-arbiter family=state winner=wave-watch:10 losers=hero-over-creep:52,idle-heal:46,emergency-retreat:45,fwd-pullback:44,emergency-kill:43.5'
08/29 18:27:51 [Localization System] CLocalize::FindSafe failed to localize: 'AIB[D] blocked=hero-over-creep reason=no_target'
08/29 18:27:51 [Localization System] CLocalize::FindSafe failed to localize: 'AIB[D] blocked=emergency-kill reason=no_target'
08/29 18:27:51 [Localization System] CLocalize::FindSafe failed to localize: 'AIB[D] blocked=uphill-repo reason=no_reposition'
08/29 18:27:51 [Localization System] CLocalize::FindSafe failed to localize: 'AIB[D] intent=top-arbiter family=state winner=creep-work:38.6 losers=safe-cs:56,hero-over-creep:52,idle-heal:46,emergency-retreat:45,fwd-pullback:44'
08/29 18:27:52 [Localization System] CLocalize::FindSafe failed to localize: 'AIB[R] blocked=visual-hold reason=creep_in_range held=2.1 hp=62 repeat=1 hard=false'
08/29 18:27:52 [Server] PR:IncrementIdleTime 1:[I:0:0] 2.00
08/29 18:27:53 [Localization System] CLocalize::FindSafe failed to localize: 'AIB[R] intent=top-arbiter family=state winner=visual-hold:20 losers=hero-over-creep:52,idle-heal:46,emergency-retreat:45,fwd-pullback:44,emergency-kill:43.5'
08/29 18:27:53 [Localization System] CLocalize::FindSafe failed to localize: 'AIB[R] intent=tick-owner family=other stage=laning-core'
08/29 18:27:53 [Localization System] CLocalize::FindSafe failed to localize: 'AIB[D] intent=tick-owner family=other stage=laning-core'
08/29 18:27:53 [Localization System] CLocalize::FindSafe failed to localize: 'AIB[D] intent=top-arbiter family=state winner=idle-heal:46 losers=safe-cs:56,hero-over-creep:52,emergency-retreat:45,fwd-pullback:44,emergency-kill:43.5'
08/29 18:27:53 [Localization System] CLocalize::FindSafe failed to localize: 'AIB[D] blocked=buy-loop reason=saving target=item_bottle head=item_bottle cost=675 gold=327 left=1'
08/29 18:27:53 [Localization System] CLocalize::FindSafe failed to localize: 'AIB[R] blocked=buy-loop reason=saving target=item_bottle head=item_bottle cost=675 gold=265 left=1'
08/29 18:27:53 [Localization System] CLocalize::FindSafe failed to localize: 'AIB[R] blocked=hero-over-creep reason=no_target'
08/29 18:27:53 [Localization System] CLocalize::FindSafe failed to localize: 'AIB[R] blocked=emergency-kill reason=no_target'
08/29 18:27:53 [Localization System] CLocalize::FindSafe failed to localize: 'AIB[R] blocked=uphill-repo reason=no_reposition'
08/29 18:27:54 [Localization System] CLocalize::FindSafe failed to localize: 'AIB[R] blocked=harass reason=no_target'
08/29 18:27:54 [Localization System] CLocalize::FindSafe failed to localize: 'AIB[R] intent=top-arbiter family=state winner=idle-heal:46 losers=hero-over-creep:52,emergency-retreat:45,fwd-pullback:44,emergency-kill:43.5,uphill:43'
08/29 18:27:54 [Localization System] CLocalize::FindSafe failed to localize: 'AIB[D] blocked=hero-over-creep reason=no_target'
08/29 18:27:54 [Localization System] CLocalize::FindSafe failed to localize: 'AIB[D] blocked=emergency-kill reason=no_target'
08/29 18:27:54 [Localization System] CLocalize::FindSafe failed to localize: 'AIB[D] blocked=uphill-repo reason=no_reposition'
08/29 18:27:54 [Localization System] CLocalize::FindSafe failed to localize: 'AIB[D] blocked=harass reason=no_target'
08/29 18:27:54 [Localization System] CLocalize::FindSafe failed to localize: 'AIB[D] blocked=ability-harass reason=nothing_castable'
08/29 18:27:54 [Localization System] CLocalize::FindSafe failed to localize: 'AIB[D] intent=top-arbiter family=state winner=anti-idle:2 losers=safe-cs:56,hero-over-creep:52,idle-heal:46,emergency-retreat:45,fwd-pullback:44'
08/29 18:27:55 [Localization System] CLocalize::FindSafe failed to localize: 'AIB[R] intent=tick-owner family=other stage=laning-core'
08/29 18:27:55 [Localization System] CLocalize::FindSafe failed to localize: 'AIB[D] intent=tick-owner family=other stage=laning-core'
08/29 18:27:55 [Localization System] CLocalize::FindSafe failed to localize: 'AIB[D] intent=wave-watch-work family=other lh=0 idle=17 creep_hp=34 dist=818'
08/29 18:27:56 [Localization System] CLocalize::FindSafe failed to localize: 'AIB[D] intent=state-desire-last-hit family=farm dist=563 reason=killable_creep score=140'
08/29 18:27:56 [Localization System] CLocalize::FindSafe failed to localize: 'AIB[R] blocked=ability-harass reason=nothing_castable'
08/29 18:27:56 [Localization System] CLocalize::FindSafe failed to localize: 'AIB[R] intent=top-arbiter family=state winner=anti-idle:2 losers=hero-over-creep:52,idle-heal:46,emergency-retreat:45,fwd-pullback:44,emergency-kill:43.5'
08/29 18:27:56 [Localization System] CLocalize::FindSafe failed to localize: 'AIB[R] t=40s hp=68% gold=269 loc=-1040,-1418 lh=1 dn=1 dg=+7 dlh=+0 bottle=-1 lvl=1 front=8916 ehp=-1'
08/29 18:27:56 [Localization System] CLocalize::FindSafe failed to localize: 'AIB[D] t=41s hp=55% gold=331 loc=-58,476 lh=0 dn=0 dg=+7 dlh=+0 bottle=-1 lvl=1 front=10366 ehp=-1'
08/29 18:27:56 [Localization System] CLocalize::FindSafe failed to localize: 'AIB[D] intent=melee-pack-space family=safety count=2 dist=305'
08/29 18:27:56 [Localization System] CLocalize::FindSafe failed to localize: 'AIB[D] intent=top-arbiter family=state winner=ranged-spacing:41 losers=hero-over-creep:52,idle-heal:46,emergency-retreat:45,fwd-pullback:44,emergency-kill:43.5'
08/29 18:27:56 [Localization System] CLocalize::FindSafe failed to localize: 'AIB[R] blocked=hero-over-creep reason=no_target'
08/29 18:27:56 [Localization System] CLocalize::FindSafe failed to localize: 'AIB[R] blocked=emergency-kill reason=no_target'
08/29 18:27:56 [Localization System] CLocalize::FindSafe failed to localize: 'AIB[R] blocked=uphill-repo reason=no_reposition'
08/29 18:27:56 [Localization System] CLocalize::FindSafe failed to localize: 'AIB[R] intent=melee-pack-space family=safety count=2 dist=224'
08/29 18:27:57 [Localization System] CLocalize::FindSafe failed to localize: 'AIB[R] intent=tick-owner family=other stage=laning-core'
08/29 18:27:57 Script function 'Think' on bot npc_dota_hero_nevermore took 2.780ms
08/29 18:27:57 [Localization System] CLocalize::FindSafe failed to localize: 'AIB[D] intent=tick-owner family=other stage=laning-core'
08/29 18:27:57 [Localization System] CLocalize::FindSafe failed to localize: 'AIB[R] blocked=harass reason=no_target'
08/29 18:27:57 [Localization System] CLocalize::FindSafe failed to localize: 'AIB[R] intent=top-arbiter family=state winner=creep-work:38.8 losers=hero-over-creep:52,idle-heal:46,emergency-retreat:45,fwd-pullback:44,emergency-kill:43.5'
08/29 18:27:58 [Localization System] CLocalize::FindSafe failed to localize: 'AIB[D] blocked=hero-over-creep reason=no_target'
08/29 18:27:58 [Localization System] CLocalize::FindSafe failed to localize: 'AIB[D] blocked=emergency-kill reason=no_target'
08/29 18:27:58 [Localization System] CLocalize::FindSafe failed to localize: 'AIB[D] blocked=uphill-repo reason=no_reposition'
08/29 18:27:58 [Localization System] CLocalize::FindSafe failed to localize: 'AIB[D] blocked=harass reason=no_target'
08/29 18:27:58 [Localization System] CLocalize::FindSafe failed to localize: 'AIB[D] blocked=ability-harass reason=nothing_castable'
08/29 18:27:58 [Localization System] CLocalize::FindSafe failed to localize: 'AIB[D] intent=state-desire-safety family=state base=108 creep_dmg=8 hp=57 creep=true hero=false reason=recent_damage score=116'
08/29 18:27:58 [Localization System] CLocalize::FindSafe failed to localize: 'AIB[D] intent=creep-hit-react family=safety dist=133 hp=57 hits=1 reason=attack'
08/29 18:27:58 [Localization System] CLocalize::FindSafe failed to localize: 'AIB[D] intent=top-arbiter family=state winner=safety:116 losers=hero-over-creep:52,idle-heal:46,emergency-retreat:45,fwd-pullback:44,emergency-kill:43.5'
08/29 18:27:58 [Localization System] CLocalize::FindSafe failed to localize: 'AIB[D] blocked=safety-candidate reason=no_action_capped hp=57 score=44'
08/29 18:27:58 [Localization System] CLocalize::FindSafe failed to localize: 'AIB[R] intent=state-desire-safety family=state base=108 creep_dmg=8 hp=70 creep=true hero=false reason=recent_damage score=116'
08/29 18:27:58 [Localization System] CLocalize::FindSafe failed to localize: 'AIB[R] blocked=creep-hit-react reason=inside_melee_pack count=2 dist=157 hp=70'
08/29 18:27:58 [Localization System] CLocalize::FindSafe failed to localize: 'AIB[R] intent=creep-hit-react family=safety dist=157 hp=70 hits=1 reason=edge_attack'
08/29 18:27:58 [Localization System] CLocalize::FindSafe failed to localize: 'AIB[R] blocked=safety-candidate reason=no_action_capped hp=71 score=44'
08/29 18:27:58 [Localization System] CLocalize::FindSafe failed to localize: 'AIB[R] intent=wave-watch-work family=other lh=1 idle=11 creep_hp=61 dist=215'
08/29 18:27:58 [Localization System] CLocalize::FindSafe failed to localize: 'AIB[D] blocked=visual-hold reason=creep_damage held=2.1 hp=58 repeat=1 hard=false'
08/29 18:27:59 [Localization System] CLocalize::FindSafe failed to localize: 'AIB[R] blocked=ability-harass reason=nothing_castable'
08/29 18:27:59 [Localization System] CLocalize::FindSafe failed to localize: 'AIB[R] intent=top-arbiter family=state winner=wave-watch:10 losers=hero-over-creep:52,idle-heal:46,emergency-retreat:45,fwd-pullback:44,emergency-kill:43.5'
08/29 18:27:59 [Localization System] CLocalize::FindSafe failed to localize: 'AIB[R] intent=tick-owner family=other stage=laning-core'
08/29 18:27:59 [Localization System] CLocalize::FindSafe failed to localize: 'AIB[D] intent=tick-owner family=other stage=laning-core'
08/29 18:27:59 [Localization System] CLocalize::FindSafe failed to localize: 'AIB[D] intent=top-arbiter family=state winner=wave-watch:10 losers=hero-over-creep:52,idle-heal:46,emergency-retreat:45,fwd-pullback:44,emergency-kill:43.5'
08/29 18:27:59 [Localization System] CLocalize::FindSafe failed to localize: 'AIB[D] intent=state-desire-safety family=state base=108 creep_dmg=8 hp=58 creep=true hero=false hyst=18 reason=recent_damage score=134'
08/29 18:27:59 [Localization System] CLocalize::FindSafe failed to localize: 'AIB[D] intent=creep-hit-react family=safety dist=133 hp=58 hits=3 reason=attack'
08/29 18:28:00 [Localization System] CLocalize::FindSafe failed to localize: 'AIB[R] blocked=hero-over-creep reason=no_target'
08/29 18:28:00 [Localization System] CLocalize::FindSafe failed to localize: 'AIB[R] blocked=emergency-kill reason=no_target'
08/29 18:28:00 [Localization System] CLocalize::FindSafe failed to localize: 'AIB[R] blocked=uphill-repo reason=no_reposition'
08/29 18:28:00 [Localization System] CLocalize::FindSafe failed to localize: 'AIB[R] blocked=harass reason=no_target'
08/29 18:28:00 [Localization System] CLocalize::FindSafe failed to localize: 'AIB[R] intent=wave-watch-work family=other lh=1 idle=13 creep_hp=213 dist=327'
08/29 18:28:00 [Localization System] CLocalize::FindSafe failed to localize: 'AIB[R] intent=top-arbiter family=state winner=wave-watch:10 losers=hero-over-creep:52,idle-heal:46,emergency-retreat:45,fwd-pullback:44,emergency-kill:43.5'
08/29 18:28:01 [Localization System] CLocalize::FindSafe failed to localize: 'AIB[R] intent=state-desire-safety family=state base=108 creep_dmg=8 hp=71 creep=true hero=false reason=recent_damage score=116'
08/29 18:28:01 [Localization System] CLocalize::FindSafe failed to localize: 'AIB[R] intent=creep-hit-react family=safety dist=388 hp=71 hits=3 reason=attack'
08/29 18:28:01 [Localization System] CLocalize::FindSafe failed to localize: 'AIB[D] blocked=hero-over-creep reason=no_target'
08/29 18:28:01 [Localization System] CLocalize::FindSafe failed to localize: 'AIB[D] blocked=emergency-kill reason=no_target'
08/29 18:28:01 [Localization System] CLocalize::FindSafe failed to localize: 'AIB[D] blocked=uphill-repo reason=no_reposition'
08/29 18:28:01 [Localization System] CLocalize::FindSafe failed to localize: 'AIB[D] blocked=harass reason=no_target'
08/29 18:28:01 [Localization System] CLocalize::FindSafe failed to localize: 'AIB[D] blocked=ability-harass reason=nothing_castable'
08/29 18:28:01 [Localization System] CLocalize::FindSafe failed to localize: 'AIB[D] blocked=visual-hold reason=creep_damage held=4.2 hp=58 repeat=3 hard=true'
08/29 18:28:01 [Localization System] CLocalize::FindSafe failed to localize: 'AIB[R] t=46s hp=72% gold=277 loc=-1430,-1608 lh=1 dn=1 dg=+8 dlh=+0 bottle=-1 lvl=1 front=7303 ehp=-1'
08/29 18:28:01 [Localization System] CLocalize::FindSafe failed to localize: 'AIB[R] intent=tick-owner family=other stage=laning-core'
08/29 18:28:01 [Localization System] CLocalize::FindSafe failed to localize: 'AIB[D] intent=top-arbiter family=state winner=anti-idle:2 losers=hero-over-creep:52,idle-heal:46,emergency-retreat:45,fwd-pullback:44,emergency-kill:43.5'
08/29 18:28:01 [Localization System] CLocalize::FindSafe failed to localize: 'AIB[D] intent=tick-owner family=other stage=laning-core'
08/29 18:28:01 [Localization System] CLocalize::FindSafe failed to localize: 'AIB[D] t=46s hp=59% gold=378 loc=-134,308 lh=1 dn=0 dg=+47 dlh=+1 bottle=-1 lvl=1 front=11191 ehp=-1'
08/29 18:28:01 [Localization System] CLocalize::FindSafe failed to localize: 'AIB[R] intent=damage-by-source family=other creep=69 tower=0 hero=438 mixed=10 death=0 other=0 stale=0 gaps=0'
08/29 18:28:01 [Localization System] CLocalize::FindSafe failed to localize: 'AIB[R] blocked=safety-candidate reason=no_action_capped hp=72 score=44'
08/29 18:28:01 [Localization System] CLocalize::FindSafe failed to localize: 'AIB[D] intent=damage-by-source family=other creep=30 tower=0 hero=550 mixed=0 death=0 other=0 stale=2 gaps=1'
08/29 18:28:01 [Localization System] CLocalize::FindSafe failed to localize: 'AIB[D] blocked=buy-loop reason=saving target=item_bottle head=item_bottle cost=675 gold=378 left=1'
08/29 18:28:01 [Localization System] CLocalize::FindSafe failed to localize: 'AIB[R] blocked=buy-loop reason=saving target=item_bottle head=item_bottle cost=675 gold=277 left=1'
08/29 18:28:02 [Localization System] CLocalize::FindSafe failed to localize: 'AIB[R] blocked=ability-harass reason=nothing_castable'
08/29 18:28:02 [Localization System] CLocalize::FindSafe failed to localize: 'AIB[R] intent=top-arbiter family=state winner=wave-watch:10 losers=hero-over-creep:52,idle-heal:46,emergency-retreat:45,fwd-pullback:44,emergency-kill:43.5'
08/29 18:28:02 [Localization System] CLocalize::FindSafe failed to localize: 'invalid index'
08/29 18:28:02 [Localization System] CLocalize::FindSafe failed to localize: 'AIB[D] intent=top-arbiter family=state winner=anti-idle:2 losers=hero-over-creep:52,idle-heal:46,emergency-retreat:45,fwd-pullback:44,emergency-kill:43.5'
08/29 18:28:03 [Localization System] CLocalize::FindSafe failed to localize: 'AIB[R] blocked=hero-over-creep reason=no_target'
08/29 18:28:03 [Localization System] CLocalize::FindSafe failed to localize: 'AIB[R] blocked=emergency-kill reason=no_target'
08/29 18:28:03 [Localization System] CLocalize::FindSafe failed to localize: 'AIB[R] blocked=uphill-repo reason=no_reposition'
08/29 18:28:03 [Localization System] CLocalize::FindSafe failed to localize: 'AIB[R] blocked=harass reason=no_target'
08/29 18:28:03 [Localization System] CLocalize::FindSafe failed to localize: 'AIB[D] intent=tick-owner family=other stage=laning-core'
08/29 18:28:03 [Localization System] CLocalize::FindSafe failed to localize: 'AIB[R] intent=tick-owner family=other stage=laning-core'
08/29 18:28:03 [Localization System] CLocalize::FindSafe failed to localize: 'AIB[R] intent=top-arbiter family=state winner=anti-idle:2 losers=hero-over-creep:52,idle-heal:46,emergency-retreat:45,fwd-pullback:44,emergency-kill:43.5'
08/29 18:28:04 [Localization System] CLocalize::FindSafe failed to localize: 'AIB[D] blocked=hero-over-creep reason=no_target'
08/29 18:28:04 [Localization System] CLocalize::FindSafe failed to localize: 'AIB[D] blocked=emergency-kill reason=no_target'
08/29 18:28:04 [Localization System] CLocalize::FindSafe failed to localize: 'AIB[D] blocked=uphill-repo reason=no_reposition'
08/29 18:28:04 [Localization System] CLocalize::FindSafe failed to localize: 'AIB[D] blocked=harass reason=no_target'
08/29 18:28:04 [Localization System] CLocalize::FindSafe failed to localize: 'AIB[D] blocked=ability-harass reason=nothing_castable'
08/29 18:28:05 [Localization System] CLocalize::FindSafe failed to localize: 'AIB[D] intent=top-arbiter family=state winner=anti-idle:2 losers=hero-over-creep:52,idle-heal:46,emergency-retreat:45,fwd-pullback:44,emergency-kill:43.5'
08/29 18:28:05 [Localization System] CLocalize::FindSafe failed to localize: 'AIB[R] blocked=ability-harass reason=nothing_castable'
08/29 18:28:05 [Localization System] CLocalize::FindSafe failed to localize: 'AIB[D] intent=tick-owner family=other stage=laning-core'
08/29 18:28:05 [Localization System] CLocalize::FindSafe failed to localize: 'AIB[R] intent=top-arbiter family=state winner=anti-idle:2 losers=hero-over-creep:52,idle-heal:46,emergency-retreat:45,fwd-pullback:44,emergency-kill:43.5'
08/29 18:28:05 [Localization System] CLocalize::FindSafe failed to localize: 'AIB[R] intent=tick-owner family=other stage=laning-core'
08/29 18:28:06 [Localization System] CLocalize::FindSafe failed to localize: 'AIB[D] intent=wave-watch-work family=other lh=1 idle=9 creep_hp=514 dist=771'
08/29 18:28:06 [Localization System] CLocalize::FindSafe failed to localize: 'AIB[R] blocked=hero-over-creep reason=no_target'
08/29 18:28:06 [Localization System] CLocalize::FindSafe failed to localize: 'AIB[R] blocked=emergency-kill reason=no_target'
08/29 18:28:06 [Localization System] CLocalize::FindSafe failed to localize: 'AIB[R] blocked=uphill-repo reason=no_reposition'
08/29 18:28:06 [Localization System] CLocalize::FindSafe failed to localize: 'AIB[R] blocked=harass reason=no_target'
08/29 18:28:06 [Localization System] CLocalize::FindSafe failed to localize: 'AIB[D] blocked=hero-prio-chase reason=lane_work dist=1409 cs=false creep=false hp_adv=false kill_pressure=false close=false low_farm=false lane_override=false'
08/29 18:28:06 [Localization System] CLocalize::FindSafe failed to localize: 'AIB[R] t=51s hp=81% gold=284 loc=-1264,-1032 enemy-dist=1349 lh=1 dn=1 dg=+7 dlh=+0 bottle=-1 lvl=2 front=8226 ehp=68'
08/29 18:28:06 [Localization System] CLocalize::FindSafe failed to localize: 'AIB[R] intent=wave-watch-work family=other lh=1 idle=18 creep_hp=492 dist=750'
08/29 18:28:06 [Localization System] CLocalize::FindSafe failed to localize: 'AIB[D] t=51s hp=68% gold=386 loc=-293,-140 enemy-dist=1000 lh=1 dn=0 dg=+8 dlh=+0 bottle=-1 lvl=1 front=10275 ehp=-66600'
08/29 18:28:06 [Localization System] CLocalize::FindSafe failed to localize: 'AIB[D] blocked=uphill-repo reason=motor_busy'
08/29 18:28:06 [Localization System] CLocalize::FindSafe failed to localize: 'AIB[D] intent=top-arbiter family=state winner=wave-watch:10 losers=hero-over-creep:52,idle-heal:46,emergency-retreat:45,fwd-pullback:44,emergency-kill:43.5'
08/29 18:28:06 [Localization System] CLocalize::FindSafe failed to localize: 'AIB[R] blocked=uphill-repo reason=not_trading'
08/29 18:28:06 [Localization System] CLocalize::FindSafe failed to localize: 'AIB[R] intent=melee-pack-space family=safety count=2 dist=141'
08/29 18:28:07 [Localization System] CLocalize::FindSafe failed to localize: 'AIB[R] intent=top-arbiter family=state winner=wave-watch:10 losers=hero-over-creep:52,idle-heal:46,emergency-retreat:45,fwd-pullback:44,emergency-kill:43.5'
08/29 18:28:07 [Localization System] CLocalize::FindSafe failed to localize: 'AIB[D] blocked=hero-over-creep reason=no_target'
08/29 18:28:07 [Localization System] CLocalize::FindSafe failed to localize: 'AIB[D] blocked=emergency-kill reason=no_target'
08/29 18:28:07 [Localization System] CLocalize::FindSafe failed to localize: 'AIB[D] blocked=harass reason=no_target'
08/29 18:28:07 [Localization System] CLocalize::FindSafe failed to localize: 'AIB[D] intent=tick-owner family=other stage=desire/harass reason=ready score=40 band=lanework'
08/29 18:28:07 [Localization System] CLocalize::FindSafe failed to localize: 'AIB[R] blocked=recovery-buy reason=flask_in_inventory hp=83'
08/29 18:28:07 [Localization System] CLocalize::FindSafe failed to localize: 'AIB[D] intent=recovery-plan family=recover action=buy_flask reason=critical hp=70 gold=387 count=1'
08/29 18:28:08 [Localization System] CLocalize::FindSafe failed to localize: 'AIB[R] intent=tick-owner family=other stage=laning-core'
08/29 18:28:08 [Localization System] CLocalize::FindSafe failed to localize: 'AIB[R] blocked=fight-candidate reason=no_action_capped hp=84 score=40'
08/29 18:28:08 [Localization System] CLocalize::FindSafe failed to localize: 'AIB[R] intent=state-desire-fight family=state base=78 hp_adv=8 execute=20 dist=721 hp=74 ehp=59 reason=enemy_seen score=106'
08/29 18:28:08 [Localization System] CLocalize::FindSafe failed to localize: 'AIB[R] blocked=ability-pressure reason=nothing_castable'
08/29 18:28:08 [Localization System] CLocalize::FindSafe failed to localize: 'AIB[R] intent=hero-contact family=fight dist=721 hp=74 reason=close_enemy'
08/29 18:28:08 [Localization System] CLocalize::FindSafe failed to localize: 'AIB[D] intent=top-arbiter family=state winner=harass:40 losers=hero-over-creep:52,idle-heal:46,emergency-retreat:45,fwd-pullback:44,emergency-kill:43.5'
08/29 18:28:08 [Localization System] CLocalize::FindSafe failed to localize: 'AIB[R] blocked=hero-contact reason=refractory since=0.13'
08/29 18:28:08 [Localization System] CLocalize::FindSafe failed to localize: 'AIB[R] intent=hero-pass family=fight dist=662 hp=74 reason=nearby_enemy'
08/29 18:28:08 [Localization System] CLocalize::FindSafe failed to localize: 'AIB[R] blocked=top-arbiter reason=empty_action winner=fight score=142'
08/29 18:28:08 [Localization System] CLocalize::FindSafe failed to localize: 'AIB[R] intent=melee-pack-space family=safety count=3 dist=214'
08/29 18:28:08 [Localization System] CLocalize::FindSafe failed to localize: 'AIB[R] intent=top-arbiter family=state winner=ranged-spacing:41 losers=fight:142,hero-over-creep:52,idle-heal:46,emergency-retreat:45,fwd-pullback:44'
08/29 18:28:08 [Localization System] CLocalize::FindSafe failed to localize: 'AIB[R] blocked=ability-harass reason=nothing_castable'
08/29 18:28:08 [Localization System] CLocalize::FindSafe failed to localize: 'AIB[R] intent=wave-watch-work family=other lh=1 idle=21 creep_hp=210 dist=655'
08/29 18:28:08 [Localization System] CLocalize::FindSafe failed to localize: 'AIB[D] intent=state-desire-fight family=state base=78 range=18 dist=594 hp=60 ehp=75 reason=enemy_seen score=96'
08/29 18:28:08 [Localization System] CLocalize::FindSafe failed to localize: 'AIB[D] blocked=ability-pressure reason=nothing_castable'
08/29 18:28:08 [Localization System] CLocalize::FindSafe failed to localize: 'AIB[D] intent=hero-contact family=fight dist=594 hp=60 reason=attackable_enemy'
08/29 18:28:09 [Localization System] CLocalize::FindSafe failed to localize: 'AIB[D] blocked=hero-contact reason=refractory since=0.13'
08/29 18:28:09 [Localization System] CLocalize::FindSafe failed to localize: 'AIB[D] intent=hero-pass family=fight dist=544 hp=60 reason=nearby_enemy'
08/29 18:28:09 Script function 'Think' on bot npc_dota_hero_nevermore took 2.033ms
08/29 18:28:09 [Localization System] CLocalize::FindSafe failed to localize: 'AIB[D] blocked=top-arbiter reason=empty_action winner=fight score=114'
08/29 18:28:09 [Localization System] CLocalize::FindSafe failed to localize: 'AIB[R] blocked=hero-over-creep reason=no_target'
08/29 18:28:09 [Localization System] CLocalize::FindSafe failed to localize: 'AIB[R] blocked=emergency-kill reason=no_target'
08/29 18:28:09 [Localization System] CLocalize::FindSafe failed to localize: 'AIB[R] blocked=uphill-repo reason=no_reposition'
08/29 18:28:09 [Localization System] CLocalize::FindSafe failed to localize: 'AIB[R] blocked=harass reason=no_target'
08/29 18:28:09 [Localization System] CLocalize::FindSafe failed to localize: 'AIB[D] blocked=uphill-repo reason=no_reposition'
08/29 18:28:09 [Localization System] CLocalize::FindSafe failed to localize: 'AIB[D] intent=tick-owner family=other stage=laning-core'
08/29 18:28:09 [Localization System] CLocalize::FindSafe failed to localize: 'AIB[D] blocked=buy-loop reason=saving target=item_bottle head=item_bottle cost=675 gold=290 left=1'
08/29 18:28:09 [Localization System] CLocalize::FindSafe failed to localize: 'AIB[R] blocked=buy-loop reason=saving target=item_bottle head=item_bottle cost=675 gold=289 left=1'
08/29 18:28:09 [Localization System] CLocalize::FindSafe failed to localize: 'AIB[R] intent=state-desire-fight family=state base=78 hp_adv=8 dist=634 hp=76 ehp=62 reason=enemy_seen score=86'
08/29 18:28:10 [Localization System] CLocalize::FindSafe failed to localize: 'AIB[D] intent=melee-pack-space family=safety count=3 dist=161'
08/29 18:28:10 [Localization System] CLocalize::FindSafe failed to localize: 'AIB[D] intent=top-arbiter family=state winner=ranged-spacing:41 losers=hero-over-creep:52,idle-heal:46,emergency-retreat:45,fwd-pullback:44,emergency-kill:43.5'
08/29 18:28:10 [Localization System] CLocalize::FindSafe failed to localize: 'AIB[R] intent=tick-owner family=other stage=laning-core'
08/29 18:28:10 [Localization System] CLocalize::FindSafe failed to localize: 'AIB[D] blocked=hero-over-creep reason=no_target'
08/29 18:28:10 [Localization System] CLocalize::FindSafe failed to localize: 'AIB[D] blocked=emergency-kill reason=no_target'
08/29 18:28:10 [Localization System] CLocalize::FindSafe failed to localize: 'AIB[R] intent=state-desire-safety family=state base=108 creep_dmg=8 hp=70 creep=true hero=true reason=recent_damage score=116'
08/29 18:28:10 [Localization System] CLocalize::FindSafe failed to localize: 'AIB[R] blocked=creep-hit-react reason=inside_melee_pack count=3 dist=287 hp=70'
08/29 18:28:10 [Localization System] CLocalize::FindSafe failed to localize: 'AIB[R] intent=creep-hit-react family=safety dist=287 hp=70 hits=1 reason=edge_attack'
08/29 18:28:10 [Localization System] CLocalize::FindSafe failed to localize: 'AIB[R] intent=top-arbiter family=state winner=safety:116 losers=hero-over-creep:52,idle-heal:46,emergency-retreat:45,fwd-pullback:44,emergency-kill:43.5'
08/29 18:28:10 Script function 'Think' on bot npc_dota_hero_nevermore took 2.376ms
08/29 18:28:10 [Localization System] CLocalize::FindSafe failed to localize: 'AIB[D] blocked=uphill-repo reason=motor_busy'
08/29 18:28:10 [Localization System] CLocalize::FindSafe failed to localize: 'AIB[R] blocked=safety-candidate reason=no_action_capped hp=70 score=44'
08/29 18:28:10 [Localization System] CLocalize::FindSafe failed to localize: 'AIB[D] intent=state-desire-safety family=state base=108 creep_dmg=8 hp=60 creep=true hero=false reason=recent_damage score=116'
08/29 18:28:10 [Localization System] CLocalize::FindSafe failed to localize: 'AIB[D] blocked=creep-hit-react reason=inside_melee_pack count=3 dist=57 hp=60'
08/29 18:28:10 [Localization System] CLocalize::FindSafe failed to localize: 'AIB[D] intent=creep-hit-react family=safety dist=57 hp=60 hits=1 reason=edge_attack'
08/29 18:28:10 [Localization System] CLocalize::FindSafe failed to localize: 'AIB[D] blocked=safety-candidate reason=no_action_capped hp=61 score=44'
08/29 18:28:10 [Localization System] CLocalize::FindSafe failed to localize: 'AIB[R] intent=wave-watch-work family=other lh=1 idle=23 creep_hp=157 dist=479'
08/29 18:28:11 [Localization System] CLocalize::FindSafe failed to localize: 'AIB[R] blocked=top-arbiter reason=empty_action winner=fight score=106'
08/29 18:28:11 [Localization System] CLocalize::FindSafe failed to localize: 'AIB[R] t=56s hp=72% gold=292 loc=-1213,-1093 enemy-dist=803 lh=1 dn=1 dg=+8 dlh=+0 bottle=-1 lvl=2 front=8518 ehp=56'
08/29 18:28:11 [Localization System] CLocalize::FindSafe failed to localize: 'AIB[R] blocked=ability-pressure reason=nothing_castable'
08/29 18:28:11 [Localization System] CLocalize::FindSafe failed to localize: 'AIB[R] intent=state-desire-fight family=state base=78 hp_adv=8 execute=20 dist=823 hp=72 ehp=54 reason=enemy_seen score=106'
08/29 18:28:11 [Localization System] CLocalize::FindSafe failed to localize: 'AIB[D] t=56s hp=54% gold=293 loc=-633,-522 enemy-dist=884 lh=1 dn=0 dg=-93 dlh=+0 bottle=-1 lvl=1 front=10554 ehp=72'
08/29 18:28:11 [Localization System] CLocalize::FindSafe failed to localize: 'AIB[D] blocked=recover-candidate reason=no_action_capped hp=54 score=44'
08/29 18:28:11 [Localization System] CLocalize::FindSafe failed to localize: 'AIB[D] intent=melee-pack-space family=safety count=3 dist=509'
08/29 18:28:11 [Localization System] CLocalize::FindSafe failed to localize: 'AIB[D] intent=top-arbiter family=state winner=ranged-spacing:41 losers=safe-cs:56,hero-over-creep:52,idle-heal:46,emergency-retreat:45,fwd-pullback:44'
08/29 18:28:11 [Localization System] CLocalize::FindSafe failed to localize: 'AIB[D] intent=tick-owner family=other stage=laning-core'
08/29 18:28:11 [Localization System] CLocalize::FindSafe failed to localize: 'AIB[D] blocked=hero-prio-chase reason=lane_work dist=959 cs=true creep=true hp_adv=false kill_pressure=false close=false low_farm=false lane_override=false'
08/29 18:28:11 [Localization System] CLocalize::FindSafe failed to localize: 'AIB[D] blocked=harass reason=no_target'
08/29 18:28:11 [Localization System] CLocalize::FindSafe failed to localize: 'AIB[R] blocked=uphill-repo reason=motor_busy'
08/29 18:28:11 [Localization System] CLocalize::FindSafe failed to localize: 'AIB[R] blocked=ability-harass reason=nothing_castable'
08/29 18:28:11 [Localization System] CLocalize::FindSafe failed to localize: 'AIB[R] intent=top-arbiter family=state winner=wave-watch:10 losers=hero-over-creep:52,idle-heal:46,emergency-retreat:45,fwd-pullback:44,emergency-kill:43.5'
08/29 18:28:12 [Localization System] CLocalize::FindSafe failed to localize: 'AIB[D] intent=recovery-plan family=recover action=back reason=post_fight_regen hp=54'
08/29 18:28:12 [Localization System] CLocalize::FindSafe failed to localize: 'AIB[D] intent=state-recover-xp family=state ttl=5 reason=post_fight_regen hp=54 dist=728'
08/29 18:28:12 [Localization System] CLocalize::FindSafe failed to localize: 'AIB[R] intent=tick-owner family=other stage=laning-core'
08/29 18:28:12 [Localization System] CLocalize::FindSafe failed to localize: 'AIB[D] intent=state-desire-safety family=state base=108 creep_dmg=8 hp=51 creep=true hero=false hyst=18 reason=recent_damage score=134'
08/29 18:28:12 [Localization System] CLocalize::FindSafe failed to localize: 'AIB[D] intent=creep-hit-react family=safety dist=128 hp=51 hits=3 reason=edge_attack'
08/29 18:28:12 [Localization System] CLocalize::FindSafe failed to localize: 'AIB[R] blocked=hero-over-creep reason=no_target'
08/29 18:28:12 [Localization System] CLocalize::FindSafe failed to localize: 'AIB[R] blocked=emergency-kill reason=no_target'
08/29 18:28:12 [Localization System] CLocalize::FindSafe failed to localize: 'AIB[R] blocked=harass reason=no_target'
08/29 18:28:12 [Localization System] CLocalize::FindSafe failed to localize: 'AIB[D] blocked=uphill-repo reason=no_reposition'
08/29 18:28:12 [Localization System] CLocalize::FindSafe failed to localize: 'invalid index'
08/29 18:28:12 [Localization System] CLocalize::FindSafe failed to localize: 'AIB[R] intent=state-desire-last-hit family=farm dist=511 reason=killable_creep score=140'
08/29 18:28:13 [Localization System] CLocalize::FindSafe failed to localize: 'AIB[D] intent=top-arbiter family=state winner=safety:134 losers=safe-cs:56,hero-over-creep:52,idle-heal:46,emergency-retreat:45,fwd-pullback:44'
08/29 18:28:13 [Localization System] CLocalize::FindSafe failed to localize: 'AIB[D] blocked=hero-over-creep reason=no_target'
08/29 18:28:13 [Localization System] CLocalize::FindSafe failed to localize: 'AIB[D] blocked=emergency-kill reason=no_target'
08/29 18:28:13 [Localization System] CLocalize::FindSafe failed to localize: 'AIB[D] intent=melee-pack-space family=safety count=2 dist=578'
08/29 18:28:13 [Localization System] CLocalize::FindSafe failed to localize: 'AIB[R] blocked=uphill-repo reason=no_step'
08/29 18:28:13 [Localization System] CLocalize::FindSafe failed to localize: 'AIB[D] blocked=harass reason=regen_wanted'
08/29 18:28:13 [Localization System] CLocalize::FindSafe failed to localize: 'AIB[R] intent=top-arbiter family=state winner=wave-watch:10 losers=hero-over-creep:52,idle-heal:46,emergency-retreat:45,fwd-pullback:44,emergency-kill:43.5'
08/29 18:28:13 [Localization System] CLocalize::FindSafe failed to localize: 'AIB[D] intent=tick-owner family=other stage=laning-core'
08/29 18:28:13 [Localization System] CLocalize::FindSafe failed to localize: 'AIB[D] blocked=safety-candidate reason=no_action_capped hp=45 score=44'
08/29 18:28:14 [Localization System] CLocalize::FindSafe failed to localize: 'AIB[D] intent=state-desire-safety family=state base=108 creep_dmg=8 hp=45 creep=true hero=false hyst=18 reason=recent_damage score=134'
08/29 18:28:14 [Localization System] CLocalize::FindSafe failed to localize: 'AIB[D] blocked=creep-hit-react reason=inside_melee_pack count=2 dist=52 hp=45'
08/29 18:28:14 [Localization System] CLocalize::FindSafe failed to localize: 'AIB[D] intent=creep-hit-react family=safety dist=52 hp=45 hits=5 reason=edge_attack'
08/29 18:28:14 [Localization System] CLocalize::FindSafe failed to localize: 'AIB[R] blocked=visual-hold reason=creep_in_range held=2.1 hp=74 repeat=3 hard=true'
08/29 18:28:14 [Localization System] CLocalize::FindSafe failed to localize: 'AIB[D] intent=state-desire-recover family=state base=74 creep_dmg=-14 hp=43 reason=hp_gate score=60'
08/29 18:28:14 [Localization System] CLocalize::FindSafe failed to localize: 'AIB[D] intent=recovery-policy family=recover action=recover hp=43 gate=55 source=lane-low'
08/29 18:28:14 [Localization System] CLocalize::FindSafe failed to localize: 'AIB[D] intent=recovery-owner family=recover band=soft threat=false mode=safe-step hp=43'
08/29 18:28:14 [Localization System] CLocalize::FindSafe failed to localize: 'AIB[R] intent=tick-owner family=other stage=laning-core'
08/29 18:28:14 [Localization System] CLocalize::FindSafe failed to localize: 'AIB[D] blocked=creep-hit-react reason=recovery_commit hp=43 band=soft'
08/29 18:28:14 [Localization System] CLocalize::FindSafe failed to localize: 'AIB[D] intent=top-arbiter family=state winner=recover:78 losers=safe-cs:56,hero-over-creep:52,idle-heal:46,emergency-retreat:45,fwd-pullback:44'
08/29 18:28:14 [Localization System] CLocalize::FindSafe failed to localize: 'AIB[R] intent=state-desire-last-hit family=farm dist=397 reason=killable_creep score=140'
08/29 18:28:15 [Localization System] CLocalize::FindSafe failed to localize: 'AIB[R] intent=top-arbiter family=state winner=creep-work:38.8 losers=hero-over-creep:52,idle-heal:46,emergency-retreat:45,fwd-pullback:44,emergency-kill:43.5'
08/29 18:28:15 [Localization System] CLocalize::FindSafe failed to localize: 'AIB[R] blocked=hero-over-creep reason=no_target'
08/29 18:28:15 [Localization System] CLocalize::FindSafe failed to localize: 'AIB[R] blocked=emergency-kill reason=no_target'
08/29 18:28:15 [Localization System] CLocalize::FindSafe failed to localize: 'AIB[R] blocked=harass reason=no_target'
08/29 18:28:15 [Localization System] CLocalize::FindSafe failed to localize: 'AIB[D] intent=state-desire-recover family=state base=74 creep_dmg=-14 hp=42 hyst=18 reason=hp_gate score=78'
08/29 18:28:15 [Localization System] CLocalize::FindSafe failed to localize: 'AIB[D] intent=tick-owner family=other stage=laning-core'
08/29 18:28:15 [Localization System] CLocalize::FindSafe failed to localize: 'AIB[R] blocked=ability-harass reason=nothing_castable'
08/29 18:28:16 [Localization System] CLocalize::FindSafe failed to localize: 'AIB[D] intent=recovery-policy family=recover action=recover hp=42 gate=55 source=lane-low'
08/29 18:28:16 [Localization System] CLocalize::FindSafe failed to localize: 'AIB[D] intent=top-arbiter family=state winner=recover:92 losers=safe-cs:56,hero-over-creep:52,idle-heal:46,emergency-retreat:45,fwd-pullback:44'
08/29 18:28:16 [Localization System] CLocalize::FindSafe failed to localize: 'AIB[R] t=61s hp=76% gold=338 loc=-1324,-1201 lh=2 dn=2 dg=+46 dlh=+1 bottle=-1 lvl=2 front=8622 ehp=-1'
08/29 18:28:16 [Localization System] CLocalize::FindSafe failed to localize: 'AIB[R] blocked=uphill-repo reason=no_step'
08/29 18:28:16 [Localization System] CLocalize::FindSafe failed to localize: 'AIB[R] intent=tick-owner family=other stage=laning-core'
08/29 18:28:16 [Localization System] CLocalize::FindSafe failed to localize: 'AIB[D] blocked=recover-candidate reason=no_action_capped hp=42 score=44'
08/29 18:28:16 [Localization System] CLocalize::FindSafe failed to localize: 'AIB[D] blocked=hero-over-creep reason=no_target'
08/29 18:28:16 [Localization System] CLocalize::FindSafe failed to localize: 'AIB[D] blocked=emergency-kill reason=no_target'
08/29 18:28:16 [Localization System] CLocalize::FindSafe failed to localize: 'AIB[D] t=61s hp=42% gold=301 loc=39,43 lh=1 dn=0 dg=+8 dlh=+0 bottle=-1 lvl=2 front=10727 ehp=-1'
08/29 18:28:16 [Localization System] CLocalize::FindSafe failed to localize: 'AIB[R] intent=damage-by-source family=other creep=78 tower=0 hero=533 mixed=10 death=0 other=0 stale=0 gaps=0'
08/29 18:28:16 [Localization System] CLocalize::FindSafe failed to localize: 'AIB[R] intent=top-arbiter family=state winner=wave-watch:10 losers=hero-over-creep:52,idle-heal:46,emergency-retreat:45,fwd-pullback:44,emergency-kill:43.5'
08/29 18:28:16 [Localization System] CLocalize::FindSafe failed to localize: 'AIB[D] intent=damage-by-source family=other creep=170 tower=0 hero=550 mixed=0 death=0 other=65 stale=2 gaps=1'
08/29 18:28:17 [Localization System] CLocalize::FindSafe failed to localize: 'AIB[R] blocked=visual-hold reason=creep_in_range held=5.1 hp=76 repeat=5 hard=true'
08/29 18:28:17 [Localization System] CLocalize::FindSafe failed to localize: 'AIB[R] blocked=uphill-repo reason=no_reposition'
08/29 18:28:17 [Localization System] CLocalize::FindSafe failed to localize: 'AIB[D] blocked=buy-loop reason=saving target=item_bottle head=item_bottle cost=675 gold=302 left=1'
08/29 18:28:17 [Localization System] CLocalize::FindSafe failed to localize: 'AIB[R] blocked=buy-loop reason=saving target=item_bottle head=item_bottle cost=675 gold=339 left=1'
08/29 18:28:17 [Localization System] CLocalize::FindSafe failed to localize: 'AIB[D] intent=top-arbiter family=state winner=idle-heal:46 losers=safe-cs:56,hero-over-creep:52,emergency-retreat:45,fwd-pullback:44,emergency-kill:43.5'
08/29 18:28:17 [Localization System] CLocalize::FindSafe failed to localize: 'AIB[D] intent=tick-owner family=other stage=laning-core'
08/29 18:28:18 [Localization System] CLocalize::FindSafe failed to localize: 'AIB[R] intent=state-desire-safety family=state base=108 creep_dmg=8 hp=75 creep=true hero=false reason=recent_damage score=116'
08/29 18:28:18 [Localization System] CLocalize::FindSafe failed to localize: 'AIB[R] intent=creep-hit-react family=safety dist=137 hp=75 hits=1 reason=attack'
08/29 18:28:18 [Localization System] CLocalize::FindSafe failed to localize: 'AIB[R] blocked=safety-candidate reason=no_action_capped hp=75 score=44'
08/29 18:28:18 [Localization System] CLocalize::FindSafe failed to localize: 'AIB[R] blocked=visual-hold reason=creep_damage held=6.4 hp=75 repeat=1 hard=true'
08/29 18:28:18 [Localization System] CLocalize::FindSafe failed to localize: 'AIB[R] intent=top-arbiter family=state winner=wave-watch:10 losers=hero-over-creep:52,idle-heal:46,emergency-retreat:45,fwd-pullback:44,emergency-kill:43.5'
08/29 18:28:18 [Localization System] CLocalize::FindSafe failed to localize: 'AIB[R] blocked=hero-over-creep reason=no_target'
08/29 18:28:18 [Localization System] CLocalize::FindSafe failed to localize: 'AIB[R] blocked=emergency-kill reason=no_target'
08/29 18:28:18 [Localization System] CLocalize::FindSafe failed to localize: 'AIB[R] blocked=harass reason=no_target'
08/29 18:28:18 [Localization System] CLocalize::FindSafe failed to localize: 'AIB[R] intent=tick-owner family=other stage=laning-core'
08/29 18:28:19 [Localization System] CLocalize::FindSafe failed to localize: 'AIB[D] blocked=uphill-repo reason=low_hp_hold'
08/29 18:28:19 [Localization System] CLocalize::FindSafe failed to localize: 'AIB[D] blocked=harass reason=regen_wanted'
08/29 18:28:19 [Localization System] CLocalize::FindSafe failed to localize: 'AIB[D] blocked=ability-harass reason=nothing_castable'
08/29 18:28:19 [Localization System] CLocalize::FindSafe failed to localize: 'AIB[R] blocked=ability-harass reason=nothing_castable'
08/29 18:28:19 [Localization System] CLocalize::FindSafe failed to localize: 'AIB[R] intent=wave-watch-work family=other lh=2 idle=6 creep_hp=158 dist=137'
08/29 18:28:19 [Localization System] CLocalize::FindSafe failed to localize: 'AIB[D] blocked=uphill-repo reason=no_reposition'
08/29 18:28:19 [Localization System] CLocalize::FindSafe failed to localize: 'AIB[D] intent=top-arbiter family=state winner=anti-idle:2 losers=safe-cs:56,hero-over-creep:52,idle-heal:46,emergency-retreat:45,fwd-pullback:44'
08/29 18:28:19 [Localization System] CLocalize::FindSafe failed to localize: 'AIB[D] blocked=recover-candidate reason=no_action_capped hp=45 score=44'
08/29 18:28:19 [Localization System] CLocalize::FindSafe failed to localize: 'AIB[D] blocked=hero-over-creep reason=no_target'
08/29 18:28:19 [Localization System] CLocalize::FindSafe failed to localize: 'AIB[D] blocked=emergency-kill reason=no_target'
08/29 18:28:19 [Localization System] CLocalize::FindSafe failed to localize: 'AIB[D] intent=tick-owner family=other stage=desire/creep-work reason=ready score=39 band=lanework'
08/29 18:28:19 [Localization System] CLocalize::FindSafe failed to localize: 'AIB[R] intent=state-desire-safety family=state base=108 creep_dmg=8 hp=74 creep=true hero=false hyst=18 reason=recent_damage score=134'
08/29 18:28:19 [Localization System] CLocalize::FindSafe failed to localize: 'AIB[R] intent=creep-hit-react family=safety dist=219 hp=74 hits=3 reason=attack'
08/29 18:28:20 [Localization System] CLocalize::FindSafe failed to localize: 'AIB[R] intent=top-arbiter family=state winner=wave-watch:10 losers=hero-over-creep:52,idle-heal:46,emergency-retreat:45,fwd-pullback:44,emergency-kill:43.5'
08/29 18:28:20 [Localization System] CLocalize::FindSafe failed to localize: 'AIB[R] intent=tick-owner family=other stage=laning-core'
08/29 18:28:20 [Localization System] CLocalize::FindSafe failed to localize: 'AIB[R] blocked=uphill-repo reason=no_reposition'
08/29 18:28:20 [Localization System] CLocalize::FindSafe failed to localize: 'AIB[D] blocked=harass reason=no_target'
08/29 18:28:20 [Localization System] CLocalize::FindSafe failed to localize: 'AIB[D] intent=wave-watch-work family=other lh=1 idle=24 creep_hp=218 dist=781'
08/29 18:28:21 [Localization System] CLocalize::FindSafe failed to localize: 'AIB[D] intent=top-arbiter family=state winner=wave-watch:10 losers=safe-cs:56,hero-over-creep:52,idle-heal:46,emergency-retreat:45,fwd-pullback:44'
08/29 18:28:21 [Localization System] CLocalize::FindSafe failed to localize: 'AIB[R] intent=lane-line-episode family=other dist=1054 fwd=0.50'
08/29 18:28:21 [Localization System] CLocalize::FindSafe failed to localize: 'AIB[R] blocked=uphill-repo reason=motor_busy'
08/29 18:28:21 [Localization System] CLocalize::FindSafe failed to localize: 'AIB[R] t=66s hp=75% gold=345 loc=-1248,-1010 lh=2 dn=2 dg=+7 dlh=+0 bottle=-1 lvl=2 front=8622 ehp=-1'
08/29 18:28:21 [Localization System] CLocalize::FindSafe failed to localize: 'AIB[D] t=66s hp=48% gold=308 loc=-4,19 lh=1 dn=0 dg=+7 dlh=+0 bottle=-1 lvl=2 front=8620 ehp=-1'
08/29 18:28:21 [Localization System] CLocalize::FindSafe failed to localize: 'AIB[R] blocked=hero-over-creep reason=no_target'
08/29 18:28:21 [Localization System] CLocalize::FindSafe failed to localize: 'AIB[R] blocked=emergency-kill reason=no_target'
08/29 18:28:21 [Localization System] CLocalize::FindSafe failed to localize: 'AIB[R] blocked=harass reason=no_target'
08/29 18:28:21 [Localization System] CLocalize::FindSafe failed to localize: 'AIB[R] intent=top-arbiter family=state winner=lane-line:18 losers=hero-over-creep:52,idle-heal:46,emergency-retreat:45,fwd-pullback:44,emergency-kill:43.5'
08/29 18:28:21 [Localization System] CLocalize::FindSafe failed to localize: 'AIB[D] intent=tick-owner family=other stage=laning-core'
08/29 18:28:22 [Localization System] CLocalize::FindSafe failed to localize: 'AIB[D] blocked=hero-prio-chase reason=lane_work dist=1456 cs=false creep=true hp_adv=false kill_pressure=false close=false low_farm=false lane_override=false'
08/29 18:28:22 [Localization System] CLocalize::FindSafe failed to localize: 'AIB[D] blocked=ability-harass reason=nothing_castable'
08/29 18:28:22 [Localization System] CLocalize::FindSafe failed to localize: 'AIB[R] blocked=ability-harass reason=nothing_castable'
08/29 18:28:22 [Localization System] CLocalize::FindSafe failed to localize: 'AIB[D] blocked=uphill-repo reason=no_reposition'
08/29 18:28:22 [Localization System] CLocalize::FindSafe failed to localize: 'AIB[D] blocked=hero-over-creep reason=no_target'
08/29 18:28:22 [Localization System] CLocalize::FindSafe failed to localize: 'AIB[D] blocked=emergency-kill reason=no_target'
08/29 18:28:22 [Localization System] CLocalize::FindSafe failed to localize: 'AIB[D] intent=top-arbiter family=state winner=wave-watch:10 losers=safe-cs:56,hero-over-creep:52,idle-heal:46,emergency-retreat:45,fwd-pullback:44'
08/29 18:28:22 [Localization System] CLocalize::FindSafe failed to localize: 'AIB[R] intent=tick-owner family=other stage=laning-core'
08/29 18:28:23 [Localization System] CLocalize::FindSafe failed to localize: 'AIB[D] intent=wave-watch-work family=other lh=1 idle=26 creep_hp=219 dist=303'
08/29 18:28:23 [Localization System] CLocalize::FindSafe failed to localize: 'AIB[R] intent=top-arbiter family=state winner=lane-line:18 losers=hero-over-creep:52,idle-heal:46,emergency-retreat:45,fwd-pullback:44,emergency-kill:43.5'
08/29 18:28:23 [Localization System] CLocalize::FindSafe failed to localize: 'AIB[R] intent=state-siege-window family=siege ttl=2 wave=2 tower=1841 hp=77 adv=true'
08/29 18:28:23 [Localization System] CLocalize::FindSafe failed to localize: 'AIB[R] intent=tower-opportunity family=siege result=step phase=default wave=2 tower=1841'
08/29 18:28:23 [Localization System] CLocalize::FindSafe failed to localize: 'AIB[D] blocked=harass reason=no_target'
08/29 18:28:23 [Localization System] CLocalize::FindSafe failed to localize: 'AIB[D] intent=tick-owner family=other stage=laning-core'
08/29 18:28:24 [Localization System] CLocalize::FindSafe failed to localize: 'AIB[D] intent=melee-pack-space family=safety count=2 dist=138'
08/29 18:28:24 [Localization System] CLocalize::FindSafe failed to localize: 'AIB[D] intent=top-arbiter family=state winner=wave-watch:10 losers=safe-cs:56,hero-over-creep:52,idle-heal:46,emergency-retreat:45,fwd-pullback:44'
08/29 18:28:24 [Localization System] CLocalize::FindSafe failed to localize: 'AIB[R] blocked=uphill-repo reason=motor_busy'
08/29 18:28:24 [Localization System] CLocalize::FindSafe failed to localize: 'AIB[D] intent=state-desire-last-hit family=farm dist=210 reason=killable_creep score=140'
08/29 18:28:24 [Localization System] CLocalize::FindSafe failed to localize: 'AIB[R] blocked=hero-over-creep reason=no_target'
08/29 18:28:24 [Localization System] CLocalize::FindSafe failed to localize: 'AIB[R] blocked=emergency-kill reason=no_target'
08/29 18:28:24 [Localization System] CLocalize::FindSafe failed to localize: 'AIB[R] blocked=uphill-repo reason=no_reposition'
08/29 18:28:24 [Localization System] CLocalize::FindSafe failed to localize: 'AIB[R] blocked=harass reason=no_target'
08/29 18:28:24 [Localization System] CLocalize::FindSafe failed to localize: 'AIB[R] blocked=siege reason=desire_or_hp hp=77 adv=false'
08/29 18:28:24 [Localization System] CLocalize::FindSafe failed to localize: 'AIB[R] intent=top-arbiter family=state winner=creep-work:38.8 losers=hero-over-creep:52,idle-heal:46,emergency-retreat:45,fwd-pullback:44,emergency-kill:43.5'
08/29 18:28:24 [Localization System] CLocalize::FindSafe failed to localize: 'AIB[R] intent=tick-owner family=other stage=laning-core'
08/29 18:28:25 [Localization System] CLocalize::FindSafe failed to localize: 'AIB[D] blocked=creep-hit-react reason=recovery_commit hp=52 band=soft'
08/29 18:28:25 [Localization System] CLocalize::FindSafe failed to localize: 'AIB[D] blocked=safety-candidate reason=no_action_capped hp=52 score=44'
08/29 18:28:25 [Localization System] CLocalize::FindSafe failed to localize: 'AIB[D] blocked=recover-candidate reason=no_action_capped hp=52 score=44'
08/29 18:28:25 [Localization System] CLocalize::FindSafe failed to localize: 'AIB[R] intent=lane-line-episode family=other dist=391 fwd=0.67'
08/29 18:28:25 [Localization System] CLocalize::FindSafe failed to localize: 'AIB[D] blocked=hero-prio-chase reason=lane_work dist=1161 cs=false creep=true hp_adv=false kill_pressure=false close=false low_farm=false lane_override=false'
08/29 18:28:25 [Localization System] CLocalize::FindSafe failed to localize: 'AIB[D] blocked=ability-harass reason=nothing_castable'
08/29 18:28:25 [Localization System] CLocalize::FindSafe failed to localize: 'AIB[D] intent=wave-watch-work family=other lh=1 idle=28 creep_hp=32 dist=210'
08/29 18:28:25 [Localization System] CLocalize::FindSafe failed to localize: 'AIB[D] blocked=uphill-repo reason=not_trading'
08/29 18:28:25 [Localization System] CLocalize::FindSafe failed to localize: 'AIB[R] blocked=ability-harass reason=nothing_castable'
08/29 18:28:25 [Localization System] CLocalize::FindSafe failed to localize: 'AIB[D] blocked=hero-over-creep reason=no_target'
08/29 18:28:25 [Localization System] CLocalize::FindSafe failed to localize: 'AIB[D] blocked=emergency-kill reason=no_target'
08/29 18:28:25 [Localization System] CLocalize::FindSafe failed to localize: 'AIB[D] intent=top-arbiter family=state winner=wave-watch:10 losers=safe-cs:56,hero-over-creep:52,idle-heal:46,emergency-retreat:45,fwd-pullback:44'
08/29 18:28:25 [Localization System] CLocalize::FindSafe failed to localize: 'AIB[D] blocked=buy-loop reason=saving target=item_bottle head=item_bottle cost=675 gold=351 left=1'
08/29 18:28:25 [Localization System] CLocalize::FindSafe failed to localize: 'AIB[R] blocked=buy-loop reason=saving target=item_bottle head=item_bottle cost=675 gold=351 left=1'
08/29 18:28:25 [Localization System] CLocalize::FindSafe failed to localize: 'AIB[D] intent=tick-owner family=other stage=laning-core'
08/29 18:28:26 [Localization System] CLocalize::FindSafe failed to localize: 'AIB[R] intent=state-desire-fight family=state base=78 hp_adv=8 execute=20 dist=883 hp=78 ehp=52 reason=enemy_seen score=106'
08/29 18:28:26 [Localization System] CLocalize::FindSafe failed to localize: 'AIB[R] blocked=ability-pressure reason=nothing_castable'
08/29 18:28:26 [Localization System] CLocalize::FindSafe failed to localize: 'AIB[R] blocked=top-arbiter reason=empty_action winner=fight score=106'
08/29 18:28:26 [Localization System] CLocalize::FindSafe failed to localize: 'AIB[R] blocked=recovery-buy reason=flask_in_inventory hp=78'
08/29 18:28:26 [Localization System] CLocalize::FindSafe failed to localize: 'AIB[D] intent=recovery-plan family=recover action=buy_flask reason=critical hp=52 gold=352 count=2'
08/29 18:28:26 [Localization System] CLocalize::FindSafe failed to localize: 'AIB[R] intent=top-arbiter family=state winner=anti-idle:2 losers=fight:106,hero-over-creep:52,idle-heal:46,emergency-retreat:45,fwd-pullback:44'
08/29 18:28:26 [Localization System] CLocalize::FindSafe failed to localize: 'AIB[D] blocked=uphill-repo reason=no_reposition'
08/29 18:28:26 [Localization System] CLocalize::FindSafe failed to localize: 'AIB[D] blocked=uphill-repo reason=motor_busy'
08/29 18:28:26 [Localization System] CLocalize::FindSafe failed to localize: 'AIB[D] t=71s hp=53% gold=253 loc=343,460 enemy-dist=736 lh=2 dn=0 dg=-55 dlh=+1 bottle=-1 lvl=2 front=8620 ehp=78'
08/29 18:28:26 [Localization System] CLocalize::FindSafe failed to localize: 'AIB[D] blocked=harass reason=no_target'
08/29 18:28:27 [Localization System] CLocalize::FindSafe failed to localize: 'AIB[D] intent=top-arbiter family=state winner=wave-watch:10 losers=safe-cs:56,hero-over-creep:52,idle-heal:46,emergency-retreat:45,fwd-pullback:44'
08/29 18:28:28 [Localization System] CLocalize::FindSafe failed to localize: 'AIB[D] blocked=creep-hit-react reason=recovery_commit hp=52 band=soft'
08/29 18:28:28 [Localization System] CLocalize::FindSafe failed to localize: 'AIB[D] blocked=safety-candidate reason=no_action_capped hp=52 score=44'
08/29 18:28:28 [Localization System] CLocalize::FindSafe failed to localize: 'AIB[D] blocked=recover-candidate reason=no_action_capped hp=52 score=44'
08/29 18:28:28 [Localization System] CLocalize::FindSafe failed to localize: 'AIB[D] blocked=hero-prio-chase reason=lane_work dist=921 cs=false creep=true hp_adv=false kill_pressure=false close=false low_farm=false lane_override=false'
08/29 18:28:28 [Localization System] CLocalize::FindSafe failed to localize: 'AIB[D] blocked=ability-harass reason=nothing_castable'
08/29 18:28:28 [Localization System] CLocalize::FindSafe failed to localize: 'AIB[D] intent=tick-owner family=other stage=laning-core'
08/29 18:28:28 [Localization System] CLocalize::FindSafe failed to localize: 'AIB[R] t=73s hp=79% gold=356 loc=-548,-449 enemy-dist=1043 lh=2 dn=2 dg=+11 dlh=+0 bottle=-1 lvl=2 front=9668 ehp=53'
08/29 18:28:28 [Localization System] CLocalize::FindSafe failed to localize: 'AIB[R] blocked=hero-over-creep reason=no_target'
08/29 18:28:28 [Localization System] CLocalize::FindSafe failed to localize: 'AIB[R] blocked=emergency-kill reason=no_target'
08/29 18:28:28 [Localization System] CLocalize::FindSafe failed to localize: 'AIB[R] blocked=uphill-repo reason=no_reposition'
08/29 18:28:28 [Localization System] CLocalize::FindSafe failed to localize: 'AIB[R] blocked=harass reason=no_target'
08/29 18:28:28 [Localization System] CLocalize::FindSafe failed to localize: 'AIB[R] blocked=ability-harass reason=nothing_castable'
08/29 18:28:28 [Localization System] CLocalize::FindSafe failed to localize: 'AIB[R] intent=top-arbiter family=state winner=anti-idle:2 losers=hero-over-creep:52,idle-heal:46,emergency-retreat:45,fwd-pullback:44,emergency-kill:43.5'
08/29 18:28:28 [Localization System] CLocalize::FindSafe failed to localize: 'AIB[R] intent=tick-owner family=other stage=desire/anti-idle reason=ready score=2 band=idle'
08/29 18:28:28 [Localization System] CLocalize::FindSafe failed to localize: 'AIB[D] blocked=hero-over-creep reason=no_target'
08/29 18:28:28 [Localization System] CLocalize::FindSafe failed to localize: 'AIB[D] blocked=emergency-kill reason=no_target'
08/29 18:28:28 [Localization System] CLocalize::FindSafe failed to localize: 'AIB[D] intent=top-arbiter family=state winner=wave-watch:10 losers=safe-cs:56,hero-over-creep:52,idle-heal:46,emergency-retreat:45,fwd-pullback:44'
08/29 18:28:29 [Localization System] CLocalize::FindSafe failed to localize: 'AIB[R] intent=state-desire-fight family=state base=78 hp_adv=8 execute=20 dist=882 hp=79 ehp=51 reason=enemy_seen score=106'
08/29 18:28:29 [Localization System] CLocalize::FindSafe failed to localize: 'AIB[R] blocked=ability-pressure reason=nothing_castable'
08/29 18:28:29 [Localization System] CLocalize::FindSafe failed to localize: 'AIB[R] blocked=top-arbiter reason=empty_action winner=fight score=106'
08/29 18:28:29 [Localization System] CLocalize::FindSafe failed to localize: 'AIB[D] blocked=uphill-repo reason=not_trading'
08/29 18:28:29 [Localization System] CLocalize::FindSafe failed to localize: 'AIB[R] intent=hero-contact family=fight dist=781 hp=79 reason=close_enemy'
08/29 18:28:29 [Localization System] CLocalize::FindSafe failed to localize: 'AIB[R] blocked=hero-contact reason=refractory since=0.20'
08/29 18:28:30 [Localization System] CLocalize::FindSafe failed to localize: 'AIB[D] blocked=fight-candidate reason=no_action_capped hp=51 score=40'
08/29 18:28:30 [Localization System] CLocalize::FindSafe failed to localize: 'AIB[D] blocked=harass reason=no_target'
08/29 18:28:30 [Localization System] CLocalize::FindSafe failed to localize: 'AIB[R] intent=hero-pass family=fight dist=600 hp=80 reason=nearby_enemy'
08/29 18:28:30 [Localization System] CLocalize::FindSafe failed to localize: 'AIB[R] intent=top-arbiter family=state winner=fight:124 losers=hero-over-creep:52,idle-heal:46,emergency-retreat:45,fwd-pullback:44,emergency-kill:43.5'
08/29 18:28:30 [Localization System] CLocalize::FindSafe failed to localize: 'AIB[D] intent=tick-owner family=other stage=laning-core'
08/29 18:28:30 [Localization System] CLocalize::FindSafe failed to localize: 'AIB[D] blocked=hero-prio-always reason=uphill'
08/29 18:28:30 [Localization System] CLocalize::FindSafe failed to localize: 'AIB[D] intent=top-arbiter family=state winner=creep-work:38.6 losers=safe-cs:56,hero-over-creep:52,idle-heal:46,emergency-retreat:45,fwd-pullback:44'
08/29 18:28:30 [Server] PR:IncrementIdleTime 6:[I:0:0] 2.90
08/29 18:28:30 Script function 'Think' on bot npc_dota_hero_nevermore took 2.028ms
08/29 18:28:30 [Localization System] CLocalize::FindSafe failed to localize: 'AIB[D] blocked=visual-hold reason=creep_damage held=3.2 hp=52 repeat=4 hard=true'
08/29 18:28:31 [Localization System] CLocalize::FindSafe failed to localize: 'AIB[D] blocked=recover-candidate reason=no_action_capped hp=53 score=44'
08/29 18:28:31 [Localization System] CLocalize::FindSafe failed to localize: 'AIB[D] blocked=uphill-repo reason=motor_busy'
08/29 18:28:31 [Localization System] CLocalize::FindSafe failed to localize: 'AIB[D] t=76s hp=54% gold=260 loc=75,141 enemy-dist=697 lh=2 dn=0 dg=+7 dlh=+0 bottle=-1 lvl=2 front=8943 ehp=81'
08/29 18:28:31 [Localization System] CLocalize::FindSafe failed to localize: 'AIB[D] blocked=hero-over-creep reason=no_target'
08/29 18:28:31 [Localization System] CLocalize::FindSafe failed to localize: 'AIB[D] blocked=emergency-kill reason=no_target'
08/29 18:28:31 [Localization System] CLocalize::FindSafe failed to localize: 'AIB[D] intent=top-arbiter family=state winner=harass:40 losers=safe-cs:56,hero-over-creep:52,idle-heal:46,emergency-retreat:45,fwd-pullback:44'
08/29 18:28:31 [Localization System] CLocalize::FindSafe failed to localize: 'AIB[D] intent=damage-by-source family=other creep=232 tower=0 hero=550 mixed=0 death=0 other=65 stale=2 gaps=1'
08/29 18:28:32 [Localization System] CLocalize::FindSafe failed to localize: 'AIB[D] intent=tick-owner family=other stage=laning-core'
08/29 18:28:32 [Localization System] CLocalize::FindSafe failed to localize: 'AIB[R] intent=damage-by-source family=other creep=99 tower=0 hero=533 mixed=10 death=0 other=0 stale=0 gaps=0'
08/29 18:28:32 [Localization System] CLocalize::FindSafe failed to localize: 'AIB[R] blocked=hero-over-creep reason=no_target'
08/29 18:28:32 [Localization System] CLocalize::FindSafe failed to localize: 'AIB[R] blocked=emergency-kill reason=no_target'
08/29 18:28:32 [Localization System] CLocalize::FindSafe failed to localize: 'AIB[R] blocked=uphill-repo reason=no_reposition'
08/29 18:28:32 [Localization System] CLocalize::FindSafe failed to localize: 'AIB[R] blocked=harass reason=no_target'
08/29 18:28:32 [Localization System] CLocalize::FindSafe failed to localize: 'AIB[R] blocked=ability-harass reason=nothing_castable'
08/29 18:28:32 [Localization System] CLocalize::FindSafe failed to localize: 'AIB[R] intent=top-arbiter family=state winner=anti-idle:2 losers=hero-over-creep:52,idle-heal:46,emergency-retreat:45,fwd-pullback:44,emergency-kill:43.5'
08/29 18:28:32 [Localization System] CLocalize::FindSafe failed to localize: 'AIB[R] intent=tick-owner family=other stage=desire/anti-idle reason=ready score=2 band=idle'
08/29 18:28:33 [Localization System] CLocalize::FindSafe failed to localize: 'AIB[R] blocked=fight-candidate reason=no_action_capped hp=81 score=40'
08/29 18:28:33 [Localization System] CLocalize::FindSafe failed to localize: 'AIB[R] blocked=uphill-repo reason=not_trading'
08/29 18:28:33 [Localization System] CLocalize::FindSafe failed to localize: 'AIB[D] intent=top-arbiter family=state winner=harass:40 losers=hero-over-creep:52,idle-heal:46,emergency-retreat:45,fwd-pullback:44,emergency-kill:43.5'
08/29 18:28:33 [Localization System] CLocalize::FindSafe failed to localize: 'AIB[R] intent=lane-line-episode family=other dist=348 fwd=0.47'
08/29 18:28:33 [Localization System] CLocalize::FindSafe failed to localize: 'AIB[D] blocked=ability-harass reason=nothing_castable'
08/29 18:28:33 [Localization System] CLocalize::FindSafe failed to localize: 'AIB[R] t=78s hp=81% gold=363 loc=-769,-661 enemy-dist=656 lh=2 dn=2 dg=+7 dlh=+0 bottle=-1 lvl=2 front=8150 ehp=57'
08/29 18:28:33 [Localization System] CLocalize::FindSafe failed to localize: 'AIB[R] blocked=uphill-repo reason=motor_busy'
08/29 18:28:33 [Localization System] CLocalize::FindSafe failed to localize: 'AIB[D] blocked=harass reason=no_target'
08/29 18:28:33 [Localization System] CLocalize::FindSafe failed to localize: 'AIB[D] blocked=buy-loop reason=saving target=item_bottle head=item_bottle cost=675 gold=263 left=1'
08/29 18:28:33 [Localization System] CLocalize::FindSafe failed to localize: 'AIB[R] blocked=buy-loop reason=saving target=item_bottle head=item_bottle cost=675 gold=363 left=1'
08/29 18:28:33 [Localization System] CLocalize::FindSafe failed to localize: 'AIB[D] intent=wave-watch-work family=other lh=2 idle=8 creep_hp=550 dist=549'
08/29 18:28:33 [Localization System] CLocalize::FindSafe failed to localize: 'AIB[R] intent=state-desire-fight family=state base=78 range=18 hp_adv=8 execute=20 dist=525 hp=81 ehp=58 reason=enemy_seen score=124'
08/29 18:28:33 [Localization System] CLocalize::FindSafe failed to localize: 'AIB[R] blocked=ability-pressure reason=nothing_castable'
08/29 18:28:33 [Localization System] CLocalize::FindSafe failed to localize: 'AIB[D] intent=state-desire-fight family=state base=78 range=18 dist=525 hp=58 ehp=81 reason=enemy_seen score=96'
08/29 18:28:33 [Localization System] CLocalize::FindSafe failed to localize: 'AIB[D] blocked=ability-pressure reason=nothing_castable'
08/29 18:28:33 [Localization System] CLocalize::FindSafe failed to localize: 'AIB[D] intent=hero-contact family=fight dist=525 hp=58 reason=attackable_enemy'
08/29 18:28:34 [Localization System] CLocalize::FindSafe failed to localize: 'AIB[D] blocked=hero-contact reason=refractory since=0.17'
08/29 18:28:34 [Localization System] CLocalize::FindSafe failed to localize: 'AIB[D] intent=hero-pass family=fight dist=525 hp=58 reason=nearby_enemy'
08/29 18:28:34 [Localization System] CLocalize::FindSafe failed to localize: 'AIB[R] blocked=hero-contact reason=refractory since=0.20'
08/29 18:28:34 [Localization System] CLocalize::FindSafe failed to localize: 'AIB[R] blocked=hero-pass reason=uphill hp=82'
08/29 18:28:34 [Localization System] CLocalize::FindSafe failed to localize: 'AIB[R] blocked=top-arbiter reason=empty_action winner=fight score=142'
08/29 18:28:34 [Localization System] CLocalize::FindSafe failed to localize: 'AIB[D] blocked=top-arbiter reason=empty_action winner=fight score=114'
08/29 18:28:34 [Localization System] CLocalize::FindSafe failed to localize: 'AIB[D] blocked=uphill-repo reason=motor_busy'
08/29 18:28:34 [Localization System] CLocalize::FindSafe failed to localize: 'AIB[D] blocked=hero-prio-always reason=hp_behind'
08/29 18:28:34 [Localization System] CLocalize::FindSafe failed to localize: 'AIB[D] intent=tick-owner family=other stage=desire/creep-work reason=ready score=39 band=lanework'
08/29 18:28:34 [Localization System] CLocalize::FindSafe failed to localize: 'AIB[R] blocked=recovery-buy reason=flask_in_inventory hp=82'
08/29 18:28:34 [Localization System] CLocalize::FindSafe failed to localize: 'AIB[R] intent=top-arbiter family=state winner=emergency-kill:43.5 losers=fight:124,hero-over-creep:52,idle-heal:46,emergency-retreat:45,fwd-pullback:44'
08/29 18:28:34 [Localization System] CLocalize::FindSafe failed to localize: 'AIB[D] blocked=recover-candidate reason=no_action_capped hp=48 score=44'
08/29 18:28:34 [Localization System] CLocalize::FindSafe failed to localize: 'AIB[R] intent=hero-contact family=fight dist=525 hp=82 reason=attackable_enemy'
08/29 18:28:34 [Localization System] CLocalize::FindSafe failed to localize: 'AIB[R] intent=tick-owner family=other stage=laning-core'
08/29 18:28:35 [Localization System] CLocalize::FindSafe failed to localize: 'AIB[D] blocked=hero-over-creep reason=no_target'
08/29 18:28:35 [Localization System] CLocalize::FindSafe failed to localize: 'AIB[D] blocked=emergency-kill reason=no_target'
08/29 18:28:35 [Localization System] CLocalize::FindSafe failed to localize: 'AIB[D] blocked=uphill-repo reason=no_reposition'
08/29 18:28:35 [Localization System] CLocalize::FindSafe failed to localize: 'AIB[D] intent=melee-pack-space family=safety count=3 dist=150'
08/29 18:28:35 [Localization System] CLocalize::FindSafe failed to localize: 'AIB[D] intent=top-arbiter family=state winner=ranged-spacing:41 losers=fight:114,safe-cs:56,hero-over-creep:52,idle-heal:46,emergency-retreat:45'
08/29 18:28:35 [Localization System] CLocalize::FindSafe failed to localize: 'AIB[D] blocked=safety-candidate reason=no_action_capped hp=41 score=44'
08/29 18:28:35 [Localization System] CLocalize::FindSafe failed to localize: 'AIB[D] intent=state-desire-fight family=state base=78 range=18 dist=562 hp=41 ehp=82 hyst=18 reason=enemy_seen score=114'
08/29 18:28:35 [Localization System] CLocalize::FindSafe failed to localize: 'AIB[D] blocked=ability-pressure reason=hp_disadv dist=562 hp=41 ehp=82'
08/29 18:28:35 [Localization System] CLocalize::FindSafe failed to localize: 'AIB[D] blocked=hero-pass reason=low_hp hp=41'
08/29 18:28:35 [Localization System] CLocalize::FindSafe failed to localize: 'AIB[D] intent=state-desire-recover family=state base=74 hp=41 reason=hp_gate score=74'
08/29 18:28:35 [Localization System] CLocalize::FindSafe failed to localize: 'AIB[D] intent=recovery-policy family=recover action=recover hp=41 gate=55 source=lane-low'
08/29 18:28:35 [Localization System] CLocalize::FindSafe failed to localize: 'AIB[D] intent=state-recover-xp family=state ttl=2 reason=regen_lane hp=41 dist=670'
08/29 18:28:35 [Localization System] CLocalize::FindSafe failed to localize: 'AIB[D] blocked=fight-candidate reason=no_action_capped hp=41 score=40'
08/29 18:28:35 [Localization System] CLocalize::FindSafe failed to localize: 'AIB[R] blocked=hero-over-creep reason=no_target'
08/29 18:28:35 [Localization System] CLocalize::FindSafe failed to localize: 'AIB[R] intent=top-arbiter family=state winner=emergency-kill:43.5 losers=hero-over-creep:52,idle-heal:46,emergency-retreat:45,fwd-pullback:44,uphill:43'
08/29 18:28:36 [Localization System] CLocalize::FindSafe failed to localize: 'AIB[R] blocked=emergency-kill reason=no_target'
08/29 18:28:36 [Localization System] CLocalize::FindSafe failed to localize: 'AIB[R] intent=melee-pack-space family=safety count=3 dist=186'
08/29 18:28:36 [Localization System] CLocalize::FindSafe failed to localize: 'AIB[D] intent=state-desire-safety family=state base=108 creep_dmg=8 hp=39 creep=true hero=true reason=recent_damage score=116'
08/29 18:28:36 [Localization System] CLocalize::FindSafe failed to localize: 'AIB[D] intent=creep-hit-react family=safety dist=330 hp=39 hits=1 reason=edge_attack'
08/29 18:28:36 [Localization System] CLocalize::FindSafe failed to localize: 'AIB[R] blocked=harass reason=no_target'
08/29 18:28:36 [Localization System] CLocalize::FindSafe failed to localize: 'AIB[R] blocked=ability-harass reason=nothing_castable'
08/29 18:28:36 [Localization System] CLocalize::FindSafe failed to localize: 'AIB[R] intent=wave-watch-work family=other lh=2 idle=23 creep_hp=300 dist=897'
08/29 18:28:36 [Localization System] CLocalize::FindSafe failed to localize: 'AIB[D] intent=tick-owner family=other stage=laning-core'
08/29 18:28:36 [Localization System] CLocalize::FindSafe failed to localize: 'AIB[D] intent=top-arbiter family=state winner=recover:106 losers=safe-cs:56,hero-over-creep:52,idle-heal:46,emergency-retreat:45,fwd-pullback:44'
08/29 18:28:36 [Localization System] CLocalize::FindSafe failed to localize: 'AIB[R] intent=state-desire-fight family=state base=78 hp_adv=8 execute=20 dist=849 hp=83 ehp=39 reason=enemy_seen score=106'
08/29 18:28:36 [Localization System] CLocalize::FindSafe failed to localize: 'AIB[R] blocked=top-arbiter reason=empty_action winner=fight score=106'
08/29 18:28:36 [Localization System] CLocalize::FindSafe failed to localize: 'AIB[R] blocked=uphill-repo reason=motor_busy'
08/29 18:28:36 [Localization System] CLocalize::FindSafe failed to localize: 'AIB[D] t=81s hp=39% gold=268 loc=-147,-24 enemy-dist=809 lh=2 dn=0 dg=+8 dlh=+0 bottle=-1 lvl=2 front=10273 ehp=81'
08/29 18:28:36 [Localization System] CLocalize::FindSafe failed to localize: 'AIB[R] intent=channel-interrupt family=fight dist=799 hp=81 kind=heal reason=enemy_heal'
08/29 18:28:36 [Localization System] CLocalize::FindSafe failed to localize: 'AIB[R] intent=tick-owner family=other stage=urgent intent=channel-interrupt'
08/29 18:28:37 [Localization System] CLocalize::FindSafe failed to localize: 'AIB[D] intent=state-desire-recover family=state base=74 creep_dmg=-14 hp=41 reason=hp_gate score=60'
08/29 18:28:37 [Localization System] CLocalize::FindSafe failed to localize: 'AIB[D] intent=recovery-owner family=recover band=soft threat=true mode=safe-step hp=42'
08/29 18:28:37 [Localization System] CLocalize::FindSafe failed to localize: 'AIB[D] blocked=creep-hit-react reason=recovery_commit hp=43 band=soft'
08/29 18:28:37 [Localization System] CLocalize::FindSafe failed to localize: 'AIB[D] intent=recovery-policy family=recover action=recover hp=43 gate=55 source=lane-low'
08/29 18:28:37 [Localization System] CLocalize::FindSafe failed to localize: 'AIB[R] intent=state-desire-safety family=state base=108 creep_dmg=8 hp=77 creep=true hero=false reason=recent_damage score=116'
08/29 18:28:37 [Localization System] CLocalize::FindSafe failed to localize: 'AIB[R] blocked=creep-hit-react reason=inside_melee_pack count=3 dist=89 hp=77'
08/29 18:28:37 [Localization System] CLocalize::FindSafe failed to localize: 'AIB[R] intent=creep-hit-react family=safety dist=89 hp=77 hits=1 reason=edge_attack'
08/29 18:28:37 [Localization System] CLocalize::FindSafe failed to localize: 'AIB[R] intent=top-arbiter family=state winner=safety:116 losers=hero-over-creep:52,idle-heal:46,emergency-retreat:45,fwd-pullback:44,emergency-kill:43.5'
08/29 18:28:37 [Localization System] CLocalize::FindSafe failed to localize: 'AIB[D] blocked=recover-candidate reason=no_action_capped hp=45 score=44'
08/29 18:28:37 [Localization System] CLocalize::FindSafe failed to localize: 'AIB[D] blocked=uphill-repo reason=motor_busy'
08/29 18:28:37 [Localization System] CLocalize::FindSafe failed to localize: 'AIB[D] blocked=harass reason=own_heal_running'
08/29 18:28:37 [Localization System] CLocalize::FindSafe failed to localize: 'AIB[D] blocked=ability-harass reason=nothing_castable'
08/29 18:28:37 [Localization System] CLocalize::FindSafe failed to localize: 'AIB[D] intent=wave-watch-work family=other lh=2 idle=13 creep_hp=448 dist=631'
08/29 18:28:38 [Localization System] CLocalize::FindSafe failed to localize: 'AIB[R] blocked=safety-candidate reason=no_action_capped hp=77 score=44'
08/29 18:28:38 [Localization System] CLocalize::FindSafe failed to localize: 'AIB[R] blocked=uphill-repo reason=no_step'
08/29 18:28:38 [Localization System] CLocalize::FindSafe failed to localize: 'AIB[R] intent=melee-pack-space family=safety count=3 dist=557'
08/29 18:28:38 [Localization System] CLocalize::FindSafe failed to localize: 'AIB[D] blocked=hero-over-creep reason=no_target'
08/29 18:28:38 [Localization System] CLocalize::FindSafe failed to localize: 'AIB[D] blocked=emergency-kill reason=no_target'
08/29 18:28:38 [Localization System] CLocalize::FindSafe failed to localize: 'AIB[D] intent=top-arbiter family=state winner=wave-watch:10 losers=safe-cs:56,hero-over-creep:52,idle-heal:46,emergency-retreat:45,fwd-pullback:44'
08/29 18:28:38 [Localization System] CLocalize::FindSafe failed to localize: 'AIB[R] intent=wave-watch-work family=other lh=2 idle=25 creep_hp=217 dist=166'
08/29 18:28:38 [Localization System] CLocalize::FindSafe failed to localize: 'AIB[D] intent=tick-owner family=other stage=laning-core'
08/29 18:28:38 [Localization System] CLocalize::FindSafe failed to localize: 'AIB[R] t=83s hp=77% gold=371 loc=-593,-564 enemy-dist=812 lh=2 dn=2 dg=+8 dlh=+0 bottle=-1 lvl=2 front=8628 ehp=50'
08/29 18:28:38 [Localization System] CLocalize::FindSafe failed to localize: 'AIB[R] intent=tick-owner family=other stage=urgent intent=channel-interrupt'
08/29 18:28:39 [Localization System] CLocalize::FindSafe failed to localize: 'AIB[D] blocked=uphill-repo reason=not_trading'
08/29 18:28:39 [Localization System] CLocalize::FindSafe failed to localize: 'AIB[D] blocked=fight-candidate reason=no_action_capped hp=53 score=40'
08/29 18:28:39 [Localization System] CLocalize::FindSafe failed to localize: 'AIB[D] intent=top-arbiter family=state winner=creep-work:38.6 losers=safe-cs:56,hero-over-creep:52,idle-heal:46,emergency-retreat:45,fwd-pullback:44'
08/29 18:28:40 [Localization System] CLocalize::FindSafe failed to localize: 'AIB[D] intent=tick-owner family=other stage=laning-core'
08/29 18:28:41 [Localization System] CLocalize::FindSafe failed to localize: 'AIB[D] blocked=hero-over-creep reason=no_target'
08/29 18:28:41 [Localization System] CLocalize::FindSafe failed to localize: 'AIB[D] blocked=emergency-kill reason=no_target'
08/29 18:28:41 [Localization System] CLocalize::FindSafe failed to localize: 'AIB[D] intent=top-arbiter family=state winner=creep-work:38.6 losers=hero-over-creep:52,idle-heal:46,emergency-retreat:45,fwd-pullback:44,emergency-kill:43.5'
08/29 18:28:41 [Localization System] CLocalize::FindSafe failed to localize: 'AIB[D] blocked=recovery-buy reason=budget_cap hp=64 gold=275 count=2 allow=2'
08/29 18:28:41 [Localization System] CLocalize::FindSafe failed to localize: 'AIB[D] blocked=buy-loop reason=saving target=item_bottle head=item_bottle cost=675 gold=275 left=1'
08/29 18:28:41 [Localization System] CLocalize::FindSafe failed to localize: 'AIB[R] blocked=buy-loop reason=saving target=item_bottle head=item_bottle cost=675 gold=375 left=1'
08/29 18:28:41 [Localization System] CLocalize::FindSafe failed to localize: 'AIB[D] t=86s hp=66% gold=276 loc=-119,7 enemy-dist=929 lh=2 dn=0 dg=+8 dlh=+0 bottle=-1 lvl=2 front=10246 ehp=57'
08/29 18:28:41 [Localization System] CLocalize::FindSafe failed to localize: 'AIB[D] blocked=uphill-repo reason=no_reposition'
08/29 18:28:42 [Localization System] CLocalize::FindSafe failed to localize: 'AIB[D] blocked=harass reason=own_heal_running'
08/29 18:28:42 [Localization System] CLocalize::FindSafe failed to localize: 'AIB[D] intent=state-desire-last-hit family=farm dist=480 reason=killable_creep score=140'
08/29 18:28:42 [Localization System] CLocalize::FindSafe failed to localize: 'AIB[R] blocked=channel-interrupt reason=unsafe dist=1096 hp=57 kind=heal'
08/29 18:28:42 [Localization System] CLocalize::FindSafe failed to localize: 'AIB[R] intent=state-desire-safety family=state base=108 creep_dmg=8 hp=57 creep=true hero=false reason=recent_damage score=116'
08/29 18:28:42 [Localization System] CLocalize::FindSafe failed to localize: 'AIB[R] intent=creep-hit-react family=safety dist=393 hp=57 hits=1 reason=attack'
08/29 18:28:42 [Localization System] CLocalize::FindSafe failed to localize: 'AIB[R] intent=top-arbiter family=state winner=safety:116 losers=hero-over-creep:52,idle-heal:46,emergency-retreat:45,fwd-pullback:44,emergency-kill:43.5'
08/29 18:28:42 [Localization System] CLocalize::FindSafe failed to localize: 'AIB[R] intent=tick-owner family=other stage=desire/safety base=108 creep_dmg=8 hp=57 creep=true hero=false reason=recent_damage score=116'
08/29 18:28:42 [Localization System] CLocalize::FindSafe failed to localize: 'AIB[R] blocked=safety-candidate reason=no_action_capped hp=57 score=44'
08/29 18:28:42 [Localization System] CLocalize::FindSafe failed to localize: 'AIB[R] blocked=hero-over-creep reason=no_target'
08/29 18:28:42 [Localization System] CLocalize::FindSafe failed to localize: 'AIB[R] intent=recovery-plan family=recover action=flask reason=inventory hp=57'
08/29 18:28:42 [Localization System] CLocalize::FindSafe failed to localize: 'AIB[R] blocked=emergency-kill reason=no_target'
08/29 18:28:42 [Localization System] CLocalize::FindSafe failed to localize: 'AIB[R] blocked=uphill-repo reason=no_reposition'
08/29 18:28:42 [Localization System] CLocalize::FindSafe failed to localize: 'AIB[R] blocked=harass reason=own_heal_running'
08/29 18:28:42 [Localization System] CLocalize::FindSafe failed to localize: 'AIB[R] intent=cs-watchdog family=farm lh=2 idle=22 creep_hp=192 dist=577'
08/29 18:28:42 [Localization System] CLocalize::FindSafe failed to localize: 'AIB[D] blocked=channel-interrupt reason=unsafe dist=1096 hp=71 kind=heal'
08/29 18:28:42 [Localization System] CLocalize::FindSafe failed to localize: 'AIB[D] intent=tick-owner family=other stage=laning-core'
08/29 18:28:42 [Localization System] CLocalize::FindSafe failed to localize: 'AIB[R] blocked=ability-harass reason=nothing_castable'
08/29 18:28:42 [Localization System] CLocalize::FindSafe failed to localize: 'AIB[R] intent=wave-watch-work family=other lh=2 idle=30 creep_hp=192 dist=587'
08/29 18:28:42 [Localization System] CLocalize::FindSafe failed to localize: 'AIB[D] intent=top-arbiter family=state winner=creep-work:38.6 losers=hero-over-creep:52,idle-heal:46,emergency-retreat:45,fwd-pullback:44,emergency-kill:43.5'
08/29 18:28:43 [Localization System] CLocalize::FindSafe failed to localize: 'AIB[D] blocked=ability-harass reason=nothing_castable'
08/29 18:28:43 [Localization System] CLocalize::FindSafe failed to localize: 'AIB[D] intent=wave-watch-work family=other lh=2 idle=18 creep_hp=355 dist=647'
08/29 18:28:43 [Localization System] CLocalize::FindSafe failed to localize: 'AIB[R] t=88s hp=64% gold=379 loc=-930,-1059 enemy-dist=1212 lh=2 dn=2 dg=+8 dlh=+0 bottle=-1 lvl=2 front=8459 ehp=77'
08/29 18:28:43 [Localization System] CLocalize::FindSafe failed to localize: 'AIB[R] intent=top-arbiter family=state winner=idle-heal:46 losers=hero-over-creep:52,emergency-retreat:45,fwd-pullback:44,emergency-kill:43.5,uphill:43'
08/29 18:28:44 [Localization System] CLocalize::FindSafe failed to localize: 'AIB[D] blocked=hero-over-creep reason=no_target'
08/29 18:28:44 [Localization System] CLocalize::FindSafe failed to localize: 'AIB[D] blocked=emergency-kill reason=no_target'
08/29 18:28:44 [Localization System] CLocalize::FindSafe failed to localize: 'AIB[D] intent=top-arbiter family=state winner=creep-work:38.6 losers=hero-over-creep:52,idle-heal:46,emergency-retreat:45,fwd-pullback:44,emergency-kill:43.5'
08/29 18:28:44 [Localization System] CLocalize::FindSafe failed to localize: 'AIB[R] intent=tick-owner family=other stage=laning-core'
08/29 18:28:44 [Localization System] CLocalize::FindSafe failed to localize: 'AIB[D] intent=tick-owner family=other stage=laning-core'
08/29 18:28:44 [Localization System] CLocalize::FindSafe failed to localize: 'AIB[D] blocked=uphill-repo reason=no_reposition'
08/29 18:28:45 [Localization System] CLocalize::FindSafe failed to localize: 'AIB[R] blocked=cs-watchdog reason=no_creep lh=2 idle=24'
08/29 18:28:45 [Localization System] CLocalize::FindSafe failed to localize: 'AIB[D] intent=wave-watch-work family=other lh=2 idle=20 creep_hp=155 dist=516'
08/29 18:28:45 [Localization System] CLocalize::FindSafe failed to localize: 'AIB[R] intent=cs-watchdog family=farm lh=2 idle=25 creep_hp=257 dist=848'
08/29 18:28:45 [Localization System] CLocalize::FindSafe failed to localize: 'AIB[R] intent=top-arbiter family=state winner=creep-work:38.8 losers=hero-over-creep:52,idle-heal:46,emergency-retreat:45,fwd-pullback:44,emergency-kill:43.5'
08/29 18:28:45 [Localization System] CLocalize::FindSafe failed to localize: 'AIB[D] intent=state-desire-last-hit family=farm dist=476 reason=killable_creep score=140'
08/29 18:28:45 [Localization System] CLocalize::FindSafe failed to localize: 'AIB[R] blocked=hero-over-creep reason=no_target'
08/29 18:28:45 [Localization System] CLocalize::FindSafe failed to localize: 'AIB[R] blocked=emergency-kill reason=no_target'
08/29 18:28:45 [Localization System] CLocalize::FindSafe failed to localize: 'AIB[R] blocked=uphill-repo reason=no_reposition'
08/29 18:28:45 [Localization System] CLocalize::FindSafe failed to localize: 'AIB[R] blocked=ability-harass reason=nothing_castable'
08/29 18:28:45 [Localization System] CLocalize::FindSafe failed to localize: 'AIB[R] intent=wave-watch-work family=other lh=2 idle=33 creep_hp=124 dist=942'
08/29 18:28:46 [Localization System] CLocalize::FindSafe failed to localize: 'AIB[D] blocked=harass reason=own_heal_running'
08/29 18:28:46 [Localization System] CLocalize::FindSafe failed to localize: 'AIB[D] intent=top-arbiter family=state winner=creep-work:38.6 losers=hero-over-creep:52,idle-heal:46,emergency-retreat:45,fwd-pullback:44,emergency-kill:43.5'
08/29 18:28:46 [Localization System] CLocalize::FindSafe failed to localize: 'AIB[R] blocked=uphill-repo reason=not_trading'
08/29 18:28:46 [Localization System] CLocalize::FindSafe failed to localize: 'AIB[D] blocked=ability-harass reason=nothing_castable'
08/29 18:28:46 [Localization System] CLocalize::FindSafe failed to localize: 'AIB[R] intent=tick-owner family=other stage=laning-core'
08/29 18:28:46 [Localization System] CLocalize::FindSafe failed to localize: 'AIB[R] blocked=harass reason=own_heal_running'
08/29 18:28:46 [Localization System] CLocalize::FindSafe failed to localize: 'AIB[D] intent=tick-owner family=other stage=laning-core'
08/29 18:28:47 [Localization System] CLocalize::FindSafe failed to localize: 'AIB[D] t=91s hp=94% gold=283 loc=-295,-146 lh=2 dn=0 dg=+7 dlh=+0 bottle=-1 lvl=2 front=10174 ehp=-1'
08/29 18:28:47 [Localization System] CLocalize::FindSafe failed to localize: 'AIB[D] intent=damage-by-source family=other creep=245 tower=0 hero=670 mixed=0 death=0 other=65 stale=2 gaps=1'
08/29 18:28:47 [Localization System] CLocalize::FindSafe failed to localize: 'AIB[R] intent=top-arbiter family=state winner=wave-watch:10 losers=hero-over-creep:52,idle-heal:46,emergency-retreat:45,fwd-pullback:44,emergency-kill:43.5'
08/29 18:28:47 [Localization System] CLocalize::FindSafe failed to localize: 'AIB[D] blocked=hero-over-creep reason=no_target'
08/29 18:28:47 [Localization System] CLocalize::FindSafe failed to localize: 'AIB[D] blocked=emergency-kill reason=no_target'
08/29 18:28:47 [Localization System] CLocalize::FindSafe failed to localize: 'AIB[D] intent=channel-interrupt family=fight dist=918 hp=95 kind=heal reason=enemy_heal'
08/29 18:28:47 [Localization System] CLocalize::FindSafe failed to localize: 'AIB[R] anti-idle-enter=8 anti-idle-lane=6 channel-interrupt-atk=7 channel-interrupt-chase=9 creep-aggro-back=1 creep-aggro-hero-yield=1 creep-dmg=1 creep-hit-react-atk=7 creep-hit-react-step=6 cs-wait-release=2 cs-wait=7 cs-walk-gap-large=2 cs-walk-gap-small=2 cs-walk-inrange=3 cs-walk-into-pack=4 cs-walk=7 cs-watchdog-step=3 deny-act-atk=9 deny-act-walk=3 deny-act=12 deny-cand-doomed=9 deny-cand-tanky=70 fwd-at-position=1 fwd-suppressed-creep=9 fwd-suppressed-cs=2 fwd-suppressed-empty=1 fwd-suppressed-hero=3 fwd-suppressed-motor=4 fwd-suppressed-tower=3 fwd-suppressed-visual=1 fwd-suppressed-watchdog=1 heal-item=1 hero-contact-atk=4 hero-contact-chase=3 hero-over-creep=1 hero-pass-chase=2 idle=1 kill-priority=10 killwin-scan=340 lane-line-fallback=21 lane-line-suppressed-creep-dmg=1 lane-line-suppressed-creep=1 lane-line-suppressed-empty=4 lane-line-suppressed-heal=7 lane-line-suppressed-lowhp=2 lane-line-suppressed-motor=2 last-hit-urgent=6 melee-pack-release=5 melee-pack-space=9 pre-aig=8 precreep-anchor=49 precreep-hold=3 precreep-park-hold=13 precreep-park=154 precreep-space=2 prewave-defend=2 prewave-free-hit=87 recovery-buy=1 recovery-enemy-near=63 recovery-flask=1 recovery-tango=1 siege-commit-tower=7 siege-step=1 tango-heal=1 uphill-reposition=2 uphill-void-under-fire=7 visual-hold-creep=6 visual-hold-lane=1 wave-watch-atk=10 wave-watch-no-wave=6 wave-watch-step=48 wave-watch=5'
08/29 18:28:47 [Localization System] CLocalize::FindSafe failed to localize: 'AIB[R] blocked=channel-interrupt reason=unsafe dist=857 hp=84 kind=heal'
08/29 18:28:47 [Localization System] CLocalize::FindSafe failed to localize: 'AIB[R] intent=recovery-plan family=recover action=buy_flask reason=critical hp=84 gold=384 count=2'
08/29 18:28:47 [Localization System] CLocalize::FindSafe failed to localize: 'AIB[R] intent=damage-by-source family=other creep=151 tower=0 hero=600 mixed=10 death=0 other=0 stale=49 gaps=1'
08/29 18:28:48 [Localization System] CLocalize::FindSafe failed to localize: 'AIB[R] intent=channel-interrupt family=fight dist=603 hp=89 kind=heal reason=enemy_heal'
08/29 18:28:48 [Localization System] CLocalize::FindSafe failed to localize: 'AIB[R] intent=tick-owner family=other stage=laning-core'
08/29 18:28:48 [Localization System] CLocalize::FindSafe failed to localize: 'AIB[R] t=93s hp=91% gold=286 loc=-926,-799 enemy-dist=572 lh=2 dn=2 dg=-93 dlh=+0 bottle=-1 lvl=2 front=8393 ehp=100'
08/29 18:28:48 [Localization System] CLocalize::FindSafe failed to localize: 'AIB[D] anti-idle-creep-walk=1 anti-idle-enter=5 anti-idle-lane=5 anti-idle-lowhp-back=1 channel-interrupt-atk=4 channel-interrupt-chase=6 creep-hit-react-atk=4 creep-hit-react-step=7 cs-wait-release=5 cs-wait=4 cs-walk-gap-large=4 cs-walk-gap-small=6 cs-walk-inrange=1 cs-walk-into-pack=1 cs-walk=11 cw-push=70 deny-act-walk=6 deny-act=6 deny-cand-doomed=4 deny-cand-tanky=15 fight-hp-behind=7 fwd-suppressed-creep=4 fwd-suppressed-cs=1 fwd-suppressed-hero=1 fwd-suppressed-lowhp=1 fwd-suppressed-motor=5 fwd-suppressed-tower=4 fwd-suppressed-visual=1 heal-item=2 hero-contact-atk=5 hero-pass-atk=4 hero-prio-always=2 hero-prio-chase-hold=3 hero-prio-chase=13 idle=1 killwin-scan=471 lane-line-suppressed-heal=4 lane-line-suppressed-lowhp=7 last-hit-urgent=12 low-hp-limit=2 melee-pack-release=5 melee-pack-space=8 pre-aig=5 precreep-anchor=29 precreep-hold=2 precreep-park-hold=12 precreep-park=185 precreep-space=4 prewave-duel-approach=31 prewave-duel-trade=92 recover-xp=4 recovery-buy=2 recovery-enemy-near=87 recovery-regen=2 recovery-tango=3 regen-walk=2 uphill-void-under-fire=1 visual-hold-creep=2 visual-hold-lane=2 wave-watch-atk=2 wave-watch-no-wave=5 wave-watch-step=40 wave-watch=3'
08/29 18:28:48 [Localization System] CLocalize::FindSafe failed to localize: 'AIB[D] intent=tick-owner family=other stage=laning-core'
08/29 18:28:49 [Localization System] CLocalize::FindSafe failed to localize: 'AIB[R] blocked=fight-candidate reason=no_action_capped hp=94 score=40'
08/29 18:28:49 [Localization System] CLocalize::FindSafe failed to localize: 'AIB[R] blocked=hero-over-creep reason=no_target'
08/29 18:28:49 [Localization System] CLocalize::FindSafe failed to localize: 'AIB[R] blocked=emergency-kill reason=no_target'
08/29 18:28:49 [Localization System] CLocalize::FindSafe failed to localize: 'AIB[R] intent=top-arbiter family=state winner=uphill:43 losers=hero-over-creep:52,idle-heal:46,emergency-retreat:45,fwd-pullback:44,emergency-kill:43.5'
08/29 18:28:49 [Localization System] CLocalize::FindSafe failed to localize: 'AIB[R] blocked=uphill-repo reason=motor_busy'
08/29 18:28:49 [Localization System] CLocalize::FindSafe failed to localize: 'AIB[D] blocked=buy-loop reason=saving target=item_bottle head=item_bottle cost=675 gold=287 left=1'
08/29 18:28:49 [Localization System] CLocalize::FindSafe failed to localize: 'AIB[R] blocked=buy-loop reason=saving target=item_bottle head=item_bottle cost=675 gold=287 left=1'
08/29 18:28:50 [Localization System] CLocalize::FindSafe failed to localize: 'AIB[R] intent=state-desire-last-hit family=farm dist=133 reason=killable_creep score=140'
08/29 18:28:50 [Localization System] CLocalize::FindSafe failed to localize: 'AIB[R] intent=tick-owner family=other stage=laning-core'
08/29 18:28:50 [Localization System] CLocalize::FindSafe failed to localize: 'AIB[D] intent=state-desire-last-hit family=farm dist=97 reason=killable_creep score=140'
08/29 18:28:50 [Localization System] CLocalize::FindSafe failed to localize: 'AIB[D] intent=top-arbiter family=state winner=last-hit:140 losers=safety:116,fight:96,hero-over-creep:52,cs-inrange:50,idle-heal:46'
08/29 18:28:50 [Localization System] CLocalize::FindSafe failed to localize: 'AIB[D] intent=tick-owner family=other stage=desire/last-hit dist=97 reason=killable_creep score=140'
08/29 18:28:51 [Localization System] CLocalize::FindSafe failed to localize: 'AIB[R] intent=top-arbiter family=state winner=last-hit:158 losers=safety:116,fight:96,hero-over-creep:52,cs-inrange:50,idle-heal:46'
08/29 18:28:51 [Localization System] CLocalize::FindSafe failed to localize: 'AIB[R] intent=state-desire-safety family=state base=108 creep_dmg=8 hp=92 creep=true hero=true reason=recent_damage score=116'
08/29 18:28:51 [Localization System] CLocalize::FindSafe failed to localize: 'AIB[R] intent=creep-hit-react family=safety dist=575 hp=92 hits=1 reason=attack'
08/29 18:28:51 [Localization System] CLocalize::FindSafe failed to localize: 'AIB[D] intent=state-desire-safety family=state base=108 creep_dmg=8 hp=83 creep=true hero=false reason=recent_damage score=116'
08/29 18:28:51 [Localization System] CLocalize::FindSafe failed to localize: 'AIB[D] intent=creep-hit-react family=safety dist=364 hp=83 hits=1 reason=attack'
08/29 18:28:51 [Localization System] CLocalize::FindSafe failed to localize: 'AIB[R] blocked=safety-candidate reason=no_action_capped hp=92 score=44'
08/29 18:28:51 [Localization System] CLocalize::FindSafe failed to localize: 'AIB[R] intent=state-desire-fight family=state base=78 range=18 dist=562 hp=92 ehp=83 reason=enemy_seen score=96'
08/29 18:28:51 [Localization System] CLocalize::FindSafe failed to localize: 'AIB[R] blocked=ability-pressure reason=nothing_castable'
08/29 18:28:51 [Localization System] CLocalize::FindSafe failed to localize: 'AIB[R] intent=hero-contact family=fight dist=562 hp=92 reason=attackable_enemy'
08/29 18:28:51 [Localization System] CLocalize::FindSafe failed to localize: 'AIB[D] blocked=safety-candidate reason=no_action_capped hp=83 score=44'
08/29 18:28:51 [Localization System] CLocalize::FindSafe failed to localize: 'AIB[D] intent=state-desire-fight family=state base=78 range=18 dist=562 hp=83 ehp=92 reason=enemy_seen score=96'
08/29 18:28:51 [Localization System] CLocalize::FindSafe failed to localize: 'AIB[D] blocked=ability-pressure reason=nothing_castable'
08/29 18:28:51 [Localization System] CLocalize::FindSafe failed to localize: 'AIB[D] intent=hero-contact family=fight dist=562 hp=83 reason=attackable_enemy'
08/29 18:28:51 [Localization System] CLocalize::FindSafe failed to localize: 'AIB[R] blocked=hero-contact reason=refractory since=0.13'
08/29 18:28:51 [Localization System] CLocalize::FindSafe failed to localize: 'AIB[R] blocked=creep-aggro reason=hero_trading hp=92 hits=1'
08/29 18:28:51 [Localization System] CLocalize::FindSafe failed to localize: 'AIB[R] intent=arbiter family=fight winner=hero-pass:105 losers=creep-aggro:10'
08/29 18:28:51 [Localization System] CLocalize::FindSafe failed to localize: 'AIB[R] intent=hero-pass family=fight dist=562 hp=92 reason=nearby_enemy'
08/29 18:28:51 [Localization System] CLocalize::FindSafe failed to localize: 'AIB[D] blocked=hero-contact reason=refractory since=0.13'
08/29 18:28:51 [Localization System] CLocalize::FindSafe failed to localize: 'AIB[D] intent=arbiter family=fight winner=creep-aggro:112 losers=hero-pass:105'
08/29 18:28:51 [Localization System] CLocalize::FindSafe failed to localize: 'AIB[D] intent=creep-aggro family=safety hp=83 reason=creep_hitting'
08/29 18:28:52 [Localization System] CLocalize::FindSafe failed to localize: 'AIB[R] blocked=creep-aggro reason=chip_ignored hp=92 hits=1'
08/29 18:28:52 [Localization System] CLocalize::FindSafe failed to localize: 'AIB[R] blocked=top-arbiter reason=empty_action winner=fight score=114'
08/29 18:28:52 [Localization System] CLocalize::FindSafe failed to localize: 'AIB[R] blocked=uphill-repo reason=no_step'
08/29 18:28:52 [Localization System] CLocalize::FindSafe failed to localize: 'AIB[R] blocked=harass reason=no_target'
08/29 18:28:52 [Localization System] CLocalize::FindSafe failed to localize: 'AIB[D] t=96s hp=84% gold=291 loc=-550,-423 enemy-dist=562 lh=2 dn=0 dg=+8 dlh=+0 bottle=-1 lvl=2 front=10084 ehp=92'
08/29 18:28:52 [Localization System] CLocalize::FindSafe failed to localize: 'AIB[D] intent=top-arbiter family=state winner=fight:96 losers=hero-over-creep:52,idle-heal:46,emergency-retreat:45,fwd-pullback:44,emergency-kill:43.5'
08/29 18:28:52 [Localization System] CLocalize::FindSafe failed to localize: 'AIB[R] blocked=fight-candidate reason=no_action_capped hp=92 score=40'
08/29 18:28:52 [Localization System] CLocalize::FindSafe failed to localize: 'AIB[R] blocked=hero-over-creep reason=no_target'
08/29 18:28:52 [Localization System] CLocalize::FindSafe failed to localize: 'AIB[R] blocked=emergency-kill reason=no_target'
08/29 18:28:52 [Localization System] CLocalize::FindSafe failed to localize: 'AIB[R] intent=top-arbiter family=state winner=creep-work:38.8 losers=hero-over-creep:52,idle-heal:46,emergency-retreat:45,fwd-pullback:44,emergency-kill:43.5'
08/29 18:28:52 [Localization System] CLocalize::FindSafe failed to localize: 'AIB[R] intent=tick-owner family=other stage=laning-core'
08/29 18:28:52 [Localization System] CLocalize::FindSafe failed to localize: 'AIB[D] intent=tick-owner family=other stage=laning-core'
08/29 18:28:53 [Localization System] CLocalize::FindSafe failed to localize: 'AIB[D] intent=state-desire-safety family=state base=108 creep_dmg=8 hp=74 creep=true hero=true reason=recent_damage score=116'
08/29 18:28:53 [Localization System] CLocalize::FindSafe failed to localize: 'AIB[D] intent=creep-hit-react family=safety dist=364 hp=74 hits=3 reason=attack'
08/29 18:28:53 [Localization System] CLocalize::FindSafe failed to localize: 'AIB[D] intent=state-desire-fight family=state base=78 range=18 dist=562 hp=73 ehp=93 reason=enemy_seen score=96'
08/29 18:28:53 [Localization System] CLocalize::FindSafe failed to localize: 'AIB[D] blocked=creep-aggro reason=hero_trading hp=73 hits=3'
08/29 18:28:53 [Localization System] CLocalize::FindSafe failed to localize: 'AIB[D] intent=arbiter family=fight winner=hero-pass:105 losers=creep-aggro:82'
08/29 18:28:53 [Localization System] CLocalize::FindSafe failed to localize: 'AIB[D] intent=hero-pass family=fight dist=562 hp=73 reason=nearby_enemy'
08/29 18:28:53 [Localization System] CLocalize::FindSafe failed to localize: 'AIB[D] blocked=hero-over-creep reason=no_target'
08/29 18:28:53 [Localization System] CLocalize::FindSafe failed to localize: 'AIB[D] blocked=recovery-buy reason=budget_cap hp=73 gold=294 count=2 allow=2'
08/29 18:28:53 [Localization System] CLocalize::FindSafe failed to localize: 'AIB[D] blocked=emergency-kill reason=no_target'
08/29 18:28:53 [Localization System] CLocalize::FindSafe failed to localize: 'AIB[D] blocked=uphill-repo reason=no_reposition'
08/29 18:28:54 [Localization System] CLocalize::FindSafe failed to localize: 'AIB[R] t=98s hp=93% gold=333 loc=-948,-820 enemy-dist=613 lh=3 dn=2 dg=+47 dlh=+1 bottle=-1 lvl=2 front=8126 ehp=73'
08/29 18:28:54 [Localization System] CLocalize::FindSafe failed to localize: 'AIB[D] intent=top-arbiter family=state winner=fight:114 losers=hero-over-creep:52,idle-heal:46,emergency-retreat:45,fwd-pullback:44,emergency-kill:43.5'
08/29 18:28:54 [Localization System] CLocalize::FindSafe failed to localize: 'AIB[R] intent=top-arbiter family=state winner=creep-work:38.8 losers=hero-over-creep:52,idle-heal:46,emergency-retreat:45,fwd-pullback:44,emergency-kill:43.5'
08/29 18:28:54 [Localization System] CLocalize::FindSafe failed to localize: 'AIB[R] intent=tick-owner family=other stage=laning-core'
08/29 18:28:54 [Localization System] CLocalize::FindSafe failed to localize: 'AIB[D] intent=state-desire-safety family=state base=108 creep_dmg=8 hp=72 creep=true hero=false reason=recent_damage score=116'
08/29 18:28:54 [Localization System] CLocalize::FindSafe failed to localize: 'AIB[D] intent=creep-hit-react family=safety dist=445 hp=72 hits=4 reason=attack'
08/29 18:28:55 [Localization System] CLocalize::FindSafe failed to localize: 'AIB[D] blocked=safety-candidate reason=no_action_capped hp=72 score=44'
08/29 18:28:55 [Localization System] CLocalize::FindSafe failed to localize: 'AIB[D] intent=tick-owner family=other stage=laning-core'
08/29 18:28:55 [Localization System] CLocalize::FindSafe failed to localize: 'AIB[R] intent=state-desire-last-hit family=farm dist=295 reason=killable_creep score=140'
08/29 18:28:55 [Localization System] CLocalize::FindSafe failed to localize: 'AIB[D] intent=state-desire-fight family=state base=78 range=18 dist=593 hp=72 ehp=94 reason=enemy_seen score=96'
08/29 18:28:55 [Localization System] CLocalize::FindSafe failed to localize: 'AIB[D] blocked=ability-pressure reason=nothing_castable'
08/29 18:28:55 [Localization System] CLocalize::FindSafe failed to localize: 'AIB[D] blocked=hero-contact reason=refractory since=0.17'
08/29 18:28:55 [Localization System] CLocalize::FindSafe failed to localize: 'AIB[D] intent=arbiter family=fight winner=creep-aggro:112 losers=hero-pass:105'
08/29 18:28:55 [Localization System] CLocalize::FindSafe failed to localize: 'AIB[D] intent=top-arbiter family=state winner=safety:116 losers=fight:114,hero-over-creep:52,idle-heal:46,emergency-retreat:45,fwd-pullback:44'
08/29 18:28:55 [Localization System] CLocalize::FindSafe failed to localize: 'AIB[R] blocked=fight-candidate reason=no_action_capped hp=95 score=40'
08/29 18:28:55 [Localization System] CLocalize::FindSafe failed to localize: 'AIB[R] intent=top-arbiter family=state winner=last-hit:158 losers=hero-over-creep:52,cs-inrange:50,idle-heal:46,emergency-retreat:45,fwd-pullback:44'
08/29 18:28:56 [Localization System] CLocalize::FindSafe failed to localize: 'AIB[D] intent=state-desire-last-hit family=farm dist=374 reason=killable_creep score=140'
08/29 18:28:56 [Localization System] CLocalize::FindSafe failed to localize: 'AIB[R] blocked=hero-over-creep reason=no_target'
08/29 18:28:56 [Localization System] CLocalize::FindSafe failed to localize: 'AIB[R] blocked=emergency-kill reason=no_target'
08/29 18:28:56 [Localization System] CLocalize::FindSafe failed to localize: 'AIB[R] blocked=uphill-repo reason=not_trading'
08/29 18:28:56 [Localization System] CLocalize::FindSafe failed to localize: 'AIB[R] blocked=harass reason=no_target'
08/29 18:28:56 [Localization System] CLocalize::FindSafe failed to localize: 'invalid index'
08/29 18:28:56 [Localization System] CLocalize::FindSafe failed to localize: 'AIB[R] intent=tick-owner family=other stage=laning-core'
08/29 18:28:57 [Localization System] CLocalize::FindSafe failed to localize: 'AIB[R] blocked=ability-harass reason=nothing_castable'
08/29 18:28:57 [Localization System] CLocalize::FindSafe failed to localize: 'AIB[R] intent=lane-line-episode family=other dist=545 fwd=0.47'
08/29 18:28:57 [Localization System] CLocalize::FindSafe failed to localize: 'AIB[D] t=101s hp=69% gold=298 loc=-542,-416 enemy-dist=572 lh=2 dn=0 dg=+7 dlh=+0 bottle=-1 lvl=2 front=9970 ehp=95'
08/29 18:28:57 [Localization System] CLocalize::FindSafe failed to localize: 'AIB[D] intent=tick-owner family=other stage=laning-core'
08/29 18:28:57 [Localization System] CLocalize::FindSafe failed to localize: 'AIB[D] intent=state-desire-safety family=state base=108 creep_dmg=8 hp=69 creep=true hero=false reason=recent_damage score=116'
08/29 18:28:57 [Localization System] CLocalize::FindSafe failed to localize: 'AIB[D] intent=creep-hit-react family=safety dist=374 hp=69 hits=6 reason=attack'
08/29 18:28:57 [Localization System] CLocalize::FindSafe failed to localize: 'AIB[R] blocked=uphill-repo reason=motor_busy'
08/29 18:28:57 [Localization System] CLocalize::FindSafe failed to localize: 'AIB[D] intent=state-desire-fight family=state base=78 range=18 dist=572 hp=68 ehp=96 reason=enemy_seen score=96'
08/29 18:28:57 [Localization System] CLocalize::FindSafe failed to localize: 'AIB[D] intent=hero-contact family=fight dist=572 hp=68 reason=attackable_enemy'
08/29 18:28:57 [Localization System] CLocalize::FindSafe failed to localize: 'AIB[D] intent=top-arbiter family=state winner=fight:96 losers=hero-over-creep:52,idle-heal:46,emergency-retreat:45,fwd-pullback:44,emergency-kill:43.5'
08/29 18:28:57 [Localization System] CLocalize::FindSafe failed to localize: 'invalid index'
08/29 18:28:57 [Localization System] CLocalize::FindSafe failed to localize: 'AIB[R] intent=top-arbiter family=state winner=emergency-kill:43.5 losers=hero-over-creep:52,idle-heal:46,emergency-retreat:45,fwd-pullback:44,uphill:43'
08/29 18:28:57 [Localization System] CLocalize::FindSafe failed to localize: 'AIB[D] blocked=recover-candidate reason=no_action_capped hp=50 score=44'
08/29 18:28:57 [Localization System] CLocalize::FindSafe failed to localize: 'AIB[D] blocked=ability-pressure reason=hp_disadv dist=562 hp=50 ehp=96'
08/29 18:28:57 [Localization System] CLocalize::FindSafe failed to localize: 'AIB[D] blocked=creep-aggro reason=hero_trading hp=50 hits=6'
08/29 18:28:57 [Localization System] CLocalize::FindSafe failed to localize: 'AIB[D] intent=arbiter family=fight winner=hero-pass:105 losers=creep-aggro:95'
08/29 18:28:57 [Localization System] CLocalize::FindSafe failed to localize: 'AIB[D] intent=creep-aggro family=safety hp=50 dest=276,405 reason=recent_creep_damage'
08/29 18:28:57 [Localization System] CLocalize::FindSafe failed to localize: 'AIB[D] blocked=buy-loop reason=saving target=item_bottle head=item_bottle cost=675 gold=345 left=1'
08/29 18:28:57 [Localization System] CLocalize::FindSafe failed to localize: 'AIB[R] blocked=buy-loop reason=saving target=item_bottle head=item_bottle cost=675 gold=374 left=1'
08/29 18:28:58 [Localization System] CLocalize::FindSafe failed to localize: 'AIB[D] blocked=hero-over-creep reason=no_target'
08/29 18:28:58 [Localization System] CLocalize::FindSafe failed to localize: 'AIB[D] blocked=emergency-kill reason=no_target'
08/29 18:28:58 [Localization System] CLocalize::FindSafe failed to localize: 'AIB[D] blocked=uphill-repo reason=no_reposition'
08/29 18:28:58 [Localization System] CLocalize::FindSafe failed to localize: 'AIB[D] blocked=uphill-repo reason=motor_busy'
08/29 18:28:58 [Localization System] CLocalize::FindSafe failed to localize: 'AIB[D] blocked=safety-candidate reason=no_action_capped hp=43 score=44'
08/29 18:28:58 [Localization System] CLocalize::FindSafe failed to localize: 'AIB[D] blocked=fight-candidate reason=no_action_capped hp=43 score=40'
08/29 18:28:58 [Localization System] CLocalize::FindSafe failed to localize: 'AIB[D] intent=state-desire-recover family=state base=74 creep_dmg=-14 hp=43 reason=hp_gate score=60'
08/29 18:28:58 [Localization System] CLocalize::FindSafe failed to localize: 'AIB[D] intent=recovery-policy family=recover action=recover hp=43 gate=55 source=lane-low'
08/29 18:28:58 [Localization System] CLocalize::FindSafe failed to localize: 'AIB[D] intent=state-recover-xp family=state ttl=2 reason=regen_lane hp=43 dist=612'
08/29 18:28:58 [Localization System] CLocalize::FindSafe failed to localize: 'AIB[R] blocked=fight-candidate reason=no_action_capped hp=96 score=40'
08/29 18:28:58 [Localization System] CLocalize::FindSafe failed to localize: 'AIB[R] intent=tick-owner family=other stage=laning-core'
08/29 18:28:58 [Localization System] CLocalize::FindSafe failed to localize: 'AIB[D] intent=top-arbiter family=state winner=recover:92 losers=safe-cs:56,hero-over-creep:52,idle-heal:46,emergency-retreat:45,fwd-pullback:44'
08/29 18:28:59 [Localization System] CLocalize::FindSafe failed to localize: 'AIB[R] t=103s hp=78% gold=376 loc=-963,-834 enemy-dist=613 lh=4 dn=2 dg=+43 dlh=+1 bottle=-1 lvl=3 front=7078 ehp=43'
08/29 18:28:59 [Localization System] CLocalize::FindSafe failed to localize: 'AIB[R] intent=state-desire-fight family=state base=78 range=18 hp_adv=8 execute=20 dist=613 hp=78 ehp=43 reason=enemy_seen score=124'
08/29 18:28:59 [Localization System] CLocalize::FindSafe failed to localize: 'AIB[R] blocked=ability-pressure reason=nothing_castable'
08/29 18:28:59 [Localization System] CLocalize::FindSafe failed to localize: 'AIB[R] intent=hero-contact family=fight dist=613 hp=78 reason=close_enemy'
08/29 18:28:59 [Localization System] CLocalize::FindSafe failed to localize: 'AIB[R] intent=top-arbiter family=state winner=fight:124 losers=safety:116,hero-over-creep:52,idle-heal:46,emergency-retreat:45,fwd-pullback:44'
08/29 18:28:59 [Localization System] CLocalize::FindSafe failed to localize: 'AIB[D] intent=tick-owner family=other stage=laning-core'
08/29 18:28:59 [Localization System] CLocalize::FindSafe failed to localize: 'AIB[R] blocked=hero-contact reason=refractory since=0.13'
08/29 18:28:59 [Localization System] CLocalize::FindSafe failed to localize: 'AIB[R] blocked=creep-aggro reason=hero_trading hp=78 hits=1'
08/29 18:28:59 [Localization System] CLocalize::FindSafe failed to localize: 'AIB[R] intent=arbiter family=fight winner=hero-pass:90 losers=creep-aggro:10'
08/29 18:28:59 [Localization System] CLocalize::FindSafe failed to localize: 'AIB[R] intent=hero-pass family=fight dist=654 hp=78 reason=nearby_enemy'
08/29 18:28:59 [Localization System] CLocalize::FindSafe failed to localize: 'AIB[R] blocked=creep-aggro reason=chip_ignored hp=79 hits=1'
08/29 18:28:59 [Localization System] CLocalize::FindSafe failed to localize: 'AIB[R] blocked=top-arbiter reason=empty_action winner=fight score=124'
08/29 18:28:59 [Localization System] CLocalize::FindSafe failed to localize: 'AIB[R] intent=state-desire-safety family=state base=108 creep_dmg=8 hp=79 creep=true hero=true reason=recent_damage score=116'
08/29 18:28:59 [Localization System] CLocalize::FindSafe failed to localize: 'AIB[R] intent=creep-hit-react family=safety dist=492 hp=79 hits=1 reason=attack'
08/29 18:28:59 [Localization System] CLocalize::FindSafe failed to localize: 'AIB[R] blocked=safety-candidate reason=no_action_capped hp=79 score=44'
08/29 18:28:59 [Localization System] CLocalize::FindSafe failed to localize: 'AIB[R] blocked=hero-over-creep reason=no_target'
08/29 18:28:59 [Localization System] CLocalize::FindSafe failed to localize: 'AIB[R] blocked=emergency-kill reason=no_target'
08/29 18:28:59 [Localization System] CLocalize::FindSafe failed to localize: 'AIB[R] blocked=uphill-repo reason=no_reposition'
08/29 18:28:59 [Localization System] CLocalize::FindSafe failed to localize: 'AIB[R] blocked=harass reason=no_target'
08/29 18:28:59 [Localization System] CLocalize::FindSafe failed to localize: 'AIB[R] intent=creep-aggro family=safety hp=77 reason=creep_hitting'
08/29 18:29:00 [Localization System] CLocalize::FindSafe failed to localize: 'AIB[D] blocked=harass reason=regen_wanted'
08/29 18:29:00 [Localization System] CLocalize::FindSafe failed to localize: 'AIB[D] blocked=ability-harass reason=nothing_castable'
08/29 18:29:00 [Localization System] CLocalize::FindSafe failed to localize: 'AIB[D] intent=recovery-plan family=recover action=back reason=post_fight_regen hp=44'
08/29 18:29:00 [Localization System] CLocalize::FindSafe failed to localize: 'AIB[R] blocked=uphill-repo reason=motor_busy'
08/29 18:29:00 [Localization System] CLocalize::FindSafe failed to localize: 'AIB[D] blocked=recover-candidate reason=no_action_capped hp=44 score=44'
08/29 18:29:00 [Localization System] CLocalize::FindSafe failed to localize: 'AIB[R] intent=state-desire-fight family=state base=78 hp_adv=8 execute=20 dist=858 hp=78 ehp=44 reason=enemy_seen score=106'
08/29 18:29:00 [Localization System] CLocalize::FindSafe failed to localize: 'AIB[R] intent=top-arbiter family=state winner=fight:106 losers=hero-over-creep:52,idle-heal:46,emergency-retreat:45,fwd-pullback:44,emergency-kill:43.5'
08/29 18:29:00 [Localization System] CLocalize::FindSafe failed to localize: 'AIB[D] intent=top-arbiter family=state winner=anti-idle:2 losers=safe-cs:56,hero-over-creep:52,idle-heal:46,emergency-retreat:45,fwd-pullback:44'
08/29 18:29:00 [Localization System] CLocalize::FindSafe failed to localize: 'AIB[R] intent=tick-owner family=other stage=laning-core'
08/29 18:29:01 [Localization System] CLocalize::FindSafe failed to localize: 'AIB[D] blocked=hero-over-creep reason=no_target'
08/29 18:29:01 [Localization System] CLocalize::FindSafe failed to localize: 'AIB[D] blocked=emergency-kill reason=no_target'
08/29 18:29:01 [Localization System] CLocalize::FindSafe failed to localize: 'AIB[D] blocked=uphill-repo reason=no_reposition'
08/29 18:29:01 [Localization System] CLocalize::FindSafe failed to localize: 'AIB[R] intent=state-desire-safety family=state base=108 creep_dmg=8 hp=78 creep=true hero=false reason=recent_damage score=116'
08/29 18:29:01 [Localization System] CLocalize::FindSafe failed to localize: 'AIB[R] blocked=top-arbiter reason=empty_action winner=safety score=116'
08/29 18:29:01 [Localization System] CLocalize::FindSafe failed to localize: 'AIB[R] blocked=uphill-repo reason=no_step'
08/29 18:29:01 [Localization System] CLocalize::FindSafe failed to localize: 'AIB[D] intent=tick-owner family=other stage=laning-core'
08/29 18:29:01 [Localization System] CLocalize::FindSafe failed to localize: 'AIB[R] blocked=fight-candidate reason=no_action_capped hp=79 score=40'
08/29 18:29:01 [Localization System] CLocalize::FindSafe failed to localize: 'AIB[D] blocked=recovery-buy reason=budget_cap hp=45 gold=352 count=2 allow=2'
08/29 18:29:02 [Localization System] CLocalize::FindSafe failed to localize: 'AIB[D] t=106s hp=45% gold=352 loc=-372,-216 enemy-dist=591 lh=3 dn=0 dg=+54 dlh=+1 bottle=-1 lvl=3 front=10384 ehp=79'
08/29 18:29:02 [Localization System] CLocalize::FindSafe failed to localize: 'AIB[D] intent=damage-by-source family=other creep=340 tower=0 hero=772 mixed=149 death=0 other=65 stale=2 gaps=1'
08/29 18:29:02 [Localization System] CLocalize::FindSafe failed to localize: 'AIB[D] intent=state-desire-fight family=state base=78 range=18 dist=591 hp=45 ehp=79 reason=enemy_seen score=96'
08/29 18:29:02 [Localization System] CLocalize::FindSafe failed to localize: 'AIB[D] blocked=ability-pressure reason=nothing_castable'
08/29 18:29:02 [Localization System] CLocalize::FindSafe failed to localize: 'AIB[R] intent=creep-hit-react family=safety dist=32 hp=77 hits=3 reason=attack'
08/29 18:29:02 [Localization System] CLocalize::FindSafe failed to localize: 'AIB[R] intent=top-arbiter family=state winner=safety:116 losers=hero-over-creep:52,idle-heal:46,emergency-retreat:45,fwd-pullback:44,emergency-kill:43.5'
08/29 18:29:02 [Localization System] CLocalize::FindSafe failed to localize: 'AIB[D] blocked=hero-contact reason=refractory since=0.17'
08/29 18:29:02 [Localization System] CLocalize::FindSafe failed to localize: 'AIB[D] intent=hero-pass family=fight dist=571 hp=45 reason=nearby_enemy'
08/29 18:29:02 [Localization System] CLocalize::FindSafe failed to localize: 'AIB[D] blocked=top-arbiter reason=empty_action winner=fight score=114'
08/29 18:29:02 [Localization System] CLocalize::FindSafe failed to localize: 'AIB[D] blocked=hero-prio-always reason=hp_behind'
08/29 18:29:02 [Localization System] CLocalize::FindSafe failed to localize: 'AIB[D] intent=top-arbiter family=state winner=anti-idle:2 losers=fight:114,safe-cs:56,hero-over-creep:52,idle-heal:46,emergency-retreat:45'
08/29 18:29:02 [Localization System] CLocalize::FindSafe failed to localize: 'AIB[R] blocked=safety-candidate reason=no_action_capped hp=77 score=44'
08/29 18:29:02 [Localization System] CLocalize::FindSafe failed to localize: 'AIB[R] blocked=hero-over-creep reason=no_target'
08/29 18:29:02 [Localization System] CLocalize::FindSafe failed to localize: 'AIB[R] blocked=recovery-buy reason=budget_cap hp=77 gold=382 count=2 allow=2'
08/29 18:29:02 [Localization System] CLocalize::FindSafe failed to localize: 'AIB[D] intent=hero-contact family=fight dist=571 hp=45 reason=attackable_enemy'
08/29 18:29:02 [Localization System] CLocalize::FindSafe failed to localize: 'AIB[R] intent=damage-by-source family=other creep=188 tower=0 hero=636 mixed=135 death=0 other=0 stale=49 gaps=1'
08/29 18:29:03 [Localization System] CLocalize::FindSafe failed to localize: 'AIB[R] intent=state-desire-safety family=state base=108 creep_dmg=8 hp=69 creep=true hero=true hyst=18 reason=recent_damage score=134'
08/29 18:29:03 [Localization System] CLocalize::FindSafe failed to localize: 'AIB[R] intent=tick-owner family=other stage=laning-core'
08/29 18:29:03 [Localization System] CLocalize::FindSafe failed to localize: 'AIB[D] blocked=ability-harass reason=nothing_castable'
08/29 18:29:03 [Localization System] CLocalize::FindSafe failed to localize: 'AIB[R] intent=state-desire-fight family=state base=78 range=18 hp_adv=8 execute=20 dist=571 hp=69 ehp=46 reason=enemy_seen score=124'
08/29 18:29:03 [Localization System] CLocalize::FindSafe failed to localize: 'AIB[R] blocked=ability-pressure reason=nothing_castable'
08/29 18:29:03 [Localization System] CLocalize::FindSafe failed to localize: 'AIB[R] blocked=hero-contact reason=refractory since=0.13'
08/29 18:29:03 [Localization System] CLocalize::FindSafe failed to localize: 'AIB[R] blocked=creep-aggro reason=hero_trading hp=69 hits=4'
08/29 18:29:03 [Localization System] CLocalize::FindSafe failed to localize: 'AIB[R] intent=arbiter family=fight winner=hero-pass:105 losers=creep-aggro:82'
08/29 18:29:03 [Localization System] CLocalize::FindSafe failed to localize: 'AIB[D] blocked=safety-candidate reason=no_action_capped hp=38 score=44'
08/29 18:29:03 [Localization System] CLocalize::FindSafe failed to localize: 'AIB[D] intent=state-desire-recover family=state base=74 danger=28 hp=38 reason=hp_gate score=102'
08/29 18:29:03 [Localization System] CLocalize::FindSafe failed to localize: 'AIB[D] intent=recovery-policy family=recover action=recover hp=38 gate=55 source=lane-low'
08/29 18:29:03 [Localization System] CLocalize::FindSafe failed to localize: 'AIB[D] intent=state-recover-xp family=state ttl=2 reason=regen_lane hp=38 dist=415'
08/29 18:29:03 [Localization System] CLocalize::FindSafe failed to localize: 'AIB[D] intent=tick-owner family=other stage=laning-core'
08/29 18:29:03 [Localization System] CLocalize::FindSafe failed to localize: 'AIB[R] intent=top-arbiter family=state winner=fight:124 losers=hero-over-creep:52,idle-heal:46,emergency-retreat:45,fwd-pullback:44,emergency-kill:43.5'
08/29 18:29:04 [Localization System] CLocalize::FindSafe failed to localize: 'AIB[D] intent=top-arbiter family=state winner=recover:120 losers=safe-cs:56,hero-over-creep:52,idle-heal:46,emergency-retreat:45,fwd-pullback:44'
08/29 18:29:04 [Localization System] CLocalize::FindSafe failed to localize: 'AIB[R] t=108s hp=68% gold=384 loc=-786,-683 enemy-dist=702 lh=4 dn=2 dg=+8 dlh=+0 bottle=-1 lvl=3 front=8100 ehp=38'
08/29 18:29:04 [Localization System] CLocalize::FindSafe failed to localize: 'AIB[D] intent=recovery-owner family=recover band=soft threat=true mode=safe-step hp=38'
08/29 18:29:04 [Localization System] CLocalize::FindSafe failed to localize: 'AIB[R] intent=state-desire-last-hit family=farm dist=90 reason=killable_creep score=140'
08/29 18:29:04 [Localization System] CLocalize::FindSafe failed to localize: 'AIB[D] intent=state-desire-recover family=state base=74 danger=28 hp=39 hyst=18 reason=hp_gate score=120'
08/29 18:29:05 [Localization System] CLocalize::FindSafe failed to localize: 'AIB[R] intent=state-desire-safety family=state base=108 creep_dmg=8 hp=68 creep=true hero=false reason=recent_damage score=116'
08/29 18:29:05 [Localization System] CLocalize::FindSafe failed to localize: 'AIB[R] intent=creep-hit-react family=safety dist=90 hp=68 hits=5 reason=attack'
08/29 18:29:05 [Localization System] CLocalize::FindSafe failed to localize: 'AIB[R] blocked=top-arbiter reason=empty_action winner=safety score=134'
08/29 18:29:05 [Localization System] CLocalize::FindSafe failed to localize: 'AIB[R] blocked=emergency-kill reason=no_target'
08/29 18:29:05 [Localization System] CLocalize::FindSafe failed to localize: 'AIB[R] blocked=uphill-repo reason=no_step'
08/29 18:29:05 [Localization System] CLocalize::FindSafe failed to localize: 'AIB[R] intent=own-ranged-lead family=other lead=377 count=3'
08/29 18:29:05 [Localization System] CLocalize::FindSafe failed to localize: 'AIB[R] intent=tick-owner family=other stage=desire/ranged-spacing reason=ready score=41 band=lanework'
08/29 18:29:05 [Localization System] CLocalize::FindSafe failed to localize: 'AIB[D] intent=recovery-plan family=recover action=back reason=post_fight_regen hp=39'
08/29 18:29:05 [Localization System] CLocalize::FindSafe failed to localize: 'AIB[R] intent=top-arbiter family=state winner=ranged-spacing:41 losers=hero-over-creep:52,idle-heal:46,emergency-retreat:45,fwd-pullback:44,emergency-kill:43.5'
08/29 18:29:05 [Localization System] CLocalize::FindSafe failed to localize: 'AIB[D] blocked=recover-candidate reason=no_action_capped hp=39 score=44'
08/29 18:29:05 [Localization System] CLocalize::FindSafe failed to localize: 'AIB[D] blocked=hero-over-creep reason=no_target'
08/29 18:29:05 [Localization System] CLocalize::FindSafe failed to localize: 'AIB[D] blocked=emergency-kill reason=no_target'
08/29 18:29:05 [Localization System] CLocalize::FindSafe failed to localize: 'AIB[D] blocked=uphill-repo reason=low_hp_hold'
08/29 18:29:05 [Localization System] CLocalize::FindSafe failed to localize: 'AIB[D] blocked=harass reason=regen_wanted'
08/29 18:29:05 [Localization System] CLocalize::FindSafe failed to localize: 'AIB[R] blocked=hero-over-creep reason=no_target'
08/29 18:29:05 [Localization System] CLocalize::FindSafe failed to localize: 'AIB[D] blocked=buy-loop reason=saving target=item_bottle head=item_bottle cost=675 gold=357 left=1'
08/29 18:29:05 [Localization System] CLocalize::FindSafe failed to localize: 'AIB[R] blocked=buy-loop reason=saving target=item_bottle head=item_bottle cost=675 gold=435 left=1'
08/29 18:29:05 [Localization System] CLocalize::FindSafe failed to localize: 'AIB[R] blocked=harass reason=no_target'
08/29 18:29:05 [Localization System] CLocalize::FindSafe failed to localize: 'AIB[R] blocked=ability-harass reason=nothing_castable'
08/29 18:29:05 [Localization System] CLocalize::FindSafe failed to localize: 'AIB[R] blocked=visual-hold reason=creep_damage held=8.7 hp=68 repeat=2 hard=true'
08/29 18:29:06 Script function 'Think' on bot npc_dota_hero_nevermore took 2.300ms
08/29 18:29:06 [Localization System] CLocalize::FindSafe failed to localize: 'AIB[R] blocked=uphill-repo reason=no_reposition'
08/29 18:29:06 [Localization System] CLocalize::FindSafe failed to localize: 'AIB[D] blocked=ability-harass reason=nothing_castable'
08/29 18:29:06 [Localization System] CLocalize::FindSafe failed to localize: 'AIB[R] blocked=visual-hold reason=creep_in_range held=9.8 hp=69 repeat=1 hard=true'
08/29 18:29:07 [Localization System] CLocalize::FindSafe failed to localize: 'AIB[R] intent=top-arbiter family=state winner=wave-watch:10 losers=hero-over-creep:52,idle-heal:46,emergency-retreat:45,fwd-pullback:44,emergency-kill:43.5'
08/29 18:29:07 [Localization System] CLocalize::FindSafe failed to localize: 'AIB[D] t=111s hp=40% gold=360 loc=-14,35 enemy-dist=1258 lh=3 dn=0 dg=+8 dlh=+0 bottle=-1 lvl=3 front=10240 ehp=69'
08/29 18:29:07 [Localization System] CLocalize::FindSafe failed to localize: 'AIB[R] intent=tick-owner family=other stage=laning-core'
08/29 18:29:07 [Localization System] CLocalize::FindSafe failed to localize: 'AIB[D] blocked=visual-hold reason=empty held=2.0 hp=40 repeat=1 hard=false'
08/29 18:29:07 [Localization System] CLocalize::FindSafe failed to localize: 'AIB[D] intent=top-arbiter family=state winner=visual-hold:20 losers=safe-cs:56,hero-over-creep:52,idle-heal:46,emergency-retreat:45,fwd-pullback:44'
08/29 18:29:07 [Localization System] CLocalize::FindSafe failed to localize: 'AIB[D] intent=tick-owner family=other stage=desire/visual-hold reason=ready score=20 band=position'
08/29 18:29:08 [Server] PR:IncrementIdleTime 6:[I:0:0] 2.27
08/29 18:29:08 Script function 'Think' on bot npc_dota_hero_nevermore took 2.475ms
08/29 18:29:08 [Localization System] CLocalize::FindSafe failed to localize: 'AIB[R] blocked=emergency-kill reason=no_target'
08/29 18:29:08 [Localization System] CLocalize::FindSafe failed to localize: 'AIB[D] blocked=uphill-repo reason=no_reposition'
08/29 18:29:08 [Localization System] CLocalize::FindSafe failed to localize: 'AIB[D] blocked=recover-candidate reason=no_action_capped hp=41 score=44'
08/29 18:29:08 [Localization System] CLocalize::FindSafe failed to localize: 'AIB[D] blocked=hero-over-creep reason=no_target'
08/29 18:29:08 [Localization System] CLocalize::FindSafe failed to localize: 'AIB[D] blocked=emergency-kill reason=no_target'
08/29 18:29:08 [Localization System] CLocalize::FindSafe failed to localize: 'AIB[D] blocked=harass reason=regen_wanted'
08/29 18:29:08 Script function 'Think' on bot npc_dota_hero_nevermore took 2.177ms
08/29 18:29:08 [Localization System] CLocalize::FindSafe failed to localize: 'AIB[R] blocked=hero-over-creep reason=no_target'
08/29 18:29:08 [Localization System] CLocalize::FindSafe failed to localize: 'AIB[R] blocked=uphill-repo reason=not_trading'
08/29 18:29:08 [Localization System] CLocalize::FindSafe failed to localize: 'AIB[R] intent=top-arbiter family=state winner=wave-watch:10 losers=hero-over-creep:52,idle-heal:46,emergency-retreat:45,fwd-pullback:44,emergency-kill:43.5'
08/29 18:29:08 [Localization System] CLocalize::FindSafe failed to localize: 'AIB[R] blocked=harass reason=no_target'
08/29 18:29:08 [Localization System] CLocalize::FindSafe failed to localize: 'AIB[R] blocked=ability-harass reason=nothing_castable'
08/29 18:29:09 [Localization System] CLocalize::FindSafe failed to localize: 'AIB[R] blocked=visual-hold reason=creep_in_range held=11.9 hp=70 repeat=3 hard=true'
08/29 18:29:09 [Localization System] CLocalize::FindSafe failed to localize: 'AIB[D] intent=melee-pack-space family=safety count=2 dist=139'
08/29 18:29:09 Script function 'Think' on bot npc_dota_hero_nevermore took 2.022ms
08/29 18:29:09 [Localization System] CLocalize::FindSafe failed to localize: 'AIB[R] t=113s hp=71% gold=441 loc=-910,-849 enemy-dist=872 lh=5 dn=2 dg=+57 dlh=+1 bottle=-1 lvl=3 front=8290 ehp=41'
08/29 18:29:09 [Localization System] CLocalize::FindSafe failed to localize: 'AIB[R] blocked=fight-candidate reason=no_action_capped hp=71 score=40'
08/29 18:29:09 [Localization System] CLocalize::FindSafe failed to localize: 'AIB[R] intent=recovery-plan family=recover action=buy_flask reason=critical hp=71 gold=441 count=3'
08/29 18:29:09 [Localization System] CLocalize::FindSafe failed to localize: 'AIB[R] intent=tick-owner family=other stage=laning-core'
08/29 18:29:09 [Localization System] CLocalize::FindSafe failed to localize: 'AIB[D] intent=state-recover-xp family=state ttl=2 reason=regen_lane hp=41 dist=427'
08/29 18:29:09 [Localization System] CLocalize::FindSafe failed to localize: 'AIB[D] intent=top-arbiter family=state winner=idle-heal:46 losers=safe-cs:56,hero-over-creep:52,emergency-retreat:45,fwd-pullback:44,emergency-kill:43.5'
08/29 18:29:09 [Localization System] CLocalize::FindSafe failed to localize: 'AIB[D] blocked=ability-harass reason=nothing_castable'
08/29 18:29:09 [Localization System] CLocalize::FindSafe failed to localize: 'AIB[D] intent=tick-owner family=other stage=laning-core'
08/29 18:29:10 [Localization System] CLocalize::FindSafe failed to localize: 'AIB[R] blocked=uphill-repo reason=no_reposition'
08/29 18:29:10 [Localization System] CLocalize::FindSafe failed to localize: 'AIB[R] intent=top-arbiter family=state winner=creep-work:38.8 losers=hero-over-creep:52,idle-heal:46,emergency-retreat:45,fwd-pullback:44,emergency-kill:43.5'
08/29 18:29:10 [Localization System] CLocalize::FindSafe failed to localize: 'AIB[D] intent=recovery-plan family=recover action=back reason=post_fight_regen hp=42'
08/29 18:29:10 [Localization System] CLocalize::FindSafe failed to localize: 'AIB[D] blocked=uphill-repo reason=low_hp_hold'
08/29 18:29:10 [Localization System] CLocalize::FindSafe failed to localize: 'AIB[R] intent=state-desire-last-hit family=farm dist=434 reason=killable_creep score=140'
08/29 18:29:10 [Localization System] CLocalize::FindSafe failed to localize: 'AIB[D] intent=top-arbiter family=state winner=creep-work:38.6 losers=safe-cs:56,hero-over-creep:52,idle-heal:46,emergency-retreat:45,fwd-pullback:44'
08/29 18:29:11 [Localization System] CLocalize::FindSafe failed to localize: 'AIB[R] blocked=visual-hold reason=creep_in_range held=14.0 hp=72 repeat=4 hard=true'
08/29 18:29:11 [Localization System] CLocalize::FindSafe failed to localize: 'AIB[R] blocked=emergency-kill reason=no_target'
08/29 18:29:11 [Localization System] CLocalize::FindSafe failed to localize: 'AIB[R] intent=tick-owner family=other stage=laning-core'
08/29 18:29:11 [Localization System] CLocalize::FindSafe failed to localize: 'AIB[D] blocked=uphill-repo reason=no_reposition'
08/29 18:29:11 [Localization System] CLocalize::FindSafe failed to localize: 'AIB[D] blocked=recover-candidate reason=no_action_capped hp=42 score=44'
08/29 18:29:11 [Localization System] CLocalize::FindSafe failed to localize: 'AIB[D] blocked=hero-over-creep reason=no_target'
08/29 18:29:11 [Localization System] CLocalize::FindSafe failed to localize: 'AIB[D] blocked=emergency-kill reason=no_target'
08/29 18:29:11 [Localization System] CLocalize::FindSafe failed to localize: 'AIB[D] blocked=harass reason=regen_wanted'
08/29 18:29:11 [Localization System] CLocalize::FindSafe failed to localize: 'AIB[R] blocked=hero-over-creep reason=no_target'
08/29 18:29:11 [Localization System] CLocalize::FindSafe failed to localize: 'AIB[R] intent=top-arbiter family=state winner=wave-watch:10 losers=hero-over-creep:52,idle-heal:46,emergency-retreat:45,fwd-pullback:44,emergency-kill:43.5'
08/29 18:29:12 [Localization System] CLocalize::FindSafe failed to localize: 'AIB[R] blocked=harass reason=no_target'
08/29 18:29:12 [Localization System] CLocalize::FindSafe failed to localize: 'AIB[R] blocked=ability-harass reason=nothing_castable'
08/29 18:29:12 [Localization System] CLocalize::FindSafe failed to localize: 'AIB[D] intent=tick-owner family=other stage=desire/wave-watch reason=ready score=10 band=idle'
08/29 18:29:12 [Localization System] CLocalize::FindSafe failed to localize: 'AIB[D] t=116s hp=43% gold=367 loc=-366,-220 enemy-dist=831 lh=3 dn=0 dg=+7 dlh=+0 bottle=-1 lvl=3 front=10240 ehp=72'
08/29 18:29:12 [Localization System] CLocalize::FindSafe failed to localize: 'AIB[D] intent=state-desire-last-hit family=farm dist=481 reason=killable_creep score=140'
08/29 18:29:12 [Localization System] CLocalize::FindSafe failed to localize: 'AIB[R] blocked=fight-candidate reason=no_action_capped hp=72 score=40'
08/29 18:29:12 [Localization System] CLocalize::FindSafe failed to localize: 'AIB[D] intent=top-arbiter family=state winner=last-hit:158 losers=safe-cs:56,hero-over-creep:52,cs-inrange:50,idle-heal:46,emergency-retreat:45'
08/29 18:29:12 [Localization System] CLocalize::FindSafe failed to localize: 'AIB[D] intent=state-recover-xp family=state ttl=2 reason=regen_lane hp=43 dist=267'
08/29 18:29:12 [Localization System] CLocalize::FindSafe failed to localize: 'AIB[R] blocked=uphill-repo reason=not_trading'
08/29 18:29:12 [Localization System] CLocalize::FindSafe failed to localize: 'AIB[D] intent=recovery-policy family=recover action=recover hp=25 gate=35 source=early-low'
08/29 18:29:12 [Localization System] CLocalize::FindSafe failed to localize: 'AIB[R] blocked=kill-lock reason=uphill dist=865 hp=73'
08/29 18:29:13 [Localization System] CLocalize::FindSafe failed to localize: 'AIB[D] intent=recovery-plan family=recover action=buy_flask reason=critical_stuck hp=25 gold=406 count=3'
08/29 18:29:13 [Localization System] CLocalize::FindSafe failed to localize: 'AIB[R] intent=top-arbiter family=state winner=wave-watch:10 losers=hero-over-creep:52,idle-heal:46,emergency-retreat:45,fwd-pullback:44,emergency-kill:43.5'
08/29 18:29:13 [Localization System] CLocalize::FindSafe failed to localize: 'AIB[R] intent=tick-owner family=other stage=laning-core'
08/29 18:29:13 [Localization System] CLocalize::FindSafe failed to localize: 'AIB[D] blocked=buy-loop reason=saving target=item_bottle head=item_bottle cost=675 gold=306 left=1'
08/29 18:29:13 [Localization System] CLocalize::FindSafe failed to localize: 'AIB[R] blocked=buy-loop reason=saving target=item_bottle head=item_bottle cost=675 gold=385 left=1'
08/29 18:29:13 [Localization System] CLocalize::FindSafe failed to localize: 'AIB[R] blocked=uphill-repo reason=no_reposition'
08/29 18:29:14 [Localization System] CLocalize::FindSafe failed to localize: 'AIB[D] intent=tick-owner family=other stage=laning-core'
08/29 18:29:14 [Localization System] CLocalize::FindSafe failed to localize: 'AIB[R] t=119s hp=74% gold=386 loc=-910,-849 enemy-dist=1284 lh=6 dn=2 dg=-55 dlh=+1 bottle=-1 lvl=3 front=8288 ehp=25'
08/29 18:29:14 [Localization System] CLocalize::FindSafe failed to localize: 'AIB[R] blocked=emergency-kill reason=no_target'
08/29 18:29:14 [Localization System] CLocalize::FindSafe failed to localize: 'AIB[R] intent=state-desire-last-hit family=farm dist=397 reason=killable_creep score=140'
08/29 18:29:14 [Localization System] CLocalize::FindSafe failed to localize: 'AIB[D] intent=recovery-policy family=recover action=recover hp=26 gate=35 source=early-low'
08/29 18:29:14 [Localization System] CLocalize::FindSafe failed to localize: 'AIB[D] blocked=fountain-floor reason=heal_in_flight hp=26 flask=false inflight=item_flask'
08/29 18:29:14 [Localization System] CLocalize::FindSafe failed to localize: 'AIB[R] blocked=hero-over-creep reason=no_target'
08/29 18:29:14 [Localization System] CLocalize::FindSafe failed to localize: 'AIB[R] intent=top-arbiter family=state winner=creep-work:38.8 losers=hero-over-creep:52,idle-heal:46,emergency-retreat:45,fwd-pullback:44,emergency-kill:43.5'
08/29 18:29:15 [Localization System] CLocalize::FindSafe failed to localize: 'AIB[R] blocked=harass reason=no_target'
08/29 18:29:15 [Localization System] CLocalize::FindSafe failed to localize: 'AIB[R] intent=tick-owner family=other stage=laning-core'
08/29 18:29:16 [Localization System] CLocalize::FindSafe failed to localize: 'AIB[D] intent=tick-owner family=other stage=laning-core'
08/29 18:29:16 [Localization System] CLocalize::FindSafe failed to localize: 'AIB[R] intent=state-desire-last-hit family=farm dist=478 reason=killable_creep score=140'
08/29 18:29:16 [Localization System] CLocalize::FindSafe failed to localize: 'AIB[R] intent=top-arbiter family=state winner=last-hit:140 losers=hero-over-creep:52,cs-inrange:50,idle-heal:46,emergency-retreat:45,fwd-pullback:44'
08/29 18:29:16 [Localization System] CLocalize::FindSafe failed to localize: 'AIB[D] intent=recovery-plan family=recover action=back reason=heal_in_flight hp=27'
08/29 18:29:16 [Localization System] CLocalize::FindSafe failed to localize: 'AIB[R] blocked=uphill-repo reason=no_reposition'
08/29 18:29:16 [Localization System] CLocalize::FindSafe failed to localize: 'AIB[R] blocked=ability-harass reason=nothing_castable'
08/29 18:29:16 [Localization System] CLocalize::FindSafe failed to localize: 'AIB[R] blocked=visual-hold reason=creep_in_range held=19.9 hp=75 repeat=6 hard=true'
08/29 18:29:17 [Localization System] CLocalize::FindSafe failed to localize: 'AIB[D] intent=recovery-policy family=recover action=recover hp=27 gate=35 source=early-low'
08/29 18:29:17 [Localization System] CLocalize::FindSafe failed to localize: 'AIB[D] intent=damage-by-source family=other creep=340 tower=0 hero=825 mixed=149 death=0 other=191 stale=2 gaps=1'
08/29 18:29:17 [Localization System] CLocalize::FindSafe failed to localize: 'AIB[D] t=122s hp=27% gold=312 loc=705,625 lh=4 dn=0 dg=-55 dlh=+1 bottle=-1 lvl=3 front=10170 ehp=-1'
08/29 18:29:17 [Localization System] CLocalize::FindSafe failed to localize: 'AIB[R] blocked=emergency-kill reason=no_target'
08/29 18:29:17 [Localization System] CLocalize::FindSafe failed to localize: 'AIB[R] intent=lane-line-episode family=other dist=745 fwd=0.54'
08/29 18:29:17 [Localization System] CLocalize::FindSafe failed to localize: 'AIB[R] blocked=uphill-repo reason=motor_busy'
08/29 18:29:17 [Localization System] CLocalize::FindSafe failed to localize: 'AIB[R] intent=tick-owner family=other stage=laning-core'
08/29 18:29:18 [Localization System] CLocalize::FindSafe failed to localize: 'AIB[R] intent=damage-by-source family=other creep=199 tower=0 hero=636 mixed=197 death=0 other=0 stale=49 gaps=1'
08/29 18:29:18 [Localization System] CLocalize::FindSafe failed to localize: 'AIB[R] blocked=hero-over-creep reason=no_target'
08/29 18:29:18 [Localization System] CLocalize::FindSafe failed to localize: 'AIB[R] intent=top-arbiter family=state winner=creep-work:38.8 losers=hero-over-creep:52,idle-heal:46,emergency-retreat:45,fwd-pullback:44,emergency-kill:43.5'
08/29 18:29:18 [Localization System] CLocalize::FindSafe failed to localize: 'AIB[R] blocked=harass reason=no_target'
08/29 18:29:18 [Localization System] CLocalize::FindSafe failed to localize: 'AIB[D] intent=tick-owner family=other stage=laning-core'
08/29 18:29:18 [Localization System] CLocalize::FindSafe failed to localize: 'AIB[D] intent=recovery-plan family=recover action=back reason=heal_in_flight hp=28'
08/29 18:29:19 [Localization System] CLocalize::FindSafe failed to localize: 'AIB[D] intent=recovery-policy family=recover action=recover hp=28 gate=35 source=early-low'
08/29 18:29:19 [Localization System] CLocalize::FindSafe failed to localize: 'AIB[R] intent=state-desire-last-hit family=farm dist=475 reason=killable_creep score=140'
08/29 18:29:19 [Localization System] CLocalize::FindSafe failed to localize: 'AIB[R] t=124s hp=77% gold=433 loc=-701,-606 lh=7 dn=2 dg=+47 dlh=+1 bottle=-1 lvl=3 front=8674 ehp=-1'
08/29 18:29:19 [Localization System] CLocalize::FindSafe failed to localize: 'AIB[R] intent=top-arbiter family=state winner=last-hit:158 losers=hero-over-creep:52,cs-inrange:50,idle-heal:46,emergency-retreat:45,fwd-pullback:44'
08/29 18:29:19 [Localization System] CLocalize::FindSafe failed to localize: 'AIB[R] intent=tick-owner family=other stage=desire/wave-watch reason=ready score=10 band=idle'
08/29 18:29:19 [Localization System] CLocalize::FindSafe failed to localize: 'AIB[D] blocked=fountain-floor reason=heal_in_flight hp=29 flask=false inflight=item_flask'
08/29 18:29:20 [Localization System] CLocalize::FindSafe failed to localize: 'AIB[R] blocked=uphill-repo reason=no_reposition'
08/29 18:29:20 [Localization System] CLocalize::FindSafe failed to localize: 'AIB[R] blocked=ability-harass reason=nothing_castable'
08/29 18:29:20 [Localization System] CLocalize::FindSafe failed to localize: 'AIB[D] intent=recovery-owner family=recover band=soft threat=false mode=back hp=29'
08/29 18:29:20 [Localization System] CLocalize::FindSafe failed to localize: 'AIB[D] intent=tick-owner family=other stage=laning-core'
08/29 18:29:20 [Localization System] CLocalize::FindSafe failed to localize: 'AIB[R] blocked=emergency-kill reason=no_target'
08/29 18:29:20 [Localization System] CLocalize::FindSafe failed to localize: 'AIB[R] blocked=uphill-repo reason=motor_busy'
08/29 18:29:21 [Localization System] CLocalize::FindSafe failed to localize: 'AIB[D] intent=recovery-policy family=recover action=recover hp=29 gate=35 source=early-low'
08/29 18:29:21 [Localization System] CLocalize::FindSafe failed to localize: 'AIB[R] blocked=hero-over-creep reason=no_target'
08/29 18:29:21 [Localization System] CLocalize::FindSafe failed to localize: 'AIB[R] intent=top-arbiter family=state winner=lane-line:18 losers=hero-over-creep:52,idle-heal:46,emergency-retreat:45,fwd-pullback:44,emergency-kill:43.5'
08/29 18:29:21 [Localization System] CLocalize::FindSafe failed to localize: 'AIB[R] blocked=harass reason=no_target'
08/29 18:29:21 [Localization System] CLocalize::FindSafe failed to localize: 'AIB[D] intent=critical-recovery family=recover hp=30 dist=112 ttl=4 reason=hold'
08/29 18:29:21 [Localization System] CLocalize::FindSafe failed to localize: 'AIB[D] blocked=buy-loop reason=saving target=item_bottle head=item_bottle cost=675 gold=318 left=1'
08/29 18:29:21 [Localization System] CLocalize::FindSafe failed to localize: 'AIB[R] blocked=buy-loop reason=saving target=item_bottle head=item_bottle cost=675 gold=482 left=1'
08/29 18:29:21 [Localization System] CLocalize::FindSafe failed to localize: 'AIB[R] intent=tick-owner family=other stage=laning-core'
08/29 18:29:22 [Localization System] CLocalize::FindSafe failed to localize: 'AIB[R] intent=state-siege-window family=siege ttl=2 wave=2 tower=1130 hp=78 adv=true'
08/29 18:29:22 [Localization System] CLocalize::FindSafe failed to localize: 'AIB[R] intent=tower-opportunity family=siege result=step phase=default wave=2 tower=1130'
08/29 18:29:22 [Localization System] CLocalize::FindSafe failed to localize: 'AIB[R] intent=state-desire-siege family=siege base=66 push=12 hp=78 reason=tower_window score=78'
08/29 18:29:22 [Localization System] CLocalize::FindSafe failed to localize: 'AIB[D] t=127s hp=30% gold=319 loc=912,998 lh=4 dn=0 dg=+7 dlh=+0 bottle=-1 lvl=3 front=8620 ehp=-1'
08/29 18:29:22 [Localization System] CLocalize::FindSafe failed to localize: 'AIB[D] intent=tick-owner family=other stage=laning-core'
08/29 18:29:22 [Localization System] CLocalize::FindSafe failed to localize: 'AIB[R] intent=top-arbiter family=state winner=siege:96 losers=hero-over-creep:52,idle-heal:46,emergency-retreat:45,fwd-pullback:44,emergency-kill:43.5'
08/29 18:29:23 [Localization System] CLocalize::FindSafe failed to localize: 'AIB[D] intent=recovery-policy family=recover action=recover hp=31 gate=35 source=early-low'
08/29 18:29:23 [Localization System] CLocalize::FindSafe failed to localize: 'AIB[D] intent=critical-recovery family=recover hp=31 dist=0 ttl=2 reason=hold'
08/29 18:29:23 [Localization System] CLocalize::FindSafe failed to localize: 'AIB[D] intent=recovery-owner family=recover band=soft threat=false mode=watch-step hp=31'
08/29 18:29:23 [Server] PR:IncrementIdleTime 6:[I:0:0] 2.13
08/29 18:29:24 [Localization System] CLocalize::FindSafe failed to localize: 'AIB[D] intent=tick-owner family=other stage=laning-core'
08/29 18:29:25 [Localization System] CLocalize::FindSafe failed to localize: 'AIB[D] intent=recovery-policy family=recover action=recover hp=32 gate=35 source=early-low'
08/29 18:29:25 [Localization System] CLocalize::FindSafe failed to localize: 'AIB[R] t=130s hp=79% gold=488 loc=-546,-349 lh=8 dn=2 dg=+55 dlh=+1 bottle=-1 lvl=3 front=9778 ehp=-1'
08/29 18:29:25 [Localization System] CLocalize::FindSafe failed to localize: 'AIB[R] blocked=hero-over-creep reason=no_target'
08/29 18:29:25 [Localization System] CLocalize::FindSafe failed to localize: 'AIB[R] blocked=emergency-kill reason=no_target'
08/29 18:29:25 [Localization System] CLocalize::FindSafe failed to localize: 'AIB[R] blocked=uphill-repo reason=no_reposition'
08/29 18:29:25 [Localization System] CLocalize::FindSafe failed to localize: 'AIB[R] blocked=harass reason=no_target'
08/29 18:29:25 [Localization System] CLocalize::FindSafe failed to localize: 'AIB[R] intent=state-siege-window family=siege ttl=2 wave=2 tower=1466 hp=79 adv=true'
08/29 18:29:25 [Localization System] CLocalize::FindSafe failed to localize: 'AIB[R] intent=tower-opportunity family=siege result=step phase=default wave=2 tower=1466'
08/29 18:29:25 [Localization System] CLocalize::FindSafe failed to localize: 'AIB[R] intent=top-arbiter family=state winner=creep-work:38.8 losers=hero-over-creep:52,idle-heal:46,emergency-retreat:45,fwd-pullback:44,emergency-kill:43.5'
08/29 18:29:25 [Localization System] CLocalize::FindSafe failed to localize: 'AIB[R] intent=tick-owner family=other stage=desire/creep-work reason=ready score=39 band=lanework'
08/29 18:29:25 [Localization System] CLocalize::FindSafe failed to localize: 'AIB[D] intent=critical-recovery family=recover hp=32 dist=0 ttl=4 reason=hold'
08/29 18:29:26 [Localization System] CLocalize::FindSafe failed to localize: 'AIB[D] intent=state-desire-recover family=state base=74 danger=28 hp=34 reason=hp_gate score=102'
08/29 18:29:26 [Localization System] CLocalize::FindSafe failed to localize: 'AIB[D] blocked=top-arbiter reason=empty_action winner=recover score=102'
08/29 18:29:26 [Localization System] CLocalize::FindSafe failed to localize: 'AIB[D] blocked=hero-over-creep reason=no_target'
08/29 18:29:26 [Localization System] CLocalize::FindSafe failed to localize: 'AIB[D] blocked=emergency-kill reason=no_target'
08/29 18:29:26 [Localization System] CLocalize::FindSafe failed to localize: 'AIB[D] blocked=uphill-repo reason=low_hp_hold'
08/29 18:29:26 [Localization System] CLocalize::FindSafe failed to localize: 'AIB[D] blocked=harass reason=own_heal_running'
08/29 18:29:26 [Localization System] CLocalize::FindSafe failed to localize: 'AIB[D] intent=top-arbiter family=state winner=creep-work:38.6 losers=recover:102,safe-cs:56,hero-over-creep:52,idle-heal:46,emergency-retreat:45'
08/29 18:29:26 Script function 'Think' on bot npc_dota_hero_nevermore took 2.025ms
08/29 18:29:26 Script function 'Think' on bot npc_dota_hero_nevermore took 2.103ms
08/29 18:29:26 [Localization System] CLocalize::FindSafe failed to localize: 'AIB[R] intent=state-desire-siege family=siege base=66 push=12 hp=80 reason=tower_window score=78'
08/29 18:29:26 [Localization System] CLocalize::FindSafe failed to localize: 'AIB[D] blocked=recover-candidate reason=no_action_capped hp=35 score=44'
08/29 18:29:26 [Localization System] CLocalize::FindSafe failed to localize: 'AIB[D] intent=tick-owner family=other stage=laning-core'
08/29 18:29:26 [Localization System] CLocalize::FindSafe failed to localize: 'AIB[R] intent=top-arbiter family=state winner=siege:96 losers=hero-over-creep:52,idle-heal:46,emergency-retreat:45,fwd-pullback:44,emergency-kill:43.5'
08/29 18:29:26 [Localization System] CLocalize::FindSafe failed to localize: 'AIB[D] intent=recovery-owner family=recover band=soft threat=false mode=watch-step hp=36'
08/29 18:29:27 [Localization System] CLocalize::FindSafe failed to localize: 'AIB[R] blocked=siege-candidate reason=no_action_capped hp=80 score=42'
08/29 18:29:27 [Localization System] CLocalize::FindSafe failed to localize: 'AIB[R] blocked=siege reason=desire_or_hp hp=80 adv=false'
08/29 18:29:27 [Localization System] CLocalize::FindSafe failed to localize: 'AIB[R] blocked=ability-harass reason=nothing_castable'
08/29 18:29:27 [Localization System] CLocalize::FindSafe failed to localize: 'AIB[R] intent=lane-line-episode family=other dist=449 fwd=0.55'
08/29 18:29:27 [Localization System] CLocalize::FindSafe failed to localize: 'AIB[R] intent=tick-owner family=other stage=desire/lane-line reason=ready score=18 band=position'
08/29 18:29:27 [Localization System] CLocalize::FindSafe failed to localize: 'AIB[D] t=132s hp=39% gold=327 loc=777,860 enemy-dist=1193 lh=4 dn=0 dg=+8 dlh=+0 bottle=-1 lvl=3 front=8620 ehp=80'
08/29 18:29:27 [Localization System] CLocalize::FindSafe failed to localize: 'AIB[R] blocked=uphill-repo reason=motor_busy'
08/29 18:29:27 [Localization System] CLocalize::FindSafe failed to localize: 'AIB[D] blocked=ability-harass reason=nothing_castable'
08/29 18:29:28 [Localization System] CLocalize::FindSafe failed to localize: 'AIB[D] intent=top-arbiter family=state winner=anti-idle:2 losers=safe-cs:56,hero-over-creep:52,idle-heal:46,emergency-retreat:45,fwd-pullback:44'
08/29 18:29:28 [Localization System] CLocalize::FindSafe failed to localize: 'AIB[D] blocked=uphill-repo reason=motor_busy'
08/29 18:29:28 [Localization System] CLocalize::FindSafe failed to localize: 'AIB[D] blocked=uphill-repo reason=no_reposition'
08/29 18:29:28 [Localization System] CLocalize::FindSafe failed to localize: 'AIB[D] intent=tick-owner family=other stage=laning-core'
08/29 18:29:29 [Localization System] CLocalize::FindSafe failed to localize: 'AIB[D] blocked=hero-over-creep reason=no_target'
08/29 18:29:29 [Localization System] CLocalize::FindSafe failed to localize: 'AIB[D] blocked=emergency-kill reason=no_target'
08/29 18:29:29 [Localization System] CLocalize::FindSafe failed to localize: 'AIB[D] blocked=buy-loop reason=saving target=item_bottle head=item_bottle cost=675 gold=330 left=1'
08/29 18:29:29 [Localization System] CLocalize::FindSafe failed to localize: 'AIB[R] blocked=buy-loop reason=saving target=item_bottle head=item_bottle cost=675 gold=494 left=1'
08/29 18:29:29 [Localization System] CLocalize::FindSafe failed to localize: 'AIB[R] blocked=hero-over-creep reason=no_target'
08/29 18:29:29 [Localization System] CLocalize::FindSafe failed to localize: 'AIB[R] blocked=emergency-kill reason=no_target'
08/29 18:29:29 [Localization System] CLocalize::FindSafe failed to localize: 'AIB[R] blocked=uphill-repo reason=no_reposition'
08/29 18:29:29 [Localization System] CLocalize::FindSafe failed to localize: 'AIB[R] blocked=harass reason=no_target'
08/29 18:29:29 [Localization System] CLocalize::FindSafe failed to localize: 'AIB[R] intent=top-arbiter family=state winner=lane-line:18 losers=hero-over-creep:52,idle-heal:46,emergency-retreat:45,fwd-pullback:44,emergency-kill:43.5'
08/29 18:29:29 [Localization System] CLocalize::FindSafe failed to localize: 'AIB[R] intent=tick-owner family=other stage=desire/lane-line reason=ready score=18 band=position'
08/29 18:29:30 [Localization System] CLocalize::FindSafe failed to localize: 'AIB[R] t=135s hp=82% gold=495 loc=-513,-326 lh=8 dn=2 dg=+7 dlh=+0 bottle=-1 lvl=3 front=9396 ehp=-1'
08/29 18:29:30 [Localization System] CLocalize::FindSafe failed to localize: 'AIB[R] blocked=uphill-repo reason=motor_busy'
08/29 18:29:30 [Localization System] CLocalize::FindSafe failed to localize: 'AIB[D] blocked=harass reason=own_heal_running'
08/29 18:29:30 [Localization System] CLocalize::FindSafe failed to localize: 'AIB[R] blocked=ability-harass reason=nothing_castable'
08/29 18:29:30 [Localization System] CLocalize::FindSafe failed to localize: 'AIB[D] blocked=ability-harass reason=nothing_castable'
08/29 18:29:30 [Localization System] CLocalize::FindSafe failed to localize: 'AIB[D] intent=top-arbiter family=state winner=anti-idle:2 losers=hero-over-creep:52,idle-heal:46,emergency-retreat:45,fwd-pullback:44,emergency-kill:43.5'
08/29 18:29:30 [Localization System] CLocalize::FindSafe failed to localize: 'AIB[D] intent=tick-owner family=other stage=desire/anti-idle reason=ready score=2 band=idle'
08/29 18:29:31 [Localization System] CLocalize::FindSafe failed to localize: 'AIB[R] intent=top-arbiter family=state winner=wave-watch:10 losers=hero-over-creep:52,idle-heal:46,emergency-retreat:45,fwd-pullback:44,emergency-kill:43.5'
08/29 18:29:31 [Localization System] CLocalize::FindSafe failed to localize: 'AIB[D] blocked=uphill-repo reason=no_reposition'
08/29 18:29:32 [Localization System] CLocalize::FindSafe failed to localize: 'AIB[R] blocked=channel-interrupt reason=unsafe dist=1033 hp=83 kind=heal'
08/29 18:29:32 [Localization System] CLocalize::FindSafe failed to localize: 'AIB[R] intent=tick-owner family=other stage=laning-core'
08/29 18:29:32 [Localization System] CLocalize::FindSafe failed to localize: 'AIB[D] intent=damage-by-source family=other creep=340 tower=0 hero=825 mixed=149 death=0 other=191 stale=2 gaps=1'
08/29 18:29:32 [Localization System] CLocalize::FindSafe failed to localize: 'AIB[D] t=137s hp=63% gold=334 loc=620,495 enemy-dist=904 lh=4 dn=0 dg=+7 dlh=+0 bottle=-1 lvl=3 front=9124 ehp=83'
08/29 18:29:32 [Localization System] CLocalize::FindSafe failed to localize: 'AIB[R] intent=melee-pack-space family=safety count=3 dist=124'
08/29 18:29:32 [Localization System] CLocalize::FindSafe failed to localize: 'AIB[D] blocked=hero-over-creep reason=no_target'
08/29 18:29:32 [Localization System] CLocalize::FindSafe failed to localize: 'AIB[D] blocked=emergency-kill reason=no_target'
08/29 18:29:32 [Localization System] CLocalize::FindSafe failed to localize: 'AIB[D] intent=top-arbiter family=state winner=anti-idle:2 losers=hero-over-creep:52,idle-heal:46,emergency-retreat:45,fwd-pullback:44,emergency-kill:43.5'
08/29 18:29:32 [Localization System] CLocalize::FindSafe failed to localize: 'AIB[D] intent=tick-owner family=other stage=desire/anti-idle reason=ready score=2 band=idle'
08/29 18:29:33 [Localization System] CLocalize::FindSafe failed to localize: 'AIB[D] blocked=uphill-repo reason=not_trading'
08/29 18:29:33 [Localization System] CLocalize::FindSafe failed to localize: 'AIB[D] blocked=ability-harass reason=nothing_castable'
08/29 18:29:34 [Localization System] CLocalize::FindSafe failed to localize: 'AIB[D] blocked=harass reason=own_heal_running'
08/29 18:29:34 [Localization System] CLocalize::FindSafe failed to localize: 'AIB[R] intent=damage-by-source family=other creep=199 tower=0 hero=636 mixed=197 death=0 other=0 stale=195 gaps=2'
08/29 18:29:34 [Localization System] CLocalize::FindSafe failed to localize: 'AIB[R] intent=channel-interrupt family=fight dist=995 hp=62 kind=heal reason=enemy_heal'
08/29 18:29:34 [Localization System] CLocalize::FindSafe failed to localize: 'AIB[R] intent=tick-owner family=other stage=urgent intent=channel-interrupt'
08/29 18:29:34 [Localization System] CLocalize::FindSafe failed to localize: 'AIB[D] intent=top-arbiter family=state winner=anti-idle:2 losers=hero-over-creep:52,idle-heal:46,emergency-retreat:45,fwd-pullback:44,emergency-kill:43.5'
08/29 18:29:34 [Localization System] CLocalize::FindSafe failed to localize: 'AIB[D] intent=tick-owner family=other stage=desire/anti-idle reason=ready score=2 band=idle'
08/29 18:29:35 [Localization System] CLocalize::FindSafe failed to localize: 'AIB[D] blocked=fight-candidate reason=no_action_capped hp=78 score=40'
08/29 18:29:35 [Localization System] CLocalize::FindSafe failed to localize: 'AIB[D] blocked=recovery-buy reason=budget_cap hp=78 gold=339 count=3 allow=2'
08/29 18:29:35 [Localization System] CLocalize::FindSafe failed to localize: 'AIB[R] intent=state-desire-safety family=state base=108 creep_dmg=8 hp=62 creep=true hero=false reason=recent_damage score=116'
08/29 18:29:35 [Localization System] CLocalize::FindSafe failed to localize: 'AIB[R] blocked=creep-hit-react reason=inside_melee_pack count=3 dist=85 hp=62'
08/29 18:29:35 [Localization System] CLocalize::FindSafe failed to localize: 'AIB[R] intent=creep-hit-react family=safety dist=85 hp=62 hits=1 reason=edge_attack'
08/29 18:29:35 [Localization System] CLocalize::FindSafe failed to localize: 'AIB[R] intent=top-arbiter family=state winner=safety:116 losers=hero-over-creep:52,idle-heal:46,emergency-retreat:45,fwd-pullback:44,emergency-kill:43.5'
08/29 18:29:35 [Localization System] CLocalize::FindSafe failed to localize: 'AIB[R] t=140s hp=62% gold=503 loc=-437,-359 enemy-dist=682 lh=8 dn=2 dg=+8 dlh=+0 bottle=-1 lvl=3 front=8592 ehp=79'
08/29 18:29:35 [Localization System] CLocalize::FindSafe failed to localize: 'AIB[D] blocked=hero-over-creep reason=no_target'
08/29 18:29:35 [Localization System] CLocalize::FindSafe failed to localize: 'AIB[D] blocked=emergency-kill reason=no_target'
08/29 18:29:35 [Localization System] CLocalize::FindSafe failed to localize: 'AIB[R] blocked=top-arbiter reason=empty_action winner=safety score=134'
08/29 18:29:35 [Localization System] CLocalize::FindSafe failed to localize: 'AIB[R] blocked=hero-over-creep reason=no_target'
08/29 18:29:35 [Localization System] CLocalize::FindSafe failed to localize: 'AIB[R] intent=recovery-plan family=recover action=flask reason=inventory hp=61'
08/29 18:29:36 [Localization System] CLocalize::FindSafe failed to localize: 'AIB[D] intent=channel-interrupt family=fight dist=570 hp=81 kind=heal reason=enemy_heal'
08/29 18:29:36 [Localization System] CLocalize::FindSafe failed to localize: 'AIB[R] blocked=safety-candidate reason=no_action_capped hp=62 score=44'
08/29 18:29:36 [Localization System] CLocalize::FindSafe failed to localize: 'AIB[R] blocked=emergency-kill reason=no_target'
08/29 18:29:36 [Localization System] CLocalize::FindSafe failed to localize: 'AIB[R] blocked=uphill-repo reason=no_reposition'
08/29 18:29:36 [Localization System] CLocalize::FindSafe failed to localize: 'AIB[R] intent=melee-pack-space family=safety count=3 dist=327'
08/29 18:29:37 [Localization System] CLocalize::FindSafe failed to localize: 'AIB[D] intent=top-arbiter family=state winner=uphill:43 losers=hero-over-creep:52,idle-heal:46,emergency-retreat:45,fwd-pullback:44,emergency-kill:43.5'
08/29 18:29:37 [Localization System] CLocalize::FindSafe failed to localize: 'AIB[D] intent=tick-owner family=other stage=desire/uphill reason=ready score=43 band=lanework'
08/29 18:29:37 [Localization System] CLocalize::FindSafe failed to localize: 'AIB[D] blocked=uphill-repo reason=motor_busy'
08/29 18:29:37 [Localization System] CLocalize::FindSafe failed to localize: 'AIB[D] intent=melee-pack-space family=safety count=3 dist=132'
08/29 18:29:37 [Localization System] CLocalize::FindSafe failed to localize: 'AIB[D] t=142s hp=88% gold=342 loc=-23,40 enemy-dist=723 lh=4 dn=0 dg=+8 dlh=+0 bottle=-1 lvl=3 front=9853 ehp=55'
08/29 18:29:37 [Localization System] CLocalize::FindSafe failed to localize: 'AIB[D] blocked=buy-loop reason=saving target=item_bottle head=item_bottle cost=675 gold=342 left=1'
08/29 18:29:37 [Localization System] CLocalize::FindSafe failed to localize: 'AIB[R] blocked=buy-loop reason=saving target=item_bottle head=item_bottle cost=675 gold=506 left=1'
08/29 18:29:38 [Localization System] CLocalize::FindSafe failed to localize: 'AIB[D] blocked=uphill-repo reason=no_step'
08/29 18:29:38 [Localization System] CLocalize::FindSafe failed to localize: 'AIB[D] intent=top-arbiter family=state winner=creep-work:38.6 losers=hero-over-creep:52,idle-heal:46,emergency-retreat:45,fwd-pullback:44,emergency-kill:43.5'
08/29 18:29:38 [Localization System] CLocalize::FindSafe failed to localize: 'AIB[D] blocked=harass reason=own_heal_running'
08/29 18:29:38 [Localization System] CLocalize::FindSafe failed to localize: 'AIB[R] blocked=channel-interrupt reason=unsafe dist=1150 hp=51 kind=heal'
08/29 18:29:38 [Localization System] CLocalize::FindSafe failed to localize: 'AIB[R] blocked=recover-candidate reason=no_action_capped hp=51 score=44'
08/29 18:29:38 [Localization System] CLocalize::FindSafe failed to localize: 'AIB[R] intent=state-desire-safety family=state base=108 creep_dmg=8 hp=51 creep=true hero=false reason=recent_damage score=116'
08/29 18:29:38 [Localization System] CLocalize::FindSafe failed to localize: 'AIB[R] intent=creep-hit-react family=safety dist=607 hp=51 hits=1 reason=edge_attack'
08/29 18:29:38 [Localization System] CLocalize::FindSafe failed to localize: 'AIB[R] intent=top-arbiter family=state winner=safety:116 losers=safe-cs:56,hero-over-creep:52,idle-heal:46,emergency-retreat:45,fwd-pullback:44'
08/29 18:29:38 [Localization System] CLocalize::FindSafe failed to localize: 'AIB[R] intent=tick-owner family=other stage=desire/safety base=108 creep_dmg=8 hp=51 creep=true hero=false reason=recent_damage score=116'
08/29 18:29:38 [Localization System] CLocalize::FindSafe failed to localize: 'AIB[D] blocked=hero-over-creep reason=no_target'
08/29 18:29:38 [Localization System] CLocalize::FindSafe failed to localize: 'AIB[D] blocked=emergency-kill reason=no_target'
08/29 18:29:39 [Localization System] CLocalize::FindSafe failed to localize: 'AIB[R] blocked=hero-over-creep reason=no_target'
08/29 18:29:39 [Localization System] CLocalize::FindSafe failed to localize: 'AIB[R] intent=recovery-plan family=recover action=back reason=post_fight_regen hp=51'
08/29 18:29:39 [Localization System] CLocalize::FindSafe failed to localize: 'AIB[R] intent=state-recover-xp family=state ttl=5 reason=post_fight_regen hp=51 dist=108'
08/29 18:29:39 [Localization System] CLocalize::FindSafe failed to localize: 'AIB[R] blocked=harass reason=no_target'
08/29 18:29:39 [Localization System] CLocalize::FindSafe failed to localize: 'AIB[R] blocked=ability-harass reason=nothing_castable'
08/29 18:29:39 [Localization System] CLocalize::FindSafe failed to localize: 'AIB[R] intent=wave-watch-work family=other lh=8 idle=8 creep_hp=272 dist=648'
08/29 18:29:39 [Localization System] CLocalize::FindSafe failed to localize: 'AIB[D] intent=tick-owner family=other stage=laning-core'
08/29 18:29:39 [Localization System] CLocalize::FindSafe failed to localize: 'AIB[R] blocked=emergency-kill reason=no_target'
08/29 18:29:39 [Localization System] CLocalize::FindSafe failed to localize: 'AIB[R] blocked=uphill-repo reason=no_reposition'
08/29 18:29:39 [Localization System] CLocalize::FindSafe failed to localize: 'AIB[R] intent=melee-pack-space family=safety count=2 dist=121'
08/29 18:29:39 [Localization System] CLocalize::FindSafe failed to localize: 'AIB[D] intent=own-ranged-lead family=other lead=123 count=3'
08/29 18:29:40 [Localization System] CLocalize::FindSafe failed to localize: 'AIB[R] blocked=uphill-repo reason=not_trading'
08/29 18:29:40 [Localization System] CLocalize::FindSafe failed to localize: 'AIB[D] intent=top-arbiter family=state winner=harass:40 losers=hero-over-creep:52,idle-heal:46,emergency-retreat:45,fwd-pullback:44,emergency-kill:43.5'
08/29 18:29:40 [Localization System] CLocalize::FindSafe failed to localize: 'AIB[D] intent=state-desire-fight family=state base=78 hp_adv=8 execute=20 dist=849 hp=98 ehp=52 reason=enemy_seen score=106'
08/29 18:29:40 [Localization System] CLocalize::FindSafe failed to localize: 'AIB[D] blocked=ability-pressure reason=nothing_castable'
08/29 18:29:40 [Localization System] CLocalize::FindSafe failed to localize: 'AIB[D] blocked=top-arbiter reason=empty_action winner=fight score=106'
08/29 18:29:40 [Localization System] CLocalize::FindSafe failed to localize: 'AIB[D] blocked=uphill-repo reason=motor_busy'
08/29 18:29:40 [Localization System] CLocalize::FindSafe failed to localize: 'AIB[R] blocked=recovery-buy reason=budget_cap hp=52 gold=510 count=3 allow=3'
08/29 18:29:40 [Localization System] CLocalize::FindSafe failed to localize: 'AIB[R] intent=top-arbiter family=state winner=wave-watch:10 losers=safe-cs:56,hero-over-creep:52,idle-heal:46,emergency-retreat:45,fwd-pullback:44'
08/29 18:29:40 [Localization System] CLocalize::FindSafe failed to localize: 'AIB[R] t=145s hp=52% gold=511 loc=-808,-690 enemy-dist=777 lh=8 dn=2 dg=+8 dlh=+0 bottle=-1 lvl=3 front=8727 ehp=98'
08/29 18:29:40 [Localization System] CLocalize::FindSafe failed to localize: 'AIB[D] intent=hero-contact family=fight dist=737 hp=98 reason=close_enemy'
08/29 18:29:40 [Localization System] CLocalize::FindSafe failed to localize: 'AIB[R] intent=tick-owner family=other stage=laning-core'
08/29 18:29:40 [Localization System] CLocalize::FindSafe failed to localize: 'AIB[D] blocked=hero-contact reason=refractory since=0.20'
08/29 18:29:41 [Localization System] CLocalize::FindSafe failed to localize: 'AIB[D] intent=hero-pass family=fight dist=636 hp=98 reason=nearby_enemy'
08/29 18:29:41 [Localization System] CLocalize::FindSafe failed to localize: 'AIB[D] intent=tick-owner family=other stage=fight intent=hero-pass'
08/29 18:29:41 [Localization System] CLocalize::FindSafe failed to localize: 'AIB[R] blocked=fight-candidate reason=no_action_capped hp=53 score=40'
08/29 18:29:41 [Localization System] CLocalize::FindSafe failed to localize: 'AIB[R] intent=wave-watch-work family=other lh=8 idle=10 creep_hp=82 dist=591'
08/29 18:29:41 [Localization System] CLocalize::FindSafe failed to localize: 'AIB[D] intent=top-arbiter family=state winner=hero-over-creep:52 losers=fight:142,idle-heal:46,emergency-retreat:45,fwd-pullback:44,emergency-kill:43.5'
08/29 18:29:41 [Localization System] CLocalize::FindSafe failed to localize: 'AIB[R] intent=state-desire-last-hit family=farm dist=551 reason=killable_creep score=140'
08/29 18:29:41 [Localization System] CLocalize::FindSafe failed to localize: 'AIB[D] intent=state-desire-fight family=state base=78 range=18 hp_adv=8 execute=20 dist=475 hp=99 ehp=53 reason=enemy_seen score=124'
08/29 18:29:41 [Localization System] CLocalize::FindSafe failed to localize: 'AIB[R] intent=top-arbiter family=state winner=last-hit:158 losers=fight:96,safe-cs:56,hero-over-creep:52,idle-heal:46,emergency-retreat:45'
08/29 18:29:42 [Localization System] CLocalize::FindSafe failed to localize: 'AIB[D] blocked=top-arbiter reason=empty_action winner=fight score=142'
08/29 18:29:42 [Localization System] CLocalize::FindSafe failed to localize: 'AIB[R] intent=state-desire-fight family=state base=78 range=18 dist=475 hp=53 ehp=99 reason=enemy_seen score=96'
08/29 18:29:42 [Localization System] CLocalize::FindSafe failed to localize: 'AIB[R] blocked=ability-pressure reason=hp_disadv dist=475 hp=53 ehp=99'
08/29 18:29:42 [Localization System] CLocalize::FindSafe failed to localize: 'AIB[R] intent=hero-contact family=fight dist=475 hp=53 reason=attackable_enemy'
08/29 18:29:42 [Localization System] CLocalize::FindSafe failed to localize: 'AIB[R] blocked=hero-contact reason=refractory since=0.17'
08/29 18:29:42 [Localization System] CLocalize::FindSafe failed to localize: 'AIB[R] intent=hero-pass family=fight dist=475 hp=45 reason=nearby_enemy'
08/29 18:29:42 [Localization System] CLocalize::FindSafe failed to localize: 'AIB[D] t=147s hp=99% gold=349 loc=-400,-344 enemy-dist=475 lh=4 dn=0 dg=+7 dlh=+0 bottle=-1 lvl=3 front=9942 ehp=45'
08/29 18:29:42 [Localization System] CLocalize::FindSafe failed to localize: 'AIB[R] blocked=top-arbiter reason=empty_action winner=fight score=114'
08/29 18:29:42 [Localization System] CLocalize::FindSafe failed to localize: 'AIB[R] intent=state-desire-recover family=state base=74 hp=46 reason=hp_gate score=74'
08/29 18:29:42 [Localization System] CLocalize::FindSafe failed to localize: 'AIB[R] intent=recovery-policy family=recover action=recover hp=46 gate=55 source=lane-low'
08/29 18:29:42 [Localization System] CLocalize::FindSafe failed to localize: 'AIB[R] intent=state-recover-xp family=state ttl=2 reason=regen_lane hp=46 dist=215'
08/29 18:29:42 [Localization System] CLocalize::FindSafe failed to localize: 'AIB[R] intent=recovery-owner family=recover band=caution threat=true mode=safe-step hp=46'
08/29 18:29:42 [Localization System] CLocalize::FindSafe failed to localize: 'AIB[D] intent=arbiter family=fight winner=creep-aggro:112 losers=hero-pass:105'
08/29 18:29:42 [Localization System] CLocalize::FindSafe failed to localize: 'AIB[D] intent=creep-aggro family=safety hp=97 reason=creep_hitting'
08/29 18:29:42 [Localization System] CLocalize::FindSafe failed to localize: 'AIB[R] intent=tick-owner family=other stage=laning-core'
08/29 18:29:43 [Localization System] CLocalize::FindSafe failed to localize: 'AIB[D] intent=tick-owner family=other stage=fight intent=creep-aggro'
08/29 18:29:43 [Localization System] CLocalize::FindSafe failed to localize: 'AIB[D] blocked=ability-pressure reason=nothing_castable'
08/29 18:29:43 [Localization System] CLocalize::FindSafe failed to localize: 'AIB[D] intent=top-arbiter family=state winner=fight:142 losers=safety:116,hero-over-creep:52,idle-heal:46,emergency-retreat:45,fwd-pullback:44'
08/29 18:29:43 [Localization System] CLocalize::FindSafe failed to localize: 'AIB[D] intent=state-desire-fight family=state base=78 range=18 hp_adv=8 execute=20 dist=566 hp=90 ehp=46 hyst=18 reason=enemy_seen score=142'
08/29 18:29:43 [Localization System] CLocalize::FindSafe failed to localize: 'AIB[R] blocked=hero-over-creep reason=no_target'
08/29 18:29:43 [Localization System] CLocalize::FindSafe failed to localize: 'AIB[R] blocked=emergency-kill reason=no_target'
08/29 18:29:43 [Localization System] CLocalize::FindSafe failed to localize: 'AIB[R] blocked=uphill-repo reason=motor_busy'
08/29 18:29:43 [Localization System] CLocalize::FindSafe failed to localize: 'AIB[R] blocked=harass reason=no_target'
08/29 18:29:43 [Localization System] CLocalize::FindSafe failed to localize: 'AIB[R] intent=top-arbiter family=state winner=creep-work:38.8 losers=fight:96,safe-cs:56,hero-over-creep:52,idle-heal:46,emergency-retreat:45'
08/29 18:29:43 [Localization System] CLocalize::FindSafe failed to localize: 'AIB[R] intent=state-desire-fight family=state base=78 range=18 dist=516 hp=46 ehp=90 reason=enemy_seen score=96'
08/29 18:29:44 [Localization System] CLocalize::FindSafe failed to localize: 'AIB[R] blocked=ability-pressure reason=nothing_castable'
08/29 18:29:44 [Localization System] CLocalize::FindSafe failed to localize: 'AIB[R] blocked=top-arbiter reason=empty_action winner=fight score=114'
08/29 18:29:44 [Localization System] CLocalize::FindSafe failed to localize: 'AIB[D] blocked=hero-contact reason=refractory since=0.47'
08/29 18:29:44 [Localization System] CLocalize::FindSafe failed to localize: 'AIB[D] blocked=creep-aggro reason=hero_trading hp=77 hits=3'
08/29 18:29:44 [Localization System] CLocalize::FindSafe failed to localize: 'AIB[R] blocked=hero-pass reason=uphill hp=46'
08/29 18:29:44 Script function 'Think' on bot npc_dota_hero_nevermore took 2.386ms
08/29 18:29:44 [Localization System] CLocalize::FindSafe failed to localize: 'AIB[D] blocked=safety-candidate reason=no_action_capped hp=74 score=44'
08/29 18:29:44 [Localization System] CLocalize::FindSafe failed to localize: 'AIB[R] blocked=fight-candidate reason=no_action_capped hp=47 score=40'
08/29 18:29:44 [Localization System] CLocalize::FindSafe failed to localize: 'AIB[D] intent=arbiter family=fight winner=hero-pass:90 losers=creep-aggro:72'
08/29 18:29:44 [Localization System] CLocalize::FindSafe failed to localize: 'AIB[R] blocked=ability-harass reason=nothing_castable'
08/29 18:29:44 [Localization System] CLocalize::FindSafe failed to localize: 'AIB[D] intent=top-arbiter family=state winner=fight:142 losers=last-hit:140,hero-over-creep:52,cs-inrange:50,idle-heal:46,emergency-retreat:45'
08/29 18:29:44 [Localization System] CLocalize::FindSafe failed to localize: 'AIB[R] blocked=creep-hit-react reason=recovery_commit hp=45 band=caution'
08/29 18:29:44 [Localization System] CLocalize::FindSafe failed to localize: 'AIB[R] intent=state-desire-safety family=state base=108 creep_dmg=8 hp=45 creep=true hero=false reason=recent_damage score=116'
08/29 18:29:44 [Localization System] CLocalize::FindSafe failed to localize: 'AIB[R] intent=state-desire-recover family=state base=74 creep_dmg=-14 hp=45 reason=hp_gate score=60'
08/29 18:29:44 [Localization System] CLocalize::FindSafe failed to localize: 'AIB[R] intent=recovery-policy family=recover action=recover hp=45 gate=55 source=lane-low'
08/29 18:29:44 [Localization System] CLocalize::FindSafe failed to localize: 'AIB[R] intent=recovery-owner family=recover band=soft threat=true mode=back hp=45'
08/29 18:29:44 [Localization System] CLocalize::FindSafe failed to localize: 'AIB[R] intent=tick-owner family=other stage=desire/recover base=74 creep_dmg=-14 hp=45 reason=hp_gate score=60'
08/29 18:29:45 [Localization System] CLocalize::FindSafe failed to localize: 'AIB[D] intent=state-desire-last-hit family=farm dist=98 reason=killable_creep score=140'
08/29 18:29:45 [Localization System] CLocalize::FindSafe failed to localize: 'AIB[R] blocked=safety-candidate reason=no_action_capped hp=45 score=44'
08/29 18:29:45 [Localization System] CLocalize::FindSafe failed to localize: 'AIB[R] intent=top-arbiter family=state winner=recover:78 losers=safe-cs:56,hero-over-creep:52,idle-heal:46,emergency-retreat:45,fwd-pullback:44'
08/29 18:29:45 [Localization System] CLocalize::FindSafe failed to localize: 'AIB[D] intent=state-desire-fight family=state base=78 hp_adv=8 execute=20 dist=768 hp=71 ehp=45 reason=enemy_seen score=106'
08/29 18:29:45 [Localization System] CLocalize::FindSafe failed to localize: 'AIB[D] intent=tick-owner family=other stage=laning-core'
08/29 18:29:45 [Localization System] CLocalize::FindSafe failed to localize: 'AIB[D] intent=state-desire-safety family=state base=108 creep_dmg=8 hp=67 creep=true hero=false reason=recent_damage score=116'
08/29 18:29:45 [Localization System] CLocalize::FindSafe failed to localize: 'AIB[D] blocked=creep-hit-react reason=inside_melee_pack count=2 dist=89 hp=67'
08/29 18:29:45 [Localization System] CLocalize::FindSafe failed to localize: 'AIB[D] intent=creep-hit-react family=safety dist=89 hp=67 hits=1 reason=edge_attack'
08/29 18:29:45 [Localization System] CLocalize::FindSafe failed to localize: 'AIB[R] t=150s hp=45% gold=596 loc=-969,-956 enemy-dist=916 lh=9 dn=2 dg=+85 dlh=+1 bottle=-1 lvl=3 front=8699 ehp=68'
08/29 18:29:45 [Localization System] CLocalize::FindSafe failed to localize: 'AIB[D] blocked=buy-loop reason=saving target=item_bottle head=item_bottle cost=675 gold=354 left=1'
08/29 18:29:45 [Localization System] CLocalize::FindSafe failed to localize: 'AIB[R] blocked=buy-loop reason=saving target=item_bottle head=item_bottle cost=675 gold=596 left=1'
08/29 18:29:45 [Localization System] CLocalize::FindSafe failed to localize: 'AIB[D] blocked=hero-over-creep reason=no_target'
08/29 18:29:45 [Localization System] CLocalize::FindSafe failed to localize: 'AIB[D] blocked=emergency-kill reason=no_target'
08/29 18:29:45 [Localization System] CLocalize::FindSafe failed to localize: 'AIB[D] blocked=uphill-repo reason=no_reposition'
08/29 18:29:45 [Localization System] CLocalize::FindSafe failed to localize: 'AIB[D] intent=melee-pack-space family=safety count=2 dist=339'
08/29 18:29:45 [Localization System] CLocalize::FindSafe failed to localize: 'AIB[D] blocked=harass reason=no_target'
08/29 18:29:45 [Localization System] CLocalize::FindSafe failed to localize: 'AIB[D] intent=cs-watchdog family=farm lh=4 idle=18 creep_hp=277 dist=585'
08/29 18:29:46 [Localization System] CLocalize::FindSafe failed to localize: 'AIB[D] intent=top-arbiter family=state winner=creep-work:38.6 losers=hero-over-creep:52,idle-heal:46,emergency-retreat:45,fwd-pullback:44,emergency-kill:43.5'
08/29 18:29:46 [Localization System] CLocalize::FindSafe failed to localize: 'AIB[R] blocked=hero-over-creep reason=no_target'
08/29 18:29:46 [Localization System] CLocalize::FindSafe failed to localize: 'AIB[R] intent=top-arbiter family=state winner=idle-heal:46 losers=safe-cs:56,hero-over-creep:52,emergency-retreat:45,fwd-pullback:44,emergency-kill:43.5'
08/29 18:29:47 [Localization System] CLocalize::FindSafe failed to localize: 'AIB[R] intent=tick-owner family=other stage=laning-core'
08/29 18:29:47 [Localization System] CLocalize::FindSafe failed to localize: 'AIB[D] intent=damage-by-source family=other creep=495 tower=0 hero=825 mixed=233 death=0 other=191 stale=2 gaps=1'
08/29 18:29:47 [Localization System] CLocalize::FindSafe failed to localize: 'AIB[D] intent=tick-owner family=other stage=laning-core'
08/29 18:29:47 [Localization System] CLocalize::FindSafe failed to localize: 'AIB[D] t=152s hp=63% gold=357 loc=-246,-214 lh=4 dn=0 dg=+8 dlh=+0 bottle=-1 lvl=3 front=10312 ehp=-1'
08/29 18:29:47 [Localization System] CLocalize::FindSafe failed to localize: 'AIB[D] intent=state-desire-safety family=state base=108 creep_dmg=8 hp=63 creep=true hero=false hyst=18 reason=recent_damage score=134'
08/29 18:29:47 [Localization System] CLocalize::FindSafe failed to localize: 'AIB[D] intent=creep-hit-react family=safety dist=177 hp=63 hits=3 reason=edge_attack'
08/29 18:29:47 [Localization System] CLocalize::FindSafe failed to localize: 'AIB[R] blocked=emergency-kill reason=no_target'
08/29 18:29:47 [Localization System] CLocalize::FindSafe failed to localize: 'AIB[R] blocked=uphill-repo reason=no_step'
08/29 18:29:47 [Localization System] CLocalize::FindSafe failed to localize: 'AIB[R] blocked=harass reason=no_target'
08/29 18:29:47 [Localization System] CLocalize::FindSafe failed to localize: 'AIB[R] blocked=cs-watchdog reason=no_creep lh=9 idle=20'
08/29 18:29:47 [Localization System] CLocalize::FindSafe failed to localize: 'AIB[R] intent=cs-watchdog family=farm lh=9 idle=20 creep_hp=516 dist=835'
08/29 18:29:47 [Localization System] CLocalize::FindSafe failed to localize: 'AIB[R] anti-idle-enter=10 anti-idle-lane=7 channel-interrupt-atk=17 channel-interrupt-chase=13 creep-aggro-back=2 creep-aggro-hero-yield=10 creep-aggro-hit=3 creep-dmg=4 creep-hit-react-atk=14 creep-hit-react-step=8 cs-wait-release=27 cs-wait=12 cs-walk-gap-large=7 cs-walk-gap-small=19 cs-walk-inrange=7 cs-walk-into-pack=9 cs-walk=33 cs-watchdog-step=4 deny-act-atk=19 deny-act-walk=8 deny-act=27 deny-cand-doomed=23 deny-cand-tanky=89 fight-hp-behind=2 fwd-at-position=3 fwd-suppressed-creep=13 fwd-suppressed-cs=3 fwd-suppressed-empty=2 fwd-suppressed-hero=5 fwd-suppressed-motor=8 fwd-suppressed-recovery=1 fwd-suppressed-tower=4 fwd-suppressed-visual=1 fwd-suppressed-watchdog=1 harass-seek=1 heal-item=1 hero-contact-atk=11 hero-contact-chase=6 hero-over-creep=1 hero-pass-atk=4 hero-pass-chase=3 idle=2 kill-priority=17 killwin-atk=4 killwin-scan=601 lane-line-fallback=42 lane-line-suppressed-creep-dmg=1 lane-line-suppressed-creep=5 lane-line-suppressed-empty=5 lane-line-suppressed-heal=7 lane-line-suppressed-lowhp=4 lane-line-suppressed-motor=2 last-hit-urgent=38 melee-pack-release=9 melee-pack-space=12 own-ranged-stepback=1 pre-aig=10 precreep-anchor=49 precreep-hold=3 precreep-park-hold=13 precreep-park=154 precreep-space=2 prewave-defend=2 prewave-free-hit=87 recover-xp=2 recovery-buy=3 recovery-enemy-near=151 recovery-flask=2 recovery-regen=1 recovery-tango=1 regen-walk=1 siege-commit-tower=21 siege-step=4 tango-heal=2 uphill-reposition=5 uphill-void-under-fire=11 visual-hold-creep=13 visual-hold-lane=1 wave-watch-atk=10 wave-watch-no-wave=8 wave-watch-step=57 wave-watch=10'
08/29 18:29:47 [Localization System] CLocalize::FindSafe failed to localize: 'AIB[D] blocked=safety-candidate reason=no_action_capped hp=64 score=44'
08/29 18:29:47 [Localization System] CLocalize::FindSafe failed to localize: 'AIB[R] blocked=ability-harass reason=nothing_castable'
08/29 18:29:47 [Localization System] CLocalize::FindSafe failed to localize: 'AIB[D] intent=top-arbiter family=state winner=creep-work:38.6 losers=hero-over-creep:52,idle-heal:46,emergency-retreat:45,fwd-pullback:44,emergency-kill:43.5'
08/29 18:29:48 [Localization System] CLocalize::FindSafe failed to localize: 'AIB[R] intent=top-arbiter family=state winner=wave-watch:10 losers=safe-cs:56,hero-over-creep:52,idle-heal:46,emergency-retreat:45,fwd-pullback:44'
08/29 18:29:48 Script function 'Think' on bot npc_dota_hero_nevermore took 2.148ms
08/29 18:29:48 [Localization System] CLocalize::FindSafe failed to localize: 'AIB[D] intent=melee-pack-space family=safety count=2 dist=197'
08/29 18:29:48 [Localization System] CLocalize::FindSafe failed to localize: 'AIB[D] blocked=hero-over-creep reason=no_target'
08/29 18:29:48 [Localization System] CLocalize::FindSafe failed to localize: 'AIB[D] blocked=emergency-kill reason=no_target'
08/29 18:29:48 [Localization System] CLocalize::FindSafe failed to localize: 'AIB[D] blocked=uphill-repo reason=no_reposition'
08/29 18:29:49 [Localization System] CLocalize::FindSafe failed to localize: 'AIB[D] anti-afk-lane=1 anti-afk-no-chase=2 anti-idle-combat=3 anti-idle-creep-walk=1 anti-idle-enter=12 anti-idle-lane=8 anti-idle-lowhp-back=2 channel-interrupt-atk=21 channel-interrupt-chase=6 creep-aggro-back=3 creep-aggro-hero-yield=6 creep-aggro-hit=16 creep-dmg=3 creep-hit-react-atk=10 creep-hit-react-step=11 critical-recover-hold=5 cs-wait-release=5 cs-wait=4 cs-walk-gap-large=10 cs-walk-gap-small=8 cs-walk-inrange=1 cs-walk-into-pack=2 cs-walk=19 cs-watchdog-step=2 cw-push-cs-step=1 cw-push=95 deny-act-walk=9 deny-act=9 deny-cand-doomed=4 deny-cand-tanky=39 fight-hp-behind=14 fountain-trip-release=2 fwd-suppressed-creep=5 fwd-suppressed-cs=1 fwd-suppressed-empty=1 fwd-suppressed-hero=3 fwd-suppressed-lowhp=2 fwd-suppressed-motor=7 fwd-suppressed-recovery=2 fwd-suppressed-tower=7 fwd-suppressed-visual=2 heal-inflight-back=4 heal-inflight-hold=1 heal-item=3 heal-want=1 hero-contact-atk=19 hero-contact-chase=2 hero-over-creep=3 hero-pass-atk=11 hero-pass-chase=2 hero-prio-always=2 hero-prio-chase-hold=5 hero-prio-chase=21 idle=6 killwin-scan=783 lane-line-suppressed-heal=6 lane-line-suppressed-lowhp=11 last-hit-urgent=28 low-hp-creep=1 low-hp-limit=5 melee-pack-release=7 melee-pack-space=13 own-ranged-stepback=1 pre-aig=12 precreep-anchor=29 precreep-hold=2 precreep-park-hold=12 precreep-park=185 precreep-space=4 prewave-duel-approach=31 prewave-duel-trade=92 recover-xp=11 recovery-buy-critical=1 recovery-buy=2 recovery-enemy-near=118 recovery-regen=5 recovery-tango=3 recovery-yield=1 regen-walk=6 uphill-reposition=1 uphill-void-under-fire=1 visual-hold-creep=2 visual-hold-lane=3 wave-watch-atk=2 wave-watch-no-wave=10 wave-watch-step=40 wave-watch=5'
08/29 18:29:49 [Localization System] CLocalize::FindSafe failed to localize: 'AIB[R] intent=tick-owner family=other stage=laning-core'
08/29 18:29:49 [Localization System] CLocalize::FindSafe failed to localize: 'AIB[D] blocked=uphill-repo reason=motor_busy'
08/29 18:29:49 [Localization System] CLocalize::FindSafe failed to localize: 'AIB[D] blocked=harass reason=no_target'
08/29 18:29:49 [Localization System] CLocalize::FindSafe failed to localize: 'AIB[D] intent=cs-watchdog family=farm lh=4 idle=22 creep_hp=216 dist=617'
08/29 18:29:49 [Localization System] CLocalize::FindSafe failed to localize: 'AIB[D] intent=tick-owner family=other stage=laning-core'
08/29 18:29:49 [Localization System] CLocalize::FindSafe failed to localize: 'AIB[D] intent=top-arbiter family=state winner=creep-work:38.6 losers=hero-over-creep:52,idle-heal:46,emergency-retreat:45,fwd-pullback:44,emergency-kill:43.5'
08/29 18:29:49 [Localization System] CLocalize::FindSafe failed to localize: 'AIB[R] blocked=hero-over-creep reason=no_target'
08/29 18:29:49 [Localization System] CLocalize::FindSafe failed to localize: 'AIB[R] blocked=recovery-buy reason=budget_cap hp=50 gold=602 count=3 allow=3'
08/29 18:29:49 [Localization System] CLocalize::FindSafe failed to localize: 'AIB[R] intent=damage-by-source family=other creep=225 tower=0 hero=689 mixed=197 death=0 other=0 stale=282 gaps=3'
08/29 18:29:49 [Localization System] CLocalize::FindSafe failed to localize: 'AIB[R] intent=top-arbiter family=state winner=wave-watch:10 losers=safe-cs:56,hero-over-creep:52,idle-heal:46,emergency-retreat:45,fwd-pullback:44'
08/29 18:29:50 [Localization System] CLocalize::FindSafe failed to localize: 'AIB[R] blocked=fight-candidate reason=no_action_capped hp=50 score=40'
08/29 18:29:50 [Localization System] CLocalize::FindSafe failed to localize: 'AIB[D] intent=state-desire-fight family=state base=78 range=18 hp_adv=8 execute=20 dist=604 hp=65 ehp=50 reason=enemy_seen score=124'
08/29 18:29:50 [Localization System] CLocalize::FindSafe failed to localize: 'AIB[D] blocked=ability-pressure reason=nothing_castable'
08/29 18:29:50 [Localization System] CLocalize::FindSafe failed to localize: 'AIB[D] intent=hero-contact family=fight dist=604 hp=65 reason=attackable_enemy'
08/29 18:29:50 [Localization System] CLocalize::FindSafe failed to localize: 'AIB[D] blocked=hero-contact reason=refractory since=0.17'
08/29 18:29:50 [Localization System] CLocalize::FindSafe failed to localize: 'AIB[D] intent=hero-pass family=fight dist=517 hp=65 reason=nearby_enemy'
08/29 18:29:50 [Localization System] CLocalize::FindSafe failed to localize: 'AIB[R] intent=state-desire-fight family=state base=78 range=18 dist=498 hp=51 ehp=65 reason=enemy_seen score=96'
08/29 18:29:50 [Localization System] CLocalize::FindSafe failed to localize: 'AIB[R] blocked=ability-pressure reason=nothing_castable'
08/29 18:29:50 [Localization System] CLocalize::FindSafe failed to localize: 'AIB[R] intent=hero-contact family=fight dist=498 hp=51 reason=attackable_enemy'
08/29 18:29:50 [Localization System] CLocalize::FindSafe failed to localize: 'AIB[R] blocked=hero-contact reason=refractory since=0.17'
08/29 18:29:50 [Localization System] CLocalize::FindSafe failed to localize: 'AIB[R] intent=hero-pass family=fight dist=487 hp=51 reason=nearby_enemy'
08/29 18:29:50 [Localization System] CLocalize::FindSafe failed to localize: 'AIB[D] blocked=top-arbiter reason=empty_action winner=fight score=142'
08/29 18:29:50 [Localization System] CLocalize::FindSafe failed to localize: 'AIB[R] blocked=top-arbiter reason=empty_action winner=fight score=114'
08/29 18:29:50 [Localization System] CLocalize::FindSafe failed to localize: 'AIB[R] blocked=emergency-kill reason=no_target'
08/29 18:29:50 [Localization System] CLocalize::FindSafe failed to localize: 'AIB[R] blocked=uphill-repo reason=no_reposition'
08/29 18:29:50 [Localization System] CLocalize::FindSafe failed to localize: 'AIB[R] intent=melee-pack-space family=safety count=2 dist=168'
08/29 18:29:50 [Localization System] CLocalize::FindSafe failed to localize: 'AIB[R] t=155s hp=51% gold=604 loc=-690,-675 enemy-dist=508 lh=9 dn=2 dg=+8 dlh=+0 bottle=-1 lvl=3 front=8699 ehp=65'
08/29 18:29:50 [Localization System] CLocalize::FindSafe failed to localize: 'AIB[R] blocked=harass reason=no_target'
08/29 18:29:50 [Localization System] CLocalize::FindSafe failed to localize: 'AIB[R] blocked=uphill-repo reason=not_trading'
08/29 18:29:50 [Localization System] CLocalize::FindSafe failed to localize: 'AIB[R] blocked=ability-harass reason=nothing_castable'
08/29 18:29:50 [Localization System] CLocalize::FindSafe failed to localize: 'AIB[R] intent=wave-watch-work family=other lh=9 idle=6 creep_hp=299 dist=585'
08/29 18:29:50 [Localization System] CLocalize::FindSafe failed to localize: 'AIB[D] intent=arbiter family=fight winner=creep-aggro:112 losers=hero-pass:105'
08/29 18:29:50 [Localization System] CLocalize::FindSafe failed to localize: 'AIB[D] intent=creep-aggro family=safety hp=63 reason=creep_hitting'
08/29 18:29:51 [Localization System] CLocalize::FindSafe failed to localize: 'AIB[R] blocked=creep-hit-react reason=recovery_commit hp=50 band=soft'
08/29 18:29:51 [Localization System] CLocalize::FindSafe failed to localize: 'AIB[R] blocked=safety-candidate reason=no_action_capped hp=50 score=44'
08/29 18:29:51 [Localization System] CLocalize::FindSafe failed to localize: 'AIB[R] blocked=recover-candidate reason=no_action_capped hp=50 score=44'
08/29 18:29:51 [Localization System] CLocalize::FindSafe failed to localize: 'AIB[D] intent=top-arbiter family=state winner=fight:142 losers=safety:116,hero-over-creep:52,idle-heal:46,emergency-retreat:45,fwd-pullback:44'
08/29 18:29:51 [Localization System] CLocalize::FindSafe failed to localize: 'AIB[R] intent=creep-aggro family=safety hp=50 reason=creep_hitting'
08/29 18:29:51 [Localization System] CLocalize::FindSafe failed to localize: 'AIB[R] intent=tick-owner family=other stage=laning-core'
08/29 18:29:51 [Localization System] CLocalize::FindSafe failed to localize: 'AIB[R] intent=top-arbiter family=state winner=fight:114 losers=safe-cs:56,hero-over-creep:52,idle-heal:46,emergency-retreat:45,fwd-pullback:44'
08/29 18:29:51 [Localization System] CLocalize::FindSafe failed to localize: 'AIB[D] intent=state-desire-last-hit family=farm dist=63 reason=killable_creep score=140'
08/29 18:29:51 [Localization System] CLocalize::FindSafe failed to localize: 'AIB[D] intent=tick-owner family=other stage=desire/last-hit dist=63 reason=killable_creep score=140'
08/29 18:29:51 [Localization System] CLocalize::FindSafe failed to localize: 'AIB[D] intent=state-desire-fight family=state base=78 range=18 execute=20 dist=528 hp=62 ehp=51 reason=enemy_seen score=116'
08/29 18:29:51 [Localization System] CLocalize::FindSafe failed to localize: 'AIB[R] intent=state-desire-fight family=state base=78 range=18 dist=528 hp=51 ehp=60 hyst=18 reason=enemy_seen score=114'
08/29 18:29:52 [Localization System] CLocalize::FindSafe failed to localize: 'AIB[R] intent=arbiter family=fight winner=creep-aggro:112 losers=hero-pass:105'
08/29 18:29:52 [Localization System] CLocalize::FindSafe failed to localize: 'AIB[D] t=157s hp=60% gold=365 loc=-333,-314 enemy-dist=528 lh=4 dn=0 dg=+8 dlh=+0 bottle=-1 lvl=3 front=10312 ehp=50'
08/29 18:29:52 [Localization System] CLocalize::FindSafe failed to localize: 'AIB[D] intent=arbiter family=fight winner=creep-aggro:112 losers=hero-pass:105'
08/29 18:29:52 [Localization System] CLocalize::FindSafe failed to localize: 'AIB[D] intent=top-arbiter family=state winner=fight:134 losers=safety:116,hero-over-creep:52,idle-heal:46,emergency-retreat:45,fwd-pullback:44'
08/29 18:29:53 [Localization System] CLocalize::FindSafe failed to localize: 'AIB[R] intent=top-arbiter family=state winner=fight:134 losers=safe-cs:56,hero-over-creep:52,idle-heal:46,emergency-retreat:45,fwd-pullback:44'
08/29 18:29:53 [Localization System] CLocalize::FindSafe failed to localize: 'AIB[D] blocked=ability-pressure reason=nothing_castable'
08/29 18:29:53 [Localization System] CLocalize::FindSafe failed to localize: 'AIB[R] intent=state-desire-fight family=state base=78 range=18 execute=20 dist=528 hp=49 ehp=59 hyst=18 reason=enemy_seen score=134'
08/29 18:29:53 [Localization System] CLocalize::FindSafe failed to localize: 'AIB[R] blocked=ability-pressure reason=nothing_castable'
08/29 18:29:53 [Localization System] CLocalize::FindSafe failed to localize: 'AIB[R] intent=tick-owner family=other stage=laning-core'
08/29 18:29:53 [Localization System] CLocalize::FindSafe failed to localize: 'AIB[D] intent=state-desire-fight family=state base=78 range=18 execute=20 dist=528 hp=59 ehp=49 hyst=18 reason=enemy_seen score=134'
08/29 18:29:53 [Localization System] CLocalize::FindSafe failed to localize: 'AIB[D] blocked=hero-contact reason=refractory since=0.20'
08/29 18:29:53 [Localization System] CLocalize::FindSafe failed to localize: 'AIB[R] blocked=hero-contact reason=refractory since=0.27'
08/29 18:29:53 [Localization System] CLocalize::FindSafe failed to localize: 'AIB[D] intent=tick-owner family=other stage=laning-core'
08/29 18:29:53 [Localization System] CLocalize::FindSafe failed to localize: 'AIB[R] intent=arbiter family=fight winner=creep-aggro:112 losers=hero-pass:105'
08/29 18:29:53 [Localization System] CLocalize::FindSafe failed to localize: 'AIB[D] blocked=buy-loop reason=saving target=item_bottle head=item_bottle cost=675 gold=366 left=1'
08/29 18:29:53 [Localization System] CLocalize::FindSafe failed to localize: 'AIB[R] blocked=buy-loop reason=saving target=item_bottle head=item_bottle cost=675 gold=608 left=1'
08/29 18:29:54 [Localization System] CLocalize::FindSafe failed to localize: 'AIB[D] intent=arbiter family=fight winner=creep-aggro:112 losers=hero-pass:105'
08/29 18:29:54 [Localization System] CLocalize::FindSafe failed to localize: 'AIB[D] intent=top-arbiter family=state winner=fight:134 losers=safety:116,hero-over-creep:52,idle-heal:46,emergency-retreat:45,fwd-pullback:44'
08/29 18:29:54 [Localization System] CLocalize::FindSafe failed to localize: 'AIB[D] intent=state-desire-last-hit family=farm dist=137 reason=killable_creep score=140'
08/29 18:29:55 [Localization System] CLocalize::FindSafe failed to localize: 'AIB[D] intent=tick-owner family=other stage=laning-core'
08/29 18:29:55 [Localization System] CLocalize::FindSafe failed to localize: 'AIB[D] blocked=recover-candidate reason=no_action_capped hp=54 score=44'
08/29 18:29:55 [Localization System] CLocalize::FindSafe failed to localize: 'AIB[D] intent=state-desire-safety family=state base=108 creep_dmg=8 hp=54 creep=true hero=false reason=recent_damage score=116'
08/29 18:29:55 [Localization System] CLocalize::FindSafe failed to localize: 'AIB[D] intent=creep-hit-react family=safety dist=137 hp=54 hits=1 reason=edge_attack'
08/29 18:29:55 [Localization System] CLocalize::FindSafe failed to localize: 'AIB[D] intent=top-arbiter family=state winner=safety:116 losers=safe-cs:56,hero-over-creep:52,idle-heal:46,emergency-retreat:45,fwd-pullback:44'
08/29 18:29:56 [Localization System] CLocalize::FindSafe failed to localize: 'AIB[D] blocked=safety-candidate reason=no_action_capped hp=54 score=44'
08/29 18:29:56 [Localization System] CLocalize::FindSafe failed to localize: 'AIB[D] blocked=hero-over-creep reason=no_target'
08/29 18:29:56 [Localization System] CLocalize::FindSafe failed to localize: 'AIB[D] blocked=emergency-kill reason=no_target'
08/29 18:29:56 [Localization System] CLocalize::FindSafe failed to localize: 'AIB[D] blocked=uphill-repo reason=no_reposition'
08/29 18:29:56 [Localization System] CLocalize::FindSafe failed to localize: 'AIB[D] blocked=harass reason=no_target'
08/29 18:29:56 [Localization System] CLocalize::FindSafe failed to localize: 'AIB[D] intent=cs-watchdog family=farm lh=5 idle=28 creep_hp=185 dist=520'
08/29 18:29:56 [Localization System] CLocalize::FindSafe failed to localize: 'AIB[R] t=160s hp=50% gold=612 loc=-1234,-1012 enemy-dist=1174 lh=9 dn=2 dg=+8 dlh=+0 bottle=-1 lvl=3 front=8228 ehp=54'
08/29 18:29:56 [Localization System] CLocalize::FindSafe failed to localize: 'AIB[R] blocked=creep-hit-react reason=recovery_commit hp=50 band=soft'
08/29 18:29:56 [Localization System] CLocalize::FindSafe failed to localize: 'AIB[R] blocked=safety-candidate reason=no_action_capped hp=50 score=44'
08/29 18:29:56 [Localization System] CLocalize::FindSafe failed to localize: 'AIB[R] blocked=recover-candidate reason=no_action_capped hp=50 score=44'
08/29 18:29:56 [Localization System] CLocalize::FindSafe failed to localize: 'AIB[R] blocked=hero-over-creep reason=no_target'
08/29 18:29:56 [Localization System] CLocalize::FindSafe failed to localize: 'AIB[R] intent=recovery-plan family=recover action=flask reason=inventory hp=50'
08/29 18:29:56 [Localization System] CLocalize::FindSafe failed to localize: 'AIB[R] intent=top-arbiter family=state winner=idle-heal:46 losers=safe-cs:56,hero-over-creep:52,emergency-retreat:45,fwd-pullback:44,emergency-kill:43.5'
08/29 18:29:56 [Localization System] CLocalize::FindSafe failed to localize: 'AIB[R] intent=tick-owner family=other stage=desire/idle-heal reason=ready score=46 band=lanework'
08/29 18:29:56 [Localization System] CLocalize::FindSafe failed to localize: 'AIB[R] blocked=emergency-kill reason=no_target'
08/29 18:29:56 [Localization System] CLocalize::FindSafe failed to localize: 'AIB[R] blocked=uphill-repo reason=not_trading'
08/29 18:29:56 [Localization System] CLocalize::FindSafe failed to localize: 'AIB[R] blocked=harass reason=own_heal_running'
08/29 18:29:56 [Localization System] CLocalize::FindSafe failed to localize: 'AIB[R] intent=state-desire-last-hit family=farm dist=557 reason=killable_creep score=140'
08/29 18:29:57 [Localization System] CLocalize::FindSafe failed to localize: 'AIB[D] intent=top-arbiter family=state winner=creep-work:38.6 losers=safe-cs:56,hero-over-creep:52,idle-heal:46,emergency-retreat:45,fwd-pullback:44'
08/29 18:29:57 [Localization System] CLocalize::FindSafe failed to localize: 'AIB[R] blocked=ability-harass reason=nothing_castable'
08/29 18:29:57 [Localization System] CLocalize::FindSafe failed to localize: 'AIB[R] intent=wave-watch-work family=other lh=9 idle=13 creep_hp=22 dist=557'
08/29 18:29:57 [Localization System] CLocalize::FindSafe failed to localize: 'AIB[D] t=162s hp=55% gold=406 loc=-448,-319 enemy-dist=929 lh=5 dn=0 dg=+41 dlh=+1 bottle=-1 lvl=3 front=10312 ehp=59'
08/29 18:29:57 [Localization System] CLocalize::FindSafe failed to localize: 'AIB[D] intent=channel-interrupt family=fight dist=929 hp=55 kind=heal reason=enemy_heal'
08/29 18:29:57 [Localization System] CLocalize::FindSafe failed to localize: 'AIB[D] intent=tick-owner family=other stage=urgent intent=channel-interrupt'
08/29 18:29:57 [Localization System] CLocalize::FindSafe failed to localize: 'AIB[R] intent=top-arbiter family=state winner=wave-watch:10 losers=hero-over-creep:52,idle-heal:46,emergency-retreat:45,fwd-pullback:44,emergency-kill:43.5'
08/29 18:29:57 [Localization System] CLocalize::FindSafe failed to localize: 'AIB[R] blocked=fight-candidate reason=no_action_capped hp=60 score=40'
08/29 18:29:58 [Localization System] CLocalize::FindSafe failed to localize: 'AIB[R] blocked=recovery-buy reason=budget_cap hp=61 gold=615 count=3 allow=3'
08/29 18:29:58 [Localization System] CLocalize::FindSafe failed to localize: 'AIB[R] intent=tick-owner family=other stage=laning-core'
08/29 18:29:58 [Localization System] CLocalize::FindSafe failed to localize: 'AIB[R] intent=state-desire-fight family=state base=78 range=18 execute=20 dist=495 hp=64 ehp=55 reason=enemy_seen score=116'
08/29 18:29:58 [Localization System] CLocalize::FindSafe failed to localize: 'AIB[R] blocked=ability-pressure reason=nothing_castable'
08/29 18:29:58 [Localization System] CLocalize::FindSafe failed to localize: 'AIB[R] intent=hero-contact family=fight dist=495 hp=64 reason=attackable_enemy'
08/29 18:29:58 [Localization System] CLocalize::FindSafe failed to localize: 'AIB[R] blocked=hero-contact reason=refractory since=0.13'
08/29 18:29:58 [Localization System] CLocalize::FindSafe failed to localize: 'AIB[R] blocked=hero-pass reason=uphill hp=65'
08/29 18:29:58 [Localization System] CLocalize::FindSafe failed to localize: 'AIB[R] blocked=top-arbiter reason=empty_action winner=fight score=134'
08/29 18:29:59 [Localization System] CLocalize::FindSafe failed to localize: 'AIB[R] intent=hero-pass family=fight dist=495 hp=61 reason=nearby_enemy'
08/29 18:29:59 [Localization System] CLocalize::FindSafe failed to localize: 'AIB[R] intent=top-arbiter family=state winner=fight:116 losers=hero-over-creep:52,idle-heal:46,emergency-retreat:45,fwd-pullback:44,emergency-kill:43.5'
08/29 18:29:59 [Localization System] CLocalize::FindSafe failed to localize: 'AIB[D] intent=state-desire-last-hit family=farm dist=193 reason=killable_creep score=140'
08/29 18:29:59 [Localization System] CLocalize::FindSafe failed to localize: 'AIB[D] intent=top-arbiter family=state winner=last-hit:140 losers=fight:96,hero-over-creep:52,cs-inrange:50,idle-heal:46,emergency-retreat:45'
08/29 18:29:59 [Localization System] CLocalize::FindSafe failed to localize: 'AIB[D] blocked=recover-candidate reason=no_action_capped hp=47 score=44'
08/29 18:29:59 [Localization System] CLocalize::FindSafe failed to localize: 'AIB[D] intent=tick-owner family=other stage=laning-core'
08/29 18:30:00 [Localization System] CLocalize::FindSafe failed to localize: 'AIB[D] intent=state-desire-safety family=state base=108 creep_dmg=8 hp=46 creep=true hero=true reason=recent_damage score=116'
08/29 18:30:00 [Localization System] CLocalize::FindSafe failed to localize: 'AIB[D] intent=creep-hit-react family=safety dist=193 hp=46 hits=1 reason=edge_attack'
08/29 18:30:00 [Localization System] CLocalize::FindSafe failed to localize: 'AIB[R] intent=state-desire-fight family=state base=78 range=18 hp_adv=8 execute=20 dist=495 hp=63 ehp=46 reason=enemy_seen score=124'
08/29 18:30:00 [Localization System] CLocalize::FindSafe failed to localize: 'AIB[D] intent=state-desire-fight family=state base=78 range=18 dist=525 hp=46 ehp=63 reason=enemy_seen score=96'
08/29 18:30:00 [Localization System] CLocalize::FindSafe failed to localize: 'AIB[D] blocked=ability-pressure reason=nothing_castable'
08/29 18:30:00 [Localization System] CLocalize::FindSafe failed to localize: 'AIB[D] intent=hero-contact family=fight dist=525 hp=46 reason=attackable_enemy'
08/29 18:30:00 [Localization System] CLocalize::FindSafe failed to localize: 'AIB[R] blocked=top-arbiter reason=empty_action winner=fight score=142'
08/29 18:30:00 [Localization System] CLocalize::FindSafe failed to localize: 'AIB[R] intent=tick-owner family=other stage=laning-core'
08/29 18:30:00 [Localization System] CLocalize::FindSafe failed to localize: 'AIB[D] blocked=hero-contact reason=refractory since=0.17'
08/29 18:30:00 [Localization System] CLocalize::FindSafe failed to localize: 'AIB[D] blocked=creep-aggro reason=hero_trading hp=46 hits=1'
08/29 18:30:00 [Localization System] CLocalize::FindSafe failed to localize: 'AIB[D] intent=arbiter family=fight winner=hero-pass:105 losers=creep-aggro:95'
08/29 18:30:00 [Localization System] CLocalize::FindSafe failed to localize: 'AIB[D] intent=hero-pass family=fight dist=525 hp=46 reason=nearby_enemy'
08/29 18:30:00 [Localization System] CLocalize::FindSafe failed to localize: 'AIB[D] intent=creep-aggro family=safety hp=46 dest=276,405 reason=recent_creep_damage'
08/29 18:30:00 [Localization System] CLocalize::FindSafe failed to localize: 'AIB[R] intent=top-arbiter family=state winner=hero-over-creep:52 losers=fight:142,idle-heal:46,emergency-retreat:45,fwd-pullback:44,emergency-kill:43.5'
08/29 18:30:00 [Localization System] CLocalize::FindSafe failed to localize: 'AIB[D] blocked=safety-candidate reason=no_action_capped hp=38 score=44'
08/29 18:30:00 [Localization System] CLocalize::FindSafe failed to localize: 'AIB[D] intent=top-arbiter family=state winner=fight:114 losers=recover:88,safe-cs:56,hero-over-creep:52,idle-heal:46,emergency-retreat:45'
08/29 18:30:00 [Localization System] CLocalize::FindSafe failed to localize: 'AIB[D] blocked=hero-pass reason=low_hp hp=38'
08/29 18:30:00 [Localization System] CLocalize::FindSafe failed to localize: 'AIB[D] blocked=top-arbiter reason=empty_action winner=fight score=114'
08/29 18:30:00 [Localization System] CLocalize::FindSafe failed to localize: 'AIB[D] intent=state-desire-recover family=state base=74 danger=28 creep_dmg=-14 hp=38 reason=hp_gate score=88'
08/29 18:30:00 [Localization System] CLocalize::FindSafe failed to localize: 'AIB[D] intent=recovery-policy family=recover action=recover hp=38 gate=55 source=lane-low'
08/29 18:30:00 [Localization System] CLocalize::FindSafe failed to localize: 'AIB[D] intent=state-recover-xp family=state ttl=2 reason=regen_lane hp=38 dist=480'
08/29 18:30:01 [Localization System] CLocalize::FindSafe failed to localize: 'AIB[R] blocked=creep-aggro reason=hero_trading hp=62 hits=1'
08/29 18:30:01 [Localization System] CLocalize::FindSafe failed to localize: 'AIB[R] intent=creep-aggro family=safety hp=62 dest=-1296,-1161 reason=chip_step'
08/29 18:30:01 [Localization System] CLocalize::FindSafe failed to localize: 'AIB[R] t=165s hp=62% gold=620 loc=-989,-819 enemy-dist=708 lh=9 dn=2 dg=+8 dlh=+0 bottle=-1 lvl=3 front=7194 ehp=38'
08/29 18:30:01 [Localization System] CLocalize::FindSafe failed to localize: 'AIB[R] blocked=safety-candidate reason=no_action_capped hp=62 score=44'
08/29 18:30:01 [Localization System] CLocalize::FindSafe failed to localize: 'AIB[R] blocked=fight-candidate reason=no_action_capped hp=62 score=40'
08/29 18:30:01 [Localization System] CLocalize::FindSafe failed to localize: 'AIB[R] blocked=hero-over-creep reason=no_target'
08/29 18:30:01 [Localization System] CLocalize::FindSafe failed to localize: 'AIB[R] blocked=emergency-kill reason=no_target'
08/29 18:30:01 [Localization System] CLocalize::FindSafe failed to localize: 'AIB[R] blocked=uphill-repo reason=not_trading'
08/29 18:30:01 [Localization System] CLocalize::FindSafe failed to localize: 'AIB[R] blocked=harass reason=no_target'
08/29 18:30:01 [Localization System] CLocalize::FindSafe failed to localize: 'AIB[R] blocked=ability-harass reason=nothing_castable'
08/29 18:30:01 [Localization System] CLocalize::FindSafe failed to localize: 'AIB[R] blocked=visual-hold reason=creep_damage held=2.8 hp=62 repeat=1 hard=false'
08/29 18:30:01 [Localization System] CLocalize::FindSafe failed to localize: 'AIB[D] blocked=recovery-buy reason=budget_cap hp=38 gold=462 count=3 allow=3'
08/29 18:30:01 [Localization System] CLocalize::FindSafe failed to localize: 'AIB[D] intent=recovery-owner family=recover band=soft threat=true mode=safe-step hp=38'
08/29 18:30:01 [Localization System] CLocalize::FindSafe failed to localize: 'AIB[R] intent=wave-watch-work family=other lh=9 idle=17 creep_hp=272 dist=160'
08/29 18:30:01 [Localization System] CLocalize::FindSafe failed to localize: 'AIB[D] blocked=buy-loop reason=saving target=item_bottle head=item_bottle cost=675 gold=462 left=1'
08/29 18:30:01 [Localization System] CLocalize::FindSafe failed to localize: 'AIB[R] blocked=buy-loop reason=saving target=item_bottle head=item_bottle cost=675 gold=620 left=1'
08/29 18:30:01 [Localization System] CLocalize::FindSafe failed to localize: 'AIB[D] intent=tick-owner family=other stage=laning-core'
08/29 18:30:02 [Localization System] CLocalize::FindSafe failed to localize: 'AIB[D] intent=recovery-plan family=recover action=back reason=post_fight_regen hp=38'
08/29 18:30:02 [Localization System] CLocalize::FindSafe failed to localize: 'AIB[R] intent=state-desire-safety family=state base=108 creep_dmg=8 hp=63 creep=true hero=false reason=recent_damage score=116'
08/29 18:30:02 [Localization System] CLocalize::FindSafe failed to localize: 'AIB[R] intent=creep-hit-react family=safety dist=402 hp=63 hits=1 reason=attack'
08/29 18:30:02 [Localization System] CLocalize::FindSafe failed to localize: 'AIB[R] intent=top-arbiter family=state winner=safety:116 losers=hero-over-creep:52,idle-heal:46,emergency-retreat:45,fwd-pullback:44,emergency-kill:43.5'
08/29 18:30:02 [Localization System] CLocalize::FindSafe failed to localize: 'AIB[D] intent=damage-by-source family=other creep=603 tower=0 hero=945 mixed=233 death=0 other=191 stale=2 gaps=1'
08/29 18:30:02 [Localization System] CLocalize::FindSafe failed to localize: 'AIB[D] intent=top-arbiter family=state winner=recover:120 losers=safe-cs:56,hero-over-creep:52,idle-heal:46,emergency-retreat:45,fwd-pullback:44'
08/29 18:30:02 [Localization System] CLocalize::FindSafe failed to localize: 'AIB[R] intent=tick-owner family=other stage=laning-core'
08/29 18:30:02 [Localization System] CLocalize::FindSafe failed to localize: 'AIB[D] intent=state-desire-recover family=state base=74 danger=28 hp=39 hyst=18 reason=hp_gate score=120'
08/29 18:30:02 [Localization System] CLocalize::FindSafe failed to localize: 'AIB[R] blocked=uphill-repo reason=no_reposition'
08/29 18:30:02 [Localization System] CLocalize::FindSafe failed to localize: 'AIB[D] t=167s hp=39% gold=464 loc=-185,-105 enemy-dist=1405 lh=6 dn=0 dg=+58 dlh=+1 bottle=-1 lvl=3 front=10551 ehp=63'
08/29 18:30:02 [Localization System] CLocalize::FindSafe failed to localize: 'AIB[D] blocked=recover-candidate reason=no_action_capped hp=39 score=44'
08/29 18:30:02 [Localization System] CLocalize::FindSafe failed to localize: 'AIB[D] blocked=hero-over-creep reason=no_target'
08/29 18:30:02 [Localization System] CLocalize::FindSafe failed to localize: 'AIB[D] blocked=emergency-kill reason=no_target'
08/29 18:30:02 [Localization System] CLocalize::FindSafe failed to localize: 'AIB[D] blocked=uphill-repo reason=motor_busy'
08/29 18:30:02 [Localization System] CLocalize::FindSafe failed to localize: 'AIB[D] blocked=harass reason=regen_wanted'
08/29 18:30:02 [Localization System] CLocalize::FindSafe failed to localize: 'AIB[D] blocked=ability-harass reason=nothing_castable'
08/29 18:30:03 [Localization System] CLocalize::FindSafe failed to localize: 'AIB[R] blocked=top-arbiter reason=empty_action winner=safety score=134'
08/29 18:30:03 [Localization System] CLocalize::FindSafe failed to localize: 'AIB[R] intent=wave-watch-work family=other lh=9 idle=19 creep_hp=253 dist=596'
08/29 18:30:03 [Localization System] CLocalize::FindSafe failed to localize: 'AIB[D] blocked=uphill-repo reason=no_reposition'
08/29 18:30:03 [Localization System] CLocalize::FindSafe failed to localize: 'AIB[R] intent=top-arbiter family=state winner=creep-work:38.8 losers=hero-over-creep:52,idle-heal:46,emergency-retreat:45,fwd-pullback:44,emergency-kill:43.5'
08/29 18:30:04 [Localization System] CLocalize::FindSafe failed to localize: 'AIB[R] blocked=hero-over-creep reason=no_target'
08/29 18:30:04 [Localization System] CLocalize::FindSafe failed to localize: 'AIB[R] blocked=emergency-kill reason=no_target'
08/29 18:30:04 [Localization System] CLocalize::FindSafe failed to localize: 'AIB[R] blocked=harass reason=no_target'
08/29 18:30:04 [Localization System] CLocalize::FindSafe failed to localize: 'AIB[R] intent=tick-owner family=other stage=laning-core'
08/29 18:30:04 [Localization System] CLocalize::FindSafe failed to localize: 'AIB[D] intent=top-arbiter family=state winner=creep-work:38.6 losers=safe-cs:56,hero-over-creep:52,idle-heal:46,emergency-retreat:45,fwd-pullback:44'
08/29 18:30:04 [Localization System] CLocalize::FindSafe failed to localize: 'AIB[D] intent=tick-owner family=other stage=desire/creep-work reason=ready score=39 band=lanework'
08/29 18:30:04 [Localization System] CLocalize::FindSafe failed to localize: 'AIB[R] intent=damage-by-source family=other creep=281 tower=0 hero=730 mixed=197 death=0 other=0 stale=282 gaps=3'
08/29 18:30:05 [Localization System] CLocalize::FindSafe failed to localize: 'AIB[R] intent=top-arbiter family=state winner=creep-work:38.8 losers=hero-over-creep:52,idle-heal:46,emergency-retreat:45,fwd-pullback:44,emergency-kill:43.5'
08/29 18:30:05 [Localization System] CLocalize::FindSafe failed to localize: 'AIB[D] intent=recovery-owner family=recover band=soft threat=false mode=fwd-pullback hp=40'
08/29 18:30:05 [Localization System] CLocalize::FindSafe failed to localize: 'AIB[R] blocked=uphill-repo reason=not_trading'
08/29 18:30:05 [Localization System] CLocalize::FindSafe failed to localize: 'AIB[R] blocked=ability-harass reason=nothing_castable'
08/29 18:30:05 [Localization System] CLocalize::FindSafe failed to localize: 'AIB[R] blocked=visual-hold reason=creep_in_range held=2.2 hp=66 repeat=1 hard=false'
08/29 18:30:05 [Localization System] CLocalize::FindSafe failed to localize: 'AIB[D] blocked=recover-candidate reason=no_action_capped hp=40 score=44'
08/29 18:30:05 [Localization System] CLocalize::FindSafe failed to localize: 'AIB[D] blocked=hero-over-creep reason=no_target'
08/29 18:30:05 [Localization System] CLocalize::FindSafe failed to localize: 'AIB[D] blocked=emergency-kill reason=no_target'
08/29 18:30:05 [Localization System] CLocalize::FindSafe failed to localize: 'AIB[D] blocked=uphill-repo reason=motor_busy'
08/29 18:30:05 [Localization System] CLocalize::FindSafe failed to localize: 'AIB[D] blocked=harass reason=regen_wanted'
08/29 18:30:05 [Localization System] CLocalize::FindSafe failed to localize: 'AIB[D] blocked=ability-harass reason=nothing_castable'
08/29 18:30:05 [Localization System] CLocalize::FindSafe failed to localize: 'AIB[R] intent=wave-watch-work family=other lh=9 idle=21 creep_hp=13 dist=621'
08/29 18:30:06 [Localization System] CLocalize::FindSafe failed to localize: 'AIB[R] blocked=uphill-repo reason=no_reposition'
08/29 18:30:06 [Localization System] CLocalize::FindSafe failed to localize: 'AIB[R] t=170s hp=66% gold=627 loc=-1348,-1219 enemy-dist=1219 lh=9 dn=2 dg=+7 dlh=+0 bottle=-1 lvl=3 front=7880 ehp=40'
08/29 18:30:06 [Localization System] CLocalize::FindSafe failed to localize: 'AIB[D] intent=top-arbiter family=state winner=wave-watch:10 losers=safe-cs:56,hero-over-creep:52,idle-heal:46,emergency-retreat:45,fwd-pullback:44'
08/29 18:30:06 [Localization System] CLocalize::FindSafe failed to localize: 'AIB[R] intent=lane-line-episode family=other dist=954 fwd=0.42'
08/29 18:30:06 [Localization System] CLocalize::FindSafe failed to localize: 'AIB[R] blocked=uphill-repo reason=motor_busy'
08/29 18:30:06 [Localization System] CLocalize::FindSafe failed to localize: 'AIB[R] intent=tick-owner family=other stage=laning-core'
08/29 18:30:06 [Localization System] CLocalize::FindSafe failed to localize: 'AIB[D] intent=tick-owner family=other stage=laning-core'
08/29 18:30:06 [Localization System] CLocalize::FindSafe failed to localize: 'AIB[D] blocked=uphill-repo reason=no_reposition'
08/29 18:30:07 [Localization System] CLocalize::FindSafe failed to localize: 'AIB[R] intent=cs-watchdog family=farm lh=9 idle=18 creep_hp=300 dist=792'
08/29 18:30:07 [Localization System] CLocalize::FindSafe failed to localize: 'AIB[R] intent=top-arbiter family=state winner=creep-work:38.8 losers=hero-over-creep:52,idle-heal:46,emergency-retreat:45,fwd-pullback:44,emergency-kill:43.5'
08/29 18:30:07 [Localization System] CLocalize::FindSafe failed to localize: 'AIB[D] intent=recovery-plan family=recover action=back reason=post_fight_regen hp=41'
08/29 18:30:07 [Localization System] CLocalize::FindSafe failed to localize: 'AIB[D] intent=state-recover-xp family=state ttl=5 reason=post_fight_regen hp=41 dist=354'
08/29 18:30:07 [Localization System] CLocalize::FindSafe failed to localize: 'AIB[R] blocked=hero-over-creep reason=no_target'
08/29 18:30:07 [Localization System] CLocalize::FindSafe failed to localize: 'AIB[R] blocked=emergency-kill reason=no_target'
08/29 18:30:07 [Localization System] CLocalize::FindSafe failed to localize: 'AIB[R] blocked=harass reason=no_target'
08/29 18:30:07 Script function 'Think' on bot npc_dota_hero_nevermore took 2.556ms
08/29 18:30:07 [Localization System] CLocalize::FindSafe failed to localize: 'AIB[R] intent=melee-pack-space family=safety count=3 dist=125'
08/29 18:30:07 [Localization System] CLocalize::FindSafe failed to localize: 'AIB[D] t=172s hp=41% gold=471 loc=-265,-120 enemy-dist=1158 lh=6 dn=0 dg=+7 dlh=+0 bottle=-1 lvl=3 front=10327 ehp=67'
08/29 18:30:07 Script function 'Think' on bot npc_dota_hero_nevermore took 2.237ms
08/29 18:30:07 [Localization System] CLocalize::FindSafe failed to localize: 'AIB[R] intent=wave-watch-work family=other lh=9 idle=23 creep_hp=300 dist=540'
08/29 18:30:07 [Localization System] CLocalize::FindSafe failed to localize: 'AIB[D] intent=top-arbiter family=state winner=wave-watch:10 losers=safe-cs:56,hero-over-creep:52,idle-heal:46,emergency-retreat:45,fwd-pullback:44'
08/29 18:30:08 Script function 'Think' on bot npc_dota_hero_nevermore took 2.721ms
08/29 18:30:08 [Localization System] CLocalize::FindSafe failed to localize: 'AIB[R] intent=top-arbiter family=state winner=wave-watch:10 losers=hero-over-creep:52,idle-heal:46,emergency-retreat:45,fwd-pullback:44,emergency-kill:43.5'
08/29 18:30:08 [Localization System] CLocalize::FindSafe failed to localize: 'AIB[R] intent=tick-owner family=other stage=laning-core'
08/29 18:30:08 [Localization System] CLocalize::FindSafe failed to localize: 'AIB[R] blocked=ability-harass reason=nothing_castable'
08/29 18:30:08 [Localization System] CLocalize::FindSafe failed to localize: 'AIB[D] blocked=recover-candidate reason=no_action_capped hp=42 score=44'
08/29 18:30:08 [Localization System] CLocalize::FindSafe failed to localize: 'AIB[D] blocked=hero-over-creep reason=no_target'
08/29 18:30:08 [Localization System] CLocalize::FindSafe failed to localize: 'AIB[D] blocked=emergency-kill reason=no_target'
08/29 18:30:08 [Localization System] CLocalize::FindSafe failed to localize: 'AIB[D] blocked=harass reason=regen_wanted'
08/29 18:30:08 [Localization System] CLocalize::FindSafe failed to localize: 'AIB[D] blocked=ability-harass reason=nothing_castable'
08/29 18:30:09 [Localization System] CLocalize::FindSafe failed to localize: 'AIB[R] blocked=uphill-repo reason=no_reposition'
08/29 18:30:09 [Localization System] CLocalize::FindSafe failed to localize: 'AIB[R] intent=cs-watchdog family=farm lh=9 idle=21 creep_hp=300 dist=602'
08/29 18:30:09 [Localization System] CLocalize::FindSafe failed to localize: 'AIB[D] blocked=buy-loop reason=saving target=item_bottle head=item_bottle cost=675 gold=474 left=1'
08/29 18:30:09 [Localization System] CLocalize::FindSafe failed to localize: 'AIB[R] blocked=buy-loop reason=saving target=item_bottle head=item_bottle cost=675 gold=632 left=1'
08/29 18:30:09 [Localization System] CLocalize::FindSafe failed to localize: 'invalid index'
08/29 18:30:09 [Localization System] CLocalize::FindSafe failed to localize: 'AIB[D] blocked=uphill-repo reason=no_reposition'
08/29 18:30:10 [Localization System] CLocalize::FindSafe failed to localize: 'AIB[R] intent=wave-watch-work family=other lh=9 idle=25 creep_hp=300 dist=602'
08/29 18:30:10 [Localization System] CLocalize::FindSafe failed to localize: 'AIB[R] intent=top-arbiter family=state winner=wave-watch:10 losers=hero-over-creep:52,idle-heal:46,emergency-retreat:45,fwd-pullback:44,emergency-kill:43.5'
08/29 18:30:10 [Localization System] CLocalize::FindSafe failed to localize: 'AIB[D] blocked=visual-hold reason=empty held=2.1 hp=42 repeat=2 hard=false'
08/29 18:30:10 [Localization System] CLocalize::FindSafe failed to localize: 'AIB[D] intent=top-arbiter family=state winner=visual-hold:20 losers=safe-cs:56,hero-over-creep:52,idle-heal:46,emergency-retreat:45,fwd-pullback:44'
08/29 18:30:10 [Localization System] CLocalize::FindSafe failed to localize: 'AIB[D] intent=tick-owner family=other stage=desire/visual-hold reason=ready score=20 band=position'
08/29 18:30:10 [Localization System] CLocalize::FindSafe failed to localize: 'AIB[R] blocked=hero-over-creep reason=no_target'
08/29 18:30:10 [Localization System] CLocalize::FindSafe failed to localize: 'AIB[R] blocked=emergency-kill reason=no_target'
08/29 18:30:10 [Localization System] CLocalize::FindSafe failed to localize: 'AIB[R] blocked=harass reason=no_target'
08/29 18:30:10 [Localization System] CLocalize::FindSafe failed to localize: 'AIB[R] blocked=visual-hold reason=creep_in_range held=2.1 hp=69 repeat=2 hard=false'
08/29 18:30:10 [Server] PR:IncrementIdleTime 6:[I:0:0] 2.40
08/29 18:30:10 [Localization System] CLocalize::FindSafe failed to localize: 'AIB[R] intent=tick-owner family=other stage=laning-core'
08/29 18:30:10 [Localization System] CLocalize::FindSafe failed to localize: 'AIB[R] blocked=uphill-repo reason=not_trading'
08/29 18:30:11 [Localization System] CLocalize::FindSafe failed to localize: 'AIB[R] t=175s hp=69% gold=635 loc=-1091,-962 enemy-dist=1078 lh=9 dn=2 dg=+8 dlh=+0 bottle=-1 lvl=3 front=8265 ehp=43'
08/29 18:30:11 [Localization System] CLocalize::FindSafe failed to localize: 'AIB[D] intent=melee-pack-space family=safety count=2 dist=141'
08/29 18:30:11 [Localization System] CLocalize::FindSafe failed to localize: 'AIB[R] intent=top-arbiter family=state winner=wave-watch:10 losers=hero-over-creep:52,idle-heal:46,emergency-retreat:45,fwd-pullback:44,emergency-kill:43.5'
08/29 18:30:11 [Localization System] CLocalize::FindSafe failed to localize: 'AIB[R] blocked=ability-harass reason=nothing_castable'
08/29 18:30:11 [Localization System] CLocalize::FindSafe failed to localize: 'AIB[D] blocked=recover-candidate reason=no_action_capped hp=43 score=44'
08/29 18:30:11 [Localization System] CLocalize::FindSafe failed to localize: 'AIB[D] blocked=hero-over-creep reason=no_target'
08/29 18:30:11 [Localization System] CLocalize::FindSafe failed to localize: 'AIB[D] blocked=emergency-kill reason=no_target'
08/29 18:30:11 [Localization System] CLocalize::FindSafe failed to localize: 'AIB[D] blocked=harass reason=regen_wanted'
08/29 18:30:11 [Localization System] CLocalize::FindSafe failed to localize: 'AIB[D] intent=top-arbiter family=state winner=creep-work:38.6 losers=safe-cs:56,hero-over-creep:52,idle-heal:46,emergency-retreat:45,fwd-pullback:44'
08/29 18:30:12 [Localization System] CLocalize::FindSafe failed to localize: 'AIB[R] intent=wave-watch-work family=other lh=9 idle=27 creep_hp=250 dist=531'
08/29 18:30:12 [Localization System] CLocalize::FindSafe failed to localize: 'AIB[R] intent=cs-watchdog family=farm lh=9 idle=23 creep_hp=229 dist=531'
08/29 18:30:12 [Localization System] CLocalize::FindSafe failed to localize: 'AIB[D] intent=tick-owner family=other stage=laning-core'
08/29 18:30:12 [Localization System] CLocalize::FindSafe failed to localize: 'AIB[R] blocked=visual-hold reason=creep_in_range held=4.2 hp=70 repeat=4 hard=true'
08/29 18:30:12 [Localization System] CLocalize::FindSafe failed to localize: 'AIB[D] blocked=ability-harass reason=nothing_castable'
08/29 18:30:12 [Localization System] CLocalize::FindSafe failed to localize: 'AIB[D] intent=wave-watch-work family=other lh=6 idle=7 creep_hp=269 dist=523'
08/29 18:30:12 [Localization System] CLocalize::FindSafe failed to localize: 'AIB[R] intent=tick-owner family=other stage=laning-core'
08/29 18:30:12 [Localization System] CLocalize::FindSafe failed to localize: 'AIB[D] t=177s hp=43% gold=479 loc=-403,-269 enemy-dist=977 lh=6 dn=0 dg=+8 dlh=+0 bottle=-1 lvl=4 front=10399 ehp=70'
08/29 18:30:12 [Localization System] CLocalize::FindSafe failed to localize: 'AIB[D] blocked=uphill-repo reason=no_reposition'
08/29 18:30:13 [Localization System] CLocalize::FindSafe failed to localize: 'AIB[R] intent=top-arbiter family=state winner=wave-watch:10 losers=hero-over-creep:52,idle-heal:46,emergency-retreat:45,fwd-pullback:44,emergency-kill:43.5'
08/29 18:30:13 [Localization System] CLocalize::FindSafe failed to localize: 'AIB[D] intent=top-arbiter family=state winner=creep-work:38.6 losers=safe-cs:56,hero-over-creep:52,idle-heal:46,emergency-retreat:45,fwd-pullback:44'
08/29 18:30:13 [Localization System] CLocalize::FindSafe failed to localize: 'AIB[D] intent=state-desire-last-hit family=farm dist=414 reason=killable_creep score=140'
08/29 18:30:13 [Localization System] CLocalize::FindSafe failed to localize: 'AIB[R] blocked=hero-over-creep reason=no_target'
08/29 18:30:13 [Localization System] CLocalize::FindSafe failed to localize: 'AIB[R] blocked=emergency-kill reason=no_target'
08/29 18:30:13 [Localization System] CLocalize::FindSafe failed to localize: 'AIB[R] blocked=harass reason=no_target'
08/29 18:30:13 [Localization System] CLocalize::FindSafe failed to localize: 'AIB[R] blocked=recover-candidate reason=no_action_capped hp=53 score=44'
08/29 18:30:13 [Localization System] CLocalize::FindSafe failed to localize: 'AIB[R] intent=recovery-plan family=recover action=back reason=post_fight_regen hp=53'
08/29 18:30:13 [Localization System] CLocalize::FindSafe failed to localize: 'AIB[R] intent=state-recover-xp family=state ttl=5 reason=post_fight_regen hp=53 dist=252'
08/29 18:30:13 [Localization System] CLocalize::FindSafe failed to localize: 'AIB[R] blocked=uphill-repo reason=motor_busy'
08/29 18:30:14 [Localization System] CLocalize::FindSafe failed to localize: 'AIB[R] intent=wave-watch-work family=other lh=9 idle=29 creep_hp=115 dist=530'
08/29 18:30:14 Script function 'Think' on bot npc_dota_hero_nevermore took 2.004ms
08/29 18:30:14 [Localization System] CLocalize::FindSafe failed to localize: 'AIB[R] intent=state-desire-last-hit family=farm dist=526 reason=killable_creep score=140'
08/29 18:30:14 [Localization System] CLocalize::FindSafe failed to localize: 'AIB[D] intent=tick-owner family=other stage=laning-core'
08/29 18:30:14 [Localization System] CLocalize::FindSafe failed to localize: 'AIB[R] intent=top-arbiter family=state winner=last-hit:158 losers=safe-cs:56,hero-over-creep:52,cs-inrange:50,idle-heal:46,emergency-retreat:45'
08/29 18:30:14 [Localization System] CLocalize::FindSafe failed to localize: 'AIB[R] intent=tick-owner family=other stage=laning-core'
08/29 18:30:14 [Localization System] CLocalize::FindSafe failed to localize: 'AIB[D] blocked=recover-candidate reason=no_action_capped hp=44 score=44'
08/29 18:30:14 [Localization System] CLocalize::FindSafe failed to localize: 'AIB[D] blocked=hero-over-creep reason=no_target'
08/29 18:30:14 [Localization System] CLocalize::FindSafe failed to localize: 'AIB[D] blocked=emergency-kill reason=no_target'
08/29 18:30:14 [Localization System] CLocalize::FindSafe failed to localize: 'AIB[D] blocked=harass reason=regen_wanted'
08/29 18:30:14 [Localization System] CLocalize::FindSafe failed to localize: 'AIB[D] intent=top-arbiter family=state winner=creep-work:38.6 losers=safe-cs:56,hero-over-creep:52,idle-heal:46,emergency-retreat:45,fwd-pullback:44'
08/29 18:30:14 [Server] Game code (account 0) tried to execute invalid order (19). Target NPC is dead.
08/29 18:30:15 [Localization System] CLocalize::FindSafe failed to localize: 'invalid index'
08/29 18:30:15 [Localization System] CLocalize::FindSafe failed to localize: 'AIB[R] blocked=kill-lock reason=uphill dist=909 hp=54'
08/29 18:30:15 [Localization System] CLocalize::FindSafe failed to localize: 'AIB[D] intent=recovery-policy family=recover action=recover hp=27 gate=35 source=early-low'
08/29 18:30:15 [Localization System] CLocalize::FindSafe failed to localize: 'AIB[D] intent=recovery-plan family=recover action=back reason=post_fight_regen hp=27'
08/29 18:30:15 [Localization System] CLocalize::FindSafe failed to localize: 'AIB[D] intent=state-recover-safe family=state ttl=5 reason=post_fight_regen hp=27 dist=1895'
08/29 18:30:15 [Localization System] CLocalize::FindSafe failed to localize: 'AIB[R] blocked=recovery-buy reason=budget_cap hp=54 gold=675 count=3 allow=3'
08/29 18:30:15 [Localization System] CLocalize::FindSafe failed to localize: 'AIB[R] blocked=uphill-repo reason=no_step'
08/29 18:30:15 [Localization System] CLocalize::FindSafe failed to localize: 'AIB[R] blocked=ability-harass reason=nothing_castable'
08/29 18:30:15 [Localization System] CLocalize::FindSafe failed to localize: 'AIB[R] blocked=visual-hold reason=creep_in_range held=6.9 hp=54 repeat=6 hard=true'
08/29 18:30:15 [Localization System] CLocalize::FindSafe failed to localize: 'AIB[R] blocked=channel-interrupt reason=unsafe dist=1063 hp=54 kind=heal'
08/29 18:30:15 [Localization System] CLocalize::FindSafe failed to localize: 'AIB[D] intent=recovery-owner family=recover band=soft threat=true mode=safe-step hp=28'
08/29 18:30:16 [Localization System] CLocalize::FindSafe failed to localize: 'AIB[R] t=181s hp=54% gold=1 loc=-1059,-943 enemy-dist=1216 lh=10 dn=2 dg=-634 dlh=+1 bottle=3 lvl=4 front=8265 ehp=30'
08/29 18:30:16 [Localization System] CLocalize::FindSafe failed to localize: 'AIB[R] intent=top-arbiter family=state winner=visual-hold:20 losers=safe-cs:56,hero-over-creep:52,idle-heal:46,emergency-retreat:45,fwd-pullback:44'
08/29 18:30:16 [Localization System] CLocalize::FindSafe failed to localize: 'AIB[R] blocked=hero-over-creep reason=no_target'
08/29 18:30:16 [Localization System] CLocalize::FindSafe failed to localize: 'AIB[R] blocked=emergency-kill reason=no_target'
08/29 18:30:16 [Localization System] CLocalize::FindSafe failed to localize: 'AIB[R] blocked=harass reason=no_target'
08/29 18:30:16 [Localization System] CLocalize::FindSafe failed to localize: 'AIB[D] intent=tick-owner family=other stage=laning-core'
08/29 18:30:16 [Localization System] CLocalize::FindSafe failed to localize: 'AIB[R] intent=tick-owner family=other stage=laning-core'
08/29 18:30:17 [Localization System] CLocalize::FindSafe failed to localize: 'AIB[D] intent=recovery-policy family=recover action=recover hp=34 gate=35 source=early-low'
08/29 18:30:17 [Localization System] CLocalize::FindSafe failed to localize: 'AIB[D] intent=damage-by-source family=other creep=603 tower=0 hero=1077 mixed=233 death=0 other=191 stale=2 gaps=1'
08/29 18:30:17 [Server] Game code (account 0) tried to execute invalid order (19). Target NPC is dead.
08/29 18:30:17 [Localization System] CLocalize::FindSafe failed to localize: 'AIB[R] blocked=cs-watchdog reason=no_creep lh=14 idle=29'
08/29 18:30:17 [Localization System] CLocalize::FindSafe failed to localize: 'AIB[R] blocked=visual-hold reason=empty held=9.1 hp=55 repeat=1 hard=true'
08/29 18:30:17 [Localization System] CLocalize::FindSafe failed to localize: 'AIB[D] blocked=uphill-repo reason=low_hp_hold'
08/29 18:30:17 [Localization System] CLocalize::FindSafe failed to localize: 'AIB[D] blocked=harass reason=own_heal_running'
08/29 18:30:17 [Localization System] CLocalize::FindSafe failed to localize: 'AIB[D] blocked=ability-harass reason=nothing_castable'
08/29 18:30:17 [Localization System] CLocalize::FindSafe failed to localize: 'AIB[D] intent=top-arbiter family=state winner=anti-idle:2 losers=safe-cs:56,hero-over-creep:52,idle-heal:46,emergency-retreat:45,fwd-pullback:44'
08/29 18:30:17 [Localization System] CLocalize::FindSafe failed to localize: 'AIB[R] intent=lane-line-episode family=other dist=370 fwd=0.36'
08/29 18:30:17 [Localization System] CLocalize::FindSafe failed to localize: 'AIB[D] t=182s hp=36% gold=425 loc=95,121 lh=7 dn=0 dg=-54 dlh=+1 bottle=-1 lvl=4 front=10380 ehp=-1'
08/29 18:30:17 [Localization System] CLocalize::FindSafe failed to localize: 'AIB[D] blocked=buy-loop reason=saving target=item_bottle head=item_bottle cost=675 gold=425 left=1'
08/29 18:30:17 [Localization System] CLocalize::FindSafe failed to localize: 'AIB[R] blocked=uphill-repo reason=motor_busy'
08/29 18:30:17 [Localization System] CLocalize::FindSafe failed to localize: 'AIB[R] intent=top-arbiter family=state winner=lane-line:18 losers=hero-over-creep:52,idle-heal:46,emergency-retreat:45,fwd-pullback:44,emergency-kill:43.5'
08/29 18:30:18 [Localization System] CLocalize::FindSafe failed to localize: 'AIB[D] blocked=recover-candidate reason=no_action_capped hp=38 score=44'
08/29 18:30:18 [Localization System] CLocalize::FindSafe failed to localize: 'AIB[D] blocked=hero-over-creep reason=no_target'
08/29 18:30:18 [Localization System] CLocalize::FindSafe failed to localize: 'AIB[D] blocked=emergency-kill reason=no_target'
08/29 18:30:18 [Localization System] CLocalize::FindSafe failed to localize: 'AIB[R] blocked=ability-harass reason=nothing_castable'
08/29 18:30:18 [Localization System] CLocalize::FindSafe failed to localize: 'AIB[R] blocked=buy-loop reason=saving target=item_magic_wand head=item_magic_stick cost=200 gold=166 left=2'
08/29 18:30:18 [Localization System] CLocalize::FindSafe failed to localize: 'AIB[R] intent=recovery-plan family=recover action=back reason=post_fight_regen hp=56'
08/29 18:30:18 [Localization System] CLocalize::FindSafe failed to localize: 'AIB[R] intent=state-recover-xp family=state ttl=5 reason=post_fight_regen hp=56 dist=808'
08/29 18:30:18 [Localization System] CLocalize::FindSafe failed to localize: 'AIB[R] intent=tick-owner family=other stage=desire/anti-idle reason=ready score=2 band=idle'
08/29 18:30:18 [Localization System] CLocalize::FindSafe failed to localize: 'AIB[D] intent=tick-owner family=other stage=laning-core'
08/29 18:30:19 [Localization System] CLocalize::FindSafe failed to localize: 'AIB[D] intent=top-arbiter family=state winner=anti-idle:2 losers=safe-cs:56,hero-over-creep:52,idle-heal:46,emergency-retreat:45,fwd-pullback:44'
08/29 18:30:19 [Localization System] CLocalize::FindSafe failed to localize: 'AIB[D] blocked=uphill-repo reason=no_reposition'
08/29 18:30:19 [Localization System] CLocalize::FindSafe failed to localize: 'AIB[R] blocked=hero-over-creep reason=no_target'
08/29 18:30:19 [Localization System] CLocalize::FindSafe failed to localize: 'AIB[R] blocked=emergency-kill reason=no_target'
08/29 18:30:19 [Localization System] CLocalize::FindSafe failed to localize: 'AIB[R] blocked=harass reason=no_target'
08/29 18:30:19 [Localization System] CLocalize::FindSafe failed to localize: 'AIB[R] intent=damage-by-source family=other creep=281 tower=0 hero=852 mixed=197 death=0 other=0 stale=282 gaps=3'
08/29 18:30:20 [Localization System] CLocalize::FindSafe failed to localize: 'AIB[R] blocked=uphill-repo reason=no_reposition'
08/29 18:30:20 [Localization System] CLocalize::FindSafe failed to localize: 'AIB[R] intent=top-arbiter family=state winner=anti-idle:2 losers=hero-over-creep:52,idle-heal:46,emergency-retreat:45,fwd-pullback:44,emergency-kill:43.5'
08/29 18:30:20 [Localization System] CLocalize::FindSafe failed to localize: 'AIB[D] intent=recovery-plan family=recover action=back reason=post_fight_regen hp=47'
08/29 18:30:20 [Localization System] CLocalize::FindSafe failed to localize: 'AIB[D] intent=state-recover-xp family=state ttl=5 reason=post_fight_regen hp=47 dist=313'
08/29 18:30:20 Script function 'Think' on bot npc_dota_hero_nevermore took 2.316ms
08/29 18:30:20 [Localization System] CLocalize::FindSafe failed to localize: 'AIB[D] blocked=cs-watchdog reason=no_creep lh=7 idle=18'
08/29 18:30:20 [Localization System] CLocalize::FindSafe failed to localize: 'AIB[D] blocked=ability-harass reason=nothing_castable'
08/29 18:30:20 [Localization System] CLocalize::FindSafe failed to localize: 'AIB[R] intent=tick-owner family=other stage=desire/anti-idle reason=ready score=2 band=idle'
08/29 18:30:20 [Localization System] CLocalize::FindSafe failed to localize: 'AIB[D] intent=top-arbiter family=state winner=anti-idle:2 losers=safe-cs:56,hero-over-creep:52,idle-heal:46,emergency-retreat:45,fwd-pullback:44'
08/29 18:30:20 [Localization System] CLocalize::FindSafe failed to localize: 'AIB[D] intent=tick-owner family=other stage=laning-core'
08/29 18:30:21 [Localization System] CLocalize::FindSafe failed to localize: 'AIB[D] blocked=hero-over-creep reason=no_target'
08/29 18:30:21 [Localization System] CLocalize::FindSafe failed to localize: 'AIB[D] blocked=emergency-kill reason=no_target'
08/29 18:30:21 [Localization System] CLocalize::FindSafe failed to localize: 'AIB[R] t=186s hp=57% gold=170 loc=-848,-709 lh=14 dn=2 dg=+169 dlh=+4 bottle=3 lvl=4 front=8819 ehp=-1'
08/29 18:30:21 [Localization System] CLocalize::FindSafe failed to localize: 'AIB[R] intent=lane-line-episode family=other dist=619 fwd=0.55'
08/29 18:30:21 [Localization System] CLocalize::FindSafe failed to localize: 'AIB[R] blocked=uphill-repo reason=motor_busy'
08/29 18:30:21 [Localization System] CLocalize::FindSafe failed to localize: 'AIB[R] blocked=ability-harass reason=nothing_castable'
08/29 18:30:21 [Localization System] CLocalize::FindSafe failed to localize: 'AIB[R] intent=top-arbiter family=state winner=lane-line:18 losers=hero-over-creep:52,idle-heal:46,emergency-retreat:45,fwd-pullback:44,emergency-kill:43.5'
08/29 18:30:21 [Localization System] CLocalize::FindSafe failed to localize: 'AIB[D] blocked=harass reason=own_heal_running'
08/29 18:30:22 [Localization System] CLocalize::FindSafe failed to localize: 'AIB[D] blocked=uphill-repo reason=no_reposition'
08/29 18:30:22 [Localization System] CLocalize::FindSafe failed to localize: 'AIB[R] blocked=hero-over-creep reason=no_target'
08/29 18:30:22 [Localization System] CLocalize::FindSafe failed to localize: 'AIB[R] blocked=emergency-kill reason=no_target'
08/29 18:30:22 [Localization System] CLocalize::FindSafe failed to localize: 'AIB[R] blocked=harass reason=no_target'
08/29 18:30:22 [Localization System] CLocalize::FindSafe failed to localize: 'AIB[R] intent=tick-owner family=other stage=laning-core'
08/29 18:30:22 [Localization System] CLocalize::FindSafe failed to localize: 'AIB[D] t=187s hp=60% gold=433 loc=948,726 lh=7 dn=0 dg=+8 dlh=+0 bottle=-1 lvl=4 front=8620 ehp=-1'
08/29 18:30:23 [Localization System] CLocalize::FindSafe failed to localize: 'AIB[R] intent=top-arbiter family=state winner=lane-line:18 losers=hero-over-creep:52,idle-heal:46,emergency-retreat:45,fwd-pullback:44,emergency-kill:43.5'
08/29 18:30:23 Script function 'Think' on bot npc_dota_hero_nevermore took 2.469ms
08/29 18:30:23 [Localization System] CLocalize::FindSafe failed to localize: 'AIB[D] blocked=ability-harass reason=nothing_castable'
08/29 18:30:24 [Localization System] CLocalize::FindSafe failed to localize: 'AIB[D] blocked=hero-over-creep reason=no_target'
08/29 18:30:24 [Localization System] CLocalize::FindSafe failed to localize: 'AIB[D] blocked=emergency-kill reason=no_target'
08/29 18:30:24 [Localization System] CLocalize::FindSafe failed to localize: 'AIB[D] blocked=visual-hold reason=empty held=2.1 hp=66 repeat=3 hard=true'
08/29 18:30:24 [Localization System] CLocalize::FindSafe failed to localize: 'AIB[D] intent=top-arbiter family=state winner=visual-hold:20 losers=hero-over-creep:52,idle-heal:46,emergency-retreat:45,fwd-pullback:44,emergency-kill:43.5'
08/29 18:30:24 [Localization System] CLocalize::FindSafe failed to localize: 'AIB[D] intent=tick-owner family=other stage=desire/visual-hold reason=ready score=20 band=position'
08/29 18:30:24 [Localization System] CLocalize::FindSafe failed to localize: 'AIB[R] blocked=uphill-repo reason=motor_busy'
08/29 18:30:24 [Localization System] CLocalize::FindSafe failed to localize: 'AIB[R] blocked=ability-harass reason=nothing_castable'
08/29 18:30:24 [Server] PR:IncrementIdleTime 6:[I:0:0] 2.37
08/29 18:30:24 [Localization System] CLocalize::FindSafe failed to localize: 'AIB[R] intent=top-arbiter family=state winner=anti-idle:2 losers=hero-over-creep:52,idle-heal:46,emergency-retreat:45,fwd-pullback:44,emergency-kill:43.5'
08/29 18:30:25 [Localization System] CLocalize::FindSafe failed to localize: 'AIB[R] intent=tick-owner family=other stage=laning-core'
08/29 18:30:25 [Localization System] CLocalize::FindSafe failed to localize: 'AIB[D] blocked=uphill-repo reason=no_reposition'
08/29 18:30:25 [Localization System] CLocalize::FindSafe failed to localize: 'AIB[D] blocked=harass reason=own_heal_running'
08/29 18:30:25 [Localization System] CLocalize::FindSafe failed to localize: 'AIB[D] blocked=buy-loop reason=saving target=item_bottle head=item_bottle cost=675 gold=437 left=1'
08/29 18:30:25 [Localization System] CLocalize::FindSafe failed to localize: 'AIB[R] blocked=hero-over-creep reason=no_target'
08/29 18:30:25 [Localization System] CLocalize::FindSafe failed to localize: 'AIB[R] blocked=emergency-kill reason=no_target'
08/29 18:30:25 [Localization System] CLocalize::FindSafe failed to localize: 'AIB[R] blocked=uphill-repo reason=no_reposition'
08/29 18:30:25 [Localization System] CLocalize::FindSafe failed to localize: 'AIB[R] blocked=harass reason=no_target'
08/29 18:30:26 [Localization System] CLocalize::FindSafe failed to localize: 'AIB[R] t=191s hp=59% gold=177 loc=-741,-560 lh=14 dn=2 dg=+7 dlh=+0 bottle=3 lvl=4 front=7078 ehp=-1'
08/29 18:30:26 [Localization System] CLocalize::FindSafe failed to localize: 'AIB[R] intent=top-arbiter family=state winner=anti-idle:2 losers=hero-over-creep:52,idle-heal:46,emergency-retreat:45,fwd-pullback:44,emergency-kill:43.5'
08/29 18:30:26 [Localization System] CLocalize::FindSafe failed to localize: 'AIB[R] blocked=buy-loop reason=saving target=item_magic_wand head=item_magic_stick cost=200 gold=178 left=2'
08/29 18:30:26 [Localization System] CLocalize::FindSafe failed to localize: 'AIB[D] blocked=ability-harass reason=nothing_castable'
08/29 18:30:27 [Localization System] CLocalize::FindSafe failed to localize: 'AIB[R] intent=tick-owner family=other stage=laning-core'
08/29 18:30:27 [Localization System] CLocalize::FindSafe failed to localize: 'AIB[D] blocked=hero-over-creep reason=no_target'
08/29 18:30:27 [Localization System] CLocalize::FindSafe failed to localize: 'AIB[D] blocked=emergency-kill reason=no_target'
08/29 18:30:27 [Localization System] CLocalize::FindSafe failed to localize: 'AIB[R] blocked=ability-harass reason=nothing_castable'
08/29 18:30:27 [Localization System] CLocalize::FindSafe failed to localize: 'AIB[R] intent=lane-line-episode family=other dist=670 fwd=0.50'
08/29 18:30:27 [Localization System] CLocalize::FindSafe failed to localize: 'AIB[R] blocked=uphill-repo reason=motor_busy'
08/29 18:30:27 [Localization System] CLocalize::FindSafe failed to localize: 'AIB[D] blocked=visual-hold reason=empty held=2.1 hp=82 repeat=4 hard=true'
08/29 18:30:27 [Localization System] CLocalize::FindSafe failed to localize: 'AIB[D] intent=top-arbiter family=state winner=visual-hold:20 losers=hero-over-creep:52,idle-heal:46,emergency-retreat:45,fwd-pullback:44,emergency-kill:43.5'
08/29 18:30:27 [Localization System] CLocalize::FindSafe failed to localize: 'AIB[D] intent=tick-owner family=other stage=desire/visual-hold reason=ready score=20 band=position'
08/29 18:30:27 [Server] PR:IncrementIdleTime 6:[I:0:0] 2.37
08/29 18:30:28 [Localization System] CLocalize::FindSafe failed to localize: 'AIB[D] t=192s hp=83% gold=441 loc=932,713 lh=7 dn=0 dg=+8 dlh=+0 bottle=-1 lvl=4 front=8620 ehp=-1'
08/29 18:30:28 [Localization System] CLocalize::FindSafe failed to localize: 'AIB[R] intent=top-arbiter family=state winner=lane-line:18 losers=hero-over-creep:52,idle-heal:46,emergency-retreat:45,fwd-pullback:44,emergency-kill:43.5'
08/29 18:30:28 [Localization System] CLocalize::FindSafe failed to localize: 'AIB[D] blocked=uphill-repo reason=no_reposition'
08/29 18:30:28 [Localization System] CLocalize::FindSafe failed to localize: 'AIB[D] blocked=harass reason=no_target'
08/29 18:30:28 [Localization System] CLocalize::FindSafe failed to localize: 'AIB[D] intent=lane-line-episode family=other dist=601 fwd=0.12'
08/29 18:30:28 [Localization System] CLocalize::FindSafe failed to localize: 'AIB[D] blocked=uphill-repo reason=motor_busy'
08/29 18:30:29 [Localization System] CLocalize::FindSafe failed to localize: 'AIB[R] blocked=hero-over-creep reason=no_target'
08/29 18:30:29 [Localization System] CLocalize::FindSafe failed to localize: 'AIB[R] blocked=emergency-kill reason=no_target'
08/29 18:30:29 [Localization System] CLocalize::FindSafe failed to localize: 'AIB[R] blocked=harass reason=no_target'
08/29 18:30:29 [Localization System] CLocalize::FindSafe failed to localize: 'AIB[R] intent=tick-owner family=other stage=laning-core'
08/29 18:30:29 [Localization System] CLocalize::FindSafe failed to localize: 'AIB[D] intent=top-arbiter family=state winner=lane-line:18 losers=hero-over-creep:52,idle-heal:46,emergency-retreat:45,fwd-pullback:44,emergency-kill:43.5'
08/29 18:30:29 [Localization System] CLocalize::FindSafe failed to localize: 'AIB[R] intent=top-arbiter family=state winner=lane-line:18 losers=hero-over-creep:52,idle-heal:46,emergency-retreat:45,fwd-pullback:44,emergency-kill:43.5'
08/29 18:30:29 [Localization System] CLocalize::FindSafe failed to localize: 'AIB[D] blocked=ability-harass reason=nothing_castable'
08/29 18:30:29 [Localization System] CLocalize::FindSafe failed to localize: 'AIB[D] intent=tick-owner family=other stage=laning-core'
08/29 18:30:30 [Localization System] CLocalize::FindSafe failed to localize: 'AIB[R] intent=lane-line-episode family=other dist=838 fwd=0.14'
08/29 18:30:30 [Localization System] CLocalize::FindSafe failed to localize: 'AIB[D] blocked=hero-over-creep reason=no_target'
08/29 18:30:30 [Localization System] CLocalize::FindSafe failed to localize: 'AIB[D] blocked=emergency-kill reason=no_target'
08/29 18:30:30 [Localization System] CLocalize::FindSafe failed to localize: 'AIB[D] blocked=hero-prio-chase reason=lane_work dist=1483 cs=false creep=false hp_adv=false kill_pressure=false close=false low_farm=false lane_override=false'
08/29 18:30:30 [Localization System] CLocalize::FindSafe failed to localize: 'AIB[R] blocked=ability-harass reason=nothing_castable'
08/29 18:30:30 [Localization System] CLocalize::FindSafe failed to localize: 'AIB[R] blocked=uphill-repo reason=motor_busy'
08/29 18:30:31 [Localization System] CLocalize::FindSafe failed to localize: 'AIB[D] intent=top-arbiter family=state winner=lane-line:18 losers=hero-over-creep:52,idle-heal:46,emergency-retreat:45,fwd-pullback:44,emergency-kill:43.5'
08/29 18:30:31 [Localization System] CLocalize::FindSafe failed to localize: 'AIB[R] intent=tick-owner family=other stage=laning-core'
08/29 18:30:31 [Localization System] CLocalize::FindSafe failed to localize: 'AIB[D] intent=lane-line-episode family=other dist=262 fwd=0.26'
08/29 18:30:31 [Localization System] CLocalize::FindSafe failed to localize: 'AIB[R] t=196s hp=62% gold=185 loc=-917,-769 enemy-dist=1482 lh=14 dn=2 dg=+8 dlh=+0 bottle=3 lvl=4 front=7392 ehp=88'
08/29 18:30:31 [Localization System] CLocalize::FindSafe failed to localize: 'AIB[R] intent=top-arbiter family=state winner=anti-idle:2 losers=hero-over-creep:52,idle-heal:46,emergency-retreat:45,fwd-pullback:44,emergency-kill:43.5'
08/29 18:30:31 [Localization System] CLocalize::FindSafe failed to localize: 'AIB[D] blocked=harass reason=no_target'
08/29 18:30:32 [Localization System] CLocalize::FindSafe failed to localize: 'AIB[D] blocked=uphill-repo reason=motor_busy'
08/29 18:30:32 [Localization System] CLocalize::FindSafe failed to localize: 'AIB[D] intent=tick-owner family=other stage=laning-core'
08/29 18:30:32 [Localization System] CLocalize::FindSafe failed to localize: 'AIB[R] blocked=hero-over-creep reason=no_target'
08/29 18:30:32 [Localization System] CLocalize::FindSafe failed to localize: 'AIB[R] blocked=emergency-kill reason=no_target'
08/29 18:30:32 [Localization System] CLocalize::FindSafe failed to localize: 'AIB[R] blocked=harass reason=no_target'
08/29 18:30:32 [Localization System] CLocalize::FindSafe failed to localize: 'AIB[D] intent=damage-by-source family=other creep=603 tower=0 hero=1077 mixed=233 death=0 other=191 stale=2 gaps=1'
08/29 18:30:32 [Localization System] CLocalize::FindSafe failed to localize: 'AIB[D] intent=top-arbiter family=state winner=lane-line:18 losers=hero-over-creep:52,idle-heal:46,emergency-retreat:45,fwd-pullback:44,emergency-kill:43.5'
08/29 18:30:32 [Localization System] CLocalize::FindSafe failed to localize: 'AIB[R] intent=top-arbiter family=state winner=lane-line:18 losers=hero-over-creep:52,idle-heal:46,emergency-retreat:45,fwd-pullback:44,emergency-kill:43.5'
08/29 18:30:33 [Localization System] CLocalize::FindSafe failed to localize: 'AIB[D] t=197s hp=89% gold=448 loc=-169,-34 enemy-dist=1132 lh=7 dn=0 dg=+7 dlh=+0 bottle=-1 lvl=4 front=9360 ehp=63'
08/29 18:30:33 [Localization System] CLocalize::FindSafe failed to localize: 'AIB[D] blocked=ability-harass reason=nothing_castable'
08/29 18:30:33 [Localization System] CLocalize::FindSafe failed to localize: 'AIB[R] intent=tick-owner family=other stage=laning-core'
08/29 18:30:33 [Localization System] CLocalize::FindSafe failed to localize: 'AIB[D] blocked=hero-over-creep reason=no_target'
08/29 18:30:33 [Localization System] CLocalize::FindSafe failed to localize: 'AIB[D] blocked=emergency-kill reason=no_target'
08/29 18:30:33 [Localization System] CLocalize::FindSafe failed to localize: 'AIB[D] blocked=hero-prio-chase reason=lane_work dist=971 cs=false creep=false hp_adv=false kill_pressure=false close=false low_farm=false lane_override=false'
08/29 18:30:33 [Localization System] CLocalize::FindSafe failed to localize: 'AIB[D] blocked=recovery-buy reason=budget_cap hp=89 gold=449 count=4 allow=3'
08/29 18:30:33 [Localization System] CLocalize::FindSafe failed to localize: 'AIB[R] blocked=recovery-buy reason=budget_cap hp=63 gold=188 count=3 allow=2'
08/29 18:30:33 [Localization System] CLocalize::FindSafe failed to localize: 'AIB[R] blocked=ability-harass reason=nothing_castable'
08/29 18:30:33 [Localization System] CLocalize::FindSafe failed to localize: 'AIB[D] blocked=buy-loop reason=saving target=item_bottle head=item_bottle cost=675 gold=449 left=1'
08/29 18:30:33 [Localization System] CLocalize::FindSafe failed to localize: 'AIB[R] blocked=uphill-repo reason=motor_busy'
08/29 18:30:34 [Localization System] CLocalize::FindSafe failed to localize: 'AIB[D] intent=top-arbiter family=state winner=anti-idle:2 losers=hero-over-creep:52,idle-heal:46,emergency-retreat:45,fwd-pullback:44,emergency-kill:43.5'
08/29 18:30:34 [Localization System] CLocalize::FindSafe failed to localize: 'AIB[D] intent=tick-owner family=other stage=laning-core'
08/29 18:30:34 [Localization System] CLocalize::FindSafe failed to localize: 'AIB[R] intent=lane-line-episode family=other dist=330 fwd=0.48'
08/29 18:30:34 [Localization System] CLocalize::FindSafe failed to localize: 'AIB[R] intent=top-arbiter family=state winner=lane-line:18 losers=hero-over-creep:52,idle-heal:46,emergency-retreat:45,fwd-pullback:44,emergency-kill:43.5'
08/29 18:30:34 [Localization System] CLocalize::FindSafe failed to localize: 'AIB[D] blocked=uphill-repo reason=no_reposition'
08/29 18:30:34 [Localization System] CLocalize::FindSafe failed to localize: 'AIB[R] blocked=buy-loop reason=saving target=item_magic_wand head=item_magic_stick cost=200 gold=130 left=2'
08/29 18:30:34 [Localization System] CLocalize::FindSafe failed to localize: 'AIB[D] blocked=harass reason=no_target'
08/29 18:30:35 [Localization System] CLocalize::FindSafe failed to localize: 'AIB[R] intent=damage-by-source family=other creep=281 tower=0 hero=852 mixed=197 death=0 other=0 stale=282 gaps=3'
08/29 18:30:35 [Localization System] CLocalize::FindSafe failed to localize: 'AIB[D] intent=state-desire-fight family=state base=78 range=18 dist=594 hp=71 ehp=64 reason=enemy_seen score=96'
08/29 18:30:35 [Localization System] CLocalize::FindSafe failed to localize: 'AIB[D] blocked=ability-pressure reason=nothing_castable'
08/29 18:30:35 [Localization System] CLocalize::FindSafe failed to localize: 'AIB[D] intent=hero-contact family=fight dist=594 hp=71 reason=attackable_enemy'
08/29 18:30:35 [Localization System] CLocalize::FindSafe failed to localize: 'AIB[R] intent=state-desire-fight family=state base=78 range=18 dist=574 hp=64 ehp=71 reason=enemy_seen score=96'
08/29 18:30:35 [Localization System] CLocalize::FindSafe failed to localize: 'AIB[R] blocked=ability-pressure reason=nothing_castable'
08/29 18:30:35 [Localization System] CLocalize::FindSafe failed to localize: 'AIB[R] intent=hero-contact family=fight dist=574 hp=64 reason=attackable_enemy'
08/29 18:30:35 [Localization System] CLocalize::FindSafe failed to localize: 'AIB[D] blocked=hero-contact reason=refractory since=0.13'
08/29 18:30:35 [Localization System] CLocalize::FindSafe failed to localize: 'AIB[D] intent=hero-pass family=fight dist=564 hp=71 reason=nearby_enemy'
08/29 18:30:35 [Localization System] CLocalize::FindSafe failed to localize: 'AIB[R] blocked=hero-contact reason=refractory since=0.17'
08/29 18:30:35 [Localization System] CLocalize::FindSafe failed to localize: 'AIB[R] intent=hero-pass family=fight dist=564 hp=64 reason=nearby_enemy'
08/29 18:30:35 [Localization System] CLocalize::FindSafe failed to localize: 'AIB[R] intent=tick-owner family=other stage=fight intent=hero-pass'
08/29 18:30:35 [Localization System] CLocalize::FindSafe failed to localize: 'AIB[D] blocked=top-arbiter reason=empty_action winner=fight score=114'
08/29 18:30:35 [Localization System] CLocalize::FindSafe failed to localize: 'AIB[D] blocked=uphill-repo reason=motor_busy'
08/29 18:30:35 [Localization System] CLocalize::FindSafe failed to localize: 'AIB[R] blocked=top-arbiter reason=empty_action winner=fight score=114'
08/29 18:30:35 [Localization System] CLocalize::FindSafe failed to localize: 'AIB[R] blocked=hero-over-creep reason=no_target'
08/29 18:30:35 [Localization System] CLocalize::FindSafe failed to localize: 'AIB[R] blocked=emergency-kill reason=no_target'
08/29 18:30:35 [Localization System] CLocalize::FindSafe failed to localize: 'AIB[D] intent=top-arbiter family=state winner=harass:40 losers=fight:96,hero-over-creep:52,idle-heal:46,emergency-retreat:45,fwd-pullback:44'
08/29 18:30:36 [Localization System] CLocalize::FindSafe failed to localize: 'AIB[R] blocked=harass reason=no_target'
08/29 18:30:36 [Localization System] CLocalize::FindSafe failed to localize: 'AIB[R] intent=top-arbiter family=state winner=wave-watch:10 losers=fight:114,hero-over-creep:52,idle-heal:46,emergency-retreat:45,fwd-pullback:44'
08/29 18:30:36 [Localization System] CLocalize::FindSafe failed to localize: 'AIB[D] intent=melee-pack-space family=safety count=3 dist=123'
08/29 18:30:36 [Localization System] CLocalize::FindSafe failed to localize: 'AIB[D] intent=tick-owner family=other stage=desire/ranged-spacing reason=ready score=41 band=lanework'
08/29 18:30:36 [Localization System] CLocalize::FindSafe failed to localize: 'AIB[R] intent=melee-pack-space family=safety count=3 dist=125'
08/29 18:30:36 [Localization System] CLocalize::FindSafe failed to localize: 'AIB[R] t=201s hp=56% gold=132 loc=-695,-603 enemy-dist=568 lh=14 dn=2 dg=-53 dlh=+0 bottle=3 lvl=4 front=8681 ehp=61'
08/29 18:30:36 [Localization System] CLocalize::FindSafe failed to localize: 'AIB[R] blocked=uphill-repo reason=no_reposition'
08/29 18:30:36 [Localization System] CLocalize::FindSafe failed to localize: 'AIB[D] intent=state-desire-fight family=state base=78 range=18 dist=537 hp=61 ehp=56 hyst=18 reason=enemy_seen score=114'
08/29 18:30:36 [Localization System] CLocalize::FindSafe failed to localize: 'AIB[R] intent=state-desire-fight family=state base=78 range=18 dist=537 hp=56 ehp=61 hyst=18 reason=enemy_seen score=114'
08/29 18:30:36 [Localization System] CLocalize::FindSafe failed to localize: 'AIB[D] intent=state-desire-safety family=state base=108 creep_dmg=8 hp=59 creep=true hero=true reason=recent_damage score=116'
08/29 18:30:36 [Localization System] CLocalize::FindSafe failed to localize: 'AIB[D] blocked=creep-hit-react reason=inside_melee_pack count=3 dist=137 hp=59'
08/29 18:30:36 [Localization System] CLocalize::FindSafe failed to localize: 'AIB[D] intent=creep-hit-react family=safety dist=137 hp=59 hits=1 reason=edge_attack'
08/29 18:30:39 [Localization System] CLocalize::FindSafe failed to localize: 'AIB[D] t=204s hp=50% gold=458 loc=183,297 lh=7 dn=0 dg=+10 dlh=+0 bottle=-1 lvl=4 front=10182 ehp=-1'
08/29 18:30:39 [Localization System] CLocalize::FindSafe failed to localize: 'AIB[D] blocked=hero-over-creep reason=no_target'
08/29 18:30:39 [Localization System] CLocalize::FindSafe failed to localize: 'AIB[D] intent=recovery-plan family=recover action=back reason=post_fight_regen hp=50'
08/29 18:30:39 [Localization System] CLocalize::FindSafe failed to localize: 'AIB[D] intent=state-recover-xp family=state ttl=5 reason=post_fight_regen hp=50 dist=86'
08/29 18:30:39 [Localization System] CLocalize::FindSafe failed to localize: 'AIB[D] blocked=emergency-kill reason=no_target'
08/29 18:30:39 [Localization System] CLocalize::FindSafe failed to localize: 'AIB[D] blocked=uphill-repo reason=no_reposition'
08/29 18:30:39 [Localization System] CLocalize::FindSafe failed to localize: 'AIB[D] blocked=harass reason=no_target'
08/29 18:30:39 [Localization System] CLocalize::FindSafe failed to localize: 'AIB[D] blocked=ability-harass reason=nothing_castable'
08/29 18:30:39 [Localization System] CLocalize::FindSafe failed to localize: 'AIB[D] intent=top-arbiter family=state winner=anti-idle:2 losers=safe-cs:56,hero-over-creep:52,idle-heal:46,emergency-retreat:45,fwd-pullback:44'
08/29 18:30:39 [Localization System] CLocalize::FindSafe failed to localize: 'AIB[D] intent=tick-owner family=other stage=desire/anti-idle reason=ready score=2 band=idle'
08/29 18:30:39 [Localization System] CLocalize::FindSafe failed to localize: 'AIB[R] blocked=hero-over-creep reason=no_target'
08/29 18:30:39 [Localization System] CLocalize::FindSafe failed to localize: 'AIB[R] intent=recovery-plan family=recover action=back reason=post_fight_regen hp=47'
08/29 18:30:39 [Localization System] CLocalize::FindSafe failed to localize: 'AIB[R] intent=state-recover-xp family=state ttl=5 reason=post_fight_regen hp=47 dist=164'
08/29 18:30:39 [Localization System] CLocalize::FindSafe failed to localize: 'AIB[R] blocked=emergency-kill reason=no_target'
08/29 18:30:39 [Localization System] CLocalize::FindSafe failed to localize: 'AIB[R] blocked=uphill-repo reason=no_reposition'
08/29 18:30:39 [Localization System] CLocalize::FindSafe failed to localize: 'AIB[R] blocked=harass reason=no_target'
08/29 18:30:39 [Localization System] CLocalize::FindSafe failed to localize: 'AIB[R] intent=top-arbiter family=state winner=creep-work:38.8 losers=safe-cs:56,hero-over-creep:52,idle-heal:46,emergency-retreat:45,fwd-pullback:44'
08/29 18:30:39 [Localization System] CLocalize::FindSafe failed to localize: 'AIB[R] intent=tick-owner family=other stage=desire/creep-work reason=ready score=39 band=lanework'
08/29 18:30:40 [Localization System] CLocalize::FindSafe failed to localize: 'AIB[R] intent=state-desire-last-hit family=farm dist=551 reason=killable_creep score=140'
08/29 18:30:40 [Localization System] CLocalize::FindSafe failed to localize: 'AIB[D] blocked=hero-prio-chase reason=lane_work dist=1397 cs=false creep=true hp_adv=false kill_pressure=false close=false low_farm=false lane_override=false'
08/29 18:30:40 [Localization System] CLocalize::FindSafe failed to localize: 'AIB[R] intent=cs-watchdog family=farm lh=14 idle=19 creep_hp=44 dist=551'
08/29 18:30:40 [Localization System] CLocalize::FindSafe failed to localize: 'AIB[D] intent=top-arbiter family=state winner=creep-work:38.6 losers=safe-cs:56,hero-over-creep:52,idle-heal:46,emergency-retreat:45,fwd-pullback:44'
08/29 18:30:41 [Localization System] CLocalize::FindSafe failed to localize: 'AIB[R] blocked=ability-harass reason=nothing_castable'
08/29 18:30:41 [Localization System] CLocalize::FindSafe failed to localize: 'AIB[R] intent=top-arbiter family=state winner=wave-watch:10 losers=safe-cs:56,hero-over-creep:52,idle-heal:46,emergency-retreat:45,fwd-pullback:44'
08/29 18:30:41 [Localization System] CLocalize::FindSafe failed to localize: 'AIB[R] t=206s hp=49% gold=179 loc=-1026,-857 enemy-dist=1228 lh=15 dn=2 dg=+47 dlh=+1 bottle=3 lvl=4 front=8726 ehp=52'
08/29 18:30:41 [Localization System] CLocalize::FindSafe failed to localize: 'AIB[R] intent=tick-owner family=other stage=desire/creep-work reason=ready score=39 band=lanework'
08/29 18:30:41 [Localization System] CLocalize::FindSafe failed to localize: 'AIB[D] intent=tick-owner family=other stage=laning-core'
08/29 18:30:41 [Localization System] CLocalize::FindSafe failed to localize: 'AIB[D] blocked=buy-loop reason=saving target=item_bottle head=item_bottle cost=675 gold=461 left=1'
08/29 18:30:42 [Localization System] CLocalize::FindSafe failed to localize: 'AIB[D] intent=state-desire-last-hit family=farm dist=297 reason=killable_creep score=140'
08/29 18:30:42 [Localization System] CLocalize::FindSafe failed to localize: 'AIB[D] intent=top-arbiter family=state winner=last-hit:158 losers=safe-cs:56,hero-over-creep:52,cs-inrange:50,idle-heal:46,emergency-retreat:45'
08/29 18:30:42 [Localization System] CLocalize::FindSafe failed to localize: 'AIB[R] blocked=hero-over-creep reason=no_target'
08/29 18:30:42 [Localization System] CLocalize::FindSafe failed to localize: 'AIB[R] blocked=emergency-kill reason=no_target'
08/29 18:30:42 [Localization System] CLocalize::FindSafe failed to localize: 'AIB[R] blocked=uphill-repo reason=no_reposition'
08/29 18:30:42 [Localization System] CLocalize::FindSafe failed to localize: 'AIB[R] blocked=harass reason=no_target'
08/29 18:30:42 [Localization System] CLocalize::FindSafe failed to localize: 'AIB[R] intent=top-arbiter family=state winner=creep-work:38.8 losers=safe-cs:56,hero-over-creep:52,idle-heal:46,emergency-retreat:45,fwd-pullback:44'
08/29 18:30:42 [Localization System] CLocalize::FindSafe failed to localize: 'AIB[D] blocked=hero-over-creep reason=no_target'
08/29 18:30:42 [Localization System] CLocalize::FindSafe failed to localize: 'AIB[D] blocked=emergency-kill reason=no_target'
08/29 18:30:42 [Localization System] CLocalize::FindSafe failed to localize: 'AIB[D] blocked=uphill-repo reason=motor_busy'
08/29 18:30:42 [Localization System] CLocalize::FindSafe failed to localize: 'AIB[R] blocked=buy-loop reason=saving target=item_magic_wand head=item_magic_stick cost=200 gold=181 left=2'
08/29 18:30:42 [Localization System] CLocalize::FindSafe failed to localize: 'AIB[R] blocked=fight-candidate reason=no_action_capped hp=49 score=40'
08/29 18:30:42 [Localization System] CLocalize::FindSafe failed to localize: 'AIB[R] blocked=recovery-buy reason=budget_cap hp=49 gold=181 count=3 allow=2'
08/29 18:30:42 [Localization System] CLocalize::FindSafe failed to localize: 'AIB[R] blocked=uphill-repo reason=not_trading'
08/29 18:30:42 [Localization System] CLocalize::FindSafe failed to localize: 'AIB[D] intent=state-desire-fight family=state base=78 execute=20 dist=868 hp=52 ehp=49 reason=enemy_seen score=98'
08/29 18:30:42 [Localization System] CLocalize::FindSafe failed to localize: 'AIB[D] blocked=ability-pressure reason=nothing_castable'
08/29 18:30:42 [Localization System] CLocalize::FindSafe failed to localize: 'AIB[D] blocked=top-arbiter reason=empty_action winner=fight score=98'
08/29 18:30:42 [Localization System] CLocalize::FindSafe failed to localize: 'AIB[D] blocked=recovery-buy reason=budget_cap hp=52 gold=463 count=4 allow=3'
08/29 18:30:43 [Localization System] CLocalize::FindSafe failed to localize: 'AIB[D] intent=hero-contact family=fight dist=757 hp=53 reason=close_enemy'
08/29 18:30:43 [Localization System] CLocalize::FindSafe failed to localize: 'AIB[R] intent=state-desire-last-hit family=farm dist=432 reason=killable_creep score=140'
08/29 18:30:43 [Localization System] CLocalize::FindSafe failed to localize: 'AIB[D] blocked=hero-contact reason=refractory since=0.20'
08/29 18:30:43 [Localization System] CLocalize::FindSafe failed to localize: 'AIB[D] intent=melee-pack-space family=safety count=2 dist=142'
08/29 18:30:43 [Localization System] CLocalize::FindSafe failed to localize: 'AIB[R] intent=tick-owner family=other stage=laning-core'
08/29 18:30:43 [Localization System] CLocalize::FindSafe failed to localize: 'AIB[D] intent=hero-pass family=fight dist=727 hp=53 reason=nearby_enemy'
08/29 18:30:43 [Localization System] CLocalize::FindSafe failed to localize: 'AIB[D] intent=tick-owner family=other stage=fight intent=hero-pass'
08/29 18:30:43 [Localization System] CLocalize::FindSafe failed to localize: 'AIB[D] blocked=uphill-repo reason=no_reposition'
08/29 18:30:44 [Localization System] CLocalize::FindSafe failed to localize: 'AIB[R] blocked=ability-harass reason=nothing_castable'
08/29 18:30:44 [Localization System] CLocalize::FindSafe failed to localize: 'AIB[D] intent=top-arbiter family=state winner=fight:116 losers=safe-cs:56,hero-over-creep:52,idle-heal:46,emergency-retreat:45,fwd-pullback:44'
08/29 18:30:44 [Localization System] CLocalize::FindSafe failed to localize: 'AIB[R] intent=top-arbiter family=state winner=wave-watch:10 losers=safe-cs:56,hero-over-creep:52,idle-heal:46,emergency-retreat:45,fwd-pullback:44'
08/29 18:30:44 [Localization System] CLocalize::FindSafe failed to localize: 'AIB[D] t=209s hp=53% gold=501 loc=-393,-335 enemy-dist=548 lh=8 dn=0 dg=+43 dlh=+1 bottle=-1 lvl=4 front=9916 ehp=50'
08/29 18:30:44 [Localization System] CLocalize::FindSafe failed to localize: 'AIB[D] intent=state-desire-fight family=state base=78 range=18 execute=20 dist=548 hp=53 ehp=50 reason=enemy_seen score=116'
08/29 18:30:44 [Localization System] CLocalize::FindSafe failed to localize: 'AIB[D] blocked=top-arbiter reason=empty_action winner=fight score=134'
08/29 18:30:45 [Localization System] CLocalize::FindSafe failed to localize: 'AIB[D] blocked=recover-candidate reason=no_action_capped hp=51 score=44'
08/29 18:30:45 [Localization System] CLocalize::FindSafe failed to localize: 'AIB[D] intent=arbiter family=fight winner=creep-aggro:112 losers=hero-pass:105'
08/29 18:30:45 [Localization System] CLocalize::FindSafe failed to localize: 'AIB[D] intent=creep-aggro family=safety hp=51 reason=creep_hitting'
08/29 18:30:45 [Localization System] CLocalize::FindSafe failed to localize: 'AIB[R] intent=state-desire-fight family=state base=78 range=18 execute=20 dist=548 hp=42 ehp=50 reason=enemy_seen score=116'
08/29 18:30:45 [Localization System] CLocalize::FindSafe failed to localize: 'AIB[R] blocked=ability-pressure reason=nothing_castable'
08/29 18:30:45 [Localization System] CLocalize::FindSafe failed to localize: 'AIB[R] intent=hero-contact family=fight dist=548 hp=42 reason=attackable_enemy'
08/29 18:30:45 [Localization System] CLocalize::FindSafe failed to localize: 'AIB[R] blocked=hero-contact reason=refractory since=0.20'
08/29 18:30:45 [Localization System] CLocalize::FindSafe failed to localize: 'AIB[R] blocked=hero-pass reason=low_hp hp=42'
08/29 18:30:45 [Localization System] CLocalize::FindSafe failed to localize: 'AIB[R] blocked=top-arbiter reason=empty_action winner=fight score=134'
08/29 18:30:45 [Localization System] CLocalize::FindSafe failed to localize: 'AIB[R] intent=state-desire-safety family=state base=108 hp=42 creep=false hero=true reason=recent_damage score=108'
08/29 18:30:45 [Localization System] CLocalize::FindSafe failed to localize: 'AIB[R] intent=state-desire-recover family=state base=74 hp=42 reason=hp_gate score=74'
08/29 18:30:45 [Localization System] CLocalize::FindSafe failed to localize: 'AIB[R] intent=recovery-policy family=recover action=recover hp=42 gate=55 source=lane-low'
08/29 18:30:45 [Localization System] CLocalize::FindSafe failed to localize: 'AIB[R] intent=state-recover-xp family=state ttl=2 reason=regen_lane hp=42 dist=350'
08/29 18:30:45 [Localization System] CLocalize::FindSafe failed to localize: 'AIB[D] blocked=creep-aggro reason=hero_trading hp=40 hits=1'
08/29 18:30:45 [Localization System] CLocalize::FindSafe failed to localize: 'AIB[D] intent=top-arbiter family=state winner=fight:134 losers=safety:116,recover:88,safe-cs:56,hero-over-creep:52,idle-heal:46'
08/29 18:30:45 [Localization System] CLocalize::FindSafe failed to localize: 'AIB[R] blocked=safety-candidate reason=no_action_capped hp=42 score=44'
08/29 18:30:45 [Localization System] CLocalize::FindSafe failed to localize: 'AIB[R] intent=top-arbiter family=state winner=recover:92 losers=fight:116,safe-cs:56,hero-over-creep:52,idle-heal:46,emergency-retreat:45'
08/29 18:30:45 [Localization System] CLocalize::FindSafe failed to localize: 'AIB[R] intent=tick-owner family=other stage=laning-core'
08/29 18:30:45 [Localization System] CLocalize::FindSafe failed to localize: 'AIB[D] blocked=safety-candidate reason=no_action_capped hp=40 score=44'
08/29 18:30:45 [Localization System] CLocalize::FindSafe failed to localize: 'AIB[D] intent=tick-owner family=other stage=fight intent=creep-aggro'
08/29 18:30:46 [Localization System] CLocalize::FindSafe failed to localize: 'AIB[D] intent=state-desire-fight family=state base=78 execute=20 dist=751 hp=38 ehp=42 hyst=18 reason=enemy_seen score=116'
08/29 18:30:46 [Localization System] CLocalize::FindSafe failed to localize: 'AIB[D] blocked=ability-pressure reason=nothing_castable'
08/29 18:30:46 [Localization System] CLocalize::FindSafe failed to localize: 'AIB[R] intent=recovery-owner family=recover band=soft threat=true mode=safe-step hp=42'
08/29 18:30:46 [Localization System] CLocalize::FindSafe failed to localize: 'AIB[D] intent=state-desire-recover family=state base=74 danger=28 creep_dmg=-14 hp=36 reason=hp_gate score=88'
08/29 18:30:46 [Localization System] CLocalize::FindSafe failed to localize: 'AIB[D] intent=recovery-policy family=recover action=recover hp=36 gate=55 source=lane-low'
08/29 18:30:46 [Localization System] CLocalize::FindSafe failed to localize: 'AIB[D] intent=recovery-plan family=recover action=back reason=post_fight_regen hp=36'
08/29 18:30:46 [Localization System] CLocalize::FindSafe failed to localize: 'AIB[D] intent=state-recover-xp family=state ttl=5 reason=post_fight_regen hp=36 dist=635'
08/29 18:30:46 [Localization System] CLocalize::FindSafe failed to localize: 'AIB[D] intent=recovery-owner family=recover band=soft threat=true mode=safe-step hp=36'
08/29 18:30:46 [Localization System] CLocalize::FindSafe failed to localize: 'AIB[D] blocked=creep-hit-react reason=recovery_commit hp=35 band=soft'
08/29 18:30:46 [Localization System] CLocalize::FindSafe failed to localize: 'AIB[R] t=211s hp=42% gold=21 loc=-1036,-942 enemy-dist=1177 lh=16 dn=2 dg=-158 dlh=+1 bottle=-1 lvl=4 front=8578 ehp=35'
08/29 18:30:46 [Localization System] CLocalize::FindSafe failed to localize: 'AIB[R] intent=recovery-plan family=recover action=back reason=post_fight_regen hp=42'
08/29 18:30:47 [Localization System] CLocalize::FindSafe failed to localize: 'AIB[R] intent=state-desire-recover family=state base=74 hp=42 hyst=18 reason=hp_gate score=92'
08/29 18:30:47 [Localization System] CLocalize::FindSafe failed to localize: 'AIB[R] blocked=recover-candidate reason=no_action_capped hp=42 score=44'
08/29 18:30:47 [Localization System] CLocalize::FindSafe failed to localize: 'AIB[R] blocked=hero-over-creep reason=no_target'
08/29 18:30:47 [Localization System] CLocalize::FindSafe failed to localize: 'AIB[R] blocked=emergency-kill reason=no_target'
08/29 18:30:47 [Localization System] CLocalize::FindSafe failed to localize: 'AIB[R] blocked=uphill-repo reason=low_hp_hold'
08/29 18:30:47 [Localization System] CLocalize::FindSafe failed to localize: 'AIB[R] blocked=harass reason=no_target'
08/29 18:30:47 [Localization System] CLocalize::FindSafe failed to localize: 'AIB[R] blocked=ability-harass reason=nothing_castable'
08/29 18:30:47 [Localization System] CLocalize::FindSafe failed to localize: 'AIB[D] intent=top-arbiter family=state winner=recover:106 losers=safe-cs:56,hero-over-creep:52,idle-heal:46,emergency-retreat:45,fwd-pullback:44'
08/29 18:30:47 [Localization System] CLocalize::FindSafe failed to localize: 'AIB[D] intent=damage-by-source family=other creep=679 tower=0 hero=1301 mixed=312 death=0 other=191 stale=69 gaps=2'
08/29 18:30:47 [Localization System] CLocalize::FindSafe failed to localize: 'AIB[R] anti-idle-enter=17 anti-idle-lane=10 anti-idle-lowhp-back=1 channel-interrupt-atk=17 channel-interrupt-chase=13 creep-aggro-back=3 creep-aggro-hero-yield=11 creep-aggro-hit=15 creep-dmg=6 creep-hit-react-atk=15 creep-hit-react-step=8 cs-wait-release=28 cs-wait=14 cs-walk-gap-large=17 cs-walk-gap-small=55 cs-walk-inrange=8 cs-walk-into-pack=29 cs-walk=80 cs-watchdog-atk=1 cs-watchdog-step=9 deny-act-atk=22 deny-act-walk=8 deny-act=30 deny-cand-doomed=29 deny-cand-tanky=135 fight-hp-behind=4 fwd-at-position=5 fwd-hold=1 fwd-position=1 fwd-suppressed-creep=19 fwd-suppressed-cs=3 fwd-suppressed-empty=3 fwd-suppressed-hero=8 fwd-suppressed-motor=15 fwd-suppressed-recovery=3 fwd-suppressed-tower=5 fwd-suppressed-visual=3 fwd-suppressed-watchdog=2 harass-seek=5 heal-item=1 hero-contact-atk=25 hero-contact-chase=6 hero-over-creep=8 hero-pass-atk=9 hero-pass-chase=3 idle=6 kill-priority=25 killwin-atk=14 killwin-scan=847 lane-line-fallback=106 lane-line-suppressed-creep-dmg=1 lane-line-suppressed-creep=8 lane-line-suppressed-empty=7 lane-line-suppressed-heal=9 lane-line-suppressed-lowhp=8 lane-line-suppressed-motor=3 lane-line-suppressed-recovery=1 last-hit-urgent=50 low-hp-limit=1 melee-pack-release=13 melee-pack-space=15 own-ranged-stepback=1 pre-aig=17 precreep-anchor=49 precreep-hold=3 precreep-park-hold=13 precreep-park=154 precreep-space=2 prewave-defend=2 prewave-free-hit=87 recover-xp=7 recovery-buy=3 recovery-enemy-near=200 recovery-flask=3 recovery-regen=5 recovery-tango=1 regen-walk=2 siege-commit-tower=21 siege-step=4 tango-heal=2 uphill-reposition=6 uphill-void-under-fire=13 visual-hold-creep-step=1 visual-hold-creep=20 visual-hold-lane=1 visual-hold-still=1 wave-watch-atk=17 wave-watch-no-wave=13 wave-watch-step=102 wave-watch=14'
08/29 18:30:47 [Localization System] CLocalize::FindSafe failed to localize: 'AIB[R] intent=top-arbiter family=state winner=anti-idle:2 losers=safe-cs:56,hero-over-creep:52,idle-heal:46,emergency-retreat:45,fwd-pullback:44'
08/29 18:30:47 [Localization System] CLocalize::FindSafe failed to localize: 'AIB[R] intent=tick-owner family=other stage=desire/anti-idle reason=ready score=2 band=idle'
08/29 18:30:47 [Localization System] CLocalize::FindSafe failed to localize: 'AIB[D] intent=state-desire-recover family=state base=74 danger=28 creep_dmg=-14 hp=36 hyst=18 reason=hp_gate score=106'
08/29 18:30:47 [Localization System] CLocalize::FindSafe failed to localize: 'AIB[D] intent=tick-owner family=other stage=laning-core'
08/29 18:30:48 [Localization System] CLocalize::FindSafe failed to localize: 'AIB[D] intent=recovery-policy family=recover action=recover hp=36 gate=55 source=lane-low'
08/29 18:30:48 [Localization System] CLocalize::FindSafe failed to localize: 'AIB[D] blocked=recover-candidate reason=no_action_capped hp=36 score=44'
08/29 18:30:48 [Localization System] CLocalize::FindSafe failed to localize: 'AIB[D] blocked=hero-over-creep reason=no_target'
08/29 18:30:48 [Localization System] CLocalize::FindSafe failed to localize: 'AIB[D] blocked=emergency-kill reason=no_target'
08/29 18:30:48 [Localization System] CLocalize::FindSafe failed to localize: 'AIB[D] blocked=uphill-repo reason=low_hp_hold'
08/29 18:30:48 [Localization System] CLocalize::FindSafe failed to localize: 'AIB[D] blocked=harass reason=regen_wanted'
08/29 18:30:48 [Localization System] CLocalize::FindSafe failed to localize: 'AIB[D] blocked=ability-harass reason=nothing_castable'
08/29 18:30:49 [Localization System] CLocalize::FindSafe failed to localize: 'AIB[D] anti-afk-lane=1 anti-afk-no-chase=2 anti-idle-combat=3 anti-idle-creep-walk=1 anti-idle-enter=21 anti-idle-lane=12 anti-idle-lowhp-back=4 channel-interrupt-atk=26 channel-interrupt-chase=10 creep-aggro-back=5 creep-aggro-hero-yield=9 creep-aggro-hit=35 creep-dmg=7 creep-hit-react-atk=10 creep-hit-react-step=15 critical-recover-hold=5 cs-wait-release=7 cs-wait=7 cs-walk-gap-large=10 cs-walk-gap-small=9 cs-walk-inrange=3 cs-walk-into-pack=3 cs-walk=22 cs-watchdog-step=4 cw-push-cs-step=1 cw-push=114 deny-act-atk=2 deny-act-walk=16 deny-act=18 deny-cand-doomed=6 deny-cand-tanky=60 fight-hp-behind=16 fountain-trip-release=2 fwd-at-position=3 fwd-lowhp-pull=1 fwd-suppressed-creep=7 fwd-suppressed-cs=2 fwd-suppressed-empty=1 fwd-suppressed-hero=3 fwd-suppressed-lowhp=3 fwd-suppressed-motor=12 fwd-suppressed-recovery=5 fwd-suppressed-tower=9 fwd-suppressed-visual=4 heal-inflight-back=4 heal-inflight-hold=1 heal-item=4 heal-want=2 hero-contact-atk=31 hero-contact-chase=4 hero-over-creep=10 hero-pass-atk=17 hero-pass-chase=3 hero-prio-always=4 hero-prio-chase-hold=8 hero-prio-chase=26 idle=13 killwin-scan=1019 lane-line-fallback=30 lane-line-suppressed-heal=8 lane-line-suppressed-lowhp=16 lane-line-suppressed-motor=1 last-hit-urgent=48 low-hp-creep=1 low-hp-limit=7 melee-pack-release=9 melee-pack-space=16 own-ranged-stepback=1 pre-aig=21 precreep-anchor=29 precreep-hold=2 precreep-park-hold=12 precreep-park=185 precreep-space=4 prewave-duel-approach=31 prewave-duel-trade=92 recover-safe=2 recover-xp=17 recovery-buy-critical=2 recovery-buy=2 recovery-enemy-near=132 recovery-regen=11 recovery-tango=3 recovery-yield=2 regen-walk=8 uphill-reposition=1 uphill-void-under-fire=1 visual-hold-creep=2 visual-hold-lane=6 wave-watch-atk=2 wave-watch-no-wave=18 wave-watch-step=41 wave-watch=8'
08/29 18:30:49 [Localization System] CLocalize::FindSafe failed to localize: 'AIB[D] t=214s hp=37% gold=509 loc=462,392 lh=8 dn=0 dg=+8 dlh=+0 bottle=-1 lvl=4 front=9916 ehp=-1'
08/29 18:30:49 [Localization System] CLocalize::FindSafe failed to localize: 'AIB[D] intent=top-arbiter family=state winner=anti-idle:2 losers=safe-cs:56,hero-over-creep:52,idle-heal:46,emergency-retreat:45,fwd-pullback:44'
08/29 18:30:49 [Localization System] CLocalize::FindSafe failed to localize: 'AIB[D] blocked=buy-loop reason=saving target=item_bottle head=item_bottle cost=675 gold=509 left=1'
08/29 18:30:50 [Localization System] CLocalize::FindSafe failed to localize: 'AIB[R] intent=damage-by-source family=other creep=281 tower=0 hero=981 mixed=197 death=0 other=0 stale=347 gaps=4'
08/29 18:30:50 [Localization System] CLocalize::FindSafe failed to localize: 'AIB[D] intent=tick-owner family=other stage=laning-core'
08/29 18:30:50 [Localization System] CLocalize::FindSafe failed to localize: 'AIB[R] blocked=recover-candidate reason=no_action_capped hp=44 score=44'
08/29 18:30:50 [Localization System] CLocalize::FindSafe failed to localize: 'AIB[R] blocked=hero-over-creep reason=no_target'
08/29 18:30:50 [Localization System] CLocalize::FindSafe failed to localize: 'AIB[R] blocked=emergency-kill reason=no_target'
08/29 18:30:50 [Localization System] CLocalize::FindSafe failed to localize: 'AIB[R] blocked=uphill-repo reason=low_hp_hold'
08/29 18:30:50 [Localization System] CLocalize::FindSafe failed to localize: 'AIB[R] blocked=harass reason=no_target'
08/29 18:30:50 [Localization System] CLocalize::FindSafe failed to localize: 'AIB[R] blocked=ability-harass reason=nothing_castable'
08/29 18:30:50 [Localization System] CLocalize::FindSafe failed to localize: 'AIB[R] intent=top-arbiter family=state winner=creep-work:38.8 losers=safe-cs:56,hero-over-creep:52,idle-heal:46,emergency-retreat:45,fwd-pullback:44'
08/29 18:30:50 [Localization System] CLocalize::FindSafe failed to localize: 'AIB[R] intent=tick-owner family=other stage=desire/creep-work reason=ready score=39 band=lanework'
08/29 18:30:50 [Server] PR:IncrementIdleTime 1:[I:0:0] 2.13
08/29 18:30:50 [Localization System] CLocalize::FindSafe failed to localize: 'AIB[R] blocked=buy-loop reason=saving target=item_magic_wand head=item_recipe_magic_wand cost=150 gold=27 left=1'
08/29 18:30:50 [Localization System] CLocalize::FindSafe failed to localize: 'AIB[R] intent=recovery-owner family=recover band=soft threat=false mode=back hp=45'
08/29 18:30:50 [Localization System] CLocalize::FindSafe failed to localize: 'AIB[D] intent=top-arbiter family=state winner=creep-work:38.6 losers=safe-cs:56,hero-over-creep:52,idle-heal:46,emergency-retreat:45,fwd-pullback:44'
08/29 18:30:51 [Localization System] CLocalize::FindSafe failed to localize: 'AIB[R] blocked=uphill-repo reason=motor_busy'
08/29 18:30:51 [Localization System] CLocalize::FindSafe failed to localize: 'AIB[D] intent=recovery-plan family=recover action=back reason=post_fight_regen hp=38'
08/29 18:30:51 [Localization System] CLocalize::FindSafe failed to localize: 'AIB[D] intent=state-recover-xp family=state ttl=5 reason=post_fight_regen hp=38 dist=247'
08/29 18:30:51 [Localization System] CLocalize::FindSafe failed to localize: 'AIB[D] blocked=recover-candidate reason=no_action_capped hp=38 score=44'
08/29 18:30:51 [Localization System] CLocalize::FindSafe failed to localize: 'AIB[D] blocked=hero-over-creep reason=no_target'
08/29 18:30:51 [Localization System] CLocalize::FindSafe failed to localize: 'AIB[D] blocked=emergency-kill reason=no_target'
08/29 18:30:51 [Localization System] CLocalize::FindSafe failed to localize: 'AIB[R] t=216s hp=45% gold=29 loc=-824,-662 enemy-dist=1369 lh=16 dn=2 dg=+8 dlh=+0 bottle=-1 lvl=4 front=8829 ehp=38'
08/29 18:30:51 [Localization System] CLocalize::FindSafe failed to localize: 'AIB[R] intent=recovery-plan family=recover action=back reason=post_fight_regen hp=45'
08/29 18:30:51 [Localization System] CLocalize::FindSafe failed to localize: 'AIB[R] intent=state-recover-xp family=state ttl=5 reason=post_fight_regen hp=45 dist=65'
08/29 18:30:52 [Localization System] CLocalize::FindSafe failed to localize: 'AIB[D] intent=tick-owner family=other stage=laning-core'
08/29 18:30:52 [Localization System] CLocalize::FindSafe failed to localize: 'AIB[R] blocked=uphill-repo reason=no_reposition'
08/29 18:30:52 [Localization System] CLocalize::FindSafe failed to localize: 'AIB[R] intent=top-arbiter family=state winner=creep-work:38.8 losers=safe-cs:56,hero-over-creep:52,idle-heal:46,emergency-retreat:45,fwd-pullback:44'
08/29 18:30:52 [Localization System] CLocalize::FindSafe failed to localize: 'AIB[D] blocked=uphill-repo reason=low_hp_hold'
08/29 18:30:52 [Localization System] CLocalize::FindSafe failed to localize: 'AIB[D] blocked=harass reason=regen_wanted'
08/29 18:30:52 [Localization System] CLocalize::FindSafe failed to localize: 'AIB[D] intent=top-arbiter family=state winner=low-hp-hold:43.2 losers=safe-cs:56,hero-over-creep:52,idle-heal:46,emergency-retreat:45,fwd-pullback:44'
08/29 18:30:52 [Localization System] CLocalize::FindSafe failed to localize: 'AIB[R] intent=tick-owner family=other stage=desire/creep-work reason=ready score=39 band=lanework'
08/29 18:30:52 [Localization System] CLocalize::FindSafe failed to localize: 'AIB[D] intent=state-desire-last-hit family=farm dist=518 reason=killable_creep score=140'
08/29 18:30:53 [Localization System] CLocalize::FindSafe failed to localize: 'AIB[R] intent=state-desire-last-hit family=farm dist=505 reason=killable_creep score=140'
08/29 18:30:53 [Server] Game code (account 0) tried to execute invalid order (19). Target NPC is dead.
08/29 18:30:53 [Localization System] CLocalize::FindSafe failed to localize: 'AIB[R] intent=recovery-policy family=recover action=recover hp=29 gate=35 source=early-low'
08/29 18:30:54 [Localization System] CLocalize::FindSafe failed to localize: 'AIB[D] intent=top-arbiter family=state winner=low-hp-hold:43.2 losers=safe-cs:56,hero-over-creep:52,idle-heal:46,emergency-retreat:45,fwd-pullback:44'
08/29 18:30:54 [Localization System] CLocalize::FindSafe failed to localize: 'AIB[D] intent=tick-owner family=other stage=laning-core'
08/29 18:30:54 [Localization System] CLocalize::FindSafe failed to localize: 'AIB[R] blocked=recovery-buy reason=budget_cap hp=29 gold=83 count=3 allow=2'
08/29 18:30:54 [Localization System] CLocalize::FindSafe failed to localize: 'AIB[R] intent=recovery-owner family=recover band=soft threat=true mode=safe-step hp=29'
08/29 18:30:54 [Localization System] CLocalize::FindSafe failed to localize: 'AIB[D] t=219s hp=40% gold=553 loc=128,192 enemy-dist=1057 lh=9 dn=0 dg=+44 dlh=+1 bottle=-1 lvl=4 front=8620 ehp=29'
08/29 18:30:54 [Localization System] CLocalize::FindSafe failed to localize: 'AIB[R] intent=tick-owner family=other stage=laning-core'
08/29 18:30:54 [Localization System] CLocalize::FindSafe failed to localize: 'AIB[D] blocked=recover-candidate reason=no_action_capped hp=40 score=44'
08/29 18:30:54 [Localization System] CLocalize::FindSafe failed to localize: 'AIB[D] blocked=hero-over-creep reason=no_target'
08/29 18:30:54 [Localization System] CLocalize::FindSafe failed to localize: 'AIB[D] blocked=emergency-kill reason=no_target'
08/29 18:30:55 [Localization System] CLocalize::FindSafe failed to localize: 'AIB[D] intent=top-arbiter family=state winner=low-hp-hold:43.2 losers=safe-cs:56,hero-over-creep:52,idle-heal:46,emergency-retreat:45,fwd-pullback:44'
08/29 18:30:55 [Localization System] CLocalize::FindSafe failed to localize: 'AIB[R] intent=recovery-policy family=recover action=recover hp=30 gate=35 source=early-low'
08/29 18:30:55 [Localization System] CLocalize::FindSafe failed to localize: 'AIB[D] blocked=creep-hit-react reason=recovery_commit hp=39 band=soft'
08/29 18:30:55 [Localization System] CLocalize::FindSafe failed to localize: 'AIB[D] blocked=safety-candidate reason=no_action_capped hp=39 score=44'
08/29 18:30:55 [Localization System] CLocalize::FindSafe failed to localize: 'AIB[D] intent=state-desire-recover family=state base=74 danger=28 creep_dmg=-14 hp=39 reason=hp_gate score=88'
08/29 18:30:55 [Localization System] CLocalize::FindSafe failed to localize: 'AIB[D] intent=recovery-policy family=recover action=recover hp=39 gate=55 source=lane-low'
08/29 18:30:55 [Localization System] CLocalize::FindSafe failed to localize: 'AIB[D] intent=recovery-owner family=recover band=soft threat=false mode=safe-step hp=39'
08/29 18:30:56 [Localization System] CLocalize::FindSafe failed to localize: 'AIB[D] intent=tick-owner family=other stage=laning-core'
08/29 18:30:56 [Localization System] CLocalize::FindSafe failed to localize: 'AIB[R] intent=recovery-owner family=recover band=soft threat=false mode=back hp=30'
08/29 18:30:56 [Localization System] CLocalize::FindSafe failed to localize: 'AIB[R] intent=tick-owner family=other stage=laning-core'
08/29 18:30:56 [Localization System] CLocalize::FindSafe failed to localize: 'AIB[R] t=221s hp=31% gold=87 loc=-1206,-949 lh=17 dn=2 dg=+58 dlh=+1 bottle=-1 lvl=4 front=8868 ehp=-1'
08/29 18:30:56 [Localization System] CLocalize::FindSafe failed to localize: 'AIB[R] intent=recovery-plan family=recover action=back reason=post_fight_regen hp=31'
08/29 18:30:56 [Localization System] CLocalize::FindSafe failed to localize: 'AIB[R] intent=state-recover-xp family=state ttl=5 reason=post_fight_regen hp=31 dist=342'
08/29 18:30:57 [Localization System] CLocalize::FindSafe failed to localize: 'AIB[D] intent=top-arbiter family=state winner=recover:106 losers=safe-cs:56,hero-over-creep:52,idle-heal:46,emergency-retreat:45,fwd-pullback:44'
08/29 18:30:57 [Localization System] CLocalize::FindSafe failed to localize: 'AIB[D] intent=state-desire-recover family=state base=74 danger=28 creep_dmg=-14 hp=39 hyst=18 reason=hp_gate score=106'
08/29 18:30:57 [Localization System] CLocalize::FindSafe failed to localize: 'AIB[R] intent=recovery-policy family=recover action=recover hp=31 gate=35 source=early-low'
08/29 18:30:57 [Localization System] CLocalize::FindSafe failed to localize: 'AIB[D] blocked=buy-loop reason=saving target=item_bottle head=item_bottle cost=675 gold=557 left=1'
08/29 18:30:58 [Localization System] CLocalize::FindSafe failed to localize: 'AIB[D] intent=recovery-policy family=recover action=recover hp=40 gate=55 source=lane-low'
08/29 18:30:58 [Localization System] CLocalize::FindSafe failed to localize: 'AIB[D] intent=tick-owner family=other stage=laning-core'
08/29 18:30:58 [Localization System] CLocalize::FindSafe failed to localize: 'AIB[D] blocked=recover-candidate reason=no_action_capped hp=40 score=44'
08/29 18:30:58 [Localization System] CLocalize::FindSafe failed to localize: 'AIB[D] blocked=hero-over-creep reason=no_target'
08/29 18:30:58 [Localization System] CLocalize::FindSafe failed to localize: 'AIB[D] blocked=emergency-kill reason=no_target'
08/29 18:30:58 [Localization System] CLocalize::FindSafe failed to localize: 'AIB[D] blocked=uphill-repo reason=low_hp_hold'
08/29 18:30:58 [Localization System] CLocalize::FindSafe failed to localize: 'AIB[D] blocked=harass reason=regen_wanted'
08/29 18:30:58 [Localization System] CLocalize::FindSafe failed to localize: 'AIB[D] blocked=ability-harass reason=nothing_castable'
08/29 18:30:58 [Localization System] CLocalize::FindSafe failed to localize: 'AIB[D] intent=top-arbiter family=state winner=anti-idle:2 losers=safe-cs:56,hero-over-creep:52,idle-heal:46,emergency-retreat:45,fwd-pullback:44'
08/29 18:30:58 [Localization System] CLocalize::FindSafe failed to localize: 'AIB[R] blocked=buy-loop reason=saving target=item_magic_wand head=item_recipe_magic_wand cost=150 gold=90 left=1'
08/29 18:30:58 [Localization System] CLocalize::FindSafe failed to localize: 'AIB[R] intent=tick-owner family=other stage=laning-core'
08/29 18:30:59 Script function 'GetDesire' on bot npc_dota_hero_nevermore took 2.102ms
08/29 18:30:59 [Localization System] CLocalize::FindSafe failed to localize: 'AIB[D] t=224s hp=41% gold=560 loc=853,744 lh=9 dn=0 dg=+7 dlh=+0 bottle=-1 lvl=4 front=8620 ehp=-1'
08/29 18:30:59 [Localization System] CLocalize::FindSafe failed to localize: 'AIB[R] intent=recovery-policy family=recover action=recover hp=32 gate=35 source=early-low'
08/29 18:31:00 [Localization System] CLocalize::FindSafe failed to localize: 'AIB[D] intent=top-arbiter family=state winner=anti-idle:2 losers=safe-cs:56,hero-over-creep:52,idle-heal:46,emergency-retreat:45,fwd-pullback:44'
08/29 18:31:00 [Localization System] CLocalize::FindSafe failed to localize: 'AIB[D] intent=tick-owner family=other stage=laning-core'
08/29 18:31:00 [Localization System] CLocalize::FindSafe failed to localize: 'AIB[D] blocked=recover-candidate reason=no_resources_behind_safe hp=41 score=44'
08/29 18:31:00 [Localization System] CLocalize::FindSafe failed to localize: 'AIB[R] intent=tick-owner family=other stage=laning-core'
08/29 18:31:01 [Localization System] CLocalize::FindSafe failed to localize: 'AIB[D] blocked=hero-over-creep reason=no_target'
08/29 18:31:01 [Localization System] CLocalize::FindSafe failed to localize: 'AIB[D] blocked=emergency-kill reason=no_target'
08/29 18:31:01 [Localization System] CLocalize::FindSafe failed to localize: 'AIB[D] blocked=uphill-repo reason=low_hp_hold'
08/29 18:31:01 [Localization System] CLocalize::FindSafe failed to localize: 'AIB[D] blocked=harass reason=regen_wanted'
08/29 18:31:01 [Localization System] CLocalize::FindSafe failed to localize: 'AIB[D] blocked=ability-harass reason=nothing_castable'
08/29 18:31:01 [Localization System] CLocalize::FindSafe failed to localize: 'AIB[R] intent=recovery-policy family=recover action=recover hp=33 gate=35 source=early-low'
08/29 18:31:01 [Localization System] CLocalize::FindSafe failed to localize: 'AIB[D] intent=top-arbiter family=state winner=anti-idle:2 losers=safe-cs:56,hero-over-creep:52,idle-heal:46,emergency-retreat:45,fwd-pullback:44'
08/29 18:31:02 [Localization System] CLocalize::FindSafe failed to localize: 'AIB[R] t=226s hp=33% gold=95 loc=-1814,-1515 lh=17 dn=2 dg=+8 dlh=+0 bottle=-1 lvl=4 front=7487 ehp=-1'
08/29 18:31:02 [Localization System] CLocalize::FindSafe failed to localize: 'AIB[D] intent=tick-owner family=other stage=laning-core'
08/29 18:31:02 [Localization System] CLocalize::FindSafe failed to localize: 'AIB[D] blocked=recover-candidate reason=no_action_capped hp=42 score=44'
08/29 18:31:02 [Localization System] CLocalize::FindSafe failed to localize: 'AIB[R] intent=state-desire-recover family=state base=74 danger=28 hp=34 reason=hp_gate score=102'
08/29 18:31:02 [Localization System] CLocalize::FindSafe failed to localize: 'AIB[R] blocked=top-arbiter reason=empty_action winner=recover score=102'
08/29 18:31:02 [Localization System] CLocalize::FindSafe failed to localize: 'AIB[R] blocked=hero-over-creep reason=no_target'
08/29 18:31:02 [Localization System] CLocalize::FindSafe failed to localize: 'AIB[R] blocked=emergency-kill reason=no_target'
08/29 18:31:02 [Localization System] CLocalize::FindSafe failed to localize: 'AIB[R] blocked=uphill-repo reason=low_hp_hold'
08/29 18:31:02 [Localization System] CLocalize::FindSafe failed to localize: 'AIB[R] blocked=harass reason=no_target'
08/29 18:31:02 [Localization System] CLocalize::FindSafe failed to localize: 'AIB[R] blocked=ability-harass reason=nothing_castable'
08/29 18:31:02 [Localization System] CLocalize::FindSafe failed to localize: 'AIB[D] intent=damage-by-source family=other creep=697 tower=0 hero=1301 mixed=312 death=0 other=191 stale=69 gaps=2'
08/29 18:31:03 [Localization System] CLocalize::FindSafe failed to localize: 'AIB[R] intent=top-arbiter family=state winner=anti-idle:2 losers=recover:102,safe-cs:56,hero-over-creep:52,idle-heal:46,emergency-retreat:45'
08/29 18:31:03 [Localization System] CLocalize::FindSafe failed to localize: 'AIB[R] intent=tick-owner family=other stage=desire/anti-idle reason=ready score=2 band=idle'
08/29 18:31:03 [Localization System] CLocalize::FindSafe failed to localize: 'AIB[D] intent=top-arbiter family=state winner=anti-idle:2 losers=safe-cs:56,hero-over-creep:52,idle-heal:46,emergency-retreat:45,fwd-pullback:44'
08/29 18:31:03 [Localization System] CLocalize::FindSafe failed to localize: 'AIB[R] intent=recovery-policy family=recover action=recover hp=34 gate=35 source=early-low'
08/29 18:31:04 [Localization System] CLocalize::FindSafe failed to localize: 'AIB[R] blocked=recover-candidate reason=no_action_capped hp=35 score=44'
08/29 18:31:04 [Localization System] CLocalize::FindSafe failed to localize: 'AIB[R] blocked=harass reason=own_heal_running'
08/29 18:31:04 [Localization System] CLocalize::FindSafe failed to localize: 'AIB[D] blocked=hero-over-creep reason=no_target'
08/29 18:31:04 [Localization System] CLocalize::FindSafe failed to localize: 'AIB[D] blocked=emergency-kill reason=no_target'
08/29 18:31:04 [Localization System] CLocalize::FindSafe failed to localize: 'AIB[D] blocked=uphill-repo reason=low_hp_hold'
08/29 18:31:04 [Localization System] CLocalize::FindSafe failed to localize: 'AIB[D] blocked=harass reason=regen_wanted'
08/29 18:31:04 [Localization System] CLocalize::FindSafe failed to localize: 'AIB[D] blocked=ability-harass reason=nothing_castable'
08/29 18:31:04 [Localization System] CLocalize::FindSafe failed to localize: 'AIB[D] intent=tick-owner family=other stage=laning-core'
08/29 18:31:04 [Localization System] CLocalize::FindSafe failed to localize: 'AIB[R] intent=top-arbiter family=state winner=anti-idle:2 losers=safe-cs:56,hero-over-creep:52,idle-heal:46,emergency-retreat:45,fwd-pullback:44'
08/29 18:31:04 [Localization System] CLocalize::FindSafe failed to localize: 'AIB[D] t=229s hp=44% gold=568 loc=575,463 lh=9 dn=0 dg=+8 dlh=+0 bottle=-1 lvl=4 front=9765 ehp=-1'
08/29 18:31:05 [Localization System] CLocalize::FindSafe failed to localize: 'AIB[R] intent=damage-by-source family=other creep=281 tower=0 hero=1107 mixed=197 death=0 other=0 stale=347 gaps=4'
08/29 18:31:05 [Localization System] CLocalize::FindSafe failed to localize: 'AIB[R] intent=tick-owner family=other stage=desire/anti-idle reason=ready score=2 band=idle'
08/29 18:31:05 [Localization System] CLocalize::FindSafe failed to localize: 'AIB[D] intent=top-arbiter family=state winner=anti-idle:2 losers=safe-cs:56,hero-over-creep:52,idle-heal:46,emergency-retreat:45,fwd-pullback:44'
08/29 18:31:05 [Localization System] CLocalize::FindSafe failed to localize: 'AIB[D] blocked=recover-candidate reason=no_action_capped hp=44 score=44'
08/29 18:31:05 [Localization System] CLocalize::FindSafe failed to localize: 'AIB[D] blocked=uphill-repo reason=no_reposition'
08/29 18:31:05 [Localization System] CLocalize::FindSafe failed to localize: 'AIB[R] blocked=hero-over-creep reason=no_target'
08/29 18:31:05 [Localization System] CLocalize::FindSafe failed to localize: 'AIB[R] blocked=emergency-kill reason=no_target'
08/29 18:31:05 [Localization System] CLocalize::FindSafe failed to localize: 'AIB[R] blocked=uphill-repo reason=low_hp_hold'
08/29 18:31:05 [Localization System] CLocalize::FindSafe failed to localize: 'AIB[R] blocked=ability-harass reason=nothing_castable'
08/29 18:31:05 [Localization System] CLocalize::FindSafe failed to localize: 'AIB[D] blocked=buy-loop reason=saving target=item_bottle head=item_bottle cost=675 gold=569 left=1'
08/29 18:31:06 [Localization System] CLocalize::FindSafe failed to localize: 'AIB[R] blocked=uphill-repo reason=no_reposition'
08/29 18:31:06 [Localization System] CLocalize::FindSafe failed to localize: 'AIB[R] intent=top-arbiter family=state winner=anti-idle:2 losers=safe-cs:56,hero-over-creep:52,idle-heal:46,emergency-retreat:45,fwd-pullback:44'
08/29 18:31:06 [Localization System] CLocalize::FindSafe failed to localize: 'AIB[D] intent=tick-owner family=other stage=laning-core'
08/29 18:31:06 [Localization System] CLocalize::FindSafe failed to localize: 'AIB[D] intent=top-arbiter family=state winner=anti-idle:2 losers=safe-cs:56,hero-over-creep:52,idle-heal:46,emergency-retreat:45,fwd-pullback:44'
08/29 18:31:06 [Localization System] CLocalize::FindSafe failed to localize: 'AIB[R] blocked=buy-loop reason=saving target=item_magic_wand head=item_recipe_magic_wand cost=150 gold=102 left=1'
08/29 18:31:07 [Localization System] CLocalize::FindSafe failed to localize: 'AIB[R] t=231s hp=52% gold=102 loc=-1273,-1013 lh=17 dn=2 dg=+7 dlh=+0 bottle=1 lvl=4 front=8537 ehp=-1'
08/29 18:31:07 [Localization System] CLocalize::FindSafe failed to localize: 'AIB[R] intent=tick-owner family=other stage=desire/anti-idle reason=ready score=2 band=idle'
08/29 18:31:07 [Localization System] CLocalize::FindSafe failed to localize: 'AIB[D] intent=melee-pack-space family=safety count=2 dist=152'
08/29 18:31:07 [Localization System] CLocalize::FindSafe failed to localize: 'AIB[D] blocked=hero-over-creep reason=no_target'
08/29 18:31:07 [Localization System] CLocalize::FindSafe failed to localize: 'AIB[D] blocked=emergency-kill reason=no_target'
08/29 18:31:07 [Localization System] CLocalize::FindSafe failed to localize: 'AIB[D] blocked=harass reason=regen_wanted'
08/29 18:31:07 [Localization System] CLocalize::FindSafe failed to localize: 'AIB[D] blocked=ability-harass reason=nothing_castable'
08/29 18:31:07 [Localization System] CLocalize::FindSafe failed to localize: 'AIB[R] intent=top-arbiter family=state winner=anti-idle:2 losers=hero-over-creep:52,idle-heal:46,emergency-retreat:45,fwd-pullback:44,emergency-kill:43.5'
08/29 18:31:08 [Localization System] CLocalize::FindSafe failed to localize: 'AIB[D] intent=top-arbiter family=state winner=creep-work:38.6 losers=safe-cs:56,hero-over-creep:52,idle-heal:46,emergency-retreat:45,fwd-pullback:44'
08/29 18:31:08 [Localization System] CLocalize::FindSafe failed to localize: 'AIB[R] blocked=harass reason=own_heal_running'
08/29 18:31:08 [Localization System] CLocalize::FindSafe failed to localize: 'AIB[D] blocked=uphill-repo reason=no_reposition'
08/29 18:31:08 [Localization System] CLocalize::FindSafe failed to localize: 'AIB[D] blocked=harass reason=own_heal_running'
08/29 18:31:08 [Localization System] CLocalize::FindSafe failed to localize: 'AIB[D] intent=tick-owner family=other stage=laning-core'
08/29 18:31:08 [Localization System] CLocalize::FindSafe failed to localize: 'AIB[R] intent=channel-interrupt family=fight dist=1019 hp=61 kind=heal reason=enemy_heal'
08/29 18:31:08 [Localization System] CLocalize::FindSafe failed to localize: 'AIB[D] intent=channel-interrupt family=fight dist=980 hp=47 kind=heal reason=enemy_heal'
08/29 18:31:08 [Localization System] CLocalize::FindSafe failed to localize: 'AIB[R] blocked=channel-interrupt reason=unsafe dist=960 hp=61 kind=heal'
08/29 18:31:08 [Localization System] CLocalize::FindSafe failed to localize: 'AIB[R] blocked=hero-over-creep reason=no_target'
08/29 18:31:08 [Localization System] CLocalize::FindSafe failed to localize: 'AIB[R] blocked=emergency-kill reason=no_target'
08/29 18:31:08 [Localization System] CLocalize::FindSafe failed to localize: 'AIB[R] blocked=uphill-repo reason=not_trading'
08/29 18:31:08 [Localization System] CLocalize::FindSafe failed to localize: 'AIB[R] blocked=ability-harass reason=nothing_castable'
08/29 18:31:08 [Localization System] CLocalize::FindSafe failed to localize: 'AIB[R] blocked=fight-candidate reason=no_action_capped hp=62 score=40'
08/29 18:31:08 [Localization System] CLocalize::FindSafe failed to localize: 'AIB[R] blocked=recovery-buy reason=budget_cap hp=62 gold=105 count=3 allow=2'
08/29 18:31:09 [Localization System] CLocalize::FindSafe failed to localize: 'AIB[R] intent=top-arbiter family=state winner=creep-work:38.8 losers=hero-over-creep:52,idle-heal:46,emergency-retreat:45,fwd-pullback:44,emergency-kill:43.5'
08/29 18:31:09 [Localization System] CLocalize::FindSafe failed to localize: 'AIB[R] intent=tick-owner family=other stage=laning-core'
08/29 18:31:09 [Localization System] CLocalize::FindSafe failed to localize: 'AIB[R] blocked=kill-lock reason=uphill dist=592 hp=67'
08/29 18:31:09 [Localization System] CLocalize::FindSafe failed to localize: 'AIB[D] t=234s hp=32% gold=575 loc=-393,-256 enemy-dist=574 lh=9 dn=0 dg=+7 dlh=+0 bottle=-1 lvl=4 front=10009 ehp=67'
08/29 18:31:09 [Localization System] CLocalize::FindSafe failed to localize: 'AIB[R] intent=recovery-plan family=recover action=rune_stage reason=water source=bottle-rune dist=1970 eta=6'
08/29 18:31:09 [Localization System] CLocalize::FindSafe failed to localize: 'AIB[R] intent=state-rune-commit family=rune source=bottle-rune phase=water ttl=6 dist=1970 eta=6'
08/29 18:31:09 [Localization System] CLocalize::FindSafe failed to localize: 'AIB[R] intent=rune-transaction family=rune source=bottle-rune phase=water ttl=6 dist=1970 eta=6'
08/29 18:31:09 [Localization System] CLocalize::FindSafe failed to localize: 'AIB[R] intent=bottle-rune family=rune dist=1970 eta=6 reason=stage'
08/29 18:31:10 [Localization System] CLocalize::FindSafe failed to localize: 'AIB[R] intent=state-desire-fight family=state base=78 range=18 hp_adv=8 execute=20 dist=523 hp=69 ehp=32 reason=enemy_seen score=124'
08/29 18:31:10 [Localization System] CLocalize::FindSafe failed to localize: 'AIB[R] blocked=ability-pressure reason=nothing_castable'
08/29 18:31:10 [Localization System] CLocalize::FindSafe failed to localize: 'AIB[R] intent=hero-contact family=fight dist=523 hp=69 reason=attackable_enemy'
08/29 18:31:10 [Localization System] CLocalize::FindSafe failed to localize: 'AIB[R] blocked=hero-contact reason=refractory since=0.13'
08/29 18:31:10 [Localization System] CLocalize::FindSafe failed to localize: 'AIB[R] blocked=hero-pass reason=uphill hp=70'
08/29 18:31:10 [Localization System] CLocalize::FindSafe failed to localize: 'AIB[R] blocked=top-arbiter reason=empty_action winner=fight score=142'
08/29 18:31:10 [Localization System] CLocalize::FindSafe failed to localize: 'AIB[R] intent=kill-lock family=fight dist=503 ehp=32 hp=71 exec=false atk=true mutual=false reason=killable_enemy'
08/29 18:31:10 [Localization System] CLocalize::FindSafe failed to localize: 'AIB[D] intent=recovery-policy family=recover action=recover hp=32 gate=35 source=early-low'
08/29 18:31:10 [Localization System] CLocalize::FindSafe failed to localize: 'AIB[D] intent=state-recover-xp family=state ttl=2 reason=regen_lane hp=32 dist=764'
08/29 18:31:10 [Localization System] CLocalize::FindSafe failed to localize: 'AIB[D] intent=tick-owner family=other stage=laning-core'
08/29 18:31:12 [Localization System] CLocalize::FindSafe failed to localize: 'AIB[D] intent=state-recover-safe family=state ttl=2 reason=regen_lane hp=4 dist=1335'
08/29 18:31:12 [Localization System] CLocalize::FindSafe failed to localize: 'AIB[D] intent=tick-owner family=other stage=laning-core'
08/29 18:31:12 [Server] Client (account 0) tried to execute invalid order (20). Unit is dead.
08/29 18:31:12 [Localization System] CLocalize::FindSafe failed to localize: 'invalid index'
08/29 18:31:12 [Localization System] CLocalize::FindSafe failed to localize: 'invalid index'
08/29 18:31:12 Sending CMsgConnectedPlayers for reason FIRST_BLOOD.  Last send was 236.9s ago, urgency is 0.0s
08/29 18:31:12 game_state: DOTA_GAMERULES_STATE_GAME_IN_PROGRESS
first_blood_happened: true
send_reason: FIRST_BLOOD
radiant_kills: 1
dire_kills: 0
radiant_lead: 792
building_state: 4784201

08/29 18:31:12 [GCClient] Send msg 7034 (k_EMsgGCConnectedPlayers), 26 bytes
08/29 18:31:12 [Localization System] CLocalize::FindSafe failed to localize: 'AIB[R] t=237s hp=61% gold=334 loc=-628,-385 lh=18 dn=2 dg=+232 dlh=+1 bottle=0 lvl=5 front=8726 ehp=-1'
08/29 18:31:12 [Localization System] CLocalize::FindSafe failed to localize: 'AIB[R] intent=tick-owner family=other stage=death-window'
08/29 18:31:13 [GCClient] Recv msg 26 (k_ESOMsg_UpdateMultiple), 336 bytes
08/29 18:31:13 --- CSODOTALobby.first_blood_happened: false
08/29 18:31:13 +++ CSODOTALobby.first_blood_happened: true
08/29 18:31:13 [Localization System] CLocalize::FindSafe failed to localize: 'AIB[D] blocked=buy-loop reason=saving target=item_bottle head=item_bottle cost=675 gold=463 left=1'
08/29 18:31:14 [Localization System] CLocalize::FindSafe failed to localize: 'AIB[D] intent=tick-owner family=other stage=laning-core'
08/29 18:31:14 [Localization System] CLocalize::FindSafe failed to localize: 'AIB[D] t=239s hp=0% gold=465 loc=34,156 enemy-dist=855 lh=9 dn=0 dg=-110 dlh=+0 bottle=-1 lvl=4 front=10362 ehp=62'
08/29 18:31:14 [Localization System] CLocalize::FindSafe failed to localize: 'AIB[R] intent=tick-owner family=other stage=death-window'
08/29 18:31:15 [Localization System] CLocalize::FindSafe failed to localize: 'AIB[D] intent=state-recover-safe family=state ttl=2 reason=regen_lane hp=0 dist=1216'
08/29 18:31:15 [Localization System] CLocalize::FindSafe failed to localize: 'AIB[R] intent=rune-ground-truth family=rune id=1 status=1 t=240'
08/29 18:31:15 [Localization System] CLocalize::FindSafe failed to localize: 'AIB[D] intent=rune-ground-truth family=rune id=0 status=1 t=240'
08/29 18:31:16 [Localization System] CLocalize::FindSafe failed to localize: 'AIB[D] intent=tick-owner family=other stage=laning-core'
08/29 18:31:16 [Localization System] CLocalize::FindSafe failed to localize: 'AIB[R] intent=rune-ground-truth family=rune id=0 status=1 t=241'
08/29 18:31:16 [Localization System] CLocalize::FindSafe failed to localize: 'AIB[R] intent=tick-owner family=other stage=death-window'
08/29 18:31:17 [Localization System] CLocalize::FindSafe failed to localize: 'AIB[R] intent=rune-ground-truth family=rune id=0 status=2 t=241'
08/29 18:31:17 [Localization System] CLocalize::FindSafe failed to localize: 'AIB[R] intent=rune-ground-truth family=rune id=1 status=2 t=241'
08/29 18:31:17 [Localization System] CLocalize::FindSafe failed to localize: 'AIB[R] blocked=hero-over-creep reason=no_target'
08/29 18:31:17 [Localization System] CLocalize::FindSafe failed to localize: 'AIB[R] blocked=bottle-rune reason=no_close_rune max=1900 waterMax=4700 nearest=inf water=inf mid=133'
08/29 18:31:17 [Localization System] CLocalize::FindSafe failed to localize: 'AIB[R] blocked=recovery-rune-bottle reason=no_close_rune max=3600 waterMax=4700 nearest=inf water=inf mid=133'
08/29 18:31:17 [Localization System] CLocalize::FindSafe failed to localize: 'AIB[R] blocked=emergency-kill reason=no_target'
08/29 18:31:17 [Localization System] CLocalize::FindSafe failed to localize: 'AIB[R] blocked=uphill-repo reason=no_reposition'
08/29 18:31:17 [Localization System] CLocalize::FindSafe failed to localize: 'AIB[R] blocked=harass reason=no_target'
08/29 18:31:17 [Localization System] CLocalize::FindSafe failed to localize: 'AIB[R] intent=top-arbiter family=state winner=creep-work:38.8 losers=hero-over-creep:52,idle-heal:46,emergency-retreat:45,fwd-pullback:44,emergency-kill:43.5'
08/29 18:31:17 [Localization System] CLocalize::FindSafe failed to localize: 'AIB[D] intent=damage-by-source family=other creep=710 tower=0 hero=1636 mixed=326 death=34 other=191 stale=69 gaps=2'
08/29 18:31:17 [Localization System] CLocalize::FindSafe failed to localize: 'AIB[R] t=242s hp=60% gold=380 loc=-353,-235 lh=19 dn=2 dg=+46 dlh=+1 bottle=0 lvl=5 front=9159 ehp=-1'
08/29 18:31:18 [Localization System] CLocalize::FindSafe failed to localize: 'AIB[R] intent=rune-ground-truth family=rune id=1 status=1 t=242'
08/29 18:31:18 [Localization System] CLocalize::FindSafe failed to localize: 'AIB[R] intent=rune-ground-truth family=rune id=1 status=2 t=243'
08/29 18:31:18 [Localization System] CLocalize::FindSafe failed to localize: 'AIB[D] intent=state-recover-safe family=state ttl=2 reason=regen_lane hp=0 dist=1216'
08/29 18:31:18 [Localization System] CLocalize::FindSafe failed to localize: 'AIB[R] intent=rune-ground-truth family=rune id=1 status=1 t=243'
08/29 18:31:18 [Localization System] CLocalize::FindSafe failed to localize: 'AIB[D] intent=tick-owner family=other stage=laning-core'
08/29 18:31:18 [Localization System] CLocalize::FindSafe failed to localize: 'AIB[R] intent=rune-ground-truth family=rune id=1 status=2 t=243'
08/29 18:31:18 [Localization System] CLocalize::FindSafe failed to localize: 'AIB[R] intent=tick-owner family=other stage=death-window'
08/29 18:31:19 [Localization System] CLocalize::FindSafe failed to localize: 'AIB[D] t=244s hp=0% gold=473 loc=34,156 enemy-dist=146 lh=9 dn=0 dg=+8 dlh=+0 bottle=-1 lvl=4 front=8620 ehp=61'
08/29 18:31:20 [Localization System] CLocalize::FindSafe failed to localize: 'AIB[R] intent=damage-by-source family=other creep=307 tower=0 hero=1169 mixed=197 death=0 other=0 stale=347 gaps=4'
08/29 18:31:20 [Localization System] CLocalize::FindSafe failed to localize: 'AIB[R] intent=state-desire-siege family=siege base=66 push=12 enemy_dead=22 hp=61 reason=tower_window score=100'
08/29 18:31:20 [Localization System] CLocalize::FindSafe failed to localize: 'AIB[R] intent=state-siege-window family=siege ttl=2 wave=4 tower=558 hp=61 adv=true'
08/29 18:31:20 [Localization System] CLocalize::FindSafe failed to localize: 'AIB[R] intent=tower-opportunity family=siege result=hit phase=terminal wave=4 tower=558'
08/29 18:31:20 [Localization System] CLocalize::FindSafe failed to localize: 'AIB[R] intent=top-arbiter family=state winner=siege:100 losers=hero-over-creep:52,idle-heal:46,emergency-retreat:45,fwd-pullback:44,emergency-kill:43.5'
08/29 18:31:20 [Localization System] CLocalize::FindSafe failed to localize: 'AIB[D] intent=tick-owner family=other stage=laning-core'
08/29 18:31:21 [Localization System] CLocalize::FindSafe failed to localize: 'AIB[D] intent=state-recover-safe family=state ttl=2 reason=regen_lane hp=0 dist=1216'
08/29 18:31:21 [Localization System] CLocalize::FindSafe failed to localize: 'AIB[D] blocked=buy-loop reason=saving target=item_bottle head=item_bottle cost=675 gold=475 left=1'
08/29 18:31:22 [Localization System] CLocalize::FindSafe failed to localize: 'AIB[R] intent=tick-owner family=other stage=dive'
08/29 18:31:22 [Localization System] CLocalize::FindSafe failed to localize: 'AIB[R] intent=state-desire-siege family=siege base=66 push=12 enemy_dead=22 hp=62 hyst=18 reason=tower_window score=118'
08/29 18:31:22 [Localization System] CLocalize::FindSafe failed to localize: 'AIB[R] intent=top-arbiter family=state winner=siege:118 losers=hero-over-creep:52,idle-heal:46,emergency-retreat:45,fwd-pullback:44,emergency-kill:43.5'
08/29 18:31:22 [Localization System] CLocalize::FindSafe failed to localize: 'AIB[R] t=247s hp=62% gold=387 loc=193,203 lh=19 dn=2 dg=+7 dlh=+0 bottle=0 lvl=5 front=9797 ehp=-1'
08/29 18:31:22 [Localization System] CLocalize::FindSafe failed to localize: 'AIB[R] intent=state-siege-window family=siege ttl=2 wave=3 tower=558 hp=62 adv=true'
08/29 18:31:22 [Localization System] CLocalize::FindSafe failed to localize: 'AIB[R] intent=tower-opportunity family=siege result=hit phase=terminal wave=3 tower=558'
08/29 18:31:23 [Localization System] CLocalize::FindSafe failed to localize: 'AIB[D] intent=tick-owner family=other stage=laning-core'
08/29 18:31:23 [Localization System] CLocalize::FindSafe failed to localize: 'AIB[R] intent=state-desire-siege family=siege base=66 push=12 enemy_dead=22 hp=62 hyst=18 reason=tower_window score=118'
08/29 18:31:23 [Localization System] CLocalize::FindSafe failed to localize: 'AIB[R] intent=top-arbiter family=state winner=siege:118 losers=hero-over-creep:52,idle-heal:46,emergency-retreat:45,fwd-pullback:44,emergency-kill:43.5'
08/29 18:31:24 [Localization System] CLocalize::FindSafe failed to localize: 'AIB[D] intent=state-recover-safe family=state ttl=2 reason=regen_lane hp=0 dist=1216'
08/29 18:31:24 [Localization System] CLocalize::FindSafe failed to localize: 'AIB[R] intent=tick-owner family=other stage=dive'
08/29 18:31:24 [Localization System] CLocalize::FindSafe failed to localize: 'AIB[D] t=249s hp=0% gold=480 loc=34,156 enemy-dist=165 lh=9 dn=0 dg=+7 dlh=+0 bottle=-1 lvl=4 front=8620 ehp=63'
08/29 18:31:24 [Localization System] CLocalize::FindSafe failed to localize: 'AIB[R] intent=state-siege-window family=siege ttl=2 wave=2 tower=558 hp=63 adv=true'
08/29 18:31:24 [Localization System] CLocalize::FindSafe failed to localize: 'AIB[R] intent=tower-opportunity family=siege result=hit phase=terminal wave=2 tower=558'
08/29 18:31:25 [Localization System] CLocalize::FindSafe failed to localize: 'AIB[D] intent=tick-owner family=other stage=laning-core'
08/29 18:31:25 [Localization System] CLocalize::FindSafe failed to localize: 'AIB[R] intent=state-desire-siege family=siege base=66 push=12 enemy_dead=22 hp=63 hyst=18 reason=tower_window score=118'
08/29 18:31:25 [Localization System] CLocalize::FindSafe failed to localize: 'AIB[R] intent=top-arbiter family=state winner=siege:118 losers=hero-over-creep:52,idle-heal:46,emergency-retreat:45,fwd-pullback:44,emergency-kill:43.5'
08/29 18:31:26 [Localization System] CLocalize::FindSafe failed to localize: 'AIB[R] intent=state-siege-window family=siege ttl=2 wave=2 tower=558 hp=64 adv=true'
08/29 18:31:26 [Localization System] CLocalize::FindSafe failed to localize: 'AIB[R] intent=tower-opportunity family=siege result=hit phase=terminal wave=2 tower=558'
08/29 18:31:26 [Localization System] CLocalize::FindSafe failed to localize: 'AIB[R] intent=tick-owner family=other stage=desire/siege base=66 push=12 enemy_dead=22 hp=64 hyst=18 reason=tower_window score=118'
08/29 18:31:27 [Localization System] CLocalize::FindSafe failed to localize: 'AIB[D] intent=tick-owner family=other stage=laning-core'
08/29 18:31:27 [Localization System] CLocalize::FindSafe failed to localize: 'AIB[R] intent=state-desire-siege family=siege base=66 push=12 enemy_dead=22 hp=64 hyst=18 reason=tower_window score=118'
08/29 18:31:27 [Localization System] CLocalize::FindSafe failed to localize: 'AIB[R] intent=top-arbiter family=state winner=siege:118 losers=hero-over-creep:52,idle-heal:46,emergency-retreat:45,fwd-pullback:44,emergency-kill:43.5'
08/29 18:31:27 [Localization System] CLocalize::FindSafe failed to localize: 'AIB[D] intent=state-recover-safe family=state ttl=2 reason=regen_lane hp=0 dist=1216'
08/29 18:31:28 [Localization System] CLocalize::FindSafe failed to localize: 'AIB[R] t=252s hp=64% gold=395 loc=193,203 lh=19 dn=2 dg=+8 dlh=+0 bottle=0 lvl=5 front=9736 ehp=-1'
08/29 18:31:28 [Localization System] CLocalize::FindSafe failed to localize: 'AIB[R] intent=state-desire-siege family=siege base=66 push=12 enemy_dead=22 hp=64 hyst=18 reason=tower_window score=118'
08/29 18:31:28 [Localization System] CLocalize::FindSafe failed to localize: 'AIB[R] intent=top-arbiter family=state winner=siege:118 losers=hero-over-creep:52,idle-heal:46,emergency-retreat:45,fwd-pullback:44,emergency-kill:43.5'
08/29 18:31:29 [Localization System] CLocalize::FindSafe failed to localize: 'AIB[R] intent=state-siege-window family=siege ttl=2 wave=1 tower=558 hp=65 adv=true'
08/29 18:31:29 [Localization System] CLocalize::FindSafe failed to localize: 'AIB[R] intent=tower-opportunity family=siege result=hit phase=terminal wave=1 tower=558'
08/29 18:31:29 [Localization System] CLocalize::FindSafe failed to localize: 'AIB[R] intent=tick-owner family=other stage=desire/siege base=66 push=12 enemy_dead=22 hp=65 hyst=18 reason=tower_window score=118'
08/29 18:31:29 [Localization System] CLocalize::FindSafe failed to localize: 'AIB[D] intent=tick-owner family=other stage=laning-core'
08/29 18:31:29 [Localization System] CLocalize::FindSafe failed to localize: 'AIB[D] blocked=buy-loop reason=saving target=item_bottle head=item_bottle cost=675 gold=487 left=1'
08/29 18:31:30 [Localization System] CLocalize::FindSafe failed to localize: 'AIB[D] t=254s hp=0% gold=488 loc=34,156 enemy-dist=87 lh=9 dn=0 dg=+8 dlh=+0 bottle=-1 lvl=4 front=8620 ehp=65'
08/29 18:31:30 [Localization System] CLocalize::FindSafe failed to localize: 'AIB[D] intent=state-recover-safe family=state ttl=2 reason=regen_lane hp=0 dist=1216'
08/29 18:31:31 [Localization System] CLocalize::FindSafe failed to localize: 'AIB[D] intent=tick-owner family=other stage=laning-core'
08/29 18:31:31 [Localization System] CLocalize::FindSafe failed to localize: 'AIB[R] intent=rune-ground-truth family=rune id=1 status=1 t=256'
08/29 18:31:31 [Localization System] CLocalize::FindSafe failed to localize: 'AIB[R] blocked=hero-over-creep reason=no_target'
08/29 18:31:31 [Localization System] CLocalize::FindSafe failed to localize: 'AIB[R] intent=recovery-plan family=recover action=rune reason=start source=bottle-rune dist=1738 hp=58 mana=50'
08/29 18:31:31 [Localization System] CLocalize::FindSafe failed to localize: 'AIB[R] intent=state-rune-commit family=rune source=bottle-rune phase=start ttl=30 dist=1738 hp=58 mana=50'
08/29 18:31:31 [Localization System] CLocalize::FindSafe failed to localize: 'AIB[R] intent=rune-transaction family=rune source=bottle-rune phase=start ttl=30 dist=1738 hp=58 mana=50'
08/29 18:31:31 [Localization System] CLocalize::FindSafe failed to localize: 'AIB[R] intent=bottle-rune family=rune dist=1738 hp=58 mana=50 reason=start'
08/29 18:31:31 [Localization System] CLocalize::FindSafe failed to localize: 'AIB[R] intent=top-arbiter family=state winner=idle-heal:46 losers=hero-over-creep:52,emergency-retreat:45,fwd-pullback:44,emergency-kill:43.5,uphill:43'
08/29 18:31:31 [Localization System] CLocalize::FindSafe failed to localize: 'AIB[R] intent=tick-owner family=other stage=desire/idle-heal reason=ready score=46 band=lanework'
08/29 18:31:32 Script function 'Think' on bot npc_dota_hero_nevermore took 2.550ms
08/29 18:31:32 [Localization System] CLocalize::FindSafe failed to localize: 'AIB[D] intent=damage-by-source family=other creep=710 tower=0 hero=1636 mixed=326 death=34 other=191 stale=69 gaps=2'
08/29 18:31:32 [Localization System] CLocalize::FindSafe failed to localize: 'AIB[R] intent=top-arbiter family=state winner=idle-heal:46 losers=safe-cs:56,hero-over-creep:52,emergency-retreat:45,fwd-pullback:44,emergency-kill:43.5'
08/29 18:31:33 [Localization System] CLocalize::FindSafe failed to localize: 'AIB[R] t=257s hp=50% gold=402 loc=2,-569 lh=19 dn=2 dg=+7 dlh=+0 bottle=0 lvl=5 front=9391 ehp=-1'
08/29 18:31:33 [Localization System] CLocalize::FindSafe failed to localize: 'AIB[R] blocked=recover-candidate reason=no_action_capped hp=42 score=44'
08/29 18:31:33 [Localization System] CLocalize::FindSafe failed to localize: 'AIB[D] intent=tick-owner family=other stage=laning-core'
08/29 18:31:33 [Localization System] CLocalize::FindSafe failed to localize: 'AIB[R] intent=recovery-plan family=recover action=rune reason=commit source=bottle-rune dist=1202'
08/29 18:31:33 [Localization System] CLocalize::FindSafe failed to localize: 'AIB[R] intent=state-rune-commit family=rune source=bottle-rune phase=commit ttl=30 dist=1202'
08/29 18:31:33 [Localization System] CLocalize::FindSafe failed to localize: 'AIB[R] intent=rune-transaction family=rune source=bottle-rune phase=commit ttl=30 dist=1202'
08/29 18:31:33 [Localization System] CLocalize::FindSafe failed to localize: 'AIB[R] intent=bottle-rune family=rune dist=1202 age=2 reason=commit'
08/29 18:31:33 [Localization System] CLocalize::FindSafe failed to localize: 'AIB[R] intent=tick-owner family=other stage=desire/idle-heal reason=ready score=46 band=lanework'
08/29 18:31:33 CGameParticleManager::SetParticleControlEnt: Unable to lookup attachment "attach_fx" on model "models/heroes/shadow_fiend/shadow_fiend.vmdl" for entity "npc_dota_hero_nevermore"
08/29 18:31:34 [Server] PR:IncrementIdleTime 6:[I:0:0] 21.37
08/29 18:31:34 [Localization System] CLocalize::FindSafe failed to localize: 'AIB[R] blocked=hero-over-creep reason=no_target'
08/29 18:31:34 [Localization System] CLocalize::FindSafe failed to localize: 'AIB[R] intent=top-arbiter family=state winner=idle-heal:46 losers=safe-cs:56,hero-over-creep:52,emergency-retreat:45,fwd-pullback:44,emergency-kill:43.5'
08/29 18:31:35 [Localization System] CLocalize::FindSafe failed to localize: 'AIB[R] intent=damage-by-source family=other creep=307 tower=129 hero=1169 mixed=197 death=0 other=0 stale=402 gaps=5'
08/29 18:31:35 [Localization System] CLocalize::FindSafe failed to localize: 'AIB[R] intent=recovery-plan family=recover action=rune reason=commit source=bottle-rune dist=582'
08/29 18:31:35 [Localization System] CLocalize::FindSafe failed to localize: 'AIB[R] intent=state-rune-commit family=rune source=bottle-rune phase=commit ttl=30 dist=582'
08/29 18:31:35 [Localization System] CLocalize::FindSafe failed to localize: 'AIB[R] intent=rune-transaction family=rune source=bottle-rune phase=commit ttl=30 dist=582'
08/29 18:31:35 [Localization System] CLocalize::FindSafe failed to localize: 'AIB[R] intent=bottle-rune family=rune dist=582 age=4 reason=commit'
08/29 18:31:35 [Localization System] CLocalize::FindSafe failed to localize: 'AIB[R] intent=tick-owner family=other stage=desire/idle-heal reason=ready score=46 band=lanework'
08/29 18:31:36 [Localization System] CLocalize::FindSafe failed to localize: 'AIB[R] intent=top-arbiter family=state winner=idle-heal:46 losers=safe-cs:56,hero-over-creep:52,emergency-retreat:45,fwd-pullback:44,emergency-kill:43.5'
08/29 18:31:36 [Localization System] CLocalize::FindSafe failed to localize: 'AIB[R] blocked=recover-candidate reason=no_action_capped hp=44 score=44'
08/29 18:31:37 [Localization System] CLocalize::FindSafe failed to localize: 'AIB[D] t=261s hp=100% gold=498 loc=682,796 lh=9 dn=0 dg=+10 dlh=+0 bottle=-1 lvl=4 front=9693 ehp=-1'
08/29 18:31:37 [Localization System] CLocalize::FindSafe failed to localize: 'AIB[D] blocked=hero-over-creep reason=no_target'
08/29 18:31:37 [Localization System] CLocalize::FindSafe failed to localize: 'AIB[D] blocked=emergency-kill reason=no_target'
08/29 18:31:37 [Localization System] CLocalize::FindSafe failed to localize: 'AIB[D] blocked=uphill-repo reason=no_reposition'
08/29 18:31:37 [Localization System] CLocalize::FindSafe failed to localize: 'AIB[D] blocked=harass reason=no_target'
08/29 18:31:37 [Localization System] CLocalize::FindSafe failed to localize: 'AIB[D] blocked=cs-watchdog reason=no_creep lh=9 idle=38'
08/29 18:31:37 [Localization System] CLocalize::FindSafe failed to localize: 'AIB[D] blocked=ability-harass reason=nothing_castable'
08/29 18:31:37 [Localization System] CLocalize::FindSafe failed to localize: 'AIB[D] intent=top-arbiter family=state winner=fwd-position:22 losers=hero-over-creep:52,idle-heal:46,emergency-retreat:45,fwd-pullback:44,emergency-kill:43.5'
08/29 18:31:37 [Localization System] CLocalize::FindSafe failed to localize: 'AIB[D] intent=tick-owner family=other stage=desire/fwd-position reason=ready score=22 band=position'
08/29 18:31:37 [Localization System] CLocalize::FindSafe failed to localize: 'AIB[R] intent=recovery-plan family=recover action=rune reason=pickup source=bottle-rune dist=94'
08/29 18:31:37 [Localization System] CLocalize::FindSafe failed to localize: 'AIB[R] intent=state-rune-commit family=rune source=bottle-rune phase=pickup ttl=30 dist=94'
08/29 18:31:37 [Localization System] CLocalize::FindSafe failed to localize: 'AIB[R] intent=rune-transaction family=rune source=bottle-rune phase=pickup ttl=30 dist=94'
08/29 18:31:37 [Localization System] CLocalize::FindSafe failed to localize: 'AIB[R] intent=rune-result family=rune source=bottle-rune result=pickup_attempt dist=94 age=6'
08/29 18:31:37 [Localization System] CLocalize::FindSafe failed to localize: 'AIB[R] intent=bottle-rune family=rune dist=94 age=6 reason=pickup'
08/29 18:31:37 [Localization System] CLocalize::FindSafe failed to localize: 'AIB[D] blocked=uphill-repo reason=motor_busy'
08/29 18:31:37 [Localization System] CLocalize::FindSafe failed to localize: 'AIB[R] intent=rune-ground-truth family=rune id=1 status=2 t=262'
08/29 18:31:37 [Localization System] CLocalize::FindSafe failed to localize: 'AIB[R] blocked=hero-over-creep reason=no_target'
08/29 18:31:37 [Localization System] CLocalize::FindSafe failed to localize: 'AIB[R] blocked=emergency-kill reason=no_target'
08/29 18:31:37 [Localization System] CLocalize::FindSafe failed to localize: 'AIB[R] blocked=uphill-repo reason=no_reposition'
08/29 18:31:37 [Localization System] CLocalize::FindSafe failed to localize: 'AIB[R] blocked=harass reason=no_target'
08/29 18:31:37 [Localization System] CLocalize::FindSafe failed to localize: 'AIB[R] blocked=cs-watchdog reason=no_creep lh=19 idle=20'
08/29 18:31:37 [Localization System] CLocalize::FindSafe failed to localize: 'AIB[R] blocked=ability-harass reason=nothing_castable'
08/29 18:31:37 [Localization System] CLocalize::FindSafe failed to localize: 'AIB[R] intent=top-arbiter family=state winner=anti-idle:2 losers=safe-cs:56,hero-over-creep:52,idle-heal:46,emergency-retreat:45,fwd-pullback:44'
08/29 18:31:37 [Localization System] CLocalize::FindSafe failed to localize: 'AIB[R] intent=tick-owner family=other stage=desire/anti-idle reason=ready score=2 band=idle'
08/29 18:31:37 [Localization System] CLocalize::FindSafe failed to localize: 'AIB[D] blocked=buy-tp reason=recent_tp since=4'
08/29 18:31:37 [Localization System] CLocalize::FindSafe failed to localize: 'AIB[D] blocked=buy-loop reason=saving target=item_bottle head=item_bottle cost=675 gold=500 left=1'
08/29 18:31:38 [Localization System] CLocalize::FindSafe failed to localize: 'AIB[R] t=262s hp=49% gold=410 loc=946,-1112 lh=19 dn=2 dg=+8 dlh=+0 bottle=2 lvl=5 front=8841 ehp=-1'
08/29 18:31:38 [Localization System] CLocalize::FindSafe failed to localize: 'AIB[R] blocked=harass reason=own_heal_running'
08/29 18:31:38 [Localization System] CLocalize::FindSafe failed to localize: 'AIB[D] intent=lane-line-episode family=other dist=1334 fwd=0.51'
08/29 18:31:38 [Localization System] CLocalize::FindSafe failed to localize: 'AIB[D] intent=top-arbiter family=state winner=lane-line:18 losers=hero-over-creep:52,idle-heal:46,emergency-retreat:45,fwd-pullback:44,emergency-kill:43.5'
08/29 18:31:39 [Localization System] CLocalize::FindSafe failed to localize: 'AIB[D] intent=cs-watchdog family=farm lh=9 idle=40 creep_hp=550 dist=827'
08/29 18:31:39 [Localization System] CLocalize::FindSafe failed to localize: 'AIB[D] intent=tick-owner family=other stage=desire/creep-work reason=ready score=39 band=lanework'
08/29 18:31:39 [Localization System] CLocalize::FindSafe failed to localize: 'AIB[R] intent=top-arbiter family=state winner=anti-idle:2 losers=hero-over-creep:52,idle-heal:46,emergency-retreat:45,fwd-pullback:44,emergency-kill:43.5'
08/29 18:31:39 [Localization System] CLocalize::FindSafe failed to localize: 'AIB[D] blocked=hero-prio-chase reason=lane_work dist=1406 cs=false creep=false hp_adv=false kill_pressure=false close=false low_farm=false lane_override=false'
08/29 18:31:39 [Localization System] CLocalize::FindSafe failed to localize: 'AIB[R] intent=tick-owner family=other stage=desire/anti-idle reason=ready score=2 band=idle'
08/29 18:31:39 [Localization System] CLocalize::FindSafe failed to localize: 'AIB[D] intent=wave-watch-work family=other lh=9 idle=33 creep_hp=233 dist=644'
08/29 18:31:40 [Localization System] CLocalize::FindSafe failed to localize: 'AIB[R] intent=cs-watchdog family=farm lh=19 idle=23 creep_hp=550 dist=852'
08/29 18:31:40 [Localization System] CLocalize::FindSafe failed to localize: 'AIB[D] blocked=hero-over-creep reason=no_target'
08/29 18:31:40 [Localization System] CLocalize::FindSafe failed to localize: 'AIB[D] blocked=emergency-kill reason=no_target'
08/29 18:31:40 [Localization System] CLocalize::FindSafe failed to localize: 'AIB[D] intent=melee-pack-space family=safety count=3 dist=122'
08/29 18:31:40 [Localization System] CLocalize::FindSafe failed to localize: 'AIB[D] blocked=uphill-repo reason=motor_busy'
08/29 18:31:40 [Localization System] CLocalize::FindSafe failed to localize: 'AIB[D] blocked=harass reason=no_target'
08/29 18:31:40 [Localization System] CLocalize::FindSafe failed to localize: 'AIB[D] blocked=ability-harass reason=nothing_castable'
08/29 18:31:40 [Localization System] CLocalize::FindSafe failed to localize: 'AIB[D] intent=top-arbiter family=state winner=wave-watch:10 losers=hero-over-creep:52,idle-heal:46,emergency-retreat:45,fwd-pullback:44,emergency-kill:43.5'
08/29 18:31:40 [Localization System] CLocalize::FindSafe failed to localize: 'AIB[D] intent=rune-ground-truth family=rune id=0 status=2 t=265'
08/29 18:31:40 [Localization System] CLocalize::FindSafe failed to localize: 'AIB[D] blocked=channel-interrupt reason=unsafe dist=1036 hp=100 kind=heal'
08/29 18:31:40 [Localization System] CLocalize::FindSafe failed to localize: 'AIB[D] blocked=fight reason=concede_post_death hp=100'
08/29 18:31:40 [Localization System] CLocalize::FindSafe failed to localize: 'AIB[R] blocked=hero-over-creep reason=no_target'
08/29 18:31:40 [Localization System] CLocalize::FindSafe failed to localize: 'AIB[R] blocked=emergency-kill reason=no_target'
08/29 18:31:40 [Localization System] CLocalize::FindSafe failed to localize: 'AIB[R] blocked=uphill-repo reason=no_reposition'
08/29 18:31:40 [Localization System] CLocalize::FindSafe failed to localize: 'AIB[R] blocked=ability-harass reason=nothing_castable'
08/29 18:31:40 [Localization System] CLocalize::FindSafe failed to localize: 'AIB[R] intent=top-arbiter family=state winner=wave-watch:10 losers=hero-over-creep:52,idle-heal:46,emergency-retreat:45,fwd-pullback:44,emergency-kill:43.5'
08/29 18:31:41 [Localization System] CLocalize::FindSafe failed to localize: 'AIB[R] intent=bottle-rune family=rune reason=gone'
08/29 18:31:41 [Localization System] CLocalize::FindSafe failed to localize: 'AIB[R] intent=rune-result family=rune source=bottle-rune result=gone age=10'
08/29 18:31:41 [Localization System] CLocalize::FindSafe failed to localize: 'AIB[D] intent=tick-owner family=other stage=desire/creep-work reason=ready score=39 band=lanework'
08/29 18:31:41 [Localization System] CLocalize::FindSafe failed to localize: 'AIB[R] blocked=bottle-rune reason=cooldown left=6'
08/29 18:31:41 [Localization System] CLocalize::FindSafe failed to localize: 'AIB[D] blocked=uphill-repo reason=not_trading'
08/29 18:31:41 [Localization System] CLocalize::FindSafe failed to localize: 'AIB[R] intent=melee-pack-space family=safety count=2 dist=590'
08/29 18:31:41 [Localization System] CLocalize::FindSafe failed to localize: 'AIB[D] intent=state-desire-last-hit family=farm dist=456 reason=killable_creep score=140'
08/29 18:31:41 [Localization System] CLocalize::FindSafe failed to localize: 'AIB[D] intent=top-arbiter family=state winner=last-hit:158 losers=hero-over-creep:52,cs-inrange:50,idle-heal:46,emergency-retreat:45,fwd-pullback:44'
08/29 18:31:41 [Localization System] CLocalize::FindSafe failed to localize: 'AIB[R] intent=state-desire-last-hit family=farm dist=547 reason=killable_creep score=140'
08/29 18:31:41 [Localization System] CLocalize::FindSafe failed to localize: 'AIB[R] intent=tick-owner family=other stage=desire/last-hit dist=547 reason=killable_creep score=140'
08/29 18:31:42 [Localization System] CLocalize::FindSafe failed to localize: 'AIB[D] blocked=recovery-buy reason=flask_in_inventory hp=100'
08/29 18:31:42 [Localization System] CLocalize::FindSafe failed to localize: 'AIB[D] intent=cs-watchdog family=farm lh=9 idle=43 creep_hp=27 dist=456'
08/29 18:31:42 [Localization System] CLocalize::FindSafe failed to localize: 'AIB[D] t=266s hp=100% gold=506 loc=-64,193 enemy-dist=860 lh=9 dn=0 dg=+8 dlh=+0 bottle=-1 lvl=4 front=9744 ehp=71'
08/29 18:31:42 [Localization System] CLocalize::FindSafe failed to localize: 'AIB[R] intent=top-arbiter family=state winner=last-hit:158 losers=hero-over-creep:52,idle-heal:46,emergency-retreat:45,fwd-pullback:44,emergency-kill:43.5'
08/29 18:31:42 [Localization System] CLocalize::FindSafe failed to localize: 'AIB[R] blocked=recovery-buy reason=item_checkpoint item=item_magic_wand hp=73 gold=416 cost=460 spend=100'
08/29 18:31:42 [Localization System] CLocalize::FindSafe failed to localize: 'AIB[R] intent=recovery-plan family=recover action=buy_item_flask reason=checkpoint_block item=item_magic_wand hp=73 gold=416'
08/29 18:31:42 [Localization System] CLocalize::FindSafe failed to localize: 'AIB[R] blocked=harass reason=own_heal_running'
08/29 18:31:42 [Localization System] CLocalize::FindSafe failed to localize: 'AIB[R] intent=cs-watchdog family=farm lh=19 idle=25 creep_hp=15 dist=547'
08/29 18:31:42 [Localization System] CLocalize::FindSafe failed to localize: 'AIB[D] blocked=hero-prio-chase reason=lane_work dist=860 cs=false creep=true hp_adv=false kill_pressure=false close=false low_farm=false lane_override=false'
08/29 18:31:42 [Localization System] CLocalize::FindSafe failed to localize: 'AIB[R] intent=melee-pack-space family=safety count=2 dist=462'
08/29 18:31:43 [Localization System] CLocalize::FindSafe failed to localize: 'AIB[R] t=267s hp=77% gold=418 loc=-207,-631 enemy-dist=836 lh=19 dn=2 dg=+8 dlh=+0 bottle=0 lvl=5 front=8878 ehp=100'
08/29 18:31:43 [Localization System] CLocalize::FindSafe failed to localize: 'AIB[D] blocked=hero-over-creep reason=no_target'
08/29 18:31:43 [Localization System] CLocalize::FindSafe failed to localize: 'AIB[D] blocked=emergency-kill reason=no_target'
08/29 18:31:43 [Localization System] CLocalize::FindSafe failed to localize: 'AIB[D] intent=tick-owner family=other stage=desire/creep-work reason=ready score=39 band=lanework'
08/29 18:31:43 [Localization System] CLocalize::FindSafe failed to localize: 'AIB[D] blocked=harass reason=no_target'
08/29 18:31:43 [Localization System] CLocalize::FindSafe failed to localize: 'AIB[D] intent=top-arbiter family=state winner=creep-work:38.6 losers=hero-over-creep:52,idle-heal:46,emergency-retreat:45,fwd-pullback:44,emergency-kill:43.5'
08/29 18:31:43 [Localization System] CLocalize::FindSafe failed to localize: 'AIB[R] blocked=harass reason=no_target'
08/29 18:31:43 [Localization System] CLocalize::FindSafe failed to localize: 'AIB[D] blocked=fight reason=concede_post_death hp=100'
08/29 18:31:43 [Localization System] CLocalize::FindSafe failed to localize: 'AIB[D] blocked=fight-candidate reason=no_action_capped hp=100 score=40'
08/29 18:31:43 [Localization System] CLocalize::FindSafe failed to localize: 'AIB[R] blocked=hero-over-creep reason=no_target'
08/29 18:31:43 [Localization System] CLocalize::FindSafe failed to localize: 'AIB[R] blocked=emergency-kill reason=no_target'
08/29 18:31:43 [Localization System] CLocalize::FindSafe failed to localize: 'AIB[R] blocked=uphill-repo reason=no_reposition'
08/29 18:31:43 [Localization System] CLocalize::FindSafe failed to localize: 'AIB[R] blocked=ability-harass reason=nothing_castable'
08/29 18:31:43 [Localization System] CLocalize::FindSafe failed to localize: 'AIB[R] intent=top-arbiter family=state winner=wave-watch:10 losers=hero-over-creep:52,idle-heal:46,emergency-retreat:45,fwd-pullback:44,emergency-kill:43.5'
08/29 18:31:44 [Localization System] CLocalize::FindSafe failed to localize: 'AIB[R] intent=tick-owner family=other stage=laning-core'
08/29 18:31:44 [Localization System] CLocalize::FindSafe failed to localize: 'AIB[R] intent=state-desire-fight family=state base=78 range=18 dist=604 hp=79 ehp=100 reason=enemy_seen score=96'
08/29 18:31:44 [Localization System] CLocalize::FindSafe failed to localize: 'AIB[R] blocked=ability-pressure reason=nothing_castable'
08/29 18:31:44 [Localization System] CLocalize::FindSafe failed to localize: 'AIB[R] intent=hero-contact family=fight dist=604 hp=79 reason=attackable_enemy'
08/29 18:31:44 [Localization System] CLocalize::FindSafe failed to localize: 'AIB[R] blocked=hero-contact reason=refractory since=0.13'
08/29 18:31:44 [Localization System] CLocalize::FindSafe failed to localize: 'AIB[R] intent=hero-pass family=fight dist=593 hp=80 reason=nearby_enemy'
08/29 18:31:44 [Localization System] CLocalize::FindSafe failed to localize: 'AIB[D] intent=cs-watchdog family=farm lh=10 idle=46 creep_hp=300 dist=716'
08/29 18:31:44 [Localization System] CLocalize::FindSafe failed to localize: 'AIB[D] intent=melee-pack-space family=safety count=2 dist=138'
08/29 18:31:44 [Localization System] CLocalize::FindSafe failed to localize: 'AIB[R] blocked=top-arbiter reason=empty_action winner=fight score=114'
08/29 18:31:44 [Localization System] CLocalize::FindSafe failed to localize: 'AIB[R] intent=melee-pack-space family=safety count=2 dist=324'
08/29 18:31:44 [Localization System] CLocalize::FindSafe failed to localize: 'AIB[D] blocked=harass reason=concede_lane'
08/29 18:31:45 [Localization System] CLocalize::FindSafe failed to localize: 'AIB[D] blocked=uphill-repo reason=no_reposition'
08/29 18:31:45 [Localization System] CLocalize::FindSafe failed to localize: 'AIB[D] intent=top-arbiter family=state winner=harass:40 losers=hero-over-creep:52,idle-heal:46,emergency-retreat:45,fwd-pullback:44,emergency-kill:43.5'
08/29 18:31:45 [Localization System] CLocalize::FindSafe failed to localize: 'AIB[R] intent=state-desire-last-hit family=farm dist=225 reason=killable_creep score=140'
08/29 18:31:45 [Localization System] CLocalize::FindSafe failed to localize: 'AIB[D] blocked=uphill-repo reason=motor_busy'
08/29 18:31:45 [Localization System] CLocalize::FindSafe failed to localize: 'AIB[R] intent=top-arbiter family=state winner=creep-work:38.8 losers=hero-over-creep:52,idle-heal:46,emergency-retreat:45,fwd-pullback:44,emergency-kill:43.5'
08/29 18:31:45 [Localization System] CLocalize::FindSafe failed to localize: 'AIB[D] intent=tick-owner family=other stage=laning-core'
08/29 18:31:45 [Localization System] CLocalize::FindSafe failed to localize: 'AIB[R] intent=state-desire-safety family=state base=108 creep_dmg=8 hp=78 creep=true hero=false reason=recent_damage score=116'
08/29 18:31:45 [Localization System] CLocalize::FindSafe failed to localize: 'AIB[R] blocked=creep-hit-react reason=inside_melee_pack count=2 dist=136 hp=78'
08/29 18:31:45 [Localization System] CLocalize::FindSafe failed to localize: 'AIB[R] intent=creep-hit-react family=safety dist=136 hp=78 hits=1 reason=edge_attack'
08/29 18:31:45 [Localization System] CLocalize::FindSafe failed to localize: 'AIB[R] blocked=safety-candidate reason=no_action_capped hp=78 score=44'
08/29 18:31:45 [Localization System] CLocalize::FindSafe failed to localize: 'AIB[D] blocked=buy-tp reason=recent_tp since=12'
08/29 18:31:45 [Localization System] CLocalize::FindSafe failed to localize: 'AIB[D] blocked=buy-loop reason=saving target=item_bottle head=item_bottle cost=675 gold=547 left=1'
08/29 18:31:45 [Localization System] CLocalize::FindSafe failed to localize: 'AIB[D] blocked=safety-candidate reason=no_action_capped hp=42 score=44'
08/29 18:31:45 [Localization System] CLocalize::FindSafe failed to localize: 'AIB[D] intent=state-desire-recover family=state base=74 hp=42 reason=hp_gate score=74'
08/29 18:31:45 [Localization System] CLocalize::FindSafe failed to localize: 'AIB[D] intent=recovery-policy family=recover action=recover hp=42 gate=55 source=lane-low'
08/29 18:31:45 [Localization System] CLocalize::FindSafe failed to localize: 'AIB[D] intent=state-recover-xp family=state ttl=2 reason=regen_lane hp=42 dist=555'
08/29 18:31:46 [Localization System] CLocalize::FindSafe failed to localize: 'AIB[R] intent=tick-owner family=other stage=laning-core'
08/29 18:31:46 [Localization System] CLocalize::FindSafe failed to localize: 'AIB[R] intent=channel-interrupt family=fight dist=828 hp=75 kind=heal reason=enemy_heal'
08/29 18:31:46 [Localization System] CLocalize::FindSafe failed to localize: 'AIB[D] blocked=recovery-buy reason=item_checkpoint item=item_bottle hp=43 gold=548 cost=675 spend=100'
08/29 18:31:46 [Localization System] CLocalize::FindSafe failed to localize: 'AIB[D] intent=recovery-plan family=recover action=buy_item_flask reason=checkpoint_block item=item_bottle hp=43 gold=548'
08/29 18:31:46 [Localization System] CLocalize::FindSafe failed to localize: 'AIB[D] intent=recovery-owner family=recover band=soft threat=true mode=safe-step hp=43'
08/29 18:31:46 [Localization System] CLocalize::FindSafe failed to localize: 'AIB[D] intent=top-arbiter family=state winner=recover:92 losers=safe-cs:56,hero-over-creep:52,idle-heal:46,emergency-retreat:45,fwd-pullback:44'
08/29 18:31:46 [Localization System] CLocalize::FindSafe failed to localize: 'AIB[D] blocked=fight reason=concede_post_death hp=44'
08/29 18:31:46 [Localization System] CLocalize::FindSafe failed to localize: 'AIB[D] blocked=recover-candidate reason=no_action_capped hp=44 score=44'
08/29 18:31:46 [Localization System] CLocalize::FindSafe failed to localize: 'AIB[D] blocked=hero-over-creep reason=no_target'
08/29 18:31:46 [Localization System] CLocalize::FindSafe failed to localize: 'AIB[D] blocked=emergency-kill reason=no_target'
08/29 18:31:46 [Localization System] CLocalize::FindSafe failed to localize: 'AIB[D] blocked=harass reason=regen_wanted'
08/29 18:31:46 [Localization System] CLocalize::FindSafe failed to localize: 'AIB[D] intent=cs-watchdog family=farm lh=10 idle=48 creep_hp=368 dist=672'
08/29 18:31:47 [Localization System] CLocalize::FindSafe failed to localize: 'AIB[D] blocked=ability-harass reason=nothing_castable'
08/29 18:31:47 [Localization System] CLocalize::FindSafe failed to localize: 'AIB[D] t=271s hp=46% gold=549 loc=161,313 enemy-dist=660 lh=10 dn=0 dg=+43 dlh=+1 bottle=-1 lvl=4 front=9794 ehp=76'
08/29 18:31:47 [Localization System] CLocalize::FindSafe failed to localize: 'AIB[D] blocked=fight-candidate reason=no_action_capped hp=46 score=40'
08/29 18:31:47 [Localization System] CLocalize::FindSafe failed to localize: 'AIB[D] intent=tick-owner family=other stage=laning-core'
08/29 18:31:47 [Localization System] CLocalize::FindSafe failed to localize: 'AIB[D] blocked=hero-prio-chase reason=lane_work dist=578 cs=false creep=true hp_adv=false kill_pressure=false close=false low_farm=false lane_override=false'
08/29 18:31:47 [Localization System] CLocalize::FindSafe failed to localize: 'AIB[D] blocked=harass reason=no_target'
08/29 18:31:47 [Localization System] CLocalize::FindSafe failed to localize: 'AIB[D] intent=damage-by-source family=other creep=710 tower=0 hero=2082 mixed=326 death=34 other=191 stale=69 gaps=2'
08/29 18:31:48 [Localization System] CLocalize::FindSafe failed to localize: 'AIB[D] blocked=uphill-repo reason=not_trading'
08/29 18:31:48 [Localization System] CLocalize::FindSafe failed to localize: 'AIB[D] intent=top-arbiter family=state winner=wave-watch:10 losers=safe-cs:56,hero-over-creep:52,idle-heal:46,emergency-retreat:45,fwd-pullback:44'
08/29 18:31:48 [Localization System] CLocalize::FindSafe failed to localize: 'AIB[R] t=273s hp=59% gold=505 loc=-62,-210 enemy-dist=548 lh=21 dn=2 dg=+87 dlh=+2 bottle=0 lvl=5 front=8887 ehp=51'
08/29 18:31:48 [Localization System] CLocalize::FindSafe failed to localize: 'AIB[R] anti-idle-enter=21 anti-idle-lane=12 anti-idle-lowhp-back=2 bottle-heal=4 bottle-rune=2 channel-interrupt-atk=18 channel-interrupt-chase=15 creep-aggro-back=3 creep-aggro-hero-yield=11 creep-aggro-hit=15 creep-dmg=6 creep-hit-react-atk=15 creep-hit-react-step=10 cs-wait-release=28 cs-wait=15 cs-walk-gap-large=26 cs-walk-gap-small=60 cs-walk-inrange=10 cs-walk-into-pack=33 cs-walk=96 cs-watchdog-atk=2 cs-watchdog-step=11 deny-act-atk=23 deny-act-walk=16 deny-act=39 deny-cand-doomed=29 deny-cand-tanky=157 dw-active=3 dw-farm=24 dw-fwd=1 dw-tower-step=6 fight-hp-behind=5 fwd-at-position=5 fwd-hold=1 fwd-position=1 fwd-suppressed-creep=21 fwd-suppressed-cs=4 fwd-suppressed-empty=4 fwd-suppressed-hero=9 fwd-suppressed-lowhp=2 fwd-suppressed-motor=16 fwd-suppressed-recovery=3 fwd-suppressed-rune=1 fwd-suppressed-tower=6 fwd-suppressed-visual=3 fwd-suppressed-watchdog=2 harass-seek=5 heal-item=1 hero-contact-atk=27 hero-contact-chase=6 hero-over-creep=8 hero-pass-atk=9 hero-pass-chase=4 idle=8 kill-lock-atk=5 kill-lock-chase=1 kill-priority=25 killwin-atk=26 killwin-scan=901 lane-line-fallback=106 lane-line-suppressed-creep-dmg=1 lane-line-suppressed-creep=9 lane-line-suppressed-empty=8 lane-line-suppressed-heal=11 lane-line-suppressed-lowhp=11 lane-line-suppressed-motor=3 lane-line-suppressed-recovery=1 last-hit-urgent=61 low-hp-limit=4 melee-pack-release=14 melee-pack-space=18 no-dive=1 own-ranged-stepback=1 pre-aig=21 precreep-anchor=49 precreep-hold=3 precreep-park-hold=13 precreep-park=154 precreep-space=2 prewave-defend=2 prewave-free-hit=87 recover-xp=9 recovery-bottle-active=4 recovery-buy=3 recovery-enemy-near=220 recovery-flask=3 recovery-regen=7 recovery-tango=1 regen-walk=2 siege-commit-tower=21 siege-step=4 siege-terminal-tower=47 tango-heal=2 tower-aggro-drop=4 uphill-reposition=6 uphill-void-under-fire=13 visual-hold-creep-step=1 visual-hold-creep=20 visual-hold-lane=1 visual-hold-still=1 wave-watch-atk=17 wave-watch-no-wave=16 wave-watch-step=102 wave-watch=16'
08/29 18:31:48 [Localization System] CLocalize::FindSafe failed to localize: 'AIB[R] blocked=channel-interrupt reason=unsafe dist=548 hp=59 kind=heal'
08/29 18:31:48 [Localization System] CLocalize::FindSafe failed to localize: 'AIB[R] intent=state-desire-fight family=state base=78 range=18 execute=20 dist=548 hp=59 ehp=51 reason=enemy_seen score=116'
08/29 18:31:48 [Localization System] CLocalize::FindSafe failed to localize: 'AIB[R] blocked=ability-pressure reason=nothing_castable'
08/29 18:31:48 [Localization System] CLocalize::FindSafe failed to localize: 'AIB[R] intent=top-arbiter family=state winner=fight:116 losers=safety:116,hero-over-creep:52,idle-heal:46,emergency-retreat:45,fwd-pullback:44'
08/29 18:31:48 [Localization System] CLocalize::FindSafe failed to localize: 'AIB[R] intent=tick-owner family=other stage=desire/fight base=78 range=18 execute=20 dist=548 hp=59 ehp=51 reason=enemy_seen score=116'
08/29 18:31:48 [Localization System] CLocalize::FindSafe failed to localize: 'AIB[D] intent=state-desire-recover family=state base=74 hp=41 reason=hp_gate score=74'
08/29 18:31:48 [Localization System] CLocalize::FindSafe failed to localize: 'AIB[D] intent=recovery-policy family=recover action=recover hp=41 gate=55 source=lane-low'
08/29 18:31:48 [Localization System] CLocalize::FindSafe failed to localize: 'AIB[D] intent=state-recover-xp family=state ttl=2 reason=regen_lane hp=41 dist=299'
08/29 18:31:48 [Localization System] CLocalize::FindSafe failed to localize: 'AIB[R] intent=kill-lock family=fight dist=546 ehp=41 hp=38 exec=false atk=true mutual=false reason=killable_enemy'
08/29 18:31:48 [Localization System] CLocalize::FindSafe failed to localize: 'AIB[R] blocked=hero-contact reason=refractory since=0.30'
08/29 18:31:48 [Localization System] CLocalize::FindSafe failed to localize: 'AIB[R] blocked=creep-aggro reason=hero_trading hp=42 hits=1'
08/29 18:31:48 [Localization System] CLocalize::FindSafe failed to localize: 'AIB[R] intent=arbiter family=fight winner=creep-aggro:95 losers=hero-pass:60'
08/29 18:31:48 [Localization System] CLocalize::FindSafe failed to localize: 'AIB[R] intent=creep-aggro family=safety hp=42 dest=-1296,-1161 reason=recent_creep_damage'
08/29 18:31:48 [Localization System] CLocalize::FindSafe failed to localize: 'AIB[R] blocked=buy-loop reason=saving target=item_power_treads head=item_boots cost=500 gold=406 left=3'
08/29 18:31:48 [Localization System] CLocalize::FindSafe failed to localize: 'AIB[R] blocked=safety-candidate reason=no_action_capped hp=42 score=44'
08/29 18:31:49 [Localization System] CLocalize::FindSafe failed to localize: 'AIB[R] blocked=hero-over-creep reason=no_target'
08/29 18:31:49 [Localization System] CLocalize::FindSafe failed to localize: 'AIB[R] blocked=bottle-rune reason=no_close_rune max=1900 waterMax=4700 nearest=inf water=inf mid=139'
08/29 18:31:49 [Localization System] CLocalize::FindSafe failed to localize: 'AIB[R] intent=state-recover-xp family=state ttl=2 reason=regen_lane hp=42 dist=1081'
08/29 18:31:49 [Localization System] CLocalize::FindSafe failed to localize: 'AIB[D] blocked=safety-candidate reason=no_action_capped hp=41 score=44'
08/29 18:31:49 [Localization System] CLocalize::FindSafe failed to localize: 'AIB[D] intent=recovery-owner family=recover band=soft threat=true mode=back hp=41'
08/29 18:31:49 [Localization System] CLocalize::FindSafe failed to localize: 'AIB[R] blocked=recovery-rune-bottle reason=no_close_rune max=3600 waterMax=4700 nearest=inf water=inf mid=147'
08/29 18:31:49 [Localization System] CLocalize::FindSafe failed to localize: 'AIB[R] intent=recovery-plan family=recover action=back reason=post_fight_regen hp=42'
08/29 18:31:49 [Localization System] CLocalize::FindSafe failed to localize: 'AIB[R] blocked=emergency-kill reason=no_target'
08/29 18:31:49 [Localization System] CLocalize::FindSafe failed to localize: 'AIB[R] blocked=uphill-repo reason=no_reposition'
08/29 18:31:49 [Localization System] CLocalize::FindSafe failed to localize: 'AIB[R] blocked=harass reason=no_target'
08/29 18:31:49 [Localization System] CLocalize::FindSafe failed to localize: 'AIB[R] intent=state-desire-recover family=state base=74 creep_dmg=-14 enemy_dead=-20 hp=42 reason=hp_gate score=40'
08/29 18:31:49 [Localization System] CLocalize::FindSafe failed to localize: 'AIB[R] intent=recovery-policy family=recover action=recover hp=42 gate=55 source=lane-low'
08/29 18:31:49 [Localization System] CLocalize::FindSafe failed to localize: 'AIB[R] intent=recovery-owner family=recover band=soft threat=true mode=safe-step hp=42'
08/29 18:31:49 [Localization System] CLocalize::FindSafe failed to localize: 'AIB[D] anti-afk-lane=1 anti-afk-no-chase=2 anti-idle-combat=3 anti-idle-creep-walk=1 anti-idle-enter=25 anti-idle-lane=14 anti-idle-lowhp-back=7 channel-interrupt-atk=33 channel-interrupt-chase=15 creep-aggro-back=5 creep-aggro-hero-yield=9 creep-aggro-hit=35 creep-dmg=7 creep-hit-react-atk=10 creep-hit-react-step=15 critical-recover-hold=5 cs-wait-release=8 cs-wait=8 cs-walk-gap-large=13 cs-walk-gap-small=10 cs-walk-inrange=4 cs-walk-into-pack=5 cs-walk=27 cs-watchdog-atk=1 cs-watchdog-step=8 cw-push-cs-step=2 cw-push=132 deny-act-atk=2 deny-act-walk=22 deny-act=24 deny-cand-doomed=6 deny-cand-tanky=66 fight-hp-behind=17 fountain-trip-release=2 fwd-at-position=5 fwd-hold=1 fwd-lowhp-pull=1 fwd-position=1 fwd-suppressed-creep=8 fwd-suppressed-cs=2 fwd-suppressed-empty=1 fwd-suppressed-hero=4 fwd-suppressed-lowhp=4 fwd-suppressed-motor=15 fwd-suppressed-recovery=5 fwd-suppressed-tower=9 fwd-suppressed-visual=4 heal-blocked-damage=1 heal-inflight-back=4 heal-inflight-hold=1 heal-item=6 heal-want=7 hero-contact-atk=31 hero-contact-chase=4 hero-over-creep=10 hero-pass-atk=17 hero-pass-chase=3 hero-prio-always=4 hero-prio-chase-hold=9 hero-prio-chase=28 idle=15 killwin-scan=1136 lane-line-fallback=36 lane-line-suppressed-creep=1 lane-line-suppressed-heal=8 lane-line-suppressed-lowhp=19 lane-line-suppressed-motor=2 last-hit-urgent=53 low-hp-creep=16 low-hp-limit=12 melee-pack-release=12 melee-pack-space=19 own-ranged-stepback=1 pre-aig=25 precreep-anchor=29 precreep-hold=2 precreep-park-hold=12 precreep-park=185 precreep-space=4 prewave-duel-approach=31 prewave-duel-trade=92 recover-safe=16 recover-xp=21 recovery-buy-critical=2 recovery-buy=2 recovery-enemy-near=167 recovery-regen=12 recovery-tango=3 recovery-yield=2 regen-walk=25 uphill-reposition=1 uphill-void-under-fire=2 visual-hold-creep=2 visual-hold-lane=6 wave-watch-atk=2 wave-watch-no-wave=21 wave-watch-step=44 wave-watch=10'
08/29 18:31:49 [Localization System] CLocalize::FindSafe failed to localize: 'AIB[R] blocked=creep-hit-react reason=recovery_commit hp=42 band=soft'
08/29 18:31:49 [Localization System] CLocalize::FindSafe failed to localize: 'AIB[D] intent=tick-owner family=other stage=laning-core'
08/29 18:31:49 [Localization System] CLocalize::FindSafe failed to localize: 'AIB[D] intent=recovery-plan family=recover action=back reason=post_fight_regen hp=41'
08/29 18:31:49 [Localization System] CLocalize::FindSafe failed to localize: 'AIB[D] intent=top-arbiter family=state winner=recover:92 losers=safe-cs:56,hero-over-creep:52,idle-heal:46,emergency-retreat:45,fwd-pullback:44'
08/29 18:31:49 [Localization System] CLocalize::FindSafe failed to localize: 'AIB[R] intent=top-arbiter family=state winner=recover:58 losers=safe-cs:56,hero-over-creep:52,idle-heal:46,emergency-retreat:45,fwd-pullback:44'
08/29 18:31:50 [Localization System] CLocalize::FindSafe failed to localize: 'AIB[D] intent=state-desire-recover family=state base=74 hp=42 hyst=18 reason=hp_gate score=92'
08/29 18:31:50 [Localization System] CLocalize::FindSafe failed to localize: 'AIB[R] intent=damage-by-source family=other creep=346 tower=129 hero=1169 mixed=372 death=0 other=0 stale=536 gaps=6'
08/29 18:31:50 [Localization System] CLocalize::FindSafe failed to localize: 'AIB[R] intent=state-desire-last-hit family=farm dist=346 reason=killable_creep score=140'
08/29 18:31:50 [Localization System] CLocalize::FindSafe failed to localize: 'AIB[R] intent=tick-owner family=other stage=laning-core'
08/29 18:31:50 [Localization System] CLocalize::FindSafe failed to localize: 'AIB[D] blocked=recover-candidate reason=no_action_capped hp=42 score=44'
08/29 18:31:50 [Localization System] CLocalize::FindSafe failed to localize: 'AIB[D] blocked=hero-over-creep reason=no_target'
08/29 18:31:50 [Localization System] CLocalize::FindSafe failed to localize: 'AIB[D] blocked=emergency-kill reason=no_target'
08/29 18:31:50 [Localization System] CLocalize::FindSafe failed to localize: 'AIB[D] blocked=uphill-repo reason=low_hp_hold'
08/29 18:31:50 [Localization System] CLocalize::FindSafe failed to localize: 'AIB[D] blocked=harass reason=regen_wanted'
08/29 18:31:50 [Localization System] CLocalize::FindSafe failed to localize: 'AIB[D] blocked=ability-harass reason=nothing_castable'
08/29 18:31:50 [Localization System] CLocalize::FindSafe failed to localize: 'AIB[R] blocked=uphill-repo reason=motor_busy'
08/29 18:31:50 [Localization System] CLocalize::FindSafe failed to localize: 'AIB[R] intent=state-desire-recover family=state base=74 creep_dmg=-14 enemy_dead=-20 hp=41 reason=hp_gate score=40'
08/29 18:31:51 [Localization System] CLocalize::FindSafe failed to localize: 'invalid index'
08/29 18:31:51 [Localization System] CLocalize::FindSafe failed to localize: 'AIB[R] intent=recovery-policy family=recover action=recover hp=41 gate=55 source=lane-low'
08/29 18:31:51 [Localization System] CLocalize::FindSafe failed to localize: 'AIB[D] intent=top-arbiter family=state winner=anti-idle:2 losers=safe-cs:56,hero-over-creep:52,idle-heal:46,emergency-retreat:45,fwd-pullback:44'
08/29 18:31:51 [Localization System] CLocalize::FindSafe failed to localize: 'AIB[D] intent=tick-owner family=other stage=laning-core'
08/29 18:31:51 [Localization System] CLocalize::FindSafe failed to localize: 'AIB[R] blocked=recover-candidate reason=no_action_capped hp=41 score=44'
08/29 18:31:51 [Localization System] CLocalize::FindSafe failed to localize: 'AIB[R] blocked=ability-harass reason=nothing_castable'
08/29 18:31:51 [Localization System] CLocalize::FindSafe failed to localize: 'AIB[R] intent=top-arbiter family=state winner=anti-idle:2 losers=safe-cs:56,hero-over-creep:52,idle-heal:46,emergency-retreat:45,fwd-pullback:44'
08/29 18:31:52 [Localization System] CLocalize::FindSafe failed to localize: 'AIB[R] blocked=hero-over-creep reason=no_target'
08/29 18:31:52 [Localization System] CLocalize::FindSafe failed to localize: 'AIB[D] t=277s hp=43% gold=592 loc=757,589 lh=11 dn=0 dg=+43 dlh=+1 bottle=-1 lvl=4 front=8620 ehp=-1'
08/29 18:31:52 [Localization System] CLocalize::FindSafe failed to localize: 'AIB[R] blocked=emergency-kill reason=no_target'
08/29 18:31:52 [Localization System] CLocalize::FindSafe failed to localize: 'AIB[R] blocked=harass reason=no_target'
08/29 18:31:52 [Localization System] CLocalize::FindSafe failed to localize: 'AIB[R] blocked=uphill-repo reason=no_reposition'
08/29 18:31:52 [Localization System] CLocalize::FindSafe failed to localize: 'AIB[R] intent=tick-owner family=other stage=desire/creep-work reason=ready score=39 band=lanework'
08/29 18:31:52 [Localization System] CLocalize::FindSafe failed to localize: 'AIB[R] intent=state-siege-window family=siege ttl=2 wave=1 tower=1571 hp=42 adv=true'
08/29 18:31:52 [Localization System] CLocalize::FindSafe failed to localize: 'AIB[R] intent=tower-opportunity family=siege result=step phase=default wave=1 tower=1571'
08/29 18:31:52 [Localization System] CLocalize::FindSafe failed to localize: 'AIB[D] intent=top-arbiter family=state winner=anti-idle:2 losers=safe-cs:56,hero-over-creep:52,idle-heal:46,emergency-retreat:45,fwd-pullback:44'
08/29 18:31:53 [Localization System] CLocalize::FindSafe failed to localize: 'AIB[R] intent=top-arbiter family=state winner=creep-work:38.8 losers=safe-cs:56,hero-over-creep:52,idle-heal:46,emergency-retreat:45,fwd-pullback:44'
08/29 18:31:53 Script function 'Think' on bot npc_dota_hero_nevermore took 2.267ms
08/29 18:31:53 Script function 'Think' on bot npc_dota_hero_nevermore took 2.456ms
08/29 18:31:53 [Localization System] CLocalize::FindSafe failed to localize: 'AIB[R] t=278s hp=42% gold=499 loc=-458,-358 lh=22 dn=2 dg=-6 dlh=+1 bottle=0 lvl=6 front=9452 ehp=-1'
08/29 18:31:53 [Localization System] CLocalize::FindSafe failed to localize: 'AIB[D] blocked=recover-candidate reason=no_action_capped hp=44 score=44'
08/29 18:31:53 [Localization System] CLocalize::FindSafe failed to localize: 'AIB[D] blocked=hero-over-creep reason=no_target'
08/29 18:31:53 [Localization System] CLocalize::FindSafe failed to localize: 'AIB[D] blocked=emergency-kill reason=no_target'
08/29 18:31:53 [Localization System] CLocalize::FindSafe failed to localize: 'AIB[D] blocked=uphill-repo reason=low_hp_hold'
08/29 18:31:53 [Localization System] CLocalize::FindSafe failed to localize: 'AIB[D] blocked=harass reason=regen_wanted'
08/29 18:31:53 [Localization System] CLocalize::FindSafe failed to localize: 'AIB[D] blocked=ability-harass reason=nothing_castable'
08/29 18:31:53 [Localization System] CLocalize::FindSafe failed to localize: 'invalid index'
08/29 18:31:53 [Localization System] CLocalize::FindSafe failed to localize: 'AIB[D] blocked=buy-tp reason=recent_tp since=20'
08/29 18:31:53 [Localization System] CLocalize::FindSafe failed to localize: 'AIB[D] blocked=buy-loop reason=saving target=item_bottle head=item_bottle cost=675 gold=595 left=1'
08/29 18:31:53 [Localization System] CLocalize::FindSafe failed to localize: 'AIB[D] blocked=recover-candidate reason=no_resources_behind_safe hp=44 score=44'
08/29 18:31:54 [Localization System] CLocalize::FindSafe failed to localize: 'AIB[D] blocked=uphill-repo reason=no_reposition'
08/29 18:31:54 [Localization System] CLocalize::FindSafe failed to localize: 'AIB[D] intent=tick-owner family=other stage=laning-core'
08/29 18:31:54 [Localization System] CLocalize::FindSafe failed to localize: 'AIB[R] intent=recovery-plan family=recover action=back reason=post_fight_regen hp=42'
08/29 18:31:54 [Localization System] CLocalize::FindSafe failed to localize: 'AIB[R] intent=state-recover-xp family=state ttl=5 reason=post_fight_regen hp=42 dist=37'
08/29 18:31:54 [Localization System] CLocalize::FindSafe failed to localize: 'AIB[D] intent=top-arbiter family=state winner=anti-idle:2 losers=safe-cs:56,hero-over-creep:52,idle-heal:46,emergency-retreat:45,fwd-pullback:44'
08/29 18:31:54 [Localization System] CLocalize::FindSafe failed to localize: 'AIB[R] blocked=recover-candidate reason=no_action_capped hp=43 score=44'
08/29 18:31:54 [Localization System] CLocalize::FindSafe failed to localize: 'AIB[R] blocked=ability-harass reason=nothing_castable'
08/29 18:31:54 [Localization System] CLocalize::FindSafe failed to localize: 'AIB[D] intent=recovery-plan family=recover action=back reason=post_fight_regen hp=44'
08/29 18:31:54 [Localization System] CLocalize::FindSafe failed to localize: 'AIB[D] intent=state-recover-xp family=state ttl=5 reason=post_fight_regen hp=44 dist=149'
08/29 18:31:55 [Localization System] CLocalize::FindSafe failed to localize: 'AIB[R] blocked=hero-over-creep reason=no_target'
08/29 18:31:55 [Localization System] CLocalize::FindSafe failed to localize: 'AIB[R] blocked=emergency-kill reason=no_target'
08/29 18:31:55 [Localization System] CLocalize::FindSafe failed to localize: 'AIB[R] blocked=harass reason=no_target'
08/29 18:31:55 [Localization System] CLocalize::FindSafe failed to localize: 'AIB[R] blocked=uphill-repo reason=no_reposition'
08/29 18:31:56 [Localization System] CLocalize::FindSafe failed to localize: 'AIB[R] intent=top-arbiter family=state winner=creep-work:38.8 losers=safe-cs:56,hero-over-creep:52,idle-heal:46,emergency-retreat:45,fwd-pullback:44'
08/29 18:31:56 [Localization System] CLocalize::FindSafe failed to localize: 'AIB[R] intent=tick-owner family=other stage=desire/creep-work reason=ready score=39 band=lanework'
08/29 18:31:56 [Localization System] CLocalize::FindSafe failed to localize: 'AIB[D] blocked=hero-over-creep reason=no_target'
08/29 18:31:56 [Localization System] CLocalize::FindSafe failed to localize: 'AIB[D] blocked=emergency-kill reason=no_target'
08/29 18:31:56 [Localization System] CLocalize::FindSafe failed to localize: 'AIB[D] blocked=harass reason=regen_wanted'
08/29 18:31:56 [Localization System] CLocalize::FindSafe failed to localize: 'AIB[D] blocked=ability-harass reason=nothing_castable'
08/29 18:31:56 [Localization System] CLocalize::FindSafe failed to localize: 'AIB[R] blocked=buy-loop reason=saving target=item_power_treads head=item_belt_of_strength cost=450 gold=4 left=2'
08/29 18:31:57 [Localization System] CLocalize::FindSafe failed to localize: 'AIB[D] blocked=uphill-repo reason=no_reposition'
08/29 18:31:57 [Localization System] CLocalize::FindSafe failed to localize: 'AIB[R] blocked=bottle-rune reason=no_close_rune max=1900 waterMax=4700 nearest=inf water=inf mid=552'
08/29 18:31:57 [Localization System] CLocalize::FindSafe failed to localize: 'AIB[R] blocked=recovery-rune-bottle reason=no_close_rune max=3600 waterMax=4700 nearest=inf water=inf mid=582'
08/29 18:31:57 [Localization System] CLocalize::FindSafe failed to localize: 'AIB[D] t=282s hp=46% gold=600 loc=948,726 enemy-dist=1583 lh=11 dn=0 dg=+8 dlh=+0 bottle=-1 lvl=5 front=8620 ehp=44'
08/29 18:31:57 [Localization System] CLocalize::FindSafe failed to localize: 'AIB[D] blocked=visual-hold reason=empty held=2.0 hp=46 repeat=5 hard=true'
08/29 18:31:57 [Localization System] CLocalize::FindSafe failed to localize: 'AIB[D] intent=top-arbiter family=state winner=visual-hold:20 losers=safe-cs:56,hero-over-creep:52,idle-heal:46,emergency-retreat:45,fwd-pullback:44'
08/29 18:31:57 [Localization System] CLocalize::FindSafe failed to localize: 'AIB[D] intent=tick-owner family=other stage=desire/visual-hold reason=ready score=20 band=position'
08/29 18:31:57 [Localization System] CLocalize::FindSafe failed to localize: 'AIB[R] blocked=recover-candidate reason=no_action_capped hp=44 score=44'
08/29 18:31:57 [Localization System] CLocalize::FindSafe failed to localize: 'AIB[R] intent=recovery-owner family=recover band=soft threat=false mode=fwd-pullback hp=44'
08/29 18:31:57 [Localization System] CLocalize::FindSafe failed to localize: 'AIB[R] intent=top-arbiter family=state winner=fwd-pullback:44 losers=safe-cs:56,hero-over-creep:52,idle-heal:46,emergency-retreat:45,emergency-kill:43.5'
08/29 18:31:57 [Server] PR:IncrementIdleTime 6:[I:0:0] 2.13
08/29 18:31:58 [Localization System] CLocalize::FindSafe failed to localize: 'AIB[R] blocked=hero-over-creep reason=no_target'
08/29 18:31:58 [Localization System] CLocalize::FindSafe failed to localize: 'AIB[R] blocked=uphill-repo reason=motor_busy'
08/29 18:31:58 [Localization System] CLocalize::FindSafe failed to localize: 'AIB[R] blocked=ability-harass reason=nothing_castable'
08/29 18:31:58 [Localization System] CLocalize::FindSafe failed to localize: 'AIB[R] t=283s hp=44% gold=7 loc=-579,-465 lh=22 dn=2 dg=-492 dlh=+0 bottle=0 lvl=6 front=7078 ehp=-1'
08/29 18:31:58 [Localization System] CLocalize::FindSafe failed to localize: 'AIB[R] blocked=emergency-kill reason=no_target'
08/29 18:31:58 [Localization System] CLocalize::FindSafe failed to localize: 'AIB[R] blocked=harass reason=no_target'
08/29 18:31:58 [Localization System] CLocalize::FindSafe failed to localize: 'AIB[R] intent=tick-owner family=other stage=laning-core'
08/29 18:31:58 [Localization System] CLocalize::FindSafe failed to localize: 'AIB[D] blocked=harass reason=no_target'
08/29 18:31:59 [Localization System] CLocalize::FindSafe failed to localize: 'AIB[R] blocked=uphill-repo reason=no_reposition'
08/29 18:31:59 [Localization System] CLocalize::FindSafe failed to localize: 'AIB[R] intent=top-arbiter family=state winner=anti-idle:2 losers=safe-cs:56,hero-over-creep:52,idle-heal:46,emergency-retreat:45,fwd-pullback:44'
08/29 18:31:59 [Localization System] CLocalize::FindSafe failed to localize: 'AIB[D] blocked=hero-over-creep reason=no_target'
08/29 18:31:59 [Localization System] CLocalize::FindSafe failed to localize: 'AIB[D] blocked=emergency-kill reason=no_target'
08/29 18:31:59 [Localization System] CLocalize::FindSafe failed to localize: 'AIB[D] blocked=ability-harass reason=nothing_castable'
08/29 18:32:00 [Localization System] CLocalize::FindSafe failed to localize: 'AIB[D] blocked=uphill-repo reason=no_reposition'
08/29 18:32:00 [Localization System] CLocalize::FindSafe failed to localize: 'AIB[R] blocked=uphill-repo reason=low_hp_hold'
08/29 18:32:00 [Localization System] CLocalize::FindSafe failed to localize: 'AIB[R] intent=tick-owner family=other stage=laning-core'
08/29 18:32:00 [Localization System] CLocalize::FindSafe failed to localize: 'AIB[D] blocked=visual-hold reason=empty held=2.1 hp=48 repeat=6 hard=true'
08/29 18:32:00 [Localization System] CLocalize::FindSafe failed to localize: 'AIB[D] intent=top-arbiter family=state winner=visual-hold:20 losers=safe-cs:56,hero-over-creep:52,idle-heal:46,emergency-retreat:45,fwd-pullback:44'
08/29 18:32:00 [Localization System] CLocalize::FindSafe failed to localize: 'AIB[D] intent=tick-owner family=other stage=desire/visual-hold reason=ready score=20 band=position'
08/29 18:32:00 [Server] PR:IncrementIdleTime 6:[I:0:0] 2.13
08/29 18:32:00 [Localization System] CLocalize::FindSafe failed to localize: 'AIB[R] intent=top-arbiter family=state winner=anti-idle:2 losers=safe-cs:56,hero-over-creep:52,idle-heal:46,emergency-retreat:45,fwd-pullback:44'
08/29 18:32:01 [Localization System] CLocalize::FindSafe failed to localize: 'AIB[R] blocked=hero-over-creep reason=no_target'
08/29 18:32:01 [Localization System] CLocalize::FindSafe failed to localize: 'AIB[R] blocked=ability-harass reason=nothing_castable'
08/29 18:32:01 [Localization System] CLocalize::FindSafe failed to localize: 'AIB[R] blocked=emergency-kill reason=no_target'
08/29 18:32:01 [Localization System] CLocalize::FindSafe failed to localize: 'AIB[R] blocked=harass reason=no_target'
08/29 18:32:01 [Localization System] CLocalize::FindSafe failed to localize: 'AIB[D] blocked=harass reason=no_target'
08/29 18:32:01 [Localization System] CLocalize::FindSafe failed to localize: 'AIB[D] blocked=buy-tp reason=recent_tp since=28'
08/29 18:32:01 [Localization System] CLocalize::FindSafe failed to localize: 'AIB[D] blocked=buy-loop reason=saving target=item_bottle head=item_bottle cost=675 gold=607 left=1'
08/29 18:32:02 [Localization System] CLocalize::FindSafe failed to localize: 'AIB[R] blocked=uphill-repo reason=no_reposition'
08/29 18:32:02 [Localization System] CLocalize::FindSafe failed to localize: 'AIB[D] t=287s hp=49% gold=607 loc=655,507 lh=11 dn=0 dg=+7 dlh=+0 bottle=-1 lvl=5 front=9066 ehp=-1'
08/29 18:32:02 [Localization System] CLocalize::FindSafe failed to localize: 'AIB[R] intent=recovery-plan family=recover action=lane reason=empty_bottle_no_rune hp=46 mana=76'
08/29 18:32:02 [Localization System] CLocalize::FindSafe failed to localize: 'AIB[D] blocked=hero-over-creep reason=no_target'
08/29 18:32:02 [Localization System] CLocalize::FindSafe failed to localize: 'AIB[D] blocked=emergency-kill reason=no_target'
08/29 18:32:02 [Localization System] CLocalize::FindSafe failed to localize: 'AIB[D] blocked=ability-harass reason=nothing_castable'
08/29 18:32:02 [Localization System] CLocalize::FindSafe failed to localize: 'AIB[D] intent=damage-by-source family=other creep=710 tower=0 hero=2156 mixed=326 death=34 other=191 stale=69 gaps=2'
08/29 18:32:02 [Localization System] CLocalize::FindSafe failed to localize: 'AIB[D] intent=top-arbiter family=state winner=anti-idle:2 losers=safe-cs:56,hero-over-creep:52,idle-heal:46,emergency-retreat:45,fwd-pullback:44'
08/29 18:32:02 [Localization System] CLocalize::FindSafe failed to localize: 'AIB[D] intent=tick-owner family=other stage=desire/anti-idle reason=ready score=2 band=idle'
08/29 18:32:03 [Localization System] CLocalize::FindSafe failed to localize: 'AIB[D] blocked=uphill-repo reason=no_reposition'
08/29 18:32:03 [Localization System] CLocalize::FindSafe failed to localize: 'AIB[R] intent=top-arbiter family=state winner=anti-idle:2 losers=safe-cs:56,hero-over-creep:52,idle-heal:46,emergency-retreat:45,fwd-pullback:44'
08/29 18:32:03 [Localization System] CLocalize::FindSafe failed to localize: 'AIB[R] intent=tick-owner family=other stage=laning-core'
08/29 18:32:03 [Localization System] CLocalize::FindSafe failed to localize: 'AIB[R] t=288s hp=47% gold=14 loc=-1357,-1173 lh=22 dn=2 dg=+7 dlh=+0 bottle=0 lvl=6 front=7955 ehp=-1'
08/29 18:32:04 [Localization System] CLocalize::FindSafe failed to localize: 'AIB[R] blocked=hero-over-creep reason=no_target'
08/29 18:32:04 [Localization System] CLocalize::FindSafe failed to localize: 'AIB[R] blocked=ability-harass reason=nothing_castable'
08/29 18:32:04 [Localization System] CLocalize::FindSafe failed to localize: 'AIB[D] intent=top-arbiter family=state winner=anti-idle:2 losers=safe-cs:56,hero-over-creep:52,idle-heal:46,emergency-retreat:45,fwd-pullback:44'
08/29 18:32:04 [Localization System] CLocalize::FindSafe failed to localize: 'AIB[R] blocked=emergency-kill reason=no_target'
08/29 18:32:04 [Localization System] CLocalize::FindSafe failed to localize: 'AIB[R] blocked=harass reason=no_target'
08/29 18:32:04 [Localization System] CLocalize::FindSafe failed to localize: 'AIB[D] blocked=harass reason=no_target'
08/29 18:32:04 [Localization System] CLocalize::FindSafe failed to localize: 'AIB[R] blocked=buy-loop reason=saving target=item_power_treads head=item_belt_of_strength cost=450 gold=16 left=2'
08/29 18:32:05 [Localization System] CLocalize::FindSafe failed to localize: 'AIB[D] intent=tick-owner family=other stage=desire/anti-idle reason=ready score=2 band=idle'
08/29 18:32:05 [Localization System] CLocalize::FindSafe failed to localize: 'AIB[R] blocked=bottle-rune reason=no_close_rune max=1900 waterMax=4700 nearest=inf water=inf mid=689'
08/29 18:32:05 [Localization System] CLocalize::FindSafe failed to localize: 'AIB[R] intent=top-arbiter family=state winner=wave-watch:10 losers=safe-cs:56,hero-over-creep:52,idle-heal:46,emergency-retreat:45,fwd-pullback:44'
08/29 18:32:05 [Localization System] CLocalize::FindSafe failed to localize: 'AIB[R] intent=damage-by-source family=other creep=346 tower=129 hero=1169 mixed=372 death=0 other=0 stale=536 gaps=6'
08/29 18:32:05 [Localization System] CLocalize::FindSafe failed to localize: 'AIB[R] blocked=recovery-rune-bottle reason=no_close_rune max=3600 waterMax=4700 nearest=inf water=inf mid=662'
08/29 18:32:05 [Localization System] CLocalize::FindSafe failed to localize: 'AIB[R] blocked=uphill-repo reason=no_reposition'
08/29 18:32:05 [Localization System] CLocalize::FindSafe failed to localize: 'AIB[R] intent=tick-owner family=other stage=laning-core'
08/29 18:32:05 [Localization System] CLocalize::FindSafe failed to localize: 'AIB[D] blocked=hero-prio-chase reason=lane_work dist=1398 cs=false creep=false hp_adv=false kill_pressure=false close=false low_farm=false lane_override=false'
08/29 18:32:05 [Localization System] CLocalize::FindSafe failed to localize: 'AIB[D] blocked=hero-over-creep reason=no_target'
08/29 18:32:05 [Localization System] CLocalize::FindSafe failed to localize: 'AIB[D] blocked=emergency-kill reason=no_target'
08/29 18:32:05 [Localization System] CLocalize::FindSafe failed to localize: 'AIB[D] blocked=ability-harass reason=nothing_castable'
08/29 18:32:06 [Localization System] CLocalize::FindSafe failed to localize: 'AIB[D] intent=melee-pack-space family=safety count=2 dist=125'
08/29 18:32:06 [Localization System] CLocalize::FindSafe failed to localize: 'AIB[D] intent=top-arbiter family=state winner=ranged-spacing:41 losers=safe-cs:56,hero-over-creep:52,idle-heal:46,emergency-retreat:45,fwd-pullback:44'
08/29 18:32:06 [Localization System] CLocalize::FindSafe failed to localize: 'AIB[R] blocked=uphill-repo reason=not_trading'
08/29 18:32:06 [Localization System] CLocalize::FindSafe failed to localize: 'AIB[D] blocked=uphill-repo reason=no_reposition'
08/29 18:32:06 [Localization System] CLocalize::FindSafe failed to localize: 'AIB[R] intent=top-arbiter family=state winner=wave-watch:10 losers=safe-cs:56,hero-over-creep:52,idle-heal:46,emergency-retreat:45,fwd-pullback:44'
08/29 18:32:07 [Localization System] CLocalize::FindSafe failed to localize: 'AIB[D] intent=tick-owner family=other stage=laning-core'
08/29 18:32:07 [Localization System] CLocalize::FindSafe failed to localize: 'AIB[R] blocked=visual-hold reason=empty held=2.1 hp=49 repeat=2 hard=false'
08/29 18:32:07 [Server] PR:IncrementIdleTime 1:[I:0:0] 2.13
08/29 18:32:07 [Localization System] CLocalize::FindSafe failed to localize: 'AIB[R] blocked=hero-over-creep reason=no_target'
08/29 18:32:07 [Localization System] CLocalize::FindSafe failed to localize: 'AIB[R] blocked=ability-harass reason=nothing_castable'
08/29 18:32:07 [Localization System] CLocalize::FindSafe failed to localize: 'AIB[R] intent=tick-owner family=other stage=desire/wave-watch reason=ready score=10 band=idle'
08/29 18:32:07 [Localization System] CLocalize::FindSafe failed to localize: 'AIB[D] t=292s hp=52% gold=615 loc=-155,-84 enemy-dist=1087 lh=11 dn=0 dg=+8 dlh=+0 bottle=-1 lvl=5 front=9988 ehp=49'
08/29 18:32:07 [Localization System] CLocalize::FindSafe failed to localize: 'AIB[D] intent=top-arbiter family=state winner=harass:40 losers=safe-cs:56,hero-over-creep:52,idle-heal:46,emergency-retreat:45,fwd-pullback:44'
08/29 18:32:07 [Localization System] CLocalize::FindSafe failed to localize: 'AIB[R] blocked=emergency-kill reason=no_target'
08/29 18:32:07 [Localization System] CLocalize::FindSafe failed to localize: 'AIB[R] blocked=harass reason=no_target'
08/29 18:32:07 [Localization System] CLocalize::FindSafe failed to localize: 'AIB[R] intent=melee-pack-space family=safety count=3 dist=135'
08/29 18:32:07 [Localization System] CLocalize::FindSafe failed to localize: 'AIB[D] blocked=uphill-repo reason=motor_busy'
08/29 18:32:07 [Localization System] CLocalize::FindSafe failed to localize: 'AIB[R] blocked=fight-candidate reason=no_action_capped hp=49 score=40'
08/29 18:32:07 [Localization System] CLocalize::FindSafe failed to localize: 'AIB[D] intent=state-desire-fight family=state base=78 execute=20 dist=845 hp=52 ehp=49 reason=enemy_seen score=98'
08/29 18:32:07 [Localization System] CLocalize::FindSafe failed to localize: 'AIB[D] blocked=ability-pressure reason=nothing_castable'
08/29 18:32:07 [Localization System] CLocalize::FindSafe failed to localize: 'AIB[D] blocked=top-arbiter reason=empty_action winner=fight score=98'
08/29 18:32:07 [Localization System] CLocalize::FindSafe failed to localize: 'AIB[D] blocked=recovery-buy reason=item_checkpoint item=item_bottle hp=52 gold=616 cost=675 spend=100'
08/29 18:32:07 [Localization System] CLocalize::FindSafe failed to localize: 'AIB[D] intent=recovery-plan family=recover action=buy_item_flask reason=checkpoint_block item=item_bottle hp=52 gold=616'
08/29 18:32:08 [Localization System] CLocalize::FindSafe failed to localize: 'AIB[D] intent=hero-contact family=fight dist=766 hp=52 reason=close_enemy'
08/29 18:32:08 [Localization System] CLocalize::FindSafe failed to localize: 'AIB[R] intent=top-arbiter family=state winner=wave-watch:10 losers=safe-cs:56,hero-over-creep:52,idle-heal:46,emergency-retreat:45,fwd-pullback:44'
08/29 18:32:08 [Localization System] CLocalize::FindSafe failed to localize: 'AIB[D] blocked=hero-contact reason=refractory since=0.13'
08/29 18:32:08 [Localization System] CLocalize::FindSafe failed to localize: 'AIB[D] intent=melee-pack-space family=safety count=3 dist=147'
08/29 18:32:08 [Localization System] CLocalize::FindSafe failed to localize: 'AIB[R] t=293s hp=49% gold=22 loc=-819,-687 enemy-dist=673 lh=22 dn=2 dg=+8 dlh=+0 bottle=0 lvl=6 front=8518 ehp=28'
08/29 18:32:08 [Localization System] CLocalize::FindSafe failed to localize: 'AIB[R] blocked=kill-lock reason=uphill dist=673 hp=49'
08/29 18:32:08 [Localization System] CLocalize::FindSafe failed to localize: 'AIB[D] intent=recovery-policy family=recover action=recover hp=28 gate=35 source=early-low'
08/29 18:32:08 [Localization System] CLocalize::FindSafe failed to localize: 'AIB[D] intent=state-recover-safe family=state ttl=2 reason=regen_lane hp=28 dist=1755'
08/29 18:32:09 [Localization System] CLocalize::FindSafe failed to localize: 'AIB[D] intent=tick-owner family=other stage=laning-core'
08/29 18:32:09 [Localization System] CLocalize::FindSafe failed to localize: 'AIB[R] intent=cs-watchdog family=farm lh=22 idle=18 creep_hp=27 dist=816'
08/29 18:32:09 [Localization System] CLocalize::FindSafe failed to localize: 'AIB[R] intent=tick-owner family=other stage=laning-core'
08/29 18:32:09 [Localization System] CLocalize::FindSafe failed to localize: 'AIB[R] intent=kill-lock family=fight dist=929 ehp=28 hp=50 exec=false atk=true mutual=false reason=killable_enemy'
08/29 18:32:09 [Localization System] CLocalize::FindSafe failed to localize: 'AIB[D] blocked=buy-tp reason=recent_tp since=36'
08/29 18:32:09 [Localization System] CLocalize::FindSafe failed to localize: 'AIB[D] blocked=buy-loop reason=saving target=item_bottle head=item_bottle cost=675 gold=519 left=1'
08/29 18:32:10 [Localization System] CLocalize::FindSafe failed to localize: 'AIB[D] intent=recovery-plan family=recover action=back reason=post_fight_regen hp=28'
08/29 18:32:10 [Localization System] CLocalize::FindSafe failed to localize: 'AIB[D] intent=state-recover-xp family=state ttl=5 reason=post_fight_regen hp=28 dist=234'
08/29 18:32:10 [Localization System] CLocalize::FindSafe failed to localize: 'AIB[R] intent=state-desire-last-hit family=farm dist=433 reason=killable_creep score=140'
08/29 18:32:10 [Localization System] CLocalize::FindSafe failed to localize: 'AIB[R] intent=top-arbiter family=state winner=last-hit:140 losers=safe-cs:56,hero-over-creep:52,cs-inrange:50,idle-heal:46,emergency-retreat:45'
08/29 18:32:10 [Server] Game code (account 0) tried to execute invalid order (19). Target NPC is dead.
08/29 18:32:10 [Localization System] CLocalize::FindSafe failed to localize: 'AIB[R] blocked=uphill-repo reason=no_reposition'
08/29 18:32:10 [Localization System] CLocalize::FindSafe failed to localize: 'AIB[R] blocked=hero-over-creep reason=no_target'
08/29 18:32:10 [Localization System] CLocalize::FindSafe failed to localize: 'AIB[R] intent=recovery-plan family=recover action=lane reason=empty_bottle_no_rune hp=50 mana=45'
08/29 18:32:10 [Localization System] CLocalize::FindSafe failed to localize: 'AIB[R] blocked=ability-harass reason=nothing_castable'
08/29 18:32:10 [Localization System] CLocalize::FindSafe failed to localize: 'AIB[R] blocked=emergency-kill reason=no_target'
08/29 18:32:10 [Localization System] CLocalize::FindSafe failed to localize: 'AIB[R] blocked=harass reason=no_target'
08/29 18:32:10 [Localization System] CLocalize::FindSafe failed to localize: 'AIB[D] intent=recovery-policy family=recover action=recover hp=29 gate=35 source=early-low'
08/29 18:32:11 [Localization System] CLocalize::FindSafe failed to localize: 'AIB[D] intent=tick-owner family=other stage=laning-core'
08/29 18:32:11 [Localization System] CLocalize::FindSafe failed to localize: 'AIB[R] intent=tick-owner family=other stage=laning-core'
08/29 18:32:11 [Localization System] CLocalize::FindSafe failed to localize: 'AIB[R] intent=state-desire-last-hit family=farm dist=552 hyst=18 reason=killable_creep score=158'
08/29 18:32:11 [Localization System] CLocalize::FindSafe failed to localize: 'AIB[R] intent=top-arbiter family=state winner=last-hit:158 losers=safe-cs:56,hero-over-creep:52,idle-heal:46,emergency-retreat:45,fwd-pullback:44'
08/29 18:32:12 Script function 'GetDesire' on bot npc_dota_hero_nevermore took 2.130ms
08/29 18:32:12 [Localization System] CLocalize::FindSafe failed to localize: 'AIB[D] t=297s hp=30% gold=422 loc=120,198 enemy-dist=985 lh=11 dn=0 dg=-193 dlh=+0 bottle=-1 lvl=5 front=9640 ehp=51'
08/29 18:32:12 [Localization System] CLocalize::FindSafe failed to localize: 'AIB[R] blocked=buy-loop reason=saving target=item_power_treads head=item_belt_of_strength cost=450 gold=99 left=2'
08/29 18:32:12 [Localization System] CLocalize::FindSafe failed to localize: 'AIB[D] intent=recovery-policy family=recover action=recover hp=30 gate=35 source=early-low'
08/29 18:32:13 [Localization System] CLocalize::FindSafe failed to localize: 'AIB[D] intent=state-recover-xp family=state ttl=2 reason=regen_lane hp=30 dist=619'
08/29 18:32:13 [Localization System] CLocalize::FindSafe failed to localize: 'AIB[D] intent=tick-owner family=other stage=laning-core'
08/29 18:32:13 [Server] PR:IncrementIdleTime 6:[I:0:0] 2.63
08/29 18:32:14 Script function 'Think' on bot npc_dota_hero_nevermore took 2.069ms
08/29 18:32:14 [Localization System] CLocalize::FindSafe failed to localize: 'AIB[R] t=299s hp=52% gold=101 loc=-275,-183 enemy-dist=869 lh=24 dn=3 dg=+79 dlh=+2 bottle=0 lvl=6 front=9396 ehp=31'
08/29 18:32:14 [Localization System] CLocalize::FindSafe failed to localize: 'AIB[R] blocked=kill-lock reason=chase_into_tower dist=869 ehp=31'
08/29 18:32:14 [Localization System] CLocalize::FindSafe failed to localize: 'AIB[R] intent=recovery-yield-kill family=fight dist=869 hp=52 ehp=31 exec=false atk=true mutual=false'
08/29 18:32:14 [Localization System] CLocalize::FindSafe failed to localize: 'AIB[R] intent=state-desire-fight family=state base=78 hp_adv=8 execute=20 dist=869 hp=52 ehp=31 reason=enemy_seen score=106'
08/29 18:32:14 [Localization System] CLocalize::FindSafe failed to localize: 'AIB[R] blocked=ability-pressure reason=nothing_castable'
08/29 18:32:14 [Localization System] CLocalize::FindSafe failed to localize: 'AIB[R] blocked=top-arbiter reason=empty_action winner=fight score=106'
08/29 18:32:14 [Localization System] CLocalize::FindSafe failed to localize: 'AIB[R] blocked=hero-over-creep reason=no_target'
08/29 18:32:14 [Localization System] CLocalize::FindSafe failed to localize: 'AIB[R] blocked=bottle-rune reason=no_close_rune max=1900 waterMax=4700 nearest=inf water=inf mid=566'
08/29 18:32:14 [Localization System] CLocalize::FindSafe failed to localize: 'AIB[R] intent=recovery-plan family=recover action=buy_flask reason=critical hp=52 gold=101 count=1'
08/29 18:32:14 [Localization System] CLocalize::FindSafe failed to localize: 'AIB[R] blocked=emergency-kill reason=no_target'
08/29 18:32:14 [Localization System] CLocalize::FindSafe failed to localize: 'AIB[R] blocked=uphill-repo reason=no_reposition'
08/29 18:32:14 [Localization System] CLocalize::FindSafe failed to localize: 'AIB[R] blocked=harass reason=no_target'
08/29 18:32:14 [Localization System] CLocalize::FindSafe failed to localize: 'AIB[R] blocked=siege reason=desire_or_hp hp=52 adv=false'
08/29 18:32:14 [Localization System] CLocalize::FindSafe failed to localize: 'AIB[R] intent=tower-opportunity family=siege result=blocked_desire_or_hp wave=2 hp=52 adv=false'
08/29 18:32:14 [Localization System] CLocalize::FindSafe failed to localize: 'AIB[R] blocked=ability-harass reason=nothing_castable'
08/29 18:32:14 [Localization System] CLocalize::FindSafe failed to localize: 'AIB[R] intent=top-arbiter family=state winner=anti-idle:2 losers=fight:106,safe-cs:56,hero-over-creep:52,idle-heal:46,emergency-retreat:45'
08/29 18:32:14 [Localization System] CLocalize::FindSafe failed to localize: 'AIB[R] intent=tick-owner family=other stage=desire/anti-idle reason=ready score=2 band=idle'
08/29 18:32:14 [Localization System] CLocalize::FindSafe failed to localize: 'AIB[R] blocked=siege-candidate reason=no_action_capped hp=52 score=42'
08/29 18:32:14 [Localization System] CLocalize::FindSafe failed to localize: 'AIB[D] intent=recovery-policy family=recover action=recover hp=31 gate=35 source=early-low'
08/29 18:32:15 [Localization System] CLocalize::FindSafe failed to localize: 'AIB[R] blocked=recovery-rune-bottle reason=no_close_rune max=3600 waterMax=4700 nearest=inf water=inf mid=400'
08/29 18:32:15 [Localization System] CLocalize::FindSafe failed to localize: 'AIB[D] intent=recovery-plan family=recover action=back reason=post_fight_regen hp=32'
08/29 18:32:15 [Localization System] CLocalize::FindSafe failed to localize: 'AIB[D] intent=recovery-owner family=recover band=soft threat=false mode=back hp=32'
08/29 18:32:15 [Localization System] CLocalize::FindSafe failed to localize: 'AIB[D] intent=tick-owner family=other stage=laning-core'
08/29 18:32:15 [Localization System] CLocalize::FindSafe failed to localize: 'AIB[R] intent=recovery-yield-kill family=fight dist=1005 hp=52 ehp=30 exec=false atk=true mutual=false'
08/29 18:32:15 [Localization System] CLocalize::FindSafe failed to localize: 'AIB[R] intent=top-arbiter family=state winner=anti-idle:2 losers=safe-cs:56,hero-over-creep:52,idle-heal:46,emergency-retreat:45,fwd-pullback:44'
08/29 18:32:16 [Localization System] CLocalize::FindSafe failed to localize: 'AIB[R] blocked=kill-lock reason=tower dist=1060 hp=53'
08/29 18:32:16 [Localization System] CLocalize::FindSafe failed to localize: 'AIB[R] intent=tick-owner family=other stage=desire/anti-idle reason=ready score=2 band=idle'
08/29 18:32:16 [Localization System] CLocalize::FindSafe failed to localize: 'AIB[D] intent=state-recover-xp family=state ttl=2 reason=no_resources hp=30 dist=1042'
08/29 18:32:17 [Localization System] CLocalize::FindSafe failed to localize: 'AIB[D] intent=recovery-policy family=recover action=recover hp=30 gate=35 source=early-low'
08/29 18:32:17 [Localization System] CLocalize::FindSafe failed to localize: 'AIB[D] intent=critical-recovery family=recover hp=30 dist=118 ttl=4 reason=hold'
08/29 18:32:17 [Localization System] CLocalize::FindSafe failed to localize: 'AIB[D] intent=recovery-owner family=recover band=soft threat=false mode=critical-lock hp=30'
08/29 18:32:17 [Localization System] CLocalize::FindSafe failed to localize: 'AIB[R] blocked=hero-over-creep reason=no_target'
08/29 18:32:17 [Localization System] CLocalize::FindSafe failed to localize: 'AIB[R] blocked=emergency-kill reason=no_target'
08/29 18:32:17 [Localization System] CLocalize::FindSafe failed to localize: 'AIB[R] blocked=uphill-repo reason=no_reposition'
08/29 18:32:17 [Localization System] CLocalize::FindSafe failed to localize: 'AIB[R] blocked=harass reason=no_target'
08/29 18:32:17 [Localization System] CLocalize::FindSafe failed to localize: 'AIB[D] t=302s hp=30% gold=430 loc=879,939 enemy-dist=986 lh=11 dn=0 dg=+8 dlh=+0 bottle=-1 lvl=5 front=8620 ehp=53'
08/29 18:32:17 [Localization System] CLocalize::FindSafe failed to localize: 'AIB[D] intent=tick-owner family=other stage=laning-core'
08/29 18:32:17 [Localization System] CLocalize::FindSafe failed to localize: 'AIB[R] intent=recovery-yield-kill family=fight dist=988 hp=53 ehp=30 exec=false atk=true mutual=false'
08/29 18:32:17 [Localization System] CLocalize::FindSafe failed to localize: 'AIB[R] intent=top-arbiter family=state winner=creep-work:38.8 losers=safe-cs:56,hero-over-creep:52,idle-heal:46,emergency-retreat:45,fwd-pullback:44'
08/29 18:32:17 [Localization System] CLocalize::FindSafe failed to localize: 'AIB[R] blocked=siege-candidate reason=no_action_capped hp=53 score=42'
08/29 18:32:17 [Localization System] CLocalize::FindSafe failed to localize: 'AIB[D] blocked=buy-tp reason=recent_tp since=44'
08/29 18:32:17 [Localization System] CLocalize::FindSafe failed to localize: 'AIB[D] blocked=buy-loop reason=saving target=item_bottle head=item_bottle cost=675 gold=431 left=1'
08/29 18:32:18 [Localization System] CLocalize::FindSafe failed to localize: 'AIB[D] intent=damage-by-source family=other creep=730 tower=0 hero=2354 mixed=326 death=34 other=191 stale=69 gaps=2'
08/29 18:32:18 [Localization System] CLocalize::FindSafe failed to localize: 'AIB[R] intent=state-desire-fight family=state base=78 hp_adv=8 execute=20 dist=859 hp=54 ehp=29 reason=enemy_seen score=106'
08/29 18:32:18 [Localization System] CLocalize::FindSafe failed to localize: 'AIB[R] blocked=ability-pressure reason=nothing_castable'
08/29 18:32:18 [Localization System] CLocalize::FindSafe failed to localize: 'AIB[R] blocked=top-arbiter reason=empty_action winner=fight score=106'
08/29 18:32:18 [Localization System] CLocalize::FindSafe failed to localize: 'AIB[R] blocked=ability-harass reason=nothing_castable'
08/29 18:32:18 [Localization System] CLocalize::FindSafe failed to localize: 'AIB[R] intent=tick-owner family=other stage=dive'
08/29 18:32:19 [Localization System] CLocalize::FindSafe failed to localize: 'AIB[D] intent=state-recover-xp family=state ttl=2 reason=no_resources hp=29 dist=1346'
08/29 18:32:19 [Localization System] CLocalize::FindSafe failed to localize: 'AIB[D] intent=recovery-plan family=recover action=wait_safe reason=no_resources hp=29'
08/29 18:32:19 [Localization System] CLocalize::FindSafe failed to localize: 'AIB[D] intent=recovery-policy family=recover action=recover hp=29 gate=35 source=early-low'
08/29 18:32:19 [Localization System] CLocalize::FindSafe failed to localize: 'AIB[D] intent=tick-owner family=other stage=laning-core'
08/29 18:32:19 [Localization System] CLocalize::FindSafe failed to localize: 'AIB[D] intent=recovery-owner family=recover band=soft threat=false mode=watch-step hp=27'
08/29 18:32:20 [Localization System] CLocalize::FindSafe failed to localize: 'AIB[D] intent=critical-recovery family=recover hp=27 dist=93 ttl=1 reason=hold'
08/29 18:32:20 [Localization System] CLocalize::FindSafe failed to localize: 'AIB[R] blocked=buy-loop reason=saving target=item_power_treads head=item_belt_of_strength cost=450 gold=11 left=2'
08/29 18:32:21 [Localization System] CLocalize::FindSafe failed to localize: 'AIB[D] intent=recovery-policy family=recover action=recover hp=24 gate=35 source=early-low'
08/29 18:32:21 [Localization System] CLocalize::FindSafe failed to localize: 'AIB[D] intent=tick-owner family=other stage=laning-core'
08/29 18:32:22 [Localization System] CLocalize::FindSafe failed to localize: 'AIB[D] blocked=recovery-buy reason=fountain_floor_free_heal hp=22 gold=437'
08/29 18:32:22 [Localization System] CLocalize::FindSafe failed to localize: 'AIB[D] t=307s hp=22% gold=438 loc=912,998 lh=11 dn=0 dg=+8 dlh=+0 bottle=-1 lvl=5 front=8620 ehp=-1'
08/29 18:32:23 [Localization System] CLocalize::FindSafe failed to localize: 'AIB[D] intent=recovery-plan family=recover action=water_rune reason=blocked hp=21 mana=54'
08/29 18:32:23 [Localization System] CLocalize::FindSafe failed to localize: 'AIB[D] intent=recovery-policy family=recover action=recover hp=21 gate=22 source=emergency-low'
08/29 18:32:23 [Localization System] CLocalize::FindSafe failed to localize: 'AIB[D] intent=tick-owner family=other stage=laning-core'
08/29 18:32:24 [Server] PR:IncrementIdleTime 6:[I:0:0] 3.73
08/29 18:32:25 [Localization System] CLocalize::FindSafe failed to localize: 'AIB[D] intent=recovery-policy family=recover action=recover hp=20 gate=22 source=emergency-low'
08/29 18:32:25 [Localization System] CLocalize::FindSafe failed to localize: 'AIB[D] intent=tick-owner family=other stage=laning-core'
08/29 18:32:25 [Localization System] CLocalize::FindSafe failed to localize: 'AIB[D] blocked=buy-tp reason=recent_tp since=52'
08/29 18:32:25 [Localization System] CLocalize::FindSafe failed to localize: 'AIB[D] blocked=buy-loop reason=saving target=item_bottle head=item_bottle cost=675 gold=443 left=1'
08/29 18:32:26 [SteamNetSockets] Waited 20.2ms for SteamNetworkingSockets lock [GetSessionConnectionInfo]
08/29 18:32:27 [Localization System] CLocalize::FindSafe failed to localize: 'AIB[D] blocked=heal-item reason=fountain_trip_committed hp=21'
08/29 18:32:27 [Localization System] CLocalize::FindSafe failed to localize: 'AIB[D] t=312s hp=21% gold=445 loc=1771,1616 lh=11 dn=0 dg=+7 dlh=+0 bottle=-1 lvl=5 front=8620 ehp=-1'
08/29 18:32:27 [Localization System] CLocalize::FindSafe failed to localize: 'AIB[D] intent=recovery-policy family=recover action=recover hp=21 gate=22 source=emergency-low'
08/29 18:32:27 [Localization System] CLocalize::FindSafe failed to localize: 'AIB[R] t=312s hp=35% gold=21 loc=-1323,-1147 lh=24 dn=3 dg=-80 dlh=+0 bottle=0 lvl=6 front=7078 ehp=-1'
08/29 18:32:27 [Localization System] CLocalize::FindSafe failed to localize: 'AIB[R] intent=damage-by-source family=other creep=346 tower=129 hero=1169 mixed=372 death=0 other=0 stale=702 gaps=7'
08/29 18:32:27 [Localization System] CLocalize::FindSafe failed to localize: 'AIB[R] blocked=recover-candidate reason=no_action_capped hp=35 score=44'
08/29 18:32:27 [Localization System] CLocalize::FindSafe failed to localize: 'AIB[R] blocked=hero-over-creep reason=no_target'
08/29 18:32:27 [Localization System] CLocalize::FindSafe failed to localize: 'AIB[R] blocked=bottle-rune reason=no_close_rune max=1900 waterMax=4700 nearest=inf water=inf mid=337'
08/29 18:32:27 [Localization System] CLocalize::FindSafe failed to localize: 'AIB[R] blocked=recovery-rune-bottle reason=no_close_rune max=3600 waterMax=4700 nearest=inf water=inf mid=337'
08/29 18:32:27 [Localization System] CLocalize::FindSafe failed to localize: 'AIB[R] intent=recovery-plan family=recover action=lane reason=empty_bottle_no_rune hp=35 mana=52'
08/29 18:32:27 [Localization System] CLocalize::FindSafe failed to localize: 'AIB[R] blocked=emergency-kill reason=no_target'
08/29 18:32:27 [Localization System] CLocalize::FindSafe failed to localize: 'AIB[R] blocked=uphill-repo reason=low_hp_hold'
08/29 18:32:27 [Localization System] CLocalize::FindSafe failed to localize: 'AIB[R] blocked=harass reason=no_target'
08/29 18:32:27 [Localization System] CLocalize::FindSafe failed to localize: 'AIB[R] blocked=ability-harass reason=nothing_castable'
08/29 18:32:27 [Localization System] CLocalize::FindSafe failed to localize: 'AIB[R] intent=top-arbiter family=state winner=anti-idle:2 losers=safe-cs:56,hero-over-creep:52,idle-heal:46,emergency-retreat:45,fwd-pullback:44'
08/29 18:32:27 [Localization System] CLocalize::FindSafe failed to localize: 'AIB[R] intent=tick-owner family=other stage=desire/anti-idle reason=ready score=2 band=idle'
08/29 18:32:27 [Localization System] CLocalize::FindSafe failed to localize: 'AIB[D] intent=tick-owner family=other stage=laning-core'
08/29 18:32:28 [Localization System] CLocalize::FindSafe failed to localize: 'AIB[R] blocked=buy-loop reason=saving target=item_power_treads head=item_belt_of_strength cost=450 gold=23 left=2'
08/29 18:32:29 [Localization System] CLocalize::FindSafe failed to localize: 'AIB[R] blocked=harass reason=own_heal_running'
08/29 18:32:29 [Localization System] CLocalize::FindSafe failed to localize: 'AIB[R] intent=top-arbiter family=state winner=anti-idle:2 losers=safe-cs:56,hero-over-creep:52,idle-heal:46,emergency-retreat:45,fwd-pullback:44'
08/29 18:32:29 [Localization System] CLocalize::FindSafe failed to localize: 'AIB[D] intent=recovery-policy family=recover action=recover hp=23 gate=35 source=early-low'
08/29 18:32:29 [Localization System] CLocalize::FindSafe failed to localize: 'AIB[R] intent=tick-owner family=other stage=desire/anti-idle reason=ready score=2 band=idle'
08/29 18:32:30 [Localization System] CLocalize::FindSafe failed to localize: 'AIB[D] intent=tick-owner family=other stage=laning-core'
08/29 18:32:30 [Localization System] CLocalize::FindSafe failed to localize: 'AIB[R] blocked=cs-watchdog reason=no_creep lh=24 idle=18'
08/29 18:32:30 [Localization System] CLocalize::FindSafe failed to localize: 'AIB[R] blocked=recover-candidate reason=no_action_capped hp=43 score=44'
08/29 18:32:30 [Localization System] CLocalize::FindSafe failed to localize: 'AIB[R] blocked=hero-over-creep reason=no_target'
08/29 18:32:30 [Localization System] CLocalize::FindSafe failed to localize: 'AIB[R] blocked=emergency-kill reason=no_target'
08/29 18:32:30 [Localization System] CLocalize::FindSafe failed to localize: 'AIB[R] blocked=uphill-repo reason=low_hp_hold'
08/29 18:32:30 [Localization System] CLocalize::FindSafe failed to localize: 'AIB[R] blocked=ability-harass reason=nothing_castable'
08/29 18:32:30 [Localization System] CLocalize::FindSafe failed to localize: 'AIB[R] intent=top-arbiter family=state winner=anti-idle:2 losers=safe-cs:56,hero-over-creep:52,idle-heal:46,emergency-retreat:45,fwd-pullback:44'
08/29 18:32:31 [Localization System] CLocalize::FindSafe failed to localize: 'AIB[D] intent=recovery-policy family=recover action=recover hp=25 gate=35 source=early-low'
08/29 18:32:31 [Localization System] CLocalize::FindSafe failed to localize: 'AIB[R] blocked=uphill-repo reason=no_reposition'
08/29 18:32:31 [Localization System] CLocalize::FindSafe failed to localize: 'AIB[R] intent=tick-owner family=other stage=desire/anti-idle reason=ready score=2 band=idle'
08/29 18:32:32 [Localization System] CLocalize::FindSafe failed to localize: 'AIB[D] intent=tick-owner family=other stage=laning-core'
08/29 18:32:32 [Localization System] CLocalize::FindSafe failed to localize: 'AIB[D] blocked=fountain-floor reason=heal_in_hand hp=25 inflight=nil'
08/29 18:32:32 [Localization System] CLocalize::FindSafe failed to localize: 'AIB[D] intent=recovery-plan family=recover action=buy_flask reason=critical hp=26 gold=452 count=2'
08/29 18:32:32 [Localization System] CLocalize::FindSafe failed to localize: 'AIB[R] intent=top-arbiter family=state winner=anti-idle:2 losers=safe-cs:56,hero-over-creep:52,idle-heal:46,emergency-retreat:45,fwd-pullback:44'
08/29 18:32:32 [Localization System] CLocalize::FindSafe failed to localize: 'AIB[D] t=317s hp=27% gold=453 loc=2876,2569 lh=11 dn=0 dg=+8 dlh=+0 bottle=-1 lvl=5 front=9264 ehp=-1'
08/29 18:32:32 [Localization System] CLocalize::FindSafe failed to localize: 'AIB[R] t=317s hp=51% gold=29 loc=-1816,-1504 lh=24 dn=3 dg=+8 dlh=+0 bottle=0 lvl=6 front=7590 ehp=-1'
08/29 18:32:33 [Localization System] CLocalize::FindSafe failed to localize: 'AIB[D] intent=damage-by-source family=other creep=841 tower=0 hero=2354 mixed=326 death=34 other=191 stale=69 gaps=2'
08/29 18:32:33 [Localization System] CLocalize::FindSafe failed to localize: 'AIB[R] blocked=harass reason=own_heal_running'
08/29 18:32:33 [Localization System] CLocalize::FindSafe failed to localize: 'AIB[D] intent=recovery-policy family=recover action=recover hp=32 gate=35 source=early-low'
08/29 18:32:33 [Localization System] CLocalize::FindSafe failed to localize: 'AIB[D] blocked=buy-tp reason=recent_tp since=60'
08/29 18:32:33 [Localization System] CLocalize::FindSafe failed to localize: 'AIB[D] blocked=buy-loop reason=saving target=item_bottle head=item_bottle cost=675 gold=455 left=1'
08/29 18:32:33 [Localization System] CLocalize::FindSafe failed to localize: 'AIB[R] blocked=hero-over-creep reason=no_target'
08/29 18:32:33 [Localization System] CLocalize::FindSafe failed to localize: 'AIB[R] blocked=emergency-kill reason=no_target'
08/29 18:32:33 [Localization System] CLocalize::FindSafe failed to localize: 'AIB[R] blocked=ability-harass reason=nothing_castable'
08/29 18:32:33 [Localization System] CLocalize::FindSafe failed to localize: 'AIB[R] intent=tick-owner family=other stage=desire/anti-idle reason=ready score=2 band=idle'
08/29 18:32:34 [Localization System] CLocalize::FindSafe failed to localize: 'AIB[R] intent=top-arbiter family=state winner=anti-idle:2 losers=hero-over-creep:52,idle-heal:46,emergency-retreat:45,fwd-pullback:44,emergency-kill:43.5'
08/29 18:32:34 [Localization System] CLocalize::FindSafe failed to localize: 'AIB[D] intent=tick-owner family=other stage=laning-core'
08/29 18:32:34 [Localization System] CLocalize::FindSafe failed to localize: 'AIB[D] blocked=recover-candidate reason=no_resources_behind_safe hp=36 score=44'
08/29 18:32:34 [Localization System] CLocalize::FindSafe failed to localize: 'AIB[D] blocked=hero-over-creep reason=no_target'
08/29 18:32:34 [Localization System] CLocalize::FindSafe failed to localize: 'AIB[D] intent=top-arbiter family=state winner=idle-heal:46 losers=safe-cs:56,hero-over-creep:52,emergency-retreat:45,fwd-pullback:44,emergency-kill:43.5'
08/29 18:32:34 [Localization System] CLocalize::FindSafe failed to localize: 'AIB[R] blocked=uphill-repo reason=no_reposition'
08/29 18:32:34 [Localization System] CLocalize::FindSafe failed to localize: 'AIB[D] blocked=emergency-kill reason=disabled'
08/29 18:32:34 [Localization System] CLocalize::FindSafe failed to localize: 'AIB[D] blocked=uphill-repo reason=no_reposition'
08/29 18:32:34 [Localization System] CLocalize::FindSafe failed to localize: 'AIB[D] blocked=harass reason=own_heal_running'
08/29 18:32:34 [Localization System] CLocalize::FindSafe failed to localize: 'AIB[D] blocked=cs-watchdog reason=no_creep lh=11 idle=38'
08/29 18:32:34 [Localization System] CLocalize::FindSafe failed to localize: 'AIB[D] blocked=ability-harass reason=nothing_castable'
08/29 18:32:35 [Localization System] CLocalize::FindSafe failed to localize: 'AIB[R] intent=cs-watchdog family=farm lh=24 idle=23 creep_hp=531 dist=853'
08/29 18:32:35 [Localization System] CLocalize::FindSafe failed to localize: 'AIB[D] blocked=emergency-kill reason=no_target'
08/29 18:32:35 [Localization System] CLocalize::FindSafe failed to localize: 'AIB[R] intent=wave-watch-work family=other lh=24 idle=24 creep_hp=491 dist=738'
08/29 18:32:35 [Localization System] CLocalize::FindSafe failed to localize: 'AIB[R] intent=top-arbiter family=state winner=wave-watch:10 losers=hero-over-creep:52,idle-heal:46,emergency-retreat:45,fwd-pullback:44,emergency-kill:43.5'
08/29 18:32:35 [Localization System] CLocalize::FindSafe failed to localize: 'AIB[R] blocked=bottle-rune reason=no_close_rune max=1900 waterMax=4700 nearest=inf water=inf mid=627'
08/29 18:32:35 [Localization System] CLocalize::FindSafe failed to localize: 'AIB[R] blocked=recovery-rune-bottle reason=no_close_rune max=3600 waterMax=4700 nearest=inf water=inf mid=627'
08/29 18:32:35 [Localization System] CLocalize::FindSafe failed to localize: 'AIB[R] intent=recovery-plan family=recover action=lane reason=empty_bottle_no_rune hp=62 mana=55'
08/29 18:32:36 [Localization System] CLocalize::FindSafe failed to localize: 'AIB[R] intent=tick-owner family=other stage=laning-core'
08/29 18:32:36 [Localization System] CLocalize::FindSafe failed to localize: 'AIB[D] intent=top-arbiter family=state winner=anti-idle:2 losers=safe-cs:56,hero-over-creep:52,idle-heal:46,emergency-retreat:45,fwd-pullback:44'
08/29 18:32:36 [Localization System] CLocalize::FindSafe failed to localize: 'AIB[D] intent=tick-owner family=other stage=laning-core'
08/29 18:32:36 [Localization System] CLocalize::FindSafe failed to localize: 'AIB[R] intent=melee-pack-space family=safety count=2 dist=132'
08/29 18:32:36 [Localization System] CLocalize::FindSafe failed to localize: 'AIB[R] blocked=buy-loop reason=saving target=item_power_treads head=item_belt_of_strength cost=450 gold=35 left=2'
08/29 18:32:36 [Localization System] CLocalize::FindSafe failed to localize: 'AIB[R] blocked=hero-over-creep reason=no_target'
08/29 18:32:36 [Localization System] CLocalize::FindSafe failed to localize: 'AIB[R] blocked=emergency-kill reason=no_target'
08/29 18:32:37 [Localization System] CLocalize::FindSafe failed to localize: 'AIB[R] intent=top-arbiter family=state winner=creep-work:38.8 losers=hero-over-creep:52,idle-heal:46,emergency-retreat:45,fwd-pullback:44,emergency-kill:43.5'
08/29 18:32:37 [Localization System] CLocalize::FindSafe failed to localize: 'AIB[R] blocked=harass reason=own_heal_running'
08/29 18:32:37 [Localization System] CLocalize::FindSafe failed to localize: 'AIB[D] blocked=hero-over-creep reason=no_target'
08/29 18:32:37 [Localization System] CLocalize::FindSafe failed to localize: 'AIB[D] intent=top-arbiter family=state winner=anti-idle:2 losers=safe-cs:56,hero-over-creep:52,idle-heal:46,emergency-retreat:45,fwd-pullback:44'
08/29 18:32:37 [Localization System] CLocalize::FindSafe failed to localize: 'AIB[R] intent=melee-pack-space family=safety count=3 dist=314'
08/29 18:32:37 [Localization System] CLocalize::FindSafe failed to localize: 'AIB[D] t=322s hp=51% gold=460 loc=1686,1581 lh=11 dn=0 dg=+7 dlh=+0 bottle=-1 lvl=5 front=10060 ehp=-1'
08/29 18:32:37 [Localization System] CLocalize::FindSafe failed to localize: 'AIB[R] t=322s hp=71% gold=37 loc=-653,-501 lh=24 dn=3 dg=+8 dlh=+0 bottle=0 lvl=6 front=8471 ehp=-1'
08/29 18:32:37 [Localization System] CLocalize::FindSafe failed to localize: 'AIB[R] blocked=uphill-repo reason=no_reposition'
08/29 18:32:37 [Localization System] CLocalize::FindSafe failed to localize: 'AIB[D] blocked=uphill-repo reason=no_reposition'
08/29 18:32:37 [Localization System] CLocalize::FindSafe failed to localize: 'AIB[D] blocked=ability-harass reason=nothing_castable'
08/29 18:32:38 Script function 'Think' on bot npc_dota_hero_nevermore took 2.713ms
08/29 18:32:38 [Localization System] CLocalize::FindSafe failed to localize: 'AIB[R] intent=tick-owner family=other stage=laning-core'
08/29 18:32:38 [Localization System] CLocalize::FindSafe failed to localize: 'AIB[R] intent=state-desire-last-hit family=farm dist=167 reason=killable_creep score=140'
08/29 18:32:38 [Localization System] CLocalize::FindSafe failed to localize: 'AIB[D] intent=tick-owner family=other stage=laning-core'
08/29 18:32:38 [Localization System] CLocalize::FindSafe failed to localize: 'AIB[R] blocked=ability-harass reason=nothing_castable'
08/29 18:32:38 [Localization System] CLocalize::FindSafe failed to localize: 'AIB[R] intent=wave-watch-work family=other lh=24 idle=26 creep_hp=117 dist=167'
08/29 18:32:38 [Localization System] CLocalize::FindSafe failed to localize: 'AIB[D] blocked=emergency-kill reason=no_target'
08/29 18:32:38 [Localization System] CLocalize::FindSafe failed to localize: 'AIB[R] intent=top-arbiter family=state winner=wave-watch:10 losers=hero-over-creep:52,idle-heal:46,emergency-retreat:45,fwd-pullback:44,emergency-kill:43.5'
08/29 18:32:38 [Localization System] CLocalize::FindSafe failed to localize: 'AIB[D] blocked=harass reason=own_heal_running'
08/29 18:32:39 [Localization System] CLocalize::FindSafe failed to localize: 'AIB[D] intent=top-arbiter family=state winner=anti-idle:2 losers=hero-over-creep:52,idle-heal:46,emergency-retreat:45,fwd-pullback:44,emergency-kill:43.5'
08/29 18:32:39 [Localization System] CLocalize::FindSafe failed to localize: 'AIB[R] blocked=hero-over-creep reason=no_target'
08/29 18:32:39 [Localization System] CLocalize::FindSafe failed to localize: 'AIB[R] blocked=emergency-kill reason=no_target'
08/29 18:32:39 [Localization System] CLocalize::FindSafe failed to localize: 'AIB[D] blocked=cs-watchdog reason=no_creep lh=11 idle=43'
08/29 18:32:40 Script function 'Think' on bot npc_dota_hero_nevermore took 2.331ms
08/29 18:32:40 [Localization System] CLocalize::FindSafe failed to localize: 'AIB[R] intent=tick-owner family=other stage=laning-core'
08/29 18:32:40 [Localization System] CLocalize::FindSafe failed to localize: 'AIB[D] intent=tick-owner family=other stage=laning-core'
08/29 18:32:40 [Localization System] CLocalize::FindSafe failed to localize: 'AIB[R] intent=top-arbiter family=state winner=creep-work:38.8 losers=hero-over-creep:52,idle-heal:46,emergency-retreat:45,fwd-pullback:44,emergency-kill:43.5'
08/29 18:32:40 [Localization System] CLocalize::FindSafe failed to localize: 'AIB[D] blocked=hero-over-creep reason=no_target'
08/29 18:32:40 [Localization System] CLocalize::FindSafe failed to localize: 'AIB[D] intent=top-arbiter family=state winner=anti-idle:2 losers=hero-over-creep:52,idle-heal:46,emergency-retreat:45,fwd-pullback:44,emergency-kill:43.5'
08/29 18:32:40 [Localization System] CLocalize::FindSafe failed to localize: 'AIB[D] blocked=uphill-repo reason=no_reposition'
08/29 18:32:40 [Localization System] CLocalize::FindSafe failed to localize: 'AIB[D] blocked=ability-harass reason=nothing_castable'
08/29 18:32:41 [Localization System] CLocalize::FindSafe failed to localize: 'AIB[R] blocked=uphill-repo reason=no_reposition'
08/29 18:32:41 [Localization System] CLocalize::FindSafe failed to localize: 'AIB[R] blocked=harass reason=own_heal_running'
08/29 18:32:41 [Localization System] CLocalize::FindSafe failed to localize: 'AIB[D] blocked=emergency-kill reason=no_target'
08/29 18:32:41 [Localization System] CLocalize::FindSafe failed to localize: 'AIB[D] blocked=buy-tp reason=recent_tp since=68'
08/29 18:32:41 [Localization System] CLocalize::FindSafe failed to localize: 'AIB[D] blocked=buy-loop reason=saving target=item_bottle head=item_bottle cost=675 gold=467 left=1'
08/29 18:32:41 [Localization System] CLocalize::FindSafe failed to localize: 'AIB[R] intent=top-arbiter family=state winner=creep-work:38.8 losers=hero-over-creep:52,idle-heal:46,emergency-retreat:45,fwd-pullback:44,emergency-kill:43.5'
08/29 18:32:42 [Localization System] CLocalize::FindSafe failed to localize: 'AIB[R] blocked=harass reason=no_target'
08/29 18:32:42 [Localization System] CLocalize::FindSafe failed to localize: 'AIB[R] intent=state-desire-last-hit family=farm dist=430 reason=killable_creep score=140'
08/29 18:32:42 [Localization System] CLocalize::FindSafe failed to localize: 'AIB[R] intent=tick-owner family=other stage=desire/last-hit dist=430 reason=killable_creep score=140'
08/29 18:32:42 [Localization System] CLocalize::FindSafe failed to localize: 'AIB[D] intent=top-arbiter family=state winner=anti-idle:2 losers=hero-over-creep:52,idle-heal:46,emergency-retreat:45,fwd-pullback:44,emergency-kill:43.5'
08/29 18:32:42 [Localization System] CLocalize::FindSafe failed to localize: 'AIB[D] intent=tick-owner family=other stage=laning-core'
08/29 18:32:42 Script function 'Think' on bot npc_dota_hero_nevermore took 2.350ms
08/29 18:32:42 [Localization System] CLocalize::FindSafe failed to localize: 'AIB[R] intent=damage-by-source family=other creep=346 tower=129 hero=1169 mixed=372 death=0 other=0 stale=702 gaps=7'
08/29 18:32:42 [Localization System] CLocalize::FindSafe failed to localize: 'AIB[D] t=327s hp=72% gold=468 loc=599,493 lh=11 dn=0 dg=+8 dlh=+0 bottle=-1 lvl=5 front=10060 ehp=-1'
08/29 18:32:42 [Localization System] CLocalize::FindSafe failed to localize: 'AIB[D] blocked=harass reason=own_heal_running'
08/29 18:32:43 [Localization System] CLocalize::FindSafe failed to localize: 'AIB[R] t=327s hp=87% gold=130 loc=-838,-693 lh=25 dn=4 dg=+93 dlh=+1 bottle=0 lvl=6 front=8471 ehp=-1'
08/29 18:32:43 [Localization System] CLocalize::FindSafe failed to localize: 'AIB[R] blocked=hero-over-creep reason=no_target'
08/29 18:32:43 [Localization System] CLocalize::FindSafe failed to localize: 'AIB[R] blocked=emergency-kill reason=no_target'
08/29 18:32:43 [Localization System] CLocalize::FindSafe failed to localize: 'AIB[R] blocked=ability-harass reason=nothing_castable'
08/29 18:32:43 [Localization System] CLocalize::FindSafe failed to localize: 'AIB[R] blocked=visual-hold reason=creep_in_range held=3.4 hp=87 repeat=1 hard=false'
08/29 18:32:43 [Localization System] CLocalize::FindSafe failed to localize: 'AIB[R] intent=top-arbiter family=state winner=wave-watch:10 losers=hero-over-creep:52,idle-heal:46,emergency-retreat:45,fwd-pullback:44,emergency-kill:43.5'
08/29 18:32:43 [Localization System] CLocalize::FindSafe failed to localize: 'AIB[D] blocked=hero-over-creep reason=no_target'
08/29 18:32:43 [Localization System] CLocalize::FindSafe failed to localize: 'AIB[R] blocked=recovery-rune-bottle reason=no_close_rune max=3600 waterMax=4700 nearest=inf water=inf mid=393'
08/29 18:32:43 [Localization System] CLocalize::FindSafe failed to localize: 'AIB[D] blocked=uphill-repo reason=no_reposition'
08/29 18:32:43 [Localization System] CLocalize::FindSafe failed to localize: 'AIB[D] blocked=ability-harass reason=nothing_castable'
08/29 18:32:43 [Localization System] CLocalize::FindSafe failed to localize: 'AIB[D] intent=top-arbiter family=state winner=anti-idle:2 losers=hero-over-creep:52,idle-heal:46,emergency-retreat:45,fwd-pullback:44,emergency-kill:43.5'
08/29 18:32:44 [Localization System] CLocalize::FindSafe failed to localize: 'AIB[R] blocked=uphill-repo reason=no_reposition'
08/29 18:32:44 [Localization System] CLocalize::FindSafe failed to localize: 'AIB[R] intent=tick-owner family=other stage=laning-core'
08/29 18:32:44 [Localization System] CLocalize::FindSafe failed to localize: 'AIB[D] intent=tick-owner family=other stage=laning-core'
08/29 18:32:44 [Localization System] CLocalize::FindSafe failed to localize: 'AIB[D] blocked=emergency-kill reason=no_target'
08/29 18:32:44 [Localization System] CLocalize::FindSafe failed to localize: 'AIB[R] blocked=buy-loop reason=saving target=item_power_treads head=item_belt_of_strength cost=450 gold=133 left=2'
08/29 18:32:45 [Localization System] CLocalize::FindSafe failed to localize: 'AIB[D] intent=cs-watchdog family=farm lh=11 idle=48 creep_hp=360 dist=831'
08/29 18:32:45 [Localization System] CLocalize::FindSafe failed to localize: 'AIB[R] blocked=harass reason=no_target'
08/29 18:32:45 [Localization System] CLocalize::FindSafe failed to localize: 'AIB[R] intent=top-arbiter family=state winner=creep-work:38.8 losers=hero-over-creep:52,idle-heal:46,emergency-retreat:45,fwd-pullback:44,emergency-kill:43.5'
08/29 18:32:45 [Localization System] CLocalize::FindSafe failed to localize: 'AIB[D] blocked=hero-prio-chase reason=lane_work dist=1137 cs=false creep=false hp_adv=false kill_pressure=false close=false low_farm=false lane_override=false'
08/29 18:32:45 [Localization System] CLocalize::FindSafe failed to localize: 'AIB[D] blocked=harass reason=no_target'
08/29 18:32:45 [Localization System] CLocalize::FindSafe failed to localize: 'AIB[D] intent=lane-line-episode family=other dist=1035 fwd=0.62'
08/29 18:32:45 [Localization System] CLocalize::FindSafe failed to localize: 'AIB[D] blocked=uphill-repo reason=motor_busy'
08/29 18:32:45 [Server] PR:IncrementIdleTime 1:[I:0:0] 2.00
08/29 18:32:45 [Localization System] CLocalize::FindSafe failed to localize: 'AIB[D] intent=top-arbiter family=state winner=lane-line:18 losers=hero-over-creep:52,idle-heal:46,emergency-retreat:45,fwd-pullback:44,emergency-kill:43.5'
08/29 18:32:45 [Localization System] CLocalize::FindSafe failed to localize: 'AIB[D] intent=melee-pack-space family=safety count=2 dist=145'
08/29 18:32:45 [Localization System] CLocalize::FindSafe failed to localize: 'AIB[R] intent=state-desire-last-hit family=farm dist=451 reason=killable_creep score=140'
08/29 18:32:46 [Localization System] CLocalize::FindSafe failed to localize: 'AIB[R] intent=tick-owner family=other stage=laning-core'
08/29 18:32:46 [Localization System] CLocalize::FindSafe failed to localize: 'AIB[D] intent=tick-owner family=other stage=laning-core'
08/29 18:32:46 [Localization System] CLocalize::FindSafe failed to localize: 'AIB[R] blocked=hero-over-creep reason=no_target'
08/29 18:32:46 [Localization System] CLocalize::FindSafe failed to localize: 'AIB[R] intent=recovery-plan family=recover action=buy_flask reason=critical hp=88 gold=135 count=2'
08/29 18:32:46 [Localization System] CLocalize::FindSafe failed to localize: 'AIB[R] blocked=emergency-kill reason=no_target'
08/29 18:32:46 [Localization System] CLocalize::FindSafe failed to localize: 'AIB[R] blocked=uphill-repo reason=not_trading'
08/29 18:32:46 [Localization System] CLocalize::FindSafe failed to localize: 'AIB[R] blocked=ability-harass reason=nothing_castable'
08/29 18:32:46 [Localization System] CLocalize::FindSafe failed to localize: 'AIB[R] blocked=visual-hold reason=creep_in_range held=6.5 hp=88 repeat=2 hard=true'
08/29 18:32:46 [Localization System] CLocalize::FindSafe failed to localize: 'AIB[R] intent=lane-line-episode family=other dist=601 fwd=0.55'
08/29 18:32:46 [Localization System] CLocalize::FindSafe failed to localize: 'AIB[D] blocked=hero-over-creep reason=no_target'
08/29 18:32:46 [Localization System] CLocalize::FindSafe failed to localize: 'AIB[R] blocked=bottle-rune reason=no_close_rune max=1900 waterMax=4700 nearest=inf water=inf mid=403'
08/29 18:32:46 [Localization System] CLocalize::FindSafe failed to localize: 'AIB[R] blocked=uphill-repo reason=motor_busy'
08/29 18:32:46 [Localization System] CLocalize::FindSafe failed to localize: 'AIB[R] intent=top-arbiter family=state winner=creep-work:38.8 losers=hero-over-creep:52,idle-heal:46,emergency-retreat:45,fwd-pullback:44,emergency-kill:43.5'
08/29 18:32:47 [Localization System] CLocalize::FindSafe failed to localize: 'AIB[D] intent=state-desire-fight family=state base=78 hp_adv=8 dist=772 hp=84 ehp=69 reason=enemy_seen score=86'
08/29 18:32:47 [Localization System] CLocalize::FindSafe failed to localize: 'AIB[D] blocked=ability-pressure reason=nothing_castable'
08/29 18:32:47 [Localization System] CLocalize::FindSafe failed to localize: 'AIB[D] intent=hero-contact family=fight dist=772 hp=84 reason=close_enemy'
08/29 18:32:47 [Localization System] CLocalize::FindSafe failed to localize: 'AIB[D] intent=top-arbiter family=state winner=fight:86 losers=hero-over-creep:52,idle-heal:46,emergency-retreat:45,fwd-pullback:44,emergency-kill:43.5'
08/29 18:32:47 [Localization System] CLocalize::FindSafe failed to localize: 'AIB[D] intent=state-desire-last-hit family=farm dist=545 reason=killable_creep score=140'
08/29 18:32:47 [Localization System] CLocalize::FindSafe failed to localize: 'AIB[R] intent=state-desire-fight family=state base=78 execute=20 dist=732 hp=69 ehp=59 reason=enemy_seen score=98'
08/29 18:32:47 [Localization System] CLocalize::FindSafe failed to localize: 'AIB[R] blocked=ability-pressure reason=nothing_castable'
08/29 18:32:47 [Localization System] CLocalize::FindSafe failed to localize: 'AIB[R] intent=hero-contact family=fight dist=732 hp=69 reason=close_enemy'
08/29 18:32:47 [Localization System] CLocalize::FindSafe failed to localize: 'AIB[R] blocked=hero-contact reason=refractory since=0.13'
08/29 18:32:47 [Localization System] CLocalize::FindSafe failed to localize: 'AIB[R] intent=hero-pass family=fight dist=685 hp=69 reason=nearby_enemy'
08/29 18:32:47 [Localization System] CLocalize::FindSafe failed to localize: 'AIB[R] blocked=top-arbiter reason=empty_action winner=fight score=116'
08/29 18:32:47 [Localization System] CLocalize::FindSafe failed to localize: 'AIB[D] intent=recovery-plan family=recover action=buy_flask reason=critical hp=59 gold=475 count=3'
08/29 18:32:48 [Localization System] CLocalize::FindSafe failed to localize: 'AIB[D] t=332s hp=59% gold=476 loc=-340,-212 enemy-dist=570 lh=11 dn=0 dg=+8 dlh=+0 bottle=-1 lvl=5 front=9710 ehp=69'
08/29 18:32:48 [Localization System] CLocalize::FindSafe failed to localize: 'AIB[D] blocked=hero-contact reason=refractory since=0.17'
08/29 18:32:48 [Localization System] CLocalize::FindSafe failed to localize: 'AIB[D] intent=hero-pass family=fight dist=570 hp=59 reason=nearby_enemy'
08/29 18:32:48 [Localization System] CLocalize::FindSafe failed to localize: 'AIB[R] t=332s hp=69% gold=38 loc=-750,-608 enemy-dist=570 lh=25 dn=4 dg=-92 dlh=+0 bottle=0 lvl=6 front=8642 ehp=59'
08/29 18:32:48 [Localization System] CLocalize::FindSafe failed to localize: 'AIB[D] intent=state-desire-safety family=state base=108 creep_dmg=8 hp=58 creep=true hero=true reason=recent_damage score=116'
08/29 18:32:48 [Localization System] CLocalize::FindSafe failed to localize: 'AIB[D] intent=creep-hit-react family=safety dist=83 hp=58 hits=1 reason=attack'
08/29 18:32:48 [Localization System] CLocalize::FindSafe failed to localize: 'AIB[R] intent=tick-owner family=other stage=laning-core'
08/29 18:32:48 [Localization System] CLocalize::FindSafe failed to localize: 'AIB[D] intent=damage-by-source family=other creep=1112 tower=0 hero=2553 mixed=326 death=34 other=191 stale=69 gaps=2'
08/29 18:32:48 [Localization System] CLocalize::FindSafe failed to localize: 'AIB[D] intent=recovery-policy family=recover action=recover hp=26 gate=35 source=early-low'
08/29 18:32:48 [Localization System] CLocalize::FindSafe failed to localize: 'AIB[D] intent=state-recover-safe family=state ttl=2 reason=regen_lane hp=26 dist=1741'
08/29 18:32:48 [Localization System] CLocalize::FindSafe failed to localize: 'AIB[R] intent=kill-lock family=fight dist=570 ehp=26 hp=69 exec=false atk=true mutual=false reason=killable_enemy'
08/29 18:32:48 [Localization System] CLocalize::FindSafe failed to localize: 'AIB[R] anti-idle-enter=32 anti-idle-lane=15 anti-idle-lowhp-back=6 anti-idle-push=1 bottle-heal=4 bottle-rune=2 channel-interrupt-atk=18 channel-interrupt-chase=15 creep-aggro-back=4 creep-aggro-hero-yield=12 creep-aggro-hit=15 creep-dmg=7 creep-hit-react-atk=15 creep-hit-react-step=10 cs-wait-release=36 cs-wait=18 cs-walk-gap-large=33 cs-walk-gap-small=67 cs-walk-inrange=14 cs-walk-into-pack=44 cs-walk=114 cs-watchdog-atk=2 cs-watchdog-step=15 deny-act-atk=34 deny-act-walk=28 deny-act=62 deny-cand-doomed=38 deny-cand-tanky=171 dw-active=3 dw-farm=24 dw-fwd=1 dw-tower-step=6 empty-bottle-ok=2 fight-hp-behind=6 fwd-at-position=7 fwd-hold=2 fwd-lowhp-pull=1 fwd-position=2 fwd-suppressed-creep=24 fwd-suppressed-cs=6 fwd-suppressed-empty=5 fwd-suppressed-hero=10 fwd-suppressed-lowhp=4 fwd-suppressed-motor=18 fwd-suppressed-recovery=4 fwd-suppressed-rune=1 fwd-suppressed-tower=8 fwd-suppressed-visual=4 fwd-suppressed-watchdog=4 harass-seek=5 heal-item=2 heal-want=1 hero-contact-atk=29 hero-contact-chase=7 hero-over-creep=10 hero-pass-atk=9 hero-pass-chase=5 idle=15 kill-lock-atk=7 kill-lock-chase=7 kill-priority=25 killwin-atk=94 killwin-scan=1004 lane-line-fallback=107 lane-line-suppressed-creep-dmg=1 lane-line-suppressed-creep=10 lane-line-suppressed-empty=8 lane-line-suppressed-heal=13 lane-line-suppressed-lowhp=19 lane-line-suppressed-motor=3 lane-line-suppressed-recovery=1 last-hit-urgent=81 low-hp-limit=7 melee-pack-release=17 melee-pack-space=22 no-dive=2 own-ranged-stepback=1 pre-aig=32 precreep-anchor=49 precreep-hold=3 precreep-park-hold=13 precreep-park=154 precreep-space=2 prewave-defend=2 prewave-free-hit=87 recover-xp=12 recovery-bottle-active=4 recovery-buy=5 recovery-enemy-near=246 recovery-flask=3 recovery-regen=9 recovery-tango=1 regen-walk=3 siege-commit-tower=26 siege-step=5 siege-terminal-tower=47 tango-heal=2 tower-aggro-drop=6 uphill-reposition=6 uphill-void-under-fire=14 visual-hold-creep-step=1 visual-hold-creep=22 visual-hold-lane=2 visual-hold-still=1 wave-watch-atk=18 wave-watch-no-wave=23 wave-watch-step=107 wave-watch=20'
08/29 18:32:48 [Localization System] CLocalize::FindSafe failed to localize: 'AIB[D] intent=tick-owner family=other stage=laning-core'
08/29 18:32:49 [Localization System] CLocalize::FindSafe failed to localize: 'AIB[D] anti-afk-lane=1 anti-afk-no-chase=2 anti-idle-combat=3 anti-idle-creep-walk=1 anti-idle-enter=34 anti-idle-lane=18 anti-idle-lowhp-back=9 buy-skip-fountain-floor=1 channel-interrupt-atk=33 channel-interrupt-chase=15 creep-aggro-back=5 creep-aggro-hero-yield=9 creep-aggro-hit=35 creep-dmg=7 creep-hit-react-atk=11 creep-hit-react-step=15 critical-recover-hold=8 cs-wait-release=8 cs-wait=8 cs-walk-gap-large=13 cs-walk-gap-small=10 cs-walk-inrange=4 cs-walk-into-pack=5 cs-walk=27 cs-watchdog-atk=1 cs-watchdog-step=9 cw-push-cs-step=2 cw-push=140 deny-act-atk=2 deny-act-walk=22 deny-act=24 deny-cand-doomed=8 deny-cand-tanky=72 fight-hp-behind=17 fountain-trip-release=3 fountain-wait=3 fwd-at-position=8 fwd-hold=1 fwd-lowhp-pull=1 fwd-position=1 fwd-suppressed-creep=8 fwd-suppressed-cs=2 fwd-suppressed-empty=1 fwd-suppressed-hero=4 fwd-suppressed-lowhp=5 fwd-suppressed-motor=16 fwd-suppressed-recovery=7 fwd-suppressed-tower=11 fwd-suppressed-visual=6 fwd-suppressed-watchdog=1 heal-blocked-damage=1 heal-inflight-back=6 heal-inflight-hold=1 heal-item=7 heal-want=8 hero-contact-atk=32 hero-contact-chase=6 hero-over-creep=10 hero-pass-atk=18 hero-pass-chase=3 hero-prio-always=4 hero-prio-chase-hold=11 hero-prio-chase=35 idle=19 killwin-scan=1308 lane-line-fallback=40 lane-line-suppressed-creep=1 lane-line-suppressed-heal=10 lane-line-suppressed-lowhp=23 lane-line-suppressed-motor=2 last-hit-urgent=56 low-hp-creep=16 low-hp-limit=14 melee-pack-release=14 melee-pack-space=22 own-ranged-stepback=1 pre-aig=34 precreep-anchor=29 precreep-hold=2 precreep-park-hold=12 precreep-park=185 precreep-space=4 prewave-duel-approach=31 prewave-duel-trade=92 recover-safe=18 recover-xp=31 recovery-buy-critical=3 recovery-buy=4 recovery-enemy-near=179 recovery-regen=16 recovery-tango=3 recovery-timeout=1 recovery-wait=2 recovery-walk=1 recovery-yield=5 regen-walk=31 uphill-reposition=1 uphill-void-under-fire=2 visual-hold-creep=2 visual-hold-lane=8 wave-watch-atk=2 wave-watch-no-wave=26 wave-watch-step=44 wave-watch=11'
08/29 18:32:49 [Localization System] CLocalize::FindSafe failed to localize: 'AIB[D] blocked=buy-loop reason=saving target=item_bottle head=item_bottle cost=675 gold=528 left=1'
08/29 18:32:50 [Localization System] CLocalize::FindSafe failed to localize: 'AIB[D] intent=tick-owner family=other stage=laning-core'
08/29 18:32:51 [Localization System] CLocalize::FindSafe failed to localize: 'AIB[D] intent=state-recover-safe family=state ttl=2 reason=regen_lane hp=13 dist=877'
08/29 18:32:51 [Localization System] CLocalize::FindSafe failed to localize: 'AIB[R] blocked=kill-lock reason=chase_into_tower dist=671 ehp=13'
08/29 18:32:51 [Localization System] CLocalize::FindSafe failed to localize: 'AIB[R] intent=recovery-yield-kill family=fight dist=671 hp=50 ehp=13 exec=false atk=true mutual=false'
08/29 18:32:51 [Localization System] CLocalize::FindSafe failed to localize: 'AIB[R] intent=state-desire-fight family=state base=78 hp_adv=8 execute=20 dist=671 hp=50 ehp=13 reason=enemy_seen score=106'
08/29 18:32:51 [Localization System] CLocalize::FindSafe failed to localize: 'AIB[R] blocked=ability-pressure reason=nothing_castable'
08/29 18:32:51 [Localization System] CLocalize::FindSafe failed to localize: 'AIB[R] intent=top-arbiter family=state winner=fight:106 losers=safe-cs:56,hero-over-creep:52,idle-heal:46,emergency-retreat:45,fwd-pullback:44'
08/29 18:32:51 [Localization System] CLocalize::FindSafe failed to localize: 'AIB[R] intent=tick-owner family=other stage=desire/fight base=78 hp_adv=8 execute=20 dist=671 hp=50 ehp=13 reason=enemy_seen score=106'
08/29 18:32:51 [Localization System] CLocalize::FindSafe failed to localize: 'AIB[R] blocked=hero-contact reason=refractory since=0.13'
08/29 18:32:51 [Localization System] CLocalize::FindSafe failed to localize: 'AIB[R] blocked=hero-pass reason=chase_into_tower hp=51'
08/29 18:32:51 [Localization System] CLocalize::FindSafe failed to localize: 'AIB[R] blocked=top-arbiter reason=empty_action winner=fight score=124'
08/29 18:32:51 [Localization System] CLocalize::FindSafe failed to localize: 'AIB[R] blocked=hero-over-creep reason=no_target'
08/29 18:32:51 [Localization System] CLocalize::FindSafe failed to localize: 'AIB[R] blocked=emergency-kill reason=no_target'
08/29 18:32:51 [Localization System] CLocalize::FindSafe failed to localize: 'AIB[R] blocked=uphill-repo reason=no_reposition'
08/29 18:32:51 [Localization System] CLocalize::FindSafe failed to localize: 'AIB[R] blocked=harass reason=no_target'
08/29 18:32:51 [Localization System] CLocalize::FindSafe failed to localize: 'AIB[R] blocked=ability-harass reason=nothing_castable'
08/29 18:32:52 [Localization System] CLocalize::FindSafe failed to localize: 'AIB[R] intent=hero-contact family=fight dist=742 hp=51 reason=close_enemy'
08/29 18:32:52 [Localization System] CLocalize::FindSafe failed to localize: 'AIB[R] intent=state-desire-siege family=siege base=66 push=12 hp=51 reason=tower_window score=78'
08/29 18:32:52 [Localization System] CLocalize::FindSafe failed to localize: 'AIB[R] intent=state-siege-window family=siege ttl=2 wave=1 tower=785 hp=51 adv=true'
08/29 18:32:52 [Localization System] CLocalize::FindSafe failed to localize: 'AIB[R] intent=tower-opportunity family=siege result=step phase=commit wave=1 tower=785'
08/29 18:32:52 [Localization System] CLocalize::FindSafe failed to localize: 'AIB[D] intent=tick-owner family=other stage=laning-core'
08/29 18:32:52 [Localization System] CLocalize::FindSafe failed to localize: 'AIB[R] blocked=buy-loop reason=saving target=item_power_treads head=item_belt_of_strength cost=450 gold=97 left=2'
08/29 18:32:52 [Localization System] CLocalize::FindSafe failed to localize: 'AIB[R] blocked=kill-lock reason=tower dist=844 hp=51'
08/29 18:32:53 [Localization System] CLocalize::FindSafe failed to localize: 'AIB[D] t=337s hp=14% gold=532 loc=719,651 enemy-dist=840 lh=12 dn=0 dg=+56 dlh=+1 bottle=-1 lvl=5 front=9616 ehp=51'
08/29 18:32:53 [Localization System] CLocalize::FindSafe failed to localize: 'AIB[D] intent=recovery-policy family=recover action=recover hp=14 gate=22 source=emergency-low'
08/29 18:32:53 [Localization System] CLocalize::FindSafe failed to localize: 'AIB[R] t=337s hp=51% gold=98 loc=1,130 enemy-dist=933 lh=26 dn=4 dg=+60 dlh=+1 bottle=0 lvl=6 front=9710 ehp=14'
08/29 18:32:53 [Localization System] CLocalize::FindSafe failed to localize: 'AIB[D] intent=recovery-plan family=recover action=back reason=post_fight_regen hp=14'
08/29 18:32:53 [Localization System] CLocalize::FindSafe failed to localize: 'AIB[D] blocked=recovery-buy reason=fountain_floor_free_heal hp=14 gold=533'
08/29 18:32:53 [Localization System] CLocalize::FindSafe failed to localize: 'AIB[R] blocked=recovery-rune-bottle reason=no_close_rune max=3600 waterMax=4700 nearest=inf water=inf mid=614'
08/29 18:32:53 [Localization System] CLocalize::FindSafe failed to localize: 'AIB[R] intent=recovery-plan family=recover action=back reason=post_fight_regen hp=51'
08/29 18:32:53 [Localization System] CLocalize::FindSafe failed to localize: 'AIB[R] intent=state-recover-xp family=state ttl=5 reason=post_fight_regen hp=51 dist=1001'
08/29 18:32:53 [Localization System] CLocalize::FindSafe failed to localize: 'AIB[R] blocked=harass reason=own_heal_running'
08/29 18:32:53 [Localization System] CLocalize::FindSafe failed to localize: 'AIB[R] intent=top-arbiter family=state winner=wave-watch:10 losers=safe-cs:56,hero-over-creep:52,idle-heal:46,emergency-retreat:45,fwd-pullback:44'
08/29 18:32:53 [Localization System] CLocalize::FindSafe failed to localize: 'AIB[R] intent=tick-owner family=other stage=laning-core'
08/29 18:32:54 [Localization System] CLocalize::FindSafe failed to localize: 'AIB[R] blocked=visual-hold reason=creep_in_range held=2.1 hp=51 repeat=3 hard=true'
08/29 18:32:54 [Server] Client (account 0) tried to execute invalid order (3). Unrecognized order identifier.
08/29 18:32:54 [Localization System] CLocalize::FindSafe failed to localize: 'AIB[R] blocked=hero-over-creep reason=no_target'
08/29 18:32:54 [Localization System] CLocalize::FindSafe failed to localize: 'AIB[R] blocked=emergency-kill reason=no_target'
08/29 18:32:54 [Localization System] CLocalize::FindSafe failed to localize: 'AIB[R] blocked=uphill-repo reason=no_reposition'
08/29 18:32:54 [Localization System] CLocalize::FindSafe failed to localize: 'AIB[R] blocked=ability-harass reason=nothing_castable'
08/29 18:32:54 [Localization System] CLocalize::FindSafe failed to localize: 'AIB[D] blocked=buy-tp reason=recent_tp since=1'
08/29 18:32:54 [Localization System] CLocalize::FindSafe failed to localize: 'AIB[D] intent=tick-owner family=other stage=laning-core'
08/29 18:32:54 [Localization System] CLocalize::FindSafe failed to localize: 'AIB[R] blocked=bottle-rune reason=no_close_rune max=1900 waterMax=4700 nearest=inf water=inf mid=816'
08/29 18:32:55 [Localization System] CLocalize::FindSafe failed to localize: 'AIB[D] intent=recovery-policy family=recover action=recover hp=15 gate=22 source=emergency-low'
08/29 18:32:55 [Localization System] CLocalize::FindSafe failed to localize: 'AIB[R] intent=top-arbiter family=state winner=wave-watch:10 losers=safe-cs:56,hero-over-creep:52,idle-heal:46,emergency-retreat:45,fwd-pullback:44'
08/29 18:32:55 [Localization System] CLocalize::FindSafe failed to localize: 'AIB[R] intent=tick-owner family=other stage=laning-core'
08/29 18:32:56 [Localization System] CLocalize::FindSafe failed to localize: 'AIB[R] blocked=visual-hold reason=creep_in_range held=4.2 hp=52 repeat=5 hard=true'
08/29 18:32:56 [Localization System] CLocalize::FindSafe failed to localize: 'AIB[R] intent=top-arbiter family=state winner=wave-watch:10 losers=safe-cs:56,hero-over-creep:52,idle-heal:46,emergency-retreat:45,fwd-pullback:44'
08/29 18:32:57 [Localization System] CLocalize::FindSafe failed to localize: 'AIB[D] intent=tick-owner family=other stage=laning-core'
08/29 18:32:57 [Localization System] CLocalize::FindSafe failed to localize: 'AIB[D] intent=recovery-policy family=recover action=recover hp=17 gate=22 source=emergency-low'
08/29 18:32:57 [Localization System] CLocalize::FindSafe failed to localize: 'AIB[R] intent=damage-by-source family=other creep=346 tower=129 hero=1566 mixed=372 death=0 other=0 stale=702 gaps=7'
08/29 18:32:57 [Localization System] CLocalize::FindSafe failed to localize: 'AIB[R] blocked=harass reason=own_heal_running'
08/29 18:32:57 [Localization System] CLocalize::FindSafe failed to localize: 'AIB[R] intent=wave-watch-work family=other lh=26 idle=6 creep_hp=426 dist=141'
08/29 18:32:57 [Localization System] CLocalize::FindSafe failed to localize: 'AIB[R] intent=tick-owner family=other stage=laning-core'
08/29 18:32:57 [Localization System] CLocalize::FindSafe failed to localize: 'AIB[D] blocked=buy-loop reason=saving target=item_bottle head=item_bottle cost=675 gold=540 left=1'
08/29 18:32:57 [Localization System] CLocalize::FindSafe failed to localize: 'AIB[R] blocked=hero-over-creep reason=no_target'
08/29 18:32:57 [Localization System] CLocalize::FindSafe failed to localize: 'AIB[R] blocked=emergency-kill reason=no_target'
08/29 18:32:57 [Localization System] CLocalize::FindSafe failed to localize: 'AIB[R] blocked=uphill-repo reason=no_reposition'
08/29 18:32:57 [Localization System] CLocalize::FindSafe failed to localize: 'AIB[R] blocked=ability-harass reason=nothing_castable'
08/29 18:32:58 [Localization System] CLocalize::FindSafe failed to localize: 'AIB[D] t=342s hp=17% gold=540 loc=1651,1489 lh=12 dn=0 dg=+8 dlh=+0 bottle=-1 lvl=5 front=9616 ehp=-1'
08/29 18:32:59 [Localization System] CLocalize::FindSafe failed to localize: 'AIB[D] intent=tick-owner family=other stage=laning-core'
08/29 18:32:59 [Localization System] CLocalize::FindSafe failed to localize: 'AIB[D] intent=recovery-policy family=recover action=recover hp=18 gate=22 source=emergency-low'
08/29 18:33:00 [Localization System] CLocalize::FindSafe failed to localize: 'AIB[R] blocked=buy-loop reason=saving target=item_power_treads head=item_belt_of_strength cost=450 gold=109 left=2'
08/29 18:33:01 [Localization System] CLocalize::FindSafe failed to localize: 'AIB[D] blocked=heal-item reason=fountain_trip_committed hp=19'
08/29 18:33:01 [Localization System] CLocalize::FindSafe failed to localize: 'AIB[D] intent=tick-owner family=other stage=laning-core'
08/29 18:33:01 [Localization System] CLocalize::FindSafe failed to localize: 'AIB[D] intent=recovery-policy family=recover action=recover hp=20 gate=22 source=emergency-low'
08/29 18:33:02 [Localization System] CLocalize::FindSafe failed to localize: 'AIB[D] blocked=buy-tp reason=recent_tp since=9'
08/29 18:33:03 [Localization System] CLocalize::FindSafe failed to localize: 'AIB[D] t=347s hp=21% gold=548 loc=2782,2507 lh=12 dn=0 dg=+8 dlh=+0 bottle=-1 lvl=5 front=9616 ehp=-1'
08/29 18:33:03 [Localization System] CLocalize::FindSafe failed to localize: 'AIB[D] intent=tick-owner family=other stage=laning-core'
08/29 18:33:03 [Localization System] CLocalize::FindSafe failed to localize: 'AIB[D] intent=damage-by-source family=other creep=1125 tower=0 hero=2553 mixed=427 death=34 other=191 stale=69 gaps=2'
08/29 18:33:03 [Localization System] CLocalize::FindSafe failed to localize: 'AIB[D] intent=recovery-policy family=recover action=recover hp=22 gate=22 source=emergency-low'
08/29 18:33:04 [Localization System] CLocalize::FindSafe failed to localize: 'AIB[R] t=349s hp=42% gold=115 loc=-1535,-1168 lh=26 dn=4 dg=+17 dlh=+0 bottle=0 lvl=6 front=9112 ehp=-1'
08/29 18:33:04 [Localization System] CLocalize::FindSafe failed to localize: 'AIB[R] blocked=recover-candidate reason=no_action_capped hp=42 score=44'
08/29 18:33:04 [Localization System] CLocalize::FindSafe failed to localize: 'AIB[R] blocked=hero-over-creep reason=no_target'
08/29 18:33:04 [Localization System] CLocalize::FindSafe failed to localize: 'AIB[R] blocked=bottle-rune reason=no_close_rune max=1900 waterMax=4700 nearest=inf water=inf mid=241'
08/29 18:33:04 [Localization System] CLocalize::FindSafe failed to localize: 'AIB[R] blocked=recovery-rune-bottle reason=no_close_rune max=3600 waterMax=4700 nearest=inf water=inf mid=241'
08/29 18:33:04 [Localization System] CLocalize::FindSafe failed to localize: 'AIB[R] intent=recovery-plan family=recover action=lane reason=empty_bottle_no_rune hp=42 mana=59'
08/29 18:33:04 [Localization System] CLocalize::FindSafe failed to localize: 'AIB[R] blocked=emergency-kill reason=no_target'
08/29 18:33:04 [Localization System] CLocalize::FindSafe failed to localize: 'AIB[R] blocked=uphill-repo reason=low_hp_hold'
08/29 18:33:04 [Localization System] CLocalize::FindSafe failed to localize: 'AIB[R] blocked=harass reason=own_heal_running'
08/29 18:33:04 [Localization System] CLocalize::FindSafe failed to localize: 'AIB[R] blocked=ability-harass reason=nothing_castable'
08/29 18:33:04 [Localization System] CLocalize::FindSafe failed to localize: 'AIB[R] intent=top-arbiter family=state winner=anti-idle:2 losers=safe-cs:56,hero-over-creep:52,idle-heal:46,emergency-retreat:45,fwd-pullback:44'
08/29 18:33:04 [Localization System] CLocalize::FindSafe failed to localize: 'AIB[R] intent=tick-owner family=other stage=desire/anti-idle reason=ready score=2 band=idle'
08/29 18:33:05 [Localization System] CLocalize::FindSafe failed to localize: 'AIB[D] intent=tick-owner family=other stage=laning-core'
08/29 18:33:05 [Localization System] CLocalize::FindSafe failed to localize: 'AIB[D] intent=recovery-policy family=recover action=recover hp=23 gate=35 source=early-low'
08/29 18:33:05 [Localization System] CLocalize::FindSafe failed to localize: 'AIB[D] blocked=buy-loop reason=saving target=item_bottle head=item_bottle cost=675 gold=552 left=1'
08/29 18:33:06 [Localization System] CLocalize::FindSafe failed to localize: 'AIB[R] intent=top-arbiter family=state winner=anti-idle:2 losers=safe-cs:56,hero-over-creep:52,idle-heal:46,emergency-retreat:45,fwd-pullback:44'
08/29 18:33:06 [Localization System] CLocalize::FindSafe failed to localize: 'AIB[R] intent=tick-owner family=other stage=desire/anti-idle reason=ready score=2 band=idle'
08/29 18:33:06 [Localization System] CLocalize::FindSafe failed to localize: 'AIB[R] blocked=uphill-repo reason=no_reposition'
08/29 18:33:07 [Localization System] CLocalize::FindSafe failed to localize: 'AIB[R] intent=wave-watch-work family=other lh=26 idle=16 creep_hp=282 dist=803'
08/29 18:33:07 [Localization System] CLocalize::FindSafe failed to localize: 'AIB[D] intent=tick-owner family=other stage=laning-core'
08/29 18:33:07 [Localization System] CLocalize::FindSafe failed to localize: 'AIB[R] blocked=recover-candidate reason=no_action_capped hp=44 score=44'
08/29 18:33:07 [Localization System] CLocalize::FindSafe failed to localize: 'AIB[R] blocked=hero-over-creep reason=no_target'
08/29 18:33:07 [Localization System] CLocalize::FindSafe failed to localize: 'AIB[R] intent=recovery-plan family=recover action=rune_stage reason=power source=bottle-rune dist=1874 eta=8'
08/29 18:33:07 [Localization System] CLocalize::FindSafe failed to localize: 'AIB[R] intent=state-rune-commit family=rune source=bottle-rune phase=power ttl=8 dist=1874 eta=8'
08/29 18:33:07 [Localization System] CLocalize::FindSafe failed to localize: 'AIB[R] intent=rune-transaction family=rune source=bottle-rune phase=power ttl=8 dist=1874 eta=8'
08/29 18:33:07 [Localization System] CLocalize::FindSafe failed to localize: 'AIB[R] intent=bottle-rune family=rune dist=1874 eta=8 reason=stage'
08/29 18:33:07 [Localization System] CLocalize::FindSafe failed to localize: 'AIB[R] intent=top-arbiter family=state winner=idle-heal:46 losers=safe-cs:56,hero-over-creep:52,emergency-retreat:45,fwd-pullback:44,emergency-kill:43.5'
08/29 18:33:07 [Localization System] CLocalize::FindSafe failed to localize: 'AIB[D] intent=recovery-policy family=recover action=recover hp=25 gate=35 source=early-low'
08/29 18:33:08 [Localization System] CLocalize::FindSafe failed to localize: 'AIB[D] t=352s hp=25% gold=555 loc=3794,3658 lh=12 dn=0 dg=+7 dlh=+0 bottle=-1 lvl=5 front=9670 ehp=-1'
08/29 18:33:08 [Localization System] CLocalize::FindSafe failed to localize: 'AIB[D] blocked=fountain-floor reason=heal_in_hand hp=25 inflight=nil'
08/29 18:33:08 [Localization System] CLocalize::FindSafe failed to localize: 'AIB[D] blocked=recovery-buy reason=budget_cap hp=26 gold=556 count=3 allow=3'
08/29 18:33:08 [Localization System] CLocalize::FindSafe failed to localize: 'AIB[D] intent=critical-recovery family=recover hp=26 dist=4029 reason=lock'
08/29 18:33:08 [Localization System] CLocalize::FindSafe failed to localize: 'AIB[D] intent=recovery-owner family=recover band=soft threat=false mode=critical-lock hp=26'
08/29 18:33:08 [Localization System] CLocalize::FindSafe failed to localize: 'AIB[R] intent=tick-owner family=other stage=laning-core'
08/29 18:33:08 [Localization System] CLocalize::FindSafe failed to localize: 'AIB[R] blocked=buy-loop reason=saving target=item_power_treads head=item_belt_of_strength cost=450 gold=121 left=2'
08/29 18:33:09 [Localization System] CLocalize::FindSafe failed to localize: 'AIB[R] intent=top-arbiter family=state winner=idle-heal:46 losers=safe-cs:56,hero-over-creep:52,emergency-retreat:45,fwd-pullback:44,emergency-kill:43.5'
08/29 18:33:09 [Localization System] CLocalize::FindSafe failed to localize: 'AIB[D] intent=tick-owner family=other stage=laning-core'
08/29 18:33:09 [Localization System] CLocalize::FindSafe failed to localize: 'AIB[R] t=354s hp=45% gold=122 loc=-1057,119 lh=26 dn=4 dg=+7 dlh=+0 bottle=0 lvl=6 front=8845 ehp=-1'
08/29 18:33:09 [Localization System] CLocalize::FindSafe failed to localize: 'AIB[R] intent=recovery-plan family=recover action=rune_stage reason=stage_follow source=bottle-rune dist=1105 eta=6'
08/29 18:33:09 [Localization System] CLocalize::FindSafe failed to localize: 'AIB[R] intent=state-rune-commit family=rune source=bottle-rune phase=stage_follow ttl=6 dist=1105 eta=6'
08/29 18:33:09 [Localization System] CLocalize::FindSafe failed to localize: 'AIB[R] intent=rune-transaction family=rune source=bottle-rune phase=stage_follow ttl=6 dist=1105 eta=6'
08/29 18:33:10 [Localization System] CLocalize::FindSafe failed to localize: 'AIB[D] intent=recovery-policy family=recover action=recover hp=32 gate=35 source=early-low'
08/29 18:33:10 [Localization System] CLocalize::FindSafe failed to localize: 'AIB[D] blocked=recover-candidate reason=no_resources_behind_safe hp=35 score=44'
08/29 18:33:10 [Localization System] CLocalize::FindSafe failed to localize: 'AIB[D] blocked=hero-over-creep reason=no_target'
08/29 18:33:10 [Localization System] CLocalize::FindSafe failed to localize: 'AIB[D] blocked=emergency-kill reason=disabled'
08/29 18:33:10 [Localization System] CLocalize::FindSafe failed to localize: 'AIB[D] blocked=uphill-repo reason=motor_busy'
08/29 18:33:10 [Localization System] CLocalize::FindSafe failed to localize: 'AIB[D] blocked=harass reason=own_heal_running'
08/29 18:33:10 [Localization System] CLocalize::FindSafe failed to localize: 'AIB[D] blocked=ability-harass reason=nothing_castable'
08/29 18:33:10 [Localization System] CLocalize::FindSafe failed to localize: 'AIB[D] intent=top-arbiter family=state winner=anti-idle:2 losers=safe-cs:56,hero-over-creep:52,idle-heal:46,emergency-retreat:45,fwd-pullback:44'
08/29 18:33:10 [Localization System] CLocalize::FindSafe failed to localize: 'AIB[R] blocked=hero-over-creep reason=no_target'
08/29 18:33:10 [Localization System] CLocalize::FindSafe failed to localize: 'AIB[R] intent=top-arbiter family=state winner=idle-heal:46 losers=safe-cs:56,hero-over-creep:52,emergency-retreat:45,fwd-pullback:44,emergency-kill:43.5'
08/29 18:33:10 [Localization System] CLocalize::FindSafe failed to localize: 'AIB[D] blocked=buy-tp reason=recent_tp since=17'
08/29 18:33:10 [Localization System] CLocalize::FindSafe failed to localize: 'AIB[R] intent=rune-ground-truth family=rune id=0 status=1 t=355'
08/29 18:33:10 [Localization System] CLocalize::FindSafe failed to localize: 'AIB[R] intent=bottle-rune family=rune dist=755 hp=46 mana=70 reason=start'
08/29 18:33:10 [Localization System] CLocalize::FindSafe failed to localize: 'AIB[R] intent=tick-owner family=other stage=laning-core'
08/29 18:33:11 Script function 'Think' on bot npc_dota_hero_nevermore took 2.629ms
08/29 18:33:11 [Localization System] CLocalize::FindSafe failed to localize: 'AIB[D] blocked=uphill-repo reason=no_reposition'
08/29 18:33:11 [Localization System] CLocalize::FindSafe failed to localize: 'AIB[D] intent=tick-owner family=other stage=laning-core'
08/29 18:33:11 [Localization System] CLocalize::FindSafe failed to localize: 'AIB[D] blocked=emergency-kill reason=no_target'
08/29 18:33:11 [Localization System] CLocalize::FindSafe failed to localize: 'AIB[R] intent=recovery-plan family=recover action=rune reason=commit source=bottle-rune dist=393'
08/29 18:33:11 [Localization System] CLocalize::FindSafe failed to localize: 'AIB[R] intent=state-rune-commit family=rune source=bottle-rune phase=commit ttl=30 dist=393'
08/29 18:33:11 [Localization System] CLocalize::FindSafe failed to localize: 'AIB[R] intent=rune-transaction family=rune source=bottle-rune phase=commit ttl=30 dist=393'
08/29 18:33:12 [Localization System] CLocalize::FindSafe failed to localize: 'AIB[D] intent=top-arbiter family=state winner=anti-idle:2 losers=safe-cs:56,hero-over-creep:52,idle-heal:46,emergency-retreat:45,fwd-pullback:44'
08/29 18:33:12 [Localization System] CLocalize::FindSafe failed to localize: 'AIB[R] intent=top-arbiter family=state winner=idle-heal:46 losers=safe-cs:56,hero-over-creep:52,emergency-retreat:45,fwd-pullback:44,emergency-kill:43.5'
08/29 18:33:12 [Localization System] CLocalize::FindSafe failed to localize: 'AIB[R] intent=damage-by-source family=other creep=346 tower=129 hero=1566 mixed=372 death=0 other=0 stale=798 gaps=8'
08/29 18:33:12 [Localization System] CLocalize::FindSafe failed to localize: 'AIB[R] intent=rune-result family=rune source=bottle-rune result=pickup_attempt dist=78 age=2'
08/29 18:33:12 [Localization System] CLocalize::FindSafe failed to localize: 'AIB[R] intent=bottle-rune family=rune dist=78 age=2 reason=pickup'
08/29 18:33:12 [Localization System] CLocalize::FindSafe failed to localize: 'AIB[R] intent=rune-ground-truth family=rune id=0 status=2 t=357'
08/29 18:33:12 [Localization System] CLocalize::FindSafe failed to localize: 'AIB[R] blocked=emergency-kill reason=no_target'
08/29 18:33:12 [Localization System] CLocalize::FindSafe failed to localize: 'AIB[R] blocked=uphill-repo reason=no_reposition'
08/29 18:33:12 [Localization System] CLocalize::FindSafe failed to localize: 'AIB[R] blocked=harass reason=own_heal_running'
08/29 18:33:12 [Localization System] CLocalize::FindSafe failed to localize: 'AIB[R] blocked=cs-watchdog reason=no_creep lh=26 idle=21'
08/29 18:33:12 [Localization System] CLocalize::FindSafe failed to localize: 'AIB[R] blocked=ability-harass reason=nothing_castable'
08/29 18:33:12 [Localization System] CLocalize::FindSafe failed to localize: 'AIB[R] intent=tick-owner family=other stage=desire/anti-idle reason=ready score=2 band=idle'
08/29 18:33:13 [Localization System] CLocalize::FindSafe failed to localize: 'AIB[D] t=358s hp=47% gold=563 loc=2944,2644 lh=12 dn=0 dg=+8 dlh=+0 bottle=-1 lvl=5 front=9764 ehp=-1'
08/29 18:33:13 [Localization System] CLocalize::FindSafe failed to localize: 'AIB[D] blocked=hero-over-creep reason=no_target'
08/29 18:33:13 [Localization System] CLocalize::FindSafe failed to localize: 'AIB[D] blocked=ability-harass reason=nothing_castable'
08/29 18:33:13 [Localization System] CLocalize::FindSafe failed to localize: 'AIB[D] intent=top-arbiter family=state winner=anti-idle:2 losers=safe-cs:56,hero-over-creep:52,idle-heal:46,emergency-retreat:45,fwd-pullback:44'
08/29 18:33:13 [Localization System] CLocalize::FindSafe failed to localize: 'AIB[D] intent=tick-owner family=other stage=laning-core'
08/29 18:33:13 [Localization System] CLocalize::FindSafe failed to localize: 'AIB[R] blocked=hero-over-creep reason=no_target'
08/29 18:33:13 [Localization System] CLocalize::FindSafe failed to localize: 'AIB[R] intent=top-arbiter family=state winner=idle-heal:46 losers=safe-cs:56,hero-over-creep:52,emergency-retreat:45,fwd-pullback:44,emergency-kill:43.5'
08/29 18:33:13 [Localization System] CLocalize::FindSafe failed to localize: 'AIB[D] blocked=buy-loop reason=saving target=item_bottle head=item_bottle cost=675 gold=564 left=1'
08/29 18:33:13 [Localization System] CLocalize::FindSafe failed to localize: 'AIB[R] blocked=recovery-flask reason=already_healing hp=53'
08/29 18:33:14 [Localization System] CLocalize::FindSafe failed to localize: 'AIB[D] blocked=emergency-kill reason=no_target'
08/29 18:33:14 [Localization System] CLocalize::FindSafe failed to localize: 'AIB[D] blocked=uphill-repo reason=no_reposition'
08/29 18:33:14 [Localization System] CLocalize::FindSafe failed to localize: 'AIB[D] blocked=harass reason=own_heal_running'
08/29 18:33:14 [Localization System] CLocalize::FindSafe failed to localize: 'AIB[R] t=359s hp=61% gold=130 loc=-1207,553 lh=26 dn=4 dg=+8 dlh=+0 bottle=1 lvl=6 front=8999 ehp=-1'
08/29 18:33:14 [Localization System] CLocalize::FindSafe failed to localize: 'AIB[R] intent=tick-owner family=other stage=desire/anti-idle reason=ready score=2 band=idle'
08/29 18:33:15 [Localization System] CLocalize::FindSafe failed to localize: 'AIB[R] intent=cs-watchdog family=farm lh=26 idle=24 creep_hp=455 dist=827'
08/29 18:33:15 [Localization System] CLocalize::FindSafe failed to localize: 'AIB[R] intent=top-arbiter family=state winner=creep-work:38.8 losers=hero-over-creep:52,idle-heal:46,emergency-retreat:45,fwd-pullback:44,emergency-kill:43.5'
08/29 18:33:15 [Localization System] CLocalize::FindSafe failed to localize: 'AIB[D] intent=top-arbiter family=state winner=anti-idle:2 losers=hero-over-creep:52,idle-heal:46,emergency-retreat:45,fwd-pullback:44,emergency-kill:43.5'
08/29 18:33:15 [Localization System] CLocalize::FindSafe failed to localize: 'AIB[R] intent=wave-watch-work family=other lh=26 idle=24 creep_hp=455 dist=767'
08/29 18:33:15 [Localization System] CLocalize::FindSafe failed to localize: 'AIB[D] intent=tick-owner family=other stage=laning-core'
08/29 18:33:15 [Localization System] CLocalize::FindSafe failed to localize: 'AIB[R] intent=rune-ground-truth family=rune id=0 status=0 t=360'
08/29 18:33:15 [Localization System] CLocalize::FindSafe failed to localize: 'AIB[R] intent=rune-ground-truth family=rune id=1 status=0 t=360'
08/29 18:33:15 [Localization System] CLocalize::FindSafe failed to localize: 'AIB[R] blocked=emergency-kill reason=no_target'
08/29 18:33:15 [Localization System] CLocalize::FindSafe failed to localize: 'AIB[R] blocked=uphill-repo reason=no_reposition'
08/29 18:33:15 [Localization System] CLocalize::FindSafe failed to localize: 'AIB[R] blocked=ability-harass reason=nothing_castable'
08/29 18:33:15 [Localization System] CLocalize::FindSafe failed to localize: 'AIB[D] intent=rune-ground-truth family=rune id=0 status=0 t=360'
08/29 18:33:15 [Localization System] CLocalize::FindSafe failed to localize: 'AIB[D] intent=rune-ground-truth family=rune id=1 status=0 t=360'
08/29 18:33:16 [Localization System] CLocalize::FindSafe failed to localize: 'AIB[R] intent=recovery-plan family=recover action=bottle reason=charges hp=75 mana=100 charges=1'
08/29 18:33:16 [Localization System] CLocalize::FindSafe failed to localize: 'AIB[R] intent=bottle-rune family=rune reason=gone'
08/29 18:33:16 [Localization System] CLocalize::FindSafe failed to localize: 'AIB[R] intent=rune-result family=rune source=bottle-rune result=gone age=6'
08/29 18:33:16 [Localization System] CLocalize::FindSafe failed to localize: 'AIB[R] intent=melee-pack-space family=safety count=2 dist=395'
08/29 18:33:16 [Localization System] CLocalize::FindSafe failed to localize: 'AIB[D] blocked=hero-over-creep reason=no_target'
08/29 18:33:16 [Localization System] CLocalize::FindSafe failed to localize: 'AIB[D] blocked=ability-harass reason=nothing_castable'
08/29 18:33:16 [Localization System] CLocalize::FindSafe failed to localize: 'AIB[D] intent=top-arbiter family=state winner=anti-idle:2 losers=hero-over-creep:52,idle-heal:46,emergency-retreat:45,fwd-pullback:44,emergency-kill:43.5'
08/29 18:33:16 [Localization System] CLocalize::FindSafe failed to localize: 'AIB[R] blocked=buy-loop reason=saving target=item_power_treads head=item_belt_of_strength cost=450 gold=133 left=2'
08/29 18:33:16 [Localization System] CLocalize::FindSafe failed to localize: 'AIB[R] blocked=hero-over-creep reason=no_target'
08/29 18:33:16 [Localization System] CLocalize::FindSafe failed to localize: 'AIB[R] blocked=bottle-rune reason=cooldown left=6'
08/29 18:33:16 [Localization System] CLocalize::FindSafe failed to localize: 'AIB[R] intent=top-arbiter family=state winner=wave-watch:10 losers=hero-over-creep:52,idle-heal:46,emergency-retreat:45,fwd-pullback:44,emergency-kill:43.5'
08/29 18:33:17 [Localization System] CLocalize::FindSafe failed to localize: 'AIB[R] blocked=harass reason=own_heal_running'
08/29 18:33:17 [Localization System] CLocalize::FindSafe failed to localize: 'AIB[R] intent=tick-owner family=other stage=laning-core'
08/29 18:33:17 [Localization System] CLocalize::FindSafe failed to localize: 'AIB[D] blocked=emergency-kill reason=no_target'
08/29 18:33:17 [Localization System] CLocalize::FindSafe failed to localize: 'AIB[D] blocked=uphill-repo reason=no_reposition'
08/29 18:33:17 [Localization System] CLocalize::FindSafe failed to localize: 'AIB[D] intent=tick-owner family=other stage=laning-core'
08/29 18:33:18 [Localization System] CLocalize::FindSafe failed to localize: 'AIB[D] intent=top-arbiter family=state winner=anti-idle:2 losers=hero-over-creep:52,idle-heal:46,emergency-retreat:45,fwd-pullback:44,emergency-kill:43.5'
08/29 18:33:18 [Localization System] CLocalize::FindSafe failed to localize: 'AIB[D] t=363s hp=70% gold=570 loc=1743,1664 lh=12 dn=0 dg=+7 dlh=+0 bottle=-1 lvl=5 front=9764 ehp=-1'
08/29 18:33:18 [Localization System] CLocalize::FindSafe failed to localize: 'AIB[R] intent=top-arbiter family=state winner=creep-work:38.8 losers=hero-over-creep:52,idle-heal:46,emergency-retreat:45,fwd-pullback:44,emergency-kill:43.5'
08/29 18:33:18 [Localization System] CLocalize::FindSafe failed to localize: 'AIB[D] intent=damage-by-source family=other creep=1125 tower=0 hero=2553 mixed=427 death=34 other=191 stale=69 gaps=2'
08/29 18:33:18 [Localization System] CLocalize::FindSafe failed to localize: 'AIB[R] intent=state-desire-last-hit family=farm dist=463 reason=killable_creep score=140'
08/29 18:33:18 [Localization System] CLocalize::FindSafe failed to localize: 'AIB[D] blocked=buy-tp reason=recent_tp since=25'
08/29 18:33:18 [Localization System] CLocalize::FindSafe failed to localize: 'AIB[D] blocked=harass reason=own_heal_running'
08/29 18:33:19 [Localization System] CLocalize::FindSafe failed to localize: 'AIB[R] intent=tick-owner family=other stage=laning-core'
08/29 18:33:19 [Localization System] CLocalize::FindSafe failed to localize: 'AIB[R] blocked=recovery-rune-bottle reason=cooldown left=3'
08/29 18:33:19 [Localization System] CLocalize::FindSafe failed to localize: 'AIB[R] blocked=emergency-kill reason=no_target'
08/29 18:33:19 [Localization System] CLocalize::FindSafe failed to localize: 'AIB[R] blocked=uphill-repo reason=no_reposition'
08/29 18:33:19 [Localization System] CLocalize::FindSafe failed to localize: 'AIB[R] blocked=ability-harass reason=nothing_castable'
08/29 18:33:19 [Localization System] CLocalize::FindSafe failed to localize: 'AIB[R] intent=wave-watch-work family=other lh=26 idle=28 creep_hp=41 dist=463'
08/29 18:33:19 [Localization System] CLocalize::FindSafe failed to localize: 'AIB[D] blocked=hero-over-creep reason=no_target'
08/29 18:33:19 [Localization System] CLocalize::FindSafe failed to localize: 'AIB[D] blocked=ability-harass reason=nothing_castable'
08/29 18:33:19 [Localization System] CLocalize::FindSafe failed to localize: 'AIB[D] intent=top-arbiter family=state winner=anti-idle:2 losers=hero-over-creep:52,idle-heal:46,emergency-retreat:45,fwd-pullback:44,emergency-kill:43.5'
08/29 18:33:19 [Localization System] CLocalize::FindSafe failed to localize: 'AIB[D] intent=tick-owner family=other stage=laning-core'
08/29 18:33:19 [Localization System] CLocalize::FindSafe failed to localize: 'AIB[R] t=364s hp=100% gold=138 loc=-676,-384 lh=26 dn=4 dg=+8 dlh=+0 bottle=0 lvl=6 front=8999 ehp=-1'
08/29 18:33:19 [Localization System] CLocalize::FindSafe failed to localize: 'AIB[R] blocked=hero-over-creep reason=no_target'
08/29 18:33:20 [Localization System] CLocalize::FindSafe failed to localize: 'AIB[R] intent=top-arbiter family=state winner=creep-work:38.8 losers=hero-over-creep:52,idle-heal:46,emergency-retreat:45,fwd-pullback:44,emergency-kill:43.5'
08/29 18:33:20 [Localization System] CLocalize::FindSafe failed to localize: 'AIB[D] blocked=emergency-kill reason=no_target'
08/29 18:33:20 [Localization System] CLocalize::FindSafe failed to localize: 'AIB[D] blocked=uphill-repo reason=no_reposition'
08/29 18:33:21 [Localization System] CLocalize::FindSafe failed to localize: 'AIB[R] blocked=harass reason=own_heal_running'
08/29 18:33:21 [Localization System] CLocalize::FindSafe failed to localize: 'AIB[R] intent=tick-owner family=other stage=laning-core'
08/29 18:33:21 [Localization System] CLocalize::FindSafe failed to localize: 'AIB[D] blocked=harass reason=no_target'
08/29 18:33:21 [Localization System] CLocalize::FindSafe failed to localize: 'AIB[D] intent=top-arbiter family=state winner=fwd-position:22 losers=hero-over-creep:52,idle-heal:46,emergency-retreat:45,fwd-pullback:44,emergency-kill:43.5'
08/29 18:33:21 [Localization System] CLocalize::FindSafe failed to localize: 'AIB[R] intent=top-arbiter family=state winner=creep-work:38.8 losers=hero-over-creep:52,idle-heal:46,emergency-retreat:45,fwd-pullback:44,emergency-kill:43.5'
08/29 18:33:21 [Localization System] CLocalize::FindSafe failed to localize: 'AIB[D] blocked=uphill-repo reason=motor_busy'
08/29 18:33:21 [Localization System] CLocalize::FindSafe failed to localize: 'AIB[D] blocked=buy-loop reason=saving target=item_bottle head=item_bottle cost=675 gold=576 left=1'
08/29 18:33:21 [Localization System] CLocalize::FindSafe failed to localize: 'AIB[D] intent=tick-owner family=other stage=laning-core'
08/29 18:33:22 [Localization System] CLocalize::FindSafe failed to localize: 'AIB[R] blocked=recovery-rune-bottle reason=no_close_rune max=3600 waterMax=4700 nearest=inf water=inf mid=507'
08/29 18:33:22 [Localization System] CLocalize::FindSafe failed to localize: 'AIB[R] blocked=emergency-kill reason=no_target'
08/29 18:33:22 [Localization System] CLocalize::FindSafe failed to localize: 'AIB[R] blocked=uphill-repo reason=no_reposition'
08/29 18:33:22 [Localization System] CLocalize::FindSafe failed to localize: 'AIB[D] blocked=hero-over-creep reason=no_target'
08/29 18:33:22 [Localization System] CLocalize::FindSafe failed to localize: 'AIB[D] blocked=ability-harass reason=nothing_castable'
08/29 18:33:22 [Localization System] CLocalize::FindSafe failed to localize: 'AIB[R] blocked=hero-over-creep reason=no_target'
08/29 18:33:23 [Localization System] CLocalize::FindSafe failed to localize: 'AIB[D] intent=lane-line-episode family=other dist=1147 fwd=0.33'
08/29 18:33:23 [Localization System] CLocalize::FindSafe failed to localize: 'AIB[D] intent=top-arbiter family=state winner=lane-line:18 losers=hero-over-creep:52,idle-heal:46,emergency-retreat:45,fwd-pullback:44,emergency-kill:43.5'
08/29 18:33:23 [Localization System] CLocalize::FindSafe failed to localize: 'AIB[R] intent=top-arbiter family=state winner=creep-work:38.8 losers=hero-over-creep:52,idle-heal:46,emergency-retreat:45,fwd-pullback:44,emergency-kill:43.5'
08/29 18:33:23 [Localization System] CLocalize::FindSafe failed to localize: 'AIB[R] intent=tick-owner family=other stage=laning-core'
08/29 18:33:23 [Localization System] CLocalize::FindSafe failed to localize: 'AIB[D] t=368s hp=85% gold=578 loc=661,547 lh=12 dn=0 dg=+8 dlh=+0 bottle=-1 lvl=5 front=9616 ehp=-1'
08/29 18:33:23 [Localization System] CLocalize::FindSafe failed to localize: 'AIB[D] blocked=emergency-kill reason=no_target'
08/29 18:33:24 [Localization System] CLocalize::FindSafe failed to localize: 'AIB[D] blocked=hero-prio-chase reason=lane_work dist=1402 cs=true creep=true hp_adv=false kill_pressure=false close=false low_farm=false lane_override=false'
08/29 18:33:24 [Localization System] CLocalize::FindSafe failed to localize: 'AIB[D] intent=tick-owner family=other stage=laning-core'
08/29 18:33:24 Script function 'Think' on bot npc_dota_hero_nevermore took 2.431ms
08/29 18:33:24 [Localization System] CLocalize::FindSafe failed to localize: 'AIB[D] intent=state-desire-last-hit family=farm dist=520 reason=killable_creep score=140'
08/29 18:33:24 [Localization System] CLocalize::FindSafe failed to localize: 'AIB[D] intent=top-arbiter family=state winner=last-hit:158 losers=hero-over-creep:52,cs-inrange:50,idle-heal:46,emergency-retreat:45,fwd-pullback:44'
08/29 18:33:24 [Localization System] CLocalize::FindSafe failed to localize: 'AIB[R] blocked=buy-loop reason=saving target=item_power_treads head=item_belt_of_strength cost=450 gold=145 left=2'
08/29 18:33:24 [Localization System] CLocalize::FindSafe failed to localize: 'AIB[R] intent=top-arbiter family=state winner=creep-work:38.8 losers=hero-over-creep:52,idle-heal:46,emergency-retreat:45,fwd-pullback:44,emergency-kill:43.5'
08/29 18:33:24 [Localization System] CLocalize::FindSafe failed to localize: 'AIB[R] t=369s hp=100% gold=145 loc=-570,-354 enemy-dist=1315 lh=26 dn=4 dg=+7 dlh=+0 bottle=0 lvl=6 front=9263 ehp=86'
08/29 18:33:25 [Server] Game code (account 0) tried to execute invalid order (19). Target NPC is dead.
08/29 18:33:25 [Localization System] CLocalize::FindSafe failed to localize: 'AIB[R] intent=state-desire-last-hit family=farm dist=475 reason=killable_creep score=140'
08/29 18:33:25 [Localization System] CLocalize::FindSafe failed to localize: 'AIB[D] blocked=uphill-repo reason=no_reposition'
08/29 18:33:25 [Localization System] CLocalize::FindSafe failed to localize: 'AIB[D] blocked=harass reason=no_target'
08/29 18:33:25 [Localization System] CLocalize::FindSafe failed to localize: 'AIB[R] blocked=harass reason=own_heal_running'
08/29 18:33:25 [Localization System] CLocalize::FindSafe failed to localize: 'AIB[R] intent=tick-owner family=other stage=laning-core'
08/29 18:33:25 [Localization System] CLocalize::FindSafe failed to localize: 'AIB[D] blocked=uphill-repo reason=motor_busy'
08/29 18:33:25 [Localization System] CLocalize::FindSafe failed to localize: 'AIB[R] blocked=emergency-kill reason=no_target'
08/29 18:33:25 [Localization System] CLocalize::FindSafe failed to localize: 'AIB[R] blocked=uphill-repo reason=no_reposition'
08/29 18:33:25 [Localization System] CLocalize::FindSafe failed to localize: 'AIB[R] blocked=hero-over-creep reason=no_target'
08/29 18:33:26 [Localization System] CLocalize::FindSafe failed to localize: 'AIB[D] blocked=channel-interrupt reason=unsafe dist=1061 hp=86 kind=heal'
08/29 18:33:26 [Localization System] CLocalize::FindSafe failed to localize: 'AIB[D] blocked=hero-over-creep reason=no_target'
08/29 18:33:26 [Localization System] CLocalize::FindSafe failed to localize: 'AIB[D] blocked=ability-harass reason=nothing_castable'
08/29 18:33:26 [Localization System] CLocalize::FindSafe failed to localize: 'AIB[D] intent=tick-owner family=other stage=laning-core'
08/29 18:33:26 [Localization System] CLocalize::FindSafe failed to localize: 'AIB[D] intent=top-arbiter family=state winner=creep-work:38.6 losers=hero-over-creep:52,idle-heal:46,emergency-retreat:45,fwd-pullback:44,emergency-kill:43.5'
08/29 18:33:26 [Localization System] CLocalize::FindSafe failed to localize: 'AIB[R] intent=top-arbiter family=state winner=last-hit:158 losers=hero-over-creep:52,cs-inrange:50,idle-heal:46,emergency-retreat:45,fwd-pullback:44'
08/29 18:33:26 [Localization System] CLocalize::FindSafe failed to localize: 'AIB[D] blocked=recovery-buy reason=budget_cap hp=87 gold=597 count=3 allow=3'
08/29 18:33:26 [Localization System] CLocalize::FindSafe failed to localize: 'AIB[R] blocked=recovery-buy reason=flask_in_inventory hp=100'
08/29 18:33:26 [Localization System] CLocalize::FindSafe failed to localize: 'AIB[R] blocked=harass reason=no_target'
08/29 18:33:26 [Localization System] CLocalize::FindSafe failed to localize: 'AIB[R] intent=cs-watchdog family=farm lh=26 idle=35 creep_hp=145 dist=475'
08/29 18:33:26 [Localization System] CLocalize::FindSafe failed to localize: 'AIB[D] blocked=buy-tp reason=recent_tp since=33'
08/29 18:33:26 [Localization System] CLocalize::FindSafe failed to localize: 'AIB[R] blocked=ability-harass reason=nothing_castable'
08/29 18:33:26 [Localization System] CLocalize::FindSafe failed to localize: 'AIB[R] intent=wave-watch-work family=other lh=26 idle=35 creep_hp=127 dist=869'
08/29 18:33:26 [Localization System] CLocalize::FindSafe failed to localize: 'AIB[D] blocked=emergency-kill reason=no_target'
08/29 18:33:27 [Localization System] CLocalize::FindSafe failed to localize: 'AIB[D] blocked=hero-prio-chase reason=lane_work dist=885 cs=true creep=true hp_adv=false kill_pressure=false close=false low_farm=false lane_override=false'
08/29 18:33:27 [Localization System] CLocalize::FindSafe failed to localize: 'invalid index'
08/29 18:33:27 [Localization System] CLocalize::FindSafe failed to localize: 'AIB[R] intent=state-desire-last-hit family=farm dist=428 hyst=18 reason=killable_creep score=158'
08/29 18:33:27 [Localization System] CLocalize::FindSafe failed to localize: 'AIB[R] intent=tick-owner family=other stage=laning-core'
08/29 18:33:27 [Localization System] CLocalize::FindSafe failed to localize: 'AIB[D] intent=top-arbiter family=state winner=harass:40 losers=hero-over-creep:52,idle-heal:46,emergency-retreat:45,fwd-pullback:44,emergency-kill:43.5'
08/29 18:33:27 [Localization System] CLocalize::FindSafe failed to localize: 'AIB[R] intent=state-desire-fight family=state base=78 hp_adv=8 dist=696 hp=80 ehp=62 reason=enemy_seen score=86'
08/29 18:33:27 [Localization System] CLocalize::FindSafe failed to localize: 'AIB[R] blocked=ability-pressure reason=nothing_castable'
08/29 18:33:27 [Localization System] CLocalize::FindSafe failed to localize: 'AIB[R] intent=hero-contact family=fight dist=696 hp=80 reason=close_enemy'
08/29 18:33:27 [Localization System] CLocalize::FindSafe failed to localize: 'AIB[D] blocked=fight-candidate reason=no_action_capped hp=62 score=40'
08/29 18:33:27 [Localization System] CLocalize::FindSafe failed to localize: 'AIB[R] intent=damage-by-source family=other creep=346 tower=129 hero=1747 mixed=372 death=0 other=0 stale=798 gaps=8'
08/29 18:33:27 [Localization System] CLocalize::FindSafe failed to localize: 'AIB[R] blocked=hero-contact reason=refractory since=0.17'
08/29 18:33:27 [Localization System] CLocalize::FindSafe failed to localize: 'AIB[R] intent=hero-pass family=fight dist=610 hp=80 reason=nearby_enemy'
08/29 18:33:28 [Localization System] CLocalize::FindSafe failed to localize: 'AIB[R] intent=top-arbiter family=state winner=last-hit:140 losers=fight:122,hero-over-creep:52,cs-inrange:50,idle-heal:46,emergency-retreat:45'
08/29 18:33:28 [Localization System] CLocalize::FindSafe failed to localize: 'AIB[D] intent=state-desire-fight family=state base=78 range=18 dist=570 hp=63 ehp=80 reason=enemy_seen score=96'
08/29 18:33:28 [Localization System] CLocalize::FindSafe failed to localize: 'AIB[D] blocked=ability-pressure reason=nothing_castable'
08/29 18:33:28 [Localization System] CLocalize::FindSafe failed to localize: 'AIB[D] intent=hero-contact family=fight dist=570 hp=63 reason=attackable_enemy'
08/29 18:33:28 [Localization System] CLocalize::FindSafe failed to localize: 'AIB[D] intent=tick-owner family=other stage=desire/fight base=78 range=18 dist=570 hp=63 ehp=80 reason=enemy_seen score=96'
08/29 18:33:28 [Localization System] CLocalize::FindSafe failed to localize: 'AIB[R] blocked=top-arbiter reason=empty_action winner=fight score=104'
08/29 18:33:28 [Localization System] CLocalize::FindSafe failed to localize: 'AIB[R] blocked=cs-watchdog reason=no_creep lh=27 idle=36'
08/29 18:33:28 [Localization System] CLocalize::FindSafe failed to localize: 'AIB[D] blocked=hero-contact reason=refractory since=0.13'
08/29 18:33:28 [Localization System] CLocalize::FindSafe failed to localize: 'AIB[D] intent=hero-pass family=fight dist=570 hp=63 reason=nearby_enemy'
08/29 18:33:28 [Localization System] CLocalize::FindSafe failed to localize: 'AIB[D] blocked=top-arbiter reason=empty_action winner=fight score=114'
08/29 18:33:28 [Localization System] CLocalize::FindSafe failed to localize: 'AIB[D] blocked=hero-prio-always reason=hp_behind'
08/29 18:33:28 [Localization System] CLocalize::FindSafe failed to localize: 'invalid index'
08/29 18:33:28 [Localization System] CLocalize::FindSafe failed to localize: 'AIB[R] intent=kill-lock family=fight dist=570 ehp=34 hp=80 exec=false atk=true mutual=false reason=killable_enemy'
08/29 18:33:28 [Localization System] CLocalize::FindSafe failed to localize: 'AIB[D] t=373s hp=34% gold=645 loc=-62,53 enemy-dist=570 lh=15 dn=0 dg=+67 dlh=+3 bottle=-1 lvl=6 front=9616 ehp=80'
08/29 18:33:28 [Localization System] CLocalize::FindSafe failed to localize: 'AIB[D] intent=recovery-policy family=recover action=recover hp=34 gate=35 source=early-low'
08/29 18:33:28 [Localization System] CLocalize::FindSafe failed to localize: 'AIB[D] intent=state-recover-xp family=state ttl=2 reason=regen_lane hp=34 dist=710'
08/29 18:33:29 [Localization System] CLocalize::FindSafe failed to localize: 'AIB[D] blocked=safety-candidate reason=no_action_capped hp=35 score=44'
08/29 18:33:29 [Localization System] CLocalize::FindSafe failed to localize: 'AIB[D] intent=state-desire-recover family=state base=74 danger=28 hp=35 reason=hp_gate score=102'
08/29 18:33:29 [Localization System] CLocalize::FindSafe failed to localize: 'AIB[D] intent=top-arbiter family=state winner=recover:102 losers=fight:96,safe-cs:56,hero-over-creep:52,idle-heal:46,emergency-retreat:45'
08/29 18:33:29 [Localization System] CLocalize::FindSafe failed to localize: 'AIB[D] blocked=buy-loop reason=saving target=item_bottle head=item_bottle cost=675 gold=647 left=1'
08/29 18:33:30 [Localization System] CLocalize::FindSafe failed to localize: 'AIB[D] intent=tick-owner family=other stage=laning-core'
08/29 18:33:30 [Localization System] CLocalize::FindSafe failed to localize: 'AIB[R] t=375s hp=81% gold=258 loc=-215,-114 enemy-dist=731 lh=28 dn=4 dg=+113 dlh=+2 bottle=0 lvl=7 front=7078 ehp=35'
08/29 18:33:30 [Localization System] CLocalize::FindSafe failed to localize: 'AIB[R] intent=tick-owner family=other stage=laning-core'
08/29 18:33:30 [Localization System] CLocalize::FindSafe failed to localize: 'AIB[R] blocked=kill-lock reason=chase_into_tower dist=736 ehp=35'
08/29 18:33:30 [Localization System] CLocalize::FindSafe failed to localize: 'AIB[R] intent=state-desire-fight family=state base=78 hp_adv=8 execute=20 dist=736 hp=81 ehp=35 reason=enemy_seen score=106'
08/29 18:33:30 [Localization System] CLocalize::FindSafe failed to localize: 'AIB[R] intent=top-arbiter family=state winner=fight:106 losers=hero-over-creep:52,idle-heal:46,emergency-retreat:45,fwd-pullback:44,emergency-kill:43.5'
08/29 18:33:30 [Localization System] CLocalize::FindSafe failed to localize: 'AIB[D] blocked=recover-candidate reason=no_action_capped hp=36 score=44'
08/29 18:33:30 [Localization System] CLocalize::FindSafe failed to localize: 'AIB[D] blocked=hero-over-creep reason=no_target'
08/29 18:33:30 [Localization System] CLocalize::FindSafe failed to localize: 'AIB[R] blocked=hero-pass reason=chase_into_tower hp=81'
08/29 18:33:30 [Localization System] CLocalize::FindSafe failed to localize: 'AIB[R] blocked=top-arbiter reason=empty_action winner=fight score=124'
08/29 18:33:30 [Localization System] CLocalize::FindSafe failed to localize: 'AIB[R] blocked=hero-over-creep reason=no_target'
08/29 18:33:30 [Localization System] CLocalize::FindSafe failed to localize: 'AIB[R] blocked=emergency-kill reason=no_target'
08/29 18:33:30 [Localization System] CLocalize::FindSafe failed to localize: 'AIB[R] blocked=uphill-repo reason=no_reposition'
08/29 18:33:30 [Localization System] CLocalize::FindSafe failed to localize: 'AIB[R] blocked=harass reason=no_target'
08/29 18:33:30 [Localization System] CLocalize::FindSafe failed to localize: 'AIB[R] blocked=ability-harass reason=nothing_castable'
08/29 18:33:30 [Localization System] CLocalize::FindSafe failed to localize: 'AIB[R] blocked=ability-pressure reason=nothing_castable'
08/29 18:33:30 [Localization System] CLocalize::FindSafe failed to localize: 'AIB[D] intent=recovery-policy family=recover action=recover hp=25 gate=35 source=early-low'
08/29 18:33:31 [Localization System] CLocalize::FindSafe failed to localize: 'AIB[R] blocked=recovery-rune-bottle reason=no_close_rune max=3600 waterMax=4700 nearest=inf water=inf mid=1448'
08/29 18:33:31 [Localization System] CLocalize::FindSafe failed to localize: 'AIB[D] intent=recovery-plan family=recover action=back reason=post_fight_regen hp=25'
08/29 18:33:31 [Localization System] CLocalize::FindSafe failed to localize: 'AIB[D] intent=state-recover-safe family=state ttl=5 reason=post_fight_regen hp=25 dist=727'
08/29 18:33:31 [Localization System] CLocalize::FindSafe failed to localize: 'AIB[R] intent=top-arbiter family=state winner=anti-idle:2 losers=hero-over-creep:52,idle-heal:46,emergency-retreat:45,fwd-pullback:44,emergency-kill:43.5'
08/29 18:33:32 [Server] Client (account 0) tried to execute invalid order (3). Unrecognized order identifier.
08/29 18:33:32 [Localization System] CLocalize::FindSafe failed to localize: 'AIB[D] intent=tick-owner family=other stage=laning-core'
08/29 18:33:32 [Localization System] CLocalize::FindSafe failed to localize: 'AIB[R] intent=tick-owner family=other stage=laning-core'
08/29 18:33:32 [Localization System] CLocalize::FindSafe failed to localize: 'AIB[R] blocked=buy-loop reason=saving target=item_power_treads head=item_belt_of_strength cost=450 gold=262 left=2'
08/29 18:33:32 [Localization System] CLocalize::FindSafe failed to localize: 'AIB[D] intent=recovery-policy family=recover action=recover hp=26 gate=35 source=early-low'
08/29 18:33:33 [Localization System] CLocalize::FindSafe failed to localize: 'AIB[R] blocked=cs-watchdog reason=no_creep lh=28 idle=41'
08/29 18:33:33 [Localization System] CLocalize::FindSafe failed to localize: 'AIB[R] intent=top-arbiter family=state winner=anti-idle:2 losers=hero-over-creep:52,idle-heal:46,emergency-retreat:45,fwd-pullback:44,emergency-kill:43.5'
08/29 18:33:33 [Localization System] CLocalize::FindSafe failed to localize: 'AIB[D] t=378s hp=27% gold=652 loc=824,788 lh=15 dn=0 dg=+7 dlh=+0 bottle=-1 lvl=6 front=9549 ehp=-1'
08/29 18:33:33 [Localization System] CLocalize::FindSafe failed to localize: 'AIB[R] blocked=hero-over-creep reason=no_target'
08/29 18:33:33 [Localization System] CLocalize::FindSafe failed to localize: 'AIB[R] blocked=emergency-kill reason=no_target'
08/29 18:33:33 [Localization System] CLocalize::FindSafe failed to localize: 'AIB[R] blocked=uphill-repo reason=no_reposition'
08/29 18:33:33 [Localization System] CLocalize::FindSafe failed to localize: 'AIB[R] blocked=harass reason=no_target'
08/29 18:33:33 [Localization System] CLocalize::FindSafe failed to localize: 'AIB[R] blocked=ability-harass reason=nothing_castable'
08/29 18:33:33 [Localization System] CLocalize::FindSafe failed to localize: 'AIB[D] intent=damage-by-source family=other creep=1125 tower=0 hero=3088 mixed=427 death=34 other=191 stale=69 gaps=2'
08/29 18:33:33 [Localization System] CLocalize::FindSafe failed to localize: 'AIB[R] intent=lane-line-episode family=other dist=611 fwd=0.50'
08/29 18:33:34 [Localization System] CLocalize::FindSafe failed to localize: 'AIB[R] blocked=uphill-repo reason=motor_busy'
08/29 18:33:34 [Localization System] CLocalize::FindSafe failed to localize: 'AIB[R] intent=cs-watchdog family=farm lh=28 idle=42 creep_hp=550 dist=771'
08/29 18:33:34 [Localization System] CLocalize::FindSafe failed to localize: 'AIB[D] intent=tick-owner family=other stage=laning-core'
08/29 18:33:34 [Localization System] CLocalize::FindSafe failed to localize: 'AIB[R] intent=tick-owner family=other stage=desire/wave-watch reason=ready score=10 band=idle'
08/29 18:33:34 [Localization System] CLocalize::FindSafe failed to localize: 'AIB[D] blocked=buy-tp reason=recent_tp since=3'
08/29 18:33:34 [Localization System] CLocalize::FindSafe failed to localize: 'AIB[D] intent=recovery-policy family=recover action=recover hp=27 gate=35 source=early-low'
08/29 18:33:35 [Localization System] CLocalize::FindSafe failed to localize: 'AIB[R] intent=own-ranged-lead family=other lead=164 count=3'
08/29 18:33:35 [Localization System] CLocalize::FindSafe failed to localize: 'AIB[R] intent=top-arbiter family=state winner=ranged-spacing:41 losers=hero-over-creep:52,idle-heal:46,emergency-retreat:45,fwd-pullback:44,emergency-kill:43.5'
08/29 18:33:35 [Localization System] CLocalize::FindSafe failed to localize: 'AIB[R] t=380s hp=83% gold=266 loc=-689,-582 lh=28 dn=4 dg=+8 dlh=+0 bottle=0 lvl=7 front=8355 ehp=-1'
08/29 18:33:36 [Localization System] CLocalize::FindSafe failed to localize: 'AIB[D] intent=tick-owner family=other stage=laning-core'
08/29 18:33:36 [Localization System] CLocalize::FindSafe failed to localize: 'AIB[R] intent=tick-owner family=other stage=desire/wave-watch reason=ready score=10 band=idle'
08/29 18:33:36 [Localization System] CLocalize::FindSafe failed to localize: 'AIB[R] blocked=hero-over-creep reason=no_target'
08/29 18:33:36 [Localization System] CLocalize::FindSafe failed to localize: 'AIB[R] blocked=emergency-kill reason=no_target'
08/29 18:33:36 [Localization System] CLocalize::FindSafe failed to localize: 'AIB[R] blocked=uphill-repo reason=no_reposition'
08/29 18:33:36 [Localization System] CLocalize::FindSafe failed to localize: 'AIB[R] blocked=harass reason=no_target'
08/29 18:33:36 [Localization System] CLocalize::FindSafe failed to localize: 'AIB[R] blocked=ability-harass reason=nothing_castable'
08/29 18:33:36 [Localization System] CLocalize::FindSafe failed to localize: 'AIB[R] intent=top-arbiter family=state winner=wave-watch:10 losers=hero-over-creep:52,idle-heal:46,emergency-retreat:45,fwd-pullback:44,emergency-kill:43.5'
08/29 18:33:37 [Localization System] CLocalize::FindSafe failed to localize: 'AIB[R] blocked=visual-hold reason=creep_in_range held=2.1 hp=84 repeat=7 hard=true'
08/29 18:33:37 [Localization System] CLocalize::FindSafe failed to localize: 'AIB[D] intent=recovery-policy family=recover action=recover hp=28 gate=35 source=early-low'
08/29 18:33:37 [Localization System] CLocalize::FindSafe failed to localize: 'AIB[D] blocked=buy-loop reason=saving target=item_bottle head=item_bottle cost=675 gold=659 left=1'
08/29 18:33:38 [Localization System] CLocalize::FindSafe failed to localize: 'AIB[R] intent=top-arbiter family=state winner=creep-work:38.8 losers=hero-over-creep:52,idle-heal:46,emergency-retreat:45,fwd-pullback:44,emergency-kill:43.5'
08/29 18:33:38 [Localization System] CLocalize::FindSafe failed to localize: 'AIB[D] t=383s hp=29% gold=660 loc=1930,1838 lh=15 dn=0 dg=+8 dlh=+0 bottle=-1 lvl=6 front=10024 ehp=-1'
08/29 18:33:38 [Localization System] CLocalize::FindSafe failed to localize: 'AIB[D] intent=tick-owner family=other stage=laning-core'
08/29 18:33:38 [Localization System] CLocalize::FindSafe failed to localize: 'AIB[R] intent=tick-owner family=other stage=laning-core'
08/29 18:33:38 [Localization System] CLocalize::FindSafe failed to localize: 'AIB[R] intent=state-desire-last-hit family=farm dist=375 reason=killable_creep score=140'
08/29 18:33:39 [Localization System] CLocalize::FindSafe failed to localize: 'AIB[D] intent=recovery-policy family=recover action=recover hp=30 gate=35 source=early-low'
08/29 18:33:39 [Localization System] CLocalize::FindSafe failed to localize: 'AIB[R] blocked=recovery-rune-bottle reason=no_close_rune max=3600 waterMax=4700 nearest=inf water=inf mid=300'
08/29 18:33:39 [SteamNetSockets] Certificate expires in 47h09m at 1788191003 (current time 1788021220), will renew in 45h09m
08/29 18:33:39 [Localization System] CLocalize::FindSafe failed to localize: 'AIB[R] blocked=hero-over-creep reason=no_target'
08/29 18:33:39 [Localization System] CLocalize::FindSafe failed to localize: 'AIB[R] blocked=emergency-kill reason=no_target'
08/29 18:33:39 [Localization System] CLocalize::FindSafe failed to localize: 'AIB[R] blocked=uphill-repo reason=no_reposition'
08/29 18:33:39 [Localization System] CLocalize::FindSafe failed to localize: 'AIB[R] blocked=harass reason=no_target'
08/29 18:33:39 [Localization System] CLocalize::FindSafe failed to localize: 'AIB[R] intent=top-arbiter family=state winner=creep-work:38.8 losers=hero-over-creep:52,idle-heal:46,emergency-retreat:45,fwd-pullback:44,emergency-kill:43.5'
08/29 18:33:40 [Localization System] CLocalize::FindSafe failed to localize: 'AIB[R] t=385s hp=85% gold=273 loc=-737,-632 lh=28 dn=4 dg=+7 dlh=+0 bottle=0 lvl=7 front=8539 ehp=-1'
08/29 18:33:40 [Localization System] CLocalize::FindSafe failed to localize: 'AIB[D] intent=tick-owner family=other stage=laning-core'
08/29 18:33:40 [Localization System] CLocalize::FindSafe failed to localize: 'AIB[R] intent=tick-owner family=other stage=laning-core'
08/29 18:33:40 [Localization System] CLocalize::FindSafe failed to localize: 'AIB[R] blocked=buy-loop reason=saving target=item_power_treads head=item_belt_of_strength cost=450 gold=274 left=2'
08/29 18:33:41 [Localization System] CLocalize::FindSafe failed to localize: 'AIB[R] blocked=ability-harass reason=nothing_castable'
08/29 18:33:41 [Localization System] CLocalize::FindSafe failed to localize: 'AIB[R] blocked=visual-hold reason=creep_in_range held=6.1 hp=86 repeat=8 hard=true'
08/29 18:33:41 [Localization System] CLocalize::FindSafe failed to localize: 'AIB[R] intent=wave-watch-work family=other lh=28 idle=7 creep_hp=43 dist=339'
08/29 18:33:41 [Localization System] CLocalize::FindSafe failed to localize: 'AIB[D] intent=recovery-policy family=recover action=recover hp=31 gate=35 source=early-low'
08/29 18:33:41 [Localization System] CLocalize::FindSafe failed to localize: 'AIB[R] intent=top-arbiter family=state winner=creep-work:38.8 losers=hero-over-creep:52,idle-heal:46,emergency-retreat:45,fwd-pullback:44,emergency-kill:43.5'
08/29 18:33:42 [Localization System] CLocalize::FindSafe failed to localize: 'AIB[D] intent=tick-owner family=other stage=laning-core'
08/29 18:33:42 [Localization System] CLocalize::FindSafe failed to localize: 'AIB[R] intent=tick-owner family=other stage=laning-core'
08/29 18:33:42 [Localization System] CLocalize::FindSafe failed to localize: 'AIB[D] blocked=buy-tp reason=recent_tp since=11'
08/29 18:33:42 [Localization System] CLocalize::FindSafe failed to localize: 'AIB[R] intent=damage-by-source family=other creep=346 tower=129 hero=1747 mixed=372 death=0 other=0 stale=798 gaps=8'
08/29 18:33:42 [Localization System] CLocalize::FindSafe failed to localize: 'AIB[R] blocked=hero-over-creep reason=no_target'
08/29 18:33:42 [Localization System] CLocalize::FindSafe failed to localize: 'AIB[R] blocked=emergency-kill reason=no_target'
08/29 18:33:42 [Localization System] CLocalize::FindSafe failed to localize: 'AIB[R] blocked=uphill-repo reason=no_reposition'
08/29 18:33:42 [Localization System] CLocalize::FindSafe failed to localize: 'AIB[R] blocked=harass reason=no_target'
08/29 18:33:43 [Localization System] CLocalize::FindSafe failed to localize: 'AIB[R] intent=top-arbiter family=state winner=creep-work:38.8 losers=hero-over-creep:52,idle-heal:46,emergency-retreat:45,fwd-pullback:44,emergency-kill:43.5'
08/29 18:33:43 [Localization System] CLocalize::FindSafe failed to localize: 'AIB[D] intent=recovery-policy family=recover action=recover hp=33 gate=35 source=early-low'
08/29 18:33:43 [Localization System] CLocalize::FindSafe failed to localize: 'AIB[D] t=388s hp=33% gold=667 loc=3131,2819 lh=15 dn=0 dg=+7 dlh=+0 bottle=-1 lvl=6 front=9993 ehp=-1'
08/29 18:33:44 [Localization System] CLocalize::FindSafe failed to localize: 'AIB[D] intent=tick-owner family=other stage=laning-core'
08/29 18:33:44 [Localization System] CLocalize::FindSafe failed to localize: 'AIB[R] intent=top-arbiter family=state winner=creep-work:38.8 losers=hero-over-creep:52,idle-heal:46,emergency-retreat:45,fwd-pullback:44,emergency-kill:43.5'
08/29 18:33:44 [Localization System] CLocalize::FindSafe failed to localize: 'AIB[R] intent=tick-owner family=other stage=laning-core'
08/29 18:33:45 Script function 'AbilityUsageThink' on bot npc_dota_hero_nevermore took 2.412ms
08/29 18:33:45 [Localization System] CLocalize::FindSafe failed to localize: 'AIB[R] t=390s hp=87% gold=281 loc=-578,-577 lh=28 dn=4 dg=+8 dlh=+0 bottle=0 lvl=7 front=8560 ehp=-1'
08/29 18:33:45 [Localization System] CLocalize::FindSafe failed to localize: 'AIB[R] intent=state-desire-last-hit family=farm dist=213 reason=killable_creep score=140'
08/29 18:33:45 [Localization System] CLocalize::FindSafe failed to localize: 'AIB[D] intent=recovery-policy family=recover action=recover hp=34 gate=35 source=early-low'
08/29 18:33:45 [Localization System] CLocalize::FindSafe failed to localize: 'AIB[D] blocked=buy-loop reason=saving target=item_bottle head=item_bottle cost=675 gold=671 left=1'
08/29 18:33:46 [Localization System] CLocalize::FindSafe failed to localize: 'AIB[R] blocked=hero-over-creep reason=no_target'
08/29 18:33:46 [Localization System] CLocalize::FindSafe failed to localize: 'AIB[R] blocked=emergency-kill reason=no_target'
08/29 18:33:46 [Localization System] CLocalize::FindSafe failed to localize: 'AIB[R] blocked=uphill-repo reason=no_reposition'
08/29 18:33:46 [Localization System] CLocalize::FindSafe failed to localize: 'AIB[R] blocked=harass reason=no_target'
08/29 18:33:46 [Localization System] CLocalize::FindSafe failed to localize: 'AIB[R] intent=top-arbiter family=state winner=creep-work:38.8 losers=hero-over-creep:52,idle-heal:46,emergency-retreat:45,fwd-pullback:44,emergency-kill:43.5'
08/29 18:33:46 [Localization System] CLocalize::FindSafe failed to localize: 'AIB[D] blocked=recover-candidate reason=no_resources_behind_safe hp=35 score=44'
08/29 18:33:46 [Localization System] CLocalize::FindSafe failed to localize: 'AIB[D] blocked=hero-over-creep reason=no_target'
08/29 18:33:46 [Localization System] CLocalize::FindSafe failed to localize: 'AIB[D] intent=top-arbiter family=state winner=idle-heal:46 losers=safe-cs:56,hero-over-creep:52,emergency-retreat:45,fwd-pullback:44,emergency-kill:43.5'
08/29 18:33:46 [Localization System] CLocalize::FindSafe failed to localize: 'AIB[D] intent=tick-owner family=other stage=desire/idle-heal reason=ready score=46 band=lanework'
08/29 18:33:46 [Localization System] CLocalize::FindSafe failed to localize: 'AIB[R] intent=tick-owner family=other stage=laning-core'
08/29 18:33:47 [Localization System] CLocalize::FindSafe failed to localize: 'AIB[R] blocked=recovery-rune-bottle reason=no_close_rune max=3600 waterMax=4700 nearest=inf water=inf mid=467'
08/29 18:33:47 [Localization System] CLocalize::FindSafe failed to localize: 'AIB[R] intent=state-desire-last-hit family=farm dist=569 reason=killable_creep score=140'
08/29 18:33:47 [Localization System] CLocalize::FindSafe failed to localize: 'AIB[R] intent=top-arbiter family=state winner=last-hit:140 losers=hero-over-creep:52,idle-heal:46,emergency-retreat:45,fwd-pullback:44,emergency-kill:43.5'
08/29 18:33:48 [Localization System] CLocalize::FindSafe failed to localize: 'AIB[D] intent=top-arbiter family=state winner=idle-heal:46 losers=safe-cs:56,hero-over-creep:52,emergency-retreat:45,fwd-pullback:44,emergency-kill:43.5'
08/29 18:33:48 [Localization System] CLocalize::FindSafe failed to localize: 'AIB[R] blocked=ability-harass reason=nothing_castable'
08/29 18:33:48 [Localization System] CLocalize::FindSafe failed to localize: 'AIB[R] intent=wave-watch-work family=other lh=28 idle=14 creep_hp=160 dist=546'
08/29 18:33:48 [Localization System] CLocalize::FindSafe failed to localize: 'AIB[R] anti-idle-combat=2 anti-idle-enter=36 anti-idle-lane=17 anti-idle-lowhp-back=7 anti-idle-push=1 bottle-heal=5 bottle-rune=4 channel-interrupt-atk=18 channel-interrupt-chase=15 creep-aggro-back=4 creep-aggro-hero-yield=12 creep-aggro-hit=15 creep-dmg=7 creep-hit-react-atk=15 creep-hit-react-step=10 cs-wait-release=64 cs-wait=23 cs-walk-gap-large=51 cs-walk-gap-small=108 cs-walk-inrange=17 cs-walk-into-pack=59 cs-walk=176 cs-watchdog-atk=3 cs-watchdog-step=17 deny-act-atk=34 deny-act-walk=29 deny-act=63 deny-cand-doomed=39 deny-cand-tanky=173 dw-active=3 dw-farm=24 dw-fwd=1 dw-tower-step=6 empty-bottle-ok=6 fight-hp-behind=6 fwd-at-position=8 fwd-hold=2 fwd-lowhp-pull=1 fwd-position=2 fwd-suppressed-creep=30 fwd-suppressed-cs=7 fwd-suppressed-empty=6 fwd-suppressed-hero=12 fwd-suppressed-lowhp=5 fwd-suppressed-motor=19 fwd-suppressed-recovery=4 fwd-suppressed-rune=2 fwd-suppressed-tower=9 fwd-suppressed-visual=4 fwd-suppressed-watchdog=4 harass-seek=5 heal-item=3 heal-no-dive=4 heal-want=2 hero-contact-atk=29 hero-contact-chase=11 hero-over-creep=10 hero-pass-atk=9 hero-pass-chase=6 idle=16 kill-lock-atk=9 kill-lock-chase=8 kill-priority=25 killwin-atk=126 killwin-scan=1052 lane-line-fallback=110 lane-line-suppressed-creep-dmg=1 lane-line-suppressed-creep=14 lane-line-suppressed-empty=10 lane-line-suppressed-heal=15 lane-line-suppressed-lowhp=23 lane-line-suppressed-motor=3 lane-line-suppressed-recovery=1 last-hit-urgent=105 low-hp-limit=8 melee-pack-release=20 melee-pack-space=23 no-dive=2 own-ranged-stepback=2 pre-aig=36 precreep-anchor=49 precreep-hold=3 precreep-park-hold=13 precreep-park=154 precreep-space=2 prewave-defend=2 prewave-free-hit=87 recover-xp=13 recovery-bottle-active=6 recovery-bottle=1 recovery-buy=5 recovery-enemy-near=260 recovery-flask=3 recovery-regen=10 recovery-tango=1 regen-walk=3 siege-commit-tower=28 siege-creep=1 siege-step=5 siege-terminal-tower=47 tango-heal=2 tower-aggro-drop=7 uphill-reposition=6 uphill-void-under-fire=14 visual-hold-creep-step=1 visual-hold-creep=28 visual-hold-lane=2 visual-hold-still=1 wave-watch-atk=22 wave-watch-no-wave=27 wave-watch-step=121 wave-watch=23'
08/29 18:33:48 [Localization System] CLocalize::FindSafe failed to localize: 'AIB[D] t=393s hp=37% gold=675 loc=4025,4065 lh=15 dn=0 dg=+8 dlh=+0 bottle=-1 lvl=6 front=9678 ehp=-1'
08/29 18:33:48 [Localization System] CLocalize::FindSafe failed to localize: 'AIB[D] intent=tick-owner family=other stage=desire/idle-heal reason=ready score=46 band=lanework'
08/29 18:33:48 [Localization System] CLocalize::FindSafe failed to localize: 'AIB[R] blocked=buy-loop reason=saving target=item_power_treads head=item_belt_of_strength cost=450 gold=286 left=2'
08/29 18:33:48 [Localization System] CLocalize::FindSafe failed to localize: 'AIB[R] intent=lane-line-episode family=other dist=324 fwd=0.55'
08/29 18:33:48 [Localization System] CLocalize::FindSafe failed to localize: 'AIB[R] intent=tick-owner family=other stage=desire/lane-line reason=ready score=18 band=position'
08/29 18:33:48 [Localization System] CLocalize::FindSafe failed to localize: 'AIB[D] intent=damage-by-source family=other creep=1125 tower=0 hero=3088 mixed=427 death=34 other=191 stale=69 gaps=2'
08/29 18:33:49 [Localization System] CLocalize::FindSafe failed to localize: 'AIB[R] blocked=hero-over-creep reason=no_target'
08/29 18:33:49 [Localization System] CLocalize::FindSafe failed to localize: 'AIB[R] blocked=emergency-kill reason=no_target'
08/29 18:33:49 [Localization System] CLocalize::FindSafe failed to localize: 'AIB[R] blocked=uphill-repo reason=motor_busy'
08/29 18:33:49 [Localization System] CLocalize::FindSafe failed to localize: 'AIB[R] blocked=harass reason=no_target'
08/29 18:33:49 [Localization System] CLocalize::FindSafe failed to localize: 'AIB[D] anti-afk-lane=1 anti-afk-no-chase=2 anti-idle-combat=3 anti-idle-creep-walk=1 anti-idle-enter=39 anti-idle-lane=20 anti-idle-lowhp-back=10 buy-skip-fountain-floor=2 channel-interrupt-atk=33 channel-interrupt-chase=15 creep-aggro-back=5 creep-aggro-hero-yield=9 creep-aggro-hit=35 creep-dmg=7 creep-hit-react-atk=11 creep-hit-react-step=15 critical-recover-hold=8 critical-recover-lock=3 cs-wait-release=8 cs-wait=8 cs-walk-gap-large=17 cs-walk-gap-small=13 cs-walk-inrange=8 cs-walk-into-pack=5 cs-walk=38 cs-watchdog-atk=1 cs-watchdog-step=9 cw-push-cs-step=2 cw-push=140 deny-act-atk=3 deny-act-walk=24 deny-act=27 deny-cand-doomed=8 deny-cand-tanky=79 fight-hp-behind=19 fountain-tp-hold=2 fountain-trip-release=4 fountain-wait=14 fwd-at-position=9 fwd-hold=2 fwd-lowhp-pull=1 fwd-position=2 fwd-suppressed-creep=8 fwd-suppressed-cs=2 fwd-suppressed-empty=1 fwd-suppressed-hero=4 fwd-suppressed-lowhp=5 fwd-suppressed-motor=18 fwd-suppressed-recovery=7 fwd-suppressed-tower=13 fwd-suppressed-visual=6 fwd-suppressed-watchdog=1 heal-blocked-damage=1 heal-inflight-back=6 heal-inflight-hold=1 heal-item=8 heal-want=9 hero-contact-atk=33 hero-contact-chase=6 hero-over-creep=10 hero-pass-atk=19 hero-pass-chase=3 hero-prio-always=4 hero-prio-chase-hold=12 hero-prio-chase=37 idle=19 killwin-scan=1372 lane-line-fallback=48 lane-line-suppressed-creep=1 lane-line-suppressed-heal=12 lane-line-suppressed-lowhp=24 lane-line-suppressed-motor=3 last-hit-urgent=61 low-hp-behind-safe=1 low-hp-creep=16 low-hp-limit=14 melee-pack-release=14 melee-pack-space=22 own-ranged-stepback=1 pre-aig=39 precreep-anchor=29 precreep-hold=2 precreep-park-hold=12 precreep-park=185 precreep-space=4 prewave-duel-approach=31 prewave-duel-trade=92 recover-safe=23 recover-xp=33 recovery-buy-critical=4 recovery-buy=4 recovery-enemy-near=189 recovery-regen=18 recovery-tango=3 recovery-timeout=1 recovery-tp=2 recovery-wait=2 recovery-walk=1 recovery-yield=5 regen-walk=36 uphill-reposition=1 uphill-void-under-fire=4 visual-hold-creep=2 visual-hold-lane=8 wave-watch-atk=2 wave-watch-no-wave=29 wave-watch-step=44 wave-watch=11'
08/29 18:33:49 [Localization System] CLocalize::FindSafe failed to localize: 'AIB[R] intent=top-arbiter family=state winner=lane-line:18 losers=hero-over-creep:52,idle-heal:46,emergency-retreat:45,fwd-pullback:44,emergency-kill:43.5'
08/29 18:33:49 [Localization System] CLocalize::FindSafe failed to localize: 'AIB[D] blocked=recover-candidate reason=no_resources_behind_safe hp=38 score=44'
08/29 18:33:49 [Localization System] CLocalize::FindSafe failed to localize: 'AIB[D] blocked=hero-over-creep reason=no_target'
08/29 18:33:49 [Localization System] CLocalize::FindSafe failed to localize: 'AIB[D] intent=top-arbiter family=state winner=idle-heal:46 losers=safe-cs:56,hero-over-creep:52,emergency-retreat:45,fwd-pullback:44,emergency-kill:43.5'
08/29 18:33:50 [Localization System] CLocalize::FindSafe failed to localize: 'AIB[R] intent=state-siege-window family=siege ttl=2 wave=3 tower=1188 hp=90 adv=true'
08/29 18:33:50 [Localization System] CLocalize::FindSafe failed to localize: 'AIB[R] intent=tower-opportunity family=siege result=step phase=wave wave=3 tower=1188'
08/29 18:33:50 [Localization System] CLocalize::FindSafe failed to localize: 'AIB[R] t=395s hp=90% gold=340 loc=-247,-158 lh=29 dn=4 dg=+59 dlh=+1 bottle=0 lvl=7 front=9262 ehp=-1'
08/29 18:33:50 [Localization System] CLocalize::FindSafe failed to localize: 'AIB[R] intent=state-desire-siege family=siege base=66 push=12 hp=90 reason=tower_window score=78'
08/29 18:33:50 [Localization System] CLocalize::FindSafe failed to localize: 'AIB[D] intent=tick-owner family=other stage=desire/idle-heal reason=ready score=46 band=lanework'
08/29 18:33:50 [Localization System] CLocalize::FindSafe failed to localize: 'AIB[R] intent=tick-owner family=other stage=laning-core'
08/29 18:33:51 [Localization System] CLocalize::FindSafe failed to localize: 'AIB[R] intent=top-arbiter family=state winner=siege:96 losers=hero-over-creep:52,idle-heal:46,emergency-retreat:45,fwd-pullback:44,emergency-kill:43.5'
08/29 18:33:51 [Localization System] CLocalize::FindSafe failed to localize: 'AIB[D] intent=top-arbiter family=state winner=idle-heal:46 losers=safe-cs:56,hero-over-creep:52,emergency-retreat:45,fwd-pullback:44,emergency-kill:43.5'
08/29 18:33:52 [Localization System] CLocalize::FindSafe failed to localize: 'AIB[R] intent=state-desire-siege family=siege base=66 push=12 hp=90 hyst=18 reason=tower_window score=96'
08/29 18:33:52 [Localization System] CLocalize::FindSafe failed to localize: 'AIB[R] intent=state-siege-window family=siege ttl=2 wave=4 tower=687 hp=90 adv=true'
08/29 18:33:52 [Localization System] CLocalize::FindSafe failed to localize: 'AIB[R] intent=tower-opportunity family=siege result=hit phase=terminal wave=4 tower=687'
08/29 18:33:52 [Localization System] CLocalize::FindSafe failed to localize: 'AIB[R] intent=top-arbiter family=state winner=siege:96 losers=hero-over-creep:52,idle-heal:46,emergency-retreat:45,fwd-pullback:44,emergency-kill:43.5'
08/29 18:33:52 [Localization System] CLocalize::FindSafe failed to localize: 'AIB[D] blocked=recover-candidate reason=no_resources_behind_safe hp=40 score=44'
08/29 18:33:52 [Localization System] CLocalize::FindSafe failed to localize: 'AIB[D] blocked=hero-over-creep reason=no_target'
08/29 18:33:52 [Localization System] CLocalize::FindSafe failed to localize: 'AIB[D] intent=top-arbiter family=state winner=idle-heal:46 losers=safe-cs:56,hero-over-creep:52,emergency-retreat:45,fwd-pullback:44,emergency-kill:43.5'
08/29 18:33:52 [Localization System] CLocalize::FindSafe failed to localize: 'AIB[D] intent=tick-owner family=other stage=desire/idle-heal reason=ready score=46 band=lanework'
08/29 18:33:53 [Localization System] CLocalize::FindSafe failed to localize: 'AIB[R] intent=tick-owner family=other stage=laning-core'
08/29 18:33:53 [Localization System] CLocalize::FindSafe failed to localize: 'AIB[D] blocked=fountain-floor reason=heal_in_hand hp=41 inflight=nil'
08/29 18:33:53 [Localization System] CLocalize::FindSafe failed to localize: 'AIB[D] blocked=emergency-kill reason=no_target'
08/29 18:33:53 [Localization System] CLocalize::FindSafe failed to localize: 'AIB[D] blocked=uphill-repo reason=no_reposition'
08/29 18:33:53 [Localization System] CLocalize::FindSafe failed to localize: 'AIB[D] blocked=harass reason=own_heal_running'
08/29 18:33:53 [Localization System] CLocalize::FindSafe failed to localize: 'AIB[D] blocked=ability-harass reason=nothing_castable'
08/29 18:33:53 [Localization System] CLocalize::FindSafe failed to localize: 'AIB[R] intent=state-desire-siege family=siege base=66 push=12 hp=91 hyst=18 reason=tower_window score=96'
08/29 18:33:53 [Localization System] CLocalize::FindSafe failed to localize: 'AIB[D] t=398s hp=43% gold=7 loc=4868,4985 lh=15 dn=0 dg=-668 dlh=+0 bottle=2 lvl=6 front=8620 ehp=-1'
08/29 18:33:54 [Localization System] CLocalize::FindSafe failed to localize: 'AIB[R] intent=state-siege-window family=siege ttl=2 wave=3 tower=687 hp=91 adv=true'
08/29 18:33:54 [Localization System] CLocalize::FindSafe failed to localize: 'AIB[R] intent=tower-opportunity family=siege result=hit phase=terminal wave=3 tower=687'
08/29 18:33:54 [Localization System] CLocalize::FindSafe failed to localize: 'AIB[R] intent=top-arbiter family=state winner=siege:96 losers=hero-over-creep:52,idle-heal:46,emergency-retreat:45,fwd-pullback:44,emergency-kill:43.5'
08/29 18:33:54 [Localization System] CLocalize::FindSafe failed to localize: 'AIB[D] intent=top-arbiter family=state winner=anti-idle:2 losers=safe-cs:56,hero-over-creep:52,idle-heal:46,emergency-retreat:45,fwd-pullback:44'
08/29 18:33:54 [Localization System] CLocalize::FindSafe failed to localize: 'AIB[D] intent=tick-owner family=other stage=laning-core'
08/29 18:33:55 [Localization System] CLocalize::FindSafe failed to localize: 'AIB[R] intent=tick-owner family=other stage=laning-core'
08/29 18:33:55 [Localization System] CLocalize::FindSafe failed to localize: 'AIB[R] intent=state-desire-siege family=siege base=66 push=12 hp=92 hyst=18 reason=tower_window score=96'
08/29 18:33:55 [Localization System] CLocalize::FindSafe failed to localize: 'AIB[R] t=400s hp=92% gold=348 loc=41,163 lh=29 dn=4 dg=+8 dlh=+0 bottle=0 lvl=7 front=9802 ehp=-1'
08/29 18:33:55 [Localization System] CLocalize::FindSafe failed to localize: 'AIB[D] blocked=buy-loop reason=saving target=item_magic_wand head=item_magic_stick cost=200 gold=11 left=2'
08/29 18:33:56 [Localization System] CLocalize::FindSafe failed to localize: 'AIB[R] intent=top-arbiter family=state winner=siege:96 losers=hero-over-creep:52,idle-heal:46,emergency-retreat:45,fwd-pullback:44,emergency-kill:43.5'
08/29 18:33:56 [Localization System] CLocalize::FindSafe failed to localize: 'AIB[D] blocked=hero-over-creep reason=no_target'
08/29 18:33:56 [Localization System] CLocalize::FindSafe failed to localize: 'AIB[D] intent=top-arbiter family=state winner=anti-idle:2 losers=hero-over-creep:52,idle-heal:46,emergency-retreat:45,fwd-pullback:44,emergency-kill:43.5'
08/29 18:33:56 [Localization System] CLocalize::FindSafe failed to localize: 'AIB[R] intent=state-siege-window family=siege ttl=2 wave=3 tower=687 hp=92 adv=true'
08/29 18:33:56 [Localization System] CLocalize::FindSafe failed to localize: 'AIB[R] intent=tower-opportunity family=siege result=hit phase=terminal wave=3 tower=687'
08/29 18:33:56 [Localization System] CLocalize::FindSafe failed to localize: 'AIB[D] blocked=emergency-kill reason=no_target'
08/29 18:33:56 [Localization System] CLocalize::FindSafe failed to localize: 'AIB[D] blocked=uphill-repo reason=no_reposition'
08/29 18:33:56 [Localization System] CLocalize::FindSafe failed to localize: 'AIB[D] blocked=ability-harass reason=nothing_castable'
08/29 18:33:56 [Localization System] CLocalize::FindSafe failed to localize: 'AIB[R] blocked=buy-loop reason=saving target=item_power_treads head=item_belt_of_strength cost=450 gold=350 left=2'
08/29 18:33:56 [Localization System] CLocalize::FindSafe failed to localize: 'AIB[R] intent=state-desire-siege family=siege base=66 push=12 hp=92 hyst=18 reason=tower_window score=96'
08/29 18:33:57 [Localization System] CLocalize::FindSafe failed to localize: 'AIB[D] intent=tick-owner family=other stage=laning-core'
08/29 18:33:57 [Localization System] CLocalize::FindSafe failed to localize: 'AIB[R] intent=tick-owner family=other stage=laning-core'
08/29 18:33:57 [Localization System] CLocalize::FindSafe failed to localize: 'AIB[D] blocked=harass reason=own_heal_running'
08/29 18:33:57 [Localization System] CLocalize::FindSafe failed to localize: 'AIB[R] intent=top-arbiter family=state winner=siege:96 losers=hero-over-creep:52,idle-heal:46,emergency-retreat:45,fwd-pullback:44,emergency-kill:43.5'
08/29 18:33:57 [Localization System] CLocalize::FindSafe failed to localize: 'AIB[D] intent=top-arbiter family=state winner=anti-idle:2 losers=hero-over-creep:52,idle-heal:46,emergency-retreat:45,fwd-pullback:44,emergency-kill:43.5'
08/29 18:33:58 [Localization System] CLocalize::FindSafe failed to localize: 'AIB[R] intent=damage-by-source family=other creep=346 tower=129 hero=1747 mixed=372 death=0 other=0 stale=798 gaps=8'
08/29 18:33:58 [Localization System] CLocalize::FindSafe failed to localize: 'AIB[R] intent=state-desire-siege family=siege base=66 push=12 hp=93 hyst=18 reason=tower_window score=96'
08/29 18:33:58 [Localization System] CLocalize::FindSafe failed to localize: 'AIB[R] intent=state-siege-window family=siege ttl=2 wave=2 tower=687 hp=93 adv=true'
08/29 18:33:58 [Localization System] CLocalize::FindSafe failed to localize: 'AIB[R] intent=tower-opportunity family=siege result=hit phase=terminal wave=2 tower=687'
08/29 18:33:58 [Localization System] CLocalize::FindSafe failed to localize: 'AIB[D] intent=recovery-plan family=recover action=bottle reason=charges hp=70 mana=70 charges=1'
08/29 18:33:58 [Localization System] CLocalize::FindSafe failed to localize: 'AIB[D] t=403s hp=71% gold=15 loc=3842,3827 lh=15 dn=0 dg=+8 dlh=+0 bottle=0 lvl=6 front=8620 ehp=-1'
08/29 18:33:58 [Localization System] CLocalize::FindSafe failed to localize: 'AIB[D] blocked=bottle-rune reason=no_close_rune max=1900 waterMax=4700 nearest=inf water=inf mid=4592'
08/29 18:33:59 [Localization System] CLocalize::FindSafe failed to localize: 'AIB[D] blocked=hero-over-creep reason=no_target'
08/29 18:33:59 [Localization System] CLocalize::FindSafe failed to localize: 'AIB[D] intent=tick-owner family=other stage=laning-core'
08/29 18:33:59 [Localization System] CLocalize::FindSafe failed to localize: 'AIB[D] intent=top-arbiter family=state winner=anti-idle:2 losers=hero-over-creep:52,idle-heal:46,emergency-retreat:45,fwd-pullback:44,emergency-kill:43.5'
08/29 18:33:59 [Localization System] CLocalize::FindSafe failed to localize: 'AIB[R] intent=top-arbiter family=state winner=siege:96 losers=hero-over-creep:52,idle-heal:46,emergency-retreat:45,fwd-pullback:44,emergency-kill:43.5'
08/29 18:33:59 [Localization System] CLocalize::FindSafe failed to localize: 'AIB[D] blocked=emergency-kill reason=no_target'
08/29 18:33:59 [Localization System] CLocalize::FindSafe failed to localize: 'AIB[D] blocked=uphill-repo reason=no_reposition'
08/29 18:33:59 [Localization System] CLocalize::FindSafe failed to localize: 'AIB[D] blocked=ability-harass reason=nothing_castable'
08/29 18:33:59 [Localization System] CLocalize::FindSafe failed to localize: 'AIB[R] intent=tick-owner family=other stage=laning-core'
08/29 18:34:00 [Localization System] CLocalize::FindSafe failed to localize: 'AIB[R] intent=state-desire-siege family=siege base=66 push=12 hp=94 hyst=18 reason=tower_window score=96'
08/29 18:34:00 [Localization System] CLocalize::FindSafe failed to localize: 'AIB[R] t=405s hp=94% gold=356 loc=41,163 lh=29 dn=4 dg=+8 dlh=+0 bottle=0 lvl=7 front=9701 ehp=-1'
08/29 18:34:00 [Localization System] CLocalize::FindSafe failed to localize: 'AIB[R] intent=state-siege-window family=siege ttl=2 wave=2 tower=687 hp=94 adv=true'
08/29 18:34:00 [Localization System] CLocalize::FindSafe failed to localize: 'AIB[R] intent=tower-opportunity family=siege result=hit phase=terminal wave=2 tower=687'
08/29 18:34:00 [Localization System] CLocalize::FindSafe failed to localize: 'AIB[D] intent=top-arbiter family=state winner=anti-idle:2 losers=hero-over-creep:52,idle-heal:46,emergency-retreat:45,fwd-pullback:44,emergency-kill:43.5'
08/29 18:34:00 [Localization System] CLocalize::FindSafe failed to localize: 'AIB[R] intent=top-arbiter family=state winner=siege:96 losers=hero-over-creep:52,idle-heal:46,emergency-retreat:45,fwd-pullback:44,emergency-kill:43.5'
08/29 18:34:01 [Localization System] CLocalize::FindSafe failed to localize: 'AIB[D] intent=tick-owner family=other stage=laning-core'
08/29 18:34:01 [Localization System] CLocalize::FindSafe failed to localize: 'AIB[D] blocked=harass reason=own_heal_running'
08/29 18:34:01 [Localization System] CLocalize::FindSafe failed to localize: 'AIB[D] blocked=recovery-rune-bottle reason=no_close_rune max=3600 waterMax=4700 nearest=inf water=inf mid=3782'
08/29 18:34:01 [Localization System] CLocalize::FindSafe failed to localize: 'AIB[D] blocked=harass reason=no_target'
08/29 18:34:01 [Localization System] CLocalize::FindSafe failed to localize: 'AIB[D] blocked=uphill-repo reason=motor_busy'
08/29 18:34:01 [Localization System] CLocalize::FindSafe failed to localize: 'AIB[R] intent=state-desire-siege family=siege base=66 push=12 hp=94 hyst=18 reason=tower_window score=96'
08/29 18:34:01 [Localization System] CLocalize::FindSafe failed to localize: 'AIB[R] blocked=siege reason=tower_targeting_me tower=781 hp=94'
08/29 18:34:01 [Localization System] CLocalize::FindSafe failed to localize: 'AIB[R] intent=tick-owner family=other stage=laning-core'
08/29 18:34:01 [Localization System] CLocalize::FindSafe failed to localize: 'AIB[R] blocked=hero-over-creep reason=no_target'
08/29 18:34:01 [Localization System] CLocalize::FindSafe failed to localize: 'AIB[R] blocked=recovery-rune-bottle reason=no_close_rune max=3600 waterMax=4700 nearest=inf water=inf mid=250'
08/29 18:34:01 [Localization System] CLocalize::FindSafe failed to localize: 'AIB[R] blocked=emergency-kill reason=no_target'
08/29 18:34:01 [Localization System] CLocalize::FindSafe failed to localize: 'AIB[R] blocked=uphill-repo reason=no_reposition'
08/29 18:34:01 [Localization System] CLocalize::FindSafe failed to localize: 'AIB[R] blocked=harass reason=no_target'
08/29 18:34:01 [Localization System] CLocalize::FindSafe failed to localize: 'AIB[R] blocked=ability-harass reason=nothing_castable'
08/29 18:34:02 [Localization System] CLocalize::FindSafe failed to localize: 'AIB[D] blocked=hero-over-creep reason=no_target'
08/29 18:34:02 [Localization System] CLocalize::FindSafe failed to localize: 'AIB[R] intent=top-arbiter family=state winner=wave-watch:10 losers=hero-over-creep:52,idle-heal:46,emergency-retreat:45,fwd-pullback:44,emergency-kill:43.5'
08/29 18:34:02 [Localization System] CLocalize::FindSafe failed to localize: 'AIB[D] blocked=emergency-kill reason=no_target'
08/29 18:34:02 [Localization System] CLocalize::FindSafe failed to localize: 'AIB[D] blocked=ability-harass reason=nothing_castable'
08/29 18:34:02 [Localization System] CLocalize::FindSafe failed to localize: 'AIB[D] intent=top-arbiter family=state winner=anti-idle:2 losers=hero-over-creep:52,idle-heal:46,emergency-retreat:45,fwd-pullback:44,emergency-kill:43.5'
08/29 18:34:02 **** Panel Hint has fill-parent-flow for width, but isn't in a flowing right layout
08/29 18:34:03 [Localization System] CLocalize::FindSafe failed to localize: 'AIB[D] blocked=uphill-repo reason=no_reposition'
08/29 18:34:03 [Localization System] CLocalize::FindSafe failed to localize: 'AIB[D] intent=tick-owner family=other stage=laning-core'
08/29 18:34:03 [Localization System] CLocalize::FindSafe failed to localize: 'AIB[R] intent=top-arbiter family=state winner=wave-watch:10 losers=hero-over-creep:52,idle-heal:46,emergency-retreat:45,fwd-pullback:44,emergency-kill:43.5'
08/29 18:34:03 [Localization System] CLocalize::FindSafe failed to localize: 'AIB[R] intent=tick-owner family=other stage=laning-core'
08/29 18:34:03 [Localization System] CLocalize::FindSafe failed to localize: 'AIB[D] blocked=buy-loop reason=saving target=item_magic_wand head=item_magic_stick cost=200 gold=23 left=2'
08/29 18:34:03 Script function 'Think' on bot npc_dota_hero_nevermore took 2.293ms
08/29 18:34:03 [Localization System] CLocalize::FindSafe failed to localize: 'AIB[D] t=408s hp=86% gold=23 loc=2914,2608 lh=15 dn=0 dg=+8 dlh=+0 bottle=0 lvl=6 front=9124 ehp=-1'
08/29 18:34:03 [Localization System] CLocalize::FindSafe failed to localize: 'AIB[D] intent=top-arbiter family=state winner=anti-idle:2 losers=hero-over-creep:52,idle-heal:46,emergency-retreat:45,fwd-pullback:44,emergency-kill:43.5'
08/29 18:34:04 [Localization System] CLocalize::FindSafe failed to localize: 'AIB[D] intent=damage-by-source family=other creep=1125 tower=0 hero=3088 mixed=427 death=34 other=191 stale=69 gaps=2'
08/29 18:34:04 Script function 'Think' on bot npc_dota_hero_nevermore took 2.127ms
08/29 18:34:04 [Localization System] CLocalize::FindSafe failed to localize: 'AIB[R] intent=own-ranged-lead family=other lead=915 count=3'
08/29 18:34:04 [Server] PR:IncrementIdleTime 1:[I:0:0] 2.00
08/29 18:34:04 [Localization System] CLocalize::FindSafe failed to localize: 'AIB[D] blocked=harass reason=no_target'
08/29 18:34:04 [Localization System] CLocalize::FindSafe failed to localize: 'AIB[R] blocked=buy-loop reason=saving target=item_power_treads head=item_belt_of_strength cost=450 gold=362 left=2'
08/29 18:34:04 [Localization System] CLocalize::FindSafe failed to localize: 'AIB[D] blocked=uphill-repo reason=motor_busy'
08/29 18:34:04 [Localization System] CLocalize::FindSafe failed to localize: 'AIB[R] blocked=hero-over-creep reason=no_target'
08/29 18:34:04 [Localization System] CLocalize::FindSafe failed to localize: 'AIB[R] blocked=emergency-kill reason=no_target'
08/29 18:34:04 [Localization System] CLocalize::FindSafe failed to localize: 'AIB[R] blocked=uphill-repo reason=no_reposition'
08/29 18:34:04 [Localization System] CLocalize::FindSafe failed to localize: 'AIB[R] blocked=harass reason=no_target'
08/29 18:34:04 [Localization System] CLocalize::FindSafe failed to localize: 'AIB[R] blocked=ability-harass reason=nothing_castable'
08/29 18:34:05 [Localization System] CLocalize::FindSafe failed to localize: 'AIB[D] intent=tick-owner family=other stage=laning-core'
08/29 18:34:05 [Localization System] CLocalize::FindSafe failed to localize: 'AIB[D] blocked=hero-over-creep reason=no_target'
08/29 18:34:05 [Localization System] CLocalize::FindSafe failed to localize: 'AIB[R] intent=top-arbiter family=state winner=wave-watch:10 losers=hero-over-creep:52,idle-heal:46,emergency-retreat:45,fwd-pullback:44,emergency-kill:43.5'
08/29 18:34:05 [Localization System] CLocalize::FindSafe failed to localize: 'AIB[R] intent=lane-line-episode family=other dist=463 fwd=0.67'
08/29 18:34:05 [Localization System] CLocalize::FindSafe failed to localize: 'AIB[D] blocked=emergency-kill reason=no_target'
08/29 18:34:05 [Localization System] CLocalize::FindSafe failed to localize: 'AIB[D] blocked=ability-harass reason=nothing_castable'
08/29 18:34:05 [Localization System] CLocalize::FindSafe failed to localize: 'AIB[D] intent=top-arbiter family=state winner=anti-idle:2 losers=hero-over-creep:52,idle-heal:46,emergency-retreat:45,fwd-pullback:44,emergency-kill:43.5'
08/29 18:34:05 [Localization System] CLocalize::FindSafe failed to localize: 'AIB[R] t=410s hp=90% gold=363 loc=-473,-301 lh=29 dn=4 dg=+7 dlh=+0 bottle=0 lvl=7 front=8824 ehp=-1'
08/29 18:34:05 [Localization System] CLocalize::FindSafe failed to localize: 'AIB[R] blocked=uphill-repo reason=motor_busy'
08/29 18:34:05 [Localization System] CLocalize::FindSafe failed to localize: 'AIB[R] intent=tick-owner family=other stage=desire/creep-work reason=ready score=39 band=lanework'
08/29 18:34:06 [Localization System] CLocalize::FindSafe failed to localize: 'AIB[R] intent=own-ranged-lead family=other lead=166 count=3'
08/29 18:34:06 [Localization System] CLocalize::FindSafe failed to localize: 'AIB[D] blocked=uphill-repo reason=no_reposition'
08/29 18:34:06 [Localization System] CLocalize::FindSafe failed to localize: 'AIB[R] intent=top-arbiter family=state winner=wave-watch:10 losers=hero-over-creep:52,idle-heal:46,emergency-retreat:45,fwd-pullback:44,emergency-kill:43.5'
08/29 18:34:06 Script function 'Think' on bot npc_dota_hero_nevermore took 2.989ms
08/29 18:34:07 [Localization System] CLocalize::FindSafe failed to localize: 'AIB[D] intent=top-arbiter family=state winner=anti-idle:2 losers=hero-over-creep:52,idle-heal:46,emergency-retreat:45,fwd-pullback:44,emergency-kill:43.5'
08/29 18:34:07 [Localization System] CLocalize::FindSafe failed to localize: 'AIB[D] intent=tick-owner family=other stage=laning-core'
08/29 18:34:07 Script function 'Think' on bot npc_dota_hero_nevermore took 2.355ms
08/29 18:34:07 [Localization System] CLocalize::FindSafe failed to localize: 'AIB[D] blocked=harass reason=no_target'
08/29 18:34:08 [Localization System] CLocalize::FindSafe failed to localize: 'AIB[R] blocked=hero-over-creep reason=no_target'
08/29 18:34:08 [Localization System] CLocalize::FindSafe failed to localize: 'AIB[R] blocked=emergency-kill reason=no_target'
08/29 18:34:08 [Localization System] CLocalize::FindSafe failed to localize: 'AIB[R] blocked=uphill-repo reason=no_reposition'
08/29 18:34:08 [Localization System] CLocalize::FindSafe failed to localize: 'AIB[R] blocked=harass reason=no_target'
08/29 18:34:08 [Localization System] CLocalize::FindSafe failed to localize: 'AIB[R] blocked=ability-harass reason=nothing_castable'
08/29 18:34:08 [Localization System] CLocalize::FindSafe failed to localize: 'AIB[R] intent=wave-watch-work family=other lh=29 idle=6 creep_hp=300 dist=773'
08/29 18:34:08 [Localization System] CLocalize::FindSafe failed to localize: 'AIB[R] intent=tick-owner family=other stage=laning-core'
08/29 18:34:08 [Localization System] CLocalize::FindSafe failed to localize: 'AIB[D] blocked=uphill-repo reason=motor_busy'
08/29 18:34:08 [Localization System] CLocalize::FindSafe failed to localize: 'AIB[D] blocked=hero-over-creep reason=no_target'
08/29 18:34:08 [Localization System] CLocalize::FindSafe failed to localize: 'AIB[R] intent=top-arbiter family=state winner=wave-watch:10 losers=hero-over-creep:52,idle-heal:46,emergency-retreat:45,fwd-pullback:44,emergency-kill:43.5'
08/29 18:34:08 [Localization System] CLocalize::FindSafe failed to localize: 'AIB[D] blocked=emergency-kill reason=no_target'
08/29 18:34:08 [Localization System] CLocalize::FindSafe failed to localize: 'AIB[D] blocked=ability-harass reason=nothing_castable'
08/29 18:34:08 [Localization System] CLocalize::FindSafe failed to localize: 'AIB[D] intent=top-arbiter family=state winner=anti-idle:2 losers=hero-over-creep:52,idle-heal:46,emergency-retreat:45,fwd-pullback:44,emergency-kill:43.5'
08/29 18:34:08 [Localization System] CLocalize::FindSafe failed to localize: 'AIB[R] intent=melee-pack-space family=safety count=2 dist=135'
08/29 18:34:09 [Localization System] CLocalize::FindSafe failed to localize: 'AIB[D] t=413s hp=90% gold=30 loc=1735,1607 lh=15 dn=0 dg=+7 dlh=+0 bottle=0 lvl=6 front=9584 ehp=-1'
08/29 18:34:09 [Localization System] CLocalize::FindSafe failed to localize: 'AIB[D] intent=tick-owner family=other stage=laning-core'
08/29 18:34:09 [Localization System] CLocalize::FindSafe failed to localize: 'AIB[D] blocked=uphill-repo reason=no_reposition'
08/29 18:34:09 [Localization System] CLocalize::FindSafe failed to localize: 'AIB[D] blocked=recovery-rune-bottle reason=no_close_rune max=3600 waterMax=4700 nearest=inf water=inf mid=1361'
08/29 18:34:09 [Localization System] CLocalize::FindSafe failed to localize: 'AIB[R] blocked=recovery-rune-bottle reason=no_close_rune max=3600 waterMax=4700 nearest=inf water=inf mid=526'
08/29 18:34:10 [Localization System] CLocalize::FindSafe failed to localize: 'AIB[R] intent=top-arbiter family=state winner=creep-work:38.8 losers=hero-over-creep:52,idle-heal:46,emergency-retreat:45,fwd-pullback:44,emergency-kill:43.5'
08/29 18:34:10 [Localization System] CLocalize::FindSafe failed to localize: 'AIB[R] intent=tick-owner family=other stage=laning-core'
08/29 18:34:10 [Localization System] CLocalize::FindSafe failed to localize: 'AIB[D] intent=top-arbiter family=state winner=anti-idle:2 losers=hero-over-creep:52,idle-heal:46,emergency-retreat:45,fwd-pullback:44,emergency-kill:43.5'
08/29 18:34:10 [Localization System] CLocalize::FindSafe failed to localize: 'AIB[R] t=415s hp=92% gold=371 loc=-578,-449 lh=29 dn=4 dg=+8 dlh=+0 bottle=0 lvl=7 front=8959 ehp=-1'
08/29 18:34:10 [Localization System] CLocalize::FindSafe failed to localize: 'AIB[D] blocked=harass reason=no_target'
08/29 18:34:11 [Localization System] CLocalize::FindSafe failed to localize: 'AIB[R] blocked=hero-over-creep reason=no_target'
08/29 18:34:11 [Localization System] CLocalize::FindSafe failed to localize: 'AIB[R] blocked=emergency-kill reason=no_target'
08/29 18:34:11 [Localization System] CLocalize::FindSafe failed to localize: 'AIB[R] blocked=uphill-repo reason=no_reposition'
08/29 18:34:11 [Localization System] CLocalize::FindSafe failed to localize: 'AIB[R] blocked=harass reason=no_target'
08/29 18:34:11 [Localization System] CLocalize::FindSafe failed to localize: 'AIB[D] blocked=hero-over-creep reason=no_target'
08/29 18:34:11 [Localization System] CLocalize::FindSafe failed to localize: 'AIB[D] blocked=uphill-repo reason=motor_busy'
08/29 18:34:11 [Localization System] CLocalize::FindSafe failed to localize: 'AIB[D] intent=tick-owner family=other stage=laning-core'
08/29 18:34:11 [Localization System] CLocalize::FindSafe failed to localize: 'AIB[D] blocked=cs-watchdog reason=no_creep lh=15 idle=18'
08/29 18:34:11 [Localization System] CLocalize::FindSafe failed to localize: 'AIB[D] blocked=emergency-kill reason=no_target'
08/29 18:34:11 [Localization System] CLocalize::FindSafe failed to localize: 'AIB[D] blocked=ability-harass reason=nothing_castable'
08/29 18:34:11 [Localization System] CLocalize::FindSafe failed to localize: 'AIB[R] intent=top-arbiter family=state winner=creep-work:38.8 losers=hero-over-creep:52,idle-heal:46,emergency-retreat:45,fwd-pullback:44,emergency-kill:43.5'
08/29 18:34:11 [Localization System] CLocalize::FindSafe failed to localize: 'AIB[D] blocked=buy-loop reason=saving target=item_magic_wand head=item_magic_stick cost=200 gold=35 left=2'
08/29 18:34:11 [Localization System] CLocalize::FindSafe failed to localize: 'AIB[D] intent=top-arbiter family=state winner=anti-idle:2 losers=hero-over-creep:52,idle-heal:46,emergency-retreat:45,fwd-pullback:44,emergency-kill:43.5'
08/29 18:34:12 [Localization System] CLocalize::FindSafe failed to localize: 'AIB[R] intent=tick-owner family=other stage=laning-core'
08/29 18:34:12 [Localization System] CLocalize::FindSafe failed to localize: 'AIB[D] blocked=uphill-repo reason=no_reposition'
08/29 18:34:12 [Localization System] CLocalize::FindSafe failed to localize: 'AIB[D] intent=lane-line-episode family=other dist=1403 fwd=0.32'
08/29 18:34:12 [Localization System] CLocalize::FindSafe failed to localize: 'AIB[R] blocked=buy-loop reason=saving target=item_power_treads head=item_belt_of_strength cost=450 gold=374 left=2'
08/29 18:34:13 [Localization System] CLocalize::FindSafe failed to localize: 'AIB[R] intent=damage-by-source family=other creep=346 tower=188 hero=1747 mixed=372 death=0 other=0 stale=798 gaps=8'
08/29 18:34:13 [Localization System] CLocalize::FindSafe failed to localize: 'AIB[R] intent=top-arbiter family=state winner=creep-work:38.8 losers=hero-over-creep:52,idle-heal:46,emergency-retreat:45,fwd-pullback:44,emergency-kill:43.5'
08/29 18:34:13 [Localization System] CLocalize::FindSafe failed to localize: 'AIB[D] intent=top-arbiter family=state winner=creep-work:38.6 losers=hero-over-creep:52,idle-heal:46,emergency-retreat:45,fwd-pullback:44,emergency-kill:43.5'
08/29 18:34:13 [Localization System] CLocalize::FindSafe failed to localize: 'AIB[D] intent=tick-owner family=other stage=desire/creep-work reason=ready score=39 band=lanework'
08/29 18:34:13 [Localization System] CLocalize::FindSafe failed to localize: 'AIB[D] blocked=harass reason=no_target'
08/29 18:34:14 [Localization System] CLocalize::FindSafe failed to localize: 'AIB[D] t=418s hp=93% gold=38 loc=636,521 lh=15 dn=0 dg=+8 dlh=+0 bottle=0 lvl=6 front=9584 ehp=-1'
08/29 18:34:14 [Localization System] CLocalize::FindSafe failed to localize: 'AIB[R] blocked=hero-over-creep reason=no_target'
08/29 18:34:14 [Localization System] CLocalize::FindSafe failed to localize: 'AIB[R] blocked=emergency-kill reason=no_target'
08/29 18:34:14 [Localization System] CLocalize::FindSafe failed to localize: 'AIB[R] blocked=uphill-repo reason=no_reposition'
08/29 18:34:14 [Localization System] CLocalize::FindSafe failed to localize: 'AIB[R] blocked=harass reason=no_target'
08/29 18:34:14 [Localization System] CLocalize::FindSafe failed to localize: 'AIB[R] intent=tick-owner family=other stage=laning-core'
08/29 18:34:14 [Localization System] CLocalize::FindSafe failed to localize: 'AIB[D] blocked=hero-over-creep reason=no_target'
08/29 18:34:14 [Localization System] CLocalize::FindSafe failed to localize: 'AIB[D] blocked=uphill-repo reason=motor_busy'
08/29 18:34:14 [Localization System] CLocalize::FindSafe failed to localize: 'AIB[D] blocked=emergency-kill reason=no_target'
08/29 18:34:14 [Localization System] CLocalize::FindSafe failed to localize: 'AIB[D] blocked=hero-prio-chase reason=lane_work dist=1401 cs=false creep=false hp_adv=false kill_pressure=false close=false low_farm=false lane_override=false'
08/29 18:34:14 [Localization System] CLocalize::FindSafe failed to localize: 'AIB[D] blocked=ability-harass reason=nothing_castable'
08/29 18:34:14 [Localization System] CLocalize::FindSafe failed to localize: 'AIB[D] intent=cs-watchdog family=farm lh=15 idle=22 creep_hp=430 dist=817'
08/29 18:34:14 [Localization System] CLocalize::FindSafe failed to localize: 'AIB[R] intent=top-arbiter family=state winner=creep-work:38.8 losers=hero-over-creep:52,idle-heal:46,emergency-retreat:45,fwd-pullback:44,emergency-kill:43.5'
08/29 18:34:15 [Localization System] CLocalize::FindSafe failed to localize: 'AIB[D] intent=top-arbiter family=state winner=lane-line:18 losers=hero-over-creep:52,idle-heal:46,emergency-retreat:45,fwd-pullback:44,emergency-kill:43.5'
08/29 18:34:15 [Localization System] CLocalize::FindSafe failed to localize: 'AIB[D] intent=tick-owner family=other stage=laning-core'
08/29 18:34:15 [Localization System] CLocalize::FindSafe failed to localize: 'AIB[R] t=420s hp=94% gold=379 loc=-578,-449 enemy-dist=1027 lh=29 dn=4 dg=+8 dlh=+0 bottle=0 lvl=7 front=8951 ehp=94'
08/29 18:34:16 [Localization System] CLocalize::FindSafe failed to localize: 'AIB[R] intent=top-arbiter family=state winner=creep-work:38.8 losers=hero-over-creep:52,idle-heal:46,emergency-retreat:45,fwd-pullback:44,emergency-kill:43.5'
08/29 18:34:16 [Localization System] CLocalize::FindSafe failed to localize: 'AIB[R] intent=tick-owner family=other stage=laning-core'
08/29 18:34:16 [Localization System] CLocalize::FindSafe failed to localize: 'AIB[D] intent=top-arbiter family=state winner=creep-work:38.6 losers=hero-over-creep:52,idle-heal:46,emergency-retreat:45,fwd-pullback:44,emergency-kill:43.5'
08/29 18:34:17 [Localization System] CLocalize::FindSafe failed to localize: 'AIB[D] blocked=uphill-repo reason=not_trading'
08/29 18:34:17 [Localization System] CLocalize::FindSafe failed to localize: 'AIB[D] blocked=harass reason=no_target'
08/29 18:34:17 [Localization System] CLocalize::FindSafe failed to localize: 'AIB[R] blocked=hero-over-creep reason=no_target'
08/29 18:34:17 [Localization System] CLocalize::FindSafe failed to localize: 'AIB[R] blocked=emergency-kill reason=no_target'
08/29 18:34:17 [Localization System] CLocalize::FindSafe failed to localize: 'AIB[R] blocked=uphill-repo reason=no_reposition'
08/29 18:34:17 [Localization System] CLocalize::FindSafe failed to localize: 'AIB[R] blocked=harass reason=no_target'
08/29 18:34:17 [Localization System] CLocalize::FindSafe failed to localize: 'AIB[D] blocked=hero-over-creep reason=no_target'
08/29 18:34:17 [Localization System] CLocalize::FindSafe failed to localize: 'AIB[D] intent=tick-owner family=other stage=laning-core'
08/29 18:34:17 [Localization System] CLocalize::FindSafe failed to localize: 'AIB[R] blocked=ability-harass reason=nothing_castable'
08/29 18:34:17 [Localization System] CLocalize::FindSafe failed to localize: 'AIB[R] intent=wave-watch-work family=other lh=29 idle=16 creep_hp=7 dist=584'
08/29 18:34:17 [Localization System] CLocalize::FindSafe failed to localize: 'AIB[D] blocked=recovery-rune-bottle reason=no_close_rune max=3600 waterMax=4700 nearest=inf water=inf mid=456'
08/29 18:34:17 [Localization System] CLocalize::FindSafe failed to localize: 'AIB[D] blocked=emergency-kill reason=no_target'
08/29 18:34:17 [Localization System] CLocalize::FindSafe failed to localize: 'AIB[D] blocked=hero-prio-chase reason=lane_work dist=1013 cs=false creep=true hp_adv=false kill_pressure=false close=false low_farm=false lane_override=false'
08/29 18:34:17 [Localization System] CLocalize::FindSafe failed to localize: 'AIB[D] intent=cs-watchdog family=farm lh=15 idle=24 creep_hp=137 dist=496'
08/29 18:34:17 [Localization System] CLocalize::FindSafe failed to localize: 'AIB[R] intent=top-arbiter family=state winner=wave-watch:10 losers=hero-over-creep:52,idle-heal:46,emergency-retreat:45,fwd-pullback:44,emergency-kill:43.5'
08/29 18:34:18 [Localization System] CLocalize::FindSafe failed to localize: 'AIB[R] blocked=recovery-rune-bottle reason=no_close_rune max=3600 waterMax=4700 nearest=inf water=inf mid=518'
08/29 18:34:18 [Localization System] CLocalize::FindSafe failed to localize: 'AIB[D] intent=top-arbiter family=state winner=creep-work:38.6 losers=hero-over-creep:52,idle-heal:46,emergency-retreat:45,fwd-pullback:44,emergency-kill:43.5'
08/29 18:34:18 [Localization System] CLocalize::FindSafe failed to localize: 'AIB[R] intent=lane-line-episode family=other dist=244 fwd=0.55'
08/29 18:34:18 [Localization System] CLocalize::FindSafe failed to localize: 'AIB[R] blocked=uphill-repo reason=motor_busy'
08/29 18:34:18 [Localization System] CLocalize::FindSafe failed to localize: 'AIB[R] intent=tick-owner family=other stage=laning-core'
08/29 18:34:18 [Localization System] CLocalize::FindSafe failed to localize: 'AIB[R] blocked=recovery-buy reason=flask_in_inventory hp=96'
08/29 18:34:19 [Localization System] CLocalize::FindSafe failed to localize: 'AIB[D] t=423s hp=96% gold=45 loc=151,196 enemy-dist=780 lh=15 dn=0 dg=+7 dlh=+0 bottle=0 lvl=6 front=9504 ehp=96'
08/29 18:34:19 [Localization System] CLocalize::FindSafe failed to localize: 'AIB[D] intent=damage-by-source family=other creep=1125 tower=0 hero=3088 mixed=427 death=34 other=191 stale=69 gaps=2'
08/29 18:34:19 [Localization System] CLocalize::FindSafe failed to localize: 'AIB[R] intent=state-desire-last-hit family=farm dist=461 reason=killable_creep score=140'
08/29 18:34:19 [Localization System] CLocalize::FindSafe failed to localize: 'AIB[R] intent=top-arbiter family=state winner=last-hit:140 losers=fight:86,hero-over-creep:52,cs-inrange:50,idle-heal:46,emergency-retreat:45'
08/29 18:34:19 [Localization System] CLocalize::FindSafe failed to localize: 'AIB[D] blocked=bottle-rune reason=no_close_rune max=1900 waterMax=4700 nearest=inf water=inf mid=335'
08/29 18:34:19 [Localization System] CLocalize::FindSafe failed to localize: 'AIB[D] blocked=uphill-repo reason=no_reposition'
08/29 18:34:19 [Localization System] CLocalize::FindSafe failed to localize: 'AIB[D] blocked=uphill-repo reason=motor_busy'
08/29 18:34:19 [Localization System] CLocalize::FindSafe failed to localize: 'AIB[D] intent=top-arbiter family=state winner=harass:40 losers=hero-over-creep:52,idle-heal:46,emergency-retreat:45,fwd-pullback:44,emergency-kill:43.5'
08/29 18:34:19 [Localization System] CLocalize::FindSafe failed to localize: 'AIB[D] intent=tick-owner family=other stage=laning-core'
08/29 18:34:19 [Localization System] CLocalize::FindSafe failed to localize: 'AIB[D] blocked=buy-loop reason=saving target=item_magic_wand head=item_magic_stick cost=200 gold=47 left=2'
08/29 18:34:19 [Localization System] CLocalize::FindSafe failed to localize: 'AIB[R] blocked=bottle-rune reason=no_close_rune max=1900 waterMax=4700 nearest=inf water=inf mid=347'
08/29 18:34:20 [Localization System] CLocalize::FindSafe failed to localize: 'AIB[R] intent=cs-watchdog family=farm lh=30 idle=18 creep_hp=18 dist=461'
08/29 18:34:20 [Localization System] CLocalize::FindSafe failed to localize: 'AIB[D] blocked=hero-over-creep reason=no_target'
08/29 18:34:20 [Localization System] CLocalize::FindSafe failed to localize: 'AIB[R] blocked=hero-over-creep reason=no_target'
08/29 18:34:20 [Localization System] CLocalize::FindSafe failed to localize: 'AIB[R] blocked=emergency-kill reason=no_target'
08/29 18:34:20 [Localization System] CLocalize::FindSafe failed to localize: 'AIB[R] blocked=uphill-repo reason=no_reposition'
08/29 18:34:20 [Localization System] CLocalize::FindSafe failed to localize: 'AIB[R] blocked=harass reason=no_target'
08/29 18:34:20 [Localization System] CLocalize::FindSafe failed to localize: 'AIB[R] intent=tick-owner family=other stage=laning-core'
08/29 18:34:20 [Localization System] CLocalize::FindSafe failed to localize: 'AIB[D] blocked=buy-tp reason=recent_tp since=49'
08/29 18:34:20 [Localization System] CLocalize::FindSafe failed to localize: 'AIB[R] blocked=buy-loop reason=saving target=item_power_treads head=item_belt_of_strength cost=450 gold=432 left=2'
08/29 18:34:20 [Localization System] CLocalize::FindSafe failed to localize: 'AIB[D] intent=state-desire-fight family=state base=78 hp_adv=8 execute=20 dist=627 hp=68 ehp=53 reason=enemy_seen score=106'
08/29 18:34:20 [Localization System] CLocalize::FindSafe failed to localize: 'AIB[D] blocked=ability-pressure reason=nothing_castable'
08/29 18:34:20 [Localization System] CLocalize::FindSafe failed to localize: 'AIB[D] intent=hero-contact family=fight dist=627 hp=68 reason=close_enemy'
08/29 18:34:20 [Localization System] CLocalize::FindSafe failed to localize: 'AIB[R] t=425s hp=53% gold=432 loc=-452,-299 enemy-dist=617 lh=30 dn=4 dg=+53 dlh=+1 bottle=0 lvl=7 front=8969 ehp=68'
08/29 18:34:20 [Localization System] CLocalize::FindSafe failed to localize: 'AIB[R] blocked=recover-candidate reason=no_action_capped hp=53 score=44'
08/29 18:34:21 [Localization System] CLocalize::FindSafe failed to localize: 'AIB[D] blocked=hero-contact reason=refractory since=0.13'
08/29 18:34:21 [Localization System] CLocalize::FindSafe failed to localize: 'AIB[D] intent=hero-pass family=fight dist=587 hp=68 reason=nearby_enemy'
08/29 18:34:21 [Localization System] CLocalize::FindSafe failed to localize: 'AIB[R] intent=state-desire-last-hit family=farm dist=374 hyst=18 reason=killable_creep score=158'
08/29 18:34:21 [Localization System] CLocalize::FindSafe failed to localize: 'AIB[R] intent=top-arbiter family=state winner=last-hit:158 losers=fight:96,safe-cs:56,hero-over-creep:52,cs-inrange:50,idle-heal:46'
08/29 18:34:21 [Localization System] CLocalize::FindSafe failed to localize: 'AIB[D] blocked=top-arbiter reason=empty_action winner=fight score=142'
08/29 18:34:21 [Localization System] CLocalize::FindSafe failed to localize: 'AIB[D] blocked=recovery-buy reason=budget_cap hp=68 gold=133 count=4 allow=2'
08/29 18:34:21 [Localization System] CLocalize::FindSafe failed to localize: 'AIB[D] blocked=emergency-kill reason=no_target'
08/29 18:34:21 [Localization System] CLocalize::CompileString failed to localize: '#DOTA_Tooltip_CurrentStats_Header'
08/29 18:34:21 [Localization System] CLocalize::ConstructString failed to localize: '#DOTA_Tooltip_Ability_nevermore_frenzy_SummaryDescription'
08/29 18:34:21 [Localization System] CLocalize::FindSafe failed to localize: 'AIB[D] intent=top-arbiter family=state winner=hero-over-creep:52 losers=fight:124,idle-heal:46,emergency-retreat:45,fwd-pullback:44,emergency-kill:43.5'
08/29 18:34:21 Script function 'Think' on bot npc_dota_hero_nevermore took 2.233ms
08/29 18:34:21 [Localization System] CLocalize::FindSafe failed to localize: 'AIB[D] blocked=hero-pass reason=uphill hp=69'
08/29 18:34:21 [Localization System] CLocalize::FindSafe failed to localize: 'AIB[D] intent=tick-owner family=other stage=desire/emergency-kill reason=ready score=44 band=lanework'
08/29 18:34:22 [Localization System] CLocalize::FindSafe failed to localize: 'AIB[D] intent=recovery-policy family=recover action=recover hp=34 gate=35 source=early-low'
08/29 18:34:22 [Localization System] CLocalize::FindSafe failed to localize: 'AIB[D] intent=state-recover-xp family=state ttl=2 reason=regen_lane hp=34 dist=661'
08/29 18:34:22 [Localization System] CLocalize::FindSafe failed to localize: 'AIB[R] intent=kill-lock family=fight dist=495 ehp=34 hp=45 exec=false atk=true mutual=false reason=killable_enemy'
08/29 18:34:22 [Localization System] CLocalize::FindSafe failed to localize: 'AIB[R] intent=tick-owner family=other stage=laning-core'
08/29 18:34:22 [Localization System] CLocalize::FindSafe failed to localize: 'AIB[R] intent=state-desire-last-hit family=farm dist=93 hyst=18 reason=killable_creep score=158'
08/29 18:34:22 [Localization System] CLocalize::FindSafe failed to localize: 'AIB[R] intent=top-arbiter family=state winner=last-hit:158 losers=safety:116,recover:60,safe-cs:56,hero-over-creep:52,cs-inrange:50'
08/29 18:34:23 [Localization System] CLocalize::FindSafe failed to localize: 'AIB[D] intent=state-recover-safe family=state ttl=2 reason=regen_lane hp=25 dist=972'
08/29 18:34:23 [Localization System] CLocalize::FindSafe failed to localize: 'AIB[D] intent=tick-owner family=other stage=laning-core'
08/29 18:34:24 [Localization System] CLocalize::FindSafe failed to localize: 'AIB[D] t=428s hp=25% gold=138 loc=405,348 enemy-dist=651 lh=17 dn=0 dg=+93 dlh=+2 bottle=0 lvl=6 front=9772 ehp=43'
08/29 18:34:24 [Localization System] CLocalize::FindSafe failed to localize: 'AIB[D] intent=recovery-policy family=recover action=recover hp=25 gate=35 source=early-low'
08/29 18:34:24 [Localization System] CLocalize::FindSafe failed to localize: 'AIB[R] blocked=kill-lock reason=chase_into_tower dist=654 ehp=25'
08/29 18:34:24 [Localization System] CLocalize::FindSafe failed to localize: 'AIB[R] intent=recovery-yield-kill family=fight dist=654 hp=43 ehp=25 exec=false atk=true mutual=false'
08/29 18:34:24 [Localization System] CLocalize::FindSafe failed to localize: 'AIB[R] intent=state-desire-last-hit family=farm dist=157 hyst=18 reason=killable_creep score=158'
08/29 18:34:24 [Localization System] CLocalize::FindSafe failed to localize: 'AIB[R] intent=top-arbiter family=state winner=last-hit:158 losers=safety:116,fight:106,recover:60,safe-cs:56,hero-over-creep:52'
08/29 18:34:24 [Localization System] CLocalize::FindSafe failed to localize: 'AIB[R] intent=state-desire-safety family=state base=108 creep_dmg=8 hp=44 creep=true hero=false reason=recent_damage score=116'
08/29 18:34:24 [Localization System] CLocalize::FindSafe failed to localize: 'AIB[R] blocked=top-arbiter reason=empty_action winner=safety score=116'
08/29 18:34:24 [Localization System] CLocalize::FindSafe failed to localize: 'AIB[R] intent=state-desire-fight family=state base=78 hp_adv=8 execute=20 dist=796 hp=44 ehp=25 reason=enemy_seen score=106'
08/29 18:34:24 [Localization System] CLocalize::FindSafe failed to localize: 'AIB[R] blocked=ability-pressure reason=nothing_castable'
08/29 18:34:24 [Localization System] CLocalize::FindSafe failed to localize: 'AIB[R] intent=state-desire-recover family=state base=74 creep_dmg=-14 hp=44 reason=hp_gate score=60'
08/29 18:34:24 [Localization System] CLocalize::FindSafe failed to localize: 'AIB[R] blocked=recovery-policy reason=yield_kill hp=44 gate=55 source=lane-low'
08/29 18:34:24 [Localization System] CLocalize::FindSafe failed to localize: 'AIB[R] blocked=hero-over-creep reason=no_target'
08/29 18:34:24 [Localization System] CLocalize::FindSafe failed to localize: 'AIB[R] intent=tick-owner family=other stage=desire/idle-heal reason=ready score=46 band=lanework'
08/29 18:34:24 [Localization System] CLocalize::FindSafe failed to localize: 'AIB[D] blocked=channel-interrupt reason=unsafe dist=796 hp=25 kind=heal'
08/29 18:34:24 [Localization System] CLocalize::FindSafe failed to localize: 'AIB[R] intent=recovery-policy family=recover action=recover hp=44 gate=55 source=lane-low'
08/29 18:34:24 [Localization System] CLocalize::FindSafe failed to localize: 'AIB[R] intent=state-recover-xp family=state ttl=2 reason=regen_lane hp=44 dist=2639'
08/29 18:34:24 [Localization System] CLocalize::FindSafe failed to localize: 'AIB[R] intent=recovery-plan family=recover action=lane reason=empty_bottle_no_rune hp=45 mana=57'
08/29 18:34:24 [Localization System] CLocalize::FindSafe failed to localize: 'AIB[R] intent=recovery-owner family=recover band=caution threat=false mode=fwd-pullback hp=45'
08/29 18:34:25 [Localization System] CLocalize::FindSafe failed to localize: 'AIB[D] intent=recovery-plan family=recover action=lane reason=empty_bottle_no_rune hp=25 mana=59'
08/29 18:34:25 [Localization System] CLocalize::FindSafe failed to localize: 'AIB[D] blocked=fountain-floor reason=heal_in_flight hp=25 flask=false inflight=item_flask'
08/29 18:34:25 [Localization System] CLocalize::FindSafe failed to localize: 'AIB[R] blocked=emergency-kill reason=no_target'
08/29 18:34:25 [Localization System] CLocalize::FindSafe failed to localize: 'AIB[R] blocked=uphill-repo reason=motor_busy'
08/29 18:34:25 [Localization System] CLocalize::FindSafe failed to localize: 'AIB[R] blocked=harass reason=own_heal_running'
08/29 18:34:25 [Localization System] CLocalize::FindSafe failed to localize: 'AIB[R] blocked=cs-watchdog reason=no_creep lh=31 idle=23'
08/29 18:34:25 [Localization System] CLocalize::FindSafe failed to localize: 'AIB[R] blocked=ability-harass reason=nothing_castable'
08/29 18:34:25 [Server] Client (account 0) tried to execute invalid order (3). Unrecognized order identifier.
08/29 18:34:25 [Localization System] CLocalize::FindSafe failed to localize: 'AIB[R] t=430s hp=49% gold=26 loc=-381,-317 lh=31 dn=4 dg=-406 dlh=+1 bottle=0 lvl=7 front=7078 ehp=-1'
08/29 18:34:25 [Localization System] CLocalize::FindSafe failed to localize: 'AIB[R] intent=top-arbiter family=state winner=anti-idle:2 losers=safe-cs:56,hero-over-creep:52,idle-heal:46,emergency-retreat:45,fwd-pullback:44'
08/29 18:34:25 [Localization System] CLocalize::FindSafe failed to localize: 'AIB[D] intent=tick-owner family=other stage=laning-core'
08/29 18:34:26 [Localization System] CLocalize::FindSafe failed to localize: 'AIB[D] intent=recovery-policy family=recover action=recover hp=26 gate=35 source=early-low'
08/29 18:34:26 [Localization System] CLocalize::FindSafe failed to localize: 'AIB[R] blocked=recovery-rune-bottle reason=no_close_rune max=3600 waterMax=4700 nearest=inf water=inf mid=1476'
08/29 18:34:26 [Localization System] CLocalize::FindSafe failed to localize: 'AIB[R] blocked=uphill-repo reason=no_reposition'
08/29 18:34:26 [Localization System] CLocalize::FindSafe failed to localize: 'AIB[R] intent=tick-owner family=other stage=laning-core'
08/29 18:34:27 [Localization System] CLocalize::FindSafe failed to localize: 'AIB[R] blocked=hero-over-creep reason=no_target'
08/29 18:34:27 [Localization System] CLocalize::FindSafe failed to localize: 'AIB[R] intent=top-arbiter family=state winner=anti-idle:2 losers=safe-cs:56,hero-over-creep:52,idle-heal:46,emergency-retreat:45,fwd-pullback:44'
08/29 18:34:27 [Localization System] CLocalize::FindSafe failed to localize: 'AIB[D] blocked=buy-loop reason=saving target=item_magic_wand head=item_magic_stick cost=200 gold=44 left=2'
08/29 18:34:28 [Localization System] CLocalize::FindSafe failed to localize: 'AIB[R] blocked=bottle-rune reason=no_close_rune max=1900 waterMax=4700 nearest=inf water=inf mid=885'
08/29 18:34:28 [Localization System] CLocalize::FindSafe failed to localize: 'AIB[D] intent=tick-owner family=other stage=laning-core'
08/29 18:34:28 [Localization System] CLocalize::FindSafe failed to localize: 'AIB[R] intent=damage-by-source family=other creep=360 tower=188 hero=2239 mixed=372 death=0 other=0 stale=804 gaps=9'
08/29 18:34:28 [Localization System] CLocalize::FindSafe failed to localize: 'AIB[D] intent=recovery-policy family=recover action=recover hp=27 gate=35 source=early-low'
08/29 18:34:28 [Localization System] CLocalize::FindSafe failed to localize: 'AIB[R] blocked=emergency-kill reason=no_target'
08/29 18:34:28 [Localization System] CLocalize::FindSafe failed to localize: 'AIB[R] blocked=ability-harass reason=nothing_castable'
08/29 18:34:28 [Localization System] CLocalize::FindSafe failed to localize: 'AIB[R] intent=tick-owner family=other stage=laning-core'
08/29 18:34:28 Script function 'Think' on bot npc_dota_hero_nevermore took 2.274ms
08/29 18:34:28 [Localization System] CLocalize::FindSafe failed to localize: 'AIB[R] blocked=buy-loop reason=saving target=item_power_treads head=item_gloves cost=450 gold=30 left=1'
08/29 18:34:29 [Localization System] CLocalize::FindSafe failed to localize: 'AIB[R] intent=top-arbiter family=state winner=anti-idle:2 losers=hero-over-creep:52,idle-heal:46,emergency-retreat:45,fwd-pullback:44,emergency-kill:43.5'
08/29 18:34:29 [Localization System] CLocalize::FindSafe failed to localize: 'AIB[D] t=433s hp=28% gold=45 loc=1455,1430 lh=17 dn=0 dg=-93 dlh=+0 bottle=0 lvl=6 front=8620 ehp=-1'
08/29 18:34:29 [Localization System] CLocalize::FindSafe failed to localize: 'AIB[R] blocked=uphill-repo reason=no_reposition'
08/29 18:34:29 [Localization System] CLocalize::FindSafe failed to localize: 'AIB[R] blocked=harass reason=own_heal_running'
08/29 18:34:30 [Localization System] CLocalize::FindSafe failed to localize: 'AIB[D] intent=tick-owner family=other stage=laning-core'
08/29 18:34:30 [Localization System] CLocalize::FindSafe failed to localize: 'AIB[D] intent=recovery-policy family=recover action=recover hp=28 gate=35 source=early-low'
08/29 18:34:30 [Localization System] CLocalize::FindSafe failed to localize: 'AIB[R] blocked=hero-over-creep reason=no_target'
08/29 18:34:30 [Localization System] CLocalize::FindSafe failed to localize: 'AIB[R] intent=top-arbiter family=state winner=anti-idle:2 losers=hero-over-creep:52,idle-heal:46,emergency-retreat:45,fwd-pullback:44,emergency-kill:43.5'
08/29 18:34:30 [Localization System] CLocalize::FindSafe failed to localize: 'AIB[R] intent=tick-owner family=other stage=laning-core'
08/29 18:34:31 [Localization System] CLocalize::FindSafe failed to localize: 'AIB[R] t=435s hp=67% gold=33 loc=-1701,-1251 lh=31 dn=4 dg=+7 dlh=+0 bottle=0 lvl=7 front=7123 ehp=-1'
08/29 18:34:31 [Localization System] CLocalize::FindSafe failed to localize: 'AIB[R] blocked=emergency-kill reason=no_target'
08/29 18:34:31 [Localization System] CLocalize::FindSafe failed to localize: 'AIB[R] blocked=ability-harass reason=nothing_castable'
08/29 18:34:32 [Localization System] CLocalize::FindSafe failed to localize: 'AIB[D] intent=tick-owner family=other stage=laning-core'
08/29 18:34:32 [Localization System] CLocalize::FindSafe failed to localize: 'AIB[D] intent=recovery-policy family=recover action=recover hp=30 gate=35 source=early-low'
08/29 18:34:32 [Localization System] CLocalize::FindSafe failed to localize: 'AIB[R] blocked=uphill-repo reason=no_reposition'
08/29 18:34:32 [Localization System] CLocalize::FindSafe failed to localize: 'AIB[R] intent=top-arbiter family=state winner=anti-idle:2 losers=hero-over-creep:52,idle-heal:46,emergency-retreat:45,fwd-pullback:44,emergency-kill:43.5'
08/29 18:34:32 [Localization System] CLocalize::FindSafe failed to localize: 'AIB[R] intent=tick-owner family=other stage=laning-core'
08/29 18:34:33 [Localization System] CLocalize::FindSafe failed to localize: 'AIB[R] blocked=harass reason=own_heal_running'
08/29 18:34:33 [Localization System] CLocalize::FindSafe failed to localize: 'AIB[R] blocked=hero-over-creep reason=no_target'
08/29 18:34:33 [Localization System] CLocalize::FindSafe failed to localize: 'AIB[R] intent=top-arbiter family=state winner=anti-idle:2 losers=hero-over-creep:52,idle-heal:46,emergency-retreat:45,fwd-pullback:44,emergency-kill:43.5'
08/29 18:34:34 [Localization System] CLocalize::FindSafe failed to localize: 'AIB[D] t=438s hp=31% gold=53 loc=2602,2446 lh=17 dn=0 dg=+8 dlh=+0 bottle=0 lvl=6 front=9853 ehp=-1'
08/29 18:34:34 [Localization System] CLocalize::FindSafe failed to localize: 'AIB[D] intent=damage-by-source family=other creep=1125 tower=0 hero=3723 mixed=427 death=34 other=191 stale=69 gaps=2'
08/29 18:34:34 [Localization System] CLocalize::FindSafe failed to localize: 'AIB[D] intent=tick-owner family=other stage=laning-core'
08/29 18:34:34 [Localization System] CLocalize::FindSafe failed to localize: 'AIB[D] intent=recovery-policy family=recover action=recover hp=31 gate=35 source=early-low'
08/29 18:34:34 [Localization System] CLocalize::FindSafe failed to localize: 'AIB[R] blocked=recovery-rune-bottle reason=no_close_rune max=3600 waterMax=4700 nearest=inf water=inf mid=421'
08/29 18:34:34 [Localization System] CLocalize::FindSafe failed to localize: 'AIB[R] blocked=emergency-kill reason=no_target'
08/29 18:34:34 [Localization System] CLocalize::FindSafe failed to localize: 'AIB[R] blocked=ability-harass reason=nothing_castable'
08/29 18:34:35 [Localization System] CLocalize::FindSafe failed to localize: 'AIB[R] intent=tick-owner family=other stage=laning-core'
08/29 18:34:35 [Localization System] CLocalize::FindSafe failed to localize: 'AIB[R] blocked=uphill-repo reason=no_reposition'
08/29 18:34:35 [Localization System] CLocalize::FindSafe failed to localize: 'AIB[R] intent=top-arbiter family=state winner=wave-watch:10 losers=hero-over-creep:52,idle-heal:46,emergency-retreat:45,fwd-pullback:44,emergency-kill:43.5'
08/29 18:34:35 [Localization System] CLocalize::FindSafe failed to localize: 'AIB[D] blocked=buy-loop reason=saving target=item_magic_wand head=item_magic_stick cost=200 gold=56 left=2'
08/29 18:34:35 [Localization System] CLocalize::FindSafe failed to localize: 'AIB[R] intent=melee-pack-space family=safety count=2 dist=151'
08/29 18:34:36 [Localization System] CLocalize::FindSafe failed to localize: 'AIB[R] t=440s hp=85% gold=41 loc=-933,-811 lh=31 dn=4 dg=+8 dlh=+0 bottle=0 lvl=7 front=8469 ehp=-1'
08/29 18:34:36 [Localization System] CLocalize::FindSafe failed to localize: 'AIB[D] intent=tick-owner family=other stage=laning-core'
08/29 18:34:36 [Localization System] CLocalize::FindSafe failed to localize: 'AIB[D] intent=recovery-policy family=recover action=recover hp=33 gate=35 source=early-low'
08/29 18:34:36 [Localization System] CLocalize::FindSafe failed to localize: 'AIB[R] blocked=buy-loop reason=saving target=item_power_treads head=item_gloves cost=450 gold=42 left=1'
08/29 18:34:36 [Localization System] CLocalize::FindSafe failed to localize: 'AIB[R] blocked=hero-over-creep reason=no_target'
08/29 18:34:37 [Localization System] CLocalize::FindSafe failed to localize: 'AIB[D] blocked=heal-item reason=fountain_trip_committed hp=33'
08/29 18:34:37 [Localization System] CLocalize::FindSafe failed to localize: 'AIB[R] intent=top-arbiter family=state winner=wave-watch:10 losers=hero-over-creep:52,idle-heal:46,emergency-retreat:45,fwd-pullback:44,emergency-kill:43.5'
08/29 18:34:37 [Localization System] CLocalize::FindSafe failed to localize: 'AIB[R] intent=tick-owner family=other stage=laning-core'
08/29 18:34:37 [Localization System] CLocalize::FindSafe failed to localize: 'AIB[D] blocked=fountain-floor reason=heal_in_hand hp=33 inflight=nil'
08/29 18:34:37 [Localization System] CLocalize::FindSafe failed to localize: 'AIB[D] blocked=bottle-rune reason=no_close_rune max=1900 waterMax=4700 nearest=inf water=inf mid=3689'
08/29 18:34:37 [Localization System] CLocalize::FindSafe failed to localize: 'AIB[D] blocked=recovery-rune-bottle reason=no_close_rune max=3600 waterMax=4700 nearest=inf water=inf mid=3689'
08/29 18:34:37 [Localization System] CLocalize::FindSafe failed to localize: 'AIB[D] intent=recovery-plan family=recover action=lane reason=empty_bottle_no_rune hp=34 mana=64'
08/29 18:34:37 [Localization System] CLocalize::FindSafe failed to localize: 'AIB[D] intent=state-recover-xp family=state ttl=2 reason=no_resources hp=34 dist=4320'
08/29 18:34:37 [Localization System] CLocalize::FindSafe failed to localize: 'AIB[D] blocked=recover-candidate reason=no_resources_behind_safe hp=35 score=44'
08/29 18:34:37 [Localization System] CLocalize::FindSafe failed to localize: 'AIB[D] blocked=hero-over-creep reason=no_target'
08/29 18:34:37 [Localization System] CLocalize::FindSafe failed to localize: 'AIB[D] blocked=emergency-kill reason=disabled'
08/29 18:34:37 [Localization System] CLocalize::FindSafe failed to localize: 'AIB[D] blocked=uphill-repo reason=no_reposition'
08/29 18:34:37 [Localization System] CLocalize::FindSafe failed to localize: 'AIB[D] blocked=harass reason=own_heal_running'
08/29 18:34:37 [Localization System] CLocalize::FindSafe failed to localize: 'AIB[D] blocked=ability-harass reason=nothing_castable'
08/29 18:34:37 [Localization System] CLocalize::FindSafe failed to localize: 'AIB[D] intent=top-arbiter family=state winner=anti-idle:2 losers=safe-cs:56,hero-over-creep:52,idle-heal:46,emergency-retreat:45,fwd-pullback:44'
08/29 18:34:37 [Localization System] CLocalize::FindSafe failed to localize: 'AIB[R] blocked=emergency-kill reason=no_target'
08/29 18:34:37 [Localization System] CLocalize::FindSafe failed to localize: 'AIB[R] blocked=harass reason=no_target'
08/29 18:34:37 [Localization System] CLocalize::FindSafe failed to localize: 'AIB[R] blocked=ability-harass reason=nothing_castable'
08/29 18:34:38 [Localization System] CLocalize::FindSafe failed to localize: 'AIB[R] blocked=visual-hold reason=creep_in_range held=2.1 hp=91 repeat=9 hard=true'
08/29 18:34:38 [Localization System] CLocalize::FindSafe failed to localize: 'AIB[D] intent=tick-owner family=other stage=laning-core'
08/29 18:34:38 [Server] PR:IncrementIdleTime 1:[I:0:0] 2.00
08/29 18:34:38 [Localization System] CLocalize::FindSafe failed to localize: 'AIB[R] blocked=uphill-repo reason=no_reposition'
08/29 18:34:38 [Localization System] CLocalize::FindSafe failed to localize: 'AIB[R] intent=top-arbiter family=state winner=wave-watch:10 losers=hero-over-creep:52,idle-heal:46,emergency-retreat:45,fwd-pullback:44,emergency-kill:43.5'
08/29 18:34:38 [Localization System] CLocalize::FindSafe failed to localize: 'AIB[R] intent=state-desire-last-hit family=farm dist=500 reason=killable_creep score=140'
08/29 18:34:38 [Localization System] CLocalize::FindSafe failed to localize: 'AIB[D] blocked=emergency-kill reason=no_target'
08/29 18:34:39 [Localization System] CLocalize::FindSafe failed to localize: 'AIB[D] intent=top-arbiter family=state winner=anti-idle:2 losers=safe-cs:56,hero-over-creep:52,idle-heal:46,emergency-retreat:45,fwd-pullback:44'
08/29 18:34:39 [Localization System] CLocalize::FindSafe failed to localize: 'AIB[R] intent=tick-owner family=other stage=laning-core'
08/29 18:34:39 [Localization System] CLocalize::FindSafe failed to localize: 'AIB[D] t=444s hp=42% gold=61 loc=2933,2628 lh=17 dn=0 dg=+8 dlh=+0 bottle=0 lvl=6 front=10114 ehp=-1'
08/29 18:34:40 [Localization System] CLocalize::FindSafe failed to localize: 'AIB[R] blocked=hero-over-creep reason=no_target'
08/29 18:34:40 [Localization System] CLocalize::FindSafe failed to localize: 'AIB[R] intent=top-arbiter family=state winner=wave-watch:10 losers=hero-over-creep:52,idle-heal:46,emergency-retreat:45,fwd-pullback:44,emergency-kill:43.5'
08/29 18:34:40 [Localization System] CLocalize::FindSafe failed to localize: 'AIB[D] intent=tick-owner family=other stage=laning-core'
08/29 18:34:40 [Localization System] CLocalize::FindSafe failed to localize: 'AIB[D] blocked=hero-over-creep reason=no_target'
08/29 18:34:40 [Localization System] CLocalize::FindSafe failed to localize: 'AIB[D] blocked=uphill-repo reason=no_reposition'
08/29 18:34:40 [Localization System] CLocalize::FindSafe failed to localize: 'AIB[D] blocked=ability-harass reason=nothing_castable'
08/29 18:34:40 [Localization System] CLocalize::FindSafe failed to localize: 'AIB[R] blocked=emergency-kill reason=no_target'
08/29 18:34:40 [Localization System] CLocalize::FindSafe failed to localize: 'AIB[R] blocked=harass reason=no_target'
08/29 18:34:40 [Localization System] CLocalize::FindSafe failed to localize: 'AIB[R] blocked=ability-harass reason=nothing_castable'
08/29 18:34:40 [Localization System] CLocalize::FindSafe failed to localize: 'AIB[D] intent=top-arbiter family=state winner=anti-idle:2 losers=safe-cs:56,hero-over-creep:52,idle-heal:46,emergency-retreat:45,fwd-pullback:44'
08/29 18:34:41 [Localization System] CLocalize::FindSafe failed to localize: 'AIB[R] t=445s hp=92% gold=49 loc=-835,-777 lh=31 dn=4 dg=+8 dlh=+0 bottle=0 lvl=7 front=8527 ehp=-1'
08/29 18:34:41 [Localization System] CLocalize::FindSafe failed to localize: 'AIB[R] blocked=visual-hold reason=creep_in_range held=5.1 hp=92 repeat=11 hard=true'
08/29 18:34:41 [Localization System] CLocalize::FindSafe failed to localize: 'AIB[R] intent=tick-owner family=other stage=desire/visual-hold reason=ready score=20 band=position'
08/29 18:34:41 [Localization System] CLocalize::FindSafe failed to localize: 'AIB[R] intent=wave-watch-work family=other lh=31 idle=6 creep_hp=300 dist=869'
08/29 18:34:41 [Localization System] CLocalize::FindSafe failed to localize: 'AIB[D] blocked=harass reason=own_heal_running'
08/29 18:34:41 [Localization System] CLocalize::FindSafe failed to localize: 'AIB[R] blocked=uphill-repo reason=no_reposition'
08/29 18:34:41 [Localization System] CLocalize::FindSafe failed to localize: 'AIB[R] intent=melee-pack-space family=safety count=2 dist=122'
08/29 18:34:41 [Localization System] CLocalize::FindSafe failed to localize: 'AIB[R] intent=top-arbiter family=state winner=ranged-spacing:41 losers=hero-over-creep:52,idle-heal:46,emergency-retreat:45,fwd-pullback:44,emergency-kill:43.5'
08/29 18:34:41 [Localization System] CLocalize::FindSafe failed to localize: 'AIB[D] blocked=emergency-kill reason=no_target'
08/29 18:34:42 [Localization System] CLocalize::FindSafe failed to localize: 'AIB[D] intent=top-arbiter family=state winner=anti-idle:2 losers=safe-cs:56,hero-over-creep:52,idle-heal:46,emergency-retreat:45,fwd-pullback:44'
08/29 18:34:42 [Localization System] CLocalize::FindSafe failed to localize: 'AIB[D] intent=tick-owner family=other stage=laning-core'
08/29 18:34:42 [Localization System] CLocalize::FindSafe failed to localize: 'AIB[R] blocked=recovery-rune-bottle reason=no_close_rune max=3600 waterMax=4700 nearest=inf water=inf mid=216'
08/29 18:34:42 [Localization System] CLocalize::FindSafe failed to localize: 'AIB[R] blocked=hero-over-creep reason=no_target'
08/29 18:34:43 [Localization System] CLocalize::FindSafe failed to localize: 'AIB[R] intent=damage-by-source family=other creep=360 tower=188 hero=2239 mixed=372 death=0 other=0 stale=804 gaps=9'
08/29 18:34:43 [Localization System] CLocalize::FindSafe failed to localize: 'AIB[R] intent=top-arbiter family=state winner=creep-work:38.8 losers=hero-over-creep:52,idle-heal:46,emergency-retreat:45,fwd-pullback:44,emergency-kill:43.5'
08/29 18:34:43 [Localization System] CLocalize::FindSafe failed to localize: 'AIB[R] intent=tick-owner family=other stage=laning-core'
08/29 18:34:43 [Localization System] CLocalize::FindSafe failed to localize: 'AIB[D] blocked=hero-over-creep reason=no_target'
08/29 18:34:43 [Localization System] CLocalize::FindSafe failed to localize: 'AIB[D] blocked=uphill-repo reason=no_reposition'
08/29 18:34:43 [Localization System] CLocalize::FindSafe failed to localize: 'AIB[D] blocked=ability-harass reason=nothing_castable'
08/29 18:34:43 [Localization System] CLocalize::FindSafe failed to localize: 'AIB[R] blocked=emergency-kill reason=no_target'
08/29 18:34:43 [Localization System] CLocalize::FindSafe failed to localize: 'AIB[R] blocked=harass reason=no_target'
08/29 18:34:43 [Localization System] CLocalize::FindSafe failed to localize: 'AIB[D] blocked=buy-loop reason=saving target=item_magic_wand head=item_magic_stick cost=200 gold=68 left=2'
08/29 18:34:43 [Localization System] CLocalize::FindSafe failed to localize: 'AIB[D] intent=top-arbiter family=state winner=anti-idle:2 losers=hero-over-creep:52,idle-heal:46,emergency-retreat:45,fwd-pullback:44,emergency-kill:43.5'
08/29 18:34:44 [Localization System] CLocalize::FindSafe failed to localize: 'AIB[D] t=449s hp=63% gold=68 loc=1761,1661 lh=17 dn=0 dg=+7 dlh=+0 bottle=0 lvl=6 front=10140 ehp=-1'
08/29 18:34:44 [Localization System] CLocalize::FindSafe failed to localize: 'AIB[D] intent=tick-owner family=other stage=laning-core'
08/29 18:34:44 [Localization System] CLocalize::FindSafe failed to localize: 'AIB[R] intent=state-desire-last-hit family=farm dist=236 reason=killable_creep score=140'
08/29 18:34:44 [Localization System] CLocalize::FindSafe failed to localize: 'AIB[R] blocked=buy-loop reason=saving target=item_power_treads head=item_gloves cost=450 gold=54 left=1'
08/29 18:34:44 [Localization System] CLocalize::FindSafe failed to localize: 'AIB[R] intent=top-arbiter family=state winner=last-hit:158 losers=hero-over-creep:52,cs-inrange:50,idle-heal:46,emergency-retreat:45,fwd-pullback:44'
08/29 18:34:44 [Localization System] CLocalize::FindSafe failed to localize: 'AIB[D] blocked=emergency-kill reason=no_target'
08/29 18:34:45 [Localization System] CLocalize::FindSafe failed to localize: 'AIB[R] intent=tick-owner family=other stage=laning-core'
08/29 18:34:45 [Localization System] CLocalize::FindSafe failed to localize: 'AIB[D] blocked=bottle-rune reason=no_close_rune max=1900 waterMax=4700 nearest=inf water=inf mid=1253'
08/29 18:34:45 [Localization System] CLocalize::FindSafe failed to localize: 'AIB[D] blocked=recovery-rune-bottle reason=no_close_rune max=3600 waterMax=4700 nearest=inf water=inf mid=1253'
08/29 18:34:45 [Localization System] CLocalize::FindSafe failed to localize: 'AIB[D] intent=top-arbiter family=state winner=anti-idle:2 losers=hero-over-creep:52,idle-heal:46,emergency-retreat:45,fwd-pullback:44,emergency-kill:43.5'
08/29 18:34:45 [Localization System] CLocalize::FindSafe failed to localize: 'AIB[R] blocked=uphill-repo reason=no_reposition'
08/29 18:34:45 [Localization System] CLocalize::FindSafe failed to localize: 'AIB[R] intent=melee-pack-space family=safety count=2 dist=172'
08/29 18:34:45 [Localization System] CLocalize::FindSafe failed to localize: 'AIB[D] blocked=harass reason=own_heal_running'
08/29 18:34:46 [Localization System] CLocalize::FindSafe failed to localize: 'AIB[R] blocked=hero-over-creep reason=no_target'
08/29 18:34:46 [Localization System] CLocalize::FindSafe failed to localize: 'AIB[R] t=450s hp=95% gold=95 loc=-870,-758 lh=32 dn=5 dg=+46 dlh=+1 bottle=0 lvl=7 front=8539 ehp=-1'
08/29 18:34:46 [Localization System] CLocalize::FindSafe failed to localize: 'AIB[R] intent=top-arbiter family=state winner=creep-work:38.8 losers=hero-over-creep:52,idle-heal:46,emergency-retreat:45,fwd-pullback:44,emergency-kill:43.5'
08/29 18:34:46 [Localization System] CLocalize::FindSafe failed to localize: 'AIB[D] blocked=hero-over-creep reason=no_target'
08/29 18:34:46 [Localization System] CLocalize::FindSafe failed to localize: 'AIB[D] blocked=uphill-repo reason=no_reposition'
08/29 18:34:46 [Localization System] CLocalize::FindSafe failed to localize: 'AIB[D] blocked=ability-harass reason=nothing_castable'
08/29 18:34:46 [Localization System] CLocalize::FindSafe failed to localize: 'AIB[D] intent=tick-owner family=other stage=laning-core'
08/29 18:34:46 [Localization System] CLocalize::FindSafe failed to localize: 'AIB[R] blocked=emergency-kill reason=no_target'
08/29 18:34:46 [Localization System] CLocalize::FindSafe failed to localize: 'AIB[R] blocked=harass reason=no_target'
08/29 18:34:46 [Localization System] CLocalize::FindSafe failed to localize: 'AIB[D] intent=top-arbiter family=state winner=anti-idle:2 losers=hero-over-creep:52,idle-heal:46,emergency-retreat:45,fwd-pullback:44,emergency-kill:43.5'
08/29 18:34:47 [Localization System] CLocalize::FindSafe failed to localize: 'AIB[R] intent=state-desire-last-hit family=farm dist=465 reason=killable_creep score=140'
08/29 18:34:47 [Localization System] CLocalize::FindSafe failed to localize: 'AIB[R] intent=cs-watchdog family=farm lh=32 idle=20 creep_hp=176 dist=465'
08/29 18:34:47 [Localization System] CLocalize::FindSafe failed to localize: 'AIB[R] blocked=ability-harass reason=nothing_castable'
08/29 18:34:47 [Localization System] CLocalize::FindSafe failed to localize: 'AIB[R] intent=tick-owner family=other stage=desire/wave-watch reason=ready score=10 band=idle'
08/29 18:34:47 [Localization System] CLocalize::FindSafe failed to localize: 'AIB[R] intent=lane-line-episode family=other dist=669 fwd=0.55'
08/29 18:34:47 [Localization System] CLocalize::FindSafe failed to localize: 'AIB[R] blocked=uphill-repo reason=motor_busy'
08/29 18:34:48 [Localization System] CLocalize::FindSafe failed to localize: 'AIB[D] blocked=emergency-kill reason=no_target'
08/29 18:34:48 [Localization System] CLocalize::FindSafe failed to localize: 'AIB[R] intent=top-arbiter family=state winner=creep-work:38.8 losers=hero-over-creep:52,idle-heal:46,emergency-retreat:45,fwd-pullback:44,emergency-kill:43.5'
08/29 18:34:48 [Localization System] CLocalize::FindSafe failed to localize: 'AIB[D] intent=top-arbiter family=state winner=anti-idle:2 losers=hero-over-creep:52,idle-heal:46,emergency-retreat:45,fwd-pullback:44,emergency-kill:43.5'
08/29 18:34:48 Script function 'GetDesire' on bot npc_dota_hero_nevermore took 2.443ms
08/29 18:34:48 [Localization System] CLocalize::FindSafe failed to localize: 'AIB[D] intent=tick-owner family=other stage=laning-core'
08/29 18:34:48 [Localization System] CLocalize::FindSafe failed to localize: 'AIB[R] anti-idle-combat=2 anti-idle-enter=40 anti-idle-lane=19 anti-idle-lowhp-back=7 anti-idle-push=1 bottle-heal=5 bottle-rune=4 channel-interrupt-atk=18 channel-interrupt-chase=15 creep-aggro-back=4 creep-aggro-hero-yield=12 creep-aggro-hit=15 creep-dmg=7 creep-hit-react-atk=15 creep-hit-react-step=10 cs-wait-release=70 cs-wait=25 cs-walk-gap-large=73 cs-walk-gap-small=165 cs-walk-inrange=27 cs-walk-into-pack=79 cs-walk=266 cs-watchdog-atk=5 cs-watchdog-step=17 deny-act-atk=41 deny-act-walk=29 deny-act=70 deny-cand-doomed=48 deny-cand-tanky=184 dw-active=3 dw-farm=24 dw-fwd=1 dw-tower-step=6 empty-bottle-ok=12 fight-hp-behind=6 fwd-at-position=11 fwd-hold=2 fwd-lowhp-pull=2 fwd-position=2 fwd-suppressed-creep=35 fwd-suppressed-cs=9 fwd-suppressed-empty=6 fwd-suppressed-hero=12 fwd-suppressed-lowhp=5 fwd-suppressed-motor=24 fwd-suppressed-recovery=5 fwd-suppressed-rune=2 fwd-suppressed-tower=11 fwd-suppressed-visual=4 fwd-suppressed-watchdog=4 harass-seek=5 heal-item=4 heal-no-dive=4 heal-want=3 hero-contact-atk=29 hero-contact-chase=11 hero-over-creep=10 hero-pass-atk=9 hero-pass-chase=6 idle=17 kill-lock-atk=12 kill-lock-chase=10 kill-priority=25 killwin-atk=141 killwin-scan=1113 lane-line-fallback=124 lane-line-suppressed-creep-dmg=1 lane-line-suppressed-creep=19 lane-line-suppressed-empty=10 lane-line-suppressed-heal=17 lane-line-suppressed-lowhp=24 lane-line-suppressed-motor=3 lane-line-suppressed-recovery=1 last-hit-urgent=136 low-hp-limit=8 melee-pack-release=24 melee-pack-space=28 no-dive=4 own-ranged-stepback=4 pre-aig=40 precreep-anchor=49 precreep-hold=3 precreep-park-hold=13 precreep-park=154 precreep-space=2 prewave-defend=2 prewave-free-hit=87 recover-xp=15 recovery-bottle-active=6 recovery-bottle=1 recovery-buy=5 recovery-enemy-near=267 recovery-flask=3 recovery-regen=11 recovery-tango=1 regen-walk=4 siege-commit-tower=35 siege-creep=1 siege-step=5 siege-terminal-tower=99 siege-tower-backoff=1 siege-wave-step=1 tango-heal=2 tower-aggro-drop=12 uphill-reposition=6 uphill-void-under-fire=14 visual-hold-creep-step=1 visual-hold-creep=31 visual-hold-lane=2 visual-hold-still=1 wave-watch-atk=23 wave-watch-no-wave=29 wave-watch-step=133 wave-watch=28'
08/29 18:34:48 Script function 'Think' on bot npc_dota_hero_nevermore took 2.481ms
08/29 18:34:49 [Localization System] CLocalize::FindSafe failed to localize: 'AIB[R] blocked=hero-over-creep reason=no_target'
08/29 18:34:49 [Localization System] CLocalize::FindSafe failed to localize: 'AIB[D] intent=damage-by-source family=other creep=1125 tower=0 hero=3723 mixed=427 death=34 other=191 stale=69 gaps=2'
08/29 18:34:49 [Localization System] CLocalize::FindSafe failed to localize: 'AIB[D] t=454s hp=83% gold=76 loc=684,567 lh=17 dn=0 dg=+8 dlh=+0 bottle=0 lvl=6 front=9707 ehp=-1'
08/29 18:34:49 [Localization System] CLocalize::FindSafe failed to localize: 'AIB[R] blocked=uphill-repo reason=no_reposition'
08/29 18:34:49 [Localization System] CLocalize::FindSafe failed to localize: 'AIB[R] intent=tick-owner family=other stage=laning-core'
08/29 18:34:49 [Localization System] CLocalize::FindSafe failed to localize: 'AIB[R] intent=top-arbiter family=state winner=creep-work:38.8 losers=hero-over-creep:52,idle-heal:46,emergency-retreat:45,fwd-pullback:44,emergency-kill:43.5'
08/29 18:34:49 [Localization System] CLocalize::FindSafe failed to localize: 'AIB[D] blocked=hero-over-creep reason=no_target'
08/29 18:34:49 [Localization System] CLocalize::FindSafe failed to localize: 'AIB[D] blocked=uphill-repo reason=no_reposition'
08/29 18:34:49 [Localization System] CLocalize::FindSafe failed to localize: 'AIB[D] blocked=harass reason=own_heal_running'
08/29 18:34:49 [Localization System] CLocalize::FindSafe failed to localize: 'AIB[D] blocked=ability-harass reason=nothing_castable'
08/29 18:34:49 [Localization System] CLocalize::FindSafe failed to localize: 'AIB[D] anti-afk-lane=1 anti-afk-no-chase=2 anti-idle-combat=3 anti-idle-creep-walk=1 anti-idle-enter=50 anti-idle-lane=26 anti-idle-lowhp-back=12 buy-skip-fountain-floor=2 channel-interrupt-atk=33 channel-interrupt-chase=15 creep-aggro-back=5 creep-aggro-hero-yield=9 creep-aggro-hit=35 creep-dmg=7 creep-hit-react-atk=11 creep-hit-react-step=15 critical-recover-hold=8 critical-recover-lock=3 cs-wait-release=8 cs-wait=9 cs-walk-gap-large=17 cs-walk-gap-small=13 cs-walk-inrange=14 cs-walk-into-pack=11 cs-walk=44 cs-watchdog-atk=2 cs-watchdog-step=12 cw-push-cs-step=2 cw-push=152 deny-act-atk=3 deny-act-walk=25 deny-act=28 deny-cand-doomed=12 deny-cand-tanky=87 empty-bottle-ok=4 fight-hp-behind=20 fountain-init-skip=1 fountain-tp-hold=3 fountain-trip-release=7 fountain-wait=19 fwd-at-position=12 fwd-hold=5 fwd-lowhp-pull=1 fwd-position=9 fwd-suppressed-creep=9 fwd-suppressed-cs=2 fwd-suppressed-empty=1 fwd-suppressed-hero=4 fwd-suppressed-lowhp=5 fwd-suppressed-motor=19 fwd-suppressed-recovery=8 fwd-suppressed-tower=17 fwd-suppressed-visual=6 fwd-suppressed-watchdog=1 heal-blocked-damage=1 heal-inflight-back=6 heal-inflight-hold=1 heal-item=9 heal-want=10 hero-contact-atk=34 hero-contact-chase=7 hero-over-creep=12 hero-pass-atk=19 hero-pass-chase=4 hero-prio-always=4 hero-prio-chase-hold=13 hero-prio-chase=41 idle=19 kill-priority=2 killwin-scan=1454 lane-line-fallback=64 lane-line-suppressed-creep=2 lane-line-suppressed-heal=16 lane-line-suppressed-lowhp=26 lane-line-suppressed-motor=6 last-hit-urgent=61 low-hp-behind-safe=2 low-hp-creep=16 low-hp-limit=14 melee-pack-release=15 melee-pack-space=22 own-ranged-stepback=1 pre-aig=51 precreep-anchor=29 precreep-hold=2 precreep-park-hold=12 precreep-park=185 precreep-space=4 prewave-duel-approach=31 prewave-duel-trade=92 recover-safe=25 recover-xp=35 recovery-bottle-active=3 recovery-bottle=1 recovery-buy-critical=5 recovery-buy=4 recovery-enemy-near=205 recovery-regen=19 recovery-tango=3 recovery-timeout=1 recovery-tp=3 recovery-wait=3 recovery-walk=1 recovery-yield=6 regen-walk=38 uphill-reposition=1 uphill-void-under-fire=6 visual-hold-creep=2 visual-hold-lane=8 wave-watch-atk=2 wave-watch-no-wave=36 wave-watch-step=44 wave-watch=12'
08/29 18:34:49 [Localization System] CLocalize::FindSafe failed to localize: 'AIB[R] blocked=emergency-kill reason=no_target'
08/29 18:34:49 [Localization System] CLocalize::FindSafe failed to localize: 'AIB[R] blocked=harass reason=no_target'
08/29 18:34:50 [Localization System] CLocalize::FindSafe failed to localize: 'AIB[D] intent=top-arbiter family=state winner=anti-idle:2 losers=hero-over-creep:52,idle-heal:46,emergency-retreat:45,fwd-pullback:44,emergency-kill:43.5'
08/29 18:34:50 [Localization System] CLocalize::FindSafe failed to localize: 'AIB[D] blocked=hero-prio-chase reason=lane_work dist=1369 cs=true creep=false hp_adv=false kill_pressure=false close=false low_farm=false lane_override=false'
08/29 18:34:50 [Localization System] CLocalize::FindSafe failed to localize: 'AIB[D] blocked=harass reason=no_target'
08/29 18:34:50 [Localization System] CLocalize::FindSafe failed to localize: 'AIB[D] intent=lane-line-episode family=other dist=1238 fwd=0.50'
08/29 18:34:50 [Localization System] CLocalize::FindSafe failed to localize: 'AIB[R] intent=state-desire-last-hit family=farm dist=479 reason=killable_creep score=140'
08/29 18:34:50 [Localization System] CLocalize::FindSafe failed to localize: 'AIB[D] blocked=uphill-repo reason=motor_busy'
08/29 18:34:50 [Localization System] CLocalize::FindSafe failed to localize: 'AIB[R] blocked=recovery-rune-bottle reason=no_close_rune max=3600 waterMax=4700 nearest=inf water=inf mid=390'
08/29 18:34:50 [Localization System] CLocalize::FindSafe failed to localize: 'AIB[R] blocked=ability-harass reason=nothing_castable'
08/29 18:34:50 [Localization System] CLocalize::FindSafe failed to localize: 'AIB[D] intent=tick-owner family=other stage=desire/creep-work reason=ready score=39 band=lanework'
08/29 18:34:51 [Localization System] CLocalize::FindSafe failed to localize: 'AIB[R] blocked=uphill-repo reason=motor_busy'
08/29 18:34:51 [Localization System] CLocalize::FindSafe failed to localize: 'AIB[D] blocked=emergency-kill reason=no_target'
08/29 18:34:51 [Localization System] CLocalize::FindSafe failed to localize: 'AIB[R] t=455s hp=97% gold=103 loc=-496,-385 enemy-dist=947 lh=32 dn=5 dg=+8 dlh=+0 bottle=0 lvl=7 front=8823 ehp=87'
08/29 18:34:51 [Localization System] CLocalize::FindSafe failed to localize: 'AIB[R] intent=top-arbiter family=state winner=lane-line:18 losers=hero-over-creep:52,idle-heal:46,emergency-retreat:45,fwd-pullback:44,emergency-kill:43.5'
08/29 18:34:51 [Localization System] CLocalize::FindSafe failed to localize: 'AIB[R] blocked=recovery-buy reason=budget_cap hp=97 gold=103 count=2 allow=2'
08/29 18:34:51 [Localization System] CLocalize::FindSafe failed to localize: 'AIB[R] intent=tick-owner family=other stage=laning-core'
08/29 18:34:51 [Localization System] CLocalize::FindSafe failed to localize: 'AIB[D] intent=top-arbiter family=state winner=creep-work:38.6 losers=hero-over-creep:52,idle-heal:46,emergency-retreat:45,fwd-pullback:44,emergency-kill:43.5'
08/29 18:34:51 [Localization System] CLocalize::FindSafe failed to localize: 'AIB[D] blocked=recovery-buy reason=budget_cap hp=87 gold=79 count=5 allow=2'
08/29 18:34:51 [Localization System] CLocalize::FindSafe failed to localize: 'AIB[D] blocked=buy-loop reason=saving target=item_magic_wand head=item_magic_stick cost=200 gold=80 left=2'
08/29 18:34:51 [Localization System] CLocalize::FindSafe failed to localize: 'AIB[D] intent=melee-pack-space family=safety count=2 dist=143'
08/29 18:34:52 [Localization System] CLocalize::FindSafe failed to localize: 'AIB[R] blocked=hero-over-creep reason=no_target'
08/29 18:34:52 [Localization System] CLocalize::FindSafe failed to localize: 'AIB[D] blocked=uphill-repo reason=not_trading'
08/29 18:34:52 [Localization System] CLocalize::FindSafe failed to localize: 'AIB[R] intent=state-desire-fight family=state base=78 hp_adv=8 execute=20 dist=800 hp=97 ehp=59 reason=enemy_seen score=106'
08/29 18:34:52 [Localization System] CLocalize::FindSafe failed to localize: 'AIB[R] blocked=ability-pressure reason=nothing_castable'
08/29 18:34:52 [Localization System] CLocalize::FindSafe failed to localize: 'AIB[R] blocked=top-arbiter reason=empty_action winner=fight score=106'
08/29 18:34:52 [Localization System] CLocalize::FindSafe failed to localize: 'AIB[R] blocked=siege reason=desire_or_hp hp=97 adv=false'
08/29 18:34:52 [Localization System] CLocalize::FindSafe failed to localize: 'AIB[R] intent=tower-opportunity family=siege result=blocked_desire_or_hp wave=2 hp=97 adv=false'
08/29 18:34:52 [Localization System] CLocalize::FindSafe failed to localize: 'AIB[R] intent=hero-contact family=fight dist=679 hp=97 reason=close_enemy'
08/29 18:34:52 [SteamNetSockets] Certificate expires in 47h50m at 1788193493 (current time 1788021293), will renew in 45h50m
08/29 18:34:52 [Localization System] CLocalize::FindSafe failed to localize: 'AIB[D] intent=state-desire-fight family=state base=78 range=18 dist=592 hp=59 ehp=97 reason=enemy_seen score=96'
08/29 18:34:52 [Localization System] CLocalize::FindSafe failed to localize: 'AIB[D] blocked=ability-pressure reason=hp_disadv dist=592 hp=59 ehp=97'
08/29 18:34:52 [Localization System] CLocalize::FindSafe failed to localize: 'AIB[D] intent=hero-contact family=fight dist=592 hp=59 reason=attackable_enemy'
08/29 18:34:52 [Localization System] CLocalize::FindSafe failed to localize: 'AIB[R] blocked=hero-contact reason=refractory since=0.20'
08/29 18:34:52 [Localization System] CLocalize::FindSafe failed to localize: 'AIB[R] intent=hero-pass family=fight dist=592 hp=97 reason=nearby_enemy'
08/29 18:34:52 [Localization System] CLocalize::FindSafe failed to localize: 'AIB[R] intent=top-arbiter family=state winner=fight:142 losers=hero-over-creep:52,idle-heal:46,emergency-retreat:45,fwd-pullback:44,emergency-kill:43.5'
08/29 18:34:52 [Localization System] CLocalize::FindSafe failed to localize: 'AIB[R] blocked=buy-loop reason=saving target=item_power_treads head=item_gloves cost=450 gold=105 left=1'
08/29 18:34:52 [Localization System] CLocalize::FindSafe failed to localize: 'AIB[D] blocked=hero-contact reason=refractory since=0.13'
08/29 18:34:52 [Localization System] CLocalize::FindSafe failed to localize: 'AIB[D] intent=hero-pass family=fight dist=592 hp=59 reason=nearby_enemy'
08/29 18:34:52 [Localization System] CLocalize::FindSafe failed to localize: 'AIB[D] intent=tick-owner family=other stage=fight intent=hero-pass'
08/29 18:34:52 [Localization System] CLocalize::FindSafe failed to localize: 'AIB[R] blocked=emergency-kill reason=no_target'
08/29 18:34:52 [Localization System] CLocalize::FindSafe failed to localize: 'AIB[R] blocked=harass reason=no_target'
08/29 18:34:53 [Localization System] CLocalize::FindSafe failed to localize: 'AIB[D] intent=state-desire-safety family=state base=108 creep_dmg=8 hp=58 creep=true hero=true reason=recent_damage score=116'
08/29 18:34:53 [Localization System] CLocalize::FindSafe failed to localize: 'AIB[D] blocked=creep-hit-react reason=inside_melee_pack count=2 dist=86 hp=58'
08/29 18:34:53 [Localization System] CLocalize::FindSafe failed to localize: 'AIB[D] intent=creep-hit-react family=safety dist=86 hp=58 hits=1 reason=edge_attack'
08/29 18:34:53 [Localization System] CLocalize::FindSafe failed to localize: 'AIB[D] intent=top-arbiter family=state winner=safety:116 losers=fight:114,hero-over-creep:52,idle-heal:46,emergency-retreat:45,fwd-pullback:44'
08/29 18:34:53 [Localization System] CLocalize::FindSafe failed to localize: 'AIB[D] blocked=safety-candidate reason=no_action_capped hp=57 score=44'
08/29 18:34:53 [Localization System] CLocalize::FindSafe failed to localize: 'AIB[D] blocked=creep-aggro reason=hero_trading hp=57 hits=1'
08/29 18:34:53 [Localization System] CLocalize::FindSafe failed to localize: 'AIB[D] intent=creep-aggro family=safety hp=57 dest=276,405 reason=chip_step'
08/29 18:34:53 [Localization System] CLocalize::FindSafe failed to localize: 'AIB[R] intent=kill-lock family=fight dist=580 ehp=22 hp=80 exec=false atk=true mutual=false reason=killable_enemy'
08/29 18:34:53 [Localization System] CLocalize::FindSafe failed to localize: 'AIB[D] intent=recovery-policy family=recover action=recover hp=22 gate=35 source=early-low'
08/29 18:34:53 [Localization System] CLocalize::FindSafe failed to localize: 'AIB[D] blocked=bottle-rune reason=critical_no_stage hp=22 rune=1803 eta=22'
08/29 18:34:53 [Localization System] CLocalize::FindSafe failed to localize: 'AIB[D] intent=state-recover-safe family=state ttl=2 reason=regen_lane hp=22 dist=1069'
08/29 18:34:53 [Localization System] CLocalize::FindSafe failed to localize: 'AIB[D] blocked=bottle-rune reason=stage_cooldown eta=22'
08/29 18:34:54 [Localization System] CLocalize::FindSafe failed to localize: 'AIB[R] blocked=kill-lock reason=chase_into_tower dist=814 ehp=20'
08/29 18:34:54 [Localization System] CLocalize::FindSafe failed to localize: 'AIB[R] intent=state-desire-fight family=state base=78 hp_adv=8 execute=20 dist=814 hp=81 ehp=20 reason=enemy_seen score=106'
08/29 18:34:54 [Localization System] CLocalize::FindSafe failed to localize: 'AIB[R] blocked=hero-pass reason=chase_into_tower hp=81'
08/29 18:34:54 [Localization System] CLocalize::FindSafe failed to localize: 'AIB[R] blocked=top-arbiter reason=empty_action winner=fight score=106'
08/29 18:34:54 [Localization System] CLocalize::FindSafe failed to localize: 'AIB[R] blocked=bottle-rune reason=no_close_rune max=1900 waterMax=4700 nearest=inf water=inf mid=464'
08/29 18:34:54 [Localization System] CLocalize::FindSafe failed to localize: 'AIB[R] blocked=uphill-repo reason=no_reposition'
08/29 18:34:54 [Localization System] CLocalize::FindSafe failed to localize: 'AIB[R] intent=state-siege-window family=siege ttl=2 wave=2 tower=1128 hp=81 adv=true'
08/29 18:34:54 [Localization System] CLocalize::FindSafe failed to localize: 'AIB[R] intent=tick-owner family=other stage=desire/creep-work reason=ready score=39 band=lanework'
08/29 18:34:54 [Localization System] CLocalize::FindSafe failed to localize: 'AIB[R] intent=state-desire-siege family=siege base=66 push=12 hp=81 reason=tower_window score=78'
08/29 18:34:54 [Localization System] CLocalize::FindSafe failed to localize: 'AIB[R] intent=tower-opportunity family=siege result=step phase=commit wave=2 tower=1058'
08/29 18:34:54 [Localization System] CLocalize::FindSafe failed to localize: 'AIB[R] intent=top-arbiter family=state winner=siege:78 losers=fight:106,hero-over-creep:52,idle-heal:46,emergency-retreat:45,fwd-pullback:44'
08/29 18:34:54 [Localization System] CLocalize::FindSafe failed to localize: 'AIB[D] t=459s hp=10% gold=84 loc=439,412 enemy-dist=799 lh=17 dn=0 dg=+8 dlh=+0 bottle=0 lvl=6 front=8620 ehp=81'
08/29 18:34:55 [Localization System] CLocalize::FindSafe failed to localize: 'AIB[D] intent=tick-owner family=other stage=laning-core'
08/29 18:34:55 [Localization System] CLocalize::FindSafe failed to localize: 'AIB[R] blocked=kill-lock reason=tower dist=812 hp=81'
08/29 18:34:55 [Localization System] CLocalize::FindSafe failed to localize: 'AIB[R] blocked=ability-pressure reason=nothing_castable'
08/29 18:34:55 [Localization System] CLocalize::FindSafe failed to localize: 'AIB[R] intent=state-desire-fight family=state base=78 hp_adv=8 execute=20 dist=805 hp=81 ehp=9 reason=enemy_seen score=106'
08/29 18:34:55 [Localization System] CLocalize::FindSafe failed to localize: 'AIB[R] blocked=top-arbiter reason=empty_action winner=fight score=106'
08/29 18:34:55 [Localization System] CLocalize::FindSafe failed to localize: 'AIB[R] intent=state-desire-siege family=siege base=66 push=12 hp=82 hyst=18 reason=tower_window score=96'
08/29 18:34:55 [Localization System] CLocalize::FindSafe failed to localize: 'AIB[R] intent=top-arbiter family=state winner=siege:96 losers=fight:106,hero-over-creep:52,idle-heal:46,emergency-retreat:45,fwd-pullback:44'
08/29 18:34:56 [Localization System] CLocalize::FindSafe failed to localize: 'AIB[R] intent=state-siege-window family=siege ttl=2 wave=2 tower=675 hp=82 adv=true'
08/29 18:34:56 [Localization System] CLocalize::FindSafe failed to localize: 'AIB[R] intent=tick-owner family=other stage=laning-core'
08/29 18:34:56 [Server] Client (account 0) tried to execute invalid order (3). Unrecognized order identifier.
08/29 18:34:56 [Localization System] CLocalize::FindSafe failed to localize: 'AIB[R] t=461s hp=82% gold=110 loc=66,157 enemy-dist=994 lh=32 dn=5 dg=+7 dlh=+0 bottle=0 lvl=7 front=9697 ehp=10'
08/29 18:34:56 [Localization System] CLocalize::FindSafe failed to localize: 'AIB[D] blocked=recovery-rune-bottle reason=stage_cooldown eta=19'
08/29 18:34:56 [Localization System] CLocalize::FindSafe failed to localize: 'AIB[D] intent=recovery-plan family=recover action=lane reason=empty_bottle_no_rune hp=10 mana=54'
08/29 18:34:56 [Localization System] CLocalize::FindSafe failed to localize: 'AIB[D] intent=state-recover-safe family=state ttl=5 reason=post_fight_regen hp=10 dist=200'
08/29 18:34:56 [Localization System] CLocalize::FindSafe failed to localize: 'AIB[D] blocked=recovery-buy reason=fountain_floor_free_heal hp=10 gold=86'
08/29 18:34:57 [Localization System] CLocalize::FindSafe failed to localize: 'AIB[D] intent=tick-owner family=other stage=laning-core'
08/29 18:34:59 [Localization System] CLocalize::FindSafe failed to localize: 'AIB[D] intent=tick-owner family=other stage=laning-core'
08/29 18:34:59 [Localization System] CLocalize::FindSafe failed to localize: 'AIB[D] t=464s hp=10% gold=91 loc=1397,1365 lh=17 dn=0 dg=+7 dlh=+0 bottle=0 lvl=6 front=8620 ehp=-1'
08/29 18:34:59 [Localization System] CLocalize::FindSafe failed to localize: 'AIB[D] blocked=buy-loop reason=saving target=item_magic_wand head=item_magic_stick cost=200 gold=92 left=2'
08/29 18:35:00 [Localization System] CLocalize::FindSafe failed to localize: 'AIB[R] blocked=buy-loop reason=saving target=item_power_treads head=item_gloves cost=450 gold=117 left=1'
08/29 18:35:01 [Localization System] CLocalize::FindSafe failed to localize: 'AIB[D] intent=tick-owner family=other stage=laning-core'
08/29 18:35:02 [Localization System] CLocalize::FindSafe failed to localize: 'AIB[R] t=467s hp=74% gold=120 loc=-1310,-998 lh=32 dn=5 dg=+10 dlh=+0 bottle=0 lvl=7 front=7888 ehp=-1'
08/29 18:35:02 [Localization System] CLocalize::FindSafe failed to localize: 'AIB[R] intent=damage-by-source family=other creep=360 tower=188 hero=2425 mixed=372 death=0 other=0 stale=891 gaps=10'
08/29 18:35:02 [Localization System] CLocalize::FindSafe failed to localize: 'AIB[R] blocked=hero-over-creep reason=no_target'
08/29 18:35:02 [Localization System] CLocalize::FindSafe failed to localize: 'AIB[R] blocked=bottle-rune reason=no_close_rune max=1900 waterMax=4700 nearest=inf water=inf mid=377'
08/29 18:35:02 [Localization System] CLocalize::FindSafe failed to localize: 'AIB[R] blocked=recovery-rune-bottle reason=no_close_rune max=3600 waterMax=4700 nearest=inf water=inf mid=377'
08/29 18:35:02 [Localization System] CLocalize::FindSafe failed to localize: 'AIB[R] intent=recovery-plan family=recover action=lane reason=empty_bottle_no_rune hp=74 mana=40'
08/29 18:35:02 [Localization System] CLocalize::FindSafe failed to localize: 'AIB[R] blocked=emergency-kill reason=no_target'
08/29 18:35:02 [Localization System] CLocalize::FindSafe failed to localize: 'AIB[R] blocked=uphill-repo reason=no_reposition'
08/29 18:35:02 [Localization System] CLocalize::FindSafe failed to localize: 'AIB[R] blocked=harass reason=no_target'
08/29 18:35:02 [Localization System] CLocalize::FindSafe failed to localize: 'AIB[R] blocked=ability-harass reason=nothing_castable'
08/29 18:35:02 [Localization System] CLocalize::FindSafe failed to localize: 'AIB[R] intent=lane-line-episode family=other dist=749 fwd=0.41'
08/29 18:35:02 [Localization System] CLocalize::FindSafe failed to localize: 'AIB[R] intent=top-arbiter family=state winner=lane-line:18 losers=hero-over-creep:52,idle-heal:46,emergency-retreat:45,fwd-pullback:44,emergency-kill:43.5'
08/29 18:35:02 [Localization System] CLocalize::FindSafe failed to localize: 'AIB[R] intent=tick-owner family=other stage=desire/lane-line reason=ready score=18 band=position'
08/29 18:35:03 [Localization System] CLocalize::FindSafe failed to localize: 'AIB[R] blocked=uphill-repo reason=motor_busy'
08/29 18:35:03 [Localization System] CLocalize::FindSafe failed to localize: 'AIB[D] intent=tick-owner family=other stage=laning-core'
08/29 18:35:04 [Localization System] CLocalize::FindSafe failed to localize: 'AIB[D] intent=damage-by-source family=other creep=1174 tower=0 hero=4054 mixed=742 death=34 other=191 stale=69 gaps=2'
08/29 18:35:04 [Localization System] CLocalize::FindSafe failed to localize: 'AIB[R] intent=top-arbiter family=state winner=lane-line:18 losers=hero-over-creep:52,idle-heal:46,emergency-retreat:45,fwd-pullback:44,emergency-kill:43.5'
08/29 18:35:04 [Localization System] CLocalize::FindSafe failed to localize: 'AIB[D] t=469s hp=14% gold=99 loc=2568,2365 lh=17 dn=0 dg=+8 dlh=+0 bottle=0 lvl=6 front=9489 ehp=-1'
08/29 18:35:04 [Localization System] CLocalize::FindSafe failed to localize: 'AIB[D] intent=recovery-policy family=recover action=recover hp=14 gate=22 source=emergency-low'
08/29 18:35:04 [Localization System] CLocalize::FindSafe failed to localize: 'AIB[R] intent=tick-owner family=other stage=desire/lane-line reason=ready score=18 band=position'
08/29 18:35:05 [Localization System] CLocalize::FindSafe failed to localize: 'AIB[D] intent=tick-owner family=other stage=laning-core'
08/29 18:35:05 [Localization System] CLocalize::FindSafe failed to localize: 'AIB[R] intent=wave-watch-work family=other lh=32 idle=18 creep_hp=562 dist=452'
08/29 18:35:05 [Localization System] CLocalize::FindSafe failed to localize: 'AIB[D] blocked=buy-tp reason=recent_tp since=9'
08/29 18:35:05 [Localization System] CLocalize::FindSafe failed to localize: 'AIB[R] blocked=hero-over-creep reason=no_target'
08/29 18:35:05 [Localization System] CLocalize::FindSafe failed to localize: 'AIB[R] blocked=emergency-kill reason=no_target'
08/29 18:35:05 [Localization System] CLocalize::FindSafe failed to localize: 'AIB[R] intent=melee-pack-space family=safety count=2 dist=144'
08/29 18:35:05 [Localization System] CLocalize::FindSafe failed to localize: 'AIB[R] intent=top-arbiter family=state winner=ranged-spacing:41 losers=hero-over-creep:52,idle-heal:46,emergency-retreat:45,fwd-pullback:44,emergency-kill:43.5'
08/29 18:35:06 [Localization System] CLocalize::FindSafe failed to localize: 'AIB[R] blocked=uphill-repo reason=motor_busy'
08/29 18:35:06 [Localization System] CLocalize::FindSafe failed to localize: 'AIB[R] blocked=harass reason=no_target'
08/29 18:35:06 [Localization System] CLocalize::FindSafe failed to localize: 'AIB[R] blocked=ability-harass reason=nothing_castable'
08/29 18:35:06 [Localization System] CLocalize::FindSafe failed to localize: 'AIB[D] intent=recovery-policy family=recover action=recover hp=16 gate=22 source=emergency-low'
08/29 18:35:06 [Localization System] CLocalize::FindSafe failed to localize: 'AIB[R] blocked=uphill-repo reason=no_reposition'
08/29 18:35:06 [Localization System] CLocalize::FindSafe failed to localize: 'AIB[R] intent=tick-owner family=other stage=desire/creep-work reason=ready score=39 band=lanework'
08/29 18:35:07 [Localization System] CLocalize::FindSafe failed to localize: 'AIB[D] intent=tick-owner family=other stage=laning-core'
08/29 18:35:07 [Localization System] CLocalize::FindSafe failed to localize: 'AIB[R] intent=top-arbiter family=state winner=creep-work:38.8 losers=hero-over-creep:52,idle-heal:46,emergency-retreat:45,fwd-pullback:44,emergency-kill:43.5'
08/29 18:35:07 [Localization System] CLocalize::FindSafe failed to localize: 'AIB[D] blocked=buy-loop reason=saving target=item_magic_wand head=item_magic_stick cost=200 gold=104 left=2'
08/29 18:35:07 [Localization System] CLocalize::FindSafe failed to localize: 'AIB[R] intent=recovery-plan family=recover action=rune_stage reason=power source=bottle-rune dist=1797 eta=8'
08/29 18:35:07 [Localization System] CLocalize::FindSafe failed to localize: 'AIB[R] intent=state-rune-commit family=rune source=bottle-rune phase=power ttl=8 dist=1797 eta=8'
08/29 18:35:07 [Localization System] CLocalize::FindSafe failed to localize: 'AIB[R] intent=rune-transaction family=rune source=bottle-rune phase=power ttl=8 dist=1797 eta=8'
08/29 18:35:07 [Localization System] CLocalize::FindSafe failed to localize: 'AIB[R] intent=bottle-rune family=rune dist=1797 eta=8 reason=stage'
08/29 18:35:08 [Localization System] CLocalize::FindSafe failed to localize: 'AIB[R] t=472s hp=76% gold=128 loc=-309,-338 lh=32 dn=5 dg=+8 dlh=+0 bottle=0 lvl=7 front=8749 ehp=-1'
08/29 18:35:08 [Localization System] CLocalize::FindSafe failed to localize: 'AIB[D] intent=recovery-policy family=recover action=recover hp=17 gate=22 source=emergency-low'
08/29 18:35:08 [Localization System] CLocalize::FindSafe failed to localize: 'AIB[R] blocked=buy-loop reason=saving target=item_power_treads head=item_gloves cost=450 gold=129 left=1'
08/29 18:35:08 [Localization System] CLocalize::FindSafe failed to localize: 'AIB[R] blocked=hero-over-creep reason=no_target'
08/29 18:35:08 [Localization System] CLocalize::FindSafe failed to localize: 'AIB[R] intent=tick-owner family=other stage=laning-core'
08/29 18:35:09 [Localization System] CLocalize::FindSafe failed to localize: 'AIB[R] intent=top-arbiter family=state winner=idle-heal:46 losers=hero-over-creep:52,emergency-retreat:45,fwd-pullback:44,emergency-kill:43.5,uphill:43'
08/29 18:35:09 [Localization System] CLocalize::FindSafe failed to localize: 'AIB[D] intent=tick-owner family=other stage=laning-core'
08/29 18:35:09 [Localization System] CLocalize::FindSafe failed to localize: 'AIB[R] intent=state-desire-last-hit family=farm dist=563 reason=killable_creep score=140'
08/29 18:35:09 [Localization System] CLocalize::FindSafe failed to localize: 'AIB[D] t=474s hp=17% gold=106 loc=3586,3484 lh=17 dn=0 dg=+7 dlh=+0 bottle=0 lvl=6 front=9832 ehp=-1'
08/29 18:35:09 [Localization System] CLocalize::FindSafe failed to localize: 'AIB[R] intent=recovery-plan family=recover action=rune_stage reason=stage_follow source=bottle-rune dist=1245 eta=6'
08/29 18:35:09 [Localization System] CLocalize::FindSafe failed to localize: 'AIB[R] intent=state-rune-commit family=rune source=bottle-rune phase=stage_follow ttl=6 dist=1245 eta=6'
08/29 18:35:09 [Localization System] CLocalize::FindSafe failed to localize: 'AIB[R] intent=rune-transaction family=rune source=bottle-rune phase=stage_follow ttl=6 dist=1245 eta=6'
08/29 18:35:10 [Localization System] CLocalize::FindSafe failed to localize: 'invalid index'
08/29 18:35:10 [Localization System] CLocalize::FindSafe failed to localize: 'AIB[R] intent=top-arbiter family=state winner=idle-heal:46 losers=hero-over-creep:52,emergency-retreat:45,fwd-pullback:44,emergency-kill:43.5,uphill:43'
08/29 18:35:10 [Localization System] CLocalize::FindSafe failed to localize: 'AIB[D] intent=recovery-policy family=recover action=recover hp=18 gate=22 source=emergency-low'
08/29 18:35:11 [Localization System] CLocalize::FindSafe failed to localize: 'AIB[R] intent=rune-ground-truth family=rune id=1 status=2 t=475'
08/29 18:35:11 [Localization System] CLocalize::FindSafe failed to localize: 'AIB[R] intent=tick-owner family=other stage=laning-core'
08/29 18:35:11 [Localization System] CLocalize::FindSafe failed to localize: 'AIB[R] intent=rune-ground-truth family=rune id=0 status=2 t=476'
08/29 18:35:11 [Localization System] CLocalize::FindSafe failed to localize: 'AIB[R] intent=rune-ground-truth family=rune id=1 status=1 t=476'
08/29 18:35:11 [Localization System] CLocalize::FindSafe failed to localize: 'AIB[R] intent=bottle-rune family=rune dist=767 hp=77 mana=43 reason=start'
08/29 18:35:11 [Localization System] CLocalize::FindSafe failed to localize: 'AIB[D] intent=tick-owner family=other stage=laning-core'
08/29 18:35:11 [Localization System] CLocalize::FindSafe failed to localize: 'AIB[R] blocked=hero-over-creep reason=no_target'
08/29 18:35:11 [Localization System] CLocalize::FindSafe failed to localize: 'AIB[R] intent=recovery-plan family=recover action=rune reason=commit source=bottle-rune dist=545'
08/29 18:35:11 [Localization System] CLocalize::FindSafe failed to localize: 'AIB[R] intent=state-rune-commit family=rune source=bottle-rune phase=commit ttl=30 dist=545'
08/29 18:35:11 [Localization System] CLocalize::FindSafe failed to localize: 'AIB[R] intent=rune-transaction family=rune source=bottle-rune phase=commit ttl=30 dist=545'
08/29 18:35:12 [Localization System] CLocalize::FindSafe failed to localize: 'AIB[R] intent=top-arbiter family=state winner=idle-heal:46 losers=hero-over-creep:52,emergency-retreat:45,fwd-pullback:44,emergency-kill:43.5,uphill:43'
08/29 18:35:12 [Localization System] CLocalize::FindSafe failed to localize: 'AIB[D] intent=recovery-policy family=recover action=recover hp=20 gate=22 source=emergency-low'
08/29 18:35:13 [Localization System] CLocalize::FindSafe failed to localize: 'AIB[R] t=477s hp=78% gold=173 loc=1050,-1144 lh=33 dn=5 dg=+45 dlh=+1 bottle=0 lvl=8 front=8809 ehp=-1'
08/29 18:35:13 [Localization System] CLocalize::FindSafe failed to localize: 'AIB[R] intent=tick-owner family=other stage=laning-core'
08/29 18:35:13 [Localization System] CLocalize::FindSafe failed to localize: 'AIB[R] intent=recovery-plan family=recover action=rune reason=pickup source=bottle-rune dist=90'
08/29 18:35:13 [Localization System] CLocalize::FindSafe failed to localize: 'AIB[R] intent=state-rune-commit family=rune source=bottle-rune phase=pickup ttl=30 dist=90'
08/29 18:35:13 [Localization System] CLocalize::FindSafe failed to localize: 'AIB[R] intent=rune-transaction family=rune source=bottle-rune phase=pickup ttl=30 dist=90'
08/29 18:35:13 [Localization System] CLocalize::FindSafe failed to localize: 'AIB[R] intent=rune-result family=rune source=bottle-rune result=pickup_attempt dist=90 age=2'
08/29 18:35:13 [Localization System] CLocalize::FindSafe failed to localize: 'AIB[R] intent=bottle-rune family=rune dist=90 age=2 reason=pickup'
08/29 18:35:13 [Localization System] CLocalize::FindSafe failed to localize: 'AIB[R] intent=rune-ground-truth family=rune id=1 status=2 t=478'
08/29 18:35:13 [Localization System] CLocalize::FindSafe failed to localize: 'AIB[D] intent=tick-owner family=other stage=laning-core'
08/29 18:35:13 [Localization System] CLocalize::FindSafe failed to localize: 'AIB[R] blocked=power-rune-candidate reason=no_action_capped hp=79 score=104'
08/29 18:35:13 [Localization System] CLocalize::FindSafe failed to localize: 'AIB[R] blocked=emergency-kill reason=no_target'
08/29 18:35:13 [Localization System] CLocalize::FindSafe failed to localize: 'AIB[R] blocked=uphill-repo reason=no_reposition'
08/29 18:35:13 [Localization System] CLocalize::FindSafe failed to localize: 'AIB[R] blocked=harass reason=no_target'
08/29 18:35:13 [Localization System] CLocalize::FindSafe failed to localize: 'AIB[R] blocked=ability-harass reason=nothing_castable'
08/29 18:35:13 [Localization System] CLocalize::FindSafe failed to localize: 'AIB[R] intent=lane-line-episode family=other dist=1796 fwd=0.50'
08/29 18:35:13 [Localization System] CLocalize::FindSafe failed to localize: 'AIB[R] blocked=uphill-repo reason=motor_busy'
08/29 18:35:13 [Localization System] CLocalize::FindSafe failed to localize: 'AIB[R] intent=top-arbiter family=state winner=lane-line:18 losers=hero-over-creep:52,idle-heal:46,emergency-retreat:45,fwd-pullback:44,emergency-kill:43.5'
08/29 18:35:13 [Localization System] CLocalize::FindSafe failed to localize: 'AIB[D] blocked=buy-tp reason=recent_tp since=17'
08/29 18:35:14 [Localization System] CLocalize::FindSafe failed to localize: 'AIB[R] blocked=harass reason=own_heal_running'
08/29 18:35:14 [Localization System] CLocalize::FindSafe failed to localize: 'AIB[D] t=479s hp=21% gold=114 loc=4600,4669 lh=17 dn=0 dg=+8 dlh=+0 bottle=0 lvl=6 front=9847 ehp=-1'
08/29 18:35:14 [Localization System] CLocalize::FindSafe failed to localize: 'AIB[D] intent=recovery-policy family=recover action=recover hp=21 gate=22 source=emergency-low'
08/29 18:35:15 [Localization System] CLocalize::FindSafe failed to localize: 'AIB[R] blocked=hero-over-creep reason=no_target'
08/29 18:35:15 [Localization System] CLocalize::FindSafe failed to localize: 'AIB[R] intent=top-arbiter family=state winner=anti-idle:2 losers=hero-over-creep:52,idle-heal:46,emergency-retreat:45,fwd-pullback:44,emergency-kill:43.5'
08/29 18:35:15 [Localization System] CLocalize::FindSafe failed to localize: 'AIB[R] intent=tick-owner family=other stage=laning-core'
08/29 18:35:15 [Localization System] CLocalize::FindSafe failed to localize: 'AIB[D] intent=tick-owner family=other stage=laning-core'
08/29 18:35:15 Script function 'Think' on bot npc_dota_hero_nevermore took 2.695ms
08/29 18:35:15 [Localization System] CLocalize::FindSafe failed to localize: 'AIB[D] blocked=buy-loop reason=saving target=item_magic_wand head=item_magic_stick cost=200 gold=116 left=2'
08/29 18:35:15 [Localization System] CLocalize::FindSafe failed to localize: 'AIB[R] intent=rune-ground-truth family=rune id=0 status=0 t=480'
08/29 18:35:16 [Localization System] CLocalize::FindSafe failed to localize: 'AIB[R] blocked=power-rune-candidate reason=no_action_capped hp=89 score=104'
08/29 18:35:16 [Localization System] CLocalize::FindSafe failed to localize: 'AIB[R] blocked=emergency-kill reason=no_target'
08/29 18:35:16 [Localization System] CLocalize::FindSafe failed to localize: 'AIB[R] blocked=uphill-repo reason=no_reposition'
08/29 18:35:16 [Localization System] CLocalize::FindSafe failed to localize: 'AIB[R] intent=top-arbiter family=state winner=creep-work:38.8 losers=hero-over-creep:52,idle-heal:46,emergency-retreat:45,fwd-pullback:44,emergency-kill:43.5'
08/29 18:35:16 [Localization System] CLocalize::FindSafe failed to localize: 'AIB[R] blocked=buy-loop reason=saving target=item_power_treads head=item_gloves cost=450 gold=179 left=1'
08/29 18:35:16 [Localization System] CLocalize::FindSafe failed to localize: 'AIB[R] blocked=harass reason=no_target'
08/29 18:35:17 [Localization System] CLocalize::FindSafe failed to localize: 'AIB[D] intent=recovery-policy family=recover action=recover hp=23 gate=35 source=early-low'
08/29 18:35:17 [Localization System] CLocalize::FindSafe failed to localize: 'AIB[R] intent=melee-pack-space family=safety count=2 dist=623'
08/29 18:35:17 [Localization System] CLocalize::FindSafe failed to localize: 'AIB[R] blocked=ability-harass reason=nothing_castable'
08/29 18:35:17 [Localization System] CLocalize::FindSafe failed to localize: 'AIB[R] intent=tick-owner family=other stage=laning-core'
08/29 18:35:17 [Localization System] CLocalize::FindSafe failed to localize: 'AIB[D] intent=tick-owner family=other stage=laning-core'
08/29 18:35:17 [Localization System] CLocalize::FindSafe failed to localize: 'AIB[R] intent=damage-by-source family=other creep=360 tower=188 hero=2425 mixed=372 death=0 other=0 stale=891 gaps=10'
08/29 18:35:18 [Localization System] CLocalize::FindSafe failed to localize: 'AIB[R] t=482s hp=90% gold=181 loc=-386,-627 lh=33 dn=5 dg=+8 dlh=+0 bottle=2 lvl=8 front=8809 ehp=-1'
08/29 18:35:18 [Localization System] CLocalize::FindSafe failed to localize: 'AIB[R] blocked=hero-over-creep reason=no_target'
08/29 18:35:18 [Localization System] CLocalize::FindSafe failed to localize: 'AIB[R] intent=top-arbiter family=state winner=creep-work:38.8 losers=hero-over-creep:52,idle-heal:46,emergency-retreat:45,fwd-pullback:44,emergency-kill:43.5'
08/29 18:35:19 [Localization System] CLocalize::FindSafe failed to localize: 'AIB[D] intent=recovery-policy family=recover action=recover hp=25 gate=35 source=early-low'
08/29 18:35:19 [Localization System] CLocalize::FindSafe failed to localize: 'AIB[D] intent=damage-by-source family=other creep=1174 tower=0 hero=4054 mixed=742 death=34 other=191 stale=69 gaps=2'
08/29 18:35:19 [Localization System] CLocalize::FindSafe failed to localize: 'AIB[R] intent=state-desire-last-hit family=farm dist=410 reason=killable_creep score=140'
08/29 18:35:19 [Localization System] CLocalize::FindSafe failed to localize: 'AIB[R] intent=tick-owner family=other stage=desire/last-hit dist=410 reason=killable_creep score=140'
08/29 18:35:19 [Localization System] CLocalize::FindSafe failed to localize: 'AIB[D] intent=tick-owner family=other stage=laning-core'
08/29 18:35:19 [Localization System] CLocalize::FindSafe failed to localize: 'AIB[D] t=484s hp=25% gold=122 loc=5776,5661 lh=17 dn=0 dg=+8 dlh=+0 bottle=0 lvl=6 front=9847 ehp=-1'
08/29 18:35:19 [Localization System] CLocalize::FindSafe failed to localize: 'AIB[R] intent=recovery-plan family=recover action=bottle reason=charges hp=91 mana=44 charges=2'
08/29 18:35:19 [Localization System] CLocalize::FindSafe failed to localize: 'AIB[R] intent=top-arbiter family=state winner=idle-heal:46 losers=hero-over-creep:52,emergency-retreat:45,fwd-pullback:44,emergency-kill:43.5,uphill:43'
08/29 18:35:20 [Localization System] CLocalize::FindSafe failed to localize: 'AIB[R] blocked=emergency-kill reason=no_target'
08/29 18:35:20 [Localization System] CLocalize::FindSafe failed to localize: 'AIB[R] blocked=uphill-repo reason=no_reposition'
08/29 18:35:20 [Localization System] CLocalize::FindSafe failed to localize: 'AIB[R] intent=melee-pack-space family=safety count=2 dist=156'
08/29 18:35:20 [Localization System] CLocalize::FindSafe failed to localize: 'AIB[R] blocked=harass reason=own_heal_running'
08/29 18:35:21 [Localization System] CLocalize::FindSafe failed to localize: 'AIB[R] intent=state-desire-last-hit family=farm dist=364 hyst=18 reason=killable_creep score=158'
08/29 18:35:21 [Localization System] CLocalize::FindSafe failed to localize: 'AIB[D] intent=recovery-policy family=recover action=recover hp=26 gate=35 source=early-low'
08/29 18:35:21 [Localization System] CLocalize::FindSafe failed to localize: 'AIB[R] blocked=hero-over-creep reason=no_target'
08/29 18:35:21 [Localization System] CLocalize::FindSafe failed to localize: 'AIB[R] blocked=ability-harass reason=nothing_castable'
08/29 18:35:21 [Localization System] CLocalize::FindSafe failed to localize: 'AIB[D] intent=tick-owner family=other stage=laning-core'
08/29 18:35:21 [Localization System] CLocalize::FindSafe failed to localize: 'AIB[D] blocked=buy-tp reason=recent_tp since=25'
08/29 18:35:22 [Localization System] CLocalize::FindSafe failed to localize: 'AIB[R] intent=top-arbiter family=state winner=anti-idle:2 losers=hero-over-creep:52,idle-heal:46,emergency-retreat:45,fwd-pullback:44,emergency-kill:43.5'
08/29 18:35:22 [Localization System] CLocalize::FindSafe failed to localize: 'AIB[R] intent=tick-owner family=other stage=laning-core'
08/29 18:35:22 [Localization System] CLocalize::FindSafe failed to localize: 'AIB[R] blocked=harass reason=no_target'
08/29 18:35:23 [Localization System] CLocalize::FindSafe failed to localize: 'AIB[R] blocked=emergency-kill reason=no_target'
08/29 18:35:23 [Localization System] CLocalize::FindSafe failed to localize: 'AIB[R] blocked=uphill-repo reason=no_reposition'
08/29 18:35:23 [Localization System] CLocalize::FindSafe failed to localize: 'AIB[R] t=488s hp=100% gold=265 loc=-399,-294 lh=35 dn=5 dg=+84 dlh=+2 bottle=1 lvl=8 front=9098 ehp=-1'
08/29 18:35:23 [Localization System] CLocalize::FindSafe failed to localize: 'AIB[R] intent=top-arbiter family=state winner=creep-work:38.8 losers=hero-over-creep:52,idle-heal:46,emergency-retreat:45,fwd-pullback:44,emergency-kill:43.5'
08/29 18:35:23 [Localization System] CLocalize::FindSafe failed to localize: 'AIB[D] blocked=buy-loop reason=saving target=item_magic_wand head=item_magic_stick cost=200 gold=128 left=2'
08/29 18:35:23 [Localization System] CLocalize::FindSafe failed to localize: 'AIB[R] intent=tick-owner family=other stage=laning-core'
08/29 18:35:24 [Localization System] CLocalize::FindSafe failed to localize: 'AIB[R] blocked=hero-over-creep reason=no_target'
08/29 18:35:24 [Localization System] CLocalize::FindSafe failed to localize: 'AIB[R] blocked=buy-loop reason=saving target=item_power_treads head=item_gloves cost=450 gold=267 left=1'
08/29 18:35:25 [Localization System] CLocalize::FindSafe failed to localize: 'AIB[R] intent=top-arbiter family=state winner=creep-work:38.8 losers=hero-over-creep:52,idle-heal:46,emergency-retreat:45,fwd-pullback:44,emergency-kill:43.5'
08/29 18:35:25 [Localization System] CLocalize::FindSafe failed to localize: 'AIB[R] blocked=harass reason=no_target'
08/29 18:35:25 [Localization System] CLocalize::FindSafe failed to localize: 'AIB[R] intent=tick-owner family=other stage=laning-core'
08/29 18:35:26 [Localization System] CLocalize::FindSafe failed to localize: 'AIB[R] blocked=emergency-kill reason=no_target'
08/29 18:35:26 [Localization System] CLocalize::FindSafe failed to localize: 'AIB[R] blocked=uphill-repo reason=no_reposition'
08/29 18:35:26 [Localization System] CLocalize::FindSafe failed to localize: 'AIB[R] blocked=ability-harass reason=nothing_castable'
08/29 18:35:26 [Localization System] CLocalize::FindSafe failed to localize: 'AIB[R] intent=top-arbiter family=state winner=wave-watch:10 losers=hero-over-creep:52,idle-heal:46,emergency-retreat:45,fwd-pullback:44,emergency-kill:43.5'
08/29 18:35:26 [Localization System] CLocalize::FindSafe failed to localize: 'AIB[R] intent=lane-line-episode family=other dist=413 fwd=0.67'
08/29 18:35:27 [Localization System] CLocalize::FindSafe failed to localize: 'AIB[R] blocked=uphill-repo reason=motor_busy'
08/29 18:35:27 [Localization System] CLocalize::FindSafe failed to localize: 'AIB[R] blocked=hero-over-creep reason=no_target'
08/29 18:35:28 [Localization System] CLocalize::FindSafe failed to localize: 'AIB[R] intent=state-siege-window family=siege ttl=2 wave=1 tower=1154 hp=100 adv=true'
08/29 18:35:28 [Localization System] CLocalize::FindSafe failed to localize: 'AIB[R] intent=tower-opportunity family=siege result=step phase=default wave=1 tower=1154'
08/29 18:35:28 [Localization System] CLocalize::FindSafe failed to localize: 'AIB[R] intent=tick-owner family=other stage=desire/creep-work reason=ready score=39 band=lanework'
08/29 18:35:28 [Localization System] CLocalize::FindSafe failed to localize: 'AIB[R] intent=state-desire-siege family=siege base=66 push=12 hp=100 reason=tower_window score=78'
08/29 18:35:28 [Localization System] CLocalize::FindSafe failed to localize: 'AIB[R] intent=top-arbiter family=state winner=siege:78 losers=hero-over-creep:52,idle-heal:46,emergency-retreat:45,fwd-pullback:44,emergency-kill:43.5'
08/29 18:35:28 [Localization System] CLocalize::FindSafe failed to localize: 'AIB[R] t=493s hp=100% gold=272 loc=-188,-54 lh=35 dn=5 dg=+7 dlh=+0 bottle=1 lvl=8 front=9299 ehp=-1'
08/29 18:35:28 [Localization System] CLocalize::FindSafe failed to localize: 'AIB[D] t=493s hp=74% gold=135 loc=7006,6439 lh=17 dn=0 dg=+13 dlh=+0 bottle=3 lvl=6 front=8620 ehp=-1'
08/29 18:35:28 [Localization System] CLocalize::FindSafe failed to localize: 'AIB[D] blocked=hero-over-creep reason=no_target'
08/29 18:35:28 [Localization System] CLocalize::FindSafe failed to localize: 'AIB[D] intent=top-arbiter family=state winner=idle-heal:46 losers=hero-over-creep:52,emergency-retreat:45,fwd-pullback:44,emergency-kill:43.5,uphill:43'
08/29 18:35:28 [Localization System] CLocalize::FindSafe failed to localize: 'AIB[D] intent=tick-owner family=other stage=desire/idle-heal reason=ready score=46 band=lanework'
08/29 18:35:29 [Localization System] CLocalize::FindSafe failed to localize: 'AIB[D] blocked=buy-tp reason=recent_tp since=33'
08/29 18:35:29 [Localization System] CLocalize::FindSafe failed to localize: 'AIB[R] intent=state-desire-siege family=siege base=66 push=12 hp=100 hyst=18 reason=tower_window score=96'
08/29 18:35:29 [Localization System] CLocalize::FindSafe failed to localize: 'AIB[R] intent=top-arbiter family=state winner=siege:96 losers=hero-over-creep:52,idle-heal:46,emergency-retreat:45,fwd-pullback:44,emergency-kill:43.5'
08/29 18:35:30 [Localization System] CLocalize::FindSafe failed to localize: 'AIB[R] intent=state-siege-window family=siege ttl=2 wave=2 tower=676 hp=100 adv=true'
08/29 18:35:30 [Localization System] CLocalize::FindSafe failed to localize: 'AIB[R] intent=tower-opportunity family=siege result=hit phase=terminal wave=2 tower=676'
08/29 18:35:30 [Localization System] CLocalize::FindSafe failed to localize: 'AIB[R] intent=tick-owner family=other stage=laning-core'
08/29 18:35:30 [Localization System] CLocalize::FindSafe failed to localize: 'AIB[D] intent=top-arbiter family=state winner=idle-heal:46 losers=hero-over-creep:52,emergency-retreat:45,fwd-pullback:44,emergency-kill:43.5,uphill:43'
08/29 18:35:30 [Localization System] CLocalize::FindSafe failed to localize: 'AIB[D] intent=tick-owner family=other stage=desire/idle-heal reason=ready score=46 band=lanework'
08/29 18:35:31 [Localization System] CLocalize::FindSafe failed to localize: 'AIB[R] intent=state-desire-siege family=siege base=66 push=12 hp=100 hyst=18 reason=tower_window score=96'
08/29 18:35:31 [Localization System] CLocalize::FindSafe failed to localize: 'AIB[R] intent=top-arbiter family=state winner=siege:96 losers=hero-over-creep:52,idle-heal:46,emergency-retreat:45,fwd-pullback:44,emergency-kill:43.5'
08/29 18:35:31 [Localization System] CLocalize::FindSafe failed to localize: 'AIB[D] blocked=hero-over-creep reason=no_target'
08/29 18:35:31 [Localization System] CLocalize::FindSafe failed to localize: 'AIB[D] intent=top-arbiter family=state winner=idle-heal:46 losers=hero-over-creep:52,emergency-retreat:45,fwd-pullback:44,emergency-kill:43.5,uphill:43'
08/29 18:35:31 [Localization System] CLocalize::FindSafe failed to localize: 'AIB[D] blocked=buy-loop reason=saving target=item_magic_wand head=item_magic_stick cost=200 gold=140 left=2'
08/29 18:35:32 [Localization System] CLocalize::FindSafe failed to localize: 'AIB[R] intent=state-siege-window family=siege ttl=2 wave=1 tower=676 hp=100 adv=true'
08/29 18:35:32 [Localization System] CLocalize::FindSafe failed to localize: 'AIB[R] intent=tower-opportunity family=siege result=hit phase=terminal wave=1 tower=676'
08/29 18:35:32 [Localization System] CLocalize::FindSafe failed to localize: 'AIB[R] intent=tick-owner family=other stage=laning-core'
08/29 18:35:32 [Localization System] CLocalize::FindSafe failed to localize: 'AIB[D] intent=tick-owner family=other stage=desire/idle-heal reason=ready score=46 band=lanework'
08/29 18:35:32 [Localization System] CLocalize::FindSafe failed to localize: 'AIB[R] blocked=buy-loop reason=saving target=item_power_treads head=item_gloves cost=450 gold=279 left=1'
08/29 18:35:32 [Localization System] CLocalize::FindSafe failed to localize: 'AIB[R] intent=damage-by-source family=other creep=360 tower=188 hero=2425 mixed=372 death=0 other=0 stale=891 gaps=10'
08/29 18:35:32 [Localization System] CLocalize::FindSafe failed to localize: 'AIB[R] intent=state-desire-siege family=siege base=66 push=12 hp=100 hyst=18 reason=tower_window score=96'
08/29 18:35:32 [Localization System] CLocalize::FindSafe failed to localize: 'AIB[R] intent=top-arbiter family=state winner=siege:96 losers=hero-over-creep:52,idle-heal:46,emergency-retreat:45,fwd-pullback:44,emergency-kill:43.5'
08/29 18:35:33 [Localization System] CLocalize::FindSafe failed to localize: 'AIB[D] intent=top-arbiter family=state winner=idle-heal:46 losers=hero-over-creep:52,emergency-retreat:45,fwd-pullback:44,emergency-kill:43.5,uphill:43'
08/29 18:35:33 CGameParticleManager::SetParticleControlEnt: Unable to lookup attachment "attach_fx" on model "models/heroes/shadow_fiend/shadow_fiend.vmdl" for entity "npc_dota_hero_nevermore"
08/29 18:35:33 [Localization System] CLocalize::FindSafe failed to localize: 'AIB[D] t=498s hp=100% gold=142 loc=6928,6372 lh=17 dn=0 dg=+7 dlh=+0 bottle=3 lvl=6 front=-1 ehp=-1'
08/29 18:35:33 [Localization System] CLocalize::FindSafe failed to localize: 'AIB[R] t=498s hp=100% gold=280 loc=45,175 lh=35 dn=5 dg=+8 dlh=+0 bottle=1 lvl=8 front=9394 ehp=-1'
08/29 18:35:34 [Localization System] CLocalize::FindSafe failed to localize: 'AIB[R] intent=tick-owner family=other stage=dive'
08/29 18:35:34 [Localization System] CLocalize::FindSafe failed to localize: 'AIB[R] intent=state-siege-window family=siege ttl=2 wave=1 tower=676 hp=100 adv=true'
08/29 18:35:34 [Localization System] CLocalize::FindSafe failed to localize: 'AIB[R] intent=tower-opportunity family=siege result=hit phase=terminal wave=1 tower=676'
08/29 18:35:34 [Localization System] CLocalize::FindSafe failed to localize: 'AIB[D] intent=damage-by-source family=other creep=1174 tower=0 hero=4054 mixed=742 death=34 other=191 stale=69 gaps=2'
08/29 18:35:34 [Localization System] CLocalize::FindSafe failed to localize: 'AIB[R] blocked=tower-range reason=no_licence tower=676 hp=100'
08/29 18:35:34 [Localization System] CLocalize::FindSafe failed to localize: 'AIB[D] blocked=hero-over-creep reason=no_target'
08/29 18:35:34 [Localization System] CLocalize::FindSafe failed to localize: 'AIB[D] intent=top-arbiter family=state winner=idle-heal:46 losers=hero-over-creep:52,emergency-retreat:45,fwd-pullback:44,emergency-kill:43.5,uphill:43'
08/29 18:35:34 [Localization System] CLocalize::FindSafe failed to localize: 'AIB[D] intent=tick-owner family=other stage=desire/idle-heal reason=ready score=46 band=lanework'
08/29 18:35:35 [Localization System] CLocalize::FindSafe failed to localize: 'AIB[R] blocked=hero-over-creep reason=no_target'
08/29 18:35:35 [Localization System] CLocalize::FindSafe failed to localize: 'AIB[R] blocked=emergency-kill reason=no_target'
08/29 18:35:35 [Localization System] CLocalize::FindSafe failed to localize: 'AIB[R] blocked=uphill-repo reason=no_reposition'
08/29 18:35:35 [Localization System] CLocalize::FindSafe failed to localize: 'AIB[R] intent=melee-pack-space family=safety count=3 dist=165'
08/29 18:35:35 [Localization System] CLocalize::FindSafe failed to localize: 'AIB[R] intent=top-arbiter family=state winner=ranged-spacing:41 losers=hero-over-creep:52,idle-heal:46,emergency-retreat:45,fwd-pullback:44,emergency-kill:43.5'
08/29 18:35:35 [Localization System] CLocalize::FindSafe failed to localize: 'AIB[R] intent=state-desire-safety family=state base=108 creep_dmg=8 hp=99 creep=true hero=false reason=recent_damage score=116'
08/29 18:35:35 [Localization System] CLocalize::FindSafe failed to localize: 'AIB[R] blocked=creep-hit-react reason=inside_melee_pack count=3 dist=193 hp=99'
08/29 18:35:35 [Localization System] CLocalize::FindSafe failed to localize: 'AIB[R] intent=creep-hit-react family=safety dist=193 hp=99 hits=1 reason=edge_attack'
08/29 18:35:35 [Localization System] CLocalize::FindSafe failed to localize: 'AIB[R] blocked=safety-candidate reason=no_action_capped hp=99 score=44'
08/29 18:35:36 [Localization System] CLocalize::FindSafe failed to localize: 'AIB[R] blocked=harass reason=no_target'
08/29 18:35:36 [Localization System] CLocalize::FindSafe failed to localize: 'AIB[D] intent=top-arbiter family=state winner=idle-heal:46 losers=hero-over-creep:52,emergency-retreat:45,fwd-pullback:44,emergency-kill:43.5,uphill:43'
08/29 18:35:36 [Localization System] CLocalize::FindSafe failed to localize: 'AIB[D] blocked=emergency-kill reason=no_target'
08/29 18:35:36 [Localization System] CLocalize::FindSafe failed to localize: 'AIB[D] blocked=uphill-repo reason=no_reposition'
08/29 18:35:36 [Localization System] CLocalize::FindSafe failed to localize: 'AIB[D] blocked=hero-prio-chase reason=lane_work dist=1291 cs=false creep=false hp_adv=false kill_pressure=false close=false low_farm=false lane_override=false'
08/29 18:35:36 [Localization System] CLocalize::FindSafe failed to localize: 'AIB[D] blocked=harass reason=no_target'
08/29 18:35:36 [Localization System] CLocalize::FindSafe failed to localize: 'AIB[D] blocked=ability-harass reason=nothing_castable'
08/29 18:35:36 [Localization System] CLocalize::FindSafe failed to localize: 'AIB[R] intent=tick-owner family=other stage=laning-core'
08/29 18:35:36 [Localization System] CLocalize::FindSafe failed to localize: 'AIB[D] blocked=uphill-repo reason=motor_busy'
08/29 18:35:36 [Localization System] CLocalize::FindSafe failed to localize: 'AIB[R] intent=melee-pack-space family=safety count=3 dist=302'
08/29 18:35:36 [Localization System] CLocalize::FindSafe failed to localize: 'AIB[R] intent=top-arbiter family=state winner=ranged-spacing:41 losers=hero-over-creep:52,idle-heal:46,emergency-retreat:45,fwd-pullback:44,emergency-kill:43.5'
08/29 18:35:36 [Localization System] CLocalize::FindSafe failed to localize: 'AIB[D] intent=tick-owner family=other stage=laning-core'
08/29 18:35:37 [Localization System] CLocalize::FindSafe failed to localize: 'AIB[R] intent=state-desire-safety family=state base=108 creep_dmg=8 hp=91 creep=true hero=false hyst=18 reason=recent_damage score=134'
08/29 18:35:37 [Localization System] CLocalize::FindSafe failed to localize: 'AIB[R] intent=creep-hit-react family=safety dist=124 hp=91 hits=3 reason=edge_attack'
08/29 18:35:37 [Localization System] CLocalize::FindSafe failed to localize: 'AIB[D] blocked=hero-over-creep reason=no_target'
08/29 18:35:37 [Localization System] CLocalize::FindSafe failed to localize: 'AIB[D] intent=top-arbiter family=state winner=harass:40 losers=hero-over-creep:52,idle-heal:46,emergency-retreat:45,fwd-pullback:44,emergency-kill:43.5'
08/29 18:35:37 [Localization System] CLocalize::FindSafe failed to localize: 'AIB[D] blocked=buy-tp reason=recent_tp since=5'
08/29 18:35:37 [Localization System] CLocalize::FindSafe failed to localize: 'AIB[D] blocked=recovery-buy reason=budget_cap hp=100 gold=149 count=5 allow=2'
08/29 18:35:38 [Localization System] CLocalize::FindSafe failed to localize: 'AIB[R] blocked=hero-over-creep reason=no_target'
08/29 18:35:38 [Localization System] CLocalize::FindSafe failed to localize: 'AIB[R] blocked=emergency-kill reason=no_target'
08/29 18:35:38 [Localization System] CLocalize::FindSafe failed to localize: 'AIB[R] blocked=uphill-repo reason=no_reposition'
08/29 18:35:38 [Localization System] CLocalize::FindSafe failed to localize: 'AIB[R] intent=melee-pack-space family=safety count=3 dist=281'
08/29 18:35:38 [Localization System] CLocalize::FindSafe failed to localize: 'AIB[R] intent=top-arbiter family=state winner=ranged-spacing:41 losers=hero-over-creep:52,idle-heal:46,emergency-retreat:45,fwd-pullback:44,emergency-kill:43.5'
08/29 18:35:38 [Localization System] CLocalize::FindSafe failed to localize: 'AIB[R] intent=tick-owner family=other stage=desire/creep-work reason=ready score=39 band=lanework'
08/29 18:35:38 [Localization System] CLocalize::FindSafe failed to localize: 'AIB[R] t=503s hp=88% gold=288 loc=-295,-257 enemy-dist=845 lh=35 dn=5 dg=+8 dlh=+0 bottle=1 lvl=8 front=8930 ehp=100'
08/29 18:35:38 [Localization System] CLocalize::FindSafe failed to localize: 'AIB[R] blocked=safety-candidate reason=no_action_capped hp=88 score=44'
08/29 18:35:38 [Localization System] CLocalize::FindSafe failed to localize: 'AIB[R] blocked=recovery-buy reason=budget_cap hp=88 gold=288 count=2 allow=2'
08/29 18:35:38 [Localization System] CLocalize::FindSafe failed to localize: 'AIB[D] t=503s hp=100% gold=150 loc=318,308 enemy-dist=846 lh=17 dn=0 dg=+8 dlh=+0 bottle=3 lvl=6 front=9566 ehp=88'
08/29 18:35:38 [Localization System] CLocalize::FindSafe failed to localize: 'AIB[R] intent=state-desire-safety family=state base=108 creep_dmg=8 hp=88 creep=true hero=false hyst=18 reason=recent_damage score=134'
08/29 18:35:38 [Localization System] CLocalize::FindSafe failed to localize: 'AIB[R] blocked=creep-hit-react reason=inside_melee_pack count=3 dist=301 hp=88'
08/29 18:35:38 [Localization System] CLocalize::FindSafe failed to localize: 'AIB[R] intent=creep-hit-react family=safety dist=301 hp=88 hits=5 reason=edge_attack'
08/29 18:35:38 [Localization System] CLocalize::FindSafe failed to localize: 'AIB[D] intent=wave-watch-work family=other lh=17 idle=47 creep_hp=517 dist=612'
08/29 18:35:38 [Localization System] CLocalize::FindSafe failed to localize: 'AIB[D] intent=tick-owner family=other stage=laning-core'
08/29 18:35:39 Script function 'Think' on bot npc_dota_hero_nevermore took 3.093ms
08/29 18:35:39 [Localization System] CLocalize::FindSafe failed to localize: 'AIB[R] blocked=harass reason=no_target'
08/29 18:35:39 [Localization System] CLocalize::FindSafe failed to localize: 'AIB[D] intent=top-arbiter family=state winner=creep-work:38.6 losers=hero-over-creep:52,idle-heal:46,emergency-retreat:45,fwd-pullback:44,emergency-kill:43.5'
08/29 18:35:39 [Localization System] CLocalize::FindSafe failed to localize: 'AIB[D] blocked=emergency-kill reason=no_target'
08/29 18:35:39 [Localization System] CLocalize::FindSafe failed to localize: 'AIB[D] blocked=hero-prio-chase reason=lane_work dist=908 cs=false creep=true hp_adv=false kill_pressure=false close=false low_farm=false lane_override=false'
08/29 18:35:39 [Localization System] CLocalize::FindSafe failed to localize: 'AIB[D] blocked=harass reason=no_target'
08/29 18:35:39 [Localization System] CLocalize::FindSafe failed to localize: 'AIB[D] blocked=uphill-repo reason=not_trading'
08/29 18:35:39 [Localization System] CLocalize::FindSafe failed to localize: 'AIB[R] intent=state-desire-last-hit family=farm dist=475 reason=killable_creep score=140'
08/29 18:35:39 [Localization System] CLocalize::FindSafe failed to localize: 'AIB[D] blocked=buy-loop reason=saving target=item_magic_wand head=item_magic_stick cost=200 gold=152 left=2'
08/29 18:35:39 [Localization System] CLocalize::FindSafe failed to localize: 'AIB[R] intent=top-arbiter family=state winner=last-hit:158 losers=hero-over-creep:52,cs-inrange:50,idle-heal:46,emergency-retreat:45,fwd-pullback:44'
08/29 18:35:40 [Localization System] CLocalize::FindSafe failed to localize: 'AIB[D] blocked=ability-harass reason=nothing_castable'
08/29 18:35:40 [Localization System] CLocalize::FindSafe failed to localize: 'AIB[R] intent=tick-owner family=other stage=laning-core'
08/29 18:35:40 [Localization System] CLocalize::FindSafe failed to localize: 'AIB[R] blocked=ability-harass reason=nothing_castable'
08/29 18:35:40 [Localization System] CLocalize::FindSafe failed to localize: 'AIB[R] intent=wave-watch-work family=other lh=35 idle=14 creep_hp=54 dist=475'
08/29 18:35:40 [Localization System] CLocalize::FindSafe failed to localize: 'AIB[D] blocked=hero-over-creep reason=no_target'
08/29 18:35:40 [Localization System] CLocalize::FindSafe failed to localize: 'AIB[R] blocked=buy-loop reason=saving target=item_power_treads head=item_gloves cost=450 gold=291 left=1'
08/29 18:35:40 [Localization System] CLocalize::FindSafe failed to localize: 'AIB[D] intent=top-arbiter family=state winner=creep-work:38.6 losers=hero-over-creep:52,idle-heal:46,emergency-retreat:45,fwd-pullback:44,emergency-kill:43.5'
08/29 18:35:40 [Localization System] CLocalize::FindSafe failed to localize: 'AIB[D] intent=tick-owner family=other stage=laning-core'
08/29 18:35:41 Script function 'Think' on bot npc_dota_hero_nevermore took 2.074ms
08/29 18:35:41 [Localization System] CLocalize::FindSafe failed to localize: 'AIB[R] blocked=hero-over-creep reason=no_target'
08/29 18:35:41 [Localization System] CLocalize::FindSafe failed to localize: 'AIB[R] blocked=emergency-kill reason=no_target'
08/29 18:35:41 [Localization System] CLocalize::FindSafe failed to localize: 'AIB[R] blocked=uphill-repo reason=no_reposition'
08/29 18:35:41 [Localization System] CLocalize::FindSafe failed to localize: 'AIB[R] intent=top-arbiter family=state winner=wave-watch:10 losers=hero-over-creep:52,idle-heal:46,emergency-retreat:45,fwd-pullback:44,emergency-kill:43.5'
08/29 18:35:41 [Server] Game code (account 0) tried to execute invalid order (19). Target NPC is dead.
08/29 18:35:41 [Localization System] CLocalize::FindSafe failed to localize: 'AIB[D] blocked=uphill-repo reason=no_reposition'
08/29 18:35:41 [Localization System] CLocalize::FindSafe failed to localize: 'AIB[R] intent=state-desire-last-hit family=farm dist=488 hyst=18 reason=killable_creep score=158'
08/29 18:35:41 [Localization System] CLocalize::FindSafe failed to localize: 'AIB[D] blocked=uphill-repo reason=motor_busy'
08/29 18:35:42 [Localization System] CLocalize::FindSafe failed to localize: 'AIB[R] intent=state-desire-fight family=state base=78 hp_adv=8 dist=766 hp=89 ehp=72 reason=enemy_seen score=86'
08/29 18:35:42 [Localization System] CLocalize::FindSafe failed to localize: 'AIB[R] blocked=ability-pressure reason=nothing_castable'
08/29 18:35:42 [Localization System] CLocalize::FindSafe failed to localize: 'AIB[R] intent=hero-contact family=fight dist=766 hp=89 reason=close_enemy'
08/29 18:35:42 [Localization System] CLocalize::FindSafe failed to localize: 'AIB[R] blocked=hero-contact reason=refractory since=0.20'
08/29 18:35:42 [Localization System] CLocalize::FindSafe failed to localize: 'AIB[R] blocked=top-arbiter reason=empty_action winner=fight score=104'
08/29 18:35:42 [Localization System] CLocalize::FindSafe failed to localize: 'AIB[R] blocked=harass reason=no_target'
08/29 18:35:42 [Localization System] CLocalize::FindSafe failed to localize: 'AIB[D] blocked=emergency-kill reason=no_target'
08/29 18:35:42 [Localization System] CLocalize::FindSafe failed to localize: 'AIB[D] intent=top-arbiter family=state winner=harass:40 losers=hero-over-creep:52,idle-heal:46,emergency-retreat:45,fwd-pullback:44,emergency-kill:43.5'
08/29 18:35:42 [Localization System] CLocalize::FindSafe failed to localize: 'AIB[R] intent=tick-owner family=other stage=laning-core'
08/29 18:35:42 [Localization System] CLocalize::FindSafe failed to localize: 'AIB[R] blocked=visual-hold reason=creep_in_range held=2.0 hp=89 repeat=12 hard=true'
08/29 18:35:42 [Localization System] CLocalize::FindSafe failed to localize: 'AIB[D] intent=tick-owner family=other stage=laning-core'
08/29 18:35:43 [Localization System] CLocalize::FindSafe failed to localize: 'AIB[R] intent=top-arbiter family=state winner=creep-work:38.8 losers=hero-over-creep:52,idle-heal:46,emergency-retreat:45,fwd-pullback:44,emergency-kill:43.5'
08/29 18:35:43 [Localization System] CLocalize::FindSafe failed to localize: 'AIB[D] intent=melee-pack-space family=safety count=3 dist=138'
08/29 18:35:43 [Localization System] CLocalize::FindSafe failed to localize: 'AIB[D] t=508s hp=73% gold=157 loc=78,92 enemy-dist=755 lh=17 dn=0 dg=+7 dlh=+0 bottle=3 lvl=6 front=9528 ehp=73'
08/29 18:35:43 [Localization System] CLocalize::FindSafe failed to localize: 'AIB[D] intent=state-desire-last-hit family=farm dist=342 reason=killable_creep score=140'
08/29 18:35:43 [Localization System] CLocalize::FindSafe failed to localize: 'AIB[R] t=508s hp=73% gold=381 loc=-449,-449 enemy-dist=755 lh=37 dn=5 dg=+93 dlh=+2 bottle=1 lvl=8 front=8965 ehp=73'
08/29 18:35:43 [Localization System] CLocalize::FindSafe failed to localize: 'AIB[D] intent=top-arbiter family=state winner=last-hit:158 losers=hero-over-creep:52,cs-inrange:50,idle-heal:46,emergency-retreat:45,fwd-pullback:44'
08/29 18:35:44 [Localization System] CLocalize::FindSafe failed to localize: 'AIB[D] blocked=hero-over-creep reason=no_target'
08/29 18:35:44 [Localization System] CLocalize::FindSafe failed to localize: 'AIB[D] blocked=uphill-repo reason=not_trading'
08/29 18:35:44 [Localization System] CLocalize::FindSafe failed to localize: 'AIB[D] blocked=hero-prio-chase reason=lane_work dist=755 cs=true creep=true hp_adv=false kill_pressure=false close=false low_farm=false lane_override=false'
08/29 18:35:44 [Localization System] CLocalize::FindSafe failed to localize: 'AIB[D] blocked=harass reason=no_target'
08/29 18:35:44 [Localization System] CLocalize::FindSafe failed to localize: 'AIB[R] blocked=hero-over-creep reason=no_target'
08/29 18:35:44 [Localization System] CLocalize::FindSafe failed to localize: 'AIB[R] blocked=emergency-kill reason=no_target'
08/29 18:35:44 [Localization System] CLocalize::FindSafe failed to localize: 'AIB[R] blocked=uphill-repo reason=no_reposition'
08/29 18:35:44 [Localization System] CLocalize::FindSafe failed to localize: 'AIB[R] intent=tick-owner family=other stage=laning-core'
08/29 18:35:44 [Localization System] CLocalize::FindSafe failed to localize: 'AIB[R] intent=state-desire-last-hit family=farm dist=557 reason=killable_creep score=140'
08/29 18:35:44 [Localization System] CLocalize::FindSafe failed to localize: 'AIB[R] intent=top-arbiter family=state winner=last-hit:140 losers=hero-over-creep:52,idle-heal:46,emergency-retreat:45,fwd-pullback:44,emergency-kill:43.5'
08/29 18:35:44 [Localization System] CLocalize::FindSafe failed to localize: 'AIB[D] blocked=fight-candidate reason=no_action_capped hp=74 score=40'
08/29 18:35:44 [Localization System] CLocalize::FindSafe failed to localize: 'AIB[D] intent=tick-owner family=other stage=laning-core'
08/29 18:35:45 [Localization System] CLocalize::FindSafe failed to localize: 'AIB[D] intent=state-desire-last-hit family=farm dist=530 hyst=18 reason=killable_creep score=158'
08/29 18:35:45 [Localization System] CLocalize::FindSafe failed to localize: 'AIB[R] intent=state-desire-fight family=state base=78 range=18 dist=573 hp=74 ehp=74 reason=enemy_seen score=96'
08/29 18:35:45 [Localization System] CLocalize::FindSafe failed to localize: 'AIB[R] blocked=ability-pressure reason=nothing_castable'
08/29 18:35:45 [Localization System] CLocalize::FindSafe failed to localize: 'AIB[D] intent=top-arbiter family=state winner=last-hit:158 losers=hero-over-creep:52,idle-heal:46,emergency-retreat:45,fwd-pullback:44,emergency-kill:43.5'
08/29 18:35:45 [Localization System] CLocalize::FindSafe failed to localize: 'AIB[R] blocked=hero-contact reason=refractory since=0.13'
08/29 18:35:45 [Localization System] CLocalize::FindSafe failed to localize: 'AIB[R] intent=hero-pass family=fight dist=573 hp=74 reason=nearby_enemy'
08/29 18:35:45 [Server] Game code (account 0) tried to execute invalid order (19). Target NPC is dead.
08/29 18:35:45 [Server] Game code (account 0) tried to execute invalid order (19). Target NPC is dead.
08/29 18:35:45 [Localization System] CLocalize::FindSafe failed to localize: 'AIB[D] blocked=buy-tp reason=recent_tp since=13'
08/29 18:35:45 [Localization System] CLocalize::FindSafe failed to localize: 'AIB[R] intent=kill-lock family=fight dist=568 ehp=40 hp=53 exec=false atk=true mutual=false reason=killable_enemy'
08/29 18:35:45 [Localization System] CLocalize::FindSafe failed to localize: 'AIB[D] blocked=safety-candidate reason=no_action_capped hp=40 score=44'
08/29 18:35:45 [Localization System] CLocalize::FindSafe failed to localize: 'AIB[D] intent=state-desire-fight family=state base=78 range=18 execute=20 dist=568 hp=40 ehp=53 reason=enemy_seen score=116'
08/29 18:35:45 [Localization System] CLocalize::FindSafe failed to localize: 'AIB[D] blocked=ability-pressure reason=nothing_castable'
08/29 18:35:45 [Localization System] CLocalize::FindSafe failed to localize: 'AIB[D] intent=hero-contact family=fight dist=568 hp=40 reason=attackable_enemy'
08/29 18:35:46 [Localization System] CLocalize::FindSafe failed to localize: 'AIB[D] blocked=hero-contact reason=refractory since=0.17'
08/29 18:35:46 [Localization System] CLocalize::FindSafe failed to localize: 'AIB[D] blocked=hero-pass reason=low_hp hp=40'
08/29 18:35:46 [Localization System] CLocalize::FindSafe failed to localize: 'AIB[D] blocked=top-arbiter reason=empty_action winner=fight score=134'
08/29 18:35:46 [Localization System] CLocalize::FindSafe failed to localize: 'AIB[D] intent=state-desire-recover family=state base=74 hp=40 reason=hp_gate score=74'
08/29 18:35:46 [Localization System] CLocalize::FindSafe failed to localize: 'AIB[D] intent=recovery-policy family=recover action=recover hp=40 gate=55 source=lane-low'
08/29 18:35:46 [Localization System] CLocalize::FindSafe failed to localize: 'AIB[D] intent=state-recover-xp family=state ttl=2 reason=regen_lane hp=40 dist=981'
08/29 18:35:46 [Localization System] CLocalize::FindSafe failed to localize: 'AIB[D] intent=state-desire-safety family=state base=108 creep_dmg=8 hp=39 creep=true hero=true reason=recent_damage score=116'
08/29 18:35:46 [Localization System] CLocalize::FindSafe failed to localize: 'AIB[D] blocked=creep-hit-react reason=inside_melee_pack count=2 dist=154 hp=39'
08/29 18:35:46 [Localization System] CLocalize::FindSafe failed to localize: 'AIB[D] intent=creep-hit-react family=safety dist=154 hp=39 hits=1 reason=edge_attack'
08/29 18:35:46 [Localization System] CLocalize::FindSafe failed to localize: 'AIB[D] blocked=hero-contact reason=unsafe dist=673 hp=37 tower=false'
08/29 18:35:46 [Localization System] CLocalize::FindSafe failed to localize: 'AIB[D] blocked=creep-aggro reason=hero_trading hp=37 hits=1'
08/29 18:35:46 [Localization System] CLocalize::FindSafe failed to localize: 'AIB[D] intent=arbiter family=fight winner=creep-aggro:95 losers=hero-pass:60'
08/29 18:35:46 [Localization System] CLocalize::FindSafe failed to localize: 'AIB[D] intent=creep-aggro family=safety hp=37 dest=276,405 reason=recent_creep_damage'
08/29 18:35:47 [Localization System] CLocalize::FindSafe failed to localize: 'AIB[D] intent=tick-owner family=other stage=laning-core'
08/29 18:35:47 [Localization System] CLocalize::FindSafe failed to localize: 'AIB[D] intent=state-recover-safe family=state ttl=2 reason=regen_lane hp=26 dist=947'
08/29 18:35:47 [Localization System] CLocalize::FindSafe failed to localize: 'AIB[D] blocked=buy-loop reason=saving target=item_magic_wand head=item_recipe_magic_wand cost=150 gold=53 left=1'
08/29 18:35:48 [Localization System] CLocalize::FindSafe failed to localize: 'AIB[D] intent=recovery-policy family=recover action=recover hp=27 gate=35 source=early-low'
08/29 18:35:48 [Localization System] CLocalize::FindSafe failed to localize: 'AIB[R] intent=damage-by-source family=other creep=425 tower=188 hero=2611 mixed=462 death=0 other=235 stale=891 gaps=10'
08/29 18:35:48 [Localization System] CLocalize::FindSafe failed to localize: 'AIB[R] blocked=kill-lock reason=chase_into_tower dist=842 ehp=27'
08/29 18:35:48 [Localization System] CLocalize::FindSafe failed to localize: 'AIB[R] intent=recovery-yield-kill family=fight dist=842 hp=54 ehp=27 exec=false atk=true mutual=false'
08/29 18:35:48 [Localization System] CLocalize::FindSafe failed to localize: 'AIB[R] intent=state-desire-fight family=state base=78 hp_adv=8 execute=20 dist=842 hp=54 ehp=27 reason=enemy_seen score=106'
08/29 18:35:48 [Localization System] CLocalize::FindSafe failed to localize: 'AIB[R] blocked=top-arbiter reason=empty_action winner=fight score=106'
08/29 18:35:48 [Localization System] CLocalize::FindSafe failed to localize: 'AIB[R] blocked=hero-over-creep reason=no_target'
08/29 18:35:48 [Localization System] CLocalize::FindSafe failed to localize: 'AIB[R] intent=top-arbiter family=state winner=idle-heal:46 losers=fight:106,safe-cs:56,hero-over-creep:52,emergency-retreat:45,fwd-pullback:44'
08/29 18:35:48 [Localization System] CLocalize::FindSafe failed to localize: 'AIB[R] intent=tick-owner family=other stage=desire/idle-heal reason=ready score=46 band=lanework'
08/29 18:35:48 [Localization System] CLocalize::FindSafe failed to localize: 'AIB[R] blocked=fight-candidate reason=no_action_capped hp=55 score=40'
08/29 18:35:48 [Localization System] CLocalize::FindSafe failed to localize: 'AIB[R] blocked=bottle-rune reason=commit_timeout age=30'
08/29 18:35:48 [Localization System] CLocalize::FindSafe failed to localize: 'AIB[R] intent=rune-result family=rune source=bottle-rune result=timeout age=30 combat=true'
08/29 18:35:48 [Localization System] CLocalize::FindSafe failed to localize: 'AIB[R] blocked=bottle-rune reason=no_close_rune max=1900 waterMax=4700 nearest=inf water=inf mid=491'
08/29 18:35:48 [Localization System] CLocalize::FindSafe failed to localize: 'AIB[R] blocked=emergency-kill reason=no_target'
08/29 18:35:48 [Localization System] CLocalize::FindSafe failed to localize: 'AIB[R] blocked=uphill-repo reason=no_reposition'
08/29 18:35:48 [Localization System] CLocalize::FindSafe failed to localize: 'AIB[R] blocked=harass reason=own_heal_running'
08/29 18:35:48 [Localization System] CLocalize::FindSafe failed to localize: 'AIB[R] intent=state-siege-window family=siege ttl=2 wave=2 tower=1087 hp=55 adv=true'
08/29 18:35:48 [Localization System] CLocalize::FindSafe failed to localize: 'AIB[R] blocked=siege reason=healing tower=1087 tank=true'
08/29 18:35:48 [Localization System] CLocalize::FindSafe failed to localize: 'AIB[R] intent=tower-opportunity family=siege result=blocked_healing wave=2 tower=1087'
08/29 18:35:48 [Localization System] CLocalize::FindSafe failed to localize: 'AIB[R] blocked=ability-harass reason=nothing_castable'
08/29 18:35:48 [Localization System] CLocalize::FindSafe failed to localize: 'AIB[D] blocked=channel-interrupt reason=unsafe dist=844 hp=27 kind=heal'
08/29 18:35:48 [Localization System] CLocalize::FindSafe failed to localize: 'AIB[R] blocked=channel-interrupt reason=unsafe dist=836 hp=55 kind=heal'
08/29 18:35:48 [Localization System] CLocalize::FindSafe failed to localize: 'AIB[R] blocked=siege-candidate reason=no_action_capped hp=55 score=42'
08/29 18:35:48 [Localization System] CLocalize::FindSafe failed to localize: 'AIB[R] blocked=bottle-rune reason=cooldown left=3'
08/29 18:35:48 [Localization System] CLocalize::FindSafe failed to localize: 'AIB[D] t=513s hp=28% gold=54 loc=475,442 enemy-dist=831 lh=19 dn=0 dg=-103 dlh=+2 bottle=1 lvl=6 front=8620 ehp=56'
08/29 18:35:48 [Localization System] CLocalize::FindSafe failed to localize: 'AIB[R] t=513s hp=56% gold=23 loc=-119,-106 enemy-dist=827 lh=38 dn=5 dg=-358 dlh=+1 bottle=0 lvl=8 front=9399 ehp=28'
08/29 18:35:48 [Localization System] CLocalize::FindSafe failed to localize: 'AIB[R] blocked=siege reason=desire_or_hp hp=56 adv=false'
08/29 18:35:48 [Localization System] CLocalize::FindSafe failed to localize: 'AIB[R] anti-idle-combat=5 anti-idle-enter=45 anti-idle-lane=22 anti-idle-lowhp-back=7 anti-idle-push=1 bottle-heal=6 bottle-rune=6 channel-interrupt-atk=18 channel-interrupt-chase=15 creep-aggro-back=4 creep-aggro-hero-yield=12 creep-aggro-hit=15 creep-dmg=7 creep-hit-react-atk=17 creep-hit-react-step=14 cs-wait-release=82 cs-wait=29 cs-walk-gap-large=86 cs-walk-gap-small=204 cs-walk-inrange=37 cs-walk-into-pack=85 cs-walk=327 cs-watchdog-atk=5 cs-watchdog-step=17 deny-act-atk=41 deny-act-walk=29 deny-act=70 deny-cand-doomed=48 deny-cand-tanky=204 dw-active=3 dw-farm=24 dw-fwd=1 dw-tower-step=6 empty-bottle-ok=12 fight-hp-behind=6 fwd-at-position=13 fwd-hold=2 fwd-lowhp-pull=2 fwd-position=2 fwd-suppressed-creep=37 fwd-suppressed-cs=10 fwd-suppressed-empty=7 fwd-suppressed-hero=12 fwd-suppressed-lowhp=5 fwd-suppressed-motor=28 fwd-suppressed-recovery=5 fwd-suppressed-rune=4 fwd-suppressed-tower=11 fwd-suppressed-visual=4 fwd-suppressed-watchdog=4 harass-seek=5 heal-item=4 heal-no-dive=4 heal-want=3 hero-contact-atk=30 hero-contact-chase=14 hero-over-creep=10 hero-pass-atk=10 hero-pass-chase=7 idle=21 kill-lock-atk=15 kill-lock-chase=10 kill-priority=25 killwin-atk=173 killwin-scan=1212 lane-line-fallback=157 lane-line-suppressed-creep-dmg=2 lane-line-suppressed-creep=23 lane-line-suppressed-empty=12 lane-line-suppressed-heal=20 lane-line-suppressed-lowhp=24 lane-line-suppressed-motor=3 lane-line-suppressed-recovery=1 last-hit-urgent=158 low-hp-limit=8 melee-pack-release=26 melee-pack-space=36 no-dive=7 own-ranged-stepback=4 pre-aig=45 precreep-anchor=49 precreep-hold=3 precreep-park-hold=13 precreep-park=154 precreep-space=2 prewave-defend=2 prewave-free-hit=87 recover-xp=15 recovery-bottle-active=8 recovery-bottle=3 recovery-buy=5 recovery-enemy-near=305 recovery-flask=3 recovery-regen=11 recovery-tango=1 regen-walk=4 siege-commit-tower=50 siege-creep=1 siege-step=7 siege-terminal-tower=130 siege-tower-backoff=1 siege-wave-step=1 tango-heal=2 tower-aggro-drop=16 tower-range-exit=2 uphill-reposition=6 uphill-void-under-fire=14 visual-hold-creep-step=1 visual-hold-creep=32 visual-hold-lane=2 visual-hold-still=1 wave-watch-atk=26 wave-watch-no-wave=34 wave-watch-step=140 wave-watch=31'
08/29 18:35:49 [Localization System] CLocalize::FindSafe failed to localize: 'AIB[D] intent=tick-owner family=other stage=laning-core'
08/29 18:35:49 [Localization System] CLocalize::FindSafe failed to localize: 'AIB[D] intent=damage-by-source family=other creep=1200 tower=0 hero=4702 mixed=842 death=34 other=191 stale=69 gaps=2'
08/29 18:35:49 [Localization System] CLocalize::FindSafe failed to localize: 'AIB[D] intent=recovery-plan family=recover action=bottle reason=charges hp=16 mana=70 charges=1'
08/29 18:35:49 [Localization System] CLocalize::FindSafe failed to localize: 'AIB[D] blocked=bottle-rune reason=critical_no_stage hp=17 rune=1908 eta=86'
08/29 18:35:49 [Localization System] CLocalize::FindSafe failed to localize: 'AIB[D] anti-afk-lane=1 anti-afk-no-chase=2 anti-idle-combat=3 anti-idle-creep-walk=1 anti-idle-enter=52 anti-idle-lane=28 anti-idle-lowhp-back=12 bottle-heal=1 buy-skip-fountain-floor=3 channel-interrupt-atk=33 channel-interrupt-chase=15 creep-aggro-back=7 creep-aggro-hero-yield=11 creep-aggro-hit=35 creep-dmg=9 creep-hit-react-atk=11 creep-hit-react-step=17 critical-recover-hold=8 critical-recover-lock=3 cs-wait-release=10 cs-wait=11 cs-walk-gap-large=22 cs-walk-gap-small=16 cs-walk-inrange=15 cs-walk-into-pack=13 cs-walk=53 cs-watchdog-atk=2 cs-watchdog-step=12 cw-push-cs-step=3 cw-push=159 deny-act-atk=3 deny-act-walk=25 deny-act=28 deny-cand-doomed=12 deny-cand-tanky=87 empty-bottle-ok=4 fight-hp-behind=22 fountain-bottle=4 fountain-init-skip=1 fountain-stabilize=1 fountain-tp-hold=5 fountain-tp-lane=1 fountain-trip-release=7 fountain-wait=28 fwd-at-position=14 fwd-hold=6 fwd-lowhp-pull=1 fwd-position=10 fwd-suppressed-creep=10 fwd-suppressed-cs=2 fwd-suppressed-empty=1 fwd-suppressed-hero=4 fwd-suppressed-lowhp=5 fwd-suppressed-motor=21 fwd-suppressed-recovery=8 fwd-suppressed-tower=18 fwd-suppressed-visual=6 fwd-suppressed-watchdog=1 heal-blocked-damage=1 heal-inflight-back=6 heal-inflight-hold=1 heal-item=9 heal-want=10 hero-contact-atk=36 hero-contact-chase=7 hero-over-creep=12 hero-pass-atk=19 hero-pass-chase=5 hero-prio-always=4 hero-prio-chase-hold=16 hero-prio-chase=49 idle=19 kill-priority=3 killwin-scan=1570 lane-line-fallback=67 lane-line-suppressed-creep=4 lane-line-suppressed-heal=16 lane-line-suppressed-lowhp=26 lane-line-suppressed-motor=7 last-hit-urgent=70 low-hp-behind-safe=2 low-hp-creep=16 low-hp-limit=14 melee-pack-release=17 melee-pack-space=24 own-ranged-stepback=1 pre-aig=52 precreep-anchor=29 precreep-hold=2 precreep-park-hold=12 precreep-park=185 precreep-space=4 prewave-duel-approach=31 prewave-duel-trade=92 recover-safe=30 recover-xp=36 recovery-bottle-active=4 recovery-bottle=2 recovery-buy-critical=5 recovery-buy=4 recovery-enemy-near=245 recovery-regen=20 recovery-tango=3 recovery-timeout=1 recovery-tp=4 recovery-wait=3 recovery-walk=1 recovery-yield=6 regen-walk=43 uphill-reposition=1 uphill-void-under-fire=9 visual-hold-creep=2 visual-hold-lane=8 wave-watch-atk=2 wave-watch-no-wave=37 wave-watch-step=47 wave-watch=13'
08/29 18:35:49 [Localization System] CLocalize::FindSafe failed to localize: 'AIB[D] blocked=recovery-buy reason=budget_cap hp=17 gold=55 count=5 allow=2'
08/29 18:35:49 [Localization System] CLocalize::FindSafe failed to localize: 'AIB[D] intent=recovery-owner family=recover band=critical threat=true mode=safe-step hp=17'
08/29 18:35:49 [Localization System] CLocalize::FindSafe failed to localize: 'AIB[R] intent=top-arbiter family=state winner=anti-idle:2 losers=hero-over-creep:52,idle-heal:46,emergency-retreat:45,fwd-pullback:44,emergency-kill:43.5'
08/29 18:35:49 [Localization System] CLocalize::FindSafe failed to localize: 'AIB[D] blocked=bottle-rune reason=stage_cooldown eta=86'
08/29 18:35:50 [Localization System] CLocalize::FindSafe failed to localize: 'AIB[D] intent=recovery-policy family=recover action=recover hp=19 gate=22 source=emergency-low'
08/29 18:35:50 [Localization System] CLocalize::FindSafe failed to localize: 'AIB[R] intent=tick-owner family=other stage=desire/creep-work reason=ready score=39 band=lanework'
08/29 18:35:50 [Localization System] CLocalize::FindSafe failed to localize: 'AIB[R] intent=state-siege-window family=siege ttl=2 wave=2 tower=860 hp=64 adv=true'
08/29 18:35:50 [Localization System] CLocalize::FindSafe failed to localize: 'AIB[D] intent=critical-recovery family=recover hp=22 dist=700 reason=flee_dived'
08/29 18:35:51 [Localization System] CLocalize::FindSafe failed to localize: 'AIB[R] intent=state-desire-siege family=siege base=66 push=12 hp=65 reason=tower_window score=78'
08/29 18:35:51 [Localization System] CLocalize::FindSafe failed to localize: 'AIB[R] intent=tower-opportunity family=siege result=step phase=default wave=2 tower=815'
08/29 18:35:51 [Localization System] CLocalize::FindSafe failed to localize: 'AIB[D] intent=tick-owner family=other stage=laning-core'
08/29 18:35:51 [Localization System] CLocalize::FindSafe failed to localize: 'AIB[R] intent=top-arbiter family=state winner=siege:96 losers=hero-over-creep:52,idle-heal:46,emergency-retreat:45,fwd-pullback:44,emergency-kill:43.5'
08/29 18:35:52 [Localization System] CLocalize::FindSafe failed to localize: 'AIB[D] intent=recovery-policy family=recover action=recover hp=31 gate=35 source=early-low'
08/29 18:35:52 [Localization System] CLocalize::FindSafe failed to localize: 'AIB[D] blocked=recovery-rune-bottle reason=stage_cooldown eta=83'
08/29 18:35:52 [Localization System] CLocalize::FindSafe failed to localize: 'AIB[R] intent=tick-owner family=other stage=laning-core'
08/29 18:35:52 [Localization System] CLocalize::FindSafe failed to localize: 'AIB[R] intent=state-desire-siege family=siege base=66 push=12 hp=66 hyst=18 reason=tower_window score=96'
08/29 18:35:52 [Localization System] CLocalize::FindSafe failed to localize: 'AIB[D] blocked=bottle-rune reason=no_close_rune max=1900 waterMax=4700 nearest=inf water=inf mid=1047'
08/29 18:35:52 [Localization System] CLocalize::FindSafe failed to localize: 'AIB[D] blocked=recovery-rune-bottle reason=no_close_rune max=3600 waterMax=4700 nearest=inf water=inf mid=1047'
08/29 18:35:52 [Localization System] CLocalize::FindSafe failed to localize: 'AIB[R] blocked=tower-range reason=no_licence tower=675 hp=66'
08/29 18:35:53 [Localization System] CLocalize::FindSafe failed to localize: 'AIB[D] intent=tick-owner family=other stage=laning-core'
08/29 18:35:53 [Localization System] CLocalize::FindSafe failed to localize: 'AIB[R] blocked=hero-over-creep reason=no_target'
08/29 18:35:53 [Localization System] CLocalize::FindSafe failed to localize: 'AIB[R] blocked=recovery-rune-bottle reason=no_close_rune max=3600 waterMax=4700 nearest=inf water=inf mid=1589'
08/29 18:35:53 [Localization System] CLocalize::FindSafe failed to localize: 'AIB[R] blocked=emergency-kill reason=no_target'
08/29 18:35:53 [Localization System] CLocalize::FindSafe failed to localize: 'AIB[R] blocked=uphill-repo reason=no_reposition'
08/29 18:35:53 [Localization System] CLocalize::FindSafe failed to localize: 'AIB[R] blocked=harass reason=no_target'
08/29 18:35:53 [Localization System] CLocalize::FindSafe failed to localize: 'AIB[R] blocked=ability-harass reason=nothing_castable'
08/29 18:35:53 [Localization System] CLocalize::FindSafe failed to localize: 'AIB[R] intent=lane-line-episode family=other dist=662 fwd=0.50'
08/29 18:35:53 [Localization System] CLocalize::FindSafe failed to localize: 'AIB[R] intent=top-arbiter family=state winner=lane-line:18 losers=hero-over-creep:52,idle-heal:46,emergency-retreat:45,fwd-pullback:44,emergency-kill:43.5'
08/29 18:35:53 [Localization System] CLocalize::FindSafe failed to localize: 'AIB[R] blocked=uphill-repo reason=motor_busy'
08/29 18:35:53 [Localization System] CLocalize::FindSafe failed to localize: 'AIB[D] t=518s hp=31% gold=61 loc=1418,1338 lh=19 dn=0 dg=+7 dlh=+0 bottle=0 lvl=6 front=8620 ehp=-1'
08/29 18:35:53 [Localization System] CLocalize::FindSafe failed to localize: 'AIB[D] intent=critical-recovery family=recover hp=31 dist=609 reason=lock'
08/29 18:35:53 [Localization System] CLocalize::FindSafe failed to localize: 'AIB[R] t=518s hp=66% gold=30 loc=-58,-95 lh=38 dn=5 dg=+7 dlh=+0 bottle=0 lvl=8 front=10758 ehp=-1'
08/29 18:35:53 [Localization System] CLocalize::FindSafe failed to localize: 'AIB[D] intent=recovery-owner family=recover band=soft threat=false mode=safe-step hp=30'
08/29 18:35:54 [Localization System] CLocalize::FindSafe failed to localize: 'AIB[D] intent=recovery-policy family=recover action=recover hp=30 gate=35 source=early-low'
08/29 18:35:54 [Localization System] CLocalize::FindSafe failed to localize: 'AIB[R] intent=tick-owner family=other stage=laning-core'
08/29 18:35:54 [Localization System] CLocalize::FindSafe failed to localize: 'AIB[D] intent=recovery-plan family=recover action=back reason=post_fight_regen hp=30'
08/29 18:35:54 [Localization System] CLocalize::FindSafe failed to localize: 'AIB[D] intent=state-recover-xp family=state ttl=5 reason=post_fight_regen hp=30 dist=849'
08/29 18:35:54 [Localization System] CLocalize::FindSafe failed to localize: 'AIB[R] intent=top-arbiter family=state winner=lane-line:18 losers=hero-over-creep:52,idle-heal:46,emergency-retreat:45,fwd-pullback:44,emergency-kill:43.5'
08/29 18:35:55 [Localization System] CLocalize::FindSafe failed to localize: 'AIB[R] intent=recovery-plan family=recover action=lane reason=empty_bottle_no_rune hp=62 mana=53'
08/29 18:35:55 [Localization System] CLocalize::FindSafe failed to localize: 'AIB[D] intent=tick-owner family=other stage=laning-core'
08/29 18:35:55 [Localization System] CLocalize::FindSafe failed to localize: 'AIB[D] blocked=buy-loop reason=saving target=item_magic_wand head=item_recipe_magic_wand cost=150 gold=65 left=1'
08/29 18:35:56 [Localization System] CLocalize::FindSafe failed to localize: 'AIB[R] blocked=hero-over-creep reason=no_target'
08/29 18:35:56 [Localization System] CLocalize::FindSafe failed to localize: 'AIB[R] blocked=emergency-kill reason=no_target'
08/29 18:35:56 [Localization System] CLocalize::FindSafe failed to localize: 'AIB[R] blocked=harass reason=no_target'
08/29 18:35:56 [Localization System] CLocalize::FindSafe failed to localize: 'AIB[R] blocked=ability-harass reason=nothing_castable'
08/29 18:35:56 [Localization System] CLocalize::FindSafe failed to localize: 'AIB[R] intent=top-arbiter family=state winner=lane-line:18 losers=hero-over-creep:52,idle-heal:46,emergency-retreat:45,fwd-pullback:44,emergency-kill:43.5'
08/29 18:35:56 [Localization System] CLocalize::FindSafe failed to localize: 'AIB[D] intent=recovery-policy family=recover action=recover hp=30 gate=35 source=early-low'
08/29 18:35:56 [Localization System] CLocalize::FindSafe failed to localize: 'AIB[R] blocked=bottle-rune reason=no_close_rune max=1900 waterMax=4700 nearest=inf water=inf mid=1637'
08/29 18:35:56 [Localization System] CLocalize::FindSafe failed to localize: 'AIB[R] blocked=uphill-repo reason=motor_busy'
08/29 18:35:56 [Localization System] CLocalize::FindSafe failed to localize: 'AIB[R] intent=tick-owner family=other stage=laning-core'
08/29 18:35:56 [Localization System] CLocalize::FindSafe failed to localize: 'AIB[D] intent=recovery-owner family=recover band=soft threat=false mode=safe-step hp=30'
08/29 18:35:57 [Localization System] CLocalize::FindSafe failed to localize: 'AIB[D] intent=critical-recovery family=recover hp=31 dist=1594 reason=lock'
08/29 18:35:57 [Localization System] CLocalize::FindSafe failed to localize: 'AIB[D] intent=tick-owner family=other stage=laning-core'
08/29 18:35:57 [Localization System] CLocalize::FindSafe failed to localize: 'AIB[D] blocked=recovery-buy reason=budget_cap hp=31 gold=67 count=5 allow=2'
08/29 18:35:58 [Localization System] CLocalize::FindSafe failed to localize: 'AIB[R] intent=top-arbiter family=state winner=anti-idle:2 losers=hero-over-creep:52,idle-heal:46,emergency-retreat:45,fwd-pullback:44,emergency-kill:43.5'
08/29 18:35:58 [Localization System] CLocalize::FindSafe failed to localize: 'AIB[R] intent=tick-owner family=other stage=laning-core'
08/29 18:35:58 [Localization System] CLocalize::FindSafe failed to localize: 'AIB[D] intent=recovery-policy family=recover action=recover hp=32 gate=35 source=early-low'
08/29 18:35:58 [Localization System] CLocalize::FindSafe failed to localize: 'AIB[D] t=523s hp=32% gold=69 loc=1843,1768 lh=19 dn=0 dg=+8 dlh=+0 bottle=0 lvl=6 front=8620 ehp=-1'
08/29 18:35:58 [Localization System] CLocalize::FindSafe failed to localize: 'AIB[R] t=523s hp=63% gold=38 loc=-301,-241 lh=38 dn=5 dg=+8 dlh=+0 bottle=0 lvl=8 front=11158 ehp=-1'
08/29 18:35:59 [Localization System] CLocalize::FindSafe failed to localize: 'AIB[R] blocked=hero-over-creep reason=no_target'
08/29 18:35:59 [Localization System] CLocalize::FindSafe failed to localize: 'AIB[R] blocked=emergency-kill reason=no_target'
08/29 18:35:59 [Localization System] CLocalize::FindSafe failed to localize: 'AIB[R] blocked=harass reason=no_target'
08/29 18:35:59 [Localization System] CLocalize::FindSafe failed to localize: 'AIB[R] blocked=ability-harass reason=nothing_castable'
08/29 18:35:59 [Localization System] CLocalize::FindSafe failed to localize: 'AIB[D] intent=tick-owner family=other stage=laning-core'
08/29 18:35:59 [Localization System] CLocalize::FindSafe failed to localize: 'AIB[R] blocked=uphill-repo reason=motor_busy'
08/29 18:35:59 [Localization System] CLocalize::FindSafe failed to localize: 'AIB[R] intent=top-arbiter family=state winner=lane-line:18 losers=hero-over-creep:52,idle-heal:46,emergency-retreat:45,fwd-pullback:44,emergency-kill:43.5'
08/29 18:36:00 [Localization System] CLocalize::FindSafe failed to localize: 'AIB[D] intent=critical-recovery family=recover hp=33 dist=781 reason=lock'
08/29 18:36:00 [Localization System] CLocalize::FindSafe failed to localize: 'AIB[R] intent=tick-owner family=other stage=laning-core'
08/29 18:36:00 [Localization System] CLocalize::FindSafe failed to localize: 'AIB[D] intent=recovery-policy family=recover action=recover hp=33 gate=35 source=early-low'
08/29 18:36:00 [Localization System] CLocalize::FindSafe failed to localize: 'AIB[D] blocked=bottle-rune reason=no_close_rune max=1900 waterMax=4700 nearest=inf water=inf mid=1108'
08/29 18:36:00 [Localization System] CLocalize::FindSafe failed to localize: 'AIB[D] blocked=recovery-rune-bottle reason=no_close_rune max=3600 waterMax=4700 nearest=inf water=inf mid=1108'
08/29 18:36:01 [Localization System] CLocalize::FindSafe failed to localize: 'AIB[R] intent=top-arbiter family=state winner=anti-idle:2 losers=hero-over-creep:52,idle-heal:46,emergency-retreat:45,fwd-pullback:44,emergency-kill:43.5'
08/29 18:36:01 [Localization System] CLocalize::FindSafe failed to localize: 'AIB[R] blocked=recovery-rune-bottle reason=no_close_rune max=3600 waterMax=4700 nearest=inf water=inf mid=1665'
08/29 18:36:01 [Localization System] CLocalize::FindSafe failed to localize: 'AIB[D] intent=tick-owner family=other stage=laning-core'
08/29 18:36:02 [Localization System] CLocalize::FindSafe failed to localize: 'AIB[R] intent=lane-line-episode family=other dist=728 fwd=0.33'
08/29 18:36:02 [Localization System] CLocalize::FindSafe failed to localize: 'AIB[R] blocked=hero-over-creep reason=no_target'
08/29 18:36:02 [Localization System] CLocalize::FindSafe failed to localize: 'AIB[R] blocked=emergency-kill reason=no_target'
08/29 18:36:02 [Localization System] CLocalize::FindSafe failed to localize: 'AIB[R] blocked=harass reason=no_target'
08/29 18:36:02 [Localization System] CLocalize::FindSafe failed to localize: 'AIB[R] blocked=ability-harass reason=nothing_castable'
08/29 18:36:02 [Localization System] CLocalize::FindSafe failed to localize: 'AIB[R] intent=tick-owner family=other stage=laning-core'
08/29 18:36:02 [Localization System] CLocalize::FindSafe failed to localize: 'AIB[R] blocked=uphill-repo reason=motor_busy'
08/29 18:36:02 [Localization System] CLocalize::FindSafe failed to localize: 'AIB[R] intent=top-arbiter family=state winner=lane-line:18 losers=hero-over-creep:52,idle-heal:46,emergency-retreat:45,fwd-pullback:44,emergency-kill:43.5'
08/29 18:36:02 [Localization System] CLocalize::FindSafe failed to localize: 'AIB[D] intent=recovery-policy family=recover action=recover hp=34 gate=35 source=early-low'
08/29 18:36:02 [Localization System] CLocalize::FindSafe failed to localize: 'AIB[D] intent=recovery-plan family=recover action=lane reason=empty_bottle_no_rune hp=34 mana=90'
08/29 18:36:02 [Localization System] CLocalize::FindSafe failed to localize: 'AIB[D] intent=state-desire-recover family=state base=74 danger=28 hp=34 reason=hp_gate score=102'
08/29 18:36:02 [Localization System] CLocalize::FindSafe failed to localize: 'AIB[D] blocked=top-arbiter reason=empty_action winner=recover score=102'
08/29 18:36:02 [Localization System] CLocalize::FindSafe failed to localize: 'AIB[D] blocked=hero-over-creep reason=no_target'
08/29 18:36:02 [Localization System] CLocalize::FindSafe failed to localize: 'AIB[D] blocked=emergency-kill reason=disabled'
08/29 18:36:02 [Localization System] CLocalize::FindSafe failed to localize: 'AIB[D] blocked=uphill-repo reason=low_hp_hold'
08/29 18:36:02 [Localization System] CLocalize::FindSafe failed to localize: 'AIB[D] blocked=harass reason=regen_wanted'
08/29 18:36:02 [Localization System] CLocalize::FindSafe failed to localize: 'AIB[D] blocked=ability-harass reason=nothing_castable'
08/29 18:36:02 [Localization System] CLocalize::FindSafe failed to localize: 'AIB[D] intent=top-arbiter family=state winner=anti-idle:2 losers=recover:102,safe-cs:56,hero-over-creep:52,idle-heal:46,emergency-retreat:45'
08/29 18:36:03 [Localization System] CLocalize::FindSafe failed to localize: 'AIB[D] blocked=recover-candidate reason=no_resources_behind_safe hp=34 score=44'
08/29 18:36:03 [Localization System] CLocalize::FindSafe failed to localize: 'AIB[R] intent=damage-by-source family=other creep=425 tower=248 hero=2611 mixed=462 death=0 other=235 stale=891 gaps=10'
08/29 18:36:03 [Localization System] CLocalize::FindSafe failed to localize: 'AIB[D] intent=tick-owner family=other stage=laning-core'
08/29 18:36:03 [Localization System] CLocalize::FindSafe failed to localize: 'AIB[D] t=528s hp=35% gold=76 loc=1146,1006 lh=19 dn=0 dg=+7 dlh=+0 bottle=0 lvl=6 front=8620 ehp=-1'
08/29 18:36:03 [Localization System] CLocalize::FindSafe failed to localize: 'AIB[D] blocked=buy-loop reason=saving target=item_magic_wand head=item_recipe_magic_wand cost=150 gold=77 left=1'
08/29 18:36:03 [Localization System] CLocalize::FindSafe failed to localize: 'AIB[R] t=528s hp=65% gold=46 loc=-650,-540 lh=38 dn=5 dg=+8 dlh=+0 bottle=0 lvl=8 front=8206 ehp=-1'
08/29 18:36:04 Script function 'Think' on bot npc_dota_hero_nevermore took 2.478ms
08/29 18:36:04 [Localization System] CLocalize::FindSafe failed to localize: 'AIB[R] intent=top-arbiter family=state winner=lane-line:18 losers=hero-over-creep:52,idle-heal:46,emergency-retreat:45,fwd-pullback:44,emergency-kill:43.5'
08/29 18:36:04 [Localization System] CLocalize::FindSafe failed to localize: 'AIB[D] intent=damage-by-source family=other creep=1230 tower=0 hero=4702 mixed=842 death=34 other=191 stale=69 gaps=2'
08/29 18:36:04 [Localization System] CLocalize::FindSafe failed to localize: 'AIB[R] blocked=bottle-rune reason=no_close_rune max=1900 waterMax=4700 nearest=inf water=inf mid=205'
08/29 18:36:04 [Localization System] CLocalize::FindSafe failed to localize: 'AIB[R] intent=tick-owner family=other stage=laning-core'
08/29 18:36:04 [Localization System] CLocalize::FindSafe failed to localize: 'AIB[D] blocked=uphill-repo reason=no_reposition'
08/29 18:36:05 [Localization System] CLocalize::FindSafe failed to localize: 'AIB[R] blocked=hero-over-creep reason=no_target'
08/29 18:36:05 [Localization System] CLocalize::FindSafe failed to localize: 'AIB[R] blocked=emergency-kill reason=no_target'
08/29 18:36:05 [Localization System] CLocalize::FindSafe failed to localize: 'AIB[R] blocked=harass reason=no_target'
08/29 18:36:05 [Localization System] CLocalize::FindSafe failed to localize: 'AIB[R] blocked=ability-harass reason=nothing_castable'
08/29 18:36:05 [Localization System] CLocalize::FindSafe failed to localize: 'AIB[R] intent=lane-line-episode family=other dist=268 fwd=0.63'
08/29 18:36:05 [Localization System] CLocalize::FindSafe failed to localize: 'AIB[R] blocked=uphill-repo reason=motor_busy'
08/29 18:36:05 [Localization System] CLocalize::FindSafe failed to localize: 'AIB[R] intent=top-arbiter family=state winner=lane-line:18 losers=hero-over-creep:52,idle-heal:46,emergency-retreat:45,fwd-pullback:44,emergency-kill:43.5'
08/29 18:36:05 [Localization System] CLocalize::FindSafe failed to localize: 'AIB[D] blocked=hero-over-creep reason=no_target'
08/29 18:36:05 [Localization System] CLocalize::FindSafe failed to localize: 'AIB[D] blocked=recovery-buy reason=budget_cap hp=36 gold=80 count=5 allow=2'
08/29 18:36:05 [Localization System] CLocalize::FindSafe failed to localize: 'AIB[D] blocked=harass reason=regen_wanted'
08/29 18:36:05 [Localization System] CLocalize::FindSafe failed to localize: 'AIB[D] blocked=ability-harass reason=nothing_castable'
08/29 18:36:06 [Localization System] CLocalize::FindSafe failed to localize: 'AIB[D] intent=top-arbiter family=state winner=anti-idle:2 losers=safe-cs:56,hero-over-creep:52,idle-heal:46,emergency-retreat:45,fwd-pullback:44'
08/29 18:36:06 [Localization System] CLocalize::FindSafe failed to localize: 'AIB[D] intent=tick-owner family=other stage=desire/anti-idle reason=ready score=2 band=idle'
08/29 18:36:06 [Localization System] CLocalize::FindSafe failed to localize: 'AIB[D] blocked=recover-candidate reason=no_resources_behind_safe hp=36 score=44'
08/29 18:36:06 [Localization System] CLocalize::FindSafe failed to localize: 'AIB[D] blocked=uphill-repo reason=low_hp_hold'
08/29 18:36:06 [Localization System] CLocalize::FindSafe failed to localize: 'AIB[R] intent=tick-owner family=other stage=laning-core'
08/29 18:36:07 [Localization System] CLocalize::FindSafe failed to localize: 'AIB[D] blocked=recover-candidate reason=no_action_capped hp=36 score=44'
08/29 18:36:07 [Localization System] CLocalize::FindSafe failed to localize: 'AIB[R] intent=top-arbiter family=state winner=anti-idle:2 losers=hero-over-creep:52,idle-heal:46,emergency-retreat:45,fwd-pullback:44,emergency-kill:43.5'
08/29 18:36:07 [Localization System] CLocalize::FindSafe failed to localize: 'AIB[D] intent=top-arbiter family=state winner=anti-idle:2 losers=safe-cs:56,hero-over-creep:52,idle-heal:46,emergency-retreat:45,fwd-pullback:44'
08/29 18:36:08 [Localization System] CLocalize::FindSafe failed to localize: 'AIB[D] intent=tick-owner family=other stage=desire/anti-idle reason=ready score=2 band=idle'
08/29 18:36:08 [Localization System] CLocalize::FindSafe failed to localize: 'AIB[R] intent=melee-pack-space family=safety count=2 dist=149'
08/29 18:36:08 [Localization System] CLocalize::ConstructString failed to localize: '#DOTA_Tooltip_Ability_nevermore_shadowraze2_SummaryDescription'
08/29 18:36:08 [Localization System] CLocalize::FindSafe failed to localize: 'AIB[R] intent=state-siege-window family=siege ttl=2 wave=2 tower=1251 hp=67 adv=true'
08/29 18:36:08 [Localization System] CLocalize::FindSafe failed to localize: 'AIB[R] intent=tower-opportunity family=siege result=step phase=commit wave=2 tower=1251'
08/29 18:36:08 [Localization System] CLocalize::FindSafe failed to localize: 'AIB[R] blocked=hero-over-creep reason=no_target'
08/29 18:36:08 [Localization System] CLocalize::FindSafe failed to localize: 'AIB[R] blocked=emergency-kill reason=no_target'
08/29 18:36:08 [Localization System] CLocalize::FindSafe failed to localize: 'AIB[R] blocked=uphill-repo reason=no_reposition'
08/29 18:36:08 [Localization System] CLocalize::FindSafe failed to localize: 'AIB[R] blocked=harass reason=no_target'
08/29 18:36:08 [Localization System] CLocalize::FindSafe failed to localize: 'AIB[R] intent=tick-owner family=other stage=laning-core'
08/29 18:36:08 [Localization System] CLocalize::FindSafe failed to localize: 'AIB[R] t=533s hp=68% gold=53 loc=-258,-158 lh=38 dn=5 dg=+7 dlh=+0 bottle=0 lvl=8 front=9132 ehp=-1'
08/29 18:36:08 [Localization System] CLocalize::FindSafe failed to localize: 'AIB[R] intent=top-arbiter family=state winner=creep-work:38.8 losers=hero-over-creep:52,idle-heal:46,emergency-retreat:45,fwd-pullback:44,emergency-kill:43.5'
08/29 18:36:08 [Localization System] CLocalize::FindSafe failed to localize: 'AIB[D] t=533s hp=37% gold=84 loc=731,576 enemy-dist=1231 lh=19 dn=0 dg=+8 dlh=+0 bottle=0 lvl=6 front=9353 ehp=68'
08/29 18:36:08 [Localization System] CLocalize::FindSafe failed to localize: 'AIB[D] blocked=hero-over-creep reason=no_target'
08/29 18:36:08 [Localization System] CLocalize::FindSafe failed to localize: 'AIB[D] blocked=bottle-rune reason=no_close_rune max=1900 waterMax=4700 nearest=inf water=inf mid=220'
08/29 18:36:08 [Localization System] CLocalize::FindSafe failed to localize: 'AIB[D] blocked=recovery-rune-bottle reason=no_close_rune max=3600 waterMax=4700 nearest=inf water=inf mid=220'
08/29 18:36:08 [Localization System] CLocalize::FindSafe failed to localize: 'AIB[D] blocked=harass reason=regen_wanted'
08/29 18:36:08 [Localization System] CLocalize::FindSafe failed to localize: 'AIB[D] blocked=ability-harass reason=nothing_castable'
08/29 18:36:09 [Localization System] CLocalize::FindSafe failed to localize: 'AIB[R] intent=state-desire-siege family=siege base=66 push=12 hp=68 reason=tower_window score=78'
08/29 18:36:09 [Localization System] CLocalize::FindSafe failed to localize: 'AIB[D] blocked=uphill-repo reason=low_hp_hold'
08/29 18:36:10 [Localization System] CLocalize::FindSafe failed to localize: 'AIB[R] blocked=tower-range reason=no_licence tower=781 hp=68'
08/29 18:36:10 [Localization System] CLocalize::FindSafe failed to localize: 'AIB[D] blocked=recover-candidate reason=no_action_capped hp=38 score=44'
08/29 18:36:10 [Localization System] CLocalize::FindSafe failed to localize: 'AIB[R] intent=state-siege-window family=siege ttl=2 wave=3 tower=884 hp=68 adv=true'
08/29 18:36:10 [Localization System] CLocalize::FindSafe failed to localize: 'AIB[R] intent=top-arbiter family=state winner=siege:96 losers=hero-over-creep:52,idle-heal:46,emergency-retreat:45,fwd-pullback:44,emergency-kill:43.5'
08/29 18:36:10 [Localization System] CLocalize::FindSafe failed to localize: 'AIB[R] intent=state-desire-siege family=siege base=66 push=12 hp=68 hyst=18 reason=tower_window score=96'
08/29 18:36:10 [Localization System] CLocalize::FindSafe failed to localize: 'AIB[R] intent=tower-opportunity family=siege result=step phase=commit wave=3 tower=856'
08/29 18:36:10 [Localization System] CLocalize::FindSafe failed to localize: 'AIB[R] blocked=buy-loop reason=saving target=item_lifesteal head=item_lifesteal cost=900 gold=56 left=1'
08/29 18:36:10 [Localization System] CLocalize::FindSafe failed to localize: 'AIB[D] intent=recovery-plan family=recover action=lane reason=empty_bottle_no_rune hp=38 mana=93'
08/29 18:36:10 [Localization System] CLocalize::FindSafe failed to localize: 'AIB[D] blocked=visual-hold reason=empty held=2.1 hp=38 repeat=7 hard=true'
08/29 18:36:10 [Localization System] CLocalize::FindSafe failed to localize: 'AIB[D] intent=top-arbiter family=state winner=visual-hold:20 losers=safe-cs:56,hero-over-creep:52,idle-heal:46,emergency-retreat:45,fwd-pullback:44'
08/29 18:36:10 [Localization System] CLocalize::FindSafe failed to localize: 'AIB[D] intent=tick-owner family=other stage=desire/visual-hold reason=ready score=20 band=position'
08/29 18:36:10 [Server] PR:IncrementIdleTime 6:[I:0:0] 2.00
08/29 18:36:10 [Localization System] CLocalize::FindSafe failed to localize: 'AIB[R] intent=tick-owner family=other stage=laning-core'
08/29 18:36:11 [Localization System] CLocalize::FindSafe failed to localize: 'AIB[D] intent=state-recover-xp family=state ttl=2 reason=regen_lane hp=39 dist=311'
08/29 18:36:11 [Localization System] CLocalize::FindSafe failed to localize: 'AIB[D] intent=recovery-owner family=recover band=soft threat=true mode=back hp=39'
08/29 18:36:11 [Localization System] CLocalize::FindSafe failed to localize: 'AIB[D] blocked=buy-loop reason=saving target=item_magic_wand head=item_recipe_magic_wand cost=150 gold=89 left=1'
08/29 18:36:11 [Localization System] CLocalize::FindSafe failed to localize: 'AIB[R] blocked=kill-lock reason=chase_into_tower dist=915 ehp=39'
08/29 18:36:11 [Localization System] CLocalize::FindSafe failed to localize: 'AIB[R] blocked=siege-candidate reason=no_action_capped hp=69 score=42'
08/29 18:36:11 [Localization System] CLocalize::FindSafe failed to localize: 'AIB[R] blocked=hero-over-creep reason=no_target'
08/29 18:36:11 [Localization System] CLocalize::FindSafe failed to localize: 'AIB[R] intent=top-arbiter family=state winner=cs-inrange:50 losers=hero-over-creep:52,idle-heal:46,emergency-retreat:45,fwd-pullback:44,emergency-kill:43.5'
08/29 18:36:11 [Localization System] CLocalize::FindSafe failed to localize: 'AIB[D] blocked=hero-over-creep reason=no_target'
08/29 18:36:11 [Localization System] CLocalize::FindSafe failed to localize: 'AIB[D] blocked=harass reason=regen_wanted'
08/29 18:36:12 Script function 'Think' on bot npc_dota_hero_nevermore took 3.399ms
08/29 18:36:12 [Localization System] CLocalize::FindSafe failed to localize: 'AIB[D] intent=top-arbiter family=state winner=idle-heal:46 losers=safe-cs:56,hero-over-creep:52,emergency-retreat:45,fwd-pullback:44,emergency-kill:43.5'
08/29 18:36:12 [Localization System] CLocalize::FindSafe failed to localize: 'AIB[D] intent=tick-owner family=other stage=laning-core'
08/29 18:36:13 [Localization System] CLocalize::FindSafe failed to localize: 'AIB[D] blocked=emergency-kill reason=disabled'
08/29 18:36:13 [Localization System] CLocalize::FindSafe failed to localize: 'AIB[D] blocked=uphill-repo reason=low_hp_hold'
08/29 18:36:13 [Localization System] CLocalize::FindSafe failed to localize: 'AIB[D] blocked=recover-candidate reason=no_action_capped hp=40 score=44'
08/29 18:36:14 [Localization System] CLocalize::FindSafe failed to localize: 'AIB[D] t=538s hp=40% gold=92 loc=361,430 enemy-dist=1181 lh=19 dn=0 dg=+8 dlh=+0 bottle=0 lvl=6 front=9409 ehp=70'
08/29 18:36:14 [Localization System] CLocalize::FindSafe failed to localize: 'AIB[D] blocked=emergency-kill reason=no_target'
08/29 18:36:14 [Localization System] CLocalize::FindSafe failed to localize: 'AIB[D] intent=top-arbiter family=state winner=low-hp-hold:43.2 losers=safe-cs:56,hero-over-creep:52,idle-heal:46,emergency-retreat:45,fwd-pullback:44'
08/29 18:36:14 [Localization System] CLocalize::FindSafe failed to localize: 'AIB[D] intent=state-desire-last-hit family=farm dist=543 reason=killable_creep score=140'
08/29 18:36:15 [Localization System] CLocalize::FindSafe failed to localize: 'AIB[D] blocked=hero-over-creep reason=no_target'
08/29 18:36:15 [Localization System] CLocalize::FindSafe failed to localize: 'AIB[D] intent=tick-owner family=other stage=laning-core'
08/29 18:36:15 [Localization System] CLocalize::FindSafe failed to localize: 'AIB[D] intent=top-arbiter family=state winner=low-hp-hold:43.2 losers=safe-cs:56,hero-over-creep:52,idle-heal:46,emergency-retreat:45,fwd-pullback:44'
08/29 18:36:15 [Localization System] CLocalize::FindSafe failed to localize: 'invalid index'
08/29 18:36:16 [Localization System] CLocalize::FindSafe failed to localize: 'AIB[D] intent=state-desire-last-hit family=farm dist=543 hyst=18 reason=killable_creep score=158'
08/29 18:36:16 [Localization System] CLocalize::FindSafe failed to localize: 'AIB[D] blocked=recover-candidate reason=no_action_capped hp=41 score=44'
08/29 18:36:17 [Localization System] CLocalize::FindSafe failed to localize: 'AIB[D] blocked=bottle-rune reason=no_close_rune max=1900 waterMax=4700 nearest=inf water=inf mid=316'
08/29 18:36:17 [Localization System] CLocalize::FindSafe failed to localize: 'AIB[D] blocked=recovery-rune-bottle reason=no_close_rune max=3600 waterMax=4700 nearest=inf water=inf mid=316'
08/29 18:36:17 [Localization System] CLocalize::FindSafe failed to localize: 'AIB[D] blocked=emergency-kill reason=no_target'
08/29 18:36:17 [Localization System] CLocalize::FindSafe failed to localize: 'AIB[D] intent=tick-owner family=other stage=laning-core'
08/29 18:36:17 [Localization System] CLocalize::FindSafe failed to localize: 'AIB[D] intent=top-arbiter family=state winner=low-hp-hold:43.2 losers=safe-cs:56,hero-over-creep:52,idle-heal:46,emergency-retreat:45,fwd-pullback:44'
08/29 18:36:17 [Localization System] CLocalize::FindSafe failed to localize: 'AIB[D] blocked=uphill-repo reason=low_hp_hold'
08/29 18:36:17 [Localization System] CLocalize::FindSafe failed to localize: 'AIB[D] blocked=harass reason=regen_wanted'
08/29 18:36:17 [Localization System] CLocalize::FindSafe failed to localize: 'AIB[D] blocked=ability-harass reason=nothing_castable'
08/29 18:36:17 [Localization System] CLocalize::FindSafe failed to localize: 'AIB[D] blocked=buy-tp reason=recent_tp since=45'
08/29 18:36:18 [Localization System] CLocalize::FindSafe failed to localize: 'AIB[D] blocked=hero-over-creep reason=no_target'
08/29 18:36:18 [Localization System] CLocalize::FindSafe failed to localize: 'AIB[R] t=543s hp=65% gold=68 loc=-1712,-1338 lh=38 dn=5 dg=+15 dlh=+0 bottle=0 lvl=8 front=8847 ehp=-1'
08/29 18:36:18 [Localization System] CLocalize::FindSafe failed to localize: 'AIB[R] intent=damage-by-source family=other creep=425 tower=248 hero=2611 mixed=462 death=0 other=383 stale=929 gaps=11'
08/29 18:36:18 [Localization System] CLocalize::FindSafe failed to localize: 'AIB[R] blocked=hero-over-creep reason=no_target'
08/29 18:36:18 [Localization System] CLocalize::FindSafe failed to localize: 'AIB[R] blocked=bottle-rune reason=no_close_rune max=1900 waterMax=4700 nearest=inf water=inf mid=182'
08/29 18:36:18 [Localization System] CLocalize::FindSafe failed to localize: 'AIB[R] blocked=recovery-rune-bottle reason=no_close_rune max=3600 waterMax=4700 nearest=inf water=inf mid=182'
08/29 18:36:18 [Localization System] CLocalize::FindSafe failed to localize: 'AIB[R] blocked=emergency-kill reason=no_target'
08/29 18:36:18 [Localization System] CLocalize::FindSafe failed to localize: 'AIB[R] blocked=uphill-repo reason=no_reposition'
08/29 18:36:18 [Localization System] CLocalize::FindSafe failed to localize: 'AIB[R] blocked=harass reason=no_target'
08/29 18:36:18 [Localization System] CLocalize::FindSafe failed to localize: 'AIB[R] blocked=ability-harass reason=nothing_castable'
08/29 18:36:18 [Localization System] CLocalize::FindSafe failed to localize: 'AIB[R] intent=top-arbiter family=state winner=fwd-position:22 losers=hero-over-creep:52,idle-heal:46,emergency-retreat:45,fwd-pullback:44,emergency-kill:43.5'
08/29 18:36:18 [Localization System] CLocalize::FindSafe failed to localize: 'AIB[R] intent=tick-owner family=other stage=desire/fwd-position reason=ready score=22 band=position'
08/29 18:36:18 [Localization System] CLocalize::FindSafe failed to localize: 'AIB[R] blocked=uphill-repo reason=motor_busy'
08/29 18:36:18 [Localization System] CLocalize::FindSafe failed to localize: 'AIB[D] intent=top-arbiter family=state winner=anti-idle:2 losers=safe-cs:56,hero-over-creep:52,idle-heal:46,emergency-retreat:45,fwd-pullback:44'
08/29 18:36:18 [Localization System] CLocalize::FindSafe failed to localize: 'AIB[R] blocked=buy-loop reason=saving target=item_lifesteal head=item_lifesteal cost=900 gold=68 left=1'
08/29 18:36:19 [Localization System] CLocalize::FindSafe failed to localize: 'AIB[D] intent=recovery-plan family=recover action=lane reason=empty_bottle_no_rune hp=43 mana=97'
08/29 18:36:19 [Localization System] CLocalize::FindSafe failed to localize: 'AIB[D] t=543s hp=43% gold=136 loc=497,407 lh=20 dn=0 dg=+44 dlh=+1 bottle=0 lvl=7 front=9678 ehp=-1'
08/29 18:36:19 [Localization System] CLocalize::FindSafe failed to localize: 'AIB[D] intent=damage-by-source family=other creep=1230 tower=0 hero=4702 mixed=842 death=34 other=191 stale=69 gaps=2'
08/29 18:36:19 [Localization System] CLocalize::FindSafe failed to localize: 'AIB[D] blocked=recover-candidate reason=no_action_capped hp=43 score=44'
08/29 18:36:19 [Localization System] CLocalize::FindSafe failed to localize: 'AIB[D] intent=tick-owner family=other stage=desire/creep-work reason=ready score=39 band=lanework'
08/29 18:36:19 [Localization System] CLocalize::FindSafe failed to localize: 'AIB[D] blocked=buy-loop reason=saving target=item_magic_wand head=item_recipe_magic_wand cost=150 gold=138 left=1'
08/29 18:36:20 [Localization System] CLocalize::FindSafe failed to localize: 'AIB[D] blocked=emergency-kill reason=no_target'
08/29 18:36:20 [Localization System] CLocalize::FindSafe failed to localize: 'AIB[R] intent=lane-line-episode family=other dist=996 fwd=0.50'
08/29 18:36:20 [Localization System] CLocalize::FindSafe failed to localize: 'AIB[R] intent=top-arbiter family=state winner=lane-line:18 losers=hero-over-creep:52,idle-heal:46,emergency-retreat:45,fwd-pullback:44,emergency-kill:43.5'
08/29 18:36:20 [Localization System] CLocalize::FindSafe failed to localize: 'AIB[D] intent=top-arbiter family=state winner=low-hp-hold:43.2 losers=safe-cs:56,hero-over-creep:52,idle-heal:46,emergency-retreat:45,fwd-pullback:44'
08/29 18:36:20 [Localization System] CLocalize::FindSafe failed to localize: 'AIB[D] intent=state-desire-last-hit family=farm dist=568 reason=killable_creep score=140'
08/29 18:36:20 [Localization System] CLocalize::FindSafe failed to localize: 'AIB[R] intent=tick-owner family=other stage=laning-core'
08/29 18:36:21 [Localization System] CLocalize::FindSafe failed to localize: 'AIB[D] blocked=hero-over-creep reason=no_target'
08/29 18:36:21 [Localization System] CLocalize::FindSafe failed to localize: 'AIB[D] blocked=uphill-repo reason=motor_busy'
08/29 18:36:21 [Localization System] CLocalize::FindSafe failed to localize: 'AIB[D] blocked=harass reason=regen_wanted'
08/29 18:36:21 [Localization System] CLocalize::FindSafe failed to localize: 'AIB[D] blocked=ability-harass reason=nothing_castable'
08/29 18:36:21 [Localization System] CLocalize::FindSafe failed to localize: 'AIB[R] blocked=hero-over-creep reason=no_target'
08/29 18:36:21 [Localization System] CLocalize::FindSafe failed to localize: 'AIB[R] blocked=emergency-kill reason=no_target'
08/29 18:36:21 [Localization System] CLocalize::FindSafe failed to localize: 'AIB[R] blocked=harass reason=no_target'
08/29 18:36:21 [Localization System] CLocalize::FindSafe failed to localize: 'AIB[R] blocked=ability-harass reason=nothing_castable'
08/29 18:36:21 [Localization System] CLocalize::FindSafe failed to localize: 'AIB[D] blocked=uphill-repo reason=no_reposition'
08/29 18:36:21 [Localization System] CLocalize::FindSafe failed to localize: 'AIB[R] blocked=uphill-repo reason=motor_busy'
08/29 18:36:21 [Localization System] CLocalize::FindSafe failed to localize: 'AIB[R] intent=top-arbiter family=state winner=lane-line:18 losers=hero-over-creep:52,idle-heal:46,emergency-retreat:45,fwd-pullback:44,emergency-kill:43.5'
08/29 18:36:22 [Localization System] CLocalize::FindSafe failed to localize: 'AIB[R] intent=melee-pack-space family=safety count=2 dist=128'
08/29 18:36:22 [Localization System] CLocalize::FindSafe failed to localize: 'AIB[D] blocked=uphill-repo reason=not_trading'
08/29 18:36:22 [Localization System] CLocalize::FindSafe failed to localize: 'AIB[D] intent=top-arbiter family=state winner=anti-idle:2 losers=safe-cs:56,hero-over-creep:52,idle-heal:46,emergency-retreat:45,fwd-pullback:44'
08/29 18:36:22 [Localization System] CLocalize::FindSafe failed to localize: 'AIB[D] intent=tick-owner family=other stage=desire/anti-idle reason=ready score=2 band=idle'
08/29 18:36:22 [Localization System] CLocalize::FindSafe failed to localize: 'AIB[D] blocked=recover-candidate reason=no_action_capped hp=45 score=44'
08/29 18:36:22 [Localization System] CLocalize::FindSafe failed to localize: 'AIB[R] intent=tick-owner family=other stage=laning-core'
08/29 18:36:22 [Localization System] CLocalize::FindSafe failed to localize: 'AIB[R] intent=state-desire-fight family=state base=78 hp_adv=8 execute=20 dist=871 hp=67 ehp=45 reason=enemy_seen score=106'
08/29 18:36:22 [Localization System] CLocalize::FindSafe failed to localize: 'AIB[R] blocked=ability-pressure reason=nothing_castable'
08/29 18:36:22 [Localization System] CLocalize::FindSafe failed to localize: 'AIB[R] blocked=top-arbiter reason=empty_action winner=fight score=106'
08/29 18:36:22 [Localization System] CLocalize::FindSafe failed to localize: 'AIB[R] blocked=recovery-buy reason=budget_cap hp=67 gold=74 count=2 allow=2'
08/29 18:36:23 [Localization System] CLocalize::FindSafe failed to localize: 'AIB[D] blocked=emergency-kill reason=no_target'
08/29 18:36:23 [Localization System] CLocalize::FindSafe failed to localize: 'AIB[D] intent=top-arbiter family=state winner=anti-idle:2 losers=safe-cs:56,hero-over-creep:52,idle-heal:46,emergency-retreat:45,fwd-pullback:44'
08/29 18:36:24 [Localization System] CLocalize::FindSafe failed to localize: 'AIB[R] t=548s hp=43% gold=76 loc=-814,-589 lh=38 dn=5 dg=+8 dlh=+0 bottle=0 lvl=8 front=7078 ehp=-1'
08/29 18:36:24 [Localization System] CLocalize::FindSafe failed to localize: 'AIB[R] intent=state-desire-safety family=state base=108 creep_dmg=8 hp=43 creep=true hero=true reason=recent_damage score=116'
08/29 18:36:24 [Localization System] CLocalize::FindSafe failed to localize: 'AIB[R] blocked=creep-hit-react reason=inside_melee_pack count=2 dist=221 hp=43'
08/29 18:36:24 [Localization System] CLocalize::FindSafe failed to localize: 'AIB[R] intent=creep-hit-react family=safety dist=221 hp=43 hits=1 reason=edge_attack'
08/29 18:36:24 [Localization System] CLocalize::FindSafe failed to localize: 'AIB[R] intent=top-arbiter family=state winner=safety:116 losers=recover:60,safe-cs:56,hero-over-creep:52,idle-heal:46,emergency-retreat:45'
08/29 18:36:24 [Localization System] CLocalize::FindSafe failed to localize: 'AIB[D] t=548s hp=45% gold=49 loc=-130,-42 enemy-dist=897 lh=21 dn=0 dg=-87 dlh=+1 bottle=0 lvl=7 front=10078 ehp=43'
08/29 18:36:24 [Localization System] CLocalize::FindSafe failed to localize: 'AIB[R] blocked=safety-candidate reason=no_action_capped hp=43 score=44'
08/29 18:36:24 [Localization System] CLocalize::FindSafe failed to localize: 'AIB[R] intent=state-desire-recover family=state base=74 creep_dmg=-14 hp=43 reason=hp_gate score=60'
08/29 18:36:24 [Localization System] CLocalize::FindSafe failed to localize: 'AIB[R] intent=recovery-policy family=recover action=recover hp=43 gate=55 source=lane-low'
08/29 18:36:24 [Localization System] CLocalize::FindSafe failed to localize: 'AIB[R] intent=recovery-plan family=recover action=lane reason=empty_bottle_no_rune hp=43 mana=64'
08/29 18:36:24 [Localization System] CLocalize::FindSafe failed to localize: 'AIB[R] intent=state-recover-xp family=state ttl=5 reason=post_fight_regen hp=43 dist=452'
08/29 18:36:24 [Localization System] CLocalize::FindSafe failed to localize: 'AIB[R] intent=recovery-owner family=recover band=soft threat=true mode=safe-step hp=43'
08/29 18:36:24 [Localization System] CLocalize::FindSafe failed to localize: 'AIB[D] blocked=hero-over-creep reason=no_target'
08/29 18:36:24 [Localization System] CLocalize::FindSafe failed to localize: 'AIB[D] intent=tick-owner family=other stage=desire/anti-idle reason=ready score=2 band=idle'
08/29 18:36:24 [Localization System] CLocalize::FindSafe failed to localize: 'AIB[R] blocked=creep-hit-react reason=recovery_commit hp=43 band=soft'
08/29 18:36:24 [Localization System] CLocalize::FindSafe failed to localize: 'AIB[D] blocked=harass reason=regen_wanted'
08/29 18:36:24 [Localization System] CLocalize::FindSafe failed to localize: 'AIB[D] blocked=ability-harass reason=nothing_castable'
08/29 18:36:24 [Localization System] CLocalize::FindSafe failed to localize: 'AIB[D] blocked=uphill-repo reason=no_reposition'
08/29 18:36:24 [Localization System] CLocalize::FindSafe failed to localize: 'AIB[R] intent=tick-owner family=other stage=laning-core'
08/29 18:36:25 [Localization System] CLocalize::FindSafe failed to localize: 'AIB[D] blocked=bottle-rune reason=no_close_rune max=1900 waterMax=4700 nearest=inf water=inf mid=685'
08/29 18:36:25 [Localization System] CLocalize::FindSafe failed to localize: 'AIB[D] blocked=recovery-rune-bottle reason=no_close_rune max=3600 waterMax=4700 nearest=inf water=inf mid=685'
08/29 18:36:25 [Localization System] CLocalize::FindSafe failed to localize: 'AIB[D] intent=top-arbiter family=state winner=anti-idle:2 losers=safe-cs:56,hero-over-creep:52,idle-heal:46,emergency-retreat:45,fwd-pullback:44'
08/29 18:36:25 [Localization System] CLocalize::FindSafe failed to localize: 'AIB[R] intent=top-arbiter family=state winner=recover:92 losers=safe-cs:56,hero-over-creep:52,idle-heal:46,emergency-retreat:45,fwd-pullback:44'
08/29 18:36:25 [Localization System] CLocalize::FindSafe failed to localize: 'AIB[R] blocked=recover-candidate reason=no_action_capped hp=43 score=44'
08/29 18:36:25 [Localization System] CLocalize::FindSafe failed to localize: 'AIB[R] blocked=hero-over-creep reason=no_target'
08/29 18:36:25 [Localization System] CLocalize::FindSafe failed to localize: 'AIB[R] blocked=emergency-kill reason=no_target'
08/29 18:36:25 [Localization System] CLocalize::FindSafe failed to localize: 'AIB[D] intent=state-siege-window family=siege ttl=2 wave=2 tower=1446 hp=46 adv=false'
08/29 18:36:25 [Localization System] CLocalize::FindSafe failed to localize: 'AIB[D] intent=tower-opportunity family=siege result=step phase=default wave=2 tower=1446'
08/29 18:36:26 [Localization System] CLocalize::FindSafe failed to localize: 'AIB[D] blocked=emergency-kill reason=no_target'
08/29 18:36:26 [Localization System] CLocalize::FindSafe failed to localize: 'AIB[D] intent=state-desire-fight family=state base=78 execute=20 dist=829 hp=46 ehp=44 reason=enemy_seen score=98'
08/29 18:36:26 [Localization System] CLocalize::FindSafe failed to localize: 'AIB[D] blocked=ability-pressure reason=nothing_castable'
08/29 18:36:26 [Localization System] CLocalize::FindSafe failed to localize: 'AIB[D] blocked=top-arbiter reason=empty_action winner=fight score=98'
08/29 18:36:26 [Localization System] CLocalize::FindSafe failed to localize: 'AIB[D] intent=hero-contact family=fight dist=756 hp=46 reason=close_enemy'
08/29 18:36:26 [Localization System] CLocalize::FindSafe failed to localize: 'AIB[D] intent=tick-owner family=other stage=desire/fight base=78 execute=20 dist=756 hp=46 ehp=44 reason=enemy_seen score=98'
08/29 18:36:26 [Localization System] CLocalize::FindSafe failed to localize: 'AIB[D] blocked=hero-contact reason=refractory since=0.17'
08/29 18:36:26 [Localization System] CLocalize::FindSafe failed to localize: 'AIB[D] intent=hero-pass family=fight dist=569 hp=47 reason=nearby_enemy'
08/29 18:36:26 [Localization System] CLocalize::FindSafe failed to localize: 'AIB[R] blocked=buy-loop reason=saving target=item_lifesteal head=item_lifesteal cost=900 gold=80 left=1'
08/29 18:36:27 [Localization System] CLocalize::FindSafe failed to localize: 'AIB[R] blocked=fight-candidate reason=no_action_capped hp=43 score=40'
08/29 18:36:27 [Localization System] CLocalize::FindSafe failed to localize: 'AIB[R] intent=state-desire-last-hit family=farm dist=42 reason=killable_creep score=140'
08/29 18:36:27 [Localization System] CLocalize::FindSafe failed to localize: 'AIB[R] intent=tick-owner family=other stage=desire/last-hit dist=42 reason=killable_creep score=140'
08/29 18:36:27 [Localization System] CLocalize::FindSafe failed to localize: 'AIB[D] intent=top-arbiter family=state winner=hero-over-creep:52 losers=fight:116,safe-cs:56,idle-heal:46,emergency-retreat:45,fwd-pullback:44'
08/29 18:36:27 [Localization System] CLocalize::FindSafe failed to localize: 'AIB[R] intent=top-arbiter family=state winner=last-hit:158 losers=recover:60,safe-cs:56,hero-over-creep:52,cs-inrange:50,idle-heal:46'
08/29 18:36:27 [Localization System] CLocalize::FindSafe failed to localize: 'AIB[R] blocked=bottle-rune reason=critical_no_stage hp=11 rune=2109 eta=48'
08/29 18:36:27 [Localization System] CLocalize::FindSafe failed to localize: 'AIB[R] intent=state-recover-safe family=state ttl=2 reason=regen_lane hp=11 dist=1163'
08/29 18:36:27 [Localization System] CLocalize::FindSafe failed to localize: 'AIB[D] intent=kill-lock family=fight dist=569 ehp=11 hp=47 exec=false atk=true mutual=false reason=killable_enemy'
08/29 18:36:27 [Localization System] CLocalize::FindSafe failed to localize: 'AIB[D] intent=recovery-yield-kill family=fight dist=581 hp=21 ehp=11 exec=false atk=true mutual=true'
08/29 18:36:27 [Localization System] CLocalize::FindSafe failed to localize: 'AIB[D] blocked=recovery-policy reason=yield_kill hp=21 gate=22 source=emergency-low'
08/29 18:36:27 [Localization System] CLocalize::FindSafe failed to localize: 'AIB[R] blocked=bottle-rune reason=stage_cooldown eta=48'
08/29 18:36:27 [Localization System] CLocalize::FindSafe failed to localize: 'AIB[D] blocked=kill-lock reason=chase_into_tower dist=638 ehp=10'
08/29 18:36:27 [Localization System] CLocalize::FindSafe failed to localize: 'AIB[D] intent=state-desire-safety family=state base=126 hp=22 creep=false hero=true reason=recent_damage score=126'
08/29 18:36:27 [Localization System] CLocalize::FindSafe failed to localize: 'AIB[D] intent=state-desire-recover family=state base=74 critical=44 hp=22 reason=hp_gate score=118'
08/29 18:36:27 [Localization System] CLocalize::FindSafe failed to localize: 'AIB[D] blocked=hero-over-creep reason=no_target'
08/29 18:36:27 [Localization System] CLocalize::FindSafe failed to localize: 'AIB[D] blocked=bottle-rune reason=critical_no_stage hp=22 rune=1889 eta=48'
08/29 18:36:27 [Localization System] CLocalize::FindSafe failed to localize: 'AIB[D] intent=state-recover-safe family=state ttl=2 reason=regen_lane hp=22 dist=2227'
08/29 18:36:27 [Localization System] CLocalize::FindSafe failed to localize: 'AIB[R] intent=recovery-yield-kill family=fight dist=716 hp=19 ehp=22 exec=false atk=true mutual=true'
08/29 18:36:27 [Localization System] CLocalize::FindSafe failed to localize: 'AIB[R] blocked=recovery-policy reason=yield_kill hp=19 gate=22 source=emergency-low'
08/29 18:36:27 [Localization System] CLocalize::FindSafe failed to localize: 'AIB[R] intent=kill-lock family=fight dist=716 ehp=22 hp=19 exec=false atk=true mutual=true reason=mutual_low_finish'
08/29 18:36:27 [Localization System] CLocalize::FindSafe failed to localize: 'AIB[D] blocked=top-arbiter reason=empty_action winner=safety score=126'
08/29 18:36:27 [Localization System] CLocalize::FindSafe failed to localize: 'AIB[D] blocked=bottle-rune reason=stage_cooldown eta=48'
08/29 18:36:28 [Localization System] CLocalize::FindSafe failed to localize: 'AIB[D] intent=tick-owner family=other stage=laning-core'
08/29 18:36:28 [Localization System] CLocalize::FindSafe failed to localize: 'AIB[R] intent=recovery-policy family=recover action=recover hp=18 gate=22 source=emergency-low'
08/29 18:36:28 [Localization System] CLocalize::FindSafe failed to localize: 'AIB[D] intent=top-arbiter family=state winner=idle-heal:46 losers=recover:118,hero-over-creep:52,emergency-retreat:45,fwd-pullback:44,emergency-kill:43.5'
08/29 18:36:28 [Server] Client (account 0) tried to execute invalid order (20). Unit is dead.
08/29 18:36:28 Building: npc_dota_badguys_fort destroyed at 553.033325.
08/29 18:36:28 S:Gamerules: entering state 'DOTA_GAMERULES_STATE_POST_GAME'
08/29 18:36:28 CombatLog allocations: 292KB
08/29 18:36:28 DamageContributionLog allocations: 10KB
08/29 18:36:28 DamageContributionLog num entries: 166
08/29 18:36:28 CDOTAGCServerSystem::MatchSignOut gathering sign out stats. Duration in minutes = 9.217222
08/29 18:36:28    Player 0 Account 0 TotalGold = 3173.000000 TotalXP = 5186.000000 nGoldPerMinute = 344 nXPPerMinute = 562
08/29 18:36:28    nevermore - 0 - Predicted Rank = 0
08/29 18:36:28    Player 0 Account 0 TotalGold = 1689.000000 TotalXP = 3367.000000 nGoldPerMinute = 183 nXPPerMinute = 365
08/29 18:36:28    nevermore - 0 - Predicted Rank = 0
08/29 18:36:28 MatchSignout: Player Pshe Voice Chat Seconds: 0
08/29 18:36:28 ServerMVP: Not calculating stats, invalid lobby type 1.
08/29 18:36:28 Match signout:  duration = 553 (553.033325) Winning team = 0
08/29 18:36:28   Match start date: Sat Aug 29 17:46:29 2026
08/29 18:36:28   Num players on teams:  Good: 1  Bad: 1
08/29 18:36:28 Team 0 Player 0 m_unAccountID = 0  Items: 36, 63, -1, -1, 41, -1, -1, -1, -1, -1, -1
08/29 18:36:28   LastHit = 39  Deny = 5  ClaimedMiss = 18  ClaimedDeny = 0  Miss = 11
08/29 18:36:28   Level: 9 Gold: 358  KDA: 2 / 0 / 0
08/29 18:36:28   Actual Player Damage: 6567 Actual Building Damage: 664 Actual Healing: 0
08/29 18:36:28   Scaled Player Damage: 9072 Scaled Building Damage: 344 Scaled Healing: 0
08/29 18:36:28   XP per min: 344  Gold per min: 562  Claimed Farm: 2714  Support Gold 0
08/29 18:36:28 Team 1 Player 0 m_unAccountID = 0  Items: 41, 16, 16, 38, 34, -1, -1, -1, -1, -1, -1
08/29 18:36:28   LastHit = 21  Deny = 1  ClaimedMiss = 15  ClaimedDeny = 1  Miss = 14
08/29 18:36:28   Level: 7 Gold: 56  KDA: 0 / 2 / 0
08/29 18:36:28   Actual Player Damage: 4092 Actual Building Damage: 4500 Actual Healing: 0
08/29 18:36:28   Scaled Player Damage: 4620 Scaled Building Damage: 1000 Scaled Healing: 0
08/29 18:36:28   XP per min: 183  Gold per min: 365  Claimed Farm: 1968  Support Gold 0
08/29 18:36:28 KILLEATER: Signing out with 0 adjustments
08/29 18:36:28 KILLEATER: Message has 0 player blocks
08/29 18:36:28 Checking to see if we should add overworld rewards to signout:
08/29 18:36:28 	Lobby Eligible For Rewards: 0
08/29 18:36:28 	Overworld Progression Enabled: 1
08/29 18:36:28 	Match Contributes to Overworld: 0
08/29 18:36:28 SIGNOUT: Job created, Protobuf:
08/29 18:36:28 The following signout message has had the gameplay_stats field removed to reduce log file size.
08/29 18:36:28 duration: 553
08/29 18:36:28 date: 1788018389
08/29 18:36:28 teams {
08/29 18:36:28   players {
08/29 18:36:28     steam_id: 0
08/29 18:36:28     hero_id: 11
08/29 18:36:28     items: 36
08/29 18:36:28     items: 63
08/29 18:36:28     items: -1
08/29 18:36:28     items: -1
08/29 18:36:28     items: 41
08/29 18:36:28     items: -1
08/29 18:36:28     items: -1
08/29 18:36:28     items: -1
08/29 18:36:28     items: -1
08/29 18:36:28     items: -1
08/29 18:36:28     items: -1
08/29 18:36:28     gold: 358
08/29 18:36:28     kills: 2
08/29 18:36:28     deaths: 0
08/29 18:36:28     assists: 0
08/29 18:36:28     leaver_status: 1
08/29 18:36:28     last_hits: 39
08/29 18:36:28     denies: 5
08/29 18:36:28     gold_per_min: 344
08/29 18:36:28     xp_per_minute: 562
08/29 18:36:28     gold_spent: 3415
08/29 18:36:28     level: 9
08/29 18:36:28     scaled_hero_damage: 9072
08/29 18:36:28     scaled_tower_damage: 344
08/29 18:36:28     scaled_hero_healing: 0
08/29 18:36:28     time_last_seen: 0
08/29 18:36:28     support_ability_value: 2475
08/29 18:36:28     party_id: 0
08/29 18:36:28     claimed_farm_gold: 2714
08/29 18:36:28     support_gold: 0
08/29 18:36:28     claimed_denies: 0
08/29 18:36:28     claimed_misses: 18
08/29 18:36:28     misses: 11
08/29 18:36:28     ability_upgrades {
08/29 18:36:28       ability: 5059
08/29 18:36:28       time: 57
08/29 18:36:28     }
08/29 18:36:28     ability_upgrades {
08/29 18:36:28       ability: 5063
08/29 18:36:28       time: 194
08/29 18:36:28     }
08/29 18:36:28     ability_upgrades {
08/29 18:36:28       ability: 5059
08/29 18:36:28       time: 248
08/29 18:36:28     }
08/29 18:36:28     ability_upgrades {
08/29 18:36:28       ability: 5063
08/29 18:36:28       time: 327
08/29 18:36:28     }
08/29 18:36:28     ability_upgrades {
08/29 18:36:28       ability: 5059
08/29 18:36:28       time: 384
08/29 18:36:28     }
08/29 18:36:28     ability_upgrades {
08/29 18:36:28       ability: 5063
08/29 18:36:28       time: 423
08/29 18:36:28     }
08/29 18:36:28     ability_upgrades {
08/29 18:36:28       ability: 5059
08/29 18:36:28       time: 520
08/29 18:36:28     }
08/29 18:36:28     ability_upgrades {
08/29 18:36:28       ability: 5063
08/29 18:36:28       time: 622
08/29 18:36:28     }
08/29 18:36:28     net_worth: 2893
08/29 18:36:28     match_player_flags: 0
08/29 18:36:28     hero_damage: 6567
08/29 18:36:28     tower_damage: 664
08/29 18:36:28     hero_healing: 0
08/29 18:36:28     hero_pick_order: 3
08/29 18:36:28     hero_was_randomed: false
08/29 18:36:28     lane: 3
08/29 18:36:28     is_using_plus_guide: false
08/29 18:36:28     hero_damage_received {
08/29 18:36:28       pre_reduction: 1200
08/29 18:36:28       post_reduction: 987
08/29 18:36:28       damage_type: HERO_DAMAGE_PHYSICAL
08/29 18:36:28     }
08/29 18:36:28     hero_damage_received {
08/29 18:36:28       pre_reduction: 4303
08/29 18:36:28       post_reduction: 3105
08/29 18:36:28       damage_type: HERO_DAMAGE_MAGICAL
08/29 18:36:28     }
08/29 18:36:28     hero_damage_received {
08/29 18:36:28       pre_reduction: 0
08/29 18:36:28       post_reduction: 0
08/29 18:36:28       damage_type: HERO_DAMAGE_PURE
08/29 18:36:28     }
08/29 18:36:28     hero_was_dota_plus_suggestion: false
08/29 18:36:28     seconds_dead: 0
08/29 18:36:28     gold_lost_to_death: 0
08/29 18:36:28     command_count: 0
08/29 18:36:28     mouse_click_cast_command_count: 0
08/29 18:36:28     teleports_used: 0
08/29 18:36:28     cavern_crawl_preferred_map_variant: 0
08/29 18:36:28     bounty_runes: 0
08/29 18:36:28     outposts_captured: 0
08/29 18:36:28     dewards: 0
08/29 18:36:28     wards_placed: 0
08/29 18:36:28     camps_stacked: 0
08/29 18:36:28     player_slot: 1
08/29 18:36:28     item_purchase_times: 57
08/29 18:36:28     item_purchase_times: 425
08/29 18:36:28     item_purchase_times: 0
08/29 18:36:28     item_purchase_times: 0
08/29 18:36:28     item_purchase_times: 327
08/29 18:36:28     item_purchase_times: 0
08/29 18:36:28     item_purchase_times: 0
08/29 18:36:28     item_purchase_times: 0
08/29 18:36:28     item_purchase_times: 0
08/29 18:36:28     item_purchase_times: 0
08/29 18:36:28     item_purchase_times: 0
08/29 18:36:28     hero_damage_dealt {
08/29 18:36:28       pre_reduction: 2301
08/29 18:36:28       post_reduction: 1858
08/29 18:36:28       damage_type: HERO_DAMAGE_PHYSICAL
08/29 18:36:28     }
08/29 18:36:28     hero_damage_dealt {
08/29 18:36:28       pre_reduction: 6623
08/29 18:36:28       post_reduction: 4709
08/29 18:36:28       damage_type: HERO_DAMAGE_MAGICAL
08/29 18:36:28     }
08/29 18:36:28     hero_damage_dealt {
08/29 18:36:28       pre_reduction: 0
08/29 18:36:28       post_reduction: 0
08/29 18:36:28       damage_type: HERO_DAMAGE_PURE
08/29 18:36:28     }
08/29 18:36:28     predicted_position: 4
08/29 18:36:28     lane_outcomes: 5
08/29 18:36:28     friendly_t1_destroyed_time: 0
08/29 18:36:28     enemy_t1_destroyed_time: 0
08/29 18:36:28     friendly_roshan_kills: 0
08/29 18:36:28     enemy_roshan_kills: 0
08/29 18:36:28     power_runes: 1
08/29 18:36:28     water_runes: 2
08/29 18:36:28     stun_duration: 0
08/29 18:36:28     team_number: DOTA_GC_TEAM_GOOD_GUYS
08/29 18:36:28     team_slot: 1
08/29 18:36:28     predicted_rank: 0
08/29 18:36:28     selected_facet: 0
08/29 18:36:28     disable_duration: 0
08/29 18:36:28     tormentor_kills: 0
08/29 18:36:28     wisdom_shrines_taken: 0
08/29 18:36:28   }
08/29 18:36:28 }
08/29 18:36:28 teams {
08/29 18:36:28   players {
08/29 18:36:28     steam_id: 0
08/29 18:36:28     hero_id: 11
08/29 18:36:28     items: 41
08/29 18:36:28     items: 16
08/29 18:36:28     items: 16
08/29 18:36:28     items: 38
08/29 18:36:28     items: 34
08/29 18:36:28     items: -1
08/29 18:36:28     items: -1
08/29 18:36:28     items: -1
08/29 18:36:28     items: -1
08/29 18:36:28     items: -1
08/29 18:36:28     items: -1
08/29 18:36:28     gold: 56
08/29 18:36:28     kills: 0
08/29 18:36:28     deaths: 2
08/29 18:36:28     assists: 0
08/29 18:36:28     leaver_status: 1
08/29 18:36:28     last_hits: 21
08/29 18:36:28     denies: 1
08/29 18:36:28     gold_per_min: 183
08/29 18:36:28     xp_per_minute: 365
08/29 18:36:28     gold_spent: 2215
08/29 18:36:28     level: 7
08/29 18:36:28     scaled_hero_damage: 4620
08/29 18:36:28     scaled_tower_damage: 1000
08/29 18:36:28     scaled_hero_healing: 0
08/29 18:36:28     time_last_seen: 0
08/29 18:36:28     support_ability_value: 2175
08/29 18:36:28     party_id: 0
08/29 18:36:28     claimed_farm_gold: 1968
08/29 18:36:28     support_gold: 0
08/29 18:36:28     claimed_denies: 1
08/29 18:36:28     claimed_misses: 15
08/29 18:36:28     misses: 14
08/29 18:36:28     ability_upgrades {
08/29 18:36:28       ability: 5059
08/29 18:36:28       time: 57
08/29 18:36:28     }
08/29 18:36:28     ability_upgrades {
08/29 18:36:28       ability: 5063
08/29 18:36:28       time: 204
08/29 18:36:28     }
08/29 18:36:28     ability_upgrades {
08/29 18:36:28       ability: 5059
08/29 18:36:28       time: 249
08/29 18:36:28     }
08/29 18:36:28     ability_upgrades {
08/29 18:36:28       ability: 5063
08/29 18:36:28       time: 322
08/29 18:36:28     }
08/29 18:36:28     ability_upgrades {
08/29 18:36:28       ability: 5059
08/29 18:36:28       time: 425
08/29 18:36:28     }
08/29 18:36:28     ability_upgrades {
08/29 18:36:28       ability: 5063
08/29 18:36:28       time: 519
08/29 18:36:28     }
08/29 18:36:28     ability_upgrades {
08/29 18:36:28       ability: 5059
08/29 18:36:28       time: 688
08/29 18:36:28     }
08/29 18:36:28     net_worth: 1251
08/29 18:36:28     match_player_flags: 0
08/29 18:36:28     hero_damage: 4092
08/29 18:36:28     tower_damage: 4500
08/29 18:36:28     hero_healing: 0
08/29 18:36:28     hero_pick_order: 4
08/29 18:36:28     hero_was_randomed: false
08/29 18:36:28     lane: 3
08/29 18:36:28     is_using_plus_guide: false
08/29 18:36:28     hero_damage_received {
08/29 18:36:28       pre_reduction: 2301
08/29 18:36:28       post_reduction: 1858
08/29 18:36:28       damage_type: HERO_DAMAGE_PHYSICAL
08/29 18:36:28     }
08/29 18:36:28     hero_damage_received {
08/29 18:36:28       pre_reduction: 6623
08/29 18:36:28       post_reduction: 4709
08/29 18:36:28       damage_type: HERO_DAMAGE_MAGICAL
08/29 18:36:28     }
08/29 18:36:28     hero_damage_received {
08/29 18:36:28       pre_reduction: 0
08/29 18:36:28       post_reduction: 0
08/29 18:36:28       damage_type: HERO_DAMAGE_PURE
08/29 18:36:28     }
08/29 18:36:28     hero_was_dota_plus_suggestion: false
08/29 18:36:28     seconds_dead: 22
08/29 18:36:28     gold_lost_to_death: 18
08/29 18:36:28     command_count: 0
08/29 18:36:28     mouse_click_cast_command_count: 0
08/29 18:36:28     teleports_used: 2
08/29 18:36:28     cavern_crawl_preferred_map_variant: 0
08/29 18:36:28     bounty_runes: 0
08/29 18:36:28     outposts_captured: 0
08/29 18:36:28     dewards: 0
08/29 18:36:28     wards_placed: 0
08/29 18:36:28     camps_stacked: 0
08/29 18:36:28     player_slot: 129
08/29 18:36:28     item_purchase_times: 535
08/29 18:36:28     item_purchase_times: 57
08/29 18:36:28     item_purchase_times: 58
08/29 18:36:28     item_purchase_times: 517
08/29 18:36:28     item_purchase_times: 657
08/29 18:36:28     item_purchase_times: 0
08/29 18:36:28     item_purchase_times: 0
08/29 18:36:28     item_purchase_times: 0
08/29 18:36:28     item_purchase_times: 0
08/29 18:36:28     item_purchase_times: 0
08/29 18:36:28     item_purchase_times: 0
08/29 18:36:28     hero_damage_dealt {
08/29 18:36:28       pre_reduction: 1200
08/29 18:36:28       post_reduction: 987
08/29 18:36:28       damage_type: HERO_DAMAGE_PHYSICAL
08/29 18:36:28     }
08/29 18:36:28     hero_damage_dealt {
08/29 18:36:28       pre_reduction: 4303
08/29 18:36:28       post_reduction: 3105
08/29 18:36:28       damage_type: HERO_DAMAGE_MAGICAL
08/29 18:36:28     }
08/29 18:36:28     hero_damage_dealt {
08/29 18:36:28       pre_reduction: 0
08/29 18:36:28       post_reduction: 0
08/29 18:36:28       damage_type: HERO_DAMAGE_PURE
08/29 18:36:28     }
08/29 18:36:28     predicted_position: 4
08/29 18:36:28     lane_outcomes: 5
08/29 18:36:28     friendly_t1_destroyed_time: 0
08/29 18:36:28     enemy_t1_destroyed_time: 0
08/29 18:36:28     friendly_roshan_kills: 0
08/29 18:36:28     enemy_roshan_kills: 0
08/29 18:36:28     power_runes: 0
08/29 18:36:28     water_runes: 0
08/29 18:36:28     stun_duration: 0
08/29 18:36:28     team_number: DOTA_GC_TEAM_BAD_GUYS
08/29 18:36:28     team_slot: 1
08/29 18:36:28     predicted_rank: 0
08/29 18:36:28     selected_facet: 0
08/29 18:36:28     disable_duration: 0
08/29 18:36:28     tormentor_kills: 0
08/29 18:36:28     wisdom_shrines_taken: 0
08/29 18:36:28   }
08/29 18:36:28 }
08/29 18:36:28 tower_status: 2047
08/29 18:36:28 tower_status: 2047
08/29 18:36:28 barracks_status: 63
08/29 18:36:28 barracks_status: 63
08/29 18:36:28 cluster: 0
08/29 18:36:28 server_addr: "46.247.137.51:27015"
08/29 18:36:28 first_blood_time: 236
08/29 18:36:28 automatic_surrender: false
08/29 18:36:28 server_version: 6918
08/29 18:36:28 additional_msgs {
08/29 18:36:28   id: 8150
08/29 18:36:28   contents: "\010\'"
08/29 18:36:28 }
08/29 18:36:28 additional_msgs {
08/29 18:36:28   id: 8150
08/29 18:36:28   contents: "\0106"
08/29 18:36:28 }
08/29 18:36:28 average_networth_delta: 811
08/29 18:36:28 match_flags: 0
08/29 18:36:28 team_scores: 2
08/29 18:36:28 team_scores: 0
08/29 18:36:28 pre_game_duration: 90
08/29 18:36:28 extra_messages {
08/29 18:36:28   msg_type: 7545
08/29 18:36:28   contents: [removed]
08/29 18:36:28 }
08/29 18:36:28 winning_team: DOTA_GC_TEAM_GOOD_GUYS
08/29 18:36:28 
08/29 18:36:28 match_id: 8972598364
08/29 18:36:28 region_id: 4294967295
08/29 18:36:28 players {
08/29 18:36:28   account_id: 138966212
08/29 18:36:28   ip: 2130706433
08/29 18:36:28   avg_ping_ms: 69
08/29 18:36:28   packet_loss: 0
08/29 18:36:28   ping_deviation: 19.9366512
08/29 18:36:28   full_resends: 0
08/29 18:36:28 }
08/29 18:36:28 cluster_id: 0
08/29 18:36:28 
08/29 18:36:28 Sending CMsgConnectedPlayers for reason GAME_STATE.  Last send was 316.1s ago, urgency is 0.0s
08/29 18:36:28 game_state: DOTA_GAMERULES_STATE_POST_GAME
first_blood_happened: true
send_reason: GAME_STATE
radiant_kills: 2
dire_kills: 0
radiant_lead: 1642
building_state: 4784201

08/29 18:36:28 [Localization System] CLocalize::FindSafe failed to localize: 'invalid index'
08/29 18:36:28 [GCClient] Send msg 7381 (k_EMsgGCGameMatchSignOutPermissionRequest), 26 bytes
08/29 18:36:28 [GCClient] Send msg 9113 (k_EMsgServerToGCWarningLowServerFramerate), 25 bytes
08/29 18:36:28 [GCClient] Send msg 7494 (k_EMsgServerToGCMatchConnectionStats), 48 bytes
08/29 18:36:28 [GCClient] Send msg 7034 (k_EMsgGCConnectedPlayers), 26 bytes
08/29 18:36:28 [Localization System] CLocalize::FindSafe failed to localize: 'invalid index'
08/29 18:36:28 [Localization System] CLocalize::FindSafe failed to localize: 'invalid index'
08/29 18:36:28 C:Gamerules: entering state 'DOTA_GAMERULES_STATE_POST_GAME'
08/29 18:36:28 [Localization System] CLocalize::FindSafe failed to localize: 'invalid index'
08/29 18:36:28 [Client] CDOTA_Hud_Main::EventGameRulesStateChanged DOTA_GAMERULES_STATE_POST_GAME
08/29 18:36:28 [Client] CDOTA_Hud_Main::CreateGameEndScreen Creating GameEnd
08/29 18:36:29 [GCClient] Recv msg 7382 (k_EMsgGCGameMatchSignOutPermissionResponse), 19 bytes
08/29 18:36:29 [GCClient] Recv msg 26 (k_ESOMsg_UpdateMultiple), 336 bytes
08/29 18:36:29 --- CSODOTALobby.game_state: DOTA_GAMERULES_STATE_GAME_IN_PROGRESS
08/29 18:36:29 +++ CSODOTALobby.game_state: DOTA_GAMERULES_STATE_POST_GAME
08/29 18:36:29 SIGNOUT: Permission granted by GC.
08/29 18:36:29 [GCClient] Send msg 7004 (k_EMsgGCGameMatchSignOut), 1046 bytes
08/29 18:36:29 [GCClient] Recv msg 26 (k_ESOMsg_UpdateMultiple), 343 bytes
08/29 18:36:29 Telling Steam it is safe to update the app
08/29 18:36:29 [Localization System] CLocalize::FindSafe failed to localize: 'invalid index'
08/29 18:36:29 [GCClient] Recv msg 25 (k_ESOMsg_CacheUnsubscribed), 21 bytes
08/29 18:36:29 [SOCache] CGCSOCacheUnsubscribedJob(owner=<Lobby:29996979552868468>)
08/29 18:36:29 [Localization System] CLocalize::FindSafe failed to localize: 'invalid index'
08/29 18:36:29 [Localization System] CLocalize::FindSafe failed to localize: 'invalid index'
08/29 18:36:29 [GCClient] Recv msg 8081 (k_EMsgGCToClientMatchSignedOut), 14 bytes
08/29 18:36:29 WriteSteamRemoteStorageFileAsync( "cfg/stats.dat" ) -> at 3198.429
08/29 18:36:29 WriteSteamRemoteStorageFileAsync( "cfg/chat.cfg" ) -> at 3198.431
08/29 18:36:29 [GCClient] Send msg 7272 (k_EMsgGCLeaveChatChannel), 13 bytes
08/29 18:36:29 CAsyncWriteInProgress::OnComplete( "cfg/chat.cfg" ) -> Success at 3198.448
08/29 18:36:29 CAsyncWriteInProgress::OnComplete( "cfg/stats.dat" ) -> Success at 3198.448
08/29 18:36:29 [GCClient] Send msg 7534 (k_EMsgClientToGCGetProfileCard), 22 bytes
08/29 18:36:29 [GCClient] Recv msg 7010 (k_EMsgGCJoinChatChannelResponse), 79 bytes
08/29 18:36:29 [GCClient] Recv msg 7005 (k_EMsgGCGameMatchSignOutResponse), 317 bytes
08/29 18:36:29 [GCClient] Recv msg 26 (k_ESOMsg_UpdateMultiple), 343 bytes
08/29 18:36:29 --- CSODOTALobby.state: RUN
08/29 18:36:29 +++ CSODOTALobby.state: POSTGAME
08/29 18:36:29 +++ CSODOTALobby.match_outcome: k_EMatchOutcome_RadVictory
08/29 18:36:29 +++ CSODOTALobby.match_duration: 553
08/29 18:36:29 SIGNOUT: Match signout message successfully sent.
08/29 18:36:29 CDOTAGCServerSystem:: Finished submitting MatchSignOutStats.  MatchID = 8972598364
08/29 18:36:29 Wrote Contribution Combat Segments: 10 segments
08/29 18:36:29 Wrote Contribution Unit Names: 1 names
08/29 18:36:29 Wrote Killing Blows: 2
08/29 18:36:29 Wrote Dispels: 0
08/29 18:36:29 CDOTAMatchPrivateMetadata size 12184
08/29 18:36:29 CDOTAMatchMetadataFile size 17288
08/29 18:36:29 [GCClient] Recv msg 7535 (k_EMsgClientToGCGetProfileCardResponse), 45 bytes
08/29 18:36:29 [GCClient] Recv msg 7014 (k_EMsgGCOtherLeftChannel), 26 bytes
08/29 18:36:30 [GCClient] Recv msg 25 (k_ESOMsg_CacheUnsubscribed), 21 bytes
08/29 18:36:30 [SOCache] CGCSOCacheUnsubscribedJob(owner=<Lobby:29996979552868468>)
08/29 18:36:30 [Server] CDOTAGCServerSystem::SOChanged: Lobby object destroyed, so clearing the lobby while game rules is still in state DOTA_GAMERULES_STATE_POST_GAME(6).
08/29 18:36:30 Lobby object destroyed, previous lobby_id=29996979552868468, match_id=8972598364
08/29 18:36:39 [SteamNetSockets] Waited 13.3ms for SteamNetworkingSockets lock [GetSessionConnectionInfo]
08/29 18:36:56 [SteamNetSockets] Waited 9.5ms for SteamNetworkingSockets lock [GetSessionConnectionInfo]
08/29 18:37:03 CDOTAHLTVDirector::FinishRecording  m_szLastReplayFilename = replays/auto-20260829-1825-start-Pshe.dem
08/29 18:37:03 [HLTV Server] Completed SourceTV demo "replays/auto-20260829-1825-start-Pshe.dem":
	Recording time 724.2,
	Size 7549454 (347 per tick).
	Animation data size 118 (0 per tick).
08/29 18:37:03 CDOTAHLTVDirector::UploadReplay m_szLastReplayFilename = replays/auto-20260829-1825-start-Pshe.dem
08/29 18:37:03 Renamed replay replays/auto-20260829-1825-start-Pshe.dem to replays/8972598364.dem
08/29 18:37:15 --- Sent CMsgGameServerInfo to GC
08/29 18:37:15 server_public_ip_addr: 787974451
server_private_ip_addr: 167773706
server_port: 27015
server_tv_port: 27020
server_key: ""
server_hibernation: false
server_type: GAME
server_region: 0
server_loadavg: 0.359359264
server_tv_broadcast_time: 737.7
server_game_time: 553.033325
relay_slots_max: 64
relays_connected: 0
relay_clients_connected: 0
tv_secret_code: 12342535051851029859
server_version: 6918
server_cluster: 0
assigned_server_tv_port: 27020
allow_custom_games: BOTH
build_version: 6918

08/29 18:37:15 ---
08/29 18:37:15 [GCClient] Send msg 4508 (k_EMsgGCGameServerInfo), 84 bytes
08/29 18:39:55 Script function 'ItemPurchaseThink' on bot npc_dota_hero_nevermore took 2.161ms
08/29 18:40:32 Script function 'ItemPurchaseThink' on bot npc_dota_hero_nevermore took 2.141ms
08/29 18:42:28 S:Gamerules: entering state 'DOTA_GAMERULES_STATE_DISCONNECT'
08/29 18:42:28 [Server] ReconnectInfo established for playerid=1
08/29 18:42:28 [Server] PR:SetConnectionState 1:[I:0:0] DOTA_CONNECTION_STATE_UNKNOWN NETWORK_DISCONNECT_SERVER_SHUTDOWN
08/29 18:42:28 Setting player Gemini (Bot) to DOTA_LEAVER_DISCONNECTED
08/29 18:42:28 [Server] PR:SetSelectedHero 1:[I:0:0] (null)(0)
08/29 18:42:28 [Server] SV:  AsyncUnloadSpawnGroup( 5 ) -- no such group
08/29 18:42:28 [Server] Cannot assign player to team 5, no space on team.
08/29 18:42:28 [Server] ReconnectInfo established for playerid=6
08/29 18:42:28 [Server] PR:SetConnectionState 6:[I:0:0] DOTA_CONNECTION_STATE_UNKNOWN NETWORK_DISCONNECT_SERVER_SHUTDOWN
08/29 18:42:28 Setting player Grok (Bot) to DOTA_LEAVER_DISCONNECTED
08/29 18:42:28 [Server] PR:SetSelectedHero 6:[I:0:0] (null)(0)
08/29 18:42:28 [Server] SV:  AsyncUnloadSpawnGroup( 6 ) -- no such group
08/29 18:42:28 [Server] Cannot assign player to team 5, no space on team.
08/29 18:42:28 Replay uploaded and dota_quit_after_game set, quitting.CLocalize::FindSafe failed to localize: 'invalid index'
08/29 18:42:28 C:Gamerules: entering state 'DOTA_GAMERULES_STATE_DISCONNECT'
08/29 18:42:28 [Client] CDOTA_Hud_Main::EventGameRulesStateChanged DOTA_GAMERULES_STATE_DISCONNECT
08/29 18:42:28 [Client] CL:  disconnect dota_quit_after_game
08/29 18:42:28 Replay uploaded and dota_quit_after_game set, quitting.CL:  disconnect dota_quit_after_game
08/29 18:42:28 Replay uploaded and dota_quit_after_game set, quitting.CLocalize::FindSafe failed to localize: 'invalid index'
08/29 18:42:28 [Client] Disconnected from server: NETWORK_DISCONNECT_DISCONNECT_BY_USER
08/29 18:42:28 [HLTV Server] SourceTV[0] shutting down (non-relay) due to server disconnecting game.
08/29 18:42:28 [HLTV Server] CHLTVServer::Shutdown
08/29 18:42:28 [Server] CNetworkGameServerBase::SetServerState (ss_active -> ss_dead)
08/29 18:42:28 [Server] SV:  Server shutting down: NETWORK_DISCONNECT_DISCONNECT_BY_USER (2)
08/29 18:42:28 [Server] CNetworkGameServerBase::SetServerState (ss_active -> ss_dead)
08/29 18:42:28 [Server] Disconnect client 'Pshe' from server: NETWORK_DISCONNECT_SHUTDOWN (Server shutdown)
08/29 18:42:28 [SignonState] Client 0 'Pshe' signon state SIGNONSTATE_FULL -> SIGNONSTATE_NONE
08/29 18:42:28 [NetSteamConn] CloseSteamNetConnection handle #3089020001 (userdata 1)
08/29 18:42:28 [NetSteamConn] Disassociating NetChan Pshe @  (unknown) from Steam Net Connection handle #3089020001 (userdata 1)
08/29 18:42:28 [Networking] Summary of connection [#3089020001 UDP steamid:76561198099231940@127.0.0.1:63651 'Pshe']:
08/29 18:42:28 [Networking]     End-to-end connection: connected
08/29 18:42:28 [Networking]         Current rates:
08/29 18:42:28 [Networking]             Sent:  30.0 pkts/sec   6.1 K/sec
08/29 18:42:28 [Networking]             Recv:  31.0 pkts/sec   4.5 K/sec
08/29 18:42:28 [Networking]             Ping:0ms    Max latency variance: 0.2ms
08/29 18:42:28 [Networking]             Quality:  100%  (Dropped:0.00%  WeirdSeq:0.00%)
08/29 18:42:28 [Networking]             Est avail bandwidth: 78.1KB/s  
08/29 18:42:28 [Networking]             Bytes buffered: 0
08/29 18:42:28 [Networking]         Lifetime stats:
08/29 18:42:28 [Networking]             Totals
08/29 18:42:28 [Networking]                 Sent:     31,945 pkts      16,722,655 bytes
08/29 18:42:28 [Networking]                 Recv:     31,921 pkts       4,727,676 bytes
08/29 18:42:28 [Networking]                 Recv w seq:     31,920 pkts
08/29 18:42:28 [Networking]                 Dropped   :          0 pkts   0.00%
08/29 18:42:28 [Networking]                 OutOfOrder:          0 pkts   0.00%
08/29 18:42:28 [Networking]                 OOOFixed  :          0 pkts   0.00%
08/29 18:42:28 [Networking]                 Duplicate :          0 pkts   0.00%
08/29 18:42:28 [Networking]                 SeqLurch  :          0 pkts   0.00%
08/29 18:42:28 [Networking]             Ping histogram: (31376 total samples)
08/29 18:42:28 [Networking]                      0-25    25-50    50-75   75-100  100-125  125-150  150-200  200-300     300+
08/29 18:42:28 [Networking]                     31376        0        0        0        0        0        0        0        0
08/29 18:42:28 [Networking]                    100.0%     0.0%     0.0%     0.0%     0.0%     0.0%     0.0%     0.0%     0.0%
08/29 18:42:28 [Networking]             Ping distribution:
08/29 18:42:28 [Networking]                 5th   50th   75th   95th   98th
08/29 18:42:28 [Networking]                 0ms    0ms    0ms    0ms    0ms
08/29 18:42:28 [Networking]             Connection quality histogram: (210 measurement intervals)
08/29 18:42:28 [Networking]                 perfect    99+  97-99  95-97  90-95  75-90  50-75    <50   dead
08/29 18:42:28 [Networking]                     210      0      0      0      0      0      0      0      0
08/29 18:42:28 [Networking]                  100.0%   0.0%   0.0%   0.0%   0.0%   0.0%   0.0%   0.0%   0.0%
08/29 18:42:28 [Networking]             Connection quality distribution:
08/29 18:42:28 [Networking]               50th  25th   5th   2nd
08/29 18:42:28 [Networking]               100%  100%  100%  100%
08/29 18:42:28 [Networking]             Latency variance histogram: (31917 total measurements)
08/29 18:42:28 [Networking]                       <1     1-2     2-5    5-10   10-20     >20
08/29 18:42:28 [Networking]                    31917       0       0       0       0       0
08/29 18:42:28 [Networking]                   100.0%    0.0%    0.0%    0.0%    0.0%    0.0%
08/29 18:42:28 [Networking]         Rate stats received from remote host 13.0s ago:
08/29 18:42:28 [Networking]             Sent:  31.1 pkts/sec   4.5 K/sec
08/29 18:42:28 [Networking]             Recv:  29.9 pkts/sec   6.1 K/sec
08/29 18:42:28 [Networking]             Ping:0ms    Max latency variance: 0.2ms
08/29 18:42:28 [Networking]             Quality:  100%  (Dropped:0.00%  WeirdSeq:0.00%)
08/29 18:42:28 [Networking]             Bytes buffered: 0
08/29 18:42:28 [Networking]         Lifetime stats received from remote host 94.0s ago:
08/29 18:42:28 [Networking]             Totals
08/29 18:42:28 [Networking]                 Sent:     29,047 pkts       4,298,752 bytes
08/29 18:42:28 [Networking]                 Recv:     29,127 pkts      16,147,456 bytes
08/29 18:42:28 [Networking]                 Recv w seq:     29,125 pkts
08/29 18:42:28 [Networking]                 Dropped   :          0 pkts   0.00%
08/29 18:42:28 [Networking]                 OutOfOrder:          0 pkts   0.00%
08/29 18:42:28 [Networking]                 OOOFixed  :          0 pkts   0.00%
08/29 18:42:28 [Networking]                 Duplicate :          0 pkts   0.00%
08/29 18:42:28 [Networking]                 SeqLurch  :          0 pkts   0.00%
08/29 18:42:28 [Networking]             Ping histogram: (28556 total samples)
08/29 18:42:28 [Networking]                      0-25    25-50    50-75   75-100  100-125  125-150  150-200  200-300     300+
08/29 18:42:28 [Networking]                     28556        0        0        0        0        0        0        0        0
08/29 18:42:28 [Networking]                    100.0%     0.0%     0.0%     0.0%     0.0%     0.0%     0.0%     0.0%     0.0%
08/29 18:42:28 [Networking]             Ping distribution:
08/29 18:42:28 [Networking]                 5th   50th   75th   95th   98th
08/29 18:42:28 [Networking]                 0ms    0ms    0ms    0ms    0ms
08/29 18:42:28 [Networking]             Connection quality histogram: (191 measurement intervals)
08/29 18:42:28 [Networking]                 perfect    99+  97-99  95-97  90-95  75-90  50-75    <50   dead
08/29 18:42:28 [Networking]                     191      0      0      0      0      0      0      0      0
08/29 18:42:28 [Networking]                  100.0%   0.0%   0.0%   0.0%   0.0%   0.0%   0.0%   0.0%   0.0%
08/29 18:42:28 [Networking]             Connection quality distribution:
08/29 18:42:28 [Networking]               50th  25th   5th   2nd
08/29 18:42:28 [Networking]               100%  100%  100%  100%
08/29 18:42:28 [Networking]             Latency variance histogram: (29121 total measurements)
08/29 18:42:28 [Networking]                       <1     1-2     2-5    5-10   10-20     >20
08/29 18:42:28 [Networking]                    29120       1       0       0       0       0
08/29 18:42:28 [Networking]                   100.0%    0.0%    0.0%    0.0%    0.0%    0.0%
08/29 18:42:28 [Networking]     
08/29 18:42:28 [SteamNetSockets] [#3089020001 UDP steamid:76561198099231940@127.0.0.1:63651 'Pshe'] closed by app, linger requested but not needed (1001) NETWORK_DISCONNECT_SHUTDOWN
08/29 18:42:28 [NetSteamConn] Removing Steam Net Connection for 127.0.0.1:63651, handle #3089020001
08/29 18:42:28 [SteamNetSockets] [#747550353 UDP steamid:90291809535578118@127.0.0.1:27015 'server'] closed by peer (1001): NETWORK_DISCONNECT_SHUTDOWN
08/29 18:42:28 CPlayerVoiceListener::PostSpawnGroupUnload()
08/29 18:42:28 [Server] SV:  AsyncUnloadSpawnGroup( 7 ) -- no such group
08/29 18:42:28 [Server] SV:  AsyncUnloadSpawnGroup( 8 ) -- no such group
08/29 18:42:28 CPlayerVoiceListener::PostSpawnGroupUnload()
08/29 18:42:28 CPlayerVoiceListener::PostSpawnGroupUnload()
08/29 18:42:28 CPlayerVoiceListener::PostSpawnGroupUnload()
08/29 18:42:28 CPlayerVoiceListener::PostSpawnGroupUnload()
08/29 18:42:28 CPlayerVoiceListener::PostSpawnGroupUnload()
08/29 18:42:28 [Server] CSteam3ServerS1::ShutdownGameServer
08/29 18:42:28 [Networking] CNetworkSystem::ShutdownGameServer
08/29 18:42:28 [Networking] Closing 'server' UDP listen socket
08/29 18:42:28 [Networking] Closing 'server' P2P listen socket
08/29 18:42:28 [Networking] Closing 'server' poll group
08/29 18:42:28 [Networking] Closing 'hltv' UDP listen socket
08/29 18:42:28 [Networking] Closing 'hltv' P2P listen socket
08/29 18:42:28 [Networking] Closing 'hltv' poll group
08/29 18:42:28 [Server] CSource2Server::GameServerSteamAPIDeactivated()
08/29 18:42:28 [Client] Disconnecting from server: NETWORK_DISCONNECT_DISCONNECT_BY_USER
08/29 18:42:28 [NetSteamConn] Closing Steam Net Connection on socket 'client' to 127.0.0.1:27015, handle #747550353 (1002 NETWORK_DISCONNECT_DISCONNECT_BY_USER)
08/29 18:42:28 [NetSteamConn] CloseSteamNetConnection handle #747550353 (userdata 0)
08/29 18:42:28 [NetSteamConn] Disassociating NetChan server @  (unknown) from Steam Net Connection handle #747550353 (userdata 0)
08/29 18:42:28 [Networking] Summary of connection [#747550353 UDP steamid:90291809535578118@127.0.0.1:27015 'server']:
08/29 18:42:28 [Networking]     End-to-end connection: closed by remote host, reason code 1001.  (NETWORK_DISCONNECT_SHUTDOWN)
08/29 18:42:28 [Networking]         Current rates:
08/29 18:42:28 [Networking]             Sent:  31.0 pkts/sec   4.5 K/sec
08/29 18:42:28 [Networking]             Recv:  30.0 pkts/sec   6.1 K/sec
08/29 18:42:28 [Networking]             Ping:0ms    Max latency variance: 0.2ms
08/29 18:42:28 [Networking]             Quality:  100%  (Dropped:0.00%  WeirdSeq:0.00%)
08/29 18:42:28 [Networking]             Est avail bandwidth: 78.1KB/s  
08/29 18:42:28 [Networking]             Bytes buffered: 0
08/29 18:42:28 [Networking]         Lifetime stats:
08/29 18:42:28 [Networking]             Totals
08/29 18:42:28 [Networking]                 Sent:     31,923 pkts       4,728,199 bytes
08/29 18:42:28 [Networking]                 Recv:     31,947 pkts      16,723,193 bytes
08/29 18:42:28 [Networking]                 Recv w seq:     31,944 pkts
08/29 18:42:28 [Networking]                 Dropped   :          0 pkts   0.00%
08/29 18:42:28 [Networking]                 OutOfOrder:          0 pkts   0.00%
08/29 18:42:28 [Networking]                 OOOFixed  :          0 pkts   0.00%
08/29 18:42:28 [Networking]                 Duplicate :          0 pkts   0.00%
08/29 18:42:28 [Networking]                 SeqLurch  :          0 pkts   0.00%
08/29 18:42:28 [Networking]             Ping histogram: (31374 total samples)
08/29 18:42:28 [Networking]                      0-25    25-50    50-75   75-100  100-125  125-150  150-200  200-300     300+
08/29 18:42:28 [Networking]                     31374        0        0        0        0        0        0        0        0
08/29 18:42:28 [Networking]                    100.0%     0.0%     0.0%     0.0%     0.0%     0.0%     0.0%     0.0%     0.0%
08/29 18:42:28 [Networking]             Ping distribution:
08/29 18:42:28 [Networking]                 5th   50th   75th   95th   98th
08/29 18:42:28 [Networking]                 0ms    0ms    0ms    0ms    0ms
08/29 18:42:28 [Networking]             Connection quality histogram: (210 measurement intervals)
08/29 18:42:28 [Networking]                 perfect    99+  97-99  95-97  90-95  75-90  50-75    <50   dead
08/29 18:42:28 [Networking]                     210      0      0      0      0      0      0      0      0
08/29 18:42:28 [Networking]                  100.0%   0.0%   0.0%   0.0%   0.0%   0.0%   0.0%   0.0%   0.0%
08/29 18:42:28 [Networking]             Connection quality distribution:
08/29 18:42:28 [Networking]               50th  25th   5th   2nd
08/29 18:42:28 [Networking]               100%  100%  100%  100%
08/29 18:42:28 [Networking]             Latency variance histogram: (31940 total measurements)
08/29 18:42:28 [Networking]                       <1     1-2     2-5    5-10   10-20     >20
08/29 18:42:28 [Networking]                    31939       1       0       0       0       0
08/29 18:42:28 [Networking]                   100.0%    0.0%    0.0%    0.0%    0.0%    0.0%
08/29 18:42:28 [Networking]         Rate stats received from remote host 12.1s ago:
08/29 18:42:28 [Networking]             Sent:  30.1 pkts/sec   6.2 K/sec
08/29 18:42:28 [Networking]             Recv:  31.1 pkts/sec   4.5 K/sec
08/29 18:42:28 [Networking]             Ping:0ms    Max latency variance: 0.2ms
08/29 18:42:28 [Networking]             Quality:  100%  (Dropped:0.00%  WeirdSeq:0.00%)
08/29 18:42:28 [Networking]             Bytes buffered: 0
08/29 18:42:28 [Networking]         Lifetime stats received from remote host 94.0s ago:
08/29 18:42:28 [Networking]             Totals
08/29 18:42:28 [Networking]                 Sent:     29,129 pkts      16,148,480 bytes
08/29 18:42:28 [Networking]                 Recv:     29,050 pkts       4,298,752 bytes
08/29 18:42:28 [Networking]                 Recv w seq:     29,049 pkts
08/29 18:42:28 [Networking]                 Dropped   :          0 pkts   0.00%
08/29 18:42:28 [Networking]                 OutOfOrder:          0 pkts   0.00%
08/29 18:42:28 [Networking]                 OOOFixed  :          0 pkts   0.00%
08/29 18:42:28 [Networking]                 Duplicate :          0 pkts   0.00%
08/29 18:42:28 [Networking]                 SeqLurch  :          0 pkts   0.00%
08/29 18:42:28 [Networking]             Ping histogram: (28562 total samples)
08/29 18:42:28 [Networking]                      0-25    25-50    50-75   75-100  100-125  125-150  150-200  200-300     300+
08/29 18:42:28 [Networking]                     28562        0        0        0        0        0        0        0        0
08/29 18:42:28 [Networking]                    100.0%     0.0%     0.0%     0.0%     0.0%     0.0%     0.0%     0.0%     0.0%
08/29 18:42:28 [Networking]             Ping distribution:
08/29 18:42:28 [Networking]                 5th   50th   75th   95th   98th
08/29 18:42:28 [Networking]                 0ms    0ms    0ms    0ms    0ms
08/29 18:42:28 [Networking]             Connection quality histogram: (191 measurement intervals)
08/29 18:42:28 [Networking]                 perfect    99+  97-99  95-97  90-95  75-90  50-75    <50   dead
08/29 18:42:28 [Networking]                     191      0      0      0      0      0      0      0      0
08/29 18:42:28 [Networking]                  100.0%   0.0%   0.0%   0.0%   0.0%   0.0%   0.0%   0.0%   0.0%
08/29 18:42:28 [Networking]             Connection quality distribution:
08/29 18:42:28 [Networking]               50th  25th   5th   2nd
08/29 18:42:28 [Networking]               100%  100%  100%  100%
08/29 18:42:28 [Networking]             Latency variance histogram: (29046 total measurements)
08/29 18:42:28 [Networking]                       <1     1-2     2-5    5-10   10-20     >20
08/29 18:42:28 [Networking]                    29046       0       0       0       0       0
08/29 18:42:28 [Networking]                   100.0%    0.0%    0.0%    0.0%    0.0%    0.0%
08/29 18:42:28 [Networking]     
08/29 18:42:28 [NetSteamConn] Removing Steam Net Connection for 127.0.0.1:27015, handle #747550353
08/29 18:42:28 [Networking] Closing 'client' poll group
08/29 18:42:28 [HostStateManager] CHostStateMgr::QueueNewRequest( Idle (levelload), 6 )
08/29 18:42:29 [HostStateManager] HostStateRequest::Start(HSR_IDLE):  loop(levelload) id(6) addons() desc(Idle (levelload))
08/29 18:42:29 [EngineServiceManager] SwitchToLoop levelload requested:  id [6] addons []
08/29 18:42:29 [Client] CL:  IGameSystem::LoopDeactivateAllSystems {
08/29 18:42:29 WriteSteamRemoteStorageFileAsync( "scripts/control_groups.txt" ) -> at 3558.029
08/29 18:42:29 WriteSteamRemoteStorageFileAsync( "scripts/item_suggest_preference.txt" ) -> at 3558.029
08/29 18:42:29 [Client] CL:  } IGameSystem::LoopDeactivateAllSystems done
08/29 18:42:29 [stringtables] Client: CNetworkStringTableContainer::RemoveAllTables:  removing 19 tables
08/29 18:42:29 [Server] SV:  IGameSystem::LoopDeactivateAllSystems {
08/29 18:42:29 [Host] HO:  IGameSystem::LoopDeactivateAllSystems {
08/29 18:42:29 [Host] HO:  } IGameSystem::LoopDeactivateAllSystems done
08/29 18:42:29 [Server] SV:  } IGameSystem::LoopDeactivateAllSystems done
08/29 18:42:29 [stringtables] SV: CNetworkStringTableContainer::RemoveAllTables:  removing 19 tables
08/29 18:42:29 [stringtables] CL: CNetworkStringTableContainer::RemoveAllTables:  removing 19 tables
08/29 18:42:29 ILocalize::AddFile() failed to load file "resource/localization/broadcastfacts_english.txt".
08/29 18:42:29 [Client] CL:  CGameRulesGameSystem::GameShutdown uninstalled game rules
08/29 18:42:29 [Client] CL:  CGameRules::CGameRules destructed
08/29 18:42:29 [Client]Skipping setup of already loaded game keyvalues. (base game)
08/29 18:42:29 WriteSteamRemoteStorageFileAsync( "voice_ban.dt" ) -> at 3558.340
08/29 18:42:29 CPlayerVoiceListener::GameShutdown()
08/29 18:42:29 [Server] SV:  CGameRulesGameSystem::GameShutdown uninstalled game rules
08/29 18:42:29 [Server] SV:  CGameRules::CGameRules destructed
08/29 18:42:29 [Server]Skipping setup of already loaded game keyvalues. (base game)
08/29 18:42:29 ChangeGameUIState: DOTA_GAME_UI_DOTA_INGAME -> DOTA_GAME_UI_STATE_LOADING_SCREEN
08/29 18:42:29 [Client] LoadingDisplay changed from NONE to LOADING (map="")
08/29 18:42:29 [HostStateManager] Host activate: Idle (levelload)
08/29 18:42:29 [Client] CL:  disconnect dota_quit_after_game
08/29 18:42:29 CAsyncWriteInProgress::OnComplete( "scripts/control_groups.txt" ) -> Success at 3558.363
08/29 18:42:29 CAsyncWriteInProgress::OnComplete( "scripts/item_suggest_preference.txt" ) -> Success at 3558.363
08/29 18:42:29 CAsyncWriteInProgress::OnComplete( "voice_ban.dt" ) -> Success at 3558.363
08/29 18:42:29 [NetSteamConn] Steam Net connection #747550353 UDP steamid:90291809535578118@127.0.0.1:27015 'server' closed by peer, reason 1001: NETWORK_DISCONNECT_SHUTDOWN
08/29 18:42:29 [NetSteamConn] CloseSteamNetConnection handle #747550353 (userdata -1)
08/29 18:42:29 [Client] CL:  CLoopModeLevelLoad::MaybeSwitchToGameLoop switching to "game" loopmode with addons ()
08/29 18:42:29 [EngineServiceManager] SwitchToLoop game requested:  id [6] addons []
08/29 18:42:29 [GCClient] Send msg 2569 (k_EMsgClientToGCEquipItems), 33 bytes
08/29 18:42:29 **** Panel MainObjectivesTitle has fill-parent-flow for width, but isn't in a flowing right layout
08/29 18:42:29 **** Panel SideObjectivesTitle has fill-parent-flow for width, but isn't in a flowing right layout
08/29 18:42:29 [ResourceSystem] Failed loading resource "panorama/images/spellicons/dota_base_ability_png.vtex_c" (ERROR_FILEOPEN: File not found)
08/29 18:42:29 [Localization System] CLocalize::FindSafe failed to localize: 'invalid index'
08/29 18:42:29 [Client] Disconnected from server: NETWORK_DISCONNECT_DISCONNECT_BY_USER
08/29 18:42:29 [HostStateManager] CHostStateMgr::QueueNewRequest( Idle (levelload), 7 )
08/29 18:42:29 [Server] CNetworkGameServerBase::SetServerState (ss_dead -> ss_waitingforgamesessionmanifest)
08/29 18:42:29 [Server] SV:  maxplayers set to 1
08/29 18:42:29 Initializing script VM...
08/29 18:42:29 ...done
08/29 18:42:29 CPlayerVoiceListener::GameInit()
08/29 18:42:29 [Server] SV:  Server shutting down: NETWORK_DISCONNECT_REQUEST_HOSTSTATE_IDLE (60)
08/29 18:42:29 [Server] CNetworkGameServerBase::SetServerState (ss_waitingforgamesessionmanifest -> ss_dead)
08/29 18:42:29 [stringtables] SV: CNetworkStringTableContainer::RemoveAllTables:  removing 19 tables
08/29 18:42:29 [stringtables] CL: CNetworkStringTableContainer::RemoveAllTables:  removing 19 tables
08/29 18:42:29 [HostStateManager] HostStateRequest::Start(HSR_IDLE):  loop(levelload) id(7) addons() desc(Idle (levelload))
08/29 18:42:29 [EngineServiceManager] SwitchToLoop levelload requested:  id [7] addons []
08/29 18:42:29 **** Panel TimeRangeSlider has fill-parent-flow for width, but isn't in a flowing right layout
08/29 18:42:29 **** Panel TimeScrubSlider has fill-parent-flow for width, but isn't in a flowing right layout
08/29 18:42:29 **** Panel SliderAndMarkers has fill-parent-flow for width, but isn't in a flowing right layout
08/29 18:42:29 **** Panel TimeScrubSlider has fill-parent-flow for width, but isn't in a flowing right layout
08/29 18:42:29 CPlayerVoiceListener::GameShutdown()
08/29 18:42:29 [Server]Skipping setup of already loaded game keyvalues. (base game)
08/29 18:42:29 ChangeGameUIState: DOTA_GAME_UI_STATE_LOADING_SCREEN -> DOTA_GAME_UI_DOTA_INGAME
08/29 18:42:29 [Client] LoadingDisplay changed from LOADING to NONE (map="")
08/29 18:42:29 ChangeGameUIState: DOTA_GAME_UI_DOTA_INGAME -> DOTA_GAME_UI_STATE_LOADING_SCREEN
08/29 18:42:30 [Client] LoadingDisplay changed from NONE to LOADING (map="")
08/29 18:42:30 [HostStateManager] Host activate: Idle (levelload)
08/29 18:42:30 [GCClient] Recv msg 26 (k_ESOMsg_UpdateMultiple), 113 bytes
08/29 18:42:30 [GCClient] Recv msg 2570 (k_EMsgClientToGCEquipItemsResponse), 26 bytes
08/29 18:42:30 [Client] CL:  CLoopModeLevelLoad::MaybeSwitchToGameLoop switching to "game" loopmode with addons ()
08/29 18:42:30 [EngineServiceManager] SwitchToLoop game requested:  id [7] addons []
08/29 18:42:30 [Server] CNetworkGameServerBase::SetServerState (ss_dead -> ss_waitingforgamesessionmanifest)
08/29 18:42:30 [Server] SV:  maxplayers set to 1
08/29 18:42:30 Initializing script VM...
08/29 18:42:30 ...done
08/29 18:42:30 CPlayerVoiceListener::GameInit()
08/29 18:42:30 [Server] SV:  Spawn Server: <empty>
08/29 18:42:30 [Server] CNetworkGameServerBase::SetServerState (ss_waitingforgamesessionmanifest -> ss_loading)
08/29 18:42:30 [Server] CNetworkGameServerBase::SetServerState (ss_loading -> ss_active)
08/29 18:42:30 [Client] CL:  CWaitForGameServerStartupPrerequisite done waiting for server
08/29 18:42:30 [Client] CL:  CCreateGameClientJob creating client connection to 'loopback'
08/29 18:42:30 [SteamNetSockets] [#1611323332 pipe] connected
08/29 18:42:30 [SteamNetSockets] [#407015443 pipe] connected
08/29 18:42:30 [Networking] Created poll group for socket 'client'
08/29 18:42:30 [Networking] Created poll group for socket 'server'
08/29 18:42:30 [Networking] Connected loopback client=600ad7c4@loopback:1 <-> server=18429013@loopback:0
08/29 18:42:30 [Client] Tick packet desired receive margin now 5.0ms.  cl_tickpacket_recvmargin_desired=5  cl_tickpacket_desired_queuelength=0.  engine_frametime_warnings_enable=1, cl_async_usercmd_send=1
08/29 18:42:30 [NetSteamConn] Associating NetChan Pshe @ loopback:0 (loopback:0) with Steam Net Connection handle #407015443 (userdata 0)
08/29 18:42:30 [NetSteamConn] Associating NetChan server @ loopback:1 (loopback:1) with Steam Net Connection handle #1611323332 (userdata 1)
08/29 18:42:30 [Client] CL:  Connected to 'loopback:1'
08/29 18:42:30 [Server] Client 0 'Pshe' setting rate to 80000
08/29 18:42:30 [Client] Game: "Dota 2"
08/29 18:42:30 [Client] Map: "<empty>"
08/29 18:42:30 [Client] Players: 1 (0 bots) / 1 humans
08/29 18:42:30 [Client] Build: 10835 (revision 10949923)
08/29 18:42:30 [Client] Server Number: 9
08/29 18:42:30 [SignonState] CL:  CNetworkGameClient::ProcessServerInfo
08/29 18:42:30 ReadSteamRemoteStorageFile( bufOut, "voice_ban.dt" ) -> 0.000690 seconds
08/29 18:42:30 [Client] CNetworkGameClient::ProcessClassInfo: create on client true
08/29 18:42:30 [Client] CNetworkGameClient::ProcessClassInfo: creating client serializers from local server serializers (crc 0, server api exists)
08/29 18:42:30 [Client] Client missing networkable entity class CPhysMagnet
08/29 18:42:30 [Client] Client missing networkable entity class CSpotlightEnd
08/29 18:42:30 [Client] CNetworkGameClientBase::LinkClasses took 103.210 msec
08/29 18:42:36 [Client] CL:  CGameClientConnectPrerequisite connection succeeded
08/29 18:42:36 ChangeGameUIState: DOTA_GAME_UI_STATE_LOADING_SCREEN -> DOTA_GAME_UI_STATE_DASHBOARD
08/29 18:42:36 [Client] LoadingDisplay changed from LOADING to NONE (map="<empty>")
08/29 18:42:36 CDOTA_DB_Page_Post_Game_Hero_Stats::PopulateHeroStatsForSlot No player data
08/29 18:42:36 CDOTA_DB_Page_Post_Game_Hero_Stats::PopulateHeroStatsForSlot No player data
08/29 18:42:36 [Server] SV:  IGameSystem::LoopActivateAllSystems {
08/29 18:42:36 [Host] HO:  IGameSystem::LoopActivateAllSystems {
08/29 18:42:36 [Host] HO:  } IGameSystem::LoopActivateAllSystems done
08/29 18:42:36 [Server] SV:  } IGameSystem::LoopActivateAllSystems done
08/29 18:42:36 [Server] SV:  Game started
08/29 18:42:36 [Client] CL:  IGameSystem::LoopActivateAllSystems {
08/29 18:42:36 ReadSteamRemoteStorageFile( bufOut, "scripts/control_groups.txt" ) -> 0.000635 seconds
08/29 18:42:36 ReadSteamRemoteStorageFile( bufOut, "scripts/item_suggest_preference.txt" ) -> 0.000487 seconds
08/29 18:42:36 [Client] CL:  } IGameSystem::LoopActivateAllSystems done
08/29 18:42:36 [SignonState] CL:  CNetworkGameClient::OnSwitchLoopModeFinished( game : success )
08/29 18:42:36 [GCClient] Send msg 7197 (k_EMsgGCMatchmakingStatsRequest), 8 bytes
08/29 18:42:36 Job CDOTALeagueShared::Reload has spent >3.000ms without yielding: 3.451ms
08/29 18:42:36 [Server] SV:  Sending full update to client Pshe (reason:  initial update)
08/29 18:42:36 [Client] CNetworkGameClientBase::OnReceivedUncompressedPacket(), received full update
08/29 18:42:36 [Prediction] Resetting prediction state because we received a full update
08/29 18:42:36 [Client] Receiving 0.0K non-incremental update from server
08/29 18:42:36 [Networking] server @ loopback:1:  NetChan Setting Timeout to 30.00 seconds
08/29 18:42:36 [Client] CL:  Signon traffic "server":  incoming 21.763 KB [213 netframes], outgoing 3.186 KB [212 netframes]
08/29 18:42:36 [GCClient] Send msg 8800 (k_EMsgClientToGCGetAvailablePrivateCoachingSessionsSummary), 17 bytes
08/29 18:42:36 [GCClient] Send msg 9107 (k_EMsgClientToGCGetEventRanking), 24 bytes
08/29 18:42:36 [GCClient] Send msg 8673 (k_EMsgClientToGCRequestGuildData), 19 bytes
08/29 18:42:36 [Networking] Pshe @ loopback:0:  NetChan Setting Timeout to 20.00 seconds
08/29 18:42:36 [GCClient] Send msg 8034 (k_EMsgClientToGCGetProfileCardStats), 17 bytes
08/29 18:42:36 [GCClient] Recv msg 8674 (k_EMsgClientToGCRequestGuildDataResponse), 19 bytes
08/29 18:42:36 [GCClient] Recv msg 8035 (k_EMsgClientToGCGetProfileCardStatsResponse), 69 bytes
08/29 18:42:36 [GCClient] Recv msg 8801 (k_EMsgClientToGCGetAvailablePrivateCoachingSessionsSummaryResponse), 23 bytes
08/29 18:42:36 [GCClient] Recv msg 9108 (k_EMsgClientToGCGetEventRankingResponse), 38 bytes
08/29 18:42:36 Encountered unrecognized client entity in portrait map - env_deferred_spot_light
08/29 18:42:37 [ResourceSystem] WARNING: RESOURCE_TYPE_MATERIAL resource 'materials/stickers/season_13/players/materials/sticker_13_218231587_3_cmat.vmat' (0D54005D2A5ADC1C) requested but is not in the system. (Missing from from a manifest?)
08/29 18:42:37 [ResourceSystem] WARNING: RESOURCE_TYPE_MATERIAL resource 'materials/stickers/season_13/players/materials/sticker_13_847565596_2_cmat.vmat' (41B1C45E6D12495C) requested but is not in the system. (Missing from from a manifest?)
08/29 18:42:37 [ResourceSystem] WARNING: RESOURCE_TYPE_MATERIAL resource 'materials/stickers/season_13/players/materials/sticker_13_302214028_1_cmat.vmat' (19F7213469274F4E) requested but is not in the system. (Missing from from a manifest?)
08/29 18:42:37 [ResourceSystem] WARNING: RESOURCE_TYPE_MATERIAL resource 'materials/stickers/season_13/players/materials/sticker_13_106305042_0_cmat.vmat' (F6EED31B266215DD) requested but is not in the system. (Missing from from a manifest?)
08/29 18:42:37 [ResourceSystem] Failed loading resource "panorama/images/items/dota_base_ability_png.vtex_c" (ERROR_FILEOPEN: File not found)
08/29 18:42:37 [GCClient] Recv msg 7198 (k_EMsgGCMatchmakingStatsResponse), 312 bytes
08/29 18:43:12 [GCClient] Send msg 4523 (k_EMsgClientToGCAggregateMetrics), 31 bytes
08/29 18:43:37 [GCClient] Send msg 7197 (k_EMsgGCMatchmakingStatsRequest), 8 bytes
08/29 18:43:38 [GCClient] Recv msg 7198 (k_EMsgGCMatchmakingStatsResponse), 311 bytes
08/29 18:43:39 [SteamNetSockets] Certificate expires in 46h59m at 1788191003 (current time 1788021820), will renew in 44h59m
08/29 18:44:38 [GCClient] Send msg 7197 (k_EMsgGCMatchmakingStatsRequest), 8 bytes
08/29 18:44:38 [GCClient] Recv msg 7198 (k_EMsgGCMatchmakingStatsResponse), 312 bytes
08/29 18:45:39 [GCClient] Send msg 7197 (k_EMsgGCMatchmakingStatsRequest), 8 bytes
08/29 18:45:40 [GCClient] Recv msg 7198 (k_EMsgGCMatchmakingStatsResponse), 312 bytes
08/29 18:46:40 [GCClient] Send msg 7197 (k_EMsgGCMatchmakingStatsRequest), 8 bytes
08/29 18:46:40 [GCClient] Recv msg 7198 (k_EMsgGCMatchmakingStatsResponse), 312 bytes
08/29 18:47:36 [GCClient] Send msg 9107 (k_EMsgClientToGCGetEventRanking), 24 bytes
08/29 18:47:36 [GCClient] Recv msg 9108 (k_EMsgClientToGCGetEventRankingResponse), 38 bytes
08/29 18:47:41 [GCClient] Send msg 7197 (k_EMsgGCMatchmakingStatsRequest), 8 bytes
08/29 18:47:42 [GCClient] Recv msg 7198 (k_EMsgGCMatchmakingStatsResponse), 312 bytes
08/29 18:48:42 [GCClient] Send msg 7197 (k_EMsgGCMatchmakingStatsRequest), 8 bytes
08/29 18:48:42 [GCClient] Recv msg 7198 (k_EMsgGCMatchmakingStatsResponse), 312 bytes
08/29 18:49:43 [GCClient] Send msg 7197 (k_EMsgGCMatchmakingStatsRequest), 8 bytes
08/29 18:49:43 [GCClient] Recv msg 7198 (k_EMsgGCMatchmakingStatsResponse), 310 bytes
08/29 18:49:53 [ResourceSystem] Failed loading resource "panorama/images/players/0_png.vtex_c" (ERROR_FILEOPEN: File not found)
08/29 18:49:55 [HostStateManager] CHostStateMgr::QueueNewRequest( Quitting, 8 )
08/29 18:49:55 [HostStateManager] HostStateRequest::Start(HSR_QUIT)
08/29 18:49:55 [Client] Disconnecting from server: NETWORK_DISCONNECT_EXITING
08/29 18:49:55 [NetSteamConn] Closing Steam Net Connection on socket 'client' to loopback:1, handle #1611323332 (1059 NETWORK_DISCONNECT_EXITING)
08/29 18:49:55 [NetSteamConn] CloseSteamNetConnection handle #1611323332 (userdata 1)
08/29 18:49:55 [NetSteamConn] Disassociating NetChan server @  (unknown) from Steam Net Connection handle #1611323332 (userdata 1)
08/29 18:49:55 [SteamNetSockets] [#1611323332 pipe 'server'] closed by app, linger requested but not needed (1059) NETWORK_DISCONNECT_EXITING
08/29 18:49:55 [SteamNetSockets] [#407015443 pipe 'Pshe'] closed by peer (1059): NETWORK_DISCONNECT_EXITING
08/29 18:49:55 [NetSteamConn] Removing Steam Net Connection for loopback:1, handle #1611323332
08/29 18:49:55 [Networking] Closing 'client' poll group
08/29 18:49:55 [Server] SV:  Server shutting down: NETWORK_DISCONNECT_EXITING (59)
08/29 18:49:55 [Server] CNetworkGameServerBase::SetServerState (ss_active -> ss_dead)
08/29 18:49:55 [Server] Disconnect client 'Pshe' from server: NETWORK_DISCONNECT_SHUTDOWN (Server shutdown)
08/29 18:49:55 [SignonState] Client 0 'Pshe' signon state SIGNONSTATE_FULL -> SIGNONSTATE_NONE
08/29 18:49:55 [NetSteamConn] Closing Steam Net Connection on socket 'server' to loopback:0, handle #407015443 (1001 NETWORK_DISCONNECT_SHUTDOWN)
08/29 18:49:55 [NetSteamConn] CloseSteamNetConnection handle #407015443 (userdata 0)
08/29 18:49:55 [NetSteamConn] Disassociating NetChan Pshe @  (unknown) from Steam Net Connection handle #407015443 (userdata 0)
08/29 18:49:55 [NetSteamConn] Removing Steam Net Connection for loopback:0, handle #407015443
08/29 18:49:55 CPlayerVoiceListener::PostSpawnGroupUnload()
08/29 18:49:55 [Networking] Closing 'server' poll group
08/29 18:49:55 [Client] CL:  IGameSystem::LoopDeactivateAllSystems {
08/29 18:49:55 WriteSteamRemoteStorageFileAsync( "scripts/control_groups.txt" ) -> at 4004.139
08/29 18:49:55 WriteSteamRemoteStorageFileAsync( "scripts/item_suggest_preference.txt" ) -> at 4004.140
08/29 18:49:55 [Client] CL:  } IGameSystem::LoopDeactivateAllSystems done
08/29 18:49:55 [stringtables] CL: CNetworkStringTableContainer::RemoveAllTables:  removing 19 tables
08/29 18:49:55 [Server] SV:  IGameSystem::LoopDeactivateAllSystems {
08/29 18:49:55 [Host] HO:  IGameSystem::LoopDeactivateAllSystems {
08/29 18:49:55 [Host] HO:  } IGameSystem::LoopDeactivateAllSystems done
08/29 18:49:55 [Server] SV:  } IGameSystem::LoopDeactivateAllSystems done
08/29 18:49:55 [stringtables] SV: CNetworkStringTableContainer::RemoveAllTables:  removing 19 tables
08/29 18:49:55 [Client]Skipping setup of already loaded game keyvalues. (base game)
08/29 18:49:55 WriteSteamRemoteStorageFileAsync( "voice_ban.dt" ) -> at 4004.160
08/29 18:49:55 CPlayerVoiceListener::GameShutdown()
08/29 18:49:55 [Server]Skipping setup of already loaded game keyvalues. (base game)
08/29 18:49:55 [HostStateManager] Host activate: Quitting
08/29 18:49:55 Dispatching EventAppShutdown_t {
08/29 18:49:55 [SplitScreen] Saved 'user_keys.vcfg' to SteamRemoteStorage, 127 bytes OK
08/29 18:49:55 [SplitScreen] Saved user config file 'cfg/user_keys_0_slot0.vcfg': type 1
08/29 18:49:55 [SplitScreen] Saved user config file 'cfg/user_keys_0_slot0.vcfg_lastclouded': type 3
08/29 18:49:55 [SplitScreen] Saved 'user_convars.vcfg' to SteamRemoteStorage, 12170 bytes OK
08/29 18:49:55 [SplitScreen] Saved user config file 'cfg/user_convars_0_slot0.vcfg': type 1
08/29 18:49:55 [SplitScreen] Saved user config file 'cfg/user_convars_0_slot0.vcfg_lastclouded': type 3
08/29 18:49:55 [SplitScreen] Saved 'user_keys.vcfg' to SteamRemoteStorage, 127 bytes OK
08/29 18:49:55 [SplitScreen] Saved user config file 'cfg/user_keys_0_slot0.vcfg': type 1
08/29 18:49:55 [SplitScreen] Saved user config file 'cfg/user_keys_0_slot0.vcfg_lastclouded': type 3
08/29 18:49:55 [SplitScreen] Saved user config file 'cfg/user_keys_0_slot1.vcfg': type 1
08/29 18:49:55 [SplitScreen] Saved user config file 'cfg/user_keys_0_slot2.vcfg': type 1
08/29 18:49:55 [SplitScreen] Saved user config file 'cfg/user_keys_0_slot3.vcfg': type 1
08/29 18:49:55 } Dispatched EventAppShutdown_t
08/29 18:49:55 MainLoop returning
08/29 18:49:55 [Server] CSharedEdictChangeInfo high water mark 996
08/29 18:49:55 Source2Shutdown
08/29 18:49:55 ShutdownSource2Logging
