08/31 17:19:08 +++ CSODOTALobby.lobby_id: 29996982674642252
08/31 17:19:08 +++ CSODOTALobby.all_members[0]: id: 76561198099231940
08/31 17:19:08 +++ CSODOTALobby.all_members[0]: team: DOTA_GC_TEAM_PLAYER_POOL
08/31 17:19:08 +++ CSODOTALobby.all_members[0]: slot: 0
08/31 17:19:08 +++ CSODOTALobby.all_members[0]: leaver_status: DOTA_LEAVER_DISCONNECTED
08/31 17:19:08 +++ CSODOTALobby.member_indices[0]: 0
08/31 17:19:08 +++ CSODOTALobby.leader_id: 76561198099231940
08/31 17:19:08 +++ CSODOTALobby.server_id: 90291914634076173
08/31 17:19:08 +++ CSODOTALobby.game_mode: 21
08/31 17:19:08 +++ CSODOTALobby.state: SERVERSETUP
08/31 17:19:08 +++ CSODOTALobby.lobby_type: PRACTICE
08/31 17:19:08 +++ CSODOTALobby.allow_cheats: true
08/31 17:19:08 +++ CSODOTALobby.fill_with_bots: true
08/31 17:19:08 +++ CSODOTALobby.game_name: "228"
08/31 17:19:08 +++ CSODOTALobby.team_details[0]: team_complete: false
08/31 17:19:08 +++ CSODOTALobby.team_details[1]: team_complete: false
08/31 17:19:08 +++ CSODOTALobby.server_region: 0
08/31 17:19:08 +++ CSODOTALobby.cm_pick: DOTA_CM_RANDOM
08/31 17:19:08 +++ CSODOTALobby.match_id: 8976219545
08/31 17:19:08 +++ CSODOTALobby.allow_spectating: false
08/31 17:19:08 +++ CSODOTALobby.bot_difficulty_radiant: BOT_DIFFICULTY_HARD
08/31 17:19:08 +++ CSODOTALobby.leagueid: 0
08/31 17:19:08 +++ CSODOTALobby.penalty_level_radiant: 0
08/31 17:19:08 +++ CSODOTALobby.penalty_level_dire: 0
08/31 17:19:08 +++ CSODOTALobby.series_type: 0
08/31 17:19:08 +++ CSODOTALobby.radiant_series_wins: 0
08/31 17:19:08 +++ CSODOTALobby.dire_series_wins: 0
08/31 17:19:08 +++ CSODOTALobby.allchat: false
08/31 17:19:08 +++ CSODOTALobby.dota_tv_delay: LobbyDotaTV_10
08/31 17:19:08 +++ CSODOTALobby.lan: true
08/31 17:19:08 +++ CSODOTALobby.extra_messages[0]: id: 8821
08/31 17:19:08 +++ CSODOTALobby.extra_messages[0]: contents: "\010\000"
08/31 17:19:08 +++ CSODOTALobby.visibility: DOTALobbyVisibility_Unlisted
08/31 17:19:08 +++ CSODOTALobby.previous_match_override: 0
08/31 17:19:08 +++ CSODOTALobby.game_start_time: 1788189547
08/31 17:19:08 +++ CSODOTALobby.pause_setting: LobbyDotaPauseSetting_Unlimited
08/31 17:19:08 +++ CSODOTALobby.bot_difficulty_dire: BOT_DIFFICULTY_HARD
08/31 17:19:08 +++ CSODOTALobby.bot_radiant: 1
08/31 17:19:08 +++ CSODOTALobby.bot_dire: 1
08/31 17:19:08 +++ CSODOTALobby.selection_priority_rules: k_DOTASelectionPriorityRules_Manual
08/31 17:19:08 +++ CSODOTALobby.current_primary_event: EVENT_ID_DARK_CARNIVAL
08/31 17:19:08 +++ CSODOTALobby.current_primary_event_for_display: EVENT_ID_DARK_CARNIVAL
08/31 17:19:08 +++ CSODOTALobby.league_node_id: 0
08/31 17:19:08 +++ CSODOTALobby.league_phase: 0
08/31 17:19:08 +++ CSODOTALobby.with_scenario_save: false
08/31 17:19:08 +++ CSODOTALobby.lobby_creation_time: 1788189537
08/31 17:19:08 +++ CSODOTAStaticLobby.all_members[0]: name: "Pshe"
08/31 17:19:08 +++ CSODOTAStaticLobby.is_player_draft: false
08/31 17:19:08 +++ CSODOTAServerLobby.all_members[0]: 
08/31 17:19:08 +++ CSODOTAServerStaticLobby.all_members[0]: steam_id: 76561198099231940
08/31 17:19:08 +++ CSODOTAServerStaticLobby.all_members[0]: was_mvp_last_game: false
08/31 17:19:08 +++ CSODOTAServerStaticLobby.all_members[0]: is_plus_subscriber: false
08/31 17:19:08 +++ CSODOTAServerStaticLobby.all_members[0]: favorite_team_packed: 0
08/31 17:19:08 +++ CSODOTAServerStaticLobby.all_members[0]: is_steam_china: false
08/31 17:19:08 +++ CSODOTAServerStaticLobby.all_members[0]: banned_hero_ids: 0
08/31 17:19:08 +++ CSODOTAServerStaticLobby.all_members[0]: banned_hero_ids: 0
08/31 17:19:08 +++ CSODOTAServerStaticLobby.all_members[0]: banned_hero_ids: 0
08/31 17:19:08 +++ CSODOTAServerStaticLobby.all_members[0]: banned_hero_ids: 0
08/31 17:19:08 +++ CSODOTAServerStaticLobby.post_patch_strategy_time_buffer: 0
08/31 17:19:08 [GCClient] Recv msg 26 (k_ESOMsg_UpdateMultiple), 299 bytes
08/31 17:19:08 +++ CSODOTALobby.first_blood_happened: false
08/31 17:19:08 [Server] CDOTA_PlayerResource::FlushPlayerResourceRequests::<lambda_1>::operator (): results {
  account_id: 138966212
  low_priority: false
  is_new_player: false
  is_guide_player: false
  comm_level: 7
  behavior_level: 4
}

08/31 17:19:08 CGCJobRequestBatchPlayerResourcesResponse: Received 1 account resources.
08/31 17:19:08 [Server] CGCJobRequestBatchPlayerResourcesResponse: Received 1 account resources.
08/31 17:19:08 [Server] PR:SetCommLevel 10:[U:1:138966212] Comms Level 7
08/31 17:19:08 [Server] PR:SetBehaviorLevel 10:[U:1:138966212] Behavior Level 4
08/31 17:19:08 [Server] CDOTA_PlayerResource: Initializing from lobby (secondary), player SteamID 76561198099231940 gcteam 4 slot 0 preferred PlayerID 10
08/31 17:19:08 [Server] ActivateServerFromLobby - IsLan: YES, IsDedicatedServer: NO
08/31 17:19:08 [Server] PR:SetPlayerName 10:[U:1:138966212] "Pshe"
08/31 17:19:08 [Server] PlayerID 10 [U:1:138966212] team 1 input slot -1
08/31 17:19:08 [Server] PlayerID 10 [U:1:138966212] assigned to team 1 on slot -1
08/31 17:19:08 [Server] PR:SetPlusSubscriptionStatus 10:[U:1:138966212] IsPlusSubscriber:No
08/31 17:19:08 [Server] PR:SetWasMVPLastGame 10:[U:1:138966212] WasMVPLastGame:No
08/31 17:19:08 [Server] PR:SetFavoriteTeamPacked 10:[U:1:138966212] unFavTeamPacked:0
08/31 17:19:08 SetLiveSpectatorDetails -1 1
08/31 17:19:08 S:Gamerules: entering state 'DOTA_GAMERULES_STATE_INIT'
08/31 17:19:08 [GCClient] Send msg 4506 (k_EMsgGCServerAvailable), 8 bytes
08/31 17:19:08 Server:  Running [10.0.6.10:27015]
08/31 17:19:08 Client:  Connected [127.0.0.1:27015] [last packet 0.027 sec ago]
08/31 17:19:08 [EngineServiceManager] ----- Status -----
08/31 17:19:08 [EngineServiceManager] @ Current  :  game
08/31 17:19:08 [HLTV Server] --- SourceTV[0] Status ---
08/31 17:19:08 [HLTV Server] Online 00:00, FPS 4.1, Version 10835 (Windows)
08/31 17:19:08 [HLTV Server] Master "SourceTV", delay 120, frames 1 / ticks 1
08/31 17:19:08 [HLTV Server] Game Time 00:10, Mod "dota", Map "start"
08/31 17:19:08 [HLTV Server] Local IP 10.0.6.10:27020, KB/sec In 0.0, Out 0.0
08/31 17:19:08 [HLTV Server] Local Slots 64, Spectators 0, Proxies 0
08/31 17:19:08 [HLTV Server] Total Slots 64, Spectators 0, Proxies 0
08/31 17:19:08 [HLTV Server] # userid name uniqueid connected ping loss state rate adr
08/31 17:19:08 [HLTV Server] #end
08/31 17:19:08 [Localization System] CLocalize::FindSafe failed to localize: 'invalid index'
08/31 17:19:08 [Client] source   : slot 0
08/31 17:19:08 [Client] version  : 48/48 10835 insecure  public
08/31 17:19:08 [Client] steamid  : [A:1:2581241869:51204] (90291914634076173)
08/31 17:19:08 [Client] players  : 1 humans, 1 bots (0 max) (not hibernating) (unreserved)
08/31 17:19:08 [Client] ---------spawngroups----
08/31 17:19:08 [Client] loaded spawngroup(  1)  : SV:  [1: start | main lump | mapload]
08/31 17:19:08 [Client] ---------players--------
08/31 17:19:08 [Client]   id     time ping loss      state   rate name
08/31 17:19:08 [Client]    0    00:03    0    0     active  80000 'Pshe'
08/31 17:19:08 [Client]    1      BOT    0    0     active      0 'SourceTV'
08/31 17:19:08 [Client] Lobby MatchID: 8976219545
08/31 17:19:08 [Client]       ID: 006a9218c8a7d54c
08/31 17:19:08 [Client]       Type: PRACTICE
08/31 17:19:08 [Client]       State: SERVERSETUP
08/31 17:19:08 [Client]       GameMode: DOTA_GAMEMODE_1V1MID
08/31 17:19:08 [Client] GameState: DOTA_GAMERULES_STATE_INIT Times: Transition=0.00 Current=10.57
08/31 17:19:08 [Client] #end
08/31 17:19:08 [WorldRenderer] CWorldRendererMgr::ServiceWorldRequests long frame: 58.614680ms
08/31 17:19:08 [WorldRenderer] CWorldRendererMgr::ServiceWorldRequests long frame: 49.652487ms
08/31 17:19:08 [GCClient] Recv msg 26 (k_ESOMsg_UpdateMultiple), 334 bytes
08/31 17:19:08 WriteSteamRemoteStorageFileAsync( "scripts/dota_local_disk_lobby_data.txt" ) -> at 353.163
08/31 17:19:08 Telling Steam not to update the app for the next 900 seconds
08/31 17:19:08 [Localization System] CLocalize::FindSafe failed to localize: 'invalid index'
08/31 17:19:08 [GCClient] Recv msg 26 (k_ESOMsg_UpdateMultiple), 334 bytes
08/31 17:19:08 --- CSODOTALobby.all_members[0]: leaver_status: DOTA_LEAVER_DISCONNECTED
08/31 17:19:08 --- CSODOTALobby.state: SERVERSETUP
08/31 17:19:08 +++ CSODOTALobby.state: RUN
08/31 17:19:08 +++ CSODOTALobby.connect: "46.247.136.122:27015 10.0.6.10:27015"
08/31 17:19:08 S:Gamerules: entering state 'DOTA_GAMERULES_STATE_WAIT_FOR_PLAYERS_TO_LOAD'
08/31 17:19:08 CDOTAGameRules::State_Enter_WAIT_FOR_PLAYERS_TO_LOAD: Loaded/expected players: 0/1
08/31 17:19:08 --- Sent CMsgGameServerInfo to GC
08/31 17:19:08 server_public_ip_addr: 787974266
server_private_ip_addr: 167773706
server_port: 27015
server_tv_port: 27020
server_key: ""
server_hibernation: false
server_type: GAME
server_region: 0
server_loadavg: 0.339990586
server_tv_broadcast_time: 0.866666734
server_game_time: -45
relay_slots_max: 64
relays_connected: 0
relay_clients_connected: 0
tv_secret_code: 15476091684296533538
server_version: 6918
server_cluster: 0
assigned_server_tv_port: 27020
allow_custom_games: BOTH
build_version: 6918

08/31 17:19:08 ---
08/31 17:19:08 Sending CMsgConnectedPlayers for reason GAME_STATE.  Last send was 1.3s ago, urgency is 0.0s
08/31 17:19:08 game_state: DOTA_GAMERULES_STATE_WAIT_FOR_PLAYERS_TO_LOAD
first_blood_happened: false
send_reason: GAME_STATE
radiant_kills: 0
dire_kills: 0
radiant_lead: 0
building_state: 19138340

08/31 17:19:08 CDOTAGameRules::State_Think_WAIT_FOR_PLAYERS_TO_LOAD: Loaded/expected players: 0/1. m_waitingForPlayersState: 0
08/31 17:19:08 CDOTAGameRules::WaitForPlayersSuccess: Loaded/expected players: 1/1
08/31 17:19:08 S:Gamerules: WAIT_FOR_PLAYERS_TO_LOAD entering substate EWFPS_Success
08/31 17:19:08 CAsyncWriteInProgress::OnComplete( "scripts/dota_local_disk_lobby_data.txt" ) -> Success at 353.181
08/31 17:19:08 [GCClient] Send msg 4508 (k_EMsgGCGameServerInfo), 84 bytes
08/31 17:19:08 [GCClient] Send msg 7034 (k_EMsgGCConnectedPlayers), 25 bytes
08/31 17:19:08 CDOTAGameRules::State_Think_WAIT_FOR_PLAYERS_TO_LOAD: Loaded/expected players: 1/1. m_waitingForPlayersState: 1
08/31 17:19:08 [Localization System] CLocalize::FindSafe failed to localize: 'invalid index'
08/31 17:19:08 C:Gamerules: entering state 'DOTA_GAMERULES_STATE_WAIT_FOR_PLAYERS_TO_LOAD'
08/31 17:19:08 C_DOTAGamerules::State_Enter_WAIT_FOR_PLAYERS_TO_LOAD: Loaded/expected players: 1/1
08/31 17:19:08 [Client] LoadingDisplay changed from LOADING to WAITING_FOR_PLAYERS (map="start")
08/31 17:19:08 [Client] CDOTA_Hud_Main::EventGameRulesStateChanged DOTA_GAMERULES_STATE_WAIT_FOR_PLAYERS_TO_LOAD
08/31 17:19:08 [Client] PregameHud - eGameState is now DOTA_GAMERULES_STATE_WAIT_FOR_PLAYERS_TO_LOAD
08/31 17:19:08 [Client] PregameHud - SetPreGameVisible 1
08/31 17:19:08 Job EconItemSearch has spent >3.000ms without yielding: 10.004ms
08/31 17:19:08 CDOTAGameRules::State_Think_WAIT_FOR_PLAYERS_TO_LOAD: Loaded/expected players: 1/1. m_waitingForPlayersState: 1
08/31 17:19:08 CDOTAGameRules::State_Think_WAIT_FOR_PLAYERS_TO_LOAD: Loaded/expected players: 1/1. m_waitingForPlayersState: 1
08/31 17:19:08 CDOTAGameRules::State_Think_WAIT_FOR_PLAYERS_TO_LOAD: Loaded/expected players: 1/1. m_waitingForPlayersState: 1
08/31 17:19:08 CDOTAGameRules::State_Think_WAIT_FOR_PLAYERS_TO_LOAD: Loaded/expected players: 1/1. m_waitingForPlayersState: 1
08/31 17:19:08 CDOTAGameRules::State_Think_WAIT_FOR_PLAYERS_TO_LOAD: Loaded/expected players: 1/1. m_waitingForPlayersState: 1
08/31 17:19:09 CDOTAGameRules::State_Think_WAIT_FOR_PLAYERS_TO_LOAD: Loaded/expected players: 1/1. m_waitingForPlayersState: 1
08/31 17:19:09 [GCClient] Recv msg 26 (k_ESOMsg_UpdateMultiple), 337 bytes
08/31 17:19:09 +++ CSODOTALobby.game_state: DOTA_GAMERULES_STATE_WAIT_FOR_PLAYERS_TO_LOAD
08/31 17:19:09 CDOTAGameRules::State_Think_WAIT_FOR_PLAYERS_TO_LOAD: Loaded/expected players: 1/1. m_waitingForPlayersState: 1
08/31 17:19:09 CDOTAGameRules::State_Think_WAIT_FOR_PLAYERS_TO_LOAD: Loaded/expected players: 1/1. m_waitingForPlayersState: 1
08/31 17:19:09 CDOTAGameRules::State_Think_WAIT_FOR_PLAYERS_TO_LOAD: Loaded/expected players: 1/1. m_waitingForPlayersState: 1
08/31 17:19:09 CDOTAGameRules::State_Think_WAIT_FOR_PLAYERS_TO_LOAD: Loaded/expected players: 1/1. m_waitingForPlayersState: 1
08/31 17:19:09 CDOTAGameRules::State_Think_WAIT_FOR_PLAYERS_TO_LOAD: Loaded/expected players: 1/1. m_waitingForPlayersState: 1
08/31 17:19:09 CDOTAGameRules::State_Think_WAIT_FOR_PLAYERS_TO_LOAD: Loaded/expected players: 1/1. m_waitingForPlayersState: 1
08/31 17:19:09 CDOTAGameRules::State_Think_WAIT_FOR_PLAYERS_TO_LOAD: Loaded/expected players: 1/1. m_waitingForPlayersState: 1
08/31 17:19:09 CDOTAGameRules::State_Think_WAIT_FOR_PLAYERS_TO_LOAD: Loaded/expected players: 1/1. m_waitingForPlayersState: 1
08/31 17:19:09 [WorldRenderer] CWorldRendererMgr::ServiceWorldRequests long frame: 59.473362ms
08/31 17:19:09 CDOTAGameRules::State_Think_WAIT_FOR_PLAYERS_TO_LOAD: Loaded/expected players: 1/1. m_waitingForPlayersState: 1
08/31 17:19:09 CDOTAGameRules::State_Think_WAIT_FOR_PLAYERS_TO_LOAD: Loaded/expected players: 1/1. m_waitingForPlayersState: 1
08/31 17:19:09 [WorldRenderer] CWorldRendererMgr::ServiceWorldRequests long frame: 64.658055ms
08/31 17:19:09 CDOTAGameRules::State_Think_WAIT_FOR_PLAYERS_TO_LOAD: Loaded/expected players: 1/1. m_waitingForPlayersState: 1
08/31 17:19:09 CDOTAGameRules::State_Think_WAIT_FOR_PLAYERS_TO_LOAD: Loaded/expected players: 1/1. m_waitingForPlayersState: 1
08/31 17:19:09 CDOTAGameRules::State_Think_WAIT_FOR_PLAYERS_TO_LOAD: Loaded/expected players: 1/1. m_waitingForPlayersState: 1
08/31 17:19:09 CDOTAGameRules::State_Think_WAIT_FOR_PLAYERS_TO_LOAD: Loaded/expected players: 1/1. m_waitingForPlayersState: 1
08/31 17:19:09 CDOTAGameRules::State_Think_WAIT_FOR_PLAYERS_TO_LOAD: Loaded/expected players: 1/1. m_waitingForPlayersState: 1
08/31 17:19:09 CDOTAGameRules::State_Think_WAIT_FOR_PLAYERS_TO_LOAD: Loaded/expected players: 1/1. m_waitingForPlayersState: 1
08/31 17:19:09 CDOTAGameRules::State_Think_WAIT_FOR_PLAYERS_TO_LOAD: Loaded/expected players: 1/1. m_waitingForPlayersState: 1
08/31 17:19:09 CDOTAGameRules::State_Think_WAIT_FOR_PLAYERS_TO_LOAD: Loaded/expected players: 1/1. m_waitingForPlayersState: 1
08/31 17:19:09 CDOTAGameRules::State_Think_WAIT_FOR_PLAYERS_TO_LOAD: Loaded/expected players: 1/1. m_waitingForPlayersState: 1
08/31 17:19:09 CDOTAGameRules::State_Think_WAIT_FOR_PLAYERS_TO_LOAD: Loaded/expected players: 1/1. m_waitingForPlayersState: 1
08/31 17:19:09 CDOTAGameRules::State_Think_WAIT_FOR_PLAYERS_TO_LOAD: Loaded/expected players: 1/1. m_waitingForPlayersState: 1
08/31 17:19:09 CDOTAGameRules::State_Think_WAIT_FOR_PLAYERS_TO_LOAD: Loaded/expected players: 1/1. m_waitingForPlayersState: 1
08/31 17:19:09 CDOTAGameRules::State_Think_WAIT_FOR_PLAYERS_TO_LOAD: Loaded/expected players: 1/1. m_waitingForPlayersState: 1
08/31 17:19:09 S:Gamerules: entering state 'DOTA_GAMERULES_STATE_CUSTOM_GAME_SETUP'
08/31 17:19:09 S:Gamerules: entering state 'DOTA_GAMERULES_STATE_PLAYER_DRAFT'
08/31 17:19:09 ClientPutInServer create new player controller [1 (Bot)]
08/31 17:19:09 [Server] CDOTA_PlayerResource: Adding player SteamID 0 to PlayerID 0 FakeClient=1, preferred PlayerID = 0
08/31 17:19:09 ClientPutInServer create new player controller [Grok (Bot)]
08/31 17:19:09 [Server] CDOTA_PlayerResource: Adding player SteamID 0 to PlayerID 1 FakeClient=1, preferred PlayerID = 1
08/31 17:19:09 ClientPutInServer create new player controller [2 (Bot)]
08/31 17:19:09 [Server] CDOTA_PlayerResource: Adding player SteamID 0 to PlayerID 2 FakeClient=1, preferred PlayerID = 2
08/31 17:19:09 ClientPutInServer create new player controller [3 (Bot)]
08/31 17:19:09 [Server] CDOTA_PlayerResource: Adding player SteamID 0 to PlayerID 3 FakeClient=1, preferred PlayerID = 3
08/31 17:19:09 ClientPutInServer create new player controller [4 (Bot)]
08/31 17:19:09 [Server] CDOTA_PlayerResource: Adding player SteamID 0 to PlayerID 4 FakeClient=1, preferred PlayerID = 4
08/31 17:19:09 ClientPutInServer create new player controller [6 (Bot)]
08/31 17:19:09 [Server] CDOTA_PlayerResource: Adding player SteamID 0 to PlayerID 5 FakeClient=1, preferred PlayerID = 5
08/31 17:19:09 ClientPutInServer create new player controller [Gemini (Bot)]
08/31 17:19:09 [Server] CDOTA_PlayerResource: Adding player SteamID 0 to PlayerID 6 FakeClient=1, preferred PlayerID = 6
08/31 17:19:09 ClientPutInServer create new player controller [7 (Bot)]
08/31 17:19:09 [Server] CDOTA_PlayerResource: Adding player SteamID 0 to PlayerID 7 FakeClient=1, preferred PlayerID = 7
08/31 17:19:09 ClientPutInServer create new player controller [8 (Bot)]
08/31 17:19:09 [Server] CDOTA_PlayerResource: Adding player SteamID 0 to PlayerID 8 FakeClient=1, preferred PlayerID = 8
08/31 17:19:09 ClientPutInServer create new player controller [9 (Bot)]
08/31 17:19:09 [Server] CDOTA_PlayerResource: Adding player SteamID 0 to PlayerID 9 FakeClient=1, preferred PlayerID = 9
08/31 17:19:09 S:Gamerules: entering state 'DOTA_GAMERULES_STATE_HERO_SELECTION'
08/31 17:19:09 SV: Started streaming map dota spawngroup 2
08/31 17:19:09 Muted Players: Send msg 8870 (k_EMsgServerToGCLobbyInitialized), 8 bytes
08/31 17:19:09 Starting replay recording in 10 seconds...
08/31 17:19:09 [Server] PR:SetSelectedHero 0:[I:0:0] npc_dota_hero_nevermore(11)
08/31 17:19:09 [Server] PR:SetSelectedHero 5:[I:0:0] npc_dota_hero_nevermore(11)
08/31 17:19:09 Sending CMsgConnectedPlayers for reason GAME_STATE.  Last send was 1.4s ago, urgency is 0.0s
08/31 17:19:09 game_state: DOTA_GAMERULES_STATE_HERO_SELECTION
first_blood_happened: false
send_reason: GAME_STATE
radiant_kills: 0
dire_kills: 0
radiant_lead: 0
building_state: 19138340

08/31 17:19:09 [GCClient] Send msg 7034 (k_EMsgGCConnectedPlayers), 25 bytes
08/31 17:19:09 [Server] PR:SetSelectedHero 1:[I:0:0] npc_dota_hero_nevermore(11)
08/31 17:19:09 [Server] PR:SetSelectedHero 6:[I:0:0] npc_dota_hero_nevermore(11)
08/31 17:19:10 [Server] PR:SetSelectedHero 2:[I:0:0] npc_dota_hero_nevermore(11)
08/31 17:19:10 [Server] PR:SetSelectedHero 7:[I:0:0] npc_dota_hero_nevermore(11)
08/31 17:19:10 [Server] PR:SetSelectedHero 3:[I:0:0] npc_dota_hero_nevermore(11)
08/31 17:19:10 [Server] PR:SetSelectedHero 8:[I:0:0] npc_dota_hero_nevermore(11)
08/31 17:19:10 [Server] PR:SetSelectedHero 4:[I:0:0] npc_dota_hero_nevermore(11)
08/31 17:19:10 [Server] PR:SetSelectedHero 9:[I:0:0] npc_dota_hero_nevermore(11)
08/31 17:19:10 S:Gamerules: entering state 'DOTA_GAMERULES_STATE_STRATEGY_TIME'
08/31 17:19:10 Sending CMsgConnectedPlayers for reason GAME_STATE.  Last send was 0.2s ago, urgency is 0.0s
08/31 17:19:10 game_state: DOTA_GAMERULES_STATE_STRATEGY_TIME
first_blood_happened: false
send_reason: GAME_STATE
radiant_kills: 0
dire_kills: 0
radiant_lead: 0
building_state: 19138340

08/31 17:19:10 [Localization System] CLocalize::FindSafe failed to localize: 'invalid index'
08/31 17:19:10 [Localization System] CLocalize::FindSafe failed to localize: 'invalid index'
08/31 17:19:10 [Localization System] CLocalize::FindSafe failed to localize: 'invalid index'
08/31 17:19:10 [Localization System] CLocalize::FindSafe failed to localize: 'invalid index'
08/31 17:19:10 C:Gamerules: entering state 'DOTA_GAMERULES_STATE_STRATEGY_TIME'
08/31 17:19:10 [Client] LoadingDisplay changed from WAITING_FOR_PLAYERS to NONE (map="start")
08/31 17:19:10 [Client] CDOTA_Hud_Main::EventGameRulesStateChanged DOTA_GAMERULES_STATE_STRATEGY_TIME
08/31 17:19:10 [Client] PregameHud - eGameState is now DOTA_GAMERULES_STATE_STRATEGY_TIME
08/31 17:19:10 [GCClient] Send msg 7034 (k_EMsgGCConnectedPlayers), 25 bytes
08/31 17:19:10 [Client] PregameHud - bIsPreloading is now 0
08/31 17:19:10 [GCClient] Recv msg 26 (k_ESOMsg_UpdateMultiple), 337 bytes
08/31 17:19:10 [GCClient] Recv msg 26 (k_ESOMsg_UpdateMultiple), 337 bytes
08/31 17:19:10 --- CSODOTALobby.game_state: DOTA_GAMERULES_STATE_WAIT_FOR_PLAYERS_TO_LOAD
08/31 17:19:10 +++ CSODOTALobby.game_state: DOTA_GAMERULES_STATE_HERO_SELECTION
08/31 17:19:10 [WorldRenderer] CWorldRendererMgr::ServiceWorldRequests long frame: 50.360649ms
08/31 17:19:10 [GCClient] Recv msg 26 (k_ESOMsg_UpdateMultiple), 337 bytes
08/31 17:19:10 [Localization System] CLocalize::FindSafe failed to localize: 'invalid index'
08/31 17:19:10 [GCClient] Recv msg 26 (k_ESOMsg_UpdateMultiple), 337 bytes
08/31 17:19:10 --- CSODOTALobby.game_state: DOTA_GAMERULES_STATE_HERO_SELECTION
08/31 17:19:10 +++ CSODOTALobby.game_state: DOTA_GAMERULES_STATE_STRATEGY_TIME
08/31 17:19:10 [WorldRenderer] CWorldRendererMgr::ServiceWorldRequests long frame: 45.815837ms
08/31 17:19:10 [WorldRenderer] CWorldRendererMgr::ServiceWorldRequests long frame: 43.768792ms
08/31 17:19:10 [WorldRenderer] CWorldRendererMgr::ServiceWorldRequests long frame: 54.790510ms
08/31 17:19:11 [SteamNetSockets] Waited 2.4ms for SteamNetworkingSockets lock [GetSessionConnectionInfo]
08/31 17:19:11 [SceneSystem] Too many non-culled draws (alloc 128, need 251), resizing!
08/31 17:19:11 [WorldRenderer] CWorldRendererMgr::ServiceWorldRequests long frame: 45.628097ms
08/31 17:19:11 [Server] ReconnectInfo established for playerid=0
08/31 17:19:11 [Server] PR:SetConnectionState 0:[I:0:0] DOTA_CONNECTION_STATE_UNKNOWN NETWORK_DISCONNECT_KICKED
08/31 17:19:11 Setting player 1 (Bot) to DOTA_LEAVER_DISCONNECTED
08/31 17:19:11 [Server] PR:SetSelectedHero 0:[I:0:0] (null)(0)
08/31 17:19:11 [Server] Cannot assign player to team 5, no space on team.
08/31 17:19:11 [Server] Unable to load grid nav for world "prefabs/promotional_radiant_fountain"
08/31 17:19:11 [Server] Unable to load grid nav for world "prefabs/promotional_dire_fountain"
08/31 17:19:12 [Client] Unable to load grid nav for world "prefabs/promotional_radiant_fountain" (ERROR_FILEOPEN: File not found)
08/31 17:19:12 [Client] Unable to load grid nav for world "prefabs/promotional_dire_fountain" (ERROR_FILEOPEN: File not found)
08/31 17:19:12 [AnimResource]  models/effects/waterfall_02.vmdl : Animations loaded but no animation data found
08/31 17:19:13 [Server] ReconnectInfo established for playerid=2
08/31 17:19:13 [Server] PR:SetConnectionState 2:[I:0:0] DOTA_CONNECTION_STATE_UNKNOWN NETWORK_DISCONNECT_KICKED
08/31 17:19:13 Setting player 2 (Bot) to DOTA_LEAVER_DISCONNECTED
08/31 17:19:13 [Server] PR:SetSelectedHero 2:[I:0:0] (null)(0)
08/31 17:19:13 [Server] Cannot assign player to team 5, no space on team.
08/31 17:19:16 [Server] ReconnectInfo established for playerid=3
08/31 17:19:16 [Server] PR:SetConnectionState 3:[I:0:0] DOTA_CONNECTION_STATE_UNKNOWN NETWORK_DISCONNECT_KICKED
08/31 17:19:16 Setting player 3 (Bot) to DOTA_LEAVER_DISCONNECTED
08/31 17:19:16 [Server] PR:SetSelectedHero 3:[I:0:0] (null)(0)
08/31 17:19:16 [Server] Cannot assign player to team 5, no space on team.
08/31 17:19:19 [HLTV Server] Recording SourceTV replay from HLTVServerAsync:
playdemo replays/auto-20260831-1719-start-Pshe.dem
08/31 17:19:23 [Server] ReconnectInfo established for playerid=4
08/31 17:19:23 [Server] PR:SetConnectionState 4:[I:0:0] DOTA_CONNECTION_STATE_UNKNOWN NETWORK_DISCONNECT_KICKED
08/31 17:19:23 Setting player 4 (Bot) to DOTA_LEAVER_DISCONNECTED
08/31 17:19:23 [Server] PR:SetSelectedHero 4:[I:0:0] (null)(0)
08/31 17:19:23 [Server] Cannot assign player to team 5, no space on team.
08/31 17:19:27 [Server] ReconnectInfo established for playerid=5
08/31 17:19:27 [Server] PR:SetConnectionState 5:[I:0:0] DOTA_CONNECTION_STATE_UNKNOWN NETWORK_DISCONNECT_KICKED
08/31 17:19:27 Setting player 6 (Bot) to DOTA_LEAVER_DISCONNECTED
08/31 17:19:27 [Server] PR:SetSelectedHero 5:[I:0:0] (null)(0)
08/31 17:19:27 [Server] Cannot assign player to team 5, no space on team.
08/31 17:19:30 [Server] ReconnectInfo established for playerid=7
08/31 17:19:30 [Server] PR:SetConnectionState 7:[I:0:0] DOTA_CONNECTION_STATE_UNKNOWN NETWORK_DISCONNECT_KICKED
08/31 17:19:30 Setting player 7 (Bot) to DOTA_LEAVER_DISCONNECTED
08/31 17:19:30 [Server] PR:SetSelectedHero 7:[I:0:0] (null)(0)
08/31 17:19:30 [Server] Cannot assign player to team 5, no space on team.
08/31 17:19:33 [Server] ReconnectInfo established for playerid=8
08/31 17:19:33 [Server] PR:SetConnectionState 8:[I:0:0] DOTA_CONNECTION_STATE_UNKNOWN NETWORK_DISCONNECT_KICKED
08/31 17:19:33 Setting player 8 (Bot) to DOTA_LEAVER_DISCONNECTED
08/31 17:19:33 [Server] PR:SetSelectedHero 8:[I:0:0] (null)(0)
08/31 17:19:33 [Server] Cannot assign player to team 5, no space on team.
08/31 17:19:36 [Server] ReconnectInfo established for playerid=9
08/31 17:19:36 [Server] PR:SetConnectionState 9:[I:0:0] DOTA_CONNECTION_STATE_UNKNOWN NETWORK_DISCONNECT_KICKED
08/31 17:19:36 Setting player 9 (Bot) to DOTA_LEAVER_DISCONNECTED
08/31 17:19:36 [Server] PR:SetSelectedHero 9:[I:0:0] (null)(0)
08/31 17:19:36 [Server] Cannot assign player to team 5, no space on team.
08/31 17:19:40 [Server] PR:SetSelectedHeroFacet 1:[I:0:0] (npc_dota_hero_nevermore:(null))
08/31 17:19:40 [Server] PR:SetSelectedHeroFacet 6:[I:0:0] (npc_dota_hero_nevermore:(null))
08/31 17:19:40 S:Gamerules: entering state 'DOTA_GAMERULES_STATE_TEAM_SHOWCASE'
08/31 17:19:40 Sending CMsgConnectedPlayers for reason GAME_STATE.  Last send was 30.0s ago, urgency is 0.0s
08/31 17:19:40 game_state: DOTA_GAMERULES_STATE_TEAM_SHOWCASE
first_blood_happened: false
send_reason: GAME_STATE
radiant_kills: 0
dire_kills: 0
radiant_lead: 0
building_state: 19138340

08/31 17:19:40 Player 0 is the econ owner for 'npc_dota_hero_nevermore' but has null econ inventory when checking by playerID.
08/31 17:19:40 [GCClient] Send msg 7034 (k_EMsgGCConnectedPlayers), 25 bytes
08/31 17:19:40 [ResourceSystem] Failed loading resource "particles/ability_modifier_placeholder/mask_of_madness_active.vpcf_c" (ERROR_FILEOPEN: File not found)
08/31 17:19:40 Player 0 is the econ owner for 'npc_dota_hero_nevermore' but has null econ inventory when checking by playerID.
08/31 17:19:40 [Localization System] CLocalize::FindSafe failed to localize: 'invalid index'
08/31 17:19:40 C:Gamerules: entering state 'DOTA_GAMERULES_STATE_TEAM_SHOWCASE'
08/31 17:19:40 [Client] CDOTA_Hud_Main::EventGameRulesStateChanged DOTA_GAMERULES_STATE_TEAM_SHOWCASE
08/31 17:19:40 [Client] PregameHud - eGameState is now DOTA_GAMERULES_STATE_TEAM_SHOWCASE
08/31 17:19:40 [ResourceSystem] Failed loading resource "materials/models/items/marci/marci_crystalline_dragon_shoulder/marci_crystalline_dragon_shoulder.vmat_c" (ERROR_FILEOPEN: File not found)
08/31 17:19:40 [GCClient] Recv msg 26 (k_ESOMsg_UpdateMultiple), 337 bytes
08/31 17:19:40 --- CSODOTALobby.game_state: DOTA_GAMERULES_STATE_STRATEGY_TIME
08/31 17:19:40 +++ CSODOTALobby.game_state: DOTA_GAMERULES_STATE_TEAM_SHOWCASE
08/31 17:19:40 [SceneSystem] Too many non-culled draws (alloc 256, need 407), resizing!
08/31 17:19:40 [SceneSystem] Too many non-culled draws (alloc 512, need 614), resizing!
08/31 17:19:48 [SceneSystem] Too many non-culled draws (alloc 640, need 642), resizing!
08/31 17:19:56 S:Gamerules: entering state 'DOTA_GAMERULES_STATE_WAIT_FOR_MAP_TO_LOAD'
08/31 17:19:56 Sending CMsgConnectedPlayers for reason GAME_STATE.  Last send was 16.0s ago, urgency is 0.0s
08/31 17:19:56 game_state: DOTA_GAMERULES_STATE_WAIT_FOR_MAP_TO_LOAD
first_blood_happened: false
send_reason: GAME_STATE
radiant_kills: 0
dire_kills: 0
radiant_lead: 0
building_state: 19138340

08/31 17:19:56 [Server] Created physics for dota
08/31 17:19:56 [Server] 514:bad_result_position::m_vecOrigin CNetworkOriginCellCoordQuantizedVector m_cellY cell -354 is outside of cell bounds (0->128) @(2560.000000 -107231.250000 0.000000)
08/31 17:19:56 [Entity System] Entity  [info_particle_system]: unrecognized parent "28818_riverflow_model"
08/31 17:19:56 [Entity System] Entity  [info_particle_system]: unrecognized parent "9072_riverflow_model"
08/31 17:19:56 Bot ward spot ward_spot_radiant_high_point_top not found in map; falling back to hardcoded location.
08/31 17:19:56 Bot ward spot ward_spot_dire_rune_bottom not found in map; falling back to hardcoded location.
08/31 17:19:56 Bot ward spot ward_spot_dire_high_point_top in an invalid location, this may cause bots to get stuck.
08/31 17:19:56 [GCClient] Send msg 7034 (k_EMsgGCConnectedPlayers), 25 bytes
08/31 17:19:56 S:Gamerules: entering state 'DOTA_GAMERULES_STATE_PRE_GAME'
08/31 17:19:56 m_flPreGameStartTime set to 58.13
08/31 17:19:56 m_flStateTransitionTime set to 148.13
08/31 17:19:56 --- Sent CMsgGameServerInfo to GC
08/31 17:19:56 server_public_ip_addr: 787974266
server_private_ip_addr: 167773706
server_port: 27015
server_tv_port: 27020
server_key: ""
server_hibernation: false
server_type: GAME
server_region: 0
server_loadavg: 0.271490663
server_tv_broadcast_time: 48.1000023
server_game_time: -90
relay_slots_max: 64
relays_connected: 0
relay_clients_connected: 0
tv_secret_code: 15476091684296533538
server_version: 6918
server_cluster: 0
assigned_server_tv_port: 27020
allow_custom_games: BOTH
build_version: 6918

08/31 17:19:56 ---
08/31 17:19:56 Sending CMsgConnectedPlayers for reason GAME_STATE.  Last send was 0.2s ago, urgency is 0.0s
08/31 17:19:56 game_state: DOTA_GAMERULES_STATE_PRE_GAME
first_blood_happened: false
send_reason: GAME_STATE
radiant_kills: 0
dire_kills: 0
radiant_lead: 0
building_state: 4784201

08/31 17:19:56 Height map file (maps/prefabs/promotional_radiant_fountain.vhcg) not found, this will make ground height traces more expensive! Recompile the map to generate a height map.
08/31 17:19:56 Height map file (maps/prefabs/promotional_dire_fountain.vhcg) not found, this will make ground height traces more expensive! Recompile the map to generate a height map.
08/31 17:19:56 CGameParticleManager::SetParticleControlEnt: Unable to lookup attachment "attach_hitloc" on model "" for entity "npc_dota_hero_nevermore"
08/31 17:19:56 [Client] Created physics for dota
08/31 17:19:56 [Localization System] CLocalize::FindSafe failed to localize: 'invalid index'
08/31 17:19:56 C:Gamerules: entering state 'DOTA_GAMERULES_STATE_WAIT_FOR_MAP_TO_LOAD'
08/31 17:19:56 [Client] CDOTA_Hud_Main::EventGameRulesStateChanged DOTA_GAMERULES_STATE_WAIT_FOR_MAP_TO_LOAD
08/31 17:19:56 [Client] PregameHud - eGameState is now DOTA_GAMERULES_STATE_WAIT_FOR_MAP_TO_LOAD
08/31 17:19:57 [GCClient] Recv msg 26 (k_ESOMsg_UpdateMultiple), 337 bytes
08/31 17:19:57 --- CSODOTALobby.game_state: DOTA_GAMERULES_STATE_TEAM_SHOWCASE
08/31 17:19:57 +++ CSODOTALobby.game_state: DOTA_GAMERULES_STATE_WAIT_FOR_MAP_TO_LOAD
08/31 17:19:57 [GCClient] Send msg 4508 (k_EMsgGCGameServerInfo), 84 bytes
08/31 17:19:57 [GCClient] Send msg 8744 (k_EMsgServerToGCGetGuildContracts), 17 bytes
08/31 17:19:57 [GCClient] Send msg 7034 (k_EMsgGCConnectedPlayers), 25 bytes
08/31 17:19:57 [Server] PR:GetSelectedHeroName called with bogus player id 5, ignoring
08/31 17:19:57 [Server] PR:GetSelectedHeroName called with bogus player id 7, ignoring
08/31 17:19:57 [Server] PR:GetSelectedHeroName called with bogus player id 8, ignoring
08/31 17:19:57 [Server] PR:GetSelectedHeroName called with bogus player id 9, ignoring
08/31 17:19:57 CGameParticleManager::SetParticleControlEnt: Unable to lookup attachment "attach_hitloc" on model "" for entity "npc_dota_hero_nevermore"
08/31 17:19:57 [Localization System] CLocalize::FindSafe failed to localize: 'invalid index'
08/31 17:19:57 [Localization System] CLocalize::FindSafe failed to localize: 'invalid index'
08/31 17:19:57 [Localization System] CLocalize::FindSafe failed to localize: 'AIB[R] role-pid=1 role-n=1 role-pos=2'
08/31 17:19:57 C:Gamerules: entering state 'DOTA_GAMERULES_STATE_PRE_GAME'
08/31 17:19:57 Map is missing info_player_start_* entity for team 1.
08/31 17:19:57 [Client] CDOTA_Hud_Main::EventGameRulesStateChanged DOTA_GAMERULES_STATE_PRE_GAME
08/31 17:19:57 [Client] PregameHud - eGameState is now DOTA_GAMERULES_STATE_PRE_GAME
08/31 17:19:57 **** Panel Hint has fill-parent-flow for width, but isn't in a flowing right layout
08/31 17:19:57 [Localization System] CLocalize::FindSafe failed to localize: 'AIB[R] build=4dfcc75'
08/31 17:19:57 [Localization System] CLocalize::FindSafe failed to localize: 'AIB[R] harass=0.75 farm=0.65 fwd=0.65 rune=0.60 retreat=0.45 exec=0.55 gank=0.30 push=0.60'
08/31 17:19:57 [Localization System] CLocalize::FindSafe failed to localize: 'AIB[R] defend=0.60 ward=0.50 roshan=0.50 dive=finish_only heal=active abil=aggressive cw=push at=on_cooldown pgb=default ta=default'
08/31 17:19:57 [Localization System] CLocalize::FindSafe failed to localize: 'AIB[R] hero=always deny=always lowhp=regen_lane respawn=tp_to_lane'
08/31 17:19:57 [Localization System] CLocalize::FindSafe failed to localize: 'AIB[R] intent=damage-by-source family=other creep=0 tower=0 hero=0 mixed=0 death=0 other=0 stale=0 gaps=0 tower_any=0'
08/31 17:19:57 [Localization System] CLocalize::FindSafe failed to localize: 'AIB[R] precreep-park=1'
08/31 17:19:57 [Localization System] CLocalize::FindSafe failed to localize: 'AIB[R] intent=tick-owner family=other stage=pregame'
08/31 17:19:57 [Localization System] CLocalize::FindSafe failed to localize: 'AIB[D] role-pid=6 role-n=5 role-pos=2'
08/31 17:19:57 [Localization System] CLocalize::FindSafe failed to localize: 'AIB[D] build=4dfcc75'
08/31 17:19:57 [Localization System] CLocalize::FindSafe failed to localize: 'AIB[D] harass=0.65 farm=0.70 fwd=0.55 rune=0.60 retreat=0.55 exec=0.60 gank=0.20 push=0.60'
08/31 17:19:57 [Localization System] CLocalize::FindSafe failed to localize: 'AIB[D] defend=0.55 ward=0.50 roshan=0.50 dive=finish_only heal=active abil=aggressive cw=last_hit_only at=on_cooldown pgb=default ta=default'
08/31 17:19:57 [Localization System] CLocalize::FindSafe failed to localize: 'AIB[D] hero=default deny=default lowhp=regen_lane respawn=tp_to_lane'
08/31 17:19:57 [Localization System] CLocalize::FindSafe failed to localize: 'AIB[D] intent=damage-by-source family=other creep=0 tower=0 hero=0 mixed=0 death=0 other=0 stale=0 gaps=0 tower_any=0'
08/31 17:19:57 [Localization System] CLocalize::FindSafe failed to localize: 'AIB[D] precreep-park=1'
08/31 17:19:57 [Localization System] CLocalize::FindSafe failed to localize: 'AIB[D] intent=tick-owner family=other stage=pregame'
08/31 17:19:57 [GCClient] Recv msg 8745 (k_EMsgServerToGCGetGuildContractsResponse), 17 bytes
08/31 17:19:57 [GCClient] Recv msg 26 (k_ESOMsg_UpdateMultiple), 337 bytes
08/31 17:19:57 --- CSODOTALobby.game_state: DOTA_GAMERULES_STATE_WAIT_FOR_MAP_TO_LOAD
08/31 17:19:57 +++ CSODOTALobby.game_state: DOTA_GAMERULES_STATE_PRE_GAME
08/31 17:19:57 [Localization System] CLocalize::FindSafe failed to localize: 'AIB[R] blocked=buy-loop reason=saving target=item_bottle head=item_bottle cost=675 gold=270 left=1'
08/31 17:19:57 [Localization System] CLocalize::FindSafe failed to localize: 'AIB[D] blocked=buy-loop reason=saving target=item_bottle head=item_bottle cost=675 gold=270 left=1'
08/31 17:20:02 [Client] PregameHud - SetPreGameVisible 0
08/31 17:20:09 [Localization System] CLocalize::FindSafe failed to localize: 'AIB[D] intent=tick-owner family=other stage=pregame'
08/31 17:20:09 [Localization System] CLocalize::FindSafe failed to localize: 'AIB[R] intent=tick-owner family=other stage=pregame'
08/31 17:20:10 [Localization System] CLocalize::FindSafe failed to localize: 'AIB[D] blocked=buy-loop reason=saving target=item_bottle head=item_bottle cost=675 gold=270 left=1'
08/31 17:20:10 [Localization System] CLocalize::FindSafe failed to localize: 'AIB[R] blocked=buy-loop reason=saving target=item_bottle head=item_bottle cost=675 gold=270 left=1'
08/31 17:20:12 [Localization System] CLocalize::FindSafe failed to localize: 'AIB[R] intent=damage-by-source family=other creep=0 tower=0 hero=0 mixed=0 death=0 other=0 stale=0 gaps=0 tower_any=0'
08/31 17:20:12 [Localization System] CLocalize::FindSafe failed to localize: 'AIB[D] intent=damage-by-source family=other creep=0 tower=0 hero=0 mixed=0 death=0 other=0 stale=0 gaps=0 tower_any=0'
08/31 17:20:13 [VScript] LUA Memory usage warning: The VM has hit a new high usage of 16,777,216 bytes.
08/31 17:20:16 [Localization System] CLocalize::FindSafe failed to localize: 'Welcome to Open Hyper AI (OHA): 0.7.41 - 2026/04/02'
08/31 17:20:17 [Localization System] CLocalize::FindSafe failed to localize: 'Welcome to Open Hyper AI (OHA): 0.7.41 - 2026/04/02'
08/31 17:20:21 [Localization System] CLocalize::FindSafe failed to localize: 'AIB[D] intent=tick-owner family=other stage=pregame'
08/31 17:20:22 [Localization System] CLocalize::FindSafe failed to localize: 'AIB[R] intent=tick-owner family=other stage=pregame'
08/31 17:20:22 [Localization System] CLocalize::FindSafe failed to localize: 'AIB[D] blocked=buy-loop reason=saving target=item_bottle head=item_bottle cost=675 gold=270 left=1'
08/31 17:20:22 [Localization System] CLocalize::FindSafe failed to localize: 'AIB[R] blocked=buy-loop reason=saving target=item_bottle head=item_bottle cost=675 gold=270 left=1'
08/31 17:20:27 [Localization System] CLocalize::FindSafe failed to localize: 'AIB[D] intent=damage-by-source family=other creep=0 tower=0 hero=0 mixed=0 death=0 other=0 stale=0 gaps=0 tower_any=0'
08/31 17:20:27 [Localization System] CLocalize::FindSafe failed to localize: 'AIB[R] intent=damage-by-source family=other creep=0 tower=0 hero=0 mixed=0 death=0 other=0 stale=0 gaps=0 tower_any=0'
08/31 17:20:34 [Localization System] CLocalize::FindSafe failed to localize: 'AIB[D] intent=tick-owner family=other stage=pregame'
08/31 17:20:34 [Localization System] CLocalize::FindSafe failed to localize: 'AIB[R] intent=tick-owner family=other stage=pregame'
08/31 17:20:34 [Localization System] CLocalize::FindSafe failed to localize: 'AIB[D] blocked=buy-loop reason=saving target=item_bottle head=item_bottle cost=675 gold=270 left=1'
08/31 17:20:34 [Localization System] CLocalize::FindSafe failed to localize: 'AIB[R] blocked=buy-loop reason=saving target=item_bottle head=item_bottle cost=675 gold=270 left=1'
08/31 17:20:42 [Localization System] CLocalize::FindSafe failed to localize: 'AIB[D] intent=damage-by-source family=other creep=0 tower=0 hero=0 mixed=0 death=0 other=0 stale=0 gaps=0 tower_any=0'
08/31 17:20:42 [Localization System] CLocalize::FindSafe failed to localize: 'AIB[R] intent=damage-by-source family=other creep=0 tower=0 hero=0 mixed=0 death=0 other=0 stale=0 gaps=0 tower_any=0'
08/31 17:20:46 [Localization System] CLocalize::FindSafe failed to localize: 'AIB[D] intent=tick-owner family=other stage=pregame'
08/31 17:20:46 [Localization System] CLocalize::FindSafe failed to localize: 'AIB[R] intent=tick-owner family=other stage=pregame'
08/31 17:20:47 [Localization System] CLocalize::FindSafe failed to localize: 'AIB[D] blocked=buy-loop reason=saving target=item_bottle head=item_bottle cost=675 gold=270 left=1'
08/31 17:20:47 [Localization System] CLocalize::FindSafe failed to localize: 'AIB[R] blocked=buy-loop reason=saving target=item_bottle head=item_bottle cost=675 gold=270 left=1'
08/31 17:20:57 [Localization System] CLocalize::FindSafe failed to localize: 'AIB[D] intent=rune-ground-truth family=rune id=0 status=2 t=-30'
08/31 17:20:57 [Localization System] CLocalize::FindSafe failed to localize: 'AIB[R] intent=rune-ground-truth family=rune id=0 status=2 t=-30'
08/31 17:20:57 [Localization System] CLocalize::FindSafe failed to localize: 'AIB[D] intent=damage-by-source family=other creep=0 tower=0 hero=0 mixed=0 death=0 other=0 stale=0 gaps=0 tower_any=0'
08/31 17:20:57 [Localization System] CLocalize::FindSafe failed to localize: 'AIB[R] intent=damage-by-source family=other creep=0 tower=0 hero=0 mixed=0 death=0 other=0 stale=0 gaps=0 tower_any=0'
08/31 17:20:58 [Localization System] CLocalize::FindSafe failed to localize: 'AIB[D] precreep-park-hold=7 precreep-park=188 vendor-heal-suppressed-faerie_fire=1 vendor-heal-suppressed-tango=1'
08/31 17:20:58 [Localization System] CLocalize::FindSafe failed to localize: 'AIB[R] precreep-park-hold=8 precreep-park=157 vendor-heal-suppressed-faerie_fire=1 vendor-heal-suppressed-tango=1'
08/31 17:20:58 [Localization System] CLocalize::FindSafe failed to localize: 'AIB[D] intent=tick-owner family=other stage=pregame'
08/31 17:20:59 [Localization System] CLocalize::FindSafe failed to localize: 'AIB[R] intent=tick-owner family=other stage=pregame'
08/31 17:20:59 [Localization System] CLocalize::FindSafe failed to localize: 'AIB[D] blocked=buy-loop reason=saving target=item_bottle head=item_bottle cost=675 gold=270 left=1'
08/31 17:20:59 [Localization System] CLocalize::FindSafe failed to localize: 'AIB[R] blocked=buy-loop reason=saving target=item_bottle head=item_bottle cost=675 gold=270 left=1'
08/31 17:21:11 [Localization System] CLocalize::FindSafe failed to localize: 'AIB[D] blocked=buy-loop reason=saving target=item_bottle head=item_bottle cost=675 gold=270 left=1'
08/31 17:21:11 [Localization System] CLocalize::FindSafe failed to localize: 'AIB[R] blocked=buy-loop reason=saving target=item_bottle head=item_bottle cost=675 gold=270 left=1'
08/31 17:21:11 [Localization System] CLocalize::FindSafe failed to localize: 'AIB[R] intent=tick-owner family=other stage=pregame'
08/31 17:21:11 [Localization System] CLocalize::FindSafe failed to localize: 'AIB[D] intent=tick-owner family=other stage=pregame'
08/31 17:21:12 [Localization System] CLocalize::FindSafe failed to localize: 'AIB[D] intent=damage-by-source family=other creep=0 tower=0 hero=0 mixed=0 death=0 other=0 stale=0 gaps=0 tower_any=0'
08/31 17:21:12 [Localization System] CLocalize::FindSafe failed to localize: 'AIB[R] intent=damage-by-source family=other creep=0 tower=0 hero=0 mixed=0 death=0 other=0 stale=0 gaps=0 tower_any=0'
08/31 17:21:23 [Localization System] CLocalize::FindSafe failed to localize: 'AIB[D] blocked=buy-loop reason=saving target=item_bottle head=item_bottle cost=675 gold=270 left=1'
08/31 17:21:23 [Localization System] CLocalize::FindSafe failed to localize: 'AIB[R] blocked=buy-loop reason=saving target=item_bottle head=item_bottle cost=675 gold=270 left=1'
08/31 17:21:24 [Localization System] CLocalize::FindSafe failed to localize: 'AIB[R] intent=tick-owner family=other stage=pregame'
08/31 17:21:24 [Localization System] CLocalize::FindSafe failed to localize: 'AIB[D] intent=tick-owner family=other stage=pregame'
08/31 17:21:26 S:Gamerules: entering state 'DOTA_GAMERULES_STATE_GAME_IN_PROGRESS'
08/31 17:21:26 m_flGameStartTime set to 148.13
08/31 17:21:26 Sending CMsgConnectedPlayers for reason GAME_STATE.  Last send was 90.6s ago, urgency is 0.0s
08/31 17:21:26 game_state: DOTA_GAMERULES_STATE_GAME_IN_PROGRESS
first_blood_happened: false
send_reason: GAME_STATE
radiant_kills: 0
dire_kills: 0
radiant_lead: 0
building_state: 4784201

08/31 17:21:26 [GCClient] Send msg 7034 (k_EMsgGCConnectedPlayers), 25 bytes
08/31 17:21:27 [Localization System] CLocalize::FindSafe failed to localize: 'invalid index'
08/31 17:21:27 [Localization System] CLocalize::FindSafe failed to localize: 'AIB[R] intent=state-post-horn-reset family=state reason=laning-start'
08/31 17:21:27 [Localization System] CLocalize::FindSafe failed to localize: 'AIB[R] intent=tick-owner family=other stage=laning-core'
08/31 17:21:27 C:Gamerules: entering state 'DOTA_GAMERULES_STATE_GAME_IN_PROGRESS'
08/31 17:21:27 [Client] CDOTA_Hud_Main::EventGameRulesStateChanged DOTA_GAMERULES_STATE_GAME_IN_PROGRESS
08/31 17:21:27 [Client] CDOTA_Hud_Main::DeleteGameEndScreen deleted GameEndContainer
08/31 17:21:27 --- Sent CMsgGameServerInfo to GC
08/31 17:21:27 server_public_ip_addr: 787974266
server_private_ip_addr: 167773706
server_port: 27015
server_tv_port: 27020
server_key: ""
server_hibernation: false
server_type: GAME
server_region: 0
server_loadavg: 0.483538449
server_tv_broadcast_time: 138.166672
server_game_time: 0.0333251953
relay_slots_max: 64
relays_connected: 0
relay_clients_connected: 0
tv_secret_code: 15476091684296533538
server_version: 6918
server_cluster: 0
assigned_server_tv_port: 27020
allow_custom_games: BOTH
build_version: 6918

08/31 17:21:27 ---
08/31 17:21:27 [GCClient] Send msg 4508 (k_EMsgGCGameServerInfo), 84 bytes
08/31 17:21:27 [Server] PR:IncrementIdleTime 1:[I:0:0] 63.53
08/31 17:21:27 [Localization System] CLocalize::FindSafe failed to localize: 'AIB[D] t=0s hp=100% gold=271 loc=170,299 lh=0 dn=0 dg=+0 dlh=+0 bottle=-1 lvl=1 front=8620 ehp=-1'
08/31 17:21:27 [Localization System] CLocalize::FindSafe failed to localize: 'AIB[D] intent=state-post-horn-reset family=state reason=laning-start'
08/31 17:21:27 [Localization System] CLocalize::FindSafe failed to localize: 'AIB[D] intent=tick-owner family=other stage=laning-core'
08/31 17:21:27 [Server] PR:IncrementIdleTime 6:[I:0:0] 59.07
08/31 17:21:27 [Localization System] CLocalize::FindSafe failed to localize: 'AIB[R] t=0s hp=100% gold=271 loc=-1154,-1019 lh=0 dn=0 dg=+0 dlh=+0 bottle=-1 lvl=1 front=7078 ehp=-1'
08/31 17:21:27 [GCClient] Recv msg 26 (k_ESOMsg_UpdateMultiple), 337 bytes
08/31 17:21:27 --- CSODOTALobby.game_state: DOTA_GAMERULES_STATE_PRE_GAME
08/31 17:21:27 +++ CSODOTALobby.game_state: DOTA_GAMERULES_STATE_GAME_IN_PROGRESS
08/31 17:21:27 [Localization System] CLocalize::FindSafe failed to localize: 'AIB[D] intent=damage-by-source family=other creep=0 tower=0 hero=0 mixed=0 death=0 other=0 stale=0 gaps=0 tower_any=0'
08/31 17:21:27 [Localization System] CLocalize::FindSafe failed to localize: 'AIB[R] intent=damage-by-source family=other creep=0 tower=0 hero=0 mixed=0 death=0 other=0 stale=0 gaps=0 tower_any=0'
08/31 17:21:28 [Localization System] CLocalize::FindSafe failed to localize: 'AIB[D] blocked=precreep-engage reason=no_licence pregame=default'
08/31 17:21:28 [Localization System] CLocalize::FindSafe failed to localize: 'AIB[R] intent=state-prewave-duel family=safety ttl=2 dist=862 hp=100'
08/31 17:21:28 [Localization System] CLocalize::FindSafe failed to localize: 'AIB[R] blocked=prewave-duel reason=uphill dist=862'
08/31 17:21:28 [Localization System] CLocalize::FindSafe failed to localize: 'AIB[R] intent=tick-owner family=other stage=laning-core'
08/31 17:21:29 [Localization System] CLocalize::FindSafe failed to localize: 'AIB[D] intent=tick-owner family=other stage=laning-core'
08/31 17:21:30 [Localization System] CLocalize::FindSafe failed to localize: 'AIB[R] blocked=prewave-duel reason=uphill_disengage dist=855'
08/31 17:21:30 [Localization System] CLocalize::FindSafe failed to localize: 'AIB[R] blocked=prewave-duel reason=uphill_hold dist=662'
08/31 17:21:30 [Localization System] CLocalize::FindSafe failed to localize: 'AIB[R] intent=state-prewave-duel family=safety ttl=2 dist=611 hp=90'
08/31 17:21:31 [Localization System] CLocalize::FindSafe failed to localize: 'AIB[R] intent=tick-owner family=other stage=laning-core'
08/31 17:21:31 [Localization System] CLocalize::FindSafe failed to localize: 'AIB[D] intent=tick-owner family=other stage=laning-core'
08/31 17:21:31 [Localization System] CLocalize::FindSafe failed to localize: 'AIB[D] blocked=buy-loop reason=saving target=item_bottle head=item_bottle cost=675 gold=277 left=1'
08/31 17:21:31 [Localization System] CLocalize::FindSafe failed to localize: 'AIB[R] blocked=buy-loop reason=saving target=item_bottle head=item_bottle cost=675 gold=277 left=1'
08/31 17:21:32 [Localization System] CLocalize::FindSafe failed to localize: 'AIB[D] t=5s hp=84% gold=278 loc=-303,-172 enemy-dist=560 lh=0 dn=0 dg=+7 dlh=+0 bottle=-1 lvl=1 front=8620 ehp=91'
08/31 17:21:32 [Localization System] CLocalize::FindSafe failed to localize: 'AIB[R] t=5s hp=84% gold=278 loc=-701,-567 enemy-dist=560 lh=0 dn=0 dg=+7 dlh=+0 bottle=-1 lvl=1 front=7078 ehp=84'
08/31 17:21:33 [Localization System] CLocalize::FindSafe failed to localize: 'AIB[R] intent=state-prewave-duel family=safety ttl=2 dist=560 hp=84'
08/31 17:21:33 [Localization System] CLocalize::FindSafe failed to localize: 'AIB[R] intent=tick-owner family=other stage=laning-core'
08/31 17:21:33 [Localization System] CLocalize::FindSafe failed to localize: 'AIB[D] intent=tick-owner family=other stage=laning-core'
08/31 17:21:35 [Localization System] CLocalize::FindSafe failed to localize: 'AIB[R] intent=state-prewave-duel family=safety ttl=2 dist=560 hp=72'
08/31 17:21:35 [Localization System] CLocalize::FindSafe failed to localize: 'AIB[R] intent=tick-owner family=other stage=laning-core'
08/31 17:21:35 [Localization System] CLocalize::FindSafe failed to localize: 'AIB[D] intent=tick-owner family=other stage=laning-core'
08/31 17:21:37 [Localization System] CLocalize::FindSafe failed to localize: 'AIB[R] intent=state-prewave-duel family=safety ttl=2 dist=560 hp=66'
08/31 17:21:37 [Localization System] CLocalize::FindSafe failed to localize: 'AIB[D] t=10s hp=61% gold=286 loc=-303,-172 enemy-dist=560 lh=0 dn=0 dg=+8 dlh=+0 bottle=-1 lvl=1 front=8620 ehp=60'
08/31 17:21:37 [Localization System] CLocalize::FindSafe failed to localize: 'AIB[R] t=10s hp=60% gold=286 loc=-701,-567 enemy-dist=560 lh=0 dn=0 dg=+8 dlh=+0 bottle=-1 lvl=1 front=7078 ehp=61'
08/31 17:21:37 [Localization System] CLocalize::FindSafe failed to localize: 'AIB[R] intent=tick-owner family=other stage=laning-core'
08/31 17:21:37 [Localization System] CLocalize::FindSafe failed to localize: 'AIB[D] intent=tick-owner family=other stage=laning-core'
08/31 17:21:39 [Localization System] CLocalize::FindSafe failed to localize: 'AIB[R] intent=state-prewave-duel family=safety ttl=2 dist=560 hp=54'
08/31 17:21:39 [Localization System] CLocalize::FindSafe failed to localize: 'AIB[R] intent=tick-owner family=other stage=laning-core'
08/31 17:21:39 [Localization System] CLocalize::FindSafe failed to localize: 'AIB[D] intent=tick-owner family=other stage=laning-core'
08/31 17:21:39 [Localization System] CLocalize::FindSafe failed to localize: 'AIB[D] blocked=buy-loop reason=saving target=item_bottle head=item_bottle cost=675 gold=290 left=1'
08/31 17:21:39 [Localization System] CLocalize::FindSafe failed to localize: 'AIB[R] blocked=buy-loop reason=saving target=item_bottle head=item_bottle cost=675 gold=290 left=1'
08/31 17:21:40 [Localization System] CLocalize::FindSafe failed to localize: 'AIB[D] intent=state-prewave-duel family=safety ttl=2 phase=passive_defend dist=560 hp=42'
08/31 17:21:41 [Localization System] CLocalize::FindSafe failed to localize: 'AIB[D] blocked=precreep-engage reason=no_licence pregame=default'
08/31 17:21:41 [Localization System] CLocalize::FindSafe failed to localize: 'AIB[R] intent=state-prewave-duel family=safety ttl=2 dist=601 hp=42'
08/31 17:21:41 [Localization System] CLocalize::FindSafe failed to localize: 'AIB[R] blocked=prewave-duel reason=too_far dist=641'
08/31 17:21:41 [Localization System] CLocalize::FindSafe failed to localize: 'AIB[R] blocked=precreep-engage reason=hp_below_trade_floor hp=42 dist=641'
08/31 17:21:41 [Localization System] CLocalize::FindSafe failed to localize: 'AIB[R] blocked=prewave-duel reason=uphill dist=712'
08/31 17:21:41 [Localization System] CLocalize::FindSafe failed to localize: 'AIB[R] intent=tick-owner family=other stage=laning-core'
08/31 17:21:41 [Localization System] CLocalize::FindSafe failed to localize: 'AIB[D] intent=tick-owner family=other stage=laning-core'
08/31 17:21:42 [Localization System] CLocalize::FindSafe failed to localize: 'AIB[R] t=15s hp=42% gold=293 loc=-890,-751 enemy-dist=1200 lh=0 dn=0 dg=+7 dlh=+0 bottle=-1 lvl=1 front=7372 ehp=43'
08/31 17:21:42 [Localization System] CLocalize::FindSafe failed to localize: 'AIB[D] t=15s hp=43% gold=293 loc=-9,94 enemy-dist=1241 lh=0 dn=0 dg=+7 dlh=+0 bottle=-1 lvl=1 front=8942 ehp=42'
08/31 17:21:42 [Localization System] CLocalize::FindSafe failed to localize: 'AIB[D] intent=damage-by-source family=other creep=0 tower=0 hero=363 mixed=0 death=0 other=0 stale=0 gaps=0 tower_any=0'
08/31 17:21:42 [Localization System] CLocalize::FindSafe failed to localize: 'AIB[R] intent=damage-by-source family=other creep=0 tower=0 hero=366 mixed=0 death=0 other=0 stale=0 gaps=0 tower_any=0'
08/31 17:21:43 [Localization System] CLocalize::FindSafe failed to localize: 'AIB[R] intent=tick-owner family=other stage=laning-core'
08/31 17:21:43 [Localization System] CLocalize::FindSafe failed to localize: 'AIB[D] intent=tick-owner family=other stage=laning-core'
08/31 17:21:44 [Localization System] CLocalize::FindSafe failed to localize: 'AIB[R] blocked=recover-candidate reason=no_action_capped hp=44 score=44 cause=hp_gate_no_action'
08/31 17:21:44 [Localization System] CLocalize::FindSafe failed to localize: 'AIB[R] blocked=hero-over-creep reason=no_target'
08/31 17:21:44 [Localization System] CLocalize::FindSafe failed to localize: 'AIB[R] intent=top-arbiter family=state winner=idle-heal:46 losers=safe-cs:56,hero-over-creep:52,emergency-retreat:45,fwd-pullback:44,emergency-kill:43.5'
08/31 17:21:44 [Localization System] CLocalize::FindSafe failed to localize: 'AIB[R] intent=state-prewave-duel family=safety ttl=2 dist=670 hp=59'
08/31 17:21:44 [Localization System] CLocalize::FindSafe failed to localize: 'AIB[R] blocked=prewave-duel reason=uphill dist=670'
08/31 17:21:45 [Localization System] CLocalize::FindSafe failed to localize: 'AIB[R] blocked=prewave-duel reason=uphill_disengage dist=649'
08/31 17:21:45 [Localization System] CLocalize::FindSafe failed to localize: 'AIB[R] blocked=fight-candidate reason=no_action_capped hp=59 score=40 cause=seen_unreachable'
08/31 17:21:45 [Localization System] CLocalize::FindSafe failed to localize: 'AIB[R] intent=recovery-plan family=recover action=buy_flask reason=critical hp=59 gold=298 count=1'
08/31 17:21:45 [Localization System] CLocalize::FindSafe failed to localize: 'AIB[R] blocked=emergency-kill reason=no_target'
08/31 17:21:45 [Localization System] CLocalize::FindSafe failed to localize: 'AIB[R] blocked=uphill-repo reason=motor_busy'
08/31 17:21:45 [Localization System] CLocalize::FindSafe failed to localize: 'AIB[R] blocked=hero-prio-chase reason=lane_work dist=649 cs=false creep=true hp_adv=false kill_pressure=false close=false low_farm=false lane_override=false'
08/31 17:21:45 [Localization System] CLocalize::FindSafe failed to localize: 'AIB[R] blocked=harass reason=no_target'
08/31 17:21:45 [Localization System] CLocalize::FindSafe failed to localize: 'AIB[R] blocked=ability-harass reason=nothing_castable'
08/31 17:21:45 [Localization System] CLocalize::FindSafe failed to localize: 'AIB[D] blocked=recover-candidate reason=no_action_capped hp=45 score=44 cause=hp_gate_no_action'
08/31 17:21:45 [Localization System] CLocalize::FindSafe failed to localize: 'AIB[D] intent=state-desire-fight family=state base=78 execute=20 dist=649 hp=45 ehp=59 reason=enemy_seen score=98'
08/31 17:21:45 [Localization System] CLocalize::FindSafe failed to localize: 'AIB[D] blocked=ability-pressure reason=nothing_castable'
08/31 17:21:45 [Localization System] CLocalize::FindSafe failed to localize: 'AIB[D] blocked=hero-contact reason=unsafe dist=649 hp=45 tower=false'
08/31 17:21:45 [Localization System] CLocalize::FindSafe failed to localize: 'AIB[D] blocked=hero-pass reason=low_hp hp=45'
08/31 17:21:45 [Localization System] CLocalize::FindSafe failed to localize: 'AIB[D] blocked=top-arbiter reason=empty_action winner=fight score=98'
08/31 17:21:45 [Localization System] CLocalize::FindSafe failed to localize: 'AIB[D] blocked=hero-over-creep reason=no_target'
08/31 17:21:45 [Localization System] CLocalize::FindSafe failed to localize: 'AIB[D] intent=top-arbiter family=state winner=idle-heal:46 losers=fight:98,safe-cs:56,hero-over-creep:52,emergency-retreat:45,fwd-pullback:44'
08/31 17:21:45 [Localization System] CLocalize::FindSafe failed to localize: 'AIB[D] intent=recovery-plan family=recover action=buy_flask reason=critical hp=59 gold=298 count=1'
08/31 17:21:45 [Localization System] CLocalize::FindSafe failed to localize: 'AIB[D] blocked=emergency-kill reason=no_target'
08/31 17:21:45 [Localization System] CLocalize::FindSafe failed to localize: 'AIB[D] blocked=uphill-repo reason=no_reposition'
08/31 17:21:45 [Localization System] CLocalize::FindSafe failed to localize: 'AIB[D] blocked=harass reason=no_target'
08/31 17:21:45 [Localization System] CLocalize::FindSafe failed to localize: 'AIB[D] blocked=ability-harass reason=nothing_castable'
08/31 17:21:45 [Localization System] CLocalize::FindSafe failed to localize: 'AIB[R] intent=tick-owner family=other stage=laning-core'
08/31 17:21:45 [Localization System] CLocalize::FindSafe failed to localize: 'AIB[D] intent=tick-owner family=other stage=laning-core'
08/31 17:21:46 [Localization System] CLocalize::FindSafe failed to localize: 'AIB[D] intent=own-ranged-lead family=other lead=130 count=3'
08/31 17:21:46 [Localization System] CLocalize::FindSafe failed to localize: 'AIB[R] intent=top-arbiter family=state winner=creep-work:38.6 losers=hero-over-creep:52,idle-heal:46,emergency-retreat:45,fwd-pullback:44,emergency-kill:43.5'
08/31 17:21:46 [Localization System] CLocalize::FindSafe failed to localize: 'AIB[R] blocked=uphill-repo reason=not_trading'
08/31 17:21:46 [Localization System] CLocalize::FindSafe failed to localize: 'AIB[D] intent=state-desire-fight family=state base=78 execute=20 dist=795 hp=60 ehp=59 reason=enemy_seen score=98'
08/31 17:21:46 [Localization System] CLocalize::FindSafe failed to localize: 'AIB[D] blocked=top-arbiter reason=empty_action winner=fight score=98'
08/31 17:21:46 [Localization System] CLocalize::FindSafe failed to localize: 'AIB[D] intent=top-arbiter family=state winner=ranged-spacing:41 losers=fight:98,hero-over-creep:52,idle-heal:46,emergency-retreat:45,fwd-pullback:44'
08/31 17:21:46 [Localization System] CLocalize::FindSafe failed to localize: 'AIB[R] intent=state-prewave-duel family=safety ttl=2 dist=795 hp=60'
08/31 17:21:47 [Localization System] CLocalize::FindSafe failed to localize: 'AIB[R] t=20s hp=60% gold=201 loc=-884,-753 enemy-dist=795 lh=0 dn=0 dg=-92 dlh=+0 bottle=-1 lvl=1 front=8436 ehp=60'
08/31 17:21:47 [Localization System] CLocalize::FindSafe failed to localize: 'AIB[D] t=20s hp=60% gold=201 loc=-321,-192 enemy-dist=795 lh=0 dn=0 dg=-92 dlh=+0 bottle=-1 lvl=1 front=10073 ehp=60'
08/31 17:21:47 [Localization System] CLocalize::FindSafe failed to localize: 'AIB[D] blocked=visual-hold reason=creep_in_range held=2.3 hp=60 repeat=1 hard=false'
08/31 17:21:47 [Localization System] CLocalize::FindSafe failed to localize: 'AIB[R] intent=tick-owner family=other stage=laning-core'
08/31 17:21:47 [Server] PR:IncrementIdleTime 6:[I:0:0] 2.50
08/31 17:21:47 [Localization System] CLocalize::FindSafe failed to localize: 'AIB[R] blocked=hero-over-creep reason=no_target'
08/31 17:21:47 [Localization System] CLocalize::FindSafe failed to localize: 'AIB[R] intent=top-arbiter family=state winner=creep-work:38.6 losers=hero-over-creep:52,idle-heal:46,emergency-retreat:45,fwd-pullback:44,emergency-kill:43.5'
08/31 17:21:47 [Localization System] CLocalize::FindSafe failed to localize: 'AIB[D] intent=tick-owner family=other stage=desire/wave-watch reason=ready score=10 band=idle'
08/31 17:21:47 [Localization System] CLocalize::FindSafe failed to localize: 'AIB[D] blocked=buy-loop reason=saving target=item_bottle head=item_bottle cost=675 gold=202 left=1'
08/31 17:21:47 [Localization System] CLocalize::FindSafe failed to localize: 'AIB[R] blocked=buy-loop reason=saving target=item_bottle head=item_bottle cost=675 gold=202 left=1'
08/31 17:21:48 [Localization System] CLocalize::FindSafe failed to localize: 'AIB[D] blocked=hero-over-creep reason=no_target'
08/31 17:21:48 [Localization System] CLocalize::FindSafe failed to localize: 'AIB[D] intent=top-arbiter family=state winner=wave-watch:10 losers=hero-over-creep:52,idle-heal:46,emergency-retreat:45,fwd-pullback:44,emergency-kill:43.5'
08/31 17:21:48 [Localization System] CLocalize::FindSafe failed to localize: 'AIB[R] blocked=prewave-duel reason=uphill_disengage dist=835'
08/31 17:21:48 [Localization System] CLocalize::FindSafe failed to localize: 'AIB[R] blocked=emergency-kill reason=no_target'
08/31 17:21:48 [Localization System] CLocalize::FindSafe failed to localize: 'AIB[R] blocked=hero-prio-chase reason=lane_work dist=835 cs=false creep=true hp_adv=false kill_pressure=false close=false low_farm=false lane_override=false'
08/31 17:21:48 [Localization System] CLocalize::FindSafe failed to localize: 'AIB[R] blocked=harass reason=no_target'
08/31 17:21:48 [Localization System] CLocalize::FindSafe failed to localize: 'AIB[D] blocked=emergency-kill reason=no_target'
08/31 17:21:48 [Localization System] CLocalize::FindSafe failed to localize: 'AIB[D] blocked=uphill-repo reason=no_reposition'
08/31 17:21:48 [Localization System] CLocalize::FindSafe failed to localize: 'AIB[D] blocked=harass reason=no_target'
08/31 17:21:48 [Localization System] CLocalize::FindSafe failed to localize: 'AIB[D] blocked=ability-harass reason=nothing_castable'
08/31 17:21:48 [Localization System] CLocalize::FindSafe failed to localize: 'AIB[R] intent=state-prewave-duel family=safety ttl=2 dist=835 hp=60'
08/31 17:21:49 [Localization System] CLocalize::FindSafe failed to localize: 'AIB[R] intent=top-arbiter family=state winner=creep-work:38.6 losers=hero-over-creep:52,idle-heal:46,emergency-retreat:45,fwd-pullback:44,emergency-kill:43.5'
08/31 17:21:49 [Localization System] CLocalize::FindSafe failed to localize: 'AIB[R] intent=tick-owner family=other stage=laning-core'
08/31 17:21:49 [Localization System] CLocalize::FindSafe failed to localize: 'AIB[D] blocked=visual-hold reason=creep_in_range held=4.5 hp=62 repeat=3 hard=true'
08/31 17:21:49 [Localization System] CLocalize::FindSafe failed to localize: 'AIB[D] intent=top-arbiter family=state winner=visual-hold:20 losers=hero-over-creep:52,idle-heal:46,emergency-retreat:45,fwd-pullback:44,emergency-kill:43.5'
08/31 17:21:49 [Localization System] CLocalize::FindSafe failed to localize: 'AIB[D] intent=tick-owner family=other stage=desire/wave-watch reason=ready score=10 band=idle'
08/31 17:21:50 [Localization System] CLocalize::FindSafe failed to localize: 'AIB[R] blocked=uphill-repo reason=not_trading'
08/31 17:21:50 [Localization System] CLocalize::FindSafe failed to localize: 'AIB[D] intent=state-desire-last-hit family=farm dist=429 reason=killable_creep score=140'
08/31 17:21:50 [Localization System] CLocalize::FindSafe failed to localize: 'AIB[R] blocked=hero-over-creep reason=no_target'
08/31 17:21:50 [Localization System] CLocalize::FindSafe failed to localize: 'AIB[R] blocked=prewave-duel reason=uphill dist=835'
08/31 17:21:51 [Localization System] CLocalize::FindSafe failed to localize: 'AIB[D] blocked=hero-over-creep reason=no_target'
08/31 17:21:51 [Localization System] CLocalize::FindSafe failed to localize: 'AIB[R] intent=state-prewave-duel family=safety ttl=2 dist=876 hp=62'
08/31 17:21:51 [Localization System] CLocalize::FindSafe failed to localize: 'AIB[R] intent=state-desire-last-hit family=farm dist=562 reason=killable_creep score=140'
08/31 17:21:51 [Localization System] CLocalize::FindSafe failed to localize: 'AIB[R] intent=top-arbiter family=state winner=last-hit:140 losers=hero-over-creep:52,idle-heal:46,emergency-retreat:45,fwd-pullback:44,emergency-kill:43.5'
08/31 17:21:51 [Localization System] CLocalize::FindSafe failed to localize: 'AIB[D] intent=top-arbiter family=state winner=creep-work:38.8 losers=hero-over-creep:52,idle-heal:46,emergency-retreat:45,fwd-pullback:44,emergency-kill:43.5'
08/31 17:21:51 [Localization System] CLocalize::FindSafe failed to localize: 'AIB[D] blocked=emergency-kill reason=no_target'
08/31 17:21:51 [Localization System] CLocalize::FindSafe failed to localize: 'AIB[D] blocked=uphill-repo reason=no_reposition'
08/31 17:21:51 [Localization System] CLocalize::FindSafe failed to localize: 'AIB[D] blocked=harass reason=no_target'
08/31 17:21:51 [Localization System] CLocalize::FindSafe failed to localize: 'AIB[R] intent=tick-owner family=other stage=desire/idle-heal reason=ready score=46 band=lanework'
08/31 17:21:51 [Localization System] CLocalize::FindSafe failed to localize: 'AIB[D] blocked=ability-harass reason=nothing_castable'
08/31 17:21:51 [Localization System] CLocalize::FindSafe failed to localize: 'AIB[D] blocked=wave-watch reason=not_finishable creep_hp=300 dist=749 idle=7'
08/31 17:21:51 [Localization System] CLocalize::FindSafe failed to localize: 'AIB[D] intent=tick-owner family=other stage=desire/wave-watch reason=ready score=10 band=idle'
08/31 17:21:52 [Localization System] CLocalize::FindSafe failed to localize: 'AIB[D] blocked=visual-hold reason=creep_in_range held=6.8 hp=63 repeat=5 hard=true'
08/31 17:21:52 [Localization System] CLocalize::FindSafe failed to localize: 'AIB[R] t=25s hp=62% gold=209 loc=-1094,-751 enemy-dist=995 lh=0 dn=0 dg=+8 dlh=+0 bottle=-1 lvl=1 front=8400 ehp=63'
08/31 17:21:52 [Localization System] CLocalize::FindSafe failed to localize: 'AIB[D] t=25s hp=63% gold=209 loc=-291,-165 enemy-dist=1000 lh=0 dn=1 dg=+8 dlh=+0 bottle=-1 lvl=1 front=10108 ehp=-66600'
08/31 17:21:52 [Localization System] CLocalize::FindSafe failed to localize: 'AIB[R] intent=top-arbiter family=state winner=idle-heal:46 losers=hero-over-creep:52,emergency-retreat:45,fwd-pullback:44,emergency-kill:43.5,uphill:43'
08/31 17:21:52 [Localization System] CLocalize::FindSafe failed to localize: 'AIB[D] intent=top-arbiter family=state winner=wave-watch:10 losers=hero-over-creep:52,idle-heal:46,emergency-retreat:45,fwd-pullback:44,emergency-kill:43.5'
08/31 17:21:53 [Localization System] CLocalize::FindSafe failed to localize: 'AIB[R] blocked=hero-over-creep reason=no_target'
08/31 17:21:53 [Localization System] CLocalize::FindSafe failed to localize: 'AIB[R] blocked=emergency-kill reason=no_target'
08/31 17:21:53 [Localization System] CLocalize::FindSafe failed to localize: 'AIB[R] blocked=uphill-repo reason=no_reposition'
08/31 17:21:53 [Localization System] CLocalize::FindSafe failed to localize: 'AIB[R] blocked=hero-prio-chase reason=lane_work dist=1301 cs=false creep=false hp_adv=false kill_pressure=false close=false low_farm=false lane_override=false'
08/31 17:21:53 [Localization System] CLocalize::FindSafe failed to localize: 'AIB[R] blocked=harass reason=no_target'
08/31 17:21:53 [Localization System] CLocalize::FindSafe failed to localize: 'AIB[R] blocked=ability-harass reason=nothing_castable'
08/31 17:21:53 [Localization System] CLocalize::FindSafe failed to localize: 'AIB[R] intent=tick-owner family=other stage=desire/anti-idle reason=ready score=2 band=idle'
08/31 17:21:53 [Localization System] CLocalize::FindSafe failed to localize: 'AIB[D] intent=tick-owner family=other stage=desire/wave-watch reason=ready score=10 band=idle'
08/31 17:21:54 [Localization System] CLocalize::FindSafe failed to localize: 'AIB[D] blocked=hero-over-creep reason=no_target'
08/31 17:21:54 [Localization System] CLocalize::FindSafe failed to localize: 'AIB[D] blocked=visual-hold reason=creep_in_range held=9.0 hp=64 repeat=7 hard=true'
08/31 17:21:54 [Localization System] CLocalize::FindSafe failed to localize: 'AIB[R] intent=top-arbiter family=state winner=anti-idle:2 losers=hero-over-creep:52,idle-heal:46,emergency-retreat:45,fwd-pullback:44,emergency-kill:43.5'
08/31 17:21:54 [Localization System] CLocalize::FindSafe failed to localize: 'AIB[D] intent=top-arbiter family=state winner=wave-watch:10 losers=hero-over-creep:52,idle-heal:46,emergency-retreat:45,fwd-pullback:44,emergency-kill:43.5'
08/31 17:21:54 [Localization System] CLocalize::FindSafe failed to localize: 'AIB[R] blocked=uphill-repo reason=not_trading'
08/31 17:21:54 [Localization System] CLocalize::FindSafe failed to localize: 'AIB[R] blocked=wave-watch reason=not_finishable creep_hp=325 dist=812 idle=10'
08/31 17:21:54 [Localization System] CLocalize::FindSafe failed to localize: 'AIB[D] blocked=emergency-kill reason=no_target'
08/31 17:21:54 [Localization System] CLocalize::FindSafe failed to localize: 'AIB[D] blocked=uphill-repo reason=no_reposition'
08/31 17:21:54 [Localization System] CLocalize::FindSafe failed to localize: 'AIB[D] blocked=harass reason=no_target'
08/31 17:21:55 [Localization System] CLocalize::FindSafe failed to localize: 'AIB[D] blocked=ability-harass reason=nothing_castable'
08/31 17:21:55 [Localization System] CLocalize::FindSafe failed to localize: 'AIB[D] blocked=wave-watch reason=not_finishable creep_hp=300 dist=749 idle=10'
08/31 17:21:55 Script function 'Think' on bot npc_dota_hero_nevermore took 2.261ms
08/31 17:21:55 [Localization System] CLocalize::FindSafe failed to localize: 'AIB[R] intent=melee-pack-space family=safety count=2 dist=207'
08/31 17:21:55 [Localization System] CLocalize::FindSafe failed to localize: 'AIB[R] intent=tick-owner family=other stage=laning-core'
08/31 17:21:55 [Localization System] CLocalize::FindSafe failed to localize: 'AIB[D] intent=tick-owner family=other stage=desire/wave-watch reason=ready score=10 band=idle'
08/31 17:21:55 [Localization System] CLocalize::FindSafe failed to localize: 'AIB[D] blocked=buy-loop reason=saving target=item_bottle head=item_bottle cost=675 gold=214 left=1'
08/31 17:21:55 [Localization System] CLocalize::FindSafe failed to localize: 'AIB[R] blocked=buy-loop reason=saving target=item_bottle head=item_bottle cost=675 gold=214 left=1'
08/31 17:21:56 [Localization System] CLocalize::FindSafe failed to localize: 'AIB[R] intent=top-arbiter family=state winner=creep-work:38.6 losers=hero-over-creep:52,idle-heal:46,emergency-retreat:45,fwd-pullback:44,emergency-kill:43.5'
08/31 17:21:56 [Localization System] CLocalize::FindSafe failed to localize: 'AIB[D] intent=top-arbiter family=state winner=wave-watch:10 losers=hero-over-creep:52,idle-heal:46,emergency-retreat:45,fwd-pullback:44,emergency-kill:43.5'
08/31 17:21:56 [Localization System] CLocalize::FindSafe failed to localize: 'AIB[D] blocked=visual-hold reason=creep_in_range held=11.0 hp=64 repeat=9 hard=true'
08/31 17:21:56 [Localization System] CLocalize::FindSafe failed to localize: 'AIB[R] blocked=hero-over-creep reason=no_target'
08/31 17:21:56 [Localization System] CLocalize::FindSafe failed to localize: 'AIB[R] blocked=emergency-kill reason=no_target'
08/31 17:21:56 [Localization System] CLocalize::FindSafe failed to localize: 'AIB[R] blocked=hero-prio-chase reason=lane_work dist=889 cs=false creep=true hp_adv=false kill_pressure=false close=false low_farm=false lane_override=false'
08/31 17:21:56 [Localization System] CLocalize::FindSafe failed to localize: 'AIB[R] blocked=harass reason=no_target'
08/31 17:21:57 [Localization System] CLocalize::FindSafe failed to localize: 'AIB[D] blocked=hero-over-creep reason=no_target'
08/31 17:21:57 [Localization System] CLocalize::FindSafe failed to localize: 'AIB[R] t=30s hp=70% gold=216 loc=-988,-717 enemy-dist=889 lh=0 dn=0 dg=+7 dlh=+0 bottle=-1 lvl=1 front=8400 ehp=65'
08/31 17:21:57 [Localization System] CLocalize::FindSafe failed to localize: 'AIB[D] t=30s hp=65% gold=216 loc=-291,-165 enemy-dist=889 lh=0 dn=1 dg=+7 dlh=+0 bottle=-1 lvl=1 front=10108 ehp=70'
08/31 17:21:57 [Localization System] CLocalize::FindSafe failed to localize: 'AIB[D] intent=damage-by-source family=other creep=0 tower=0 hero=363 mixed=0 death=0 other=0 stale=0 gaps=0 tower_any=0'
08/31 17:21:57 [Localization System] CLocalize::FindSafe failed to localize: 'AIB[R] intent=top-arbiter family=state winner=creep-work:38.6 losers=hero-over-creep:52,idle-heal:46,emergency-retreat:45,fwd-pullback:44,emergency-kill:43.5'
08/31 17:21:57 [Localization System] CLocalize::FindSafe failed to localize: 'AIB[D] intent=top-arbiter family=state winner=creep-work:38.8 losers=hero-over-creep:52,idle-heal:46,emergency-retreat:45,fwd-pullback:44,emergency-kill:43.5'
08/31 17:21:57 [Localization System] CLocalize::FindSafe failed to localize: 'AIB[R] intent=damage-by-source family=other creep=0 tower=0 hero=366 mixed=0 death=0 other=0 stale=0 gaps=0 tower_any=0'
08/31 17:21:57 [Localization System] CLocalize::FindSafe failed to localize: 'AIB[D] blocked=emergency-kill reason=no_target'
08/31 17:21:57 [Localization System] CLocalize::FindSafe failed to localize: 'AIB[D] blocked=uphill-repo reason=no_reposition'
08/31 17:21:57 [Localization System] CLocalize::FindSafe failed to localize: 'AIB[D] blocked=harass reason=no_target'
08/31 17:21:57 [Localization System] CLocalize::FindSafe failed to localize: 'AIB[R] intent=tick-owner family=other stage=desire/creep-work reason=ready score=39 band=lanework'
08/31 17:21:57 [Localization System] CLocalize::FindSafe failed to localize: 'AIB[D] intent=tick-owner family=other stage=laning-core'
08/31 17:21:58 [Localization System] CLocalize::FindSafe failed to localize: 'AIB[D] cs-wait-release=2 cs-wait=2 deny-act-atk=5 deny-act=5 deny-cand-doomed=3 deny-cand-tanky=18 fwd-suppressed-creep=3 fwd-suppressed-empty=1 heal-item=1 killwin-scan=164 lane-line-suppressed-creep=1 lane-line-suppressed-empty=2 last-hit-urgent=2 melee-pack-release=2 own-ranged-stepback=2 precreep-anchor=18 precreep-hold=2 precreep-park-hold=12 precreep-park=188 precreep-space=3 prewave-defend=1 prewave-free-hit=59 recovery-buy=1 recovery-enemy-near=43 vendor-heal-suppressed-faerie_fire=1 vendor-heal-suppressed-tango=1 visual-hold-creep=9 wave-watch=3'
08/31 17:21:58 [Localization System] CLocalize::FindSafe failed to localize: 'AIB[D] intent=state-desire-last-hit family=farm dist=469 reason=killable_creep score=140'
08/31 17:21:58 [Localization System] CLocalize::FindSafe failed to localize: 'AIB[R] anti-idle-enter=1 anti-idle-lane=1 cs-wait=1 cw-push=43 fwd-suppressed-creep=1 fwd-suppressed-motor=1 fwd-suppressed-tower=1 heal-item=1 killwin-scan=169 lane-line-suppressed-heal=1 lane-line-suppressed-motor=1 last-hit-urgent=3 melee-pack-release=2 melee-pack-space=1 pre-aig=1 precreep-anchor=17 precreep-close=3 precreep-contact=5 precreep-hold=2 precreep-park-hold=13 precreep-park=157 precreep-space=2 prewave-duel-trade=56 prewave-duel-uphill-back=11 recovery-buy=1 recovery-enemy-near=51 recovery-tango=1 uphill-void-under-fire=1 vendor-heal-suppressed-faerie_fire=1 vendor-heal-suppressed-tango=1 wave-watch-no-wave=1 wave-watch=2'
08/31 17:21:58 [Localization System] CLocalize::FindSafe failed to localize: 'AIB[R] blocked=uphill-repo reason=not_trading'
08/31 17:21:58 [Localization System] CLocalize::FindSafe failed to localize: 'AIB[D] blocked=ability-harass reason=nothing_castable'
08/31 17:21:58 [Localization System] CLocalize::FindSafe failed to localize: 'AIB[D] blocked=visual-hold reason=creep_in_range held=13.4 hp=66 repeat=10 hard=true'
08/31 17:21:58 [Localization System] CLocalize::FindSafe failed to localize: 'AIB[D] blocked=wave-watch reason=not_finishable creep_hp=300 dist=749 idle=14'
08/31 17:21:59 [Localization System] CLocalize::FindSafe failed to localize: 'AIB[R] intent=top-arbiter family=state winner=creep-work:38.6 losers=hero-over-creep:52,idle-heal:46,emergency-retreat:45,fwd-pullback:44,emergency-kill:43.5'
08/31 17:21:59 [Localization System] CLocalize::FindSafe failed to localize: 'AIB[D] intent=top-arbiter family=state winner=wave-watch:10 losers=hero-over-creep:52,idle-heal:46,emergency-retreat:45,fwd-pullback:44,emergency-kill:43.5'
08/31 17:21:59 [Localization System] CLocalize::FindSafe failed to localize: 'AIB[D] intent=tick-owner family=other stage=laning-core'
08/31 17:22:00 [Localization System] CLocalize::FindSafe failed to localize: 'AIB[R] blocked=hero-over-creep reason=no_target'
08/31 17:22:00 [Localization System] CLocalize::FindSafe failed to localize: 'AIB[R] blocked=emergency-kill reason=no_target'
08/31 17:22:00 [Localization System] CLocalize::FindSafe failed to localize: 'AIB[R] blocked=hero-prio-chase reason=lane_work dist=889 cs=true creep=true hp_adv=false kill_pressure=false close=false low_farm=false lane_override=false'
08/31 17:22:00 [Localization System] CLocalize::FindSafe failed to localize: 'AIB[R] blocked=harass reason=no_target'
08/31 17:22:00 [Localization System] CLocalize::FindSafe failed to localize: 'AIB[R] intent=tick-owner family=other stage=desire/creep-work reason=ready score=39 band=lanework'
08/31 17:22:00 [Localization System] CLocalize::FindSafe failed to localize: 'AIB[D] blocked=hero-over-creep reason=no_target'
08/31 17:22:00 [Localization System] CLocalize::FindSafe failed to localize: 'AIB[R] intent=recovery-plan family=recover action=buy_flask reason=critical hp=75 gold=220 count=2'
08/31 17:22:00 [Localization System] CLocalize::FindSafe failed to localize: 'AIB[R] intent=state-desire-last-hit family=farm dist=462 reason=killable_creep score=140'
08/31 17:22:00 [Localization System] CLocalize::FindSafe failed to localize: 'AIB[D] intent=recovery-plan family=recover action=buy_flask reason=critical hp=66 gold=221 count=2'
08/31 17:22:00 [Localization System] CLocalize::FindSafe failed to localize: 'AIB[R] intent=top-arbiter family=state winner=last-hit:158 losers=hero-over-creep:52,cs-inrange:50,idle-heal:46,emergency-retreat:45,fwd-pullback:44'
08/31 17:22:00 [Localization System] CLocalize::FindSafe failed to localize: 'AIB[D] blocked=emergency-kill reason=no_target'
08/31 17:22:00 [Localization System] CLocalize::FindSafe failed to localize: 'AIB[D] blocked=uphill-repo reason=no_reposition'
08/31 17:22:00 [Localization System] CLocalize::FindSafe failed to localize: 'AIB[D] blocked=harass reason=no_target'
08/31 17:22:00 [Localization System] CLocalize::FindSafe failed to localize: 'AIB[D] blocked=visual-hold reason=creep_in_range held=15.5 hp=67 repeat=12 hard=true'
08/31 17:22:00 [Localization System] CLocalize::FindSafe failed to localize: 'AIB[D] intent=top-arbiter family=state winner=visual-hold:20 losers=hero-over-creep:52,idle-heal:46,emergency-retreat:45,fwd-pullback:44,emergency-kill:43.5'
08/31 17:22:01 [Localization System] CLocalize::FindSafe failed to localize: 'AIB[D] blocked=ability-harass reason=nothing_castable'
08/31 17:22:02 [Localization System] CLocalize::FindSafe failed to localize: 'AIB[D] blocked=wave-watch reason=not_finishable creep_hp=157 dist=469 idle=17'
08/31 17:22:02 [Localization System] CLocalize::FindSafe failed to localize: 'AIB[D] intent=tick-owner family=other stage=laning-core'
08/31 17:22:02 [Localization System] CLocalize::FindSafe failed to localize: 'AIB[R] intent=tick-owner family=other stage=desire/creep-work reason=ready score=39 band=lanework'
08/31 17:22:02 [Localization System] CLocalize::FindSafe failed to localize: 'AIB[R] intent=top-arbiter family=state winner=creep-work:38.6 losers=hero-over-creep:52,idle-heal:46,emergency-retreat:45,fwd-pullback:44,emergency-kill:43.5'
08/31 17:22:02 [Localization System] CLocalize::FindSafe failed to localize: 'AIB[D] intent=top-arbiter family=state winner=wave-watch:10 losers=hero-over-creep:52,idle-heal:46,emergency-retreat:45,fwd-pullback:44,emergency-kill:43.5'
08/31 17:22:02 [Localization System] CLocalize::FindSafe failed to localize: 'AIB[R] t=35s hp=79% gold=124 loc=-988,-717 enemy-dist=889 lh=0 dn=0 dg=-92 dlh=+0 bottle=-1 lvl=1 front=8400 ehp=67'
08/31 17:22:02 [Localization System] CLocalize::FindSafe failed to localize: 'AIB[D] t=36s hp=67% gold=124 loc=-291,-165 enemy-dist=889 lh=0 dn=1 dg=-92 dlh=+0 bottle=-1 lvl=1 front=10105 ehp=79'
08/31 17:22:02 [Localization System] CLocalize::FindSafe failed to localize: 'AIB[R] blocked=uphill-repo reason=not_trading'
08/31 17:22:02 [Localization System] CLocalize::FindSafe failed to localize: 'AIB[R] intent=state-prewave-duel family=safety ttl=2 dist=864 hp=80'
08/31 17:22:02 [Localization System] CLocalize::FindSafe failed to localize: 'AIB[R] blocked=prewave-duel reason=uphill dist=864'
08/31 17:22:03 [Localization System] CLocalize::FindSafe failed to localize: 'AIB[D] blocked=visual-hold reason=creep_in_range held=17.7 hp=57 repeat=14 hard=true'
08/31 17:22:03 [Localization System] CLocalize::FindSafe failed to localize: 'AIB[D] blocked=hero-over-creep reason=no_target'
08/31 17:22:03 [Localization System] CLocalize::FindSafe failed to localize: 'AIB[D] intent=wave-watch-work family=other lh=0 idle=18 creep_hp=21 dist=469'
08/31 17:22:03 [Localization System] CLocalize::FindSafe failed to localize: 'AIB[R] blocked=hero-over-creep reason=no_target'
08/31 17:22:03 [Localization System] CLocalize::FindSafe failed to localize: 'AIB[R] blocked=emergency-kill reason=no_target'
08/31 17:22:03 [Localization System] CLocalize::FindSafe failed to localize: 'AIB[R] blocked=uphill-repo reason=motor_busy'
08/31 17:22:03 [Localization System] CLocalize::FindSafe failed to localize: 'AIB[R] blocked=hero-prio-chase reason=lane_work dist=944 cs=true creep=true hp_adv=false kill_pressure=false close=false low_farm=false lane_override=false'
08/31 17:22:03 [Localization System] CLocalize::FindSafe failed to localize: 'AIB[R] blocked=harass reason=no_target'
08/31 17:22:03 [Localization System] CLocalize::FindSafe failed to localize: 'AIB[R] intent=state-desire-last-hit family=farm dist=516 reason=killable_creep score=140'
08/31 17:22:03 [Localization System] CLocalize::FindSafe failed to localize: 'AIB[R] intent=top-arbiter family=state winner=last-hit:158 losers=hero-over-creep:52,cs-inrange:50,idle-heal:46,emergency-retreat:45,fwd-pullback:44'
08/31 17:22:03 [Localization System] CLocalize::FindSafe failed to localize: 'AIB[D] blocked=emergency-kill reason=no_target'
08/31 17:22:03 [Localization System] CLocalize::FindSafe failed to localize: 'AIB[D] blocked=uphill-repo reason=no_reposition'
08/31 17:22:03 [Localization System] CLocalize::FindSafe failed to localize: 'AIB[D] blocked=harass reason=no_target'
08/31 17:22:03 [Localization System] CLocalize::FindSafe failed to localize: 'AIB[D] intent=lane-line-episode family=other dist=452 fwd=0.55'
08/31 17:22:03 [Localization System] CLocalize::FindSafe failed to localize: 'AIB[D] intent=top-arbiter family=state winner=lane-line:18 losers=hero-over-creep:52,idle-heal:46,emergency-retreat:45,fwd-pullback:44,emergency-kill:43.5'
08/31 17:22:03 [Localization System] CLocalize::FindSafe failed to localize: 'AIB[D] blocked=buy-loop reason=saving target=item_bottle head=item_bottle cost=675 gold=126 left=1'
08/31 17:22:03 [Localization System] CLocalize::FindSafe failed to localize: 'AIB[R] blocked=buy-loop reason=saving target=item_bottle head=item_bottle cost=675 gold=126 left=1'
08/31 17:22:04 [Localization System] CLocalize::FindSafe failed to localize: 'AIB[D] blocked=uphill-repo reason=motor_busy'
08/31 17:22:04 [Localization System] CLocalize::FindSafe failed to localize: 'AIB[D] blocked=visual-hold reason=empty held=18.7 hp=57 repeat=1 hard=true'
08/31 17:22:04 [Localization System] CLocalize::FindSafe failed to localize: 'AIB[D] intent=tick-owner family=other stage=laning-core'
08/31 17:22:04 [Localization System] CLocalize::FindSafe failed to localize: 'AIB[R] blocked=prewave-duel reason=uphill_disengage dist=844'
08/31 17:22:04 [Localization System] CLocalize::FindSafe failed to localize: 'AIB[R] intent=tick-owner family=other stage=desire/harass reason=ready score=40 band=lanework'
08/31 17:22:04 [Localization System] CLocalize::FindSafe failed to localize: 'AIB[R] intent=state-desire-fight family=state base=78 hp_adv=8 dist=763 hp=71 ehp=57 reason=enemy_seen score=86'
08/31 17:22:04 [Localization System] CLocalize::FindSafe failed to localize: 'AIB[R] blocked=ability-pressure reason=nothing_castable'
08/31 17:22:04 [Localization System] CLocalize::FindSafe failed to localize: 'AIB[R] intent=hero-contact family=fight dist=763 hp=71 reason=close_enemy'
08/31 17:22:04 [Localization System] CLocalize::FindSafe failed to localize: 'AIB[R] blocked=prewave-duel reason=uphill_hold dist=661'
08/31 17:22:04 [Localization System] CLocalize::FindSafe failed to localize: 'AIB[R] intent=state-prewave-duel family=safety ttl=2 dist=549 hp=73'
08/31 17:22:05 [Localization System] CLocalize::FindSafe failed to localize: 'AIB[R] blocked=fight-candidate reason=no_action_capped hp=73 score=40 cause=seen_unreachable'
08/31 17:22:05 [Localization System] CLocalize::FindSafe failed to localize: 'AIB[R] blocked=hero-prio-always reason=uphill'
08/31 17:22:05 [Localization System] CLocalize::FindSafe failed to localize: 'AIB[R] intent=top-arbiter family=state winner=creep-work:38.6 losers=hero-over-creep:52,idle-heal:46,emergency-retreat:45,fwd-pullback:44,emergency-kill:43.5'
08/31 17:22:06 [Localization System] CLocalize::FindSafe failed to localize: 'AIB[D] intent=tick-owner family=other stage=laning-core'
08/31 17:22:06 [Localization System] CLocalize::FindSafe failed to localize: 'AIB[R] intent=tick-owner family=other stage=laning-core'
08/31 17:22:07 [Localization System] CLocalize::FindSafe failed to localize: 'AIB[R] intent=state-prewave-duel family=safety ttl=2 dist=549 hp=63'
08/31 17:22:07 [Localization System] CLocalize::FindSafe failed to localize: 'AIB[R] t=40s hp=63% gold=131 loc=-884,-642 enemy-dist=549 lh=0 dn=0 dg=+7 dlh=+0 bottle=-1 lvl=1 front=8139 ehp=47'
08/31 17:22:07 [Localization System] CLocalize::FindSafe failed to localize: 'AIB[D] t=41s hp=47% gold=131 loc=-449,-307 enemy-dist=549 lh=0 dn=2 dg=+7 dlh=+0 bottle=-1 lvl=1 front=9977 ehp=64'
08/31 17:22:08 [Localization System] CLocalize::FindSafe failed to localize: 'AIB[R] intent=tick-owner family=other stage=laning-core'
08/31 17:22:08 [Localization System] CLocalize::FindSafe failed to localize: 'AIB[D] intent=state-prewave-duel family=safety ttl=2 phase=passive_defend dist=549 hp=41'
08/31 17:22:08 [Localization System] CLocalize::FindSafe failed to localize: 'AIB[D] intent=tick-owner family=other stage=laning-core'
08/31 17:22:08 [Localization System] CLocalize::FindSafe failed to localize: 'AIB[D] blocked=safety-candidate reason=no_action_capped hp=41 score=44 cause=symptom_no_action'
08/31 17:22:08 [Localization System] CLocalize::FindSafe failed to localize: 'AIB[D] blocked=fight-candidate reason=no_action_capped hp=41 score=50 cause=hp_behind'
08/31 17:22:08 [Localization System] CLocalize::FindSafe failed to localize: 'AIB[D] intent=state-desire-recover family=state base=74 hp=41 reason=hp_gate score=74'
08/31 17:22:08 [Localization System] CLocalize::FindSafe failed to localize: 'AIB[D] intent=recovery-policy family=recover action=recover hp=41 gate=55 source=lane-low'
08/31 17:22:08 [Localization System] CLocalize::FindSafe failed to localize: 'AIB[D] intent=state-recover-xp family=state ttl=2 reason=regen_lane hp=41 dist=516'
08/31 17:22:08 [Localization System] CLocalize::FindSafe failed to localize: 'AIB[D] intent=top-arbiter family=state winner=recover:74 losers=safe-cs:56,hero-over-creep:52,idle-heal:46,emergency-retreat:45,fwd-pullback:44'
08/31 17:22:08 [Localization System] CLocalize::FindSafe failed to localize: 'AIB[R] blocked=prewave-duel reason=uphill_hold dist=630'
08/31 17:22:08 [Localization System] CLocalize::FindSafe failed to localize: 'AIB[R] blocked=prewave-duel reason=uphill_disengage dist=711'
08/31 17:22:08 [Localization System] CLocalize::FindSafe failed to localize: 'AIB[R] blocked=fight-candidate reason=no_action_capped hp=66 score=40 cause=seen_unreachable'
08/31 17:22:08 [Localization System] CLocalize::FindSafe failed to localize: 'AIB[R] blocked=hero-over-creep reason=no_target'
08/31 17:22:08 [Localization System] CLocalize::FindSafe failed to localize: 'AIB[R] blocked=emergency-kill reason=no_target'
08/31 17:22:08 [Localization System] CLocalize::FindSafe failed to localize: 'AIB[R] intent=top-arbiter family=state winner=uphill:43 losers=hero-over-creep:52,idle-heal:46,emergency-retreat:45,fwd-pullback:44,emergency-kill:43.5'
08/31 17:22:08 [Localization System] CLocalize::FindSafe failed to localize: 'AIB[R] blocked=uphill-repo reason=motor_busy'
08/31 17:22:08 [Localization System] CLocalize::FindSafe failed to localize: 'AIB[R] blocked=hero-prio-chase reason=lane_work dist=782 cs=true creep=true hp_adv=false kill_pressure=false close=false low_farm=false lane_override=false'
08/31 17:22:08 [Localization System] CLocalize::FindSafe failed to localize: 'AIB[R] blocked=harass reason=no_target'
08/31 17:22:09 [Localization System] CLocalize::FindSafe failed to localize: 'AIB[R] intent=state-prewave-duel family=safety ttl=2 dist=864 hp=66'
08/31 17:22:09 [Localization System] CLocalize::FindSafe failed to localize: 'AIB[R] intent=recovery-plan family=recover action=flask reason=inventory hp=67'
08/31 17:22:09 [Localization System] CLocalize::FindSafe failed to localize: 'AIB[D] intent=channel-interrupt family=fight dist=1046 hp=41 kind=heal reason=enemy_heal'
08/31 17:22:09 [Localization System] CLocalize::FindSafe failed to localize: 'AIB[R] intent=state-desire-last-hit family=farm dist=565 reason=killable_creep score=140'
08/31 17:22:10 [Localization System] CLocalize::FindSafe failed to localize: 'AIB[R] blocked=prewave-duel reason=uphill dist=843'
08/31 17:22:10 Script function 'Think' on bot npc_dota_hero_nevermore took 2.063ms
08/31 17:22:10 [Localization System] CLocalize::FindSafe failed to localize: 'AIB[R] blocked=harass reason=own_heal_running'
08/31 17:22:10 [Localization System] CLocalize::FindSafe failed to localize: 'AIB[R] intent=tick-owner family=other stage=laning-core'
08/31 17:22:10 [Localization System] CLocalize::FindSafe failed to localize: 'AIB[D] intent=tick-owner family=other stage=laning-core'
08/31 17:22:10 [Localization System] CLocalize::FindSafe failed to localize: 'AIB[R] blocked=ability-harass reason=nothing_castable'
08/31 17:22:10 [Localization System] CLocalize::FindSafe failed to localize: 'AIB[R] intent=wave-watch-work family=other lh=0 idle=25 creep_hp=15 dist=625'
08/31 17:22:10 [Localization System] CLocalize::FindSafe failed to localize: 'AIB[R] intent=top-arbiter family=state winner=wave-watch:10 losers=hero-over-creep:52,idle-heal:46,emergency-retreat:45,fwd-pullback:44,emergency-kill:43.5'
08/31 17:22:10 [Localization System] CLocalize::FindSafe failed to localize: 'AIB[D] blocked=recover-candidate reason=no_action_capped hp=42 score=44 cause=hp_gate_no_action'
08/31 17:22:10 [Localization System] CLocalize::FindSafe failed to localize: 'AIB[D] blocked=hero-over-creep reason=no_target'
08/31 17:22:10 [Localization System] CLocalize::FindSafe failed to localize: 'AIB[D] intent=state-recover-xp family=state ttl=2 reason=regen_lane hp=42 dist=414'
08/31 17:22:10 [Localization System] CLocalize::FindSafe failed to localize: 'AIB[D] intent=top-arbiter family=state winner=idle-heal:46 losers=safe-cs:56,hero-over-creep:52,emergency-retreat:45,fwd-pullback:44,emergency-kill:43.5'
08/31 17:22:10 [Localization System] CLocalize::FindSafe failed to localize: 'AIB[R] blocked=wave-watch reason=step_hold dist=595'
08/31 17:22:10 [Localization System] CLocalize::FindSafe failed to localize: 'AIB[D] intent=recovery-plan family=recover action=back reason=post_fight_regen hp=42'
08/31 17:22:10 [Localization System] CLocalize::FindSafe failed to localize: 'AIB[D] blocked=emergency-kill reason=no_target'
08/31 17:22:10 [Localization System] CLocalize::FindSafe failed to localize: 'AIB[D] blocked=uphill-repo reason=no_reposition'
08/31 17:22:10 [Localization System] CLocalize::FindSafe failed to localize: 'AIB[D] blocked=harass reason=no_target'
08/31 17:22:11 [Localization System] CLocalize::FindSafe failed to localize: 'AIB[R] intent=state-prewave-duel family=safety ttl=2 dist=579 hp=76'
08/31 17:22:11 [Localization System] CLocalize::FindSafe failed to localize: 'AIB[R] blocked=prewave-duel reason=uphill_disengage dist=569'
08/31 17:22:11 [Localization System] CLocalize::FindSafe failed to localize: 'AIB[R] blocked=fight-candidate reason=no_action_capped hp=81 score=40 cause=seen_unreachable'
08/31 17:22:11 [Localization System] CLocalize::FindSafe failed to localize: 'AIB[R] blocked=hero-over-creep reason=no_target'
08/31 17:22:11 [Localization System] CLocalize::FindSafe failed to localize: 'AIB[R] intent=top-arbiter family=state winner=emergency-kill:43.5 losers=hero-over-creep:52,idle-heal:46,emergency-retreat:45,fwd-pullback:44,uphill:43'
08/31 17:22:11 [Localization System] CLocalize::FindSafe failed to localize: 'AIB[D] blocked=buy-loop reason=saving target=item_bottle head=item_bottle cost=675 gold=138 left=1'
08/31 17:22:11 [Localization System] CLocalize::FindSafe failed to localize: 'AIB[R] blocked=buy-loop reason=saving target=item_bottle head=item_bottle cost=675 gold=138 left=1'
08/31 17:22:12 [Localization System] CLocalize::FindSafe failed to localize: 'AIB[R] intent=tick-owner family=other stage=laning-core'
08/31 17:22:12 [Localization System] CLocalize::FindSafe failed to localize: 'AIB[D] intent=tick-owner family=other stage=laning-core'
08/31 17:22:12 [Localization System] CLocalize::FindSafe failed to localize: 'AIB[R] t=46s hp=85% gold=139 loc=-902,-684 enemy-dist=569 lh=0 dn=0 dg=+8 dlh=+0 bottle=-1 lvl=1 front=8139 ehp=41'
08/31 17:22:12 [Localization System] CLocalize::FindSafe failed to localize: 'AIB[R] intent=damage-by-source family=other creep=0 tower=0 hero=505 mixed=0 death=0 other=0 stale=0 gaps=0 tower_any=0'
08/31 17:22:12 [Localization System] CLocalize::FindSafe failed to localize: 'AIB[R] blocked=emergency-kill reason=no_target'
08/31 17:22:12 [Localization System] CLocalize::FindSafe failed to localize: 'AIB[R] blocked=uphill-repo reason=no_step'
08/31 17:22:12 [Localization System] CLocalize::FindSafe failed to localize: 'AIB[R] blocked=visual-hold reason=hero_in_range held=2.2 hp=87 repeat=1 hard=false'
08/31 17:22:13 [Localization System] CLocalize::FindSafe failed to localize: 'AIB[R] blocked=ability-harass reason=nothing_castable'
08/31 17:22:13 [Localization System] CLocalize::FindSafe failed to localize: 'AIB[R] intent=top-arbiter family=state winner=anti-idle:2 losers=hero-over-creep:52,idle-heal:46,emergency-retreat:45,fwd-pullback:44,emergency-kill:43.5'
08/31 17:22:14 [Localization System] CLocalize::FindSafe failed to localize: 'AIB[R] blocked=harass reason=own_heal_running'
08/31 17:22:14 [Localization System] CLocalize::FindSafe failed to localize: 'AIB[R] intent=tick-owner family=other stage=laning-core'
08/31 17:22:14 [Localization System] CLocalize::FindSafe failed to localize: 'AIB[R] blocked=uphill-repo reason=no_reposition'
08/31 17:22:14 [Localization System] CLocalize::FindSafe failed to localize: 'AIB[D] t=48s hp=34% gold=142 loc=1,135 enemy-dist=1477 lh=0 dn=2 dg=+11 dlh=+0 bottle=-1 lvl=1 front=9784 ehp=98'
08/31 17:22:14 [Localization System] CLocalize::FindSafe failed to localize: 'AIB[D] intent=damage-by-source family=other creep=10 tower=0 hero=471 mixed=0 death=0 other=62 stale=41 gaps=1 tower_any=0'
08/31 17:22:14 [Localization System] CLocalize::FindSafe failed to localize: 'AIB[D] intent=recovery-policy family=recover action=recover hp=34 gate=35 source=early-low'
08/31 17:22:14 [Localization System] CLocalize::FindSafe failed to localize: 'AIB[D] intent=tick-owner family=other stage=laning-core'
08/31 17:22:14 [Localization System] CLocalize::FindSafe failed to localize: 'AIB[R] blocked=hero-over-creep reason=no_target'
08/31 17:22:15 [Localization System] CLocalize::FindSafe failed to localize: 'AIB[R] intent=top-arbiter family=state winner=anti-idle:2 losers=hero-over-creep:52,idle-heal:46,emergency-retreat:45,fwd-pullback:44,emergency-kill:43.5'
08/31 17:22:15 [Localization System] CLocalize::FindSafe failed to localize: 'AIB[R] blocked=wave-watch reason=not_finishable creep_hp=517 dist=711 idle=30'
08/31 17:22:15 [Localization System] CLocalize::FindSafe failed to localize: 'AIB[R] blocked=emergency-kill reason=no_target'
08/31 17:22:16 [Localization System] CLocalize::FindSafe failed to localize: 'AIB[R] intent=melee-pack-space family=safety count=2 dist=142'
08/31 17:22:16 [Localization System] CLocalize::FindSafe failed to localize: 'AIB[D] blocked=recover-candidate reason=no_action_capped hp=35 score=44 cause=hp_gate_no_action'
08/31 17:22:16 [Localization System] CLocalize::FindSafe failed to localize: 'AIB[D] blocked=hero-over-creep reason=no_target'
08/31 17:22:16 [Localization System] CLocalize::FindSafe failed to localize: 'AIB[D] intent=top-arbiter family=state winner=idle-heal:46 losers=safe-cs:56,hero-over-creep:52,emergency-retreat:45,fwd-pullback:44,emergency-kill:43.5'
08/31 17:22:16 [Localization System] CLocalize::FindSafe failed to localize: 'AIB[R] intent=top-arbiter family=state winner=creep-work:38.6 losers=hero-over-creep:52,idle-heal:46,emergency-retreat:45,fwd-pullback:44,emergency-kill:43.5'
08/31 17:22:16 [Localization System] CLocalize::FindSafe failed to localize: 'AIB[R] intent=tick-owner family=other stage=laning-core'
08/31 17:22:16 [Localization System] CLocalize::FindSafe failed to localize: 'AIB[D] blocked=emergency-kill reason=no_target'
08/31 17:22:16 [Localization System] CLocalize::FindSafe failed to localize: 'AIB[D] blocked=uphill-repo reason=low_hp_hold'
08/31 17:22:16 [Localization System] CLocalize::FindSafe failed to localize: 'AIB[D] blocked=harass reason=own_heal_running'
08/31 17:22:16 [Localization System] CLocalize::FindSafe failed to localize: 'AIB[D] blocked=ability-harass reason=nothing_castable'
08/31 17:22:16 [Localization System] CLocalize::FindSafe failed to localize: 'AIB[D] intent=tick-owner family=other stage=laning-core'
08/31 17:22:17 [Localization System] CLocalize::FindSafe failed to localize: 'AIB[R] t=51s hp=100% gold=146 loc=-859,-707 enemy-dist=1403 lh=0 dn=1 dg=+7 dlh=+0 bottle=-1 lvl=1 front=8563 ehp=42'
08/31 17:22:17 [Localization System] CLocalize::FindSafe failed to localize: 'AIB[R] blocked=uphill-repo reason=no_reposition'
08/31 17:22:17 [Localization System] CLocalize::FindSafe failed to localize: 'AIB[R] blocked=hero-over-creep reason=no_target'
08/31 17:22:18 [Localization System] CLocalize::FindSafe failed to localize: 'AIB[D] intent=top-arbiter family=state winner=anti-idle:2 losers=safe-cs:56,hero-over-creep:52,idle-heal:46,emergency-retreat:45,fwd-pullback:44'
08/31 17:22:18 [Localization System] CLocalize::FindSafe failed to localize: 'AIB[R] intent=top-arbiter family=state winner=creep-work:38.6 losers=hero-over-creep:52,idle-heal:46,emergency-retreat:45,fwd-pullback:44,emergency-kill:43.5'
08/31 17:22:18 [Localization System] CLocalize::FindSafe failed to localize: 'AIB[D] blocked=uphill-repo reason=no_reposition'
08/31 17:22:18 [Localization System] CLocalize::FindSafe failed to localize: 'AIB[R] blocked=harass reason=own_heal_running'
08/31 17:22:18 [Localization System] CLocalize::FindSafe failed to localize: 'AIB[D] blocked=wave-watch reason=not_finishable creep_hp=396 dist=798 idle=33'
08/31 17:22:18 [Localization System] CLocalize::FindSafe failed to localize: 'AIB[R] intent=tick-owner family=other stage=laning-core'
08/31 17:22:18 [Localization System] CLocalize::FindSafe failed to localize: 'AIB[R] blocked=emergency-kill reason=no_target'
08/31 17:22:18 [Localization System] CLocalize::FindSafe failed to localize: 'AIB[D] intent=tick-owner family=other stage=laning-core'
08/31 17:22:19 [Localization System] CLocalize::FindSafe failed to localize: 'AIB[R] intent=channel-interrupt family=fight dist=1022 hp=100 kind=heal reason=enemy_heal'
08/31 17:22:19 [Localization System] CLocalize::FindSafe failed to localize: 'AIB[D] intent=channel-interrupt family=fight dist=1022 hp=53 kind=heal reason=enemy_heal'
08/31 17:22:19 [Localization System] CLocalize::FindSafe failed to localize: 'AIB[R] blocked=channel-interrupt reason=unsafe dist=860 hp=100 kind=heal'
08/31 17:22:19 [Localization System] CLocalize::FindSafe failed to localize: 'AIB[R] blocked=fight-candidate reason=no_action_capped hp=100 score=40 cause=seen_unreachable'
08/31 17:22:19 [Localization System] CLocalize::FindSafe failed to localize: 'AIB[R] blocked=recovery-buy reason=budget_cap hp=100 gold=149 count=2 allow=2'
08/31 17:22:19 [Localization System] CLocalize::FindSafe failed to localize: 'AIB[R] blocked=uphill-repo reason=not_trading'
08/31 17:22:19 [Localization System] CLocalize::FindSafe failed to localize: 'AIB[R] intent=top-arbiter family=state winner=creep-work:38.6 losers=hero-over-creep:52,idle-heal:46,emergency-retreat:45,fwd-pullback:44,emergency-kill:43.5'
08/31 17:22:19 [Localization System] CLocalize::FindSafe failed to localize: 'AIB[D] t=53s hp=58% gold=150 loc=-265,-136 enemy-dist=742 lh=0 dn=2 dg=+8 dlh=+0 bottle=-1 lvl=1 front=10037 ehp=100'
08/31 17:22:19 [Localization System] CLocalize::FindSafe failed to localize: 'AIB[D] blocked=buy-loop reason=saving target=item_bottle head=item_bottle cost=675 gold=150 left=1'
08/31 17:22:19 [Localization System] CLocalize::FindSafe failed to localize: 'AIB[R] blocked=buy-loop reason=saving target=item_bottle head=item_bottle cost=675 gold=150 left=1'
08/31 17:22:21 [Localization System] CLocalize::FindSafe failed to localize: 'AIB[R] blocked=hero-over-creep reason=no_target'
08/31 17:22:21 [Localization System] CLocalize::FindSafe failed to localize: 'AIB[R] intent=tick-owner family=other stage=laning-core'
08/31 17:22:21 [Localization System] CLocalize::FindSafe failed to localize: 'AIB[D] intent=tick-owner family=other stage=laning-core'
08/31 17:22:21 [Localization System] CLocalize::FindSafe failed to localize: 'AIB[R] intent=top-arbiter family=state winner=creep-work:38.6 losers=hero-over-creep:52,idle-heal:46,emergency-retreat:45,fwd-pullback:44,emergency-kill:43.5'
08/31 17:22:22 [Localization System] CLocalize::FindSafe failed to localize: 'AIB[R] blocked=emergency-kill reason=no_target'
08/31 17:22:22 [Localization System] CLocalize::FindSafe failed to localize: 'AIB[R] blocked=fight-candidate reason=no_action_capped hp=100 score=40 cause=seen_unreachable'
08/31 17:22:22 [Localization System] CLocalize::FindSafe failed to localize: 'AIB[R] blocked=hero-prio-chase reason=lane_work dist=663 cs=false creep=true hp_adv=false kill_pressure=false close=false low_farm=false lane_override=false'
08/31 17:22:22 [Localization System] CLocalize::FindSafe failed to localize: 'AIB[R] blocked=harass reason=no_target'
08/31 17:22:22 [Localization System] CLocalize::FindSafe failed to localize: 'AIB[D] intent=state-desire-last-hit family=farm dist=307 reason=killable_creep score=140'
08/31 17:22:22 [Localization System] CLocalize::FindSafe failed to localize: 'AIB[D] intent=top-arbiter family=state winner=last-hit:140 losers=hero-over-creep:52,cs-inrange:50,idle-heal:46,emergency-retreat:45,fwd-pullback:44'
08/31 17:22:22 [Localization System] CLocalize::FindSafe failed to localize: 'AIB[R] t=56s hp=100% gold=154 loc=-797,-653 enemy-dist=663 lh=0 dn=1 dg=+8 dlh=+0 bottle=-1 lvl=1 front=8563 ehp=77'
08/31 17:22:23 [Localization System] CLocalize::FindSafe failed to localize: 'AIB[R] intent=top-arbiter family=state winner=creep-work:38.6 losers=hero-over-creep:52,idle-heal:46,emergency-retreat:45,fwd-pullback:44,emergency-kill:43.5'
08/31 17:22:23 [Localization System] CLocalize::FindSafe failed to localize: 'AIB[R] intent=tick-owner family=other stage=laning-core'
08/31 17:22:23 [Localization System] CLocalize::FindSafe failed to localize: 'AIB[D] blocked=hero-over-creep reason=no_target'
08/31 17:22:23 [Localization System] CLocalize::FindSafe failed to localize: 'AIB[D] blocked=recovery-buy reason=budget_cap hp=79 gold=155 count=2 allow=2'
08/31 17:22:23 [Localization System] CLocalize::FindSafe failed to localize: 'AIB[D] blocked=emergency-kill reason=no_target'
08/31 17:22:23 [Localization System] CLocalize::FindSafe failed to localize: 'AIB[D] blocked=uphill-repo reason=no_reposition'
08/31 17:22:23 [Localization System] CLocalize::FindSafe failed to localize: 'AIB[D] intent=melee-pack-space family=safety count=3 dist=125'
08/31 17:22:23 [Localization System] CLocalize::FindSafe failed to localize: 'AIB[D] intent=tick-owner family=other stage=desire/ranged-spacing reason=ready score=41 band=lanework'
08/31 17:22:23 [Localization System] CLocalize::FindSafe failed to localize: 'invalid index'
08/31 17:22:23 [Localization System] CLocalize::FindSafe failed to localize: 'AIB[D] blocked=harass reason=own_heal_running'
08/31 17:22:23 [Localization System] CLocalize::FindSafe failed to localize: 'AIB[D] blocked=ability-harass reason=nothing_castable'
08/31 17:22:23 [Localization System] CLocalize::FindSafe failed to localize: 'AIB[R] blocked=uphill-repo reason=not_trading'
08/31 17:22:24 [Localization System] CLocalize::FindSafe failed to localize: 'AIB[D] intent=top-arbiter family=state winner=wave-watch:10 losers=hero-over-creep:52,idle-heal:46,emergency-retreat:45,fwd-pullback:44,emergency-kill:43.5'
08/31 17:22:24 [Localization System] CLocalize::FindSafe failed to localize: 'AIB[R] blocked=hero-over-creep reason=no_target'
08/31 17:22:24 [Localization System] CLocalize::FindSafe failed to localize: 'AIB[R] blocked=channel-interrupt reason=unsafe dist=778 hp=100 kind=heal'
08/31 17:22:24 [Localization System] CLocalize::FindSafe failed to localize: 'AIB[R] intent=top-arbiter family=state winner=creep-work:38.6 losers=hero-over-creep:52,idle-heal:46,emergency-retreat:45,fwd-pullback:44,emergency-kill:43.5'
08/31 17:22:25 [Localization System] CLocalize::FindSafe failed to localize: 'AIB[R] blocked=emergency-kill reason=no_target'
08/31 17:22:25 [Localization System] CLocalize::FindSafe failed to localize: 'AIB[R] intent=tick-owner family=other stage=laning-core'
08/31 17:22:25 [Localization System] CLocalize::FindSafe failed to localize: 'AIB[D] t=58s hp=92% gold=197 loc=-226,-126 enemy-dist=778 lh=1 dn=2 dg=+47 dlh=+1 bottle=-1 lvl=2 front=10037 ehp=100'
08/31 17:22:25 [Localization System] CLocalize::FindSafe failed to localize: 'AIB[D] intent=tick-owner family=other stage=laning-core'
08/31 17:22:25 [Localization System] CLocalize::FindSafe failed to localize: 'AIB[R] intent=state-desire-last-hit family=farm dist=455 reason=killable_creep score=140'
08/31 17:22:25 [Localization System] CLocalize::FindSafe failed to localize: 'AIB[D] intent=top-arbiter family=state winner=creep-work:38.8 losers=hero-over-creep:52,idle-heal:46,emergency-retreat:45,fwd-pullback:44,emergency-kill:43.5'
08/31 17:22:25 [Localization System] CLocalize::FindSafe failed to localize: 'AIB[R] blocked=hero-prio-chase reason=lane_work dist=778 cs=false creep=true hp_adv=false kill_pressure=false close=false low_farm=false lane_override=false'
08/31 17:22:25 [Localization System] CLocalize::FindSafe failed to localize: 'AIB[R] blocked=harass reason=no_target'
08/31 17:22:25 [Localization System] CLocalize::FindSafe failed to localize: 'AIB[D] blocked=visual-hold reason=creep_in_range held=2.5 hp=97 repeat=1 hard=false'
08/31 17:22:26 [Localization System] CLocalize::FindSafe failed to localize: 'AIB[D] blocked=hero-over-creep reason=no_target'
08/31 17:22:26 [Localization System] CLocalize::FindSafe failed to localize: 'AIB[D] blocked=emergency-kill reason=no_target'
08/31 17:22:26 [Localization System] CLocalize::FindSafe failed to localize: 'AIB[D] blocked=uphill-repo reason=no_reposition'
08/31 17:22:26 [Localization System] CLocalize::FindSafe failed to localize: 'AIB[R] intent=top-arbiter family=state winner=creep-work:38.6 losers=hero-over-creep:52,idle-heal:46,emergency-retreat:45,fwd-pullback:44,emergency-kill:43.5'
08/31 17:22:26 [Localization System] CLocalize::FindSafe failed to localize: 'AIB[D] blocked=ability-harass reason=nothing_castable'
08/31 17:22:27 [Localization System] CLocalize::FindSafe failed to localize: 'AIB[R] intent=tick-owner family=other stage=laning-core'
08/31 17:22:27 [Localization System] CLocalize::FindSafe failed to localize: 'AIB[D] intent=tick-owner family=other stage=laning-core'
08/31 17:22:27 [Localization System] CLocalize::FindSafe failed to localize: 'AIB[R] blocked=hero-over-creep reason=no_target'
08/31 17:22:27 [Localization System] CLocalize::FindSafe failed to localize: 'AIB[D] intent=top-arbiter family=state winner=wave-watch:10 losers=hero-over-creep:52,idle-heal:46,emergency-retreat:45,fwd-pullback:44,emergency-kill:43.5'
08/31 17:22:27 [Localization System] CLocalize::FindSafe failed to localize: 'AIB[D] blocked=harass reason=own_heal_running'
08/31 17:22:27 [Localization System] CLocalize::FindSafe failed to localize: 'AIB[R] blocked=recovery-buy reason=budget_cap hp=100 gold=161 count=2 allow=2'
08/31 17:22:27 [Localization System] CLocalize::FindSafe failed to localize: 'AIB[R] blocked=uphill-repo reason=not_trading'
08/31 17:22:27 [Localization System] CLocalize::FindSafe failed to localize: 'AIB[R] t=61s hp=100% gold=162 loc=-797,-653 enemy-dist=778 lh=0 dn=1 dg=+8 dlh=+0 bottle=-1 lvl=1 front=8563 ehp=100'
08/31 17:22:27 [Localization System] CLocalize::FindSafe failed to localize: 'AIB[R] intent=damage-by-source family=other creep=0 tower=0 hero=505 mixed=0 death=0 other=0 stale=0 gaps=0 tower_any=0'
08/31 17:22:27 [Localization System] CLocalize::FindSafe failed to localize: 'AIB[R] intent=top-arbiter family=state winner=creep-work:38.6 losers=hero-over-creep:52,idle-heal:46,emergency-retreat:45,fwd-pullback:44,emergency-kill:43.5'
08/31 17:22:28 [Localization System] CLocalize::FindSafe failed to localize: 'AIB[D] blocked=buy-loop reason=saving target=item_bottle head=item_bottle cost=675 gold=201 left=1'
08/31 17:22:28 [Localization System] CLocalize::FindSafe failed to localize: 'AIB[R] blocked=buy-loop reason=saving target=item_bottle head=item_bottle cost=675 gold=162 left=1'
08/31 17:22:28 [Localization System] CLocalize::FindSafe failed to localize: 'AIB[R] blocked=emergency-kill reason=no_target'
08/31 17:22:28 [Localization System] CLocalize::FindSafe failed to localize: 'AIB[D] blocked=visual-hold reason=creep_in_range held=4.7 hp=100 repeat=3 hard=true'
08/31 17:22:28 Script function 'Think' on bot npc_dota_hero_nevermore took 2.420ms
08/31 17:22:28 [Localization System] CLocalize::FindSafe failed to localize: 'AIB[D] intent=state-desire-last-hit family=farm dist=385 reason=killable_creep score=140'
08/31 17:22:28 [Localization System] CLocalize::FindSafe failed to localize: 'AIB[D] intent=top-arbiter family=state winner=last-hit:158 losers=hero-over-creep:52,cs-inrange:50,idle-heal:46,emergency-retreat:45,fwd-pullback:44'
08/31 17:22:28 [Localization System] CLocalize::FindSafe failed to localize: 'AIB[R] blocked=hero-prio-chase reason=lane_work dist=778 cs=true creep=true hp_adv=false kill_pressure=false close=false low_farm=false lane_override=false'
08/31 17:22:28 [Localization System] CLocalize::FindSafe failed to localize: 'AIB[R] blocked=harass reason=no_target'
08/31 17:22:29 [Localization System] CLocalize::FindSafe failed to localize: 'AIB[D] intent=tick-owner family=other stage=laning-core'
08/31 17:22:29 [Localization System] CLocalize::FindSafe failed to localize: 'AIB[R] intent=tick-owner family=other stage=laning-core'
08/31 17:22:29 [Localization System] CLocalize::FindSafe failed to localize: 'AIB[R] intent=top-arbiter family=state winner=creep-work:38.6 losers=hero-over-creep:52,idle-heal:46,emergency-retreat:45,fwd-pullback:44,emergency-kill:43.5'
08/31 17:22:29 [Localization System] CLocalize::FindSafe failed to localize: 'AIB[D] blocked=hero-over-creep reason=no_target'
08/31 17:22:29 [Localization System] CLocalize::FindSafe failed to localize: 'AIB[D] blocked=emergency-kill reason=no_target'
08/31 17:22:29 [Localization System] CLocalize::FindSafe failed to localize: 'AIB[D] blocked=uphill-repo reason=no_reposition'
08/31 17:22:29 [Localization System] CLocalize::FindSafe failed to localize: 'AIB[R] blocked=channel-interrupt reason=unsafe dist=778 hp=100 kind=heal'
08/31 17:22:29 [Localization System] CLocalize::FindSafe failed to localize: 'AIB[D] blocked=ability-harass reason=nothing_castable'
08/31 17:22:29 [Localization System] CLocalize::FindSafe failed to localize: 'AIB[D] intent=wave-watch-work family=other lh=1 idle=6 creep_hp=16 dist=385'
08/31 17:22:29 [Localization System] CLocalize::FindSafe failed to localize: 'AIB[R] intent=state-desire-last-hit family=farm dist=388 reason=killable_creep score=140'
08/31 17:22:29 [Localization System] CLocalize::FindSafe failed to localize: 'AIB[D] intent=damage-by-source family=other creep=10 tower=0 hero=471 mixed=0 death=0 other=62 stale=41 gaps=1 tower_any=0'
08/31 17:22:29 [Localization System] CLocalize::FindSafe failed to localize: 'AIB[D] blocked=harass reason=no_target'
08/31 17:22:30 [Localization System] CLocalize::FindSafe failed to localize: 'AIB[D] t=63s hp=100% gold=204 loc=-226,-126 enemy-dist=778 lh=1 dn=3 dg=+7 dlh=+0 bottle=-1 lvl=2 front=10037 ehp=100'
08/31 17:22:30 [Localization System] CLocalize::FindSafe failed to localize: 'AIB[D] blocked=wave-watch reason=not_finishable creep_hp=300 dist=832 idle=7'
08/31 17:22:30 [Localization System] CLocalize::FindSafe failed to localize: 'AIB[R] blocked=hero-over-creep reason=no_target'
08/31 17:22:30 [Localization System] CLocalize::FindSafe failed to localize: 'AIB[D] intent=top-arbiter family=state winner=wave-watch:10 losers=hero-over-creep:52,idle-heal:46,emergency-retreat:45,fwd-pullback:44,emergency-kill:43.5'
08/31 17:22:30 [Localization System] CLocalize::FindSafe failed to localize: 'invalid index'
08/31 17:22:30 [Localization System] CLocalize::FindSafe failed to localize: 'AIB[D] blocked=visual-hold reason=creep_in_range held=7.1 hp=100 repeat=5 hard=true'
08/31 17:22:30 [Localization System] CLocalize::FindSafe failed to localize: 'AIB[R] intent=top-arbiter family=state winner=last-hit:158 losers=hero-over-creep:52,cs-inrange:50,idle-heal:46,emergency-retreat:45,fwd-pullback:44'
08/31 17:22:31 [Localization System] CLocalize::FindSafe failed to localize: 'AIB[D] blocked=recovery-buy reason=budget_cap hp=100 gold=206 count=2 allow=2'
08/31 17:22:31 [Localization System] CLocalize::FindSafe failed to localize: 'AIB[D] intent=tick-owner family=other stage=laning-core'
08/31 17:22:31 [Localization System] CLocalize::FindSafe failed to localize: 'AIB[R] blocked=emergency-kill reason=no_target'
08/31 17:22:31 [Localization System] CLocalize::FindSafe failed to localize: 'AIB[R] intent=tick-owner family=other stage=laning-core'
08/31 17:22:31 [Localization System] CLocalize::FindSafe failed to localize: 'AIB[R] blocked=uphill-repo reason=not_trading'
08/31 17:22:31 [Localization System] CLocalize::FindSafe failed to localize: 'AIB[D] intent=top-arbiter family=state winner=wave-watch:10 losers=hero-over-creep:52,idle-heal:46,emergency-retreat:45,fwd-pullback:44,emergency-kill:43.5'
08/31 17:22:31 [Localization System] CLocalize::FindSafe failed to localize: 'AIB[R] blocked=uphill-repo reason=motor_busy'
08/31 17:22:32 [Localization System] CLocalize::FindSafe failed to localize: 'AIB[D] intent=state-desire-fight family=state base=78 range=18 dist=615 hp=100 ehp=100 reason=enemy_seen score=96'
08/31 17:22:32 [Localization System] CLocalize::FindSafe failed to localize: 'AIB[D] blocked=ability-pressure reason=nothing_castable'
08/31 17:22:32 [Localization System] CLocalize::FindSafe failed to localize: 'AIB[D] intent=hero-contact family=fight dist=615 hp=100 reason=close_enemy'
08/31 17:22:32 [Localization System] CLocalize::FindSafe failed to localize: 'AIB[R] intent=state-desire-fight family=state base=78 range=18 dist=564 hp=100 ehp=100 reason=enemy_seen score=96'
08/31 17:22:32 [Localization System] CLocalize::FindSafe failed to localize: 'AIB[R] blocked=ability-pressure reason=nothing_castable'
08/31 17:22:32 [Localization System] CLocalize::FindSafe failed to localize: 'AIB[R] intent=hero-contact family=fight dist=564 hp=100 reason=attackable_enemy'
08/31 17:22:32 [Localization System] CLocalize::FindSafe failed to localize: 'AIB[D] blocked=hero-contact reason=refractory since=0.20'
08/31 17:22:32 [Localization System] CLocalize::FindSafe failed to localize: 'AIB[D] intent=hero-pass family=fight dist=534 hp=100 reason=nearby_enemy'
08/31 17:22:32 [Localization System] CLocalize::FindSafe failed to localize: 'AIB[R] blocked=hero-contact reason=refractory since=0.17'
08/31 17:22:32 [Localization System] CLocalize::FindSafe failed to localize: 'AIB[R] intent=hero-pass family=fight dist=534 hp=100 reason=nearby_enemy'
08/31 17:22:32 [Localization System] CLocalize::FindSafe failed to localize: 'AIB[R] intent=top-arbiter family=state winner=fight:114 losers=hero-over-creep:52,idle-heal:46,emergency-retreat:45,fwd-pullback:44,emergency-kill:43.5'
08/31 17:22:32 [Localization System] CLocalize::FindSafe failed to localize: 'AIB[D] blocked=top-arbiter reason=empty_action winner=fight score=114'
08/31 17:22:32 [Localization System] CLocalize::FindSafe failed to localize: 'AIB[D] blocked=hero-over-creep reason=no_target'
08/31 17:22:32 [Localization System] CLocalize::FindSafe failed to localize: 'AIB[D] blocked=emergency-kill reason=no_target'
08/31 17:22:32 [Localization System] CLocalize::FindSafe failed to localize: 'AIB[D] blocked=uphill-repo reason=no_reposition'
08/31 17:22:32 [Localization System] CLocalize::FindSafe failed to localize: 'AIB[D] blocked=visual-hold reason=hero_in_range held=9.2 hp=100 repeat=1 hard=true'
08/31 17:22:32 [Localization System] CLocalize::FindSafe failed to localize: 'AIB[R] blocked=top-arbiter reason=empty_action winner=fight score=114'
08/31 17:22:32 [Localization System] CLocalize::FindSafe failed to localize: 'AIB[D] blocked=ability-harass reason=nothing_castable'
08/31 17:22:32 [Localization System] CLocalize::FindSafe failed to localize: 'AIB[R] t=66s hp=100% gold=205 loc=-655,-522 enemy-dist=534 lh=1 dn=1 dg=+43 dlh=+1 bottle=-1 lvl=2 front=8703 ehp=100'
08/31 17:22:33 [Localization System] CLocalize::FindSafe failed to localize: 'AIB[D] intent=state-desire-safety family=state base=108 creep_dmg=8 hp=98 creep=true hero=false reason=recent_damage score=116'
08/31 17:22:33 [Localization System] CLocalize::FindSafe failed to localize: 'AIB[D] intent=creep-hit-react family=safety dist=130 hp=98 hits=1 reason=attack'
08/31 17:22:33 [Localization System] CLocalize::FindSafe failed to localize: 'AIB[R] blocked=hero-over-creep reason=no_target'
08/31 17:22:33 [Localization System] CLocalize::FindSafe failed to localize: 'AIB[R] blocked=uphill-repo reason=no_reposition'
08/31 17:22:33 [Localization System] CLocalize::FindSafe failed to localize: 'AIB[R] intent=tick-owner family=other stage=laning-core'
08/31 17:22:33 [Localization System] CLocalize::FindSafe failed to localize: 'AIB[D] blocked=safety-candidate reason=no_action_capped hp=91 score=44 cause=symptom_no_action'
08/31 17:22:33 [Localization System] CLocalize::FindSafe failed to localize: 'AIB[D] intent=tick-owner family=other stage=laning-core'
08/31 17:22:33 [Localization System] CLocalize::FindSafe failed to localize: 'AIB[D] blocked=creep-aggro reason=hero_trading hp=89 hits=1'
08/31 17:22:33 [Localization System] CLocalize::FindSafe failed to localize: 'AIB[D] blocked=creep-aggro reason=chip_ignored hp=89 hits=1'
08/31 17:22:33 [Localization System] CLocalize::FindSafe failed to localize: 'AIB[D] blocked=harass reason=no_target'
08/31 17:22:33 [Localization System] CLocalize::FindSafe failed to localize: 'AIB[D] blocked=wave-watch reason=not_finishable creep_hp=274 dist=130 idle=10'
08/31 17:22:33 [Localization System] CLocalize::FindSafe failed to localize: 'AIB[D] intent=top-arbiter family=state winner=wave-watch:10 losers=fight:114,hero-over-creep:52,idle-heal:46,emergency-retreat:45,fwd-pullback:44'
08/31 17:22:33 [Localization System] CLocalize::FindSafe failed to localize: 'AIB[D] blocked=visual-hold reason=creep_damage held=10.3 hp=89 repeat=1 hard=true'
08/31 17:22:33 [Localization System] CLocalize::FindSafe failed to localize: 'AIB[D] intent=state-desire-fight family=state base=78 range=18 dist=534 hp=89 ehp=93 reason=enemy_seen score=96'
08/31 17:22:33 [Localization System] CLocalize::FindSafe failed to localize: 'AIB[D] intent=arbiter family=fight winner=hero-pass:105 losers=creep-aggro:10'
08/31 17:22:33 [Localization System] CLocalize::FindSafe failed to localize: 'AIB[R] intent=state-desire-fight family=state base=78 range=18 dist=534 hp=93 ehp=89 hyst=18 reason=enemy_seen score=114'
08/31 17:22:34 [Localization System] CLocalize::FindSafe failed to localize: 'AIB[R] intent=top-arbiter family=state winner=harass:40 losers=fight:114,hero-over-creep:52,idle-heal:46,emergency-retreat:45,fwd-pullback:44'
08/31 17:22:34 [Localization System] CLocalize::FindSafe failed to localize: 'AIB[R] blocked=top-arbiter reason=empty_action winner=fight score=96'
08/31 17:22:34 [Localization System] CLocalize::FindSafe failed to localize: 'AIB[R] blocked=emergency-kill reason=no_target'
08/31 17:22:34 [Localization System] CLocalize::FindSafe failed to localize: 'AIB[D] intent=creep-aggro family=safety hp=86 dest=276,405 reason=chip_step'
08/31 17:22:35 [Localization System] CLocalize::FindSafe failed to localize: 'AIB[R] blocked=uphill-repo reason=motor_busy'
08/31 17:22:35 [Localization System] CLocalize::FindSafe failed to localize: 'AIB[D] intent=top-arbiter family=state winner=fight:114 losers=hero-over-creep:52,idle-heal:46,emergency-retreat:45,fwd-pullback:44,emergency-kill:43.5'
08/31 17:22:35 [Localization System] CLocalize::FindSafe failed to localize: 'AIB[D] t=68s hp=77% gold=212 loc=-180,-56 enemy-dist=514 lh=1 dn=4 dg=+8 dlh=+0 bottle=-1 lvl=2 front=9649 ehp=85'
08/31 17:22:35 [Localization System] CLocalize::FindSafe failed to localize: 'AIB[D] blocked=ability-pressure reason=nothing_castable'
08/31 17:22:35 [Localization System] CLocalize::FindSafe failed to localize: 'AIB[R] intent=tick-owner family=other stage=laning-core'
08/31 17:22:35 [Localization System] CLocalize::FindSafe failed to localize: 'AIB[D] intent=state-desire-fight family=state base=78 range=18 dist=534 hp=77 ehp=85 hyst=18 reason=enemy_seen score=114'
08/31 17:22:35 [Localization System] CLocalize::FindSafe failed to localize: 'AIB[D] intent=tick-owner family=other stage=laning-core'
08/31 17:22:35 [Localization System] CLocalize::FindSafe failed to localize: 'AIB[R] intent=state-desire-fight family=state base=78 range=18 dist=544 hp=85 ehp=77 hyst=18 reason=enemy_seen score=114'
08/31 17:22:35 [Localization System] CLocalize::FindSafe failed to localize: 'AIB[R] blocked=ability-pressure reason=nothing_castable'
08/31 17:22:35 [Localization System] CLocalize::FindSafe failed to localize: 'AIB[R] blocked=hero-contact reason=refractory since=0.43'
08/31 17:22:35 [Localization System] CLocalize::FindSafe failed to localize: 'AIB[R] blocked=recovery-buy reason=budget_cap hp=85 gold=209 count=2 allow=2'
08/31 17:22:35 [Localization System] CLocalize::FindSafe failed to localize: 'AIB[R] intent=top-arbiter family=state winner=harass:40 losers=fight:96,hero-over-creep:52,idle-heal:46,emergency-retreat:45,fwd-pullback:44'
08/31 17:22:35 [Localization System] CLocalize::FindSafe failed to localize: 'AIB[D] intent=state-desire-safety family=state base=108 creep_dmg=8 hp=75 creep=true hero=false reason=recent_damage score=116'
08/31 17:22:35 [Localization System] CLocalize::FindSafe failed to localize: 'AIB[D] intent=creep-hit-react family=safety dist=312 hp=75 hits=3 reason=attack'
08/31 17:22:35 [Localization System] CLocalize::FindSafe failed to localize: 'AIB[D] blocked=hero-contact reason=refractory since=0.17'
08/31 17:22:36 [Localization System] CLocalize::FindSafe failed to localize: 'AIB[D] blocked=buy-loop reason=saving target=item_bottle head=item_bottle cost=675 gold=213 left=1'
08/31 17:22:36 [Localization System] CLocalize::FindSafe failed to localize: 'AIB[R] blocked=buy-loop reason=saving target=item_bottle head=item_bottle cost=675 gold=210 left=1'
08/31 17:22:36 [Localization System] CLocalize::FindSafe failed to localize: 'AIB[D] blocked=safety-candidate reason=no_action_capped hp=76 score=44 cause=symptom_no_action'
08/31 17:22:36 [Localization System] CLocalize::FindSafe failed to localize: 'AIB[D] blocked=hero-over-creep reason=no_target'
08/31 17:22:36 [Localization System] CLocalize::FindSafe failed to localize: 'AIB[D] blocked=emergency-kill reason=no_target'
08/31 17:22:36 [Localization System] CLocalize::FindSafe failed to localize: 'AIB[D] blocked=uphill-repo reason=no_reposition'
08/31 17:22:36 [Localization System] CLocalize::FindSafe failed to localize: 'AIB[R] blocked=hero-over-creep reason=no_target'
08/31 17:22:36 [Localization System] CLocalize::FindSafe failed to localize: 'AIB[D] blocked=uphill-repo reason=not_trading'
08/31 17:22:36 [Localization System] CLocalize::FindSafe failed to localize: 'AIB[D] blocked=harass reason=no_target'
08/31 17:22:36 [Localization System] CLocalize::FindSafe failed to localize: 'AIB[D] intent=top-arbiter family=state winner=creep-work:38.8 losers=hero-over-creep:52,idle-heal:46,emergency-retreat:45,fwd-pullback:44,emergency-kill:43.5'
08/31 17:22:37 [Localization System] CLocalize::FindSafe failed to localize: 'AIB[R] intent=top-arbiter family=state winner=harass:40 losers=hero-over-creep:52,idle-heal:46,emergency-retreat:45,fwd-pullback:44,emergency-kill:43.5'
08/31 17:22:37 [Localization System] CLocalize::FindSafe failed to localize: 'AIB[R] intent=state-desire-fight family=state base=78 range=18 dist=575 hp=86 ehp=76 hyst=18 reason=enemy_seen score=114'
08/31 17:22:37 [Localization System] CLocalize::FindSafe failed to localize: 'AIB[R] intent=hero-contact family=fight dist=575 hp=86 reason=attackable_enemy'
08/31 17:22:37 [Localization System] CLocalize::FindSafe failed to localize: 'AIB[R] intent=tick-owner family=other stage=desire/fight base=78 range=18 dist=575 hp=86 ehp=76 hyst=18 reason=enemy_seen score=114'
08/31 17:22:37 [Localization System] CLocalize::FindSafe failed to localize: 'AIB[D] blocked=fight-candidate reason=no_action_capped hp=76 score=40 cause=seen_unreachable'
08/31 17:22:37 [Localization System] CLocalize::FindSafe failed to localize: 'AIB[R] intent=hero-pass family=fight dist=564 hp=86 reason=nearby_enemy'
08/31 17:22:37 [Localization System] CLocalize::FindSafe failed to localize: 'AIB[D] intent=state-desire-safety family=state base=108 creep_dmg=8 hp=74 creep=true hero=false reason=recent_damage score=116'
08/31 17:22:37 [Localization System] CLocalize::FindSafe failed to localize: 'AIB[D] intent=creep-hit-react family=safety dist=261 hp=74 hits=4 reason=attack'
08/31 17:22:37 [Localization System] CLocalize::FindSafe failed to localize: 'AIB[D] intent=tick-owner family=other stage=laning-core'
08/31 17:22:37 [Localization System] CLocalize::FindSafe failed to localize: 'AIB[R] blocked=top-arbiter reason=empty_action winner=fight score=114'
08/31 17:22:37 [Localization System] CLocalize::FindSafe failed to localize: 'AIB[R] blocked=emergency-kill reason=no_target'
08/31 17:22:37 [Localization System] CLocalize::FindSafe failed to localize: 'AIB[R] t=71s hp=86% gold=213 loc=-294,-165 enemy-dist=564 lh=1 dn=1 dg=+8 dlh=+0 bottle=-1 lvl=2 front=9117 ehp=75'
08/31 17:22:37 [Localization System] CLocalize::FindSafe failed to localize: 'AIB[D] blocked=ability-harass reason=nothing_castable'
08/31 17:22:37 [Localization System] CLocalize::FindSafe failed to localize: 'AIB[D] intent=wave-watch-work family=other lh=1 idle=15 creep_hp=92 dist=261'
08/31 17:22:38 [Localization System] CLocalize::FindSafe failed to localize: 'AIB[D] intent=top-arbiter family=state winner=wave-watch:10 losers=hero-over-creep:52,idle-heal:46,emergency-retreat:45,fwd-pullback:44,emergency-kill:43.5'
08/31 17:22:38 [Localization System] CLocalize::FindSafe failed to localize: 'AIB[R] blocked=uphill-repo reason=no_reposition'
08/31 17:22:38 [Localization System] CLocalize::FindSafe failed to localize: 'AIB[R] blocked=ability-pressure reason=nothing_castable'
08/31 17:22:38 [Localization System] CLocalize::FindSafe failed to localize: 'AIB[R] intent=state-desire-safety family=state base=108 creep_dmg=8 hp=85 creep=true hero=false reason=recent_damage score=116'
08/31 17:22:38 [Localization System] CLocalize::FindSafe failed to localize: 'AIB[R] intent=creep-hit-react family=safety dist=111 hp=85 hits=1 reason=attack'
08/31 17:22:38 [Localization System] CLocalize::FindSafe failed to localize: 'AIB[R] blocked=safety-candidate reason=no_action_capped hp=85 score=44 cause=symptom_no_action'
08/31 17:22:38 [Localization System] CLocalize::FindSafe failed to localize: 'AIB[R] intent=top-arbiter family=state winner=fight:104 losers=hero-over-creep:52,idle-heal:46,emergency-retreat:45,fwd-pullback:44,emergency-kill:43.5'
08/31 17:22:38 [Localization System] CLocalize::FindSafe failed to localize: 'AIB[R] intent=state-desire-fight family=state base=78 range=18 hp_adv=8 dist=564 hp=85 ehp=69 hyst=18 reason=enemy_seen score=122'
08/31 17:22:38 [Localization System] CLocalize::FindSafe failed to localize: 'AIB[R] blocked=hero-contact reason=refractory since=0.20'
08/31 17:22:38 [Localization System] CLocalize::FindSafe failed to localize: 'AIB[R] intent=arbiter family=fight winner=creep-aggro:112 losers=hero-pass:105'
08/31 17:22:38 [Localization System] CLocalize::FindSafe failed to localize: 'AIB[R] intent=creep-aggro family=safety hp=85 reason=creep_hitting'
08/31 17:22:39 [Localization System] CLocalize::FindSafe failed to localize: 'AIB[D] blocked=hero-over-creep reason=no_target'
08/31 17:22:39 [Localization System] CLocalize::FindSafe failed to localize: 'AIB[D] blocked=recovery-buy reason=budget_cap hp=69 gold=218 count=2 allow=2'
08/31 17:22:39 [Localization System] CLocalize::FindSafe failed to localize: 'AIB[D] blocked=emergency-kill reason=no_target'
08/31 17:22:39 [Localization System] CLocalize::FindSafe failed to localize: 'AIB[D] blocked=uphill-repo reason=no_reposition'
08/31 17:22:39 [Localization System] CLocalize::FindSafe failed to localize: 'AIB[R] intent=tick-owner family=other stage=desire/fight base=78 range=18 hp_adv=8 dist=564 hp=85 ehp=69 hyst=18 reason=enemy_seen score=122'
08/31 17:22:39 [Localization System] CLocalize::FindSafe failed to localize: 'AIB[D] intent=state-desire-fight family=state base=78 range=18 hp_behind=-8 dist=564 hp=69 ehp=84 reason=enemy_seen score=88'
08/31 17:22:39 [Localization System] CLocalize::FindSafe failed to localize: 'AIB[D] blocked=ability-pressure reason=nothing_castable'
08/31 17:22:39 [Localization System] CLocalize::FindSafe failed to localize: 'AIB[D] intent=hero-contact family=fight dist=564 hp=69 reason=attackable_enemy'
08/31 17:22:39 [Localization System] CLocalize::FindSafe failed to localize: 'AIB[D] blocked=hero-contact reason=refractory since=0.20'
08/31 17:22:39 [Localization System] CLocalize::FindSafe failed to localize: 'AIB[D] intent=hero-pass family=fight dist=564 hp=69 reason=nearby_enemy'
08/31 17:22:39 [Localization System] CLocalize::FindSafe failed to localize: 'AIB[D] intent=tick-owner family=other stage=fight intent=hero-pass'
08/31 17:22:39 [Localization System] CLocalize::FindSafe failed to localize: 'AIB[D] blocked=top-arbiter reason=empty_action winner=fight score=106'
08/31 17:22:39 [Localization System] CLocalize::FindSafe failed to localize: 'AIB[D] blocked=harass reason=no_target'
08/31 17:22:39 [Localization System] CLocalize::FindSafe failed to localize: 'AIB[D] blocked=visual-hold reason=hero_in_range held=2.1 hp=70 repeat=1 hard=false'
08/31 17:22:39 [Localization System] CLocalize::FindSafe failed to localize: 'AIB[D] intent=top-arbiter family=state winner=visual-hold:20 losers=fight:88,hero-over-creep:52,idle-heal:46,emergency-retreat:45,fwd-pullback:44'
08/31 17:22:40 [Localization System] CLocalize::FindSafe failed to localize: 'AIB[D] t=73s hp=70% gold=219 loc=106,233 enemy-dist=564 lh=1 dn=4 dg=+7 dlh=+0 bottle=-1 lvl=2 front=9649 ehp=84'
08/31 17:22:40 [Localization System] CLocalize::FindSafe failed to localize: 'AIB[R] intent=top-arbiter family=state winner=fight:122 losers=safety:116,hero-over-creep:52,idle-heal:46,emergency-retreat:45,fwd-pullback:44'
08/31 17:22:40 [Localization System] CLocalize::FindSafe failed to localize: 'AIB[D] blocked=fight-candidate reason=no_action_capped hp=70 score=40 cause=seen_unreachable'
08/31 17:22:40 [Localization System] CLocalize::FindSafe failed to localize: 'AIB[D] blocked=uphill-repo reason=motor_busy'
08/31 17:22:40 [Localization System] CLocalize::FindSafe failed to localize: 'AIB[R] intent=state-desire-fight family=state base=78 range=18 hp_adv=8 dist=595 hp=84 ehp=70 hyst=18 reason=enemy_seen score=122'
08/31 17:22:40 [Localization System] CLocalize::FindSafe failed to localize: 'AIB[R] intent=state-desire-safety family=state base=108 creep_dmg=8 hp=83 creep=true hero=false reason=recent_damage score=116'
08/31 17:22:40 [Localization System] CLocalize::FindSafe failed to localize: 'AIB[R] intent=creep-hit-react family=safety dist=140 hp=83 hits=2 reason=attack'
08/31 17:22:40 [Localization System] CLocalize::FindSafe failed to localize: 'AIB[D] blocked=ability-harass reason=nothing_castable'
08/31 17:22:41 [Localization System] CLocalize::FindSafe failed to localize: 'AIB[R] blocked=creep-aggro reason=hero_trading hp=75 hits=4'
08/31 17:22:41 [Localization System] CLocalize::FindSafe failed to localize: 'AIB[D] intent=state-desire-fight family=state base=78 range=18 dist=522 hp=70 ehp=75 hyst=18 reason=enemy_seen score=114'
08/31 17:22:41 [Localization System] CLocalize::FindSafe failed to localize: 'AIB[R] intent=arbiter family=fight winner=hero-pass:105 losers=creep-aggro:72'
08/31 17:22:41 [Localization System] CLocalize::FindSafe failed to localize: 'AIB[R] blocked=ability-pressure reason=nothing_castable'
08/31 17:22:41 [Localization System] CLocalize::FindSafe failed to localize: 'AIB[R] intent=tick-owner family=other stage=desire/fight base=78 range=18 dist=552 hp=74 ehp=71 hyst=18 reason=enemy_seen score=114'
08/31 17:22:41 [Localization System] CLocalize::FindSafe failed to localize: 'AIB[R] blocked=safety-candidate reason=no_action_capped hp=74 score=44 cause=symptom_no_action'
08/31 17:22:41 [Localization System] CLocalize::FindSafe failed to localize: 'AIB[D] blocked=uphill-repo reason=no_step'
08/31 17:22:41 [Localization System] CLocalize::FindSafe failed to localize: 'AIB[R] intent=top-arbiter family=state winner=fight:114 losers=hero-over-creep:52,idle-heal:46,emergency-retreat:45,fwd-pullback:44,emergency-kill:43.5'
08/31 17:22:42 [Localization System] CLocalize::FindSafe failed to localize: 'AIB[R] intent=state-desire-fight family=state base=78 range=18 dist=572 hp=66 ehp=71 hyst=18 reason=enemy_seen score=114'
08/31 17:22:42 [Localization System] CLocalize::FindSafe failed to localize: 'AIB[R] blocked=hero-contact reason=refractory since=0.47'
08/31 17:22:42 [Localization System] CLocalize::FindSafe failed to localize: 'AIB[R] intent=state-desire-safety family=state base=108 creep_dmg=8 hp=67 creep=true hero=true reason=recent_damage score=116'
08/31 17:22:42 [Localization System] CLocalize::FindSafe failed to localize: 'AIB[R] intent=creep-hit-react family=safety dist=249 hp=67 hits=3 reason=attack'
08/31 17:22:42 [Localization System] CLocalize::FindSafe failed to localize: 'AIB[D] blocked=hero-over-creep reason=no_target'
08/31 17:22:42 [Localization System] CLocalize::FindSafe failed to localize: 'AIB[D] blocked=emergency-kill reason=no_target'
08/31 17:22:42 [Localization System] CLocalize::FindSafe failed to localize: 'AIB[R] intent=hero-contact family=fight dist=592 hp=67 reason=attackable_enemy'
08/31 17:22:42 [Localization System] CLocalize::FindSafe failed to localize: 'AIB[R] intent=hero-pass family=fight dist=572 hp=65 reason=nearby_enemy'
08/31 17:22:42 [Localization System] CLocalize::FindSafe failed to localize: 'AIB[D] blocked=harass reason=no_target'
08/31 17:22:42 [Localization System] CLocalize::FindSafe failed to localize: 'AIB[D] intent=top-arbiter family=state winner=creep-work:38.8 losers=hero-over-creep:52,idle-heal:46,emergency-retreat:45,fwd-pullback:44,emergency-kill:43.5'
08/31 17:22:42 [Localization System] CLocalize::FindSafe failed to localize: 'AIB[D] intent=tick-owner family=other stage=desire/creep-work reason=ready score=39 band=lanework'
08/31 17:22:43 [Localization System] CLocalize::FindSafe failed to localize: 'AIB[D] intent=lane-line-episode family=other dist=669 fwd=0.48'
08/31 17:22:43 [Localization System] CLocalize::FindSafe failed to localize: 'AIB[D] blocked=uphill-repo reason=motor_busy'
08/31 17:22:43 [Localization System] CLocalize::FindSafe failed to localize: 'AIB[D] blocked=ability-harass reason=nothing_castable'
08/31 17:22:43 [Localization System] CLocalize::FindSafe failed to localize: 'AIB[D] blocked=wave-watch reason=not_finishable creep_hp=300 dist=580 idle=21'
08/31 17:22:44 [Localization System] CLocalize::FindSafe failed to localize: 'AIB[D] blocked=buy-loop reason=saving target=item_bottle head=item_bottle cost=675 gold=225 left=1'
08/31 17:22:44 [Localization System] CLocalize::FindSafe failed to localize: 'AIB[R] blocked=buy-loop reason=saving target=item_bottle head=item_bottle cost=675 gold=222 left=1'
08/31 17:22:44 [Localization System] CLocalize::FindSafe failed to localize: 'AIB[D] intent=top-arbiter family=state winner=wave-watch:10 losers=hero-over-creep:52,idle-heal:46,emergency-retreat:45,fwd-pullback:44,emergency-kill:43.5'
08/31 17:22:44 [Localization System] CLocalize::FindSafe failed to localize: 'AIB[D] intent=damage-by-source family=other creep=81 tower=0 hero=509 mixed=99 death=0 other=62 stale=41 gaps=1 tower_any=0'
08/31 17:22:44 [Localization System] CLocalize::FindSafe failed to localize: 'AIB[D] intent=tick-owner family=other stage=laning-core'
08/31 17:22:44 [Localization System] CLocalize::FindSafe failed to localize: 'AIB[R] t=78s hp=65% gold=223 loc=-784,-630 enemy-dist=843 lh=1 dn=1 dg=+10 dlh=+0 bottle=-1 lvl=2 front=8593 ehp=71'
08/31 17:22:44 [Localization System] CLocalize::FindSafe failed to localize: 'AIB[R] intent=damage-by-source family=other creep=47 tower=0 hero=653 mixed=48 death=0 other=0 stale=4 gaps=1 tower_any=0'
08/31 17:22:44 [Localization System] CLocalize::FindSafe failed to localize: 'AIB[R] blocked=hero-over-creep reason=no_target'
08/31 17:22:44 [Localization System] CLocalize::FindSafe failed to localize: 'AIB[R] blocked=recovery-buy reason=budget_cap hp=65 gold=223 count=2 allow=2'
08/31 17:22:44 [Localization System] CLocalize::FindSafe failed to localize: 'AIB[R] blocked=emergency-kill reason=no_target'
08/31 17:22:44 [Localization System] CLocalize::FindSafe failed to localize: 'AIB[R] blocked=uphill-repo reason=no_reposition'
08/31 17:22:44 [Localization System] CLocalize::FindSafe failed to localize: 'AIB[R] intent=top-arbiter family=state winner=harass:40 losers=hero-over-creep:52,idle-heal:46,emergency-retreat:45,fwd-pullback:44,emergency-kill:43.5'
08/31 17:22:44 [Localization System] CLocalize::FindSafe failed to localize: 'AIB[R] intent=tick-owner family=other stage=desire/harass reason=ready score=40 band=lanework'
08/31 17:22:45 [Localization System] CLocalize::FindSafe failed to localize: 'AIB[D] intent=state-desire-safety family=state base=108 creep_dmg=8 hp=71 creep=true hero=false reason=recent_damage score=116'
08/31 17:22:45 [Localization System] CLocalize::FindSafe failed to localize: 'AIB[D] intent=creep-hit-react family=safety dist=434 hp=71 hits=1 reason=attack'
08/31 17:22:45 [Localization System] CLocalize::FindSafe failed to localize: 'AIB[R] blocked=uphill-repo reason=motor_busy'
08/31 17:22:45 [Localization System] CLocalize::FindSafe failed to localize: 'AIB[D] blocked=safety-candidate reason=no_action_capped hp=71 score=44 cause=symptom_no_action'
08/31 17:22:45 [Localization System] CLocalize::FindSafe failed to localize: 'AIB[R] intent=state-desire-safety family=state base=108 creep_dmg=8 hp=65 creep=true hero=false reason=recent_damage score=116'
08/31 17:22:45 [Localization System] CLocalize::FindSafe failed to localize: 'AIB[R] blocked=top-arbiter reason=empty_action winner=safety score=116'
08/31 17:22:45 [Localization System] CLocalize::FindSafe failed to localize: 'AIB[D] t=78s hp=72% gold=227 loc=-187,-36 enemy-dist=761 lh=1 dn=5 dg=+8 dlh=+0 bottle=-1 lvl=2 front=9536 ehp=65'
08/31 17:22:45 [Localization System] CLocalize::FindSafe failed to localize: 'AIB[D] blocked=hero-over-creep reason=no_target'
08/31 17:22:45 [Localization System] CLocalize::FindSafe failed to localize: 'AIB[D] blocked=emergency-kill reason=no_target'
08/31 17:22:45 [Localization System] CLocalize::FindSafe failed to localize: 'AIB[D] blocked=uphill-repo reason=no_step'
08/31 17:22:45 [Localization System] CLocalize::FindSafe failed to localize: 'AIB[R] blocked=harass reason=no_target'
08/31 17:22:45 [Localization System] CLocalize::FindSafe failed to localize: 'AIB[R] intent=own-ranged-lead family=other lead=215 count=2'
08/31 17:22:45 [Localization System] CLocalize::FindSafe failed to localize: 'AIB[D] intent=top-arbiter family=state winner=safety:134 losers=hero-over-creep:52,idle-heal:46,emergency-retreat:45,fwd-pullback:44,emergency-kill:43.5'
08/31 17:22:46 [Localization System] CLocalize::FindSafe failed to localize: 'AIB[D] blocked=harass reason=no_target'
08/31 17:22:46 [Localization System] CLocalize::FindSafe failed to localize: 'AIB[D] blocked=uphill-repo reason=no_reposition'
08/31 17:22:46 [Localization System] CLocalize::FindSafe failed to localize: 'AIB[D] blocked=visual-hold reason=creep_damage held=2.1 hp=70 repeat=1 hard=false'
08/31 17:22:46 [Localization System] CLocalize::FindSafe failed to localize: 'AIB[R] intent=top-arbiter family=state winner=harass:40 losers=hero-over-creep:52,idle-heal:46,emergency-retreat:45,fwd-pullback:44,emergency-kill:43.5'
08/31 17:22:46 [Localization System] CLocalize::FindSafe failed to localize: 'AIB[D] intent=state-desire-safety family=state base=108 creep_dmg=8 hp=71 creep=true hero=false hyst=18 reason=recent_damage score=134'
08/31 17:22:46 [Localization System] CLocalize::FindSafe failed to localize: 'AIB[D] intent=creep-hit-react family=safety dist=434 hp=71 hits=3 reason=attack'
08/31 17:22:46 [Localization System] CLocalize::FindSafe failed to localize: 'AIB[R] intent=tick-owner family=other stage=desire/harass reason=ready score=40 band=lanework'
08/31 17:22:46 [Localization System] CLocalize::FindSafe failed to localize: 'AIB[D] intent=tick-owner family=other stage=desire/creep-work reason=ready score=39 band=lanework'
08/31 17:22:47 [Localization System] CLocalize::FindSafe failed to localize: 'AIB[R] intent=melee-pack-space family=safety count=2 dist=145'
08/31 17:22:47 [Localization System] CLocalize::FindSafe failed to localize: 'AIB[R] blocked=hero-prio-chase reason=lane_work dist=932 cs=false creep=true hp_adv=false kill_pressure=false close=false low_farm=false lane_override=false'
08/31 17:22:47 [Localization System] CLocalize::FindSafe failed to localize: 'AIB[R] blocked=ability-harass reason=nothing_castable'
08/31 17:22:47 [Localization System] CLocalize::FindSafe failed to localize: 'AIB[D] intent=top-arbiter family=state winner=creep-work:38.8 losers=hero-over-creep:52,idle-heal:46,emergency-retreat:45,fwd-pullback:44,emergency-kill:43.5'
08/31 17:22:47 [Localization System] CLocalize::FindSafe failed to localize: 'AIB[D] intent=state-desire-last-hit family=farm dist=434 reason=killable_creep score=140'
08/31 17:22:48 [Localization System] CLocalize::FindSafe failed to localize: 'AIB[R] blocked=hero-over-creep reason=no_target'
08/31 17:22:48 [Localization System] CLocalize::FindSafe failed to localize: 'AIB[R] blocked=emergency-kill reason=no_target'
08/31 17:22:48 [Localization System] CLocalize::FindSafe failed to localize: 'AIB[R] blocked=uphill-repo reason=no_reposition'
08/31 17:22:48 [Localization System] CLocalize::FindSafe failed to localize: 'AIB[R] intent=top-arbiter family=state winner=creep-work:38.6 losers=hero-over-creep:52,idle-heal:46,emergency-retreat:45,fwd-pullback:44,emergency-kill:43.5'
08/31 17:22:48 [Localization System] CLocalize::FindSafe failed to localize: 'AIB[D] blocked=safety-candidate reason=no_action_capped hp=68 score=44 cause=symptom_no_action'
08/31 17:22:48 [Localization System] CLocalize::FindSafe failed to localize: 'AIB[D] blocked=ability-harass reason=nothing_castable'
08/31 17:22:48 [Localization System] CLocalize::FindSafe failed to localize: 'AIB[D] blocked=visual-hold reason=creep_damage held=4.1 hp=68 repeat=2 hard=false'
08/31 17:22:48 [Localization System] CLocalize::FindSafe failed to localize: 'AIB[D] intent=state-desire-safety family=state base=108 creep_dmg=8 hp=68 creep=true hero=false reason=recent_damage score=116'
08/31 17:22:48 [Localization System] CLocalize::FindSafe failed to localize: 'AIB[D] intent=creep-hit-react family=safety dist=392 hp=68 hits=5 reason=attack'
08/31 17:22:48 [Localization System] CLocalize::FindSafe failed to localize: 'AIB[R] intent=melee-pack-space family=safety count=2 dist=145'
08/31 17:22:48 [Localization System] CLocalize::FindSafe failed to localize: 'AIB[D] blocked=hero-over-creep reason=no_target'
08/31 17:22:48 [Localization System] CLocalize::FindSafe failed to localize: 'AIB[D] blocked=emergency-kill reason=no_target'
08/31 17:22:48 [Localization System] CLocalize::FindSafe failed to localize: 'AIB[R] blocked=harass reason=no_target'
08/31 17:22:49 [Localization System] CLocalize::FindSafe failed to localize: 'AIB[R] intent=tick-owner family=other stage=laning-core'
08/31 17:22:49 [Localization System] CLocalize::FindSafe failed to localize: 'AIB[D] blocked=harass reason=no_target'
08/31 17:22:49 [Localization System] CLocalize::FindSafe failed to localize: 'AIB[D] intent=top-arbiter family=state winner=wave-watch:10 losers=hero-over-creep:52,idle-heal:46,emergency-retreat:45,fwd-pullback:44,emergency-kill:43.5'
08/31 17:22:49 [Localization System] CLocalize::FindSafe failed to localize: 'AIB[D] intent=tick-owner family=other stage=laning-core'
08/31 17:22:49 [Localization System] CLocalize::FindSafe failed to localize: 'AIB[R] blocked=visual-hold reason=creep_in_range held=2.0 hp=67 repeat=1 hard=false'
08/31 17:22:49 [Localization System] CLocalize::FindSafe failed to localize: 'AIB[D] blocked=uphill-repo reason=no_reposition'
08/31 17:22:49 [Localization System] CLocalize::FindSafe failed to localize: 'AIB[R] intent=top-arbiter family=state winner=wave-watch:10 losers=hero-over-creep:52,idle-heal:46,emergency-retreat:45,fwd-pullback:44,emergency-kill:43.5'
08/31 17:22:50 [Localization System] CLocalize::FindSafe failed to localize: 'AIB[R] t=83s hp=67% gold=231 loc=-835,-705 enemy-dist=932 lh=1 dn=1 dg=+8 dlh=+0 bottle=-1 lvl=2 front=8648 ehp=67'
08/31 17:22:50 [Localization System] CLocalize::FindSafe failed to localize: 'AIB[D] intent=state-desire-safety family=state base=108 creep_dmg=8 hp=67 creep=true hero=false hyst=18 reason=recent_damage score=134'
08/31 17:22:50 [Localization System] CLocalize::FindSafe failed to localize: 'AIB[D] blocked=top-arbiter reason=empty_action winner=safety score=134'
08/31 17:22:50 [Localization System] CLocalize::FindSafe failed to localize: 'AIB[R] intent=melee-pack-space family=safety count=2 dist=145'
08/31 17:22:50 [Localization System] CLocalize::FindSafe failed to localize: 'AIB[D] intent=cs-watchdog family=farm lh=2 idle=18 creep_hp=300 dist=829'
08/31 17:22:50 [Localization System] CLocalize::FindSafe failed to localize: 'AIB[R] blocked=uphill-repo reason=not_trading'
08/31 17:22:50 [Localization System] CLocalize::FindSafe failed to localize: 'AIB[R] blocked=hero-prio-chase reason=lane_work dist=911 cs=true creep=true hp_adv=false kill_pressure=false close=false low_farm=false lane_override=false'
08/31 17:22:50 [Localization System] CLocalize::FindSafe failed to localize: 'AIB[R] blocked=cs-walk reason=melee_pack_refuse dist=582'
08/31 17:22:50 [Localization System] CLocalize::FindSafe failed to localize: 'AIB[R] blocked=ability-harass reason=nothing_castable'
08/31 17:22:50 [Localization System] CLocalize::FindSafe failed to localize: 'AIB[D] t=83s hp=67% gold=283 loc=-214,-66 enemy-dist=891 lh=2 dn=5 dg=+56 dlh=+1 bottle=-1 lvl=2 front=9907 ehp=67'
08/31 17:22:50 [Localization System] CLocalize::FindSafe failed to localize: 'AIB[R] blocked=uphill-repo reason=motor_busy'
08/31 17:22:50 [Localization System] CLocalize::FindSafe failed to localize: 'AIB[D] blocked=recovery-buy reason=budget_cap hp=67 gold=283 count=2 allow=2'
08/31 17:22:50 [Localization System] CLocalize::FindSafe failed to localize: 'AIB[D] intent=top-arbiter family=state winner=wave-watch:10 losers=hero-over-creep:52,idle-heal:46,emergency-retreat:45,fwd-pullback:44,emergency-kill:43.5'
08/31 17:22:51 [Localization System] CLocalize::FindSafe failed to localize: 'AIB[R] blocked=hero-over-creep reason=no_target'
08/31 17:22:51 [Localization System] CLocalize::FindSafe failed to localize: 'AIB[R] blocked=emergency-kill reason=no_target'
08/31 17:22:51 [Localization System] CLocalize::FindSafe failed to localize: 'AIB[R] intent=tick-owner family=other stage=laning-core'
08/31 17:22:51 [Localization System] CLocalize::FindSafe failed to localize: 'AIB[D] intent=tick-owner family=other stage=laning-core'
08/31 17:22:51 [Localization System] CLocalize::FindSafe failed to localize: 'AIB[R] intent=top-arbiter family=state winner=harass:40 losers=hero-over-creep:52,idle-heal:46,emergency-retreat:45,fwd-pullback:44,emergency-kill:43.5'
08/31 17:22:51 [Localization System] CLocalize::FindSafe failed to localize: 'AIB[D] intent=state-desire-fight family=state base=78 execute=20 dist=800 hp=57 ehp=55 reason=enemy_seen score=98'
08/31 17:22:51 [Localization System] CLocalize::FindSafe failed to localize: 'AIB[D] blocked=ability-pressure reason=nothing_castable'
08/31 17:22:51 [Localization System] CLocalize::FindSafe failed to localize: 'AIB[D] intent=melee-pack-space family=safety count=3 dist=155'
08/31 17:22:51 [Localization System] CLocalize::FindSafe failed to localize: 'AIB[D] blocked=top-arbiter reason=empty_action winner=fight score=98'
08/31 17:22:51 [Localization System] CLocalize::FindSafe failed to localize: 'AIB[D] blocked=hero-over-creep reason=no_target'
08/31 17:22:51 [Localization System] CLocalize::FindSafe failed to localize: 'AIB[D] blocked=emergency-kill reason=no_target'
08/31 17:22:51 [Localization System] CLocalize::FindSafe failed to localize: 'AIB[D] blocked=ability-harass reason=nothing_castable'
08/31 17:22:51 [Localization System] CLocalize::FindSafe failed to localize: 'AIB[D] intent=hero-contact family=fight dist=759 hp=57 reason=close_enemy'
08/31 17:22:51 [Localization System] CLocalize::FindSafe failed to localize: 'AIB[R] blocked=uphill-repo reason=no_reposition'
08/31 17:22:51 [Localization System] CLocalize::FindSafe failed to localize: 'AIB[D] blocked=hero-contact reason=refractory since=0.17'
08/31 17:22:52 [Localization System] CLocalize::FindSafe failed to localize: 'AIB[D] blocked=buy-loop reason=saving target=item_bottle head=item_bottle cost=675 gold=285 left=1'
08/31 17:22:52 [Localization System] CLocalize::FindSafe failed to localize: 'AIB[R] blocked=buy-loop reason=saving target=item_bottle head=item_bottle cost=675 gold=273 left=1'
08/31 17:22:52 [Localization System] CLocalize::FindSafe failed to localize: 'AIB[D] intent=hero-pass family=fight dist=652 hp=57 reason=nearby_enemy'
08/31 17:22:52 [Localization System] CLocalize::FindSafe failed to localize: 'AIB[D] intent=top-arbiter family=state winner=fight:98 losers=hero-over-creep:52,idle-heal:46,emergency-retreat:45,fwd-pullback:44,emergency-kill:43.5'
08/31 17:22:52 [Localization System] CLocalize::FindSafe failed to localize: 'AIB[R] intent=state-desire-fight family=state base=78 range=18 dist=622 hp=56 ehp=57 reason=enemy_seen score=96'
08/31 17:22:52 [Localization System] CLocalize::FindSafe failed to localize: 'AIB[R] blocked=ability-pressure reason=nothing_castable'
08/31 17:22:52 [Localization System] CLocalize::FindSafe failed to localize: 'AIB[R] intent=hero-contact family=fight dist=622 hp=56 reason=close_enemy'
08/31 17:22:52 [Localization System] CLocalize::FindSafe failed to localize: 'AIB[D] blocked=harass reason=no_target'
08/31 17:22:52 [Localization System] CLocalize::FindSafe failed to localize: 'AIB[R] blocked=hero-contact reason=refractory since=0.13'
08/31 17:22:52 [Localization System] CLocalize::FindSafe failed to localize: 'AIB[R] intent=hero-pass family=fight dist=581 hp=56 reason=nearby_enemy'
08/31 17:22:52 [Localization System] CLocalize::FindSafe failed to localize: 'AIB[R] blocked=top-arbiter reason=empty_action winner=fight score=114'
08/31 17:22:52 [Localization System] CLocalize::FindSafe failed to localize: 'AIB[R] intent=top-arbiter family=state winner=hero-over-creep:52 losers=fight:96,idle-heal:46,emergency-retreat:45,fwd-pullback:44,emergency-kill:43.5'
08/31 17:22:52 [Localization System] CLocalize::FindSafe failed to localize: 'AIB[D] intent=state-desire-fight family=state base=78 range=18 execute=20 dist=550 hp=58 ehp=56 reason=enemy_seen score=116'
08/31 17:22:53 [Localization System] CLocalize::FindSafe failed to localize: 'AIB[R] intent=tick-owner family=other stage=laning-core'
08/31 17:22:53 [Localization System] CLocalize::FindSafe failed to localize: 'AIB[D] intent=tick-owner family=other stage=laning-core'
08/31 17:22:53 [Localization System] CLocalize::FindSafe failed to localize: 'AIB[R] blocked=fight-candidate reason=no_action_capped hp=56 score=40 cause=seen_unreachable'
08/31 17:22:53 [Localization System] CLocalize::FindSafe failed to localize: 'AIB[R] blocked=recovery-buy reason=budget_cap hp=56 gold=275 count=2 allow=2'
08/31 17:22:53 [Localization System] CLocalize::FindSafe failed to localize: 'AIB[D] blocked=top-arbiter reason=empty_action winner=fight score=134'
08/31 17:22:53 [Localization System] CLocalize::FindSafe failed to localize: 'AIB[R] blocked=recover-candidate reason=no_action_capped hp=48 score=44 cause=hp_gate_no_action'
08/31 17:22:53 [Localization System] CLocalize::FindSafe failed to localize: 'AIB[D] blocked=recover-candidate reason=no_action_capped hp=51 score=44 cause=hp_gate_no_action'
08/31 17:22:53 [Localization System] CLocalize::FindSafe failed to localize: 'AIB[D] intent=top-arbiter family=state winner=hero-over-creep:52 losers=fight:134,safe-cs:56,idle-heal:46,emergency-retreat:45,fwd-pullback:44'
08/31 17:22:53 [Localization System] CLocalize::FindSafe failed to localize: 'AIB[D] blocked=creep-aggro reason=hero_trading hp=49 hits=1'
08/31 17:22:53 [Localization System] CLocalize::FindSafe failed to localize: 'AIB[D] intent=creep-aggro family=safety hp=49 dest=276,405 reason=recent_creep_damage'
08/31 17:22:53 [Localization System] CLocalize::FindSafe failed to localize: 'AIB[R] intent=state-desire-fight family=state base=78 range=18 execute=20 dist=571 hp=48 ehp=49 hyst=18 reason=enemy_seen score=134'
08/31 17:22:54 [Localization System] CLocalize::FindSafe failed to localize: 'AIB[R] blocked=top-arbiter reason=empty_action winner=fight score=116'
08/31 17:22:54 [Localization System] CLocalize::FindSafe failed to localize: 'AIB[D] intent=arbiter family=fight winner=creep-aggro:72 losers=hero-pass:60'
08/31 17:22:54 [Localization System] CLocalize::FindSafe failed to localize: 'AIB[R] intent=top-arbiter family=state winner=fight:116 losers=safe-cs:56,hero-over-creep:52,idle-heal:46,emergency-retreat:45,fwd-pullback:44'
08/31 17:22:54 [Localization System] CLocalize::FindSafe failed to localize: 'AIB[D] intent=state-desire-fight family=state base=78 execute=20 dist=632 hp=43 ehp=48 hyst=18 reason=enemy_seen score=116'
08/31 17:22:54 [Localization System] CLocalize::FindSafe failed to localize: 'AIB[D] blocked=ability-pressure reason=nothing_castable'
08/31 17:22:54 [Localization System] CLocalize::FindSafe failed to localize: 'AIB[D] blocked=hero-contact reason=unsafe dist=630 hp=43 tower=false'
08/31 17:22:54 [Localization System] CLocalize::FindSafe failed to localize: 'AIB[R] blocked=hero-over-creep reason=no_target'
08/31 17:22:54 [Localization System] CLocalize::FindSafe failed to localize: 'AIB[R] blocked=emergency-kill reason=no_target'
08/31 17:22:54 [Localization System] CLocalize::FindSafe failed to localize: 'AIB[R] blocked=uphill-repo reason=motor_busy'
08/31 17:22:55 [Localization System] CLocalize::FindSafe failed to localize: 'AIB[R] t=88s hp=49% gold=278 loc=-728,-607 enemy-dist=667 lh=2 dn=1 dg=+47 dlh=+1 bottle=-1 lvl=2 front=8648 ehp=31'
08/31 17:22:55 [Localization System] CLocalize::FindSafe failed to localize: 'AIB[D] intent=recovery-policy family=recover action=recover hp=31 gate=35 source=early-low'
08/31 17:22:55 [Localization System] CLocalize::FindSafe failed to localize: 'AIB[D] intent=state-recover-xp family=state ttl=2 reason=regen_lane hp=31 dist=639'
08/31 17:22:55 [Localization System] CLocalize::FindSafe failed to localize: 'AIB[R] blocked=ability-pressure reason=nothing_castable'
08/31 17:22:55 [Localization System] CLocalize::FindSafe failed to localize: 'AIB[R] intent=tick-owner family=other stage=laning-core'
08/31 17:22:55 [Localization System] CLocalize::FindSafe failed to localize: 'AIB[D] intent=tick-owner family=other stage=laning-core'
08/31 17:22:55 [Localization System] CLocalize::FindSafe failed to localize: 'AIB[R] blocked=hero-prio-chase reason=lane_work dist=848 cs=false creep=true hp_adv=false kill_pressure=false close=false low_farm=false lane_override=false'
08/31 17:22:55 [Localization System] CLocalize::FindSafe failed to localize: 'AIB[R] blocked=harass reason=no_target'
08/31 17:22:55 [Localization System] CLocalize::FindSafe failed to localize: 'AIB[D] t=88s hp=32% gold=290 loc=-198,-50 enemy-dist=848 lh=2 dn=5 dg=+7 dlh=+0 bottle=-1 lvl=2 front=9907 ehp=49'
08/31 17:22:55 [Localization System] CLocalize::FindSafe failed to localize: 'AIB[R] intent=recovery-plan family=recover action=back reason=post_fight_regen hp=49'
08/31 17:22:55 [Localization System] CLocalize::FindSafe failed to localize: 'AIB[R] intent=state-recover-xp family=state ttl=5 reason=post_fight_regen hp=49 dist=227'
08/31 17:22:55 [Localization System] CLocalize::FindSafe failed to localize: 'AIB[R] intent=top-arbiter family=state winner=harass:40 losers=safe-cs:56,hero-over-creep:52,idle-heal:46,emergency-retreat:45,fwd-pullback:44'
08/31 17:22:55 [Localization System] CLocalize::FindSafe failed to localize: 'AIB[D] intent=recovery-plan family=recover action=back reason=post_fight_regen hp=30'
08/31 17:22:55 [Localization System] CLocalize::FindSafe failed to localize: 'AIB[D] intent=recovery-owner family=recover band=soft threat=true mode=safe-step hp=30'
08/31 17:22:56 [Localization System] CLocalize::FindSafe failed to localize: 'AIB[R] blocked=ability-harass reason=nothing_castable'
08/31 17:22:56 [Localization System] CLocalize::FindSafe failed to localize: 'AIB[R] blocked=visual-hold reason=creep_in_range held=8.7 hp=49 repeat=3 hard=true'
08/31 17:22:56 [Localization System] CLocalize::FindSafe failed to localize: 'AIB[R] blocked=uphill-repo reason=no_step'
08/31 17:22:57 [Localization System] CLocalize::FindSafe failed to localize: 'AIB[D] intent=recovery-policy family=recover action=recover hp=31 gate=35 source=early-low'
08/31 17:22:57 [Localization System] CLocalize::FindSafe failed to localize: 'AIB[D] intent=tick-owner family=other stage=laning-core'
08/31 17:22:57 [Localization System] CLocalize::FindSafe failed to localize: 'AIB[R] intent=tick-owner family=other stage=laning-core'
08/31 17:22:57 [Localization System] CLocalize::FindSafe failed to localize: 'AIB[R] intent=top-arbiter family=state winner=wave-watch:10 losers=safe-cs:56,hero-over-creep:52,idle-heal:46,emergency-retreat:45,fwd-pullback:44'
08/31 17:22:57 [Localization System] CLocalize::FindSafe failed to localize: 'AIB[R] blocked=hero-over-creep reason=no_target'
08/31 17:22:57 [Localization System] CLocalize::FindSafe failed to localize: 'AIB[R] blocked=emergency-kill reason=no_target'
08/31 17:22:58 [Localization System] CLocalize::FindSafe failed to localize: 'AIB[R] blocked=harass reason=no_target'
08/31 17:22:58 [Localization System] CLocalize::FindSafe failed to localize: 'AIB[D] intent=recovery-owner family=recover band=soft threat=false mode=back hp=32'
08/31 17:22:58 [Localization System] CLocalize::FindSafe failed to localize: 'AIB[D] anti-idle-enter=3 anti-idle-lane=2 anti-idle-lowhp-back=1 channel-interrupt-atk=10 channel-interrupt-chase=26 creep-aggro-back=3 creep-aggro-hero-yield=6 creep-dmg=2 creep-hit-react-atk=11 cs-wait-release=6 cs-wait=4 cs-walk-gap-large=1 cs-walk-gap-small=1 cs-walk=2 cs-watchdog-step=2 deny-act-atk=25 deny-act=25 deny-cand-doomed=16 deny-cand-tanky=92 fight-hp-behind=3 fwd-at-position=1 fwd-suppressed-creep=8 fwd-suppressed-empty=1 fwd-suppressed-hero=4 fwd-suppressed-lowhp=1 fwd-suppressed-motor=2 fwd-suppressed-tower=1 fwd-suppressed-visual=1 harass-seek=2 heal-item=2 hero-contact-atk=10 hero-contact-chase=2 hero-over-creep=5 hero-pass-atk=5 hero-pass-chase=1 idle=2 killwin-scan=549 lane-line-fallback=5 lane-line-suppressed-creep-dmg=2 lane-line-suppressed-creep=4 lane-line-suppressed-empty=5 lane-line-suppressed-heal=2 lane-line-suppressed-lowhp=1 lane-line-suppressed-motor=1 last-hit-urgent=16 low-hp-limit=1 melee-pack-release=7 melee-pack-space=2 own-ranged-stepback=2 pre-aig=3 precreep-anchor=18 precreep-hold=2 precreep-park-hold=12 precreep-park=188 precreep-space=3 prewave-defend=2 prewave-free-hit=80 recover-xp=5 recovery-buy=2 recovery-enemy-near=192 recovery-regen=2 recovery-tango=1 regen-walk=3 tango-heal=1 uphill-reposition=1 uphill-void-under-fire=2 vendor-heal-suppressed-faerie_fire=1 vendor-heal-suppressed-flask=1 vendor-heal-suppressed-tango=3 visual-hold-creep=24 visual-hold-hard-creep=1 visual-hold-hero=2 wave-watch-atk=7 wave-watch-no-wave=2 wave-watch=9'
08/31 17:22:58 [Localization System] CLocalize::FindSafe failed to localize: 'AIB[R] anti-idle-enter=2 anti-idle-lane=2 channel-interrupt-chase=2 creep-aggro-back=1 creep-aggro-hero-yield=2 creep-aggro-hit=8 creep-dmg=2 creep-hit-react-atk=3 cs-wait-release=8 cs-wait=4 cs-walk-gap-large=1 cs-walk-gap-small=15 cs-walk-inrange=1 cs-walk-into-pack=6 cs-walk=18 cw-push=127 deny-act-atk=6 deny-act=6 deny-cand-doomed=2 deny-cand-tanky=36 fwd-at-position=1 fwd-suppressed-creep=2 fwd-suppressed-empty=1 fwd-suppressed-hero=1 fwd-suppressed-motor=4 fwd-suppressed-tower=2 fwd-suppressed-visual=2 heal-item=1 hero-contact-atk=15 hero-contact-chase=5 hero-over-creep=5 hero-pass-atk=11 hero-pass-chase=6 hero-prio-always=14 hero-prio-chase-hold=4 hero-prio-chase=14 idle=1 kill-priority=9 killwin-scan=535 lane-line-suppressed-creep=1 lane-line-suppressed-empty=1 lane-line-suppressed-heal=3 lane-line-suppressed-lowhp=1 lane-line-suppressed-motor=2 last-hit-urgent=20 melee-pack-release=8 melee-pack-space=5 own-ranged-stepback=1 pre-aig=2 precreep-anchor=17 precreep-close=3 precreep-contact=5 precreep-hold=2 precreep-park-hold=13 precreep-park=157 precreep-space=2 prewave-duel-trade=77 prewave-duel-uphill-back=15 recover-xp=1 recovery-buy=2 recovery-enemy-near=222 recovery-flask=1 recovery-regen=1 recovery-tango=1 uphill-reposition=2 uphill-void-under-fire=4 vendor-heal-suppressed-faerie_fire=1 vendor-heal-suppressed-tango=2 visual-hold-creep-step=2 visual-hold-creep=2 visual-hold-lane=1 wave-watch-atk=4 wave-watch-no-wave=2 wave-watch-step=1 wave-watch=5'
08/31 17:22:58 [Localization System] CLocalize::FindSafe failed to localize: 'AIB[R] intent=recovery-plan family=recover action=flask reason=inventory hp=51'
08/31 17:22:59 [Localization System] CLocalize::FindSafe failed to localize: 'AIB[R] blocked=harass reason=own_heal_running'
08/31 17:22:59 [Localization System] CLocalize::FindSafe failed to localize: 'AIB[R] intent=top-arbiter family=state winner=creep-work:38.6 losers=safe-cs:56,hero-over-creep:52,idle-heal:46,emergency-retreat:45,fwd-pullback:44'
08/31 17:22:59 [Localization System] CLocalize::FindSafe failed to localize: 'AIB[R] blocked=uphill-repo reason=no_reposition'
08/31 17:22:59 [Localization System] CLocalize::FindSafe failed to localize: 'AIB[R] blocked=ability-harass reason=nothing_castable'
08/31 17:22:59 [Localization System] CLocalize::FindSafe failed to localize: 'AIB[R] blocked=visual-hold reason=creep_in_range held=12.0 hp=53 repeat=5 hard=true'
08/31 17:22:59 [Localization System] CLocalize::FindSafe failed to localize: 'AIB[R] intent=tick-owner family=other stage=desire/visual-hold reason=ready score=20 band=position'
08/31 17:22:59 [Localization System] CLocalize::FindSafe failed to localize: 'AIB[D] intent=recovery-policy family=recover action=recover hp=34 gate=35 source=early-low'
08/31 17:22:59 [Localization System] CLocalize::FindSafe failed to localize: 'AIB[D] intent=tick-owner family=other stage=laning-core'
08/31 17:22:59 [Localization System] CLocalize::FindSafe failed to localize: 'AIB[D] intent=damage-by-source family=other creep=217 tower=0 hero=620 mixed=145 death=0 other=62 stale=41 gaps=1 tower_any=0'
08/31 17:22:59 Script function 'Think' on bot npc_dota_hero_nevermore took 2.611ms
08/31 17:22:59 [Localization System] CLocalize::FindSafe failed to localize: 'AIB[R] intent=damage-by-source family=other creep=47 tower=0 hero=780 mixed=48 death=0 other=0 stale=4 gaps=1 tower_any=0'
08/31 17:23:00 [Localization System] CLocalize::FindSafe failed to localize: 'AIB[D] blocked=buy-loop reason=saving target=item_bottle head=item_bottle cost=675 gold=297 left=1'
08/31 17:23:00 [Localization System] CLocalize::FindSafe failed to localize: 'AIB[R] blocked=buy-loop reason=saving target=item_bottle head=item_bottle cost=675 gold=285 left=1'
08/31 17:23:00 [Localization System] CLocalize::FindSafe failed to localize: 'AIB[R] t=93s hp=58% gold=285 loc=-818,-694 lh=2 dn=1 dg=+7 dlh=+0 bottle=-1 lvl=2 front=8680 ehp=-1'
08/31 17:23:00 [Localization System] CLocalize::FindSafe failed to localize: 'AIB[D] blocked=recover-candidate reason=no_action_capped hp=35 score=44 cause=hp_gate_no_action'
08/31 17:23:00 [Localization System] CLocalize::FindSafe failed to localize: 'AIB[D] blocked=hero-over-creep reason=no_target'
08/31 17:23:00 [Localization System] CLocalize::FindSafe failed to localize: 'AIB[D] blocked=emergency-kill reason=no_target'
08/31 17:23:00 [Localization System] CLocalize::FindSafe failed to localize: 'AIB[D] blocked=uphill-repo reason=low_hp_hold'
08/31 17:23:00 [Localization System] CLocalize::FindSafe failed to localize: 'AIB[D] blocked=harass reason=no_target'
08/31 17:23:00 [Localization System] CLocalize::FindSafe failed to localize: 'AIB[D] blocked=ability-harass reason=nothing_castable'
08/31 17:23:00 [Localization System] CLocalize::FindSafe failed to localize: 'AIB[D] intent=top-arbiter family=state winner=anti-idle:2 losers=safe-cs:56,hero-over-creep:52,idle-heal:46,emergency-retreat:45,fwd-pullback:44'
08/31 17:23:00 [Localization System] CLocalize::FindSafe failed to localize: 'AIB[D] t=93s hp=35% gold=298 loc=333,815 lh=2 dn=5 dg=+8 dlh=+0 bottle=-1 lvl=2 front=9853 ehp=-1'
08/31 17:23:00 [Localization System] CLocalize::FindSafe failed to localize: 'AIB[R] intent=top-arbiter family=state winner=creep-work:38.6 losers=hero-over-creep:52,idle-heal:46,emergency-retreat:45,fwd-pullback:44,emergency-kill:43.5'
08/31 17:23:00 [Localization System] CLocalize::FindSafe failed to localize: 'AIB[R] intent=state-desire-last-hit family=farm dist=508 reason=killable_creep score=140'
08/31 17:23:01 [Localization System] CLocalize::FindSafe failed to localize: 'AIB[R] blocked=hero-over-creep reason=no_target'
08/31 17:23:01 [Localization System] CLocalize::FindSafe failed to localize: 'AIB[R] blocked=emergency-kill reason=no_target'
08/31 17:23:01 [Localization System] CLocalize::FindSafe failed to localize: 'AIB[R] intent=tick-owner family=other stage=laning-core'
08/31 17:23:01 [Localization System] CLocalize::FindSafe failed to localize: 'AIB[D] intent=tick-owner family=other stage=laning-core'
08/31 17:23:02 [Localization System] CLocalize::FindSafe failed to localize: 'AIB[D] intent=top-arbiter family=state winner=anti-idle:2 losers=safe-cs:56,hero-over-creep:52,idle-heal:46,emergency-retreat:45,fwd-pullback:44'
08/31 17:23:02 [Localization System] CLocalize::FindSafe failed to localize: 'AIB[R] intent=top-arbiter family=state winner=creep-work:38.6 losers=hero-over-creep:52,idle-heal:46,emergency-retreat:45,fwd-pullback:44,emergency-kill:43.5'
08/31 17:23:02 [Localization System] CLocalize::FindSafe failed to localize: 'AIB[R] blocked=uphill-repo reason=no_reposition'
08/31 17:23:02 [Localization System] CLocalize::FindSafe failed to localize: 'AIB[R] blocked=ability-harass reason=nothing_castable'
08/31 17:23:03 [Localization System] CLocalize::FindSafe failed to localize: 'AIB[R] blocked=harass reason=own_heal_running'
08/31 17:23:03 [Localization System] CLocalize::FindSafe failed to localize: 'AIB[D] blocked=recover-candidate reason=no_action_capped hp=41 score=44 cause=hp_gate_no_action'
08/31 17:23:03 [Localization System] CLocalize::FindSafe failed to localize: 'AIB[D] blocked=hero-over-creep reason=no_target'
08/31 17:23:03 [Localization System] CLocalize::FindSafe failed to localize: 'AIB[D] blocked=emergency-kill reason=no_target'
08/31 17:23:03 [Localization System] CLocalize::FindSafe failed to localize: 'AIB[D] blocked=uphill-repo reason=low_hp_hold'
08/31 17:23:03 [Localization System] CLocalize::FindSafe failed to localize: 'AIB[D] blocked=harass reason=no_target'
08/31 17:23:03 [Localization System] CLocalize::FindSafe failed to localize: 'AIB[D] blocked=ability-harass reason=nothing_castable'
08/31 17:23:03 [Localization System] CLocalize::FindSafe failed to localize: 'AIB[R] intent=tick-owner family=other stage=laning-core'
08/31 17:23:03 [Localization System] CLocalize::FindSafe failed to localize: 'AIB[R] intent=top-arbiter family=state winner=wave-watch:10 losers=hero-over-creep:52,idle-heal:46,emergency-retreat:45,fwd-pullback:44,emergency-kill:43.5'
08/31 17:23:04 [Localization System] CLocalize::FindSafe failed to localize: 'AIB[R] blocked=hero-over-creep reason=no_target'
08/31 17:23:04 [Localization System] CLocalize::FindSafe failed to localize: 'AIB[R] blocked=emergency-kill reason=no_target'
08/31 17:23:04 [Localization System] CLocalize::FindSafe failed to localize: 'AIB[D] blocked=visual-hold reason=empty held=2.0 hp=43 repeat=1 hard=false'
08/31 17:23:04 [Localization System] CLocalize::FindSafe failed to localize: 'AIB[D] intent=top-arbiter family=state winner=visual-hold:20 losers=safe-cs:56,hero-over-creep:52,idle-heal:46,emergency-retreat:45,fwd-pullback:44'
08/31 17:23:04 [Localization System] CLocalize::FindSafe failed to localize: 'AIB[D] intent=tick-owner family=other stage=desire/visual-hold reason=ready score=20 band=position'
08/31 17:23:05 [Server] PR:IncrementIdleTime 6:[I:0:0] 2.10
08/31 17:23:05 [Localization System] CLocalize::FindSafe failed to localize: 'AIB[R] t=98s hp=84% gold=331 loc=-578,-449 lh=3 dn=1 dg=+46 dlh=+1 bottle=-1 lvl=2 front=8947 ehp=-1'
08/31 17:23:05 [Localization System] CLocalize::FindSafe failed to localize: 'AIB[R] intent=top-arbiter family=state winner=creep-work:38.6 losers=hero-over-creep:52,idle-heal:46,emergency-retreat:45,fwd-pullback:44,emergency-kill:43.5'
08/31 17:23:05 [Localization System] CLocalize::FindSafe failed to localize: 'AIB[R] blocked=uphill-repo reason=no_reposition'
08/31 17:23:05 [Localization System] CLocalize::FindSafe failed to localize: 'AIB[R] intent=tick-owner family=other stage=laning-core'
08/31 17:23:05 [Localization System] CLocalize::FindSafe failed to localize: 'AIB[D] t=99s hp=44% gold=305 loc=408,353 enemy-dist=1271 lh=2 dn=5 dg=+7 dlh=+0 bottle=-1 lvl=2 front=9566 ehp=86'
08/31 17:23:06 [Localization System] CLocalize::FindSafe failed to localize: 'AIB[R] blocked=ability-harass reason=nothing_castable'
08/31 17:23:06 [Localization System] CLocalize::FindSafe failed to localize: 'AIB[R] blocked=visual-hold reason=creep_in_range held=2.7 hp=90 repeat=6 hard=true'
08/31 17:23:06 [Localization System] CLocalize::FindSafe failed to localize: 'AIB[D] blocked=wave-watch reason=not_finishable creep_hp=203 dist=732 idle=18'
08/31 17:23:06 [Localization System] CLocalize::FindSafe failed to localize: 'AIB[D] blocked=hero-over-creep reason=no_target'
08/31 17:23:06 [Localization System] CLocalize::FindSafe failed to localize: 'AIB[D] blocked=emergency-kill reason=no_target'
08/31 17:23:06 [Localization System] CLocalize::FindSafe failed to localize: 'AIB[D] blocked=uphill-repo reason=low_hp_hold'
08/31 17:23:06 [Localization System] CLocalize::FindSafe failed to localize: 'AIB[D] blocked=harass reason=no_target'
08/31 17:23:06 [Localization System] CLocalize::FindSafe failed to localize: 'AIB[D] blocked=ability-harass reason=nothing_castable'
08/31 17:23:06 [Localization System] CLocalize::FindSafe failed to localize: 'AIB[D] blocked=uphill-repo reason=motor_busy'
08/31 17:23:06 [Localization System] CLocalize::FindSafe failed to localize: 'AIB[D] intent=top-arbiter family=state winner=anti-idle:2 losers=safe-cs:56,hero-over-creep:52,idle-heal:46,emergency-retreat:45,fwd-pullback:44'
08/31 17:23:06 [Localization System] CLocalize::FindSafe failed to localize: 'AIB[D] intent=tick-owner family=other stage=laning-core'
08/31 17:23:07 [Localization System] CLocalize::FindSafe failed to localize: 'AIB[R] blocked=harass reason=own_heal_running'
08/31 17:23:07 [Localization System] CLocalize::FindSafe failed to localize: 'AIB[R] blocked=visual-hold reason=empty held=3.7 hp=95 repeat=1 hard=true'
08/31 17:23:07 [Localization System] CLocalize::FindSafe failed to localize: 'AIB[R] intent=top-arbiter family=state winner=visual-hold:20 losers=hero-over-creep:52,idle-heal:46,emergency-retreat:45,fwd-pullback:44,emergency-kill:43.5'
08/31 17:23:07 [Localization System] CLocalize::FindSafe failed to localize: 'AIB[D] blocked=uphill-repo reason=not_trading'
08/31 17:23:07 [Localization System] CLocalize::FindSafe failed to localize: 'AIB[D] blocked=channel-interrupt reason=unsafe dist=950 hp=48 kind=heal'
08/31 17:23:07 [Localization System] CLocalize::FindSafe failed to localize: 'AIB[R] blocked=hero-over-creep reason=no_target'
08/31 17:23:07 [Localization System] CLocalize::FindSafe failed to localize: 'AIB[R] blocked=emergency-kill reason=no_target'
08/31 17:23:07 [Localization System] CLocalize::FindSafe failed to localize: 'AIB[R] blocked=fight-candidate reason=no_action_capped hp=98 score=40 cause=seen_unreachable'
08/31 17:23:07 [Localization System] CLocalize::FindSafe failed to localize: 'AIB[R] intent=state-siege-window family=siege ttl=2 wave=2 tower=1369 hp=98 adv=false'
08/31 17:23:07 [Localization System] CLocalize::FindSafe failed to localize: 'AIB[R] blocked=siege reason=healing tower=1369 tank=true'
08/31 17:23:07 [Localization System] CLocalize::FindSafe failed to localize: 'AIB[R] intent=tower-opportunity family=siege result=blocked_healing wave=2 tower=1369'
08/31 17:23:07 [Localization System] CLocalize::FindSafe failed to localize: 'AIB[R] intent=tick-owner family=other stage=desire/anti-idle reason=ready score=2 band=idle'
08/31 17:23:07 [Localization System] CLocalize::FindSafe failed to localize: 'AIB[D] intent=melee-pack-space family=safety count=2 dist=224'
08/31 17:23:07 [Localization System] CLocalize::FindSafe failed to localize: 'AIB[D] blocked=recovery-buy reason=budget_cap hp=48 gold=309 count=2 allow=2'
08/31 17:23:07 [Localization System] CLocalize::FindSafe failed to localize: 'AIB[R] blocked=recovery-buy reason=budget_cap hp=99 gold=335 count=2 allow=2'
08/31 17:23:08 [Localization System] CLocalize::FindSafe failed to localize: 'AIB[D] blocked=buy-loop reason=saving target=item_bottle head=item_bottle cost=675 gold=309 left=1'
08/31 17:23:08 [Localization System] CLocalize::FindSafe failed to localize: 'AIB[R] blocked=buy-loop reason=saving target=item_bottle head=item_bottle cost=675 gold=335 left=1'
08/31 17:23:08 [Localization System] CLocalize::FindSafe failed to localize: 'AIB[D] intent=top-arbiter family=state winner=wave-watch:10 losers=safe-cs:56,hero-over-creep:52,idle-heal:46,emergency-retreat:45,fwd-pullback:44'
08/31 17:23:08 [Localization System] CLocalize::FindSafe failed to localize: 'AIB[D] blocked=creep-hit-react reason=recovery_commit hp=47 band=soft'
08/31 17:23:08 [Localization System] CLocalize::FindSafe failed to localize: 'AIB[D] blocked=recover-candidate reason=no_action_capped hp=47 score=44 cause=hp_gate_no_action'
08/31 17:23:08 [Localization System] CLocalize::FindSafe failed to localize: 'AIB[D] intent=state-desire-safety family=state base=108 creep_dmg=8 hp=47 creep=true hero=false reason=recent_damage score=116'
08/31 17:23:08 [Localization System] CLocalize::FindSafe failed to localize: 'AIB[D] blocked=creep-hit-react reason=inside_melee_pack count=2 dist=272 hp=47'
08/31 17:23:08 [Localization System] CLocalize::FindSafe failed to localize: 'AIB[D] blocked=top-arbiter reason=empty_action winner=safety score=116'
08/31 17:23:08 [Localization System] CLocalize::FindSafe failed to localize: 'AIB[D] blocked=recovery-buy reason=flask_in_inventory hp=47'
08/31 17:23:08 [Localization System] CLocalize::FindSafe failed to localize: 'AIB[R] blocked=uphill-repo reason=no_reposition'
08/31 17:23:08 [Localization System] CLocalize::FindSafe failed to localize: 'AIB[D] blocked=safety-candidate reason=no_action_capped hp=48 score=44 cause=symptom_no_action'
08/31 17:23:08 [Localization System] CLocalize::FindSafe failed to localize: 'AIB[D] intent=wave-watch-work family=other lh=2 idle=20 creep_hp=81 dist=253'
08/31 17:23:08 [Localization System] CLocalize::FindSafe failed to localize: 'AIB[D] intent=tick-owner family=other stage=laning-core'
08/31 17:23:09 [Localization System] CLocalize::FindSafe failed to localize: 'AIB[D] intent=melee-pack-space family=safety count=2 dist=274'
08/31 17:23:09 [Localization System] CLocalize::FindSafe failed to localize: 'AIB[D] blocked=hero-over-creep reason=no_target'
08/31 17:23:09 [Localization System] CLocalize::FindSafe failed to localize: 'AIB[D] intent=recovery-plan family=recover action=flask reason=inventory hp=46'
08/31 17:23:09 [Localization System] CLocalize::FindSafe failed to localize: 'AIB[D] intent=top-arbiter family=state winner=idle-heal:46 losers=safe-cs:56,hero-over-creep:52,emergency-retreat:45,fwd-pullback:44,emergency-kill:43.5'
08/31 17:23:09 [Localization System] CLocalize::FindSafe failed to localize: 'AIB[D] blocked=emergency-kill reason=no_target'
08/31 17:23:09 [Localization System] CLocalize::FindSafe failed to localize: 'AIB[D] blocked=harass reason=own_heal_running'
08/31 17:23:09 [Localization System] CLocalize::FindSafe failed to localize: 'AIB[D] blocked=ability-harass reason=nothing_castable'
08/31 17:23:09 [Localization System] CLocalize::FindSafe failed to localize: 'AIB[D] blocked=wave-watch reason=not_finishable creep_hp=220 dist=140 idle=21'
08/31 17:23:10 [Localization System] CLocalize::FindSafe failed to localize: 'AIB[D] t=104s hp=50% gold=313 loc=321,406 enemy-dist=1302 lh=2 dn=5 dg=+8 dlh=+0 bottle=-1 lvl=2 front=8620 ehp=100'
08/31 17:23:10 [Localization System] CLocalize::FindSafe failed to localize: 'AIB[D] blocked=uphill-repo reason=no_reposition'
08/31 17:23:10 [Localization System] CLocalize::FindSafe failed to localize: 'AIB[D] intent=tick-owner family=other stage=laning-core'
08/31 17:23:11 [Localization System] CLocalize::FindSafe failed to localize: 'AIB[R] t=104s hp=100% gold=339 loc=-687,-585 enemy-dist=1414 lh=3 dn=1 dg=+8 dlh=+0 bottle=-1 lvl=2 front=9516 ehp=52'
08/31 17:23:11 [Localization System] CLocalize::FindSafe failed to localize: 'AIB[R] blocked=hero-over-creep reason=no_target'
08/31 17:23:11 [Localization System] CLocalize::FindSafe failed to localize: 'AIB[R] blocked=emergency-kill reason=no_target'
08/31 17:23:11 [Localization System] CLocalize::FindSafe failed to localize: 'AIB[R] blocked=ability-harass reason=nothing_castable'
08/31 17:23:11 [Localization System] CLocalize::FindSafe failed to localize: 'AIB[R] intent=top-arbiter family=state winner=anti-idle:2 losers=hero-over-creep:52,idle-heal:46,emergency-retreat:45,fwd-pullback:44,emergency-kill:43.5'
08/31 17:23:11 [Localization System] CLocalize::FindSafe failed to localize: 'AIB[R] intent=tick-owner family=other stage=desire/anti-idle reason=ready score=2 band=idle'
08/31 17:23:11 [Localization System] CLocalize::FindSafe failed to localize: 'AIB[D] intent=state-desire-last-hit family=farm dist=130 reason=killable_creep score=140'
08/31 17:23:11 [Localization System] CLocalize::FindSafe failed to localize: 'AIB[D] intent=top-arbiter family=state winner=last-hit:140 losers=safe-cs:56,hero-over-creep:52,cs-inrange:50,idle-heal:46,emergency-retreat:45'
08/31 17:23:11 [Server] PR:IncrementIdleTime 6:[I:0:0] 2.00
08/31 17:23:11 [Localization System] CLocalize::FindSafe failed to localize: 'AIB[R] blocked=harass reason=own_heal_running'
08/31 17:23:11 [Localization System] CLocalize::FindSafe failed to localize: 'AIB[D] blocked=creep-hit-react reason=recovery_commit hp=53 band=soft'
08/31 17:23:11 [Localization System] CLocalize::FindSafe failed to localize: 'AIB[D] blocked=recover-candidate reason=no_action_capped hp=53 score=44 cause=hp_gate_no_action'
08/31 17:23:11 [Localization System] CLocalize::FindSafe failed to localize: 'AIB[R] blocked=uphill-repo reason=no_reposition'
08/31 17:23:11 [Localization System] CLocalize::FindSafe failed to localize: 'AIB[R] intent=state-siege-window family=siege ttl=2 wave=2 tower=1569 hp=100 adv=false'
08/31 17:23:11 [Localization System] CLocalize::FindSafe failed to localize: 'AIB[D] blocked=safety-candidate reason=no_action_capped hp=53 score=44 cause=symptom_no_action'
08/31 17:23:11 [Localization System] CLocalize::FindSafe failed to localize: 'AIB[D] intent=cs-watchdog family=farm lh=2 idle=19 creep_hp=32 dist=130'
08/31 17:23:11 [Localization System] CLocalize::FindSafe failed to localize: 'AIB[D] intent=state-desire-safety family=state base=108 creep_dmg=8 hp=55 creep=true hero=false reason=recent_damage score=116'
08/31 17:23:11 [Localization System] CLocalize::FindSafe failed to localize: 'AIB[D] intent=creep-hit-react family=safety dist=522 hp=55 hits=1 reason=attack'
08/31 17:23:11 [Localization System] CLocalize::FindSafe failed to localize: 'AIB[R] blocked=hero-prio-chase reason=lane_work dist=1150 cs=false creep=false hp_adv=false kill_pressure=false close=false low_farm=false lane_override=false'
08/31 17:23:11 [Localization System] CLocalize::FindSafe failed to localize: 'AIB[R] blocked=harass reason=no_target'
08/31 17:23:11 [Localization System] CLocalize::FindSafe failed to localize: 'AIB[R] intent=lane-line-episode family=other dist=448 fwd=0.65'
08/31 17:23:12 [Localization System] CLocalize::FindSafe failed to localize: 'AIB[D] blocked=uphill-repo reason=not_trading'
08/31 17:23:12 [Localization System] CLocalize::FindSafe failed to localize: 'AIB[D] blocked=visual-hold reason=creep_damage held=3.1 hp=56 repeat=1 hard=false'
08/31 17:23:12 [Localization System] CLocalize::FindSafe failed to localize: 'AIB[R] blocked=channel-interrupt reason=unsafe dist=1089 hp=100 kind=heal'
08/31 17:23:12 [Localization System] CLocalize::FindSafe failed to localize: 'AIB[R] blocked=uphill-repo reason=motor_busy'
08/31 17:23:12 [Localization System] CLocalize::FindSafe failed to localize: 'AIB[R] intent=top-arbiter family=state winner=harass:40 losers=hero-over-creep:52,idle-heal:46,emergency-retreat:45,fwd-pullback:44,emergency-kill:43.5'
08/31 17:23:12 [Localization System] CLocalize::FindSafe failed to localize: 'AIB[D] intent=top-arbiter family=state winner=safety:134 losers=hero-over-creep:52,idle-heal:46,emergency-retreat:45,fwd-pullback:44,emergency-kill:43.5'
08/31 17:23:12 [Localization System] CLocalize::FindSafe failed to localize: 'AIB[D] blocked=hero-over-creep reason=no_target'
08/31 17:23:12 [Localization System] CLocalize::FindSafe failed to localize: 'AIB[D] blocked=emergency-kill reason=no_target'
08/31 17:23:12 [Localization System] CLocalize::FindSafe failed to localize: 'AIB[D] blocked=ability-harass reason=nothing_castable'
08/31 17:23:12 [Localization System] CLocalize::FindSafe failed to localize: 'AIB[D] intent=state-desire-last-hit family=farm dist=522 reason=killable_creep score=140'
08/31 17:23:12 [Localization System] CLocalize::FindSafe failed to localize: 'AIB[D] intent=tick-owner family=other stage=laning-core'
08/31 17:23:13 [Localization System] CLocalize::FindSafe failed to localize: 'AIB[R] intent=tick-owner family=other stage=laning-core'
08/31 17:23:13 [Localization System] CLocalize::FindSafe failed to localize: 'AIB[R] intent=state-desire-fight family=state base=78 hp_adv=8 dist=767 hp=100 ehp=62 reason=enemy_seen score=86'
08/31 17:23:13 [Localization System] CLocalize::FindSafe failed to localize: 'AIB[R] blocked=ability-pressure reason=nothing_castable'
08/31 17:23:13 [Localization System] CLocalize::FindSafe failed to localize: 'AIB[R] intent=hero-contact family=fight dist=767 hp=100 reason=close_enemy'
08/31 17:23:13 [Localization System] CLocalize::FindSafe failed to localize: 'AIB[R] blocked=hero-contact reason=refractory since=0.17'
08/31 17:23:13 [Localization System] CLocalize::FindSafe failed to localize: 'AIB[R] blocked=top-arbiter reason=empty_action winner=fight score=104'
08/31 17:23:14 [Localization System] CLocalize::FindSafe failed to localize: 'invalid index'
08/31 17:23:15 [Localization System] CLocalize::FindSafe failed to localize: 'AIB[D] intent=damage-by-source family=other creep=267 tower=0 hero=620 mixed=145 death=0 other=62 stale=41 gaps=1 tower_any=0'
08/31 17:23:15 [Localization System] CLocalize::FindSafe failed to localize: 'AIB[D] blocked=uphill-repo reason=no_reposition'
08/31 17:23:15 [Localization System] CLocalize::FindSafe failed to localize: 'AIB[D] blocked=harass reason=own_heal_running'
08/31 17:23:15 [Localization System] CLocalize::FindSafe failed to localize: 'AIB[D] intent=top-arbiter family=state winner=anti-idle:2 losers=hero-over-creep:52,idle-heal:46,emergency-retreat:45,fwd-pullback:44,emergency-kill:43.5'
08/31 17:23:15 [Localization System] CLocalize::FindSafe failed to localize: 'AIB[D] intent=tick-owner family=other stage=desire/anti-idle reason=ready score=2 band=idle'
08/31 17:23:15 [Localization System] CLocalize::FindSafe failed to localize: 'AIB[D] t=109s hp=75% gold=358 loc=797,715 lh=3 dn=5 dg=+45 dlh=+1 bottle=-1 lvl=3 front=9573 ehp=-1'
08/31 17:23:15 [Localization System] CLocalize::FindSafe failed to localize: 'AIB[D] blocked=hero-over-creep reason=no_target'
08/31 17:23:15 [Localization System] CLocalize::FindSafe failed to localize: 'AIB[D] blocked=emergency-kill reason=no_target'
08/31 17:23:15 [Localization System] CLocalize::FindSafe failed to localize: 'AIB[D] blocked=ability-harass reason=nothing_castable'
08/31 17:23:16 [Localization System] CLocalize::FindSafe failed to localize: 'AIB[D] blocked=buy-loop reason=saving target=item_bottle head=item_bottle cost=675 gold=359 left=1'
08/31 17:23:16 [Localization System] CLocalize::FindSafe failed to localize: 'AIB[R] blocked=buy-loop reason=saving target=item_bottle head=item_bottle cost=675 gold=347 left=1'
08/31 17:23:16 [Localization System] CLocalize::FindSafe failed to localize: 'AIB[R] t=109s hp=100% gold=347 loc=-552,-528 lh=3 dn=1 dg=+8 dlh=+0 bottle=-1 lvl=2 front=8484 ehp=-1'
08/31 17:23:16 [Localization System] CLocalize::FindSafe failed to localize: 'AIB[R] intent=damage-by-source family=other creep=47 tower=0 hero=780 mixed=48 death=0 other=0 stale=4 gaps=1 tower_any=0'
08/31 17:23:16 [Localization System] CLocalize::FindSafe failed to localize: 'AIB[R] blocked=hero-over-creep reason=no_target'
08/31 17:23:16 [Localization System] CLocalize::FindSafe failed to localize: 'AIB[R] blocked=emergency-kill reason=no_target'
08/31 17:23:16 [Localization System] CLocalize::FindSafe failed to localize: 'AIB[R] blocked=uphill-repo reason=no_reposition'
08/31 17:23:16 [Localization System] CLocalize::FindSafe failed to localize: 'AIB[R] intent=own-ranged-lead family=other lead=213 count=2'
08/31 17:23:16 [Localization System] CLocalize::FindSafe failed to localize: 'AIB[R] intent=top-arbiter family=state winner=ranged-spacing:41 losers=hero-over-creep:52,idle-heal:46,emergency-retreat:45,fwd-pullback:44,emergency-kill:43.5'
08/31 17:23:16 [Localization System] CLocalize::FindSafe failed to localize: 'AIB[R] intent=tick-owner family=other stage=desire/ranged-spacing reason=ready score=41 band=lanework'
08/31 17:23:16 [Localization System] CLocalize::FindSafe failed to localize: 'AIB[R] blocked=harass reason=no_target'
08/31 17:23:17 [Localization System] CLocalize::FindSafe failed to localize: 'AIB[D] intent=top-arbiter family=state winner=anti-idle:2 losers=hero-over-creep:52,idle-heal:46,emergency-retreat:45,fwd-pullback:44,emergency-kill:43.5'
08/31 17:23:17 [Localization System] CLocalize::FindSafe failed to localize: 'AIB[R] intent=top-arbiter family=state winner=creep-work:38.6 losers=hero-over-creep:52,idle-heal:46,emergency-retreat:45,fwd-pullback:44,emergency-kill:43.5'
08/31 17:23:17 [Localization System] CLocalize::FindSafe failed to localize: 'AIB[D] intent=tick-owner family=other stage=desire/anti-idle reason=ready score=2 band=idle'
08/31 17:23:18 [Localization System] CLocalize::FindSafe failed to localize: 'AIB[R] intent=tick-owner family=other stage=laning-core'
08/31 17:23:18 [Localization System] CLocalize::FindSafe failed to localize: 'AIB[D] blocked=uphill-repo reason=not_trading'
08/31 17:23:18 [Localization System] CLocalize::FindSafe failed to localize: 'AIB[D] blocked=wave-watch reason=not_finishable creep_hp=397 dist=782 idle=6'
08/31 17:23:18 [Localization System] CLocalize::FindSafe failed to localize: 'AIB[D] intent=top-arbiter family=state winner=wave-watch:10 losers=hero-over-creep:52,idle-heal:46,emergency-retreat:45,fwd-pullback:44,emergency-kill:43.5'
08/31 17:23:19 [Localization System] CLocalize::FindSafe failed to localize: 'AIB[D] blocked=hero-over-creep reason=no_target'
08/31 17:23:19 [Localization System] CLocalize::FindSafe failed to localize: 'AIB[D] blocked=emergency-kill reason=no_target'
08/31 17:23:19 [Localization System] CLocalize::FindSafe failed to localize: 'AIB[D] blocked=ability-harass reason=nothing_castable'
08/31 17:23:19 [Localization System] CLocalize::FindSafe failed to localize: 'AIB[R] blocked=hero-over-creep reason=no_target'
08/31 17:23:19 [Localization System] CLocalize::FindSafe failed to localize: 'AIB[R] blocked=emergency-kill reason=no_target'
08/31 17:23:19 [Localization System] CLocalize::FindSafe failed to localize: 'AIB[R] blocked=uphill-repo reason=no_reposition'
08/31 17:23:19 [Localization System] CLocalize::FindSafe failed to localize: 'AIB[R] intent=top-arbiter family=state winner=creep-work:38.6 losers=hero-over-creep:52,idle-heal:46,emergency-retreat:45,fwd-pullback:44,emergency-kill:43.5'
08/31 17:23:19 [Localization System] CLocalize::FindSafe failed to localize: 'AIB[D] blocked=recovery-buy reason=budget_cap hp=92 gold=364 count=2 allow=2'
08/31 17:23:19 [Localization System] CLocalize::FindSafe failed to localize: 'AIB[D] intent=melee-pack-space family=safety count=2 dist=141'
08/31 17:23:19 [Localization System] CLocalize::FindSafe failed to localize: 'AIB[R] intent=channel-interrupt family=fight dist=845 hp=100 kind=heal reason=enemy_heal'
08/31 17:23:19 [Localization System] CLocalize::FindSafe failed to localize: 'AIB[D] blocked=harass reason=own_heal_running'
08/31 17:23:19 [Localization System] CLocalize::FindSafe failed to localize: 'AIB[D] blocked=uphill-repo reason=no_reposition'
08/31 17:23:19 [Localization System] CLocalize::FindSafe failed to localize: 'AIB[D] intent=tick-owner family=other stage=laning-core'
08/31 17:23:19 [Localization System] CLocalize::FindSafe failed to localize: 'AIB[D] intent=state-desire-fight family=state base=78 range=18 dist=580 hp=96 ehp=100 reason=enemy_seen score=96'
08/31 17:23:19 [Localization System] CLocalize::FindSafe failed to localize: 'AIB[D] blocked=ability-pressure reason=nothing_castable'
08/31 17:23:19 [Localization System] CLocalize::FindSafe failed to localize: 'AIB[D] intent=hero-contact family=fight dist=580 hp=96 reason=attackable_enemy'
08/31 17:23:19 [Localization System] CLocalize::FindSafe failed to localize: 'AIB[D] blocked=hero-contact reason=refractory since=0.13'
08/31 17:23:19 [Localization System] CLocalize::FindSafe failed to localize: 'AIB[D] intent=hero-pass family=fight dist=572 hp=96 reason=nearby_enemy'
08/31 17:23:20 [Localization System] CLocalize::FindSafe failed to localize: 'AIB[R] intent=tick-owner family=other stage=laning-core'
08/31 17:23:20 [Localization System] CLocalize::FindSafe failed to localize: 'AIB[D] blocked=top-arbiter reason=empty_action winner=fight score=114'
08/31 17:23:20 [Localization System] CLocalize::FindSafe failed to localize: 'AIB[D] intent=top-arbiter family=state winner=wave-watch:10 losers=fight:114,hero-over-creep:52,idle-heal:46,emergency-retreat:45,fwd-pullback:44'
08/31 17:23:20 [Localization System] CLocalize::FindSafe failed to localize: 'AIB[D] t=114s hp=100% gold=366 loc=-81,-89 enemy-dist=572 lh=3 dn=5 dg=+8 dlh=+0 bottle=-1 lvl=3 front=9923 ehp=80'
08/31 17:23:20 [Localization System] CLocalize::FindSafe failed to localize: 'AIB[R] intent=state-desire-fight family=state base=78 range=18 hp_behind=-8 dist=572 hp=80 ehp=93 reason=enemy_seen score=88'
08/31 17:23:20 [Localization System] CLocalize::FindSafe failed to localize: 'AIB[R] blocked=ability-pressure reason=nothing_castable'
08/31 17:23:20 [Localization System] CLocalize::FindSafe failed to localize: 'AIB[R] intent=hero-contact family=fight dist=572 hp=80 reason=attackable_enemy'
08/31 17:23:20 [Localization System] CLocalize::FindSafe failed to localize: 'AIB[R] intent=top-arbiter family=state winner=fight:88 losers=hero-over-creep:52,idle-heal:46,emergency-retreat:45,fwd-pullback:44,emergency-kill:43.5'
08/31 17:23:20 [Localization System] CLocalize::FindSafe failed to localize: 'AIB[D] blocked=harass reason=no_target'
08/31 17:23:21 [Localization System] CLocalize::FindSafe failed to localize: 'AIB[R] t=114s hp=80% gold=354 loc=-453,-523 enemy-dist=572 lh=3 dn=1 dg=+7 dlh=+0 bottle=-1 lvl=2 front=8641 ehp=93'
08/31 17:23:21 [Localization System] CLocalize::FindSafe failed to localize: 'AIB[R] blocked=hero-contact reason=refractory since=0.17'
08/31 17:23:21 [Localization System] CLocalize::FindSafe failed to localize: 'AIB[R] intent=hero-pass family=fight dist=572 hp=80 reason=nearby_enemy'
08/31 17:23:21 [Localization System] CLocalize::FindSafe failed to localize: 'AIB[R] blocked=fight-candidate reason=no_action_capped hp=71 score=50 cause=hp_behind'
08/31 17:23:21 [Localization System] CLocalize::FindSafe failed to localize: 'AIB[R] blocked=recovery-buy reason=budget_cap hp=71 gold=355 count=2 allow=2'
08/31 17:23:21 [Localization System] CLocalize::FindSafe failed to localize: 'AIB[R] intent=melee-pack-space family=safety count=3 dist=319'
08/31 17:23:21 [Localization System] CLocalize::FindSafe failed to localize: 'AIB[R] blocked=hero-prio-always reason=hp_behind'
08/31 17:23:21 [Localization System] CLocalize::FindSafe failed to localize: 'AIB[D] intent=state-desire-fight family=state base=78 hp_adv=8 dist=631 hp=94 ehp=71 hyst=18 reason=enemy_seen score=104'
08/31 17:23:21 [Localization System] CLocalize::FindSafe failed to localize: 'AIB[D] intent=melee-pack-space family=safety count=3 dist=127'
08/31 17:23:21 [Localization System] CLocalize::FindSafe failed to localize: 'AIB[R] intent=state-desire-safety family=state base=108 creep_dmg=8 hp=69 creep=true hero=true reason=recent_damage score=116'
08/31 17:23:21 [Localization System] CLocalize::FindSafe failed to localize: 'AIB[R] blocked=creep-hit-react reason=inside_melee_pack count=3 dist=184 hp=69'
08/31 17:23:21 [Localization System] CLocalize::FindSafe failed to localize: 'AIB[R] intent=creep-hit-react family=safety dist=184 hp=69 hits=1 reason=edge_attack'
08/31 17:23:21 [Localization System] CLocalize::FindSafe failed to localize: 'AIB[D] blocked=top-arbiter reason=empty_action winner=fight score=86'
08/31 17:23:21 [Localization System] CLocalize::FindSafe failed to localize: 'AIB[D] intent=top-arbiter family=state winner=creep-work:38.8 losers=fight:86,hero-over-creep:52,idle-heal:46,emergency-retreat:45,fwd-pullback:44'
08/31 17:23:21 [Localization System] CLocalize::FindSafe failed to localize: 'AIB[D] intent=tick-owner family=other stage=desire/creep-work reason=ready score=39 band=lanework'
08/31 17:23:21 [Localization System] CLocalize::FindSafe failed to localize: 'AIB[R] blocked=safety-candidate reason=no_action_capped hp=69 score=44 cause=symptom_no_action'
08/31 17:23:21 [Localization System] CLocalize::FindSafe failed to localize: 'AIB[R] blocked=uphill-repo reason=motor_busy'
08/31 17:23:22 [Localization System] CLocalize::FindSafe failed to localize: 'AIB[D] blocked=hero-over-creep reason=no_target'
08/31 17:23:22 [Localization System] CLocalize::FindSafe failed to localize: 'AIB[D] blocked=emergency-kill reason=no_target'
08/31 17:23:22 [Localization System] CLocalize::FindSafe failed to localize: 'AIB[R] intent=state-desire-last-hit family=farm dist=266 reason=killable_creep score=140'
08/31 17:23:22 [Localization System] CLocalize::FindSafe failed to localize: 'AIB[R] intent=tick-owner family=other stage=desire/last-hit dist=266 reason=killable_creep score=140'
08/31 17:23:22 [Localization System] CLocalize::FindSafe failed to localize: 'AIB[R] intent=top-arbiter family=state winner=last-hit:158 losers=hero-over-creep:52,cs-inrange:50,idle-heal:46,emergency-retreat:45,fwd-pullback:44'
08/31 17:23:22 [Localization System] CLocalize::FindSafe failed to localize: 'AIB[D] intent=state-desire-safety family=state base=108 creep_dmg=8 hp=92 creep=true hero=false reason=recent_damage score=116'
08/31 17:23:22 [Localization System] CLocalize::FindSafe failed to localize: 'AIB[D] blocked=creep-hit-react reason=inside_melee_pack count=3 dist=133 hp=92'
08/31 17:23:22 [Localization System] CLocalize::FindSafe failed to localize: 'AIB[D] intent=creep-hit-react family=safety dist=133 hp=92 hits=1 reason=edge_attack'
08/31 17:23:22 [Localization System] CLocalize::FindSafe failed to localize: 'AIB[D] blocked=safety-candidate reason=no_action_capped hp=92 score=44 cause=symptom_no_action'
08/31 17:23:22 [Localization System] CLocalize::FindSafe failed to localize: 'AIB[D] blocked=uphill-repo reason=not_trading'
08/31 17:23:22 [Localization System] CLocalize::FindSafe failed to localize: 'AIB[R] blocked=hero-over-creep reason=no_target'
08/31 17:23:22 [Localization System] CLocalize::FindSafe failed to localize: 'AIB[R] blocked=emergency-kill reason=no_target'
08/31 17:23:22 [Localization System] CLocalize::FindSafe failed to localize: 'AIB[R] intent=melee-pack-space family=safety count=2 dist=136'
08/31 17:23:23 [Localization System] CLocalize::FindSafe failed to localize: 'AIB[D] intent=melee-pack-space family=safety count=3 dist=241'
08/31 17:23:23 [Localization System] CLocalize::FindSafe failed to localize: 'AIB[R] blocked=uphill-repo reason=no_reposition'
08/31 17:23:23 [Localization System] CLocalize::FindSafe failed to localize: 'AIB[R] blocked=hero-prio-chase reason=lane_work dist=927 cs=false creep=true hp_adv=false kill_pressure=false close=false low_farm=false lane_override=false'
08/31 17:23:23 [Localization System] CLocalize::FindSafe failed to localize: 'AIB[R] blocked=harass reason=no_target'
08/31 17:23:23 [Localization System] CLocalize::FindSafe failed to localize: 'AIB[D] intent=top-arbiter family=state winner=creep-work:38.8 losers=hero-over-creep:52,idle-heal:46,emergency-retreat:45,fwd-pullback:44,emergency-kill:43.5'
08/31 17:23:23 Script function 'Think' on bot npc_dota_hero_nevermore took 2.295ms
08/31 17:23:23 [Localization System] CLocalize::FindSafe failed to localize: 'AIB[D] intent=state-desire-last-hit family=farm dist=343 reason=killable_creep score=140'
08/31 17:23:23 [Localization System] CLocalize::FindSafe failed to localize: 'AIB[R] intent=state-desire-safety family=state base=108 creep_dmg=8 hp=66 creep=true hero=false hyst=18 reason=recent_damage score=134'
08/31 17:23:23 [Localization System] CLocalize::FindSafe failed to localize: 'AIB[R] intent=creep-hit-react family=safety dist=213 hp=66 hits=3 reason=attack'
08/31 17:23:23 [Localization System] CLocalize::FindSafe failed to localize: 'AIB[D] intent=tick-owner family=other stage=laning-core'
08/31 17:23:23 [Localization System] CLocalize::FindSafe failed to localize: 'AIB[R] intent=top-arbiter family=state winner=creep-work:38.6 losers=hero-over-creep:52,idle-heal:46,emergency-retreat:45,fwd-pullback:44,emergency-kill:43.5'
08/31 17:23:24 [Localization System] CLocalize::FindSafe failed to localize: 'AIB[D] blocked=buy-loop reason=saving target=item_bottle head=item_bottle cost=675 gold=371 left=1'
08/31 17:23:24 [Localization System] CLocalize::FindSafe failed to localize: 'AIB[R] blocked=buy-loop reason=saving target=item_bottle head=item_bottle cost=675 gold=395 left=1'
08/31 17:23:24 [Localization System] CLocalize::FindSafe failed to localize: 'AIB[D] blocked=harass reason=no_target'
08/31 17:23:24 [Localization System] CLocalize::FindSafe failed to localize: 'AIB[D] blocked=ability-harass reason=nothing_castable'
08/31 17:23:24 [Localization System] CLocalize::FindSafe failed to localize: 'AIB[D] intent=wave-watch-work family=other lh=3 idle=12 creep_hp=42 dist=343'
08/31 17:23:24 [Localization System] CLocalize::FindSafe failed to localize: 'AIB[R] intent=cs-watchdog family=farm lh=4 idle=18 creep_hp=406 dist=137'
08/31 17:23:24 [Localization System] CLocalize::FindSafe failed to localize: 'AIB[R] intent=tick-owner family=other stage=laning-core'
08/31 17:23:24 [Localization System] CLocalize::FindSafe failed to localize: 'AIB[D] intent=state-desire-safety family=state base=108 creep_dmg=8 hp=91 creep=true hero=false reason=recent_damage score=116'
08/31 17:23:24 [Localization System] CLocalize::FindSafe failed to localize: 'AIB[D] intent=creep-hit-react family=safety dist=163 hp=91 hits=3 reason=edge_attack'
08/31 17:23:24 [Localization System] CLocalize::FindSafe failed to localize: 'AIB[D] intent=top-arbiter family=state winner=wave-watch:10 losers=hero-over-creep:52,idle-heal:46,emergency-retreat:45,fwd-pullback:44,emergency-kill:43.5'
08/31 17:23:24 [Localization System] CLocalize::FindSafe failed to localize: 'AIB[R] blocked=safety-candidate reason=no_action_capped hp=64 score=44 cause=symptom_no_action'
08/31 17:23:25 [Localization System] CLocalize::FindSafe failed to localize: 'AIB[R] intent=state-desire-safety family=state base=108 creep_dmg=8 hp=64 creep=true hero=false hyst=18 reason=recent_damage score=134'
08/31 17:23:25 [Localization System] CLocalize::FindSafe failed to localize: 'AIB[R] intent=creep-hit-react family=safety dist=107 hp=64 hits=5 reason=attack'
08/31 17:23:25 [Localization System] CLocalize::FindSafe failed to localize: 'AIB[D] blocked=hero-over-creep reason=no_target'
08/31 17:23:25 [Localization System] CLocalize::FindSafe failed to localize: 'AIB[D] blocked=emergency-kill reason=no_target'
08/31 17:23:25 [Localization System] CLocalize::FindSafe failed to localize: 'AIB[R] intent=top-arbiter family=state winner=creep-work:38.6 losers=hero-over-creep:52,idle-heal:46,emergency-retreat:45,fwd-pullback:44,emergency-kill:43.5'
08/31 17:23:25 [Localization System] CLocalize::FindSafe failed to localize: 'AIB[D] blocked=uphill-repo reason=no_reposition'
08/31 17:23:25 [Localization System] CLocalize::FindSafe failed to localize: 'AIB[D] blocked=safety-candidate reason=no_action_capped hp=91 score=44 cause=symptom_no_action'
08/31 17:23:25 [Localization System] CLocalize::FindSafe failed to localize: 'AIB[D] t=119s hp=91% gold=408 loc=247,312 enemy-dist=1399 lh=4 dn=5 dg=+42 dlh=+1 bottle=-1 lvl=3 front=10294 ehp=65'
08/31 17:23:25 [Localization System] CLocalize::FindSafe failed to localize: 'AIB[D] intent=tick-owner family=other stage=laning-core'
08/31 17:23:26 [Localization System] CLocalize::FindSafe failed to localize: 'AIB[R] t=119s hp=65% gold=398 loc=-707,-711 enemy-dist=1399 lh=4 dn=1 dg=+44 dlh=+1 bottle=-1 lvl=2 front=9033 ehp=91'
08/31 17:23:26 [Localization System] CLocalize::FindSafe failed to localize: 'AIB[R] blocked=hero-over-creep reason=no_target'
08/31 17:23:26 [Localization System] CLocalize::FindSafe failed to localize: 'AIB[R] blocked=emergency-kill reason=no_target'
08/31 17:23:26 [Localization System] CLocalize::FindSafe failed to localize: 'AIB[D] intent=melee-pack-space family=safety count=2 dist=125'
08/31 17:23:26 [Localization System] CLocalize::FindSafe failed to localize: 'AIB[R] blocked=uphill-repo reason=no_reposition'
08/31 17:23:26 [Localization System] CLocalize::FindSafe failed to localize: 'AIB[R] blocked=hero-prio-chase reason=lane_work dist=1379 cs=false creep=true hp_adv=false kill_pressure=false close=false low_farm=false lane_override=false'
08/31 17:23:26 [Localization System] CLocalize::FindSafe failed to localize: 'AIB[R] blocked=harass reason=no_target'
08/31 17:23:26 [Localization System] CLocalize::FindSafe failed to localize: 'AIB[R] intent=tick-owner family=other stage=laning-core'
08/31 17:23:26 [Localization System] CLocalize::FindSafe failed to localize: 'AIB[D] intent=top-arbiter family=state winner=wave-watch:10 losers=hero-over-creep:52,idle-heal:46,emergency-retreat:45,fwd-pullback:44,emergency-kill:43.5'
08/31 17:23:26 [Localization System] CLocalize::FindSafe failed to localize: 'AIB[R] intent=top-arbiter family=state winner=creep-work:38.6 losers=hero-over-creep:52,idle-heal:46,emergency-retreat:45,fwd-pullback:44,emergency-kill:43.5'
08/31 17:23:27 [Localization System] CLocalize::FindSafe failed to localize: 'AIB[D] blocked=harass reason=no_target'
08/31 17:23:27 [Localization System] CLocalize::FindSafe failed to localize: 'AIB[D] blocked=ability-harass reason=nothing_castable'
08/31 17:23:28 [Localization System] CLocalize::FindSafe failed to localize: 'AIB[D] intent=top-arbiter family=state winner=wave-watch:10 losers=hero-over-creep:52,idle-heal:46,emergency-retreat:45,fwd-pullback:44,emergency-kill:43.5'
08/31 17:23:28 [Localization System] CLocalize::FindSafe failed to localize: 'AIB[D] intent=tick-owner family=other stage=laning-core'
08/31 17:23:28 [Localization System] CLocalize::FindSafe failed to localize: 'AIB[D] blocked=hero-over-creep reason=no_target'
08/31 17:23:28 [Localization System] CLocalize::FindSafe failed to localize: 'AIB[D] blocked=emergency-kill reason=no_target'
08/31 17:23:28 [Localization System] CLocalize::FindSafe failed to localize: 'AIB[R] intent=top-arbiter family=state winner=creep-work:38.6 losers=hero-over-creep:52,idle-heal:46,emergency-retreat:45,fwd-pullback:44,emergency-kill:43.5'
08/31 17:23:28 [Localization System] CLocalize::FindSafe failed to localize: 'AIB[R] intent=tick-owner family=other stage=laning-core'
08/31 17:23:28 [Localization System] CLocalize::FindSafe failed to localize: 'AIB[D] blocked=uphill-repo reason=no_reposition'
08/31 17:23:28 [Localization System] CLocalize::FindSafe failed to localize: 'invalid index'
08/31 17:23:28 [Localization System] CLocalize::FindSafe failed to localize: 'AIB[R] blocked=ability-harass reason=nothing_castable'
08/31 17:23:28 [Localization System] CLocalize::FindSafe failed to localize: 'AIB[R] intent=lane-line-episode family=other dist=819 fwd=0.65'
08/31 17:23:29 [Localization System] CLocalize::FindSafe failed to localize: 'AIB[R] blocked=hero-over-creep reason=no_target'
08/31 17:23:29 [Localization System] CLocalize::FindSafe failed to localize: 'AIB[R] blocked=emergency-kill reason=no_target'
08/31 17:23:29 [Localization System] CLocalize::FindSafe failed to localize: 'AIB[R] blocked=uphill-repo reason=motor_busy'
08/31 17:23:29 [Localization System] CLocalize::FindSafe failed to localize: 'AIB[R] blocked=hero-prio-chase reason=lane_work dist=1031 cs=false creep=true hp_adv=false kill_pressure=false close=false low_farm=false lane_override=false'
08/31 17:23:29 [Localization System] CLocalize::FindSafe failed to localize: 'AIB[R] blocked=harass reason=no_target'
08/31 17:23:29 [Localization System] CLocalize::FindSafe failed to localize: 'AIB[D] blocked=uphill-repo reason=not_trading'
08/31 17:23:29 [Localization System] CLocalize::FindSafe failed to localize: 'AIB[D] intent=melee-pack-space family=safety count=2 dist=128'
08/31 17:23:29 [Localization System] CLocalize::FindSafe failed to localize: 'AIB[D] intent=top-arbiter family=state winner=wave-watch:10 losers=hero-over-creep:52,idle-heal:46,emergency-retreat:45,fwd-pullback:44,emergency-kill:43.5'
08/31 17:23:29 [Localization System] CLocalize::FindSafe failed to localize: 'AIB[R] intent=top-arbiter family=state winner=creep-work:38.6 losers=hero-over-creep:52,idle-heal:46,emergency-retreat:45,fwd-pullback:44,emergency-kill:43.5'
08/31 17:23:30 [Localization System] CLocalize::FindSafe failed to localize: 'AIB[D] blocked=harass reason=no_target'
08/31 17:23:30 [Localization System] CLocalize::FindSafe failed to localize: 'AIB[D] blocked=ability-harass reason=nothing_castable'
08/31 17:23:30 [Localization System] CLocalize::FindSafe failed to localize: 'AIB[D] intent=tick-owner family=other stage=laning-core'
08/31 17:23:30 [Localization System] CLocalize::FindSafe failed to localize: 'AIB[D] intent=damage-by-source family=other creep=303 tower=0 hero=664 mixed=145 death=0 other=62 stale=41 gaps=1 tower_any=0'
08/31 17:23:30 [Localization System] CLocalize::FindSafe failed to localize: 'AIB[D] blocked=wave-watch reason=not_finishable creep_hp=233 dist=428 idle=6'
08/31 17:23:30 [Localization System] CLocalize::FindSafe failed to localize: 'AIB[R] intent=tick-owner family=other stage=laning-core'
08/31 17:23:30 [Localization System] CLocalize::FindSafe failed to localize: 'AIB[D] intent=cs-watchdog family=farm lh=4 idle=18 creep_hp=233 dist=428'
08/31 17:23:30 [Localization System] CLocalize::FindSafe failed to localize: 'AIB[D] t=124s hp=94% gold=415 loc=186,232 enemy-dist=1057 lh=4 dn=6 dg=+7 dlh=+0 bottle=-1 lvl=3 front=9708 ehp=67'
08/31 17:23:31 [Localization System] CLocalize::FindSafe failed to localize: 'AIB[R] t=124s hp=67% gold=445 loc=-563,-515 enemy-dist=1057 lh=5 dn=1 dg=+47 dlh=+1 bottle=-1 lvl=3 front=8967 ehp=94'
08/31 17:23:31 [Localization System] CLocalize::FindSafe failed to localize: 'AIB[R] intent=damage-by-source family=other creep=99 tower=0 hero=963 mixed=48 death=0 other=0 stale=4 gaps=1 tower_any=0'
08/31 17:23:31 [Localization System] CLocalize::FindSafe failed to localize: 'AIB[R] blocked=uphill-repo reason=no_reposition'
08/31 17:23:31 [Localization System] CLocalize::FindSafe failed to localize: 'AIB[D] blocked=hero-over-creep reason=no_target'
08/31 17:23:31 [Localization System] CLocalize::FindSafe failed to localize: 'AIB[D] blocked=emergency-kill reason=no_target'
08/31 17:23:31 [Localization System] CLocalize::FindSafe failed to localize: 'AIB[D] intent=top-arbiter family=state winner=wave-watch:10 losers=hero-over-creep:52,idle-heal:46,emergency-retreat:45,fwd-pullback:44,emergency-kill:43.5'
08/31 17:23:31 [Localization System] CLocalize::FindSafe failed to localize: 'AIB[R] intent=top-arbiter family=state winner=creep-work:38.6 losers=hero-over-creep:52,idle-heal:46,emergency-retreat:45,fwd-pullback:44,emergency-kill:43.5'
08/31 17:23:32 [Localization System] CLocalize::FindSafe failed to localize: 'AIB[D] blocked=buy-loop reason=saving target=item_bottle head=item_bottle cost=675 gold=417 left=1'
08/31 17:23:32 [Localization System] CLocalize::FindSafe failed to localize: 'AIB[R] blocked=buy-loop reason=saving target=item_bottle head=item_bottle cost=675 gold=446 left=1'
08/31 17:23:32 [Localization System] CLocalize::FindSafe failed to localize: 'AIB[R] intent=state-desire-last-hit family=farm dist=481 reason=killable_creep score=140'
08/31 17:23:32 [Localization System] CLocalize::FindSafe failed to localize: 'AIB[D] intent=tick-owner family=other stage=laning-core'
08/31 17:23:32 [Localization System] CLocalize::FindSafe failed to localize: 'AIB[R] intent=tick-owner family=other stage=laning-core'
08/31 17:23:32 [Localization System] CLocalize::FindSafe failed to localize: 'AIB[R] blocked=hero-over-creep reason=no_target'
08/31 17:23:32 [Localization System] CLocalize::FindSafe failed to localize: 'AIB[R] blocked=emergency-kill reason=no_target'
08/31 17:23:32 [Localization System] CLocalize::FindSafe failed to localize: 'AIB[R] blocked=hero-prio-chase reason=lane_work dist=968 cs=false creep=true hp_adv=false kill_pressure=false close=false low_farm=false lane_override=false'
08/31 17:23:32 [Localization System] CLocalize::FindSafe failed to localize: 'AIB[R] blocked=harass reason=no_target'
08/31 17:23:32 [Localization System] CLocalize::FindSafe failed to localize: 'AIB[D] intent=top-arbiter family=state winner=creep-work:38.8 losers=hero-over-creep:52,idle-heal:46,emergency-retreat:45,fwd-pullback:44,emergency-kill:43.5'
08/31 17:23:33 [Localization System] CLocalize::FindSafe failed to localize: 'AIB[D] intent=cs-watchdog family=farm lh=4 idle=21 creep_hp=192 dist=402'
08/31 17:23:33 [Localization System] CLocalize::FindSafe failed to localize: 'AIB[R] blocked=ability-harass reason=nothing_castable'
08/31 17:23:33 [Localization System] CLocalize::FindSafe failed to localize: 'AIB[R] intent=lane-line-episode family=other dist=575 fwd=0.65'
08/31 17:23:33 [Localization System] CLocalize::FindSafe failed to localize: 'AIB[R] intent=top-arbiter family=state winner=lane-line:18 losers=hero-over-creep:52,idle-heal:46,emergency-retreat:45,fwd-pullback:44,emergency-kill:43.5'
08/31 17:23:33 [Localization System] CLocalize::FindSafe failed to localize: 'AIB[R] blocked=uphill-repo reason=motor_busy'
08/31 17:23:33 [Localization System] CLocalize::FindSafe failed to localize: 'AIB[D] blocked=harass reason=no_target'
08/31 17:23:33 [Localization System] CLocalize::FindSafe failed to localize: 'AIB[D] blocked=ability-harass reason=nothing_castable'
08/31 17:23:33 [Localization System] CLocalize::FindSafe failed to localize: 'AIB[D] blocked=uphill-repo reason=not_trading'
08/31 17:23:33 [Localization System] CLocalize::FindSafe failed to localize: 'AIB[D] intent=melee-pack-space family=safety count=2 dist=142'
08/31 17:23:33 [Localization System] CLocalize::FindSafe failed to localize: 'AIB[R] intent=recovery-plan family=recover action=buy_flask reason=critical hp=68 gold=448 count=3'
08/31 17:23:33 [Localization System] CLocalize::FindSafe failed to localize: 'AIB[D] intent=recovery-plan family=recover action=buy_flask reason=critical hp=96 gold=419 count=3'
08/31 17:23:33 [Localization System] CLocalize::FindSafe failed to localize: 'AIB[D] blocked=wave-watch reason=not_finishable creep_hp=192 dist=258 idle=9'
08/31 17:23:34 [Localization System] CLocalize::FindSafe failed to localize: 'AIB[D] intent=tick-owner family=other stage=desire/uphill reason=ready score=43 band=lanework'
08/31 17:23:34 [Localization System] CLocalize::FindSafe failed to localize: 'AIB[D] blocked=hero-over-creep reason=no_target'
08/31 17:23:34 [Localization System] CLocalize::FindSafe failed to localize: 'AIB[D] blocked=emergency-kill reason=no_target'
08/31 17:23:34 [Localization System] CLocalize::FindSafe failed to localize: 'AIB[D] blocked=uphill-repo reason=motor_busy'
08/31 17:23:34 [Localization System] CLocalize::FindSafe failed to localize: 'AIB[D] intent=top-arbiter family=state winner=wave-watch:10 losers=hero-over-creep:52,idle-heal:46,emergency-retreat:45,fwd-pullback:44,emergency-kill:43.5'
08/31 17:23:34 [Localization System] CLocalize::FindSafe failed to localize: 'AIB[R] intent=top-arbiter family=state winner=harass:40 losers=hero-over-creep:52,idle-heal:46,emergency-retreat:45,fwd-pullback:44,emergency-kill:43.5'
08/31 17:23:34 [Localization System] CLocalize::FindSafe failed to localize: 'AIB[R] intent=tick-owner family=other stage=laning-core'
08/31 17:23:34 [Localization System] CLocalize::FindSafe failed to localize: 'AIB[D] intent=state-desire-safety family=state base=108 creep_dmg=8 hp=77 creep=true hero=true reason=recent_damage score=116'
08/31 17:23:34 [Localization System] CLocalize::FindSafe failed to localize: 'AIB[D] blocked=creep-hit-react reason=inside_melee_pack count=2 dist=317 hp=77'
08/31 17:23:34 [Localization System] CLocalize::FindSafe failed to localize: 'AIB[D] intent=creep-hit-react family=safety dist=317 hp=77 hits=1 reason=edge_attack'
08/31 17:23:35 [Localization System] CLocalize::FindSafe failed to localize: 'AIB[D] blocked=safety-candidate reason=no_action_capped hp=77 score=44 cause=symptom_no_action'
08/31 17:23:35 [Localization System] CLocalize::FindSafe failed to localize: 'AIB[D] intent=state-desire-last-hit family=farm dist=432 reason=killable_creep score=140'
08/31 17:23:35 [Localization System] CLocalize::FindSafe failed to localize: 'AIB[R] intent=state-desire-siege family=siege base=66 push=12 hp=69 reason=tower_window score=78'
08/31 17:23:35 [Localization System] CLocalize::FindSafe failed to localize: 'AIB[R] intent=state-siege-window family=siege ttl=2 wave=3 tower=1036 hp=69 adv=false'
08/31 17:23:35 [Localization System] CLocalize::FindSafe failed to localize: 'AIB[R] intent=tower-opportunity family=siege result=step phase=wave wave=3 tower=1036'
08/31 17:23:35 [Localization System] CLocalize::FindSafe failed to localize: 'AIB[D] t=129s hp=77% gold=323 loc=401,513 enemy-dist=790 lh=4 dn=7 dg=-92 dlh=+0 bottle=-1 lvl=3 front=8620 ehp=70'
08/31 17:23:35 [Localization System] CLocalize::FindSafe failed to localize: 'AIB[D] intent=top-arbiter family=state winner=safety:116 losers=hero-over-creep:52,idle-heal:46,emergency-retreat:45,fwd-pullback:44,emergency-kill:43.5'
08/31 17:23:36 [Localization System] CLocalize::FindSafe failed to localize: 'AIB[D] blocked=uphill-repo reason=no_step'
08/31 17:23:36 [SteamNetSockets] Certificate expires in 45h02m at 1788351974 (current time 1788189817), will renew in 43h02m
08/31 17:23:36 [Localization System] CLocalize::FindSafe failed to localize: 'AIB[D] blocked=harass reason=no_target'
08/31 17:23:36 [Localization System] CLocalize::FindSafe failed to localize: 'AIB[D] blocked=ability-harass reason=nothing_castable'
08/31 17:23:36 [Localization System] CLocalize::FindSafe failed to localize: 'AIB[D] intent=tick-owner family=other stage=laning-core'
08/31 17:23:36 [Localization System] CLocalize::FindSafe failed to localize: 'AIB[D] intent=state-desire-last-hit family=farm dist=522 hyst=18 reason=killable_creep score=158'
08/31 17:23:37 [Localization System] CLocalize::FindSafe failed to localize: 'AIB[D] intent=state-desire-safety family=state base=108 creep_dmg=8 hp=75 creep=true hero=false reason=recent_damage score=116'
08/31 17:23:37 [Localization System] CLocalize::FindSafe failed to localize: 'AIB[D] intent=creep-hit-react family=safety dist=131 hp=75 hits=3 reason=attack'
08/31 17:23:37 [Localization System] CLocalize::FindSafe failed to localize: 'AIB[D] blocked=hero-over-creep reason=no_target'
08/31 17:23:37 [Localization System] CLocalize::FindSafe failed to localize: 'AIB[D] blocked=emergency-kill reason=no_target'
08/31 17:23:37 [Localization System] CLocalize::FindSafe failed to localize: 'AIB[D] intent=top-arbiter family=state winner=wave-watch:10 losers=hero-over-creep:52,idle-heal:46,emergency-retreat:45,fwd-pullback:44,emergency-kill:43.5'
08/31 17:23:37 [Localization System] CLocalize::FindSafe failed to localize: 'AIB[R] t=131s hp=51% gold=355 loc=-597,-480 enemy-dist=1415 lh=5 dn=1 dg=-90 dlh=+0 bottle=-1 lvl=3 front=9655 ehp=73'
08/31 17:23:37 [Localization System] CLocalize::FindSafe failed to localize: 'AIB[R] blocked=hero-over-creep reason=no_target'
08/31 17:23:37 [Localization System] CLocalize::FindSafe failed to localize: 'AIB[R] intent=recovery-plan family=recover action=back reason=post_fight_regen hp=51'
08/31 17:23:37 [Localization System] CLocalize::FindSafe failed to localize: 'AIB[R] intent=state-recover-xp family=state ttl=5 reason=post_fight_regen hp=51 dist=615'
08/31 17:23:37 [Localization System] CLocalize::FindSafe failed to localize: 'AIB[R] blocked=emergency-kill reason=no_target'
08/31 17:23:37 [Localization System] CLocalize::FindSafe failed to localize: 'AIB[R] blocked=uphill-repo reason=no_reposition'
08/31 17:23:37 [Localization System] CLocalize::FindSafe failed to localize: 'AIB[R] blocked=hero-prio-chase reason=lane_work dist=1415 cs=false creep=false hp_adv=false kill_pressure=false close=false low_farm=false lane_override=false'
08/31 17:23:37 [Localization System] CLocalize::FindSafe failed to localize: 'AIB[R] blocked=harass reason=no_target'
08/31 17:23:37 [Localization System] CLocalize::FindSafe failed to localize: 'AIB[R] blocked=ability-harass reason=nothing_castable'
08/31 17:23:37 [Localization System] CLocalize::FindSafe failed to localize: 'AIB[R] intent=top-arbiter family=state winner=anti-idle:2 losers=safe-cs:56,hero-over-creep:52,idle-heal:46,emergency-retreat:45,fwd-pullback:44'
08/31 17:23:37 [Localization System] CLocalize::FindSafe failed to localize: 'AIB[R] intent=tick-owner family=other stage=desire/anti-idle reason=ready score=2 band=idle'
08/31 17:23:38 [Localization System] CLocalize::FindSafe failed to localize: 'AIB[D] blocked=safety-candidate reason=no_action_capped hp=73 score=44 cause=symptom_no_action'
08/31 17:23:38 [Localization System] CLocalize::FindSafe failed to localize: 'AIB[D] blocked=visual-hold reason=creep_damage held=2.2 hp=73 repeat=2 hard=false'
08/31 17:23:38 [Localization System] CLocalize::FindSafe failed to localize: 'AIB[D] intent=tick-owner family=other stage=desire/visual-hold reason=ready score=20 band=position'
08/31 17:23:38 [Localization System] CLocalize::FindSafe failed to localize: 'AIB[D] intent=state-desire-last-hit family=farm dist=131 reason=killable_creep score=140'
08/31 17:23:39 [Localization System] CLocalize::FindSafe failed to localize: 'AIB[D] intent=top-arbiter family=state winner=last-hit:158 losers=safety:116,hero-over-creep:52,cs-inrange:50,idle-heal:46,emergency-retreat:45'
08/31 17:23:39 [Localization System] CLocalize::FindSafe failed to localize: 'AIB[D] intent=state-desire-safety family=state base=108 creep_dmg=8 hp=72 creep=true hero=false reason=recent_damage score=116'
08/31 17:23:39 [Localization System] CLocalize::FindSafe failed to localize: 'AIB[D] intent=creep-hit-react family=safety dist=131 hp=72 hits=5 reason=attack'
08/31 17:23:39 [Localization System] CLocalize::FindSafe failed to localize: 'AIB[D] blocked=uphill-repo reason=no_step'
08/31 17:23:39 [Localization System] CLocalize::FindSafe failed to localize: 'AIB[D] blocked=harass reason=no_target'
08/31 17:23:39 [Localization System] CLocalize::FindSafe failed to localize: 'AIB[D] blocked=ability-harass reason=nothing_castable'
08/31 17:23:39 [Localization System] CLocalize::FindSafe failed to localize: 'AIB[R] intent=top-arbiter family=state winner=anti-idle:2 losers=safe-cs:56,hero-over-creep:52,idle-heal:46,emergency-retreat:45,fwd-pullback:44'
08/31 17:23:39 [Localization System] CLocalize::FindSafe failed to localize: 'AIB[D] blocked=fight-candidate reason=no_action_capped hp=71 score=40 cause=seen_unreachable'
08/31 17:23:39 [Localization System] CLocalize::FindSafe failed to localize: 'AIB[R] blocked=uphill-repo reason=motor_busy'
08/31 17:23:40 [Localization System] CLocalize::FindSafe failed to localize: 'AIB[D] blocked=buy-loop reason=saving target=item_bottle head=item_bottle cost=675 gold=406 left=1'
08/31 17:23:40 [Localization System] CLocalize::FindSafe failed to localize: 'AIB[R] blocked=buy-loop reason=saving target=item_bottle head=item_bottle cost=675 gold=358 left=1'
08/31 17:23:40 [Localization System] CLocalize::FindSafe failed to localize: 'AIB[R] intent=tick-owner family=other stage=laning-core'
08/31 17:23:40 [Localization System] CLocalize::FindSafe failed to localize: 'AIB[D] intent=state-desire-fight family=state base=78 hp_adv=8 execute=20 dist=828 hp=71 ehp=52 reason=enemy_seen score=106'
08/31 17:23:40 [Localization System] CLocalize::FindSafe failed to localize: 'AIB[D] blocked=ability-pressure reason=nothing_castable'
08/31 17:23:40 [Localization System] CLocalize::FindSafe failed to localize: 'AIB[D] intent=creep-aggro family=safety hp=71 dest=276,405 reason=chip_step'
08/31 17:23:40 [Localization System] CLocalize::FindSafe failed to localize: 'AIB[D] intent=tick-owner family=other stage=laning-core'
08/31 17:23:40 [Localization System] CLocalize::FindSafe failed to localize: 'AIB[D] intent=hero-contact family=fight dist=765 hp=71 reason=close_enemy'
08/31 17:23:40 [Localization System] CLocalize::FindSafe failed to localize: 'AIB[D] blocked=hero-over-creep reason=no_target'
08/31 17:23:40 [Localization System] CLocalize::FindSafe failed to localize: 'AIB[D] blocked=emergency-kill reason=no_target'
08/31 17:23:40 [Localization System] CLocalize::FindSafe failed to localize: 'AIB[D] blocked=uphill-repo reason=not_trading'
08/31 17:23:40 [Localization System] CLocalize::FindSafe failed to localize: 'AIB[D] intent=top-arbiter family=state winner=anti-idle:2 losers=hero-over-creep:52,idle-heal:46,emergency-retreat:45,fwd-pullback:44,emergency-kill:43.5'
08/31 17:23:40 [Localization System] CLocalize::FindSafe failed to localize: 'AIB[D] t=134s hp=72% gold=407 loc=457,439 enemy-dist=913 lh=6 dn=7 dg=+84 dlh=+2 bottle=-1 lvl=3 front=8620 ehp=52'
08/31 17:23:41 [Localization System] CLocalize::FindSafe failed to localize: 'AIB[D] blocked=uphill-repo reason=no_reposition'
08/31 17:23:42 [Localization System] CLocalize::FindSafe failed to localize: 'AIB[D] intent=lane-line-episode family=other dist=464 fwd=0.16'
08/31 17:23:42 [Localization System] CLocalize::FindSafe failed to localize: 'AIB[D] blocked=uphill-repo reason=motor_busy'
08/31 17:23:42 [Localization System] CLocalize::FindSafe failed to localize: 'AIB[D] intent=top-arbiter family=state winner=lane-line:18 losers=hero-over-creep:52,idle-heal:46,emergency-retreat:45,fwd-pullback:44,emergency-kill:43.5'
08/31 17:23:42 [Localization System] CLocalize::FindSafe failed to localize: 'AIB[D] intent=tick-owner family=other stage=laning-core'
08/31 17:23:42 [Localization System] CLocalize::FindSafe failed to localize: 'AIB[D] blocked=harass reason=no_target'
08/31 17:23:42 [Localization System] CLocalize::FindSafe failed to localize: 'AIB[D] blocked=ability-harass reason=nothing_castable'
08/31 17:23:42 [Localization System] CLocalize::FindSafe failed to localize: 'AIB[R] blocked=hero-over-creep reason=no_target'
08/31 17:23:42 [Localization System] CLocalize::FindSafe failed to localize: 'AIB[R] blocked=emergency-kill reason=no_target'
08/31 17:23:42 [Localization System] CLocalize::FindSafe failed to localize: 'AIB[R] blocked=uphill-repo reason=no_reposition'
08/31 17:23:42 [Localization System] CLocalize::FindSafe failed to localize: 'AIB[R] blocked=harass reason=no_target'
08/31 17:23:42 [Localization System] CLocalize::FindSafe failed to localize: 'AIB[R] blocked=ability-harass reason=nothing_castable'
08/31 17:23:42 [Localization System] CLocalize::FindSafe failed to localize: 'AIB[R] intent=top-arbiter family=state winner=fwd-position:22 losers=safe-cs:56,hero-over-creep:52,idle-heal:46,emergency-retreat:45,fwd-pullback:44'
08/31 17:23:42 [Localization System] CLocalize::FindSafe failed to localize: 'AIB[R] intent=tick-owner family=other stage=desire/fwd-position reason=ready score=22 band=position'
08/31 17:23:42 [Localization System] CLocalize::FindSafe failed to localize: 'AIB[R] blocked=uphill-repo reason=motor_busy'
08/31 17:23:43 [Localization System] CLocalize::FindSafe failed to localize: 'AIB[R] t=136s hp=53% gold=362 loc=-704,-561 lh=5 dn=1 dg=+7 dlh=+0 bottle=-1 lvl=3 front=7284 ehp=-1'
08/31 17:23:43 [Localization System] CLocalize::FindSafe failed to localize: 'AIB[R] intent=recovery-plan family=recover action=back reason=post_fight_regen hp=53'
08/31 17:23:43 [Localization System] CLocalize::FindSafe failed to localize: 'AIB[R] intent=state-recover-xp family=state ttl=5 reason=post_fight_regen hp=53 dist=1632'
08/31 17:23:43 [Localization System] CLocalize::FindSafe failed to localize: 'AIB[D] blocked=hero-over-creep reason=no_target'
08/31 17:23:43 [Localization System] CLocalize::FindSafe failed to localize: 'AIB[D] blocked=emergency-kill reason=no_target'
08/31 17:23:43 [Localization System] CLocalize::FindSafe failed to localize: 'AIB[D] intent=top-arbiter family=state winner=lane-line:18 losers=hero-over-creep:52,idle-heal:46,emergency-retreat:45,fwd-pullback:44,emergency-kill:43.5'
08/31 17:23:43 [Localization System] CLocalize::FindSafe failed to localize: 'AIB[R] blocked=hero-prio-chase reason=lane_work dist=1422 cs=false creep=false hp_adv=false kill_pressure=false close=false low_farm=false lane_override=false'
08/31 17:23:44 Script function 'GetDesire' on bot npc_dota_hero_nevermore took 2.410ms
08/31 17:23:44 [Localization System] CLocalize::FindSafe failed to localize: 'AIB[R] intent=top-arbiter family=state winner=idle-heal:46 losers=safe-cs:56,hero-over-creep:52,emergency-retreat:45,fwd-pullback:44,emergency-kill:43.5'
08/31 17:23:44 [Localization System] CLocalize::FindSafe failed to localize: 'AIB[D] intent=tick-owner family=other stage=laning-core'
08/31 17:23:44 [Localization System] CLocalize::FindSafe failed to localize: 'AIB[R] intent=tick-owner family=other stage=laning-core'
08/31 17:23:44 [Localization System] CLocalize::FindSafe failed to localize: 'AIB[D] intent=lane-line-episode family=other dist=481 fwd=0.46'
08/31 17:23:45 [Localization System] CLocalize::FindSafe failed to localize: 'AIB[D] blocked=uphill-repo reason=motor_busy'
08/31 17:23:45 [Localization System] CLocalize::FindSafe failed to localize: 'AIB[D] intent=top-arbiter family=state winner=lane-line:18 losers=hero-over-creep:52,idle-heal:46,emergency-retreat:45,fwd-pullback:44,emergency-kill:43.5'
08/31 17:23:45 [Localization System] CLocalize::FindSafe failed to localize: 'AIB[D] intent=damage-by-source family=other creep=373 tower=0 hero=786 mixed=145 death=0 other=62 stale=41 gaps=1 tower_any=0'
08/31 17:23:45 [Localization System] CLocalize::FindSafe failed to localize: 'AIB[R] blocked=hero-over-creep reason=no_target'
08/31 17:23:45 [Localization System] CLocalize::FindSafe failed to localize: 'AIB[R] intent=top-arbiter family=state winner=idle-heal:46 losers=safe-cs:56,hero-over-creep:52,emergency-retreat:45,fwd-pullback:44,emergency-kill:43.5'
08/31 17:23:45 [Localization System] CLocalize::FindSafe failed to localize: 'AIB[D] blocked=harass reason=no_target'
08/31 17:23:45 [Localization System] CLocalize::FindSafe failed to localize: 'AIB[D] blocked=ability-harass reason=nothing_castable'
08/31 17:23:45 [Localization System] CLocalize::FindSafe failed to localize: 'AIB[D] blocked=wave-watch reason=not_finishable creep_hp=550 dist=508 idle=8'
08/31 17:23:45 [Localization System] CLocalize::FindSafe failed to localize: 'AIB[D] t=139s hp=75% gold=415 loc=-316,-216 lh=6 dn=7 dg=+8 dlh=+0 bottle=-1 lvl=3 front=9853 ehp=-1'
08/31 17:23:45 [Localization System] CLocalize::FindSafe failed to localize: 'AIB[D] intent=own-ranged-lead family=other lead=276 count=2'
08/31 17:23:46 [Localization System] CLocalize::FindSafe failed to localize: 'AIB[R] intent=damage-by-source family=other creep=99 tower=0 hero=963 mixed=48 death=0 other=0 stale=132 gaps=2 tower_any=0'
08/31 17:23:46 [Localization System] CLocalize::FindSafe failed to localize: 'AIB[R] blocked=emergency-kill reason=no_target'
08/31 17:23:46 [Localization System] CLocalize::FindSafe failed to localize: 'AIB[R] blocked=uphill-repo reason=not_trading'
08/31 17:23:46 [Localization System] CLocalize::FindSafe failed to localize: 'AIB[R] blocked=harass reason=no_target'
08/31 17:23:46 [Localization System] CLocalize::FindSafe failed to localize: 'AIB[R] blocked=ability-harass reason=nothing_castable'
08/31 17:23:46 [Localization System] CLocalize::FindSafe failed to localize: 'AIB[R] intent=lane-line-episode family=other dist=1154 fwd=0.59'
08/31 17:23:46 [Localization System] CLocalize::FindSafe failed to localize: 'AIB[R] blocked=uphill-repo reason=motor_busy'
08/31 17:23:46 [Localization System] CLocalize::FindSafe failed to localize: 'AIB[D] intent=tick-owner family=other stage=laning-core'
08/31 17:23:46 [Localization System] CLocalize::FindSafe failed to localize: 'AIB[R] intent=tick-owner family=other stage=laning-core'
08/31 17:23:46 [Localization System] CLocalize::FindSafe failed to localize: 'AIB[D] blocked=hero-over-creep reason=no_target'
08/31 17:23:46 [Localization System] CLocalize::FindSafe failed to localize: 'AIB[D] blocked=emergency-kill reason=no_target'
08/31 17:23:46 [Localization System] CLocalize::FindSafe failed to localize: 'AIB[D] intent=top-arbiter family=state winner=wave-watch:10 losers=hero-over-creep:52,idle-heal:46,emergency-retreat:45,fwd-pullback:44,emergency-kill:43.5'
08/31 17:23:46 [Localization System] CLocalize::FindSafe failed to localize: 'AIB[R] blocked=hero-prio-chase reason=lane_work dist=1112 cs=false creep=false hp_adv=false kill_pressure=false close=false low_farm=false lane_override=false'
08/31 17:23:47 [Localization System] CLocalize::FindSafe failed to localize: 'AIB[D] blocked=uphill-repo reason=no_reposition'
08/31 17:23:47 [Localization System] CLocalize::FindSafe failed to localize: 'AIB[R] intent=top-arbiter family=state winner=lane-line:18 losers=hero-over-creep:52,idle-heal:46,emergency-retreat:45,fwd-pullback:44,emergency-kill:43.5'
08/31 17:23:47 [Localization System] CLocalize::FindSafe failed to localize: 'AIB[R] intent=melee-pack-space family=safety count=2 dist=228'
08/31 17:23:47 [Localization System] CLocalize::FindSafe failed to localize: 'AIB[D] intent=melee-pack-space family=safety count=3 dist=120'
08/31 17:23:48 [Localization System] CLocalize::FindSafe failed to localize: 'AIB[D] blocked=buy-loop reason=saving target=item_bottle head=item_bottle cost=675 gold=418 left=1'
08/31 17:23:48 [Localization System] CLocalize::FindSafe failed to localize: 'AIB[R] blocked=buy-loop reason=saving target=item_bottle head=item_bottle cost=675 gold=370 left=1'
08/31 17:23:48 [Localization System] CLocalize::FindSafe failed to localize: 'AIB[R] t=141s hp=56% gold=370 loc=-950,-615 enemy-dist=890 lh=5 dn=1 dg=+8 dlh=+0 bottle=-1 lvl=3 front=8526 ehp=76'
08/31 17:23:48 [Localization System] CLocalize::FindSafe failed to localize: 'AIB[D] intent=state-desire-fight family=state base=78 hp_adv=8 execute=20 dist=868 hp=76 ehp=56 reason=enemy_seen score=106'
08/31 17:23:48 [Localization System] CLocalize::FindSafe failed to localize: 'AIB[D] blocked=ability-pressure reason=nothing_castable'
08/31 17:23:48 [Localization System] CLocalize::FindSafe failed to localize: 'AIB[D] blocked=top-arbiter reason=empty_action winner=fight score=106'
08/31 17:23:48 [Localization System] CLocalize::FindSafe failed to localize: 'AIB[D] intent=top-arbiter family=state winner=wave-watch:10 losers=fight:106,hero-over-creep:52,idle-heal:46,emergency-retreat:45,fwd-pullback:44'
08/31 17:23:48 [Localization System] CLocalize::FindSafe failed to localize: 'AIB[D] intent=tick-owner family=other stage=laning-core'
08/31 17:23:48 [Localization System] CLocalize::FindSafe failed to localize: 'AIB[R] blocked=hero-over-creep reason=no_target'
08/31 17:23:48 [Localization System] CLocalize::FindSafe failed to localize: 'AIB[R] blocked=recovery-buy reason=budget_cap hp=57 gold=371 count=3 allow=2'
08/31 17:23:48 [Localization System] CLocalize::FindSafe failed to localize: 'AIB[R] intent=top-arbiter family=state winner=creep-work:38.6 losers=hero-over-creep:52,idle-heal:46,emergency-retreat:45,fwd-pullback:44,emergency-kill:43.5'
08/31 17:23:48 [Localization System] CLocalize::FindSafe failed to localize: 'AIB[R] intent=tick-owner family=other stage=laning-core'
08/31 17:23:48 [Localization System] CLocalize::FindSafe failed to localize: 'AIB[D] blocked=recovery-buy reason=budget_cap hp=76 gold=419 count=3 allow=3'
08/31 17:23:48 [Localization System] CLocalize::FindSafe failed to localize: 'AIB[D] blocked=harass reason=no_target'
08/31 17:23:48 [Localization System] CLocalize::FindSafe failed to localize: 'AIB[D] blocked=ability-harass reason=nothing_castable'
08/31 17:23:48 [Localization System] CLocalize::FindSafe failed to localize: 'AIB[R] intent=melee-pack-space family=safety count=3 dist=179'
08/31 17:23:48 [Localization System] CLocalize::FindSafe failed to localize: 'AIB[D] blocked=wave-watch reason=not_finishable creep_hp=300 dist=736 idle=11'
08/31 17:23:49 [Localization System] CLocalize::FindSafe failed to localize: 'AIB[R] blocked=emergency-kill reason=no_target'
08/31 17:23:49 [Localization System] CLocalize::FindSafe failed to localize: 'AIB[R] blocked=harass reason=no_target'
08/31 17:23:49 [Localization System] CLocalize::FindSafe failed to localize: 'AIB[D] intent=state-desire-fight family=state base=78 hp_adv=8 execute=20 dist=840 hp=76 ehp=57 reason=enemy_seen score=106'
08/31 17:23:49 [Localization System] CLocalize::FindSafe failed to localize: 'AIB[D] blocked=top-arbiter reason=empty_action winner=fight score=106'
08/31 17:23:49 [Localization System] CLocalize::FindSafe failed to localize: 'AIB[D] blocked=hero-over-creep reason=no_target'
08/31 17:23:49 [Localization System] CLocalize::FindSafe failed to localize: 'AIB[D] blocked=emergency-kill reason=no_target'
08/31 17:23:50 [Localization System] CLocalize::FindSafe failed to localize: 'AIB[R] blocked=hero-prio-chase reason=lane_work dist=840 cs=false creep=true hp_adv=false kill_pressure=false close=false low_farm=false lane_override=false'
08/31 17:23:50 [Localization System] CLocalize::FindSafe failed to localize: 'AIB[R] blocked=uphill-repo reason=not_trading'
08/31 17:23:50 [Localization System] CLocalize::FindSafe failed to localize: 'AIB[D] blocked=uphill-repo reason=no_reposition'
08/31 17:23:50 [Localization System] CLocalize::FindSafe failed to localize: 'AIB[D] intent=top-arbiter family=state winner=wave-watch:10 losers=fight:106,hero-over-creep:52,idle-heal:46,emergency-retreat:45,fwd-pullback:44'
08/31 17:23:50 [Localization System] CLocalize::FindSafe failed to localize: 'AIB[R] intent=top-arbiter family=state winner=ranged-spacing:41 losers=hero-over-creep:52,idle-heal:46,emergency-retreat:45,fwd-pullback:44,emergency-kill:43.5'
08/31 17:23:50 [Localization System] CLocalize::FindSafe failed to localize: 'AIB[D] blocked=visual-hold reason=creep_in_range held=2.1 hp=77 repeat=1 hard=false'
08/31 17:23:50 [Server] PR:IncrementIdleTime 6:[I:0:0] 2.13
08/31 17:23:50 [Localization System] CLocalize::FindSafe failed to localize: 'AIB[D] intent=tick-owner family=other stage=laning-core'
08/31 17:23:50 [Localization System] CLocalize::FindSafe failed to localize: 'AIB[R] intent=tick-owner family=other stage=laning-core'
08/31 17:23:50 [Localization System] CLocalize::FindSafe failed to localize: 'AIB[D] t=144s hp=77% gold=422 loc=-262,-111 enemy-dist=831 lh=6 dn=7 dg=+7 dlh=+0 bottle=-1 lvl=3 front=10085 ehp=58'
08/31 17:23:51 [Localization System] CLocalize::FindSafe failed to localize: 'AIB[D] intent=state-desire-fight family=state base=78 hp_adv=8 execute=20 dist=831 hp=77 ehp=58 reason=enemy_seen score=106'
08/31 17:23:51 [Localization System] CLocalize::FindSafe failed to localize: 'AIB[D] blocked=ability-pressure reason=nothing_castable'
08/31 17:23:51 [Localization System] CLocalize::FindSafe failed to localize: 'AIB[D] blocked=top-arbiter reason=empty_action winner=fight score=106'
08/31 17:23:51 [Localization System] CLocalize::FindSafe failed to localize: 'AIB[R] blocked=cs-walk reason=melee_pack_refuse dist=507'
08/31 17:23:51 [Localization System] CLocalize::FindSafe failed to localize: 'AIB[R] blocked=ability-harass reason=nothing_castable'
08/31 17:23:51 [Localization System] CLocalize::FindSafe failed to localize: 'AIB[R] blocked=wave-watch reason=not_finishable creep_hp=184 dist=507 idle=22'
08/31 17:23:51 [Localization System] CLocalize::FindSafe failed to localize: 'AIB[R] blocked=uphill-repo reason=motor_busy'
08/31 17:23:51 [Localization System] CLocalize::FindSafe failed to localize: 'AIB[R] blocked=hero-over-creep reason=no_target'
08/31 17:23:51 [Localization System] CLocalize::FindSafe failed to localize: 'AIB[D] blocked=harass reason=no_target'
08/31 17:23:51 [Localization System] CLocalize::FindSafe failed to localize: 'AIB[D] intent=top-arbiter family=state winner=creep-work:38.8 losers=fight:106,hero-over-creep:52,idle-heal:46,emergency-retreat:45,fwd-pullback:44'
08/31 17:23:51 [Localization System] CLocalize::FindSafe failed to localize: 'AIB[R] intent=wave-watch-work family=other lh=5 idle=22 creep_hp=103 dist=507'
08/31 17:23:51 [Localization System] CLocalize::FindSafe failed to localize: 'AIB[R] intent=top-arbiter family=state winner=wave-watch:10 losers=hero-over-creep:52,idle-heal:46,emergency-retreat:45,fwd-pullback:44,emergency-kill:43.5'
08/31 17:23:52 [Localization System] CLocalize::FindSafe failed to localize: 'AIB[R] intent=state-desire-last-hit family=farm dist=507 reason=killable_creep score=140'
08/31 17:23:52 [Localization System] CLocalize::FindSafe failed to localize: 'AIB[D] intent=tick-owner family=other stage=laning-core'
08/31 17:23:52 [Localization System] CLocalize::FindSafe failed to localize: 'AIB[R] blocked=emergency-kill reason=no_target'
08/31 17:23:52 [Localization System] CLocalize::FindSafe failed to localize: 'AIB[R] blocked=harass reason=no_target'
08/31 17:23:52 [Localization System] CLocalize::FindSafe failed to localize: 'AIB[D] intent=state-desire-fight family=state base=78 hp_adv=8 execute=20 dist=831 hp=78 ehp=58 reason=enemy_seen score=106'
08/31 17:23:52 [Localization System] CLocalize::FindSafe failed to localize: 'AIB[D] blocked=top-arbiter reason=empty_action winner=fight score=106'
08/31 17:23:52 [Localization System] CLocalize::FindSafe failed to localize: 'AIB[R] intent=tick-owner family=other stage=laning-core'
08/31 17:23:52 [Server] Game code (account 0) tried to execute invalid order (19). Target NPC is dead.
08/31 17:23:53 [Localization System] CLocalize::FindSafe failed to localize: 'AIB[D] blocked=hero-over-creep reason=no_target'
08/31 17:23:53 [Localization System] CLocalize::FindSafe failed to localize: 'AIB[D] blocked=emergency-kill reason=no_target'
08/31 17:23:53 [Localization System] CLocalize::FindSafe failed to localize: 'AIB[D] blocked=ability-harass reason=nothing_castable'
08/31 17:23:53 [Localization System] CLocalize::FindSafe failed to localize: 'AIB[D] blocked=visual-hold reason=creep_in_range held=4.7 hp=60 repeat=2 hard=false'
08/31 17:23:53 [Localization System] CLocalize::FindSafe failed to localize: 'AIB[R] t=146s hp=59% gold=412 loc=-891,-655 enemy-dist=831 lh=6 dn=1 dg=+42 dlh=+1 bottle=-1 lvl=3 front=8526 ehp=60'
08/31 17:23:53 [Localization System] CLocalize::FindSafe failed to localize: 'AIB[R] intent=melee-pack-space family=safety count=2 dist=127'
08/31 17:23:53 [Localization System] CLocalize::FindSafe failed to localize: 'AIB[D] blocked=uphill-repo reason=no_reposition'
08/31 17:23:53 [Localization System] CLocalize::FindSafe failed to localize: 'AIB[R] blocked=hero-prio-chase reason=lane_work dist=830 cs=true creep=true hp_adv=false kill_pressure=false close=false low_farm=false lane_override=false'
08/31 17:23:53 [Localization System] CLocalize::FindSafe failed to localize: 'AIB[D] intent=top-arbiter family=state winner=wave-watch:10 losers=fight:98,hero-over-creep:52,idle-heal:46,emergency-retreat:45,fwd-pullback:44'
08/31 17:23:53 [Localization System] CLocalize::FindSafe failed to localize: 'AIB[R] intent=top-arbiter family=state winner=creep-work:38.6 losers=hero-over-creep:52,idle-heal:46,emergency-retreat:45,fwd-pullback:44,emergency-kill:43.5'
08/31 17:23:54 [Localization System] CLocalize::FindSafe failed to localize: 'AIB[D] intent=state-desire-fight family=state base=78 execute=20 dist=830 hp=61 ehp=59 reason=enemy_seen score=98'
08/31 17:23:54 [Localization System] CLocalize::FindSafe failed to localize: 'AIB[D] blocked=ability-pressure reason=nothing_castable'
08/31 17:23:54 [Localization System] CLocalize::FindSafe failed to localize: 'AIB[D] blocked=top-arbiter reason=empty_action winner=fight score=98'
08/31 17:23:54 [Localization System] CLocalize::FindSafe failed to localize: 'AIB[R] blocked=uphill-repo reason=not_trading'
08/31 17:23:54 [Localization System] CLocalize::FindSafe failed to localize: 'AIB[D] intent=tick-owner family=other stage=laning-core'
08/31 17:23:54 [Localization System] CLocalize::FindSafe failed to localize: 'AIB[R] blocked=hero-over-creep reason=no_target'
08/31 17:23:54 [Localization System] CLocalize::FindSafe failed to localize: 'AIB[D] blocked=harass reason=no_target'
08/31 17:23:54 [Localization System] CLocalize::FindSafe failed to localize: 'AIB[D] intent=top-arbiter family=state winner=wave-watch:10 losers=fight:98,hero-over-creep:52,idle-heal:46,emergency-retreat:45,fwd-pullback:44'
08/31 17:23:54 [Localization System] CLocalize::FindSafe failed to localize: 'AIB[R] intent=tick-owner family=other stage=laning-core'
08/31 17:23:55 [Localization System] CLocalize::FindSafe failed to localize: 'AIB[D] blocked=visual-hold reason=creep_in_range held=6.9 hp=61 repeat=4 hard=true'
08/31 17:23:55 [Localization System] CLocalize::FindSafe failed to localize: 'AIB[R] intent=top-arbiter family=state winner=creep-work:38.6 losers=hero-over-creep:52,idle-heal:46,emergency-retreat:45,fwd-pullback:44,emergency-kill:43.5'
08/31 17:23:55 [Localization System] CLocalize::FindSafe failed to localize: 'AIB[R] blocked=emergency-kill reason=no_target'
08/31 17:23:55 [Localization System] CLocalize::FindSafe failed to localize: 'AIB[R] blocked=harass reason=no_target'
08/31 17:23:55 [Localization System] CLocalize::FindSafe failed to localize: 'AIB[D] intent=state-desire-fight family=state base=78 execute=20 dist=830 hp=62 ehp=60 reason=enemy_seen score=98'
08/31 17:23:55 [Localization System] CLocalize::FindSafe failed to localize: 'AIB[D] blocked=top-arbiter reason=empty_action winner=fight score=98'
08/31 17:23:56 [Localization System] CLocalize::FindSafe failed to localize: 'AIB[D] blocked=buy-loop reason=saving target=item_bottle head=item_bottle cost=675 gold=467 left=1'
08/31 17:23:56 [Localization System] CLocalize::FindSafe failed to localize: 'AIB[R] blocked=buy-loop reason=saving target=item_bottle head=item_bottle cost=675 gold=416 left=1'
08/31 17:23:56 [Localization System] CLocalize::FindSafe failed to localize: 'AIB[D] t=149s hp=62% gold=467 loc=-262,-111 enemy-dist=830 lh=7 dn=7 dg=+45 dlh=+1 bottle=-1 lvl=3 front=10085 ehp=60'
08/31 17:23:56 [Localization System] CLocalize::FindSafe failed to localize: 'AIB[D] blocked=hero-over-creep reason=no_target'
08/31 17:23:56 [Localization System] CLocalize::FindSafe failed to localize: 'AIB[D] blocked=emergency-kill reason=no_target'
08/31 17:23:56 [Localization System] CLocalize::FindSafe failed to localize: 'AIB[D] blocked=uphill-repo reason=no_reposition'
08/31 17:23:56 [Localization System] CLocalize::FindSafe failed to localize: 'AIB[R] intent=state-desire-last-hit family=farm dist=475 reason=killable_creep score=140'
08/31 17:23:56 [Localization System] CLocalize::FindSafe failed to localize: 'AIB[D] intent=top-arbiter family=state winner=creep-work:38.8 losers=hero-over-creep:52,idle-heal:46,emergency-retreat:45,fwd-pullback:44,emergency-kill:43.5'
08/31 17:23:56 [Localization System] CLocalize::FindSafe failed to localize: 'AIB[D] intent=tick-owner family=other stage=laning-core'
08/31 17:23:56 [Localization System] CLocalize::FindSafe failed to localize: 'AIB[R] blocked=recovery-buy reason=budget_cap hp=60 gold=456 count=3 allow=3'
08/31 17:23:56 [Localization System] CLocalize::FindSafe failed to localize: 'AIB[R] blocked=hero-prio-chase reason=lane_work dist=830 cs=true creep=true hp_adv=false kill_pressure=false close=false low_farm=false lane_override=false'
08/31 17:23:56 [Localization System] CLocalize::FindSafe failed to localize: 'AIB[R] intent=cs-watchdog family=farm lh=7 idle=19 creep_hp=205 dist=422'
08/31 17:23:56 [Localization System] CLocalize::FindSafe failed to localize: 'AIB[R] intent=top-arbiter family=state winner=creep-work:38.6 losers=hero-over-creep:52,idle-heal:46,emergency-retreat:45,fwd-pullback:44,emergency-kill:43.5'
08/31 17:23:56 [Localization System] CLocalize::FindSafe failed to localize: 'AIB[D] blocked=recovery-buy reason=budget_cap hp=62 gold=468 count=3 allow=3'
08/31 17:23:57 [Localization System] CLocalize::FindSafe failed to localize: 'AIB[R] intent=tick-owner family=other stage=laning-core'
08/31 17:23:57 [Localization System] CLocalize::FindSafe failed to localize: 'AIB[D] intent=state-desire-last-hit family=farm dist=392 reason=killable_creep score=140'
08/31 17:23:57 [Localization System] CLocalize::FindSafe failed to localize: 'AIB[R] blocked=recovery-buy reason=flask_in_inventory hp=61'
08/31 17:23:57 [Localization System] CLocalize::FindSafe failed to localize: 'AIB[D] blocked=ability-harass reason=nothing_castable'
08/31 17:23:57 [Localization System] CLocalize::FindSafe failed to localize: 'AIB[D] blocked=visual-hold reason=creep_in_range held=9.2 hp=62 repeat=5 hard=true'
08/31 17:23:57 [Localization System] CLocalize::FindSafe failed to localize: 'AIB[R] blocked=hero-over-creep reason=no_target'
08/31 17:23:57 [Localization System] CLocalize::FindSafe failed to localize: 'AIB[D] blocked=harass reason=no_target'
08/31 17:23:58 [Localization System] CLocalize::FindSafe failed to localize: 'AIB[R] t=151s hp=61% gold=458 loc=-920,-711 enemy-dist=891 lh=7 dn=1 dg=+46 dlh=+1 bottle=-1 lvl=3 front=8461 ehp=63'
08/31 17:23:58 [Localization System] CLocalize::FindSafe failed to localize: 'AIB[D] intent=top-arbiter family=state winner=wave-watch:10 losers=hero-over-creep:52,idle-heal:46,emergency-retreat:45,fwd-pullback:44,emergency-kill:43.5'
08/31 17:23:58 [Localization System] CLocalize::FindSafe failed to localize: 'AIB[R] blocked=uphill-repo reason=not_trading'
08/31 17:23:58 [Localization System] CLocalize::FindSafe failed to localize: 'AIB[R] intent=top-arbiter family=state winner=creep-work:38.6 losers=hero-over-creep:52,idle-heal:46,emergency-retreat:45,fwd-pullback:44,emergency-kill:43.5'
08/31 17:23:58 [Localization System] CLocalize::FindSafe failed to localize: 'AIB[R] intent=state-desire-last-hit family=farm dist=485 reason=killable_creep score=140'
08/31 17:23:58 [Localization System] CLocalize::FindSafe failed to localize: 'AIB[D] anti-idle-enter=9 anti-idle-lane=5 anti-idle-lowhp-back=2 channel-interrupt-atk=10 channel-interrupt-chase=26 creep-aggro-back=4 creep-aggro-hero-yield=6 creep-dmg=3 creep-hit-react-atk=16 creep-hit-react-step=6 cs-wait-release=14 cs-wait=12 cs-walk-gap-large=1 cs-walk-gap-small=1 cs-walk=2 cs-watchdog-atk=1 cs-watchdog-step=5 deny-act-atk=36 deny-act-walk=5 deny-act=41 deny-cand-doomed=24 deny-cand-tanky=150 fight-hp-behind=5 fwd-at-position=2 fwd-suppressed-creep=17 fwd-suppressed-damage=1 fwd-suppressed-empty=1 fwd-suppressed-hero=5 fwd-suppressed-lowhp=2 fwd-suppressed-motor=6 fwd-suppressed-tower=2 fwd-suppressed-visual=2 harass-seek=3 heal-item=2 hero-contact-atk=13 hero-contact-chase=3 hero-over-creep=5 hero-pass-atk=6 hero-pass-chase=2 idle=4 killwin-scan=795 lane-line-fallback=28 lane-line-suppressed-creep-dmg=4 lane-line-suppressed-creep=7 lane-line-suppressed-damage=1 lane-line-suppressed-empty=8 lane-line-suppressed-heal=4 lane-line-suppressed-lowhp=3 lane-line-suppressed-motor=2 last-hit-urgent=38 low-hp-limit=4 melee-pack-release=13 melee-pack-space=12 own-ranged-stepback=3 pre-aig=9 precreep-anchor=18 precreep-hold=2 precreep-park-hold=12 precreep-park=188 precreep-space=3 prewave-defend=2 prewave-free-hit=80 recover-xp=5 recovery-buy=3 recovery-enemy-near=292 recovery-flask=1 recovery-regen=2 recovery-tango=1 regen-walk=3 tango-heal=1 uphill-reposition=2 uphill-void-under-fire=4 vendor-heal-suppressed-faerie_fire=1 vendor-heal-suppressed-flask=2 vendor-heal-suppressed-tango=4 visual-hold-creep=32 visual-hold-hard-creep=1 visual-hold-hero=2 visual-hold-lane=1 wave-watch-atk=10 wave-watch-no-wave=6 wave-watch=17'
08/31 17:23:58 [Localization System] CLocalize::FindSafe failed to localize: 'AIB[D] intent=tick-owner family=other stage=laning-core'
08/31 17:23:58 [Localization System] CLocalize::FindSafe failed to localize: 'AIB[R] anti-afk-no-chase=1 anti-idle-enter=8 anti-idle-lane=6 channel-interrupt-atk=6 channel-interrupt-chase=5 creep-aggro-back=1 creep-aggro-hero-yield=2 creep-aggro-hit=8 creep-dmg=2 creep-hit-react-atk=6 creep-hit-react-step=2 cs-wait-release=18 cs-wait=9 cs-walk-gap-large=1 cs-walk-gap-small=30 cs-walk-inrange=8 cs-walk-into-pack=13 cs-walk=39 cs-watchdog-step=3 cw-push=211 deny-act-atk=9 deny-act-walk=8 deny-act=17 deny-cand-doomed=10 deny-cand-tanky=70 fight-hp-behind=7 fwd-at-position=4 fwd-hold=1 fwd-position=1 fwd-suppressed-creep=3 fwd-suppressed-empty=1 fwd-suppressed-hero=1 fwd-suppressed-motor=8 fwd-suppressed-recovery=2 fwd-suppressed-tower=4 fwd-suppressed-visual=4 heal-item=1 hero-contact-atk=16 hero-contact-chase=6 hero-over-creep=5 hero-pass-atk=12 hero-pass-chase=6 hero-prio-always=14 hero-prio-chase-hold=8 hero-prio-chase=25 idle=2 kill-priority=9 killwin-scan=691 lane-line-fallback=16 lane-line-suppressed-creep=2 lane-line-suppressed-empty=1 lane-line-suppressed-heal=6 lane-line-suppressed-lowhp=3 lane-line-suppressed-motor=4 last-hit-urgent=38 melee-pack-release=12 melee-pack-space=11 own-ranged-stepback=2 pre-aig=8 precreep-anchor=17 precreep-close=3 precreep-contact=5 precreep-hold=2 precreep-park-hold=13 precreep-park=157 precreep-space=2 prewave-duel-trade=77 prewave-duel-uphill-back=15 recover-xp=3 recovery-buy=3 recovery-enemy-near=297 recovery-flask=2 recovery-regen=3 recovery-tango=2 siege-commit-tower=1 siege-wave-step=1 uphill-reposition=2 uphill-void-under-fire=4 vendor-heal-suppressed-faerie_fire=1 vendor-heal-suppressed-flask=2 vendor-heal-suppressed-tango=4 visual-hold-creep-step=2 visual-hold-creep=4 visual-hold-lane=2 wave-watch-atk=8 wave-watch-no-wave=7 wave-watch-step=1 wave-watch=8'
08/31 17:23:58 [Localization System] CLocalize::FindSafe failed to localize: 'AIB[R] blocked=emergency-kill reason=no_target'
08/31 17:23:58 [Localization System] CLocalize::FindSafe failed to localize: 'AIB[R] blocked=harass reason=no_target'
08/31 17:23:58 [Localization System] CLocalize::FindSafe failed to localize: 'AIB[R] blocked=ability-harass reason=nothing_castable'
08/31 17:23:58 [Localization System] CLocalize::FindSafe failed to localize: 'AIB[R] intent=lane-line-episode family=other dist=783 fwd=0.59'
08/31 17:23:59 [Localization System] CLocalize::FindSafe failed to localize: 'AIB[R] blocked=uphill-repo reason=motor_busy'
08/31 17:23:59 [Localization System] CLocalize::FindSafe failed to localize: 'AIB[R] intent=tick-owner family=other stage=laning-core'
08/31 17:23:59 [Localization System] CLocalize::FindSafe failed to localize: 'AIB[D] blocked=hero-over-creep reason=no_target'
08/31 17:23:59 [Localization System] CLocalize::FindSafe failed to localize: 'AIB[D] blocked=emergency-kill reason=no_target'
08/31 17:23:59 [Localization System] CLocalize::FindSafe failed to localize: 'AIB[D] blocked=uphill-repo reason=no_reposition'
08/31 17:23:59 [Localization System] CLocalize::FindSafe failed to localize: 'AIB[D] blocked=visual-hold reason=hero_in_range held=11.4 hp=63 repeat=1 hard=true'
08/31 17:23:59 [Localization System] CLocalize::FindSafe failed to localize: 'AIB[D] intent=top-arbiter family=state winner=visual-hold:20 losers=hero-over-creep:52,idle-heal:46,emergency-retreat:45,fwd-pullback:44,emergency-kill:43.5'
08/31 17:23:59 [Localization System] CLocalize::FindSafe failed to localize: 'AIB[R] intent=state-desire-fight family=state base=78 range=18 dist=586 hp=62 ehp=63 reason=enemy_seen score=96'
08/31 17:23:59 [Localization System] CLocalize::FindSafe failed to localize: 'AIB[R] blocked=ability-pressure reason=nothing_castable'
08/31 17:23:59 [Localization System] CLocalize::FindSafe failed to localize: 'AIB[R] intent=hero-contact family=fight dist=586 hp=62 reason=attackable_enemy'
08/31 17:23:59 [Localization System] CLocalize::FindSafe failed to localize: 'AIB[R] intent=top-arbiter family=state winner=fight:96 losers=hero-over-creep:52,idle-heal:46,emergency-retreat:45,fwd-pullback:44,emergency-kill:43.5'
08/31 17:23:59 [Localization System] CLocalize::FindSafe failed to localize: 'AIB[D] intent=state-desire-fight family=state base=78 range=18 dist=555 hp=63 ehp=62 reason=enemy_seen score=96'
08/31 17:23:59 [Localization System] CLocalize::FindSafe failed to localize: 'AIB[D] blocked=ability-pressure reason=nothing_castable'
08/31 17:23:59 [Localization System] CLocalize::FindSafe failed to localize: 'AIB[D] intent=hero-contact family=fight dist=555 hp=63 reason=attackable_enemy'
08/31 17:23:59 [Localization System] CLocalize::FindSafe failed to localize: 'AIB[R] blocked=hero-contact reason=refractory since=0.20'
08/31 17:23:59 [Localization System] CLocalize::FindSafe failed to localize: 'AIB[R] intent=hero-pass family=fight dist=555 hp=62 reason=nearby_enemy'
08/31 17:24:00 [Localization System] CLocalize::FindSafe failed to localize: 'AIB[D] blocked=hero-contact reason=refractory since=0.20'
08/31 17:24:00 [Localization System] CLocalize::FindSafe failed to localize: 'AIB[D] intent=hero-pass family=fight dist=555 hp=63 reason=nearby_enemy'
08/31 17:24:00 [Localization System] CLocalize::FindSafe failed to localize: 'AIB[R] blocked=top-arbiter reason=empty_action winner=fight score=114'
08/31 17:24:00 [Localization System] CLocalize::FindSafe failed to localize: 'AIB[D] blocked=top-arbiter reason=empty_action winner=fight score=114'
08/31 17:24:00 [Localization System] CLocalize::FindSafe failed to localize: 'AIB[D] intent=state-desire-safety family=state base=108 creep_dmg=8 hp=62 creep=true hero=false reason=recent_damage score=116'
08/31 17:24:00 [Localization System] CLocalize::FindSafe failed to localize: 'AIB[D] intent=creep-hit-react family=safety dist=489 hp=62 hits=1 reason=attack'
08/31 17:24:00 [Localization System] CLocalize::FindSafe failed to localize: 'AIB[D] intent=damage-by-source family=other creep=395 tower=0 hero=909 mixed=145 death=0 other=62 stale=41 gaps=1 tower_any=0'
08/31 17:24:00 [Localization System] CLocalize::FindSafe failed to localize: 'AIB[D] blocked=safety-candidate reason=no_action_capped hp=60 score=44 cause=symptom_no_action'
08/31 17:24:00 [Localization System] CLocalize::FindSafe failed to localize: 'AIB[D] intent=creep-aggro family=safety hp=61 dest=276,405 reason=chip_step'
08/31 17:24:00 [Localization System] CLocalize::FindSafe failed to localize: 'AIB[D] intent=tick-owner family=other stage=laning-core'
08/31 17:24:01 [Localization System] CLocalize::FindSafe failed to localize: 'AIB[D] t=154s hp=61% gold=561 loc=-248,-97 enemy-dist=576 lh=8 dn=7 dg=+94 dlh=+1 bottle=-1 lvl=3 front=9686 ehp=62'
08/31 17:24:01 [Localization System] CLocalize::FindSafe failed to localize: 'AIB[R] intent=damage-by-source family=other creep=99 tower=0 hero=963 mixed=48 death=0 other=0 stale=132 gaps=2 tower_any=0'
08/31 17:24:01 [Localization System] CLocalize::FindSafe failed to localize: 'AIB[D] intent=top-arbiter family=state winner=fight:116 losers=hero-over-creep:52,idle-heal:46,emergency-retreat:45,fwd-pullback:44,emergency-kill:43.5'
08/31 17:24:01 [Localization System] CLocalize::FindSafe failed to localize: 'AIB[R] blocked=recover-candidate reason=no_action_capped hp=52 score=44 cause=hp_gate_no_action'
08/31 17:24:01 [Localization System] CLocalize::FindSafe failed to localize: 'AIB[R] blocked=hero-over-creep reason=no_target'
08/31 17:24:01 [Localization System] CLocalize::FindSafe failed to localize: 'AIB[R] blocked=uphill-repo reason=no_reposition'
08/31 17:24:01 [Localization System] CLocalize::FindSafe failed to localize: 'AIB[R] intent=top-arbiter family=state winner=harass:40 losers=safe-cs:56,hero-over-creep:52,idle-heal:46,emergency-retreat:45,fwd-pullback:44'
08/31 17:24:01 [Localization System] CLocalize::FindSafe failed to localize: 'AIB[R] intent=tick-owner family=other stage=laning-core'
08/31 17:24:01 [Localization System] CLocalize::FindSafe failed to localize: 'AIB[D] blocked=fight-candidate reason=no_action_capped hp=61 score=40 cause=seen_unreachable'
08/31 17:24:01 [Localization System] CLocalize::FindSafe failed to localize: 'AIB[D] blocked=recovery-buy reason=flask_in_inventory hp=61'
08/31 17:24:01 [Localization System] CLocalize::FindSafe failed to localize: 'AIB[D] blocked=uphill-repo reason=not_trading'
08/31 17:24:01 [Localization System] CLocalize::FindSafe failed to localize: 'AIB[D] blocked=harass reason=no_target'
08/31 17:24:01 [Localization System] CLocalize::FindSafe failed to localize: 'AIB[D] blocked=ability-harass reason=nothing_castable'
08/31 17:24:01 [Localization System] CLocalize::FindSafe failed to localize: 'AIB[R] intent=recovery-plan family=recover action=flask reason=inventory hp=53'
08/31 17:24:01 [Localization System] CLocalize::FindSafe failed to localize: 'AIB[D] intent=channel-interrupt family=fight dist=637 hp=61 kind=heal reason=enemy_heal'
08/31 17:24:02 [Localization System] CLocalize::FindSafe failed to localize: 'AIB[R] intent=state-recover-xp family=state ttl=5 reason=post_fight_regen hp=54 dist=572'
08/31 17:24:02 [Localization System] CLocalize::FindSafe failed to localize: 'AIB[R] blocked=emergency-kill reason=no_target'
08/31 17:24:02 [Localization System] CLocalize::FindSafe failed to localize: 'AIB[R] blocked=uphill-repo reason=motor_busy'
08/31 17:24:02 [Localization System] CLocalize::FindSafe failed to localize: 'AIB[R] blocked=harass reason=no_target'
08/31 17:24:02 [Localization System] CLocalize::FindSafe failed to localize: 'AIB[D] blocked=channel-interrupt reason=unsafe dist=668 hp=61 kind=heal'
08/31 17:24:02 [Localization System] CLocalize::FindSafe failed to localize: 'AIB[D] blocked=hero-over-creep reason=no_target'
08/31 17:24:02 [Localization System] CLocalize::FindSafe failed to localize: 'AIB[D] blocked=emergency-kill reason=no_target'
08/31 17:24:02 [Localization System] CLocalize::FindSafe failed to localize: 'AIB[D] blocked=uphill-repo reason=motor_busy'
08/31 17:24:02 Script function 'Think' on bot npc_dota_hero_nevermore took 2.262ms
08/31 17:24:02 [Localization System] CLocalize::FindSafe failed to localize: 'AIB[R] intent=top-arbiter family=state winner=creep-work:38.6 losers=hero-over-creep:52,idle-heal:46,emergency-retreat:45,fwd-pullback:44,emergency-kill:43.5'
08/31 17:24:03 [Localization System] CLocalize::FindSafe failed to localize: 'AIB[R] t=156s hp=59% gold=466 loc=-761,-609 lh=7 dn=1 dg=+8 dlh=+0 bottle=-1 lvl=3 front=8393 ehp=-1'
08/31 17:24:03 [Localization System] CLocalize::FindSafe failed to localize: 'AIB[R] blocked=harass reason=own_heal_running'
08/31 17:24:03 [Localization System] CLocalize::FindSafe failed to localize: 'AIB[D] intent=recovery-plan family=recover action=flask reason=inventory hp=62'
08/31 17:24:03 [Localization System] CLocalize::FindSafe failed to localize: 'AIB[D] intent=top-arbiter family=state winner=idle-heal:46 losers=hero-over-creep:52,emergency-retreat:45,fwd-pullback:44,emergency-kill:43.5,uphill:43'
08/31 17:24:03 [Localization System] CLocalize::FindSafe failed to localize: 'AIB[D] intent=tick-owner family=other stage=desire/idle-heal reason=ready score=46 band=lanework'
08/31 17:24:03 [Localization System] CLocalize::FindSafe failed to localize: 'AIB[D] blocked=harass reason=own_heal_running'
08/31 17:24:03 [Localization System] CLocalize::FindSafe failed to localize: 'AIB[R] intent=tick-owner family=other stage=laning-core'
08/31 17:24:03 [Localization System] CLocalize::FindSafe failed to localize: 'AIB[R] intent=state-desire-last-hit family=farm dist=489 reason=killable_creep score=140'
08/31 17:24:04 [Localization System] CLocalize::FindSafe failed to localize: 'AIB[D] blocked=buy-loop reason=saving target=item_bottle head=item_bottle cost=675 gold=566 left=1'
08/31 17:24:04 [Localization System] CLocalize::FindSafe failed to localize: 'AIB[R] blocked=buy-loop reason=saving target=item_bottle head=item_bottle cost=675 gold=467 left=1'
08/31 17:24:04 [Localization System] CLocalize::FindSafe failed to localize: 'AIB[D] blocked=uphill-repo reason=no_step'
08/31 17:24:04 [Localization System] CLocalize::FindSafe failed to localize: 'AIB[D] blocked=ability-harass reason=nothing_castable'
08/31 17:24:04 [Localization System] CLocalize::FindSafe failed to localize: 'AIB[R] blocked=hero-over-creep reason=no_target'
08/31 17:24:04 [Localization System] CLocalize::FindSafe failed to localize: 'AIB[R] blocked=uphill-repo reason=no_reposition'
08/31 17:24:04 [Localization System] CLocalize::FindSafe failed to localize: 'AIB[R] intent=top-arbiter family=state winner=creep-work:38.6 losers=hero-over-creep:52,idle-heal:46,emergency-retreat:45,fwd-pullback:44,emergency-kill:43.5'
08/31 17:24:04 [Localization System] CLocalize::FindSafe failed to localize: 'AIB[R] blocked=ability-harass reason=nothing_castable'
08/31 17:24:04 [Localization System] CLocalize::FindSafe failed to localize: 'AIB[D] blocked=recovery-buy reason=budget_cap hp=70 gold=567 count=3 allow=3'
08/31 17:24:04 [Localization System] CLocalize::FindSafe failed to localize: 'AIB[D] intent=top-arbiter family=state winner=anti-idle:2 losers=hero-over-creep:52,idle-heal:46,emergency-retreat:45,fwd-pullback:44,emergency-kill:43.5'
08/31 17:24:05 [Localization System] CLocalize::FindSafe failed to localize: 'AIB[R] blocked=emergency-kill reason=no_target'
08/31 17:24:05 [Localization System] CLocalize::FindSafe failed to localize: 'AIB[D] intent=tick-owner family=other stage=laning-core'
08/31 17:24:05 [Localization System] CLocalize::FindSafe failed to localize: 'AIB[R] intent=channel-interrupt family=fight dist=948 hp=72 kind=heal reason=enemy_heal'
08/31 17:24:05 [Localization System] CLocalize::FindSafe failed to localize: 'AIB[R] intent=tick-owner family=other stage=urgent intent=channel-interrupt'
08/31 17:24:05 [Localization System] CLocalize::FindSafe failed to localize: 'AIB[R] blocked=channel-interrupt reason=unsafe dist=867 hp=72 kind=heal'
08/31 17:24:05 [Localization System] CLocalize::FindSafe failed to localize: 'AIB[R] blocked=uphill-repo reason=not_trading'
08/31 17:24:06 [Localization System] CLocalize::FindSafe failed to localize: 'AIB[D] t=159s hp=76% gold=569 loc=-206,-111 enemy-dist=806 lh=8 dn=7 dg=+8 dlh=+0 bottle=-1 lvl=3 front=8620 ehp=73'
08/31 17:24:06 [Localization System] CLocalize::FindSafe failed to localize: 'AIB[R] blocked=recovery-buy reason=budget_cap hp=73 gold=520 count=3 allow=3'
08/31 17:24:06 [Localization System] CLocalize::FindSafe failed to localize: 'AIB[D] intent=channel-interrupt family=fight dist=572 hp=78 kind=heal reason=enemy_heal'
08/31 17:24:07 [Localization System] CLocalize::FindSafe failed to localize: 'AIB[R] blocked=fight-candidate reason=no_action_capped hp=79 score=40 cause=seen_unreachable'
08/31 17:24:07 [Localization System] CLocalize::FindSafe failed to localize: 'AIB[R] intent=top-arbiter family=state winner=uphill:43 losers=hero-over-creep:52,idle-heal:46,emergency-retreat:45,fwd-pullback:44,emergency-kill:43.5'
08/31 17:24:07 [Localization System] CLocalize::FindSafe failed to localize: 'AIB[D] intent=state-desire-safety family=state base=108 creep_dmg=8 hp=70 creep=true hero=true reason=recent_damage score=116'
08/31 17:24:07 [Localization System] CLocalize::FindSafe failed to localize: 'AIB[D] intent=creep-hit-react family=safety dist=179 hp=70 hits=1 reason=attack'
08/31 17:24:07 [Localization System] CLocalize::FindSafe failed to localize: 'AIB[D] intent=top-arbiter family=state winner=safety:116 losers=fight:96,hero-over-creep:52,idle-heal:46,emergency-retreat:45,fwd-pullback:44'
08/31 17:24:07 [Localization System] CLocalize::FindSafe failed to localize: 'AIB[R] intent=state-desire-fight family=state base=78 range=18 dist=583 hp=69 ehp=70 reason=enemy_seen score=96'
08/31 17:24:07 [Localization System] CLocalize::FindSafe failed to localize: 'AIB[R] blocked=ability-pressure reason=nothing_castable'
08/31 17:24:07 [Localization System] CLocalize::FindSafe failed to localize: 'AIB[R] intent=hero-contact family=fight dist=583 hp=69 reason=attackable_enemy'
08/31 17:24:07 [Localization System] CLocalize::FindSafe failed to localize: 'AIB[D] blocked=safety-candidate reason=no_action_capped hp=70 score=44 cause=symptom_no_action'
08/31 17:24:07 [Localization System] CLocalize::FindSafe failed to localize: 'AIB[D] intent=state-desire-fight family=state base=78 range=18 dist=572 hp=70 ehp=69 reason=enemy_seen score=96'
08/31 17:24:07 [Localization System] CLocalize::FindSafe failed to localize: 'AIB[D] blocked=ability-pressure reason=nothing_castable'
08/31 17:24:07 [Localization System] CLocalize::FindSafe failed to localize: 'AIB[D] intent=hero-contact family=fight dist=572 hp=70 reason=attackable_enemy'
08/31 17:24:07 [Localization System] CLocalize::FindSafe failed to localize: 'AIB[D] intent=tick-owner family=other stage=desire/fight base=78 range=18 dist=572 hp=70 ehp=69 reason=enemy_seen score=96'
08/31 17:24:07 [Localization System] CLocalize::FindSafe failed to localize: 'AIB[R] blocked=hero-contact reason=refractory since=0.17'
08/31 17:24:07 [Localization System] CLocalize::FindSafe failed to localize: 'AIB[R] intent=hero-pass family=fight dist=572 hp=70 reason=nearby_enemy'
08/31 17:24:07 [Localization System] CLocalize::FindSafe failed to localize: 'AIB[D] blocked=hero-contact reason=refractory since=0.20'
08/31 17:24:07 [Localization System] CLocalize::FindSafe failed to localize: 'AIB[D] blocked=creep-aggro reason=hero_trading hp=71 hits=1'
08/31 17:24:07 [Localization System] CLocalize::FindSafe failed to localize: 'AIB[D] intent=arbiter family=fight winner=hero-pass:105 losers=creep-aggro:82'
08/31 17:24:07 [Localization System] CLocalize::FindSafe failed to localize: 'AIB[D] intent=hero-pass family=fight dist=572 hp=71 reason=nearby_enemy'
08/31 17:24:07 [Localization System] CLocalize::FindSafe failed to localize: 'AIB[R] blocked=top-arbiter reason=empty_action winner=fight score=114'
08/31 17:24:07 [Localization System] CLocalize::FindSafe failed to localize: 'AIB[R] blocked=hero-over-creep reason=no_target'
08/31 17:24:07 [Localization System] CLocalize::FindSafe failed to localize: 'AIB[R] blocked=uphill-repo reason=motor_busy'
08/31 17:24:07 [Localization System] CLocalize::FindSafe failed to localize: 'AIB[R] intent=tick-owner family=other stage=desire/harass reason=ready score=40 band=lanework'
08/31 17:24:07 [Localization System] CLocalize::FindSafe failed to localize: 'AIB[D] intent=creep-aggro family=safety hp=71 dest=276,405 reason=chip_step'
08/31 17:24:08 [Localization System] CLocalize::FindSafe failed to localize: 'AIB[R] blocked=emergency-kill reason=no_target'
08/31 17:24:08 [Localization System] CLocalize::FindSafe failed to localize: 'AIB[D] blocked=hero-over-creep reason=no_target'
08/31 17:24:08 [Localization System] CLocalize::FindSafe failed to localize: 'AIB[D] blocked=emergency-kill reason=no_target'
08/31 17:24:08 [Localization System] CLocalize::FindSafe failed to localize: 'AIB[D] blocked=uphill-repo reason=no_step'
08/31 17:24:08 [Localization System] CLocalize::FindSafe failed to localize: 'AIB[D] blocked=harass reason=no_target'
08/31 17:24:08 [Localization System] CLocalize::FindSafe failed to localize: 'AIB[R] t=161s hp=70% gold=524 loc=-681,-546 enemy-dist=684 lh=8 dn=1 dg=+58 dlh=+1 bottle=-1 lvl=3 front=8662 ehp=69'
08/31 17:24:08 [Localization System] CLocalize::FindSafe failed to localize: 'AIB[D] blocked=uphill-repo reason=no_reposition'
08/31 17:24:08 [Localization System] CLocalize::FindSafe failed to localize: 'AIB[R] blocked=harass reason=no_target'
08/31 17:24:08 [Localization System] CLocalize::FindSafe failed to localize: 'AIB[R] blocked=ability-harass reason=nothing_castable'
08/31 17:24:08 [Localization System] CLocalize::FindSafe failed to localize: 'AIB[D] intent=top-arbiter family=state winner=creep-work:38.8 losers=hero-over-creep:52,idle-heal:46,emergency-retreat:45,fwd-pullback:44,emergency-kill:43.5'
08/31 17:24:09 [Localization System] CLocalize::FindSafe failed to localize: 'AIB[D] intent=state-desire-safety family=state base=108 creep_dmg=8 hp=63 creep=true hero=true reason=recent_damage score=116'
08/31 17:24:09 [Localization System] CLocalize::FindSafe failed to localize: 'AIB[D] intent=creep-hit-react family=safety dist=351 hp=63 hits=2 reason=attack'
08/31 17:24:09 [Localization System] CLocalize::FindSafe failed to localize: 'AIB[R] blocked=uphill-repo reason=no_step'
08/31 17:24:09 [Localization System] CLocalize::FindSafe failed to localize: 'AIB[R] intent=top-arbiter family=state winner=harass:40 losers=hero-over-creep:52,idle-heal:46,emergency-retreat:45,fwd-pullback:44,emergency-kill:43.5'
08/31 17:24:09 [Localization System] CLocalize::FindSafe failed to localize: 'AIB[D] intent=tick-owner family=other stage=laning-core'
08/31 17:24:09 [Localization System] CLocalize::FindSafe failed to localize: 'AIB[D] intent=state-desire-last-hit family=farm dist=254 reason=killable_creep score=140'
08/31 17:24:09 [Localization System] CLocalize::FindSafe failed to localize: 'AIB[R] intent=state-desire-fight family=state base=78 range=18 dist=607 hp=71 ehp=63 reason=enemy_seen score=96'
08/31 17:24:09 [Localization System] CLocalize::FindSafe failed to localize: 'AIB[R] intent=tick-owner family=other stage=desire/fight base=78 range=18 dist=607 hp=71 ehp=63 reason=enemy_seen score=96'
08/31 17:24:10 [Localization System] CLocalize::FindSafe failed to localize: 'AIB[R] blocked=top-arbiter reason=empty_action winner=fight score=114'
08/31 17:24:10 [Localization System] CLocalize::FindSafe failed to localize: 'AIB[D] intent=top-arbiter family=state winner=last-hit:158 losers=safety:116,fight:96,hero-over-creep:52,cs-inrange:50,idle-heal:46'
08/31 17:24:10 [Localization System] CLocalize::FindSafe failed to localize: 'AIB[R] blocked=ability-pressure reason=nothing_castable'
08/31 17:24:10 [Localization System] CLocalize::FindSafe failed to localize: 'AIB[R] blocked=hero-contact reason=refractory since=0.17'
08/31 17:24:10 [Localization System] CLocalize::FindSafe failed to localize: 'AIB[D] blocked=fight-candidate reason=no_action_capped hp=55 score=50 cause=hp_behind'
08/31 17:24:10 [Localization System] CLocalize::FindSafe failed to localize: 'AIB[D] blocked=recover-candidate reason=no_action_capped hp=55 score=44 cause=hp_gate_no_action'
08/31 17:24:10 [Localization System] CLocalize::FindSafe failed to localize: 'AIB[D] intent=state-desire-safety family=state base=108 creep_dmg=8 hp=55 creep=true hero=true reason=recent_damage score=116'
08/31 17:24:10 [Localization System] CLocalize::FindSafe failed to localize: 'AIB[D] intent=creep-hit-react family=safety dist=254 hp=55 hits=3 reason=aggro_step'
08/31 17:24:11 [Localization System] CLocalize::FindSafe failed to localize: 'AIB[D] blocked=safety-candidate reason=no_action_capped hp=54 score=44 cause=symptom_no_action'
08/31 17:24:11 [Localization System] CLocalize::FindSafe failed to localize: 'invalid index'
08/31 17:24:11 [Localization System] CLocalize::FindSafe failed to localize: 'AIB[R] intent=top-arbiter family=state winner=hero-over-creep:52 losers=fight:124,idle-heal:46,emergency-retreat:45,fwd-pullback:44,emergency-kill:43.5'
08/31 17:24:11 [Localization System] CLocalize::FindSafe failed to localize: 'AIB[D] t=164s hp=54% gold=621 loc=-60,59 enemy-dist=567 lh=9 dn=7 dg=+52 dlh=+1 bottle=-1 lvl=4 front=8620 ehp=71'
08/31 17:24:11 [Localization System] CLocalize::FindSafe failed to localize: 'AIB[D] blocked=hero-over-creep reason=no_target'
08/31 17:24:11 [Localization System] CLocalize::FindSafe failed to localize: 'AIB[D] blocked=emergency-kill reason=no_target'
08/31 17:24:11 [Localization System] CLocalize::FindSafe failed to localize: 'AIB[D] blocked=harass reason=no_target'
08/31 17:24:11 [Localization System] CLocalize::FindSafe failed to localize: 'AIB[D] blocked=ability-harass reason=nothing_castable'
08/31 17:24:11 [Localization System] CLocalize::FindSafe failed to localize: 'AIB[R] intent=state-desire-fight family=state base=78 range=18 hp_adv=8 execute=20 dist=577 hp=71 ehp=54 hyst=18 reason=enemy_seen score=142'
08/31 17:24:11 [Localization System] CLocalize::FindSafe failed to localize: 'AIB[D] blocked=uphill-repo reason=no_reposition'
08/31 17:24:11 [Localization System] CLocalize::FindSafe failed to localize: 'AIB[D] intent=tick-owner family=other stage=laning-core'
08/31 17:24:11 [Localization System] CLocalize::FindSafe failed to localize: 'AIB[R] blocked=top-arbiter reason=empty_action winner=fight score=124'
08/31 17:24:11 [Localization System] CLocalize::FindSafe failed to localize: 'AIB[R] intent=tick-owner family=other stage=desire/fight base=78 range=18 hp_adv=8 execute=20 dist=526 hp=72 ehp=54 reason=enemy_seen score=124'
08/31 17:24:11 [Localization System] CLocalize::FindSafe failed to localize: 'AIB[D] intent=top-arbiter family=state winner=anti-idle:2 losers=safe-cs:56,hero-over-creep:52,idle-heal:46,emergency-retreat:45,fwd-pullback:44'
08/31 17:24:11 [Localization System] CLocalize::FindSafe failed to localize: 'AIB[D] blocked=buy-loop reason=saving target=item_bottle head=item_bottle cost=675 gold=622 left=1'
08/31 17:24:11 [Localization System] CLocalize::FindSafe failed to localize: 'AIB[R] blocked=buy-loop reason=saving target=item_bottle head=item_bottle cost=675 gold=529 left=1'
08/31 17:24:12 [Localization System] CLocalize::FindSafe failed to localize: 'AIB[D] intent=state-desire-fight family=state base=78 range=18 execute=20 dist=526 hp=54 ehp=51 reason=enemy_seen score=116'
08/31 17:24:12 [Localization System] CLocalize::FindSafe failed to localize: 'AIB[D] blocked=ability-pressure reason=nothing_castable'
08/31 17:24:12 [Localization System] CLocalize::FindSafe failed to localize: 'AIB[R] blocked=recover-candidate reason=no_action_capped hp=51 score=44 cause=hp_gate_no_action'
08/31 17:24:12 [Localization System] CLocalize::FindSafe failed to localize: 'AIB[D] blocked=hero-contact reason=refractory since=0.13'
08/31 17:24:12 [Localization System] CLocalize::FindSafe failed to localize: 'AIB[D] blocked=top-arbiter reason=empty_action winner=fight score=134'
08/31 17:24:12 [Localization System] CLocalize::FindSafe failed to localize: 'AIB[R] intent=hero-contact family=fight dist=526 hp=51 reason=attackable_enemy'
08/31 17:24:12 [Localization System] CLocalize::FindSafe failed to localize: 'AIB[R] intent=hero-pass family=fight dist=526 hp=51 reason=nearby_enemy'
08/31 17:24:12 [Localization System] CLocalize::FindSafe failed to localize: 'AIB[R] intent=top-arbiter family=state winner=fight:134 losers=safe-cs:56,hero-over-creep:52,idle-heal:46,emergency-retreat:45,fwd-pullback:44'
08/31 17:24:12 [Localization System] CLocalize::FindSafe failed to localize: 'AIB[R] intent=state-desire-fight family=state base=78 range=18 execute=20 dist=526 hp=51 ehp=48 hyst=18 reason=enemy_seen score=134'
08/31 17:24:12 [Localization System] CLocalize::FindSafe failed to localize: 'AIB[D] intent=hero-contact family=fight dist=526 hp=48 reason=attackable_enemy'
08/31 17:24:13 [Localization System] CLocalize::FindSafe failed to localize: 'AIB[R] blocked=hero-pass reason=low_hp hp=41'
08/31 17:24:13 [Localization System] CLocalize::FindSafe failed to localize: 'AIB[R] intent=state-desire-safety family=state base=108 hp=41 creep=false hero=true reason=recent_damage score=108'
08/31 17:24:13 [Localization System] CLocalize::FindSafe failed to localize: 'AIB[R] intent=state-desire-recover family=state base=74 hp=41 reason=hp_gate score=74'
08/31 17:24:13 [Localization System] CLocalize::FindSafe failed to localize: 'AIB[R] intent=recovery-policy family=recover action=recover hp=41 gate=55 source=lane-low'
08/31 17:24:13 [Localization System] CLocalize::FindSafe failed to localize: 'AIB[R] intent=state-recover-xp family=state ttl=2 reason=regen_lane hp=41 dist=2154'
08/31 17:24:13 [Localization System] CLocalize::FindSafe failed to localize: 'AIB[R] blocked=safety-candidate reason=no_action_capped hp=41 score=44 cause=symptom_no_action'
08/31 17:24:13 [Localization System] CLocalize::FindSafe failed to localize: 'AIB[R] blocked=top-arbiter reason=empty_action winner=fight score=134'
08/31 17:24:13 [Localization System] CLocalize::FindSafe failed to localize: 'AIB[R] t=167s hp=41% gold=531 loc=-459,-328 enemy-dist=556 lh=8 dn=1 dg=+7 dlh=+0 bottle=-1 lvl=3 front=7659 ehp=49'
08/31 17:24:13 [Localization System] CLocalize::FindSafe failed to localize: 'AIB[R] blocked=ability-pressure reason=nothing_castable'
08/31 17:24:13 [Localization System] CLocalize::FindSafe failed to localize: 'AIB[D] intent=state-desire-fight family=state base=78 range=18 execute=20 dist=556 hp=49 ehp=41 reason=enemy_seen score=116'
08/31 17:24:13 [Localization System] CLocalize::FindSafe failed to localize: 'AIB[D] intent=top-arbiter family=state winner=fight:116 losers=safe-cs:56,hero-over-creep:52,idle-heal:46,emergency-retreat:45,fwd-pullback:44'
08/31 17:24:13 [Localization System] CLocalize::FindSafe failed to localize: 'AIB[D] intent=tick-owner family=other stage=laning-core'
08/31 17:24:13 [Localization System] CLocalize::FindSafe failed to localize: 'AIB[R] blocked=hero-contact reason=refractory since=0.47'
08/31 17:24:13 [Localization System] CLocalize::FindSafe failed to localize: 'AIB[D] intent=hero-pass family=fight dist=556 hp=49 reason=nearby_enemy'
08/31 17:24:13 [Localization System] CLocalize::FindSafe failed to localize: 'AIB[R] intent=tick-owner family=other stage=laning-core'
08/31 17:24:13 [Localization System] CLocalize::FindSafe failed to localize: 'AIB[D] blocked=top-arbiter reason=empty_action winner=fight score=134'
08/31 17:24:14 [Localization System] CLocalize::FindSafe failed to localize: 'AIB[D] intent=kill-lock family=fight dist=556 ehp=30 hp=49 exec=false atk=true mutual=false reason=killable_enemy'
08/31 17:24:14 [Localization System] CLocalize::FindSafe failed to localize: 'AIB[D] blocked=kill-lock reason=uphill dist=556 hp=49'
08/31 17:24:14 [Localization System] CLocalize::FindSafe failed to localize: 'AIB[D] blocked=fight-candidate reason=no_action_capped hp=49 score=40 cause=seen_unreachable'
08/31 17:24:14 [Localization System] CLocalize::FindSafe failed to localize: 'AIB[D] blocked=hero-over-creep reason=no_target'
08/31 17:24:14 [Localization System] CLocalize::FindSafe failed to localize: 'AIB[D] blocked=recovery-buy reason=budget_cap hp=49 gold=566 count=3 allow=3'
08/31 17:24:14 [Localization System] CLocalize::FindSafe failed to localize: 'AIB[D] blocked=emergency-kill reason=no_target'
08/31 17:24:14 [Localization System] CLocalize::FindSafe failed to localize: 'AIB[D] blocked=uphill-repo reason=not_trading'
08/31 17:24:14 [Localization System] CLocalize::FindSafe failed to localize: 'AIB[D] blocked=harass reason=no_target'
08/31 17:24:14 [Localization System] CLocalize::FindSafe failed to localize: 'AIB[D] blocked=ability-harass reason=nothing_castable'
08/31 17:24:14 [Localization System] CLocalize::FindSafe failed to localize: 'AIB[D] blocked=visual-hold reason=hero_in_range held=3.8 hp=50 repeat=2 hard=false'
08/31 17:24:15 [Localization System] CLocalize::FindSafe failed to localize: 'AIB[R] intent=recovery-policy family=recover action=recover hp=30 gate=35 source=early-low'
08/31 17:24:15 [Server] Client (account 0) tried to execute invalid order (20). Unit is dead.
08/31 17:24:15 Sending CMsgConnectedPlayers for reason FIRST_BLOOD.  Last send was 168.5s ago, urgency is 0.0s
08/31 17:24:15 game_state: DOTA_GAMERULES_STATE_GAME_IN_PROGRESS
first_blood_happened: true
send_reason: FIRST_BLOOD
radiant_kills: 0
dire_kills: 1
radiant_lead: -428
building_state: 4784201

08/31 17:24:15 [GCClient] Send msg 7034 (k_EMsgGCConnectedPlayers), 34 bytes
08/31 17:24:15 [Localization System] CLocalize::FindSafe failed to localize: 'invalid index'
08/31 17:24:15 [Localization System] CLocalize::FindSafe failed to localize: 'AIB[D] intent=damage-by-source family=other creep=425 tower=0 hero=1056 mixed=206 death=0 other=62 stale=41 gaps=1 tower_any=0'
08/31 17:24:15 [Localization System] CLocalize::FindSafe failed to localize: 'AIB[D] intent=tick-owner family=other stage=death-window'
08/31 17:24:15 [GCClient] Recv msg 26 (k_ESOMsg_UpdateMultiple), 337 bytes
08/31 17:24:15 --- CSODOTALobby.first_blood_happened: false
08/31 17:24:15 +++ CSODOTALobby.first_blood_happened: true
08/31 17:24:15 [Localization System] CLocalize::FindSafe failed to localize: 'AIB[R] intent=tick-owner family=other stage=laning-core'
08/31 17:24:16 [Localization System] CLocalize::FindSafe failed to localize: 'AIB[R] intent=damage-by-source family=other creep=99 tower=0 hero=1393 mixed=48 death=211 other=0 stale=132 gaps=2 tower_any=0'
08/31 17:24:16 [Localization System] CLocalize::FindSafe failed to localize: 'AIB[R] intent=state-recover-safe family=state ttl=2 reason=regen_lane hp=0 dist=1837'
08/31 17:24:16 [Localization System] CLocalize::FindSafe failed to localize: 'AIB[D] t=169s hp=50% gold=239 loc=-198,-60 lh=9 dn=7 dg=-382 dlh=+0 bottle=3 lvl=4 front=10000 ehp=-1'
08/31 17:24:17 [Localization System] CLocalize::FindSafe failed to localize: 'AIB[D] intent=tick-owner family=other stage=death-window'
08/31 17:24:17 [Localization System] CLocalize::FindSafe failed to localize: 'AIB[R] intent=tick-owner family=other stage=laning-core'
08/31 17:24:18 [Localization System] CLocalize::FindSafe failed to localize: 'AIB[R] t=172s hp=0% gold=520 loc=-604,-486 enemy-dist=488 lh=8 dn=1 dg=-11 dlh=+0 bottle=-1 lvl=3 front=8441 ehp=51'
08/31 17:24:19 [Localization System] CLocalize::FindSafe failed to localize: 'AIB[R] intent=state-recover-safe family=state ttl=2 reason=regen_lane hp=0 dist=1837'
08/31 17:24:19 [Localization System] CLocalize::FindSafe failed to localize: 'AIB[D] intent=tick-owner family=other stage=death-window'
08/31 17:24:20 [Localization System] CLocalize::FindSafe failed to localize: 'AIB[R] blocked=buy-loop reason=saving target=item_bottle head=item_bottle cost=675 gold=522 left=1'
08/31 17:24:20 [Localization System] CLocalize::FindSafe failed to localize: 'AIB[R] intent=tick-owner family=other stage=laning-core'
08/31 17:24:21 [Localization System] CLocalize::FindSafe failed to localize: 'AIB[D] blocked=buy-loop reason=saving target=item_magic_wand head=item_recipe_magic_wand cost=150 gold=119 left=1'
08/31 17:24:21 [Localization System] CLocalize::FindSafe failed to localize: 'AIB[D] t=174s hp=53% gold=120 loc=-276,-124 lh=11 dn=7 dg=-119 dlh=+2 bottle=3 lvl=4 front=10115 ehp=-1'
08/31 17:24:21 Script function 'Think' on bot npc_dota_hero_nevermore took 2.115ms
08/31 17:24:21 [Localization System] CLocalize::FindSafe failed to localize: 'AIB[D] intent=tick-owner family=other stage=death-window'
08/31 17:24:22 [Localization System] CLocalize::FindSafe failed to localize: 'AIB[R] intent=tick-owner family=other stage=laning-core'
08/31 17:24:22 [Localization System] CLocalize::FindSafe failed to localize: 'AIB[R] intent=state-recover-safe family=state ttl=2 reason=regen_lane hp=0 dist=1837'
08/31 17:24:23 [Localization System] CLocalize::FindSafe failed to localize: 'AIB[R] t=177s hp=0% gold=528 loc=-604,-486 enemy-dist=488 lh=8 dn=1 dg=+8 dlh=+0 bottle=-1 lvl=3 front=8432 ehp=54'
08/31 17:24:24 [Localization System] CLocalize::FindSafe failed to localize: 'AIB[D] intent=tick-owner family=other stage=death-window'
08/31 17:24:24 [Localization System] CLocalize::FindSafe failed to localize: 'AIB[R] intent=tick-owner family=other stage=laning-core'
08/31 17:24:25 [Localization System] CLocalize::FindSafe failed to localize: 'AIB[R] intent=state-recover-safe family=state ttl=2 reason=regen_lane hp=0 dist=1837'
08/31 17:24:26 [Localization System] CLocalize::FindSafe failed to localize: 'AIB[D] intent=tick-owner family=other stage=death-window'
08/31 17:24:26 [Localization System] CLocalize::FindSafe failed to localize: 'AIB[R] intent=tick-owner family=other stage=laning-core'
08/31 17:24:26 [Localization System] CLocalize::FindSafe failed to localize: 'AIB[D] t=179s hp=55% gold=127 loc=-504,-293 lh=11 dn=7 dg=+7 dlh=+0 bottle=3 lvl=4 front=10405 ehp=-1'
08/31 17:24:28 [Localization System] CLocalize::FindSafe failed to localize: 'AIB[R] blocked=buy-loop reason=saving target=item_bottle head=item_bottle cost=675 gold=534 left=1'
08/31 17:24:28 [Localization System] CLocalize::FindSafe failed to localize: 'AIB[D] intent=tick-owner family=other stage=death-window'
08/31 17:24:28 [Localization System] CLocalize::FindSafe failed to localize: 'AIB[R] intent=tick-owner family=other stage=laning-core'
08/31 17:24:28 [Localization System] CLocalize::FindSafe failed to localize: 'AIB[R] t=182s hp=0% gold=535 loc=-604,-486 enemy-dist=338 lh=8 dn=1 dg=+7 dlh=+0 bottle=-1 lvl=3 front=7078 ehp=56'
08/31 17:24:28 [Localization System] CLocalize::FindSafe failed to localize: 'AIB[R] intent=state-recover-safe family=state ttl=2 reason=regen_lane hp=0 dist=1837'
08/31 17:24:30 [Localization System] CLocalize::FindSafe failed to localize: 'AIB[R] intent=tick-owner family=other stage=laning-core'
08/31 17:24:31 [Localization System] CLocalize::FindSafe failed to localize: 'AIB[R] intent=damage-by-source family=other creep=99 tower=0 hero=1393 mixed=48 death=211 other=0 stale=132 gaps=2 tower_any=0'
08/31 17:24:31 [Localization System] CLocalize::FindSafe failed to localize: 'AIB[D] t=185s hp=57% gold=32 loc=-511,-295 lh=12 dn=7 dg=-95 dlh=+1 bottle=-1 lvl=4 front=11293 ehp=-1'
08/31 17:24:31 [Localization System] CLocalize::FindSafe failed to localize: 'AIB[D] intent=damage-by-source family=other creep=425 tower=0 hero=1056 mixed=206 death=0 other=62 stale=41 gaps=1 tower_any=0'
08/31 17:24:31 [Localization System] CLocalize::FindSafe failed to localize: 'AIB[D] intent=tick-owner family=other stage=death-window'
08/31 17:24:31 [Localization System] CLocalize::FindSafe failed to localize: 'AIB[R] intent=state-recover-safe family=state ttl=2 reason=regen_lane hp=0 dist=1837'
08/31 17:24:32 [Localization System] CLocalize::FindSafe failed to localize: 'AIB[R] intent=tick-owner family=other stage=laning-core'
08/31 17:24:33 CGameParticleManager::SetParticleControlEnt: Unable to lookup attachment "attach_fx" on model "models/heroes/shadow_fiend/shadow_fiend.vmdl" for entity "npc_dota_hero_nevermore"
08/31 17:24:33 [Server] PR:IncrementIdleTime 1:[I:0:0] 18.37
08/31 17:24:33 [Localization System] CLocalize::FindSafe failed to localize: 'AIB[D] intent=tick-owner family=other stage=death-window'
08/31 17:24:36 [Localization System] CLocalize::FindSafe failed to localize: 'AIB[R] blocked=buy-loop reason=saving target=item_bottle head=item_bottle cost=675 gold=546 left=1'
08/31 17:24:36 [Localization System] CLocalize::FindSafe failed to localize: 'AIB[D] blocked=hero-over-creep reason=no_target'
08/31 17:24:36 [Localization System] CLocalize::FindSafe failed to localize: 'AIB[D] blocked=emergency-kill reason=no_target'
08/31 17:24:36 [Localization System] CLocalize::FindSafe failed to localize: 'AIB[D] blocked=uphill-repo reason=no_reposition'
08/31 17:24:36 [Localization System] CLocalize::FindSafe failed to localize: 'AIB[D] blocked=harass reason=no_target'
08/31 17:24:36 [Localization System] CLocalize::FindSafe failed to localize: 'AIB[D] blocked=ability-harass reason=nothing_castable'
08/31 17:24:36 [Localization System] CLocalize::FindSafe failed to localize: 'AIB[D] intent=lane-line-episode family=other dist=252 fwd=0.55'
08/31 17:24:36 [Localization System] CLocalize::FindSafe failed to localize: 'AIB[D] intent=top-arbiter family=state winner=lane-line:18 losers=hero-over-creep:52,idle-heal:46,emergency-retreat:45,fwd-pullback:44,emergency-kill:43.5'
08/31 17:24:36 [Localization System] CLocalize::FindSafe failed to localize: 'AIB[D] intent=tick-owner family=other stage=desire/lane-line reason=ready score=18 band=position'
08/31 17:24:36 [Localization System] CLocalize::FindSafe failed to localize: 'AIB[D] blocked=uphill-repo reason=motor_busy'
08/31 17:24:36 [Localization System] CLocalize::FindSafe failed to localize: 'AIB[R] t=190s hp=100% gold=547 loc=-1696,-1558 lh=8 dn=1 dg=+12 dlh=+0 bottle=-1 lvl=3 front=7078 ehp=-1'
08/31 17:24:36 [Localization System] CLocalize::FindSafe failed to localize: 'AIB[R] blocked=hero-over-creep reason=no_target'
08/31 17:24:36 [Localization System] CLocalize::FindSafe failed to localize: 'AIB[R] blocked=emergency-kill reason=no_target'
08/31 17:24:36 [Localization System] CLocalize::FindSafe failed to localize: 'AIB[R] blocked=uphill-repo reason=no_reposition'
08/31 17:24:36 [Localization System] CLocalize::FindSafe failed to localize: 'AIB[R] blocked=harass reason=no_target'
08/31 17:24:36 [Localization System] CLocalize::FindSafe failed to localize: 'AIB[R] intent=cs-watchdog family=farm lh=8 idle=28 creep_hp=277 dist=436'
08/31 17:24:36 [Localization System] CLocalize::FindSafe failed to localize: 'AIB[R] intent=top-arbiter family=state winner=creep-work:38.6 losers=hero-over-creep:52,idle-heal:46,emergency-retreat:45,fwd-pullback:44,emergency-kill:43.5'
08/31 17:24:36 [Localization System] CLocalize::FindSafe failed to localize: 'AIB[R] intent=tick-owner family=other stage=desire/creep-work reason=ready score=39 band=lanework'
08/31 17:24:36 [Localization System] CLocalize::FindSafe failed to localize: 'AIB[R] blocked=ability-harass reason=nothing_castable'
08/31 17:24:36 [Localization System] CLocalize::FindSafe failed to localize: 'AIB[D] t=190s hp=59% gold=39 loc=-565,-355 lh=12 dn=7 dg=+7 dlh=+0 bottle=-1 lvl=4 front=11293 ehp=-1'
08/31 17:24:37 [Localization System] CLocalize::FindSafe failed to localize: 'AIB[D] intent=state-siege-window family=siege ttl=2 wave=2 tower=1234 hp=59 adv=true'
08/31 17:24:37 [Localization System] CLocalize::FindSafe failed to localize: 'AIB[D] intent=tower-opportunity family=siege result=step phase=default wave=2 tower=1234'
08/31 17:24:37 [Localization System] CLocalize::FindSafe failed to localize: 'AIB[R] blocked=hero-prio-chase reason=lane_work dist=1426 cs=true creep=true hp_adv=false kill_pressure=false close=false low_farm=false lane_override=false'
08/31 17:24:37 [Localization System] CLocalize::FindSafe failed to localize: 'AIB[D] intent=top-arbiter family=state winner=creep-work:38.8 losers=hero-over-creep:52,idle-heal:46,emergency-retreat:45,fwd-pullback:44,emergency-kill:43.5'
08/31 17:24:38 [Localization System] CLocalize::FindSafe failed to localize: 'AIB[D] intent=state-desire-siege family=siege base=66 push=12 enemy_dead=22 hp=59 reason=tower_window score=100'
08/31 17:24:38 [Localization System] CLocalize::FindSafe failed to localize: 'AIB[R] intent=state-desire-last-hit family=farm dist=495 reason=killable_creep score=140'
08/31 17:24:38 [Localization System] CLocalize::FindSafe failed to localize: 'AIB[R] intent=top-arbiter family=state winner=last-hit:140 losers=hero-over-creep:52,cs-inrange:50,idle-heal:46,emergency-retreat:45,fwd-pullback:44'
08/31 17:24:38 [Localization System] CLocalize::FindSafe failed to localize: 'AIB[R] intent=lane-line-episode family=other dist=573 fwd=0.12'
08/31 17:24:38 [Localization System] CLocalize::FindSafe failed to localize: 'AIB[R] intent=tick-owner family=other stage=desire/lane-line reason=ready score=18 band=position'
08/31 17:24:39 [Localization System] CLocalize::FindSafe failed to localize: 'AIB[R] blocked=uphill-repo reason=motor_busy'
08/31 17:24:39 [Localization System] CLocalize::FindSafe failed to localize: 'AIB[R] blocked=hero-over-creep reason=no_target'
08/31 17:24:39 [Localization System] CLocalize::FindSafe failed to localize: 'AIB[R] blocked=emergency-kill reason=no_target'
08/31 17:24:39 [Localization System] CLocalize::FindSafe failed to localize: 'AIB[R] blocked=harass reason=no_target'
08/31 17:24:39 [Localization System] CLocalize::FindSafe failed to localize: 'AIB[R] intent=top-arbiter family=state winner=wave-watch:10 losers=hero-over-creep:52,idle-heal:46,emergency-retreat:45,fwd-pullback:44,emergency-kill:43.5'
08/31 17:24:39 [Localization System] CLocalize::FindSafe failed to localize: 'AIB[R] intent=cs-watchdog family=farm lh=8 idle=31 creep_hp=199 dist=504'
08/31 17:24:40 [Localization System] CLocalize::FindSafe failed to localize: 'AIB[D] blocked=hero-over-creep reason=no_target'
08/31 17:24:40 [Localization System] CLocalize::FindSafe failed to localize: 'AIB[D] blocked=emergency-kill reason=no_target'
08/31 17:24:40 [Localization System] CLocalize::FindSafe failed to localize: 'AIB[D] blocked=uphill-repo reason=no_reposition'
08/31 17:24:40 [Localization System] CLocalize::FindSafe failed to localize: 'AIB[D] blocked=harass reason=no_target'
08/31 17:24:40 [Localization System] CLocalize::FindSafe failed to localize: 'AIB[D] intent=top-arbiter family=state winner=creep-work:38.8 losers=hero-over-creep:52,idle-heal:46,emergency-retreat:45,fwd-pullback:44,emergency-kill:43.5'
08/31 17:24:40 [Localization System] CLocalize::FindSafe failed to localize: 'AIB[D] intent=tick-owner family=other stage=desire/creep-work reason=ready score=39 band=lanework'
08/31 17:24:40 [Localization System] CLocalize::FindSafe failed to localize: 'AIB[R] blocked=hero-prio-chase reason=lane_work dist=1353 cs=true creep=true hp_adv=false kill_pressure=false close=false low_farm=false lane_override=false'
08/31 17:24:40 [Localization System] CLocalize::FindSafe failed to localize: 'AIB[R] intent=tick-owner family=other stage=laning-core'
08/31 17:24:41 [Localization System] CLocalize::FindSafe failed to localize: 'AIB[R] intent=state-desire-last-hit family=farm dist=410 reason=killable_creep score=140'
08/31 17:24:41 [Localization System] CLocalize::FindSafe failed to localize: 'AIB[R] intent=top-arbiter family=state winner=last-hit:158 losers=hero-over-creep:52,cs-inrange:50,idle-heal:46,emergency-retreat:45,fwd-pullback:44'
08/31 17:24:41 [Localization System] CLocalize::FindSafe failed to localize: 'AIB[D] blocked=ability-harass reason=nothing_castable'
08/31 17:24:41 [Localization System] CLocalize::FindSafe failed to localize: 'AIB[D] blocked=visual-hold reason=empty held=4.3 hp=61 repeat=1 hard=true'
08/31 17:24:41 [Localization System] CLocalize::FindSafe failed to localize: 'AIB[R] t=195s hp=99% gold=555 loc=-1518,-1217 enemy-dist=1135 lh=8 dn=1 dg=+8 dlh=+0 bottle=-1 lvl=3 front=7078 ehp=61'
08/31 17:24:41 [Localization System] CLocalize::FindSafe failed to localize: 'AIB[R] intent=state-desire-safety family=state base=108 creep_dmg=8 hp=99 creep=true hero=false reason=recent_damage score=116'
08/31 17:24:41 [Localization System] CLocalize::FindSafe failed to localize: 'AIB[R] intent=creep-hit-react family=safety dist=410 hp=99 hits=1 reason=attack'
08/31 17:24:41 [Localization System] CLocalize::FindSafe failed to localize: 'AIB[D] intent=lane-line-episode family=other dist=313 fwd=0.67'
08/31 17:24:41 [Localization System] CLocalize::FindSafe failed to localize: 'AIB[D] t=195s hp=61% gold=47 loc=-692,-514 enemy-dist=1085 lh=12 dn=7 dg=+8 dlh=+0 bottle=-1 lvl=4 front=10944 ehp=99'
08/31 17:24:41 [Localization System] CLocalize::FindSafe failed to localize: 'AIB[D] blocked=uphill-repo reason=motor_busy'
08/31 17:24:41 [Localization System] CLocalize::FindSafe failed to localize: 'AIB[R] blocked=uphill-repo reason=not_trading'
08/31 17:24:41 [Localization System] CLocalize::FindSafe failed to localize: 'AIB[R] blocked=cs-watchdog reason=no_creep lh=9 idle=33'
08/31 17:24:41 [Localization System] CLocalize::FindSafe failed to localize: 'AIB[R] blocked=ability-harass reason=nothing_castable'
08/31 17:24:42 [Localization System] CLocalize::FindSafe failed to localize: 'AIB[D] intent=top-arbiter family=state winner=lane-line:18 losers=hero-over-creep:52,idle-heal:46,emergency-retreat:45,fwd-pullback:44,emergency-kill:43.5'
08/31 17:24:42 [Localization System] CLocalize::FindSafe failed to localize: 'AIB[R] blocked=hero-over-creep reason=no_target'
08/31 17:24:42 [Localization System] CLocalize::FindSafe failed to localize: 'AIB[R] blocked=emergency-kill reason=no_target'
08/31 17:24:42 [Localization System] CLocalize::FindSafe failed to localize: 'AIB[R] blocked=uphill-repo reason=no_reposition'
08/31 17:24:42 [Localization System] CLocalize::FindSafe failed to localize: 'AIB[R] blocked=harass reason=no_target'
08/31 17:24:42 [Localization System] CLocalize::FindSafe failed to localize: 'AIB[D] intent=tick-owner family=other stage=laning-core'
08/31 17:24:43 [Localization System] CLocalize::FindSafe failed to localize: 'AIB[R] intent=top-arbiter family=state winner=anti-idle:2 losers=hero-over-creep:52,idle-heal:46,emergency-retreat:45,fwd-pullback:44,emergency-kill:43.5'
08/31 17:24:43 [Localization System] CLocalize::FindSafe failed to localize: 'AIB[R] intent=tick-owner family=other stage=laning-core'
08/31 17:24:43 [Localization System] CLocalize::FindSafe failed to localize: 'AIB[R] intent=lane-line-episode family=other dist=1080 fwd=0.34'
08/31 17:24:43 [Localization System] CLocalize::FindSafe failed to localize: 'AIB[R] blocked=uphill-repo reason=motor_busy'
08/31 17:24:43 [Localization System] CLocalize::FindSafe failed to localize: 'AIB[D] blocked=hero-over-creep reason=no_target'
08/31 17:24:43 [Localization System] CLocalize::FindSafe failed to localize: 'AIB[D] blocked=emergency-kill reason=no_target'
08/31 17:24:43 [Localization System] CLocalize::FindSafe failed to localize: 'AIB[D] blocked=harass reason=no_target'
08/31 17:24:43 [Localization System] CLocalize::FindSafe failed to localize: 'AIB[D] intent=top-arbiter family=state winner=anti-idle:2 losers=hero-over-creep:52,idle-heal:46,emergency-retreat:45,fwd-pullback:44,emergency-kill:43.5'
08/31 17:24:44 [Localization System] CLocalize::FindSafe failed to localize: 'AIB[R] blocked=buy-loop reason=saving target=item_bottle head=item_bottle cost=675 gold=601 left=1'
08/31 17:24:44 [Localization System] CLocalize::FindSafe failed to localize: 'AIB[D] intent=lane-line-episode family=other dist=269 fwd=0.47'
08/31 17:24:44 [Localization System] CLocalize::FindSafe failed to localize: 'AIB[D] blocked=ability-harass reason=nothing_castable'
08/31 17:24:44 [Localization System] CLocalize::FindSafe failed to localize: 'AIB[R] blocked=hero-prio-chase reason=lane_work dist=1428 cs=false creep=false hp_adv=false kill_pressure=false close=false low_farm=false lane_override=false'
08/31 17:24:44 [Localization System] CLocalize::FindSafe failed to localize: 'AIB[R] intent=top-arbiter family=state winner=lane-line:18 losers=hero-over-creep:52,idle-heal:46,emergency-retreat:45,fwd-pullback:44,emergency-kill:43.5'
08/31 17:24:44 [Localization System] CLocalize::FindSafe failed to localize: 'AIB[D] intent=tick-owner family=other stage=laning-core'
08/31 17:24:45 [Localization System] CLocalize::FindSafe failed to localize: 'AIB[R] blocked=ability-harass reason=nothing_castable'
08/31 17:24:45 [Localization System] CLocalize::FindSafe failed to localize: 'AIB[D] blocked=uphill-repo reason=motor_busy'
08/31 17:24:45 [Localization System] CLocalize::FindSafe failed to localize: 'AIB[R] intent=tick-owner family=other stage=laning-core'
08/31 17:24:45 [Localization System] CLocalize::FindSafe failed to localize: 'AIB[D] intent=top-arbiter family=state winner=wave-watch:10 losers=hero-over-creep:52,idle-heal:46,emergency-retreat:45,fwd-pullback:44,emergency-kill:43.5'
08/31 17:24:45 [Localization System] CLocalize::FindSafe failed to localize: 'AIB[R] blocked=fight reason=concede_post_death hp=100'
08/31 17:24:45 [Localization System] CLocalize::FindSafe failed to localize: 'AIB[D] intent=own-ranged-lead family=other lead=431 count=2'
08/31 17:24:45 [Localization System] CLocalize::FindSafe failed to localize: 'AIB[R] blocked=hero-over-creep reason=no_target'
08/31 17:24:45 [Localization System] CLocalize::FindSafe failed to localize: 'AIB[R] blocked=emergency-kill reason=no_target'
08/31 17:24:45 [Localization System] CLocalize::FindSafe failed to localize: 'AIB[R] blocked=harass reason=no_target'
08/31 17:24:46 [Localization System] CLocalize::FindSafe failed to localize: 'AIB[R] intent=damage-by-source family=other creep=109 tower=0 hero=1393 mixed=48 death=211 other=0 stale=132 gaps=2 tower_any=0'
08/31 17:24:46 [Localization System] CLocalize::FindSafe failed to localize: 'AIB[R] blocked=recovery-buy reason=item_checkpoint item=item_bottle hp=100 gold=605 cost=675 spend=100'
08/31 17:24:46 [Localization System] CLocalize::FindSafe failed to localize: 'AIB[R] intent=recovery-plan family=recover action=buy_item_flask reason=checkpoint_block item=item_bottle hp=100 gold=605'
08/31 17:24:46 [Localization System] CLocalize::FindSafe failed to localize: 'AIB[R] intent=top-arbiter family=state winner=harass:40 losers=hero-over-creep:52,idle-heal:46,emergency-retreat:45,fwd-pullback:44,emergency-kill:43.5'
08/31 17:24:46 [Localization System] CLocalize::FindSafe failed to localize: 'AIB[D] intent=damage-by-source family=other creep=437 tower=0 hero=1056 mixed=206 death=0 other=62 stale=41 gaps=1 tower_any=0'
08/31 17:24:46 [Localization System] CLocalize::FindSafe failed to localize: 'AIB[D] intent=state-desire-safety family=state base=108 creep_dmg=8 hp=61 creep=true hero=false reason=recent_damage score=116'
08/31 17:24:46 [Localization System] CLocalize::FindSafe failed to localize: 'AIB[D] blocked=creep-hit-react reason=inside_melee_pack count=3 dist=230 hp=61'
08/31 17:24:46 [Localization System] CLocalize::FindSafe failed to localize: 'AIB[D] intent=creep-hit-react family=safety dist=230 hp=61 hits=1 reason=edge_attack'
08/31 17:24:46 [Localization System] CLocalize::FindSafe failed to localize: 'AIB[R] t=200s hp=100% gold=605 loc=-1014,-771 enemy-dist=919 lh=9 dn=1 dg=+50 dlh=+1 bottle=-1 lvl=3 front=8588 ehp=62'
08/31 17:24:46 [Localization System] CLocalize::FindSafe failed to localize: 'AIB[R] blocked=uphill-repo reason=motor_busy'
08/31 17:24:46 [Localization System] CLocalize::FindSafe failed to localize: 'AIB[D] t=200s hp=62% gold=54 loc=-279,-174 lh=12 dn=7 dg=+7 dlh=+0 bottle=-1 lvl=4 front=9909 ehp=-1'
08/31 17:24:46 [Localization System] CLocalize::FindSafe failed to localize: 'AIB[D] blocked=safety-candidate reason=no_action_capped hp=62 score=44 cause=symptom_no_action'
08/31 17:24:46 [Localization System] CLocalize::FindSafe failed to localize: 'AIB[D] blocked=hero-over-creep reason=no_target'
08/31 17:24:46 [Localization System] CLocalize::FindSafe failed to localize: 'AIB[D] blocked=emergency-kill reason=no_target'
08/31 17:24:46 [Localization System] CLocalize::FindSafe failed to localize: 'AIB[D] blocked=uphill-repo reason=no_reposition'
08/31 17:24:46 [Localization System] CLocalize::FindSafe failed to localize: 'AIB[D] blocked=harass reason=no_target'
08/31 17:24:46 [Localization System] CLocalize::FindSafe failed to localize: 'AIB[D] intent=tick-owner family=other stage=laning-core'
08/31 17:24:47 [Localization System] CLocalize::FindSafe failed to localize: 'AIB[D] intent=top-arbiter family=state winner=wave-watch:10 losers=hero-over-creep:52,idle-heal:46,emergency-retreat:45,fwd-pullback:44,emergency-kill:43.5'
08/31 17:24:47 [Localization System] CLocalize::FindSafe failed to localize: 'AIB[R] intent=tick-owner family=other stage=laning-core'
08/31 17:24:47 [Localization System] CLocalize::FindSafe failed to localize: 'AIB[D] blocked=ability-harass reason=nothing_castable'
08/31 17:24:47 [Localization System] CLocalize::FindSafe failed to localize: 'AIB[R] intent=melee-pack-space family=safety count=2 dist=134'
08/31 17:24:47 [Localization System] CLocalize::FindSafe failed to localize: 'AIB[R] blocked=uphill-repo reason=no_reposition'
08/31 17:24:48 [Localization System] CLocalize::FindSafe failed to localize: 'AIB[R] blocked=hero-prio-chase reason=lane_work dist=952 cs=false creep=true hp_adv=false kill_pressure=false close=false low_farm=false lane_override=false'
08/31 17:24:48 [Localization System] CLocalize::FindSafe failed to localize: 'AIB[R] blocked=ability-harass reason=nothing_castable'
08/31 17:24:48 [Localization System] CLocalize::FindSafe failed to localize: 'AIB[R] intent=top-arbiter family=state winner=wave-watch:10 losers=hero-over-creep:52,idle-heal:46,emergency-retreat:45,fwd-pullback:44,emergency-kill:43.5'
08/31 17:24:48 [Localization System] CLocalize::FindSafe failed to localize: 'AIB[D] intent=top-arbiter family=state winner=creep-work:38.8 losers=hero-over-creep:52,idle-heal:46,emergency-retreat:45,fwd-pullback:44,emergency-kill:43.5'
08/31 17:24:48 [Localization System] CLocalize::FindSafe failed to localize: 'AIB[R] blocked=fight reason=concede_post_death hp=100'
08/31 17:24:48 [Localization System] CLocalize::FindSafe failed to localize: 'AIB[R] blocked=hero-over-creep reason=no_target'
08/31 17:24:48 [Localization System] CLocalize::FindSafe failed to localize: 'AIB[R] blocked=emergency-kill reason=no_target'
08/31 17:24:48 [Localization System] CLocalize::FindSafe failed to localize: 'AIB[R] blocked=harass reason=no_target'
08/31 17:24:49 [Localization System] CLocalize::FindSafe failed to localize: 'AIB[D] intent=tick-owner family=other stage=laning-core'
08/31 17:24:49 [Localization System] CLocalize::FindSafe failed to localize: 'AIB[R] intent=melee-pack-space family=safety count=2 dist=133'
08/31 17:24:49 [Localization System] CLocalize::FindSafe failed to localize: 'AIB[D] intent=state-desire-last-hit family=farm dist=461 reason=killable_creep score=140'
08/31 17:24:49 [Localization System] CLocalize::FindSafe failed to localize: 'AIB[R] intent=tick-owner family=other stage=desire/creep-work reason=ready score=39 band=lanework'
08/31 17:24:49 [Localization System] CLocalize::FindSafe failed to localize: 'AIB[R] intent=top-arbiter family=state winner=creep-work:38.6 losers=hero-over-creep:52,idle-heal:46,emergency-retreat:45,fwd-pullback:44,emergency-kill:43.5'
08/31 17:24:50 [Localization System] CLocalize::FindSafe failed to localize: 'AIB[D] blocked=hero-over-creep reason=no_target'
08/31 17:24:50 [Localization System] CLocalize::FindSafe failed to localize: 'AIB[D] blocked=emergency-kill reason=no_target'
08/31 17:24:50 [Localization System] CLocalize::FindSafe failed to localize: 'AIB[D] blocked=uphill-repo reason=no_reposition'
08/31 17:24:50 [Localization System] CLocalize::FindSafe failed to localize: 'AIB[D] blocked=harass reason=no_target'
08/31 17:24:50 [Localization System] CLocalize::FindSafe failed to localize: 'AIB[D] blocked=visual-hold reason=creep_in_range held=2.3 hp=63 repeat=1 hard=false'
08/31 17:24:50 [Localization System] CLocalize::FindSafe failed to localize: 'AIB[R] blocked=cs-walk reason=melee_pack_refuse dist=577'
08/31 17:24:50 [Localization System] CLocalize::FindSafe failed to localize: 'AIB[R] blocked=uphill-repo reason=motor_busy'
08/31 17:24:50 [Localization System] CLocalize::FindSafe failed to localize: 'AIB[R] blocked=visual-hold reason=creep_in_range held=2.1 hp=100 repeat=1 hard=false'
08/31 17:24:50 [Localization System] CLocalize::FindSafe failed to localize: 'AIB[D] intent=top-arbiter family=state winner=wave-watch:10 losers=hero-over-creep:52,idle-heal:46,emergency-retreat:45,fwd-pullback:44,emergency-kill:43.5'
08/31 17:24:50 Script function 'Think' on bot npc_dota_hero_nevermore took 3.068ms
08/31 17:24:50 [Localization System] CLocalize::FindSafe failed to localize: 'AIB[D] blocked=ability-harass reason=nothing_castable'
08/31 17:24:51 [Localization System] CLocalize::FindSafe failed to localize: 'AIB[D] intent=tick-owner family=other stage=laning-core'
08/31 17:24:51 [Localization System] CLocalize::FindSafe failed to localize: 'AIB[R] blocked=hero-prio-chase reason=lane_work dist=952 cs=true creep=true hp_adv=false kill_pressure=false close=false low_farm=false lane_override=false'
08/31 17:24:51 [Localization System] CLocalize::FindSafe failed to localize: 'AIB[R] blocked=ability-harass reason=nothing_castable'
08/31 17:24:51 [Localization System] CLocalize::FindSafe failed to localize: 'AIB[R] intent=top-arbiter family=state winner=visual-hold:20 losers=hero-over-creep:52,idle-heal:46,emergency-retreat:45,fwd-pullback:44,emergency-kill:43.5'
08/31 17:24:51 [Localization System] CLocalize::FindSafe failed to localize: 'AIB[D] blocked=wave-watch reason=not_finishable creep_hp=300 dist=849 idle=6'
08/31 17:24:51 [Localization System] CLocalize::FindSafe failed to localize: 'AIB[R] intent=tick-owner family=other stage=laning-core'
08/31 17:24:51 [Localization System] CLocalize::FindSafe failed to localize: 'AIB[R] t=205s hp=100% gold=613 loc=-835,-705 enemy-dist=952 lh=9 dn=2 dg=+8 dlh=+0 bottle=-1 lvl=3 front=8566 ehp=64'
08/31 17:24:51 [Localization System] CLocalize::FindSafe failed to localize: 'AIB[R] blocked=fight reason=concede_post_death hp=100'
08/31 17:24:51 [Localization System] CLocalize::FindSafe failed to localize: 'AIB[D] intent=top-arbiter family=state winner=creep-work:38.8 losers=hero-over-creep:52,idle-heal:46,emergency-retreat:45,fwd-pullback:44,emergency-kill:43.5'
08/31 17:24:52 [Localization System] CLocalize::FindSafe failed to localize: 'AIB[R] blocked=buy-loop reason=saving target=item_bottle head=item_bottle cost=675 gold=613 left=1'
08/31 17:24:52 [Localization System] CLocalize::FindSafe failed to localize: 'AIB[R] blocked=hero-over-creep reason=no_target'
08/31 17:24:52 [Localization System] CLocalize::FindSafe failed to localize: 'AIB[R] blocked=emergency-kill reason=no_target'
08/31 17:24:52 [Localization System] CLocalize::FindSafe failed to localize: 'AIB[R] blocked=harass reason=no_target'
08/31 17:24:52 [Localization System] CLocalize::FindSafe failed to localize: 'AIB[D] t=205s hp=64% gold=62 loc=-174,-20 enemy-dist=952 lh=12 dn=7 dg=+8 dlh=+0 bottle=-1 lvl=4 front=9964 ehp=100'
08/31 17:24:52 [Localization System] CLocalize::FindSafe failed to localize: 'AIB[R] blocked=visual-hold reason=creep_in_range held=4.2 hp=100 repeat=3 hard=true'
08/31 17:24:52 [Localization System] CLocalize::FindSafe failed to localize: 'AIB[D] intent=state-desire-last-hit family=farm dist=483 reason=killable_creep score=140'
08/31 17:24:52 [Localization System] CLocalize::FindSafe failed to localize: 'AIB[R] intent=top-arbiter family=state winner=wave-watch:10 losers=hero-over-creep:52,idle-heal:46,emergency-retreat:45,fwd-pullback:44,emergency-kill:43.5'
08/31 17:24:53 [Localization System] CLocalize::FindSafe failed to localize: 'AIB[D] blocked=hero-over-creep reason=no_target'
08/31 17:24:53 [Localization System] CLocalize::FindSafe failed to localize: 'AIB[D] blocked=emergency-kill reason=no_target'
08/31 17:24:53 [Localization System] CLocalize::FindSafe failed to localize: 'AIB[D] blocked=uphill-repo reason=no_reposition'
08/31 17:24:53 [Localization System] CLocalize::FindSafe failed to localize: 'AIB[D] blocked=harass reason=no_target'
08/31 17:24:53 [Localization System] CLocalize::FindSafe failed to localize: 'AIB[D] blocked=visual-hold reason=creep_in_range held=5.4 hp=64 repeat=3 hard=true'
08/31 17:24:53 [Localization System] CLocalize::FindSafe failed to localize: 'AIB[D] intent=tick-owner family=other stage=desire/visual-hold reason=ready score=20 band=position'
08/31 17:24:53 [Localization System] CLocalize::FindSafe failed to localize: 'AIB[R] blocked=cs-walk reason=melee_pack_refuse dist=577'
08/31 17:24:53 [Localization System] CLocalize::FindSafe failed to localize: 'AIB[R] intent=wave-watch-work family=other lh=9 idle=6 creep_hp=42 dist=577'
08/31 17:24:53 [Localization System] CLocalize::FindSafe failed to localize: 'AIB[R] blocked=uphill-repo reason=motor_busy'
08/31 17:24:53 [Localization System] CLocalize::FindSafe failed to localize: 'AIB[D] intent=top-arbiter family=state winner=idle-heal:46 losers=hero-over-creep:52,emergency-retreat:45,fwd-pullback:44,emergency-kill:43.5,uphill:43'
08/31 17:24:53 [Localization System] CLocalize::FindSafe failed to localize: 'AIB[R] intent=channel-interrupt family=fight dist=952 hp=100 kind=heal reason=enemy_heal'
08/31 17:24:53 [Localization System] CLocalize::FindSafe failed to localize: 'AIB[R] intent=tick-owner family=other stage=urgent intent=channel-interrupt'
08/31 17:24:53 [Localization System] CLocalize::FindSafe failed to localize: 'AIB[D] blocked=harass reason=own_heal_running'
08/31 17:24:53 [Localization System] CLocalize::FindSafe failed to localize: 'AIB[D] intent=recovery-plan family=recover action=buy_flask reason=critical hp=67 gold=65 count=1'
08/31 17:24:53 [Localization System] CLocalize::FindSafe failed to localize: 'AIB[D] blocked=ability-harass reason=nothing_castable'
08/31 17:24:54 [Localization System] CLocalize::FindSafe failed to localize: 'AIB[D] blocked=uphill-repo reason=not_trading'
08/31 17:24:54 [Localization System] CLocalize::FindSafe failed to localize: 'AIB[D] blocked=wave-watch reason=not_finishable creep_hp=300 dist=849 idle=9'
08/31 17:24:54 [Localization System] CLocalize::FindSafe failed to localize: 'AIB[D] intent=cs-watchdog family=farm lh=12 idle=18 creep_hp=91 dist=849'
08/31 17:24:54 [Localization System] CLocalize::FindSafe failed to localize: 'AIB[D] blocked=fight-candidate reason=no_action_capped hp=72 score=40 cause=seen_unreachable'
08/31 17:24:54 [Localization System] CLocalize::FindSafe failed to localize: 'AIB[D] intent=wave-watch-work family=other lh=12 idle=9 creep_hp=91 dist=808'
08/31 17:24:54 [Localization System] CLocalize::FindSafe failed to localize: 'AIB[D] intent=state-desire-fight family=state base=78 range=18 dist=545 hp=73 ehp=78 reason=enemy_seen score=96'
08/31 17:24:54 [Localization System] CLocalize::FindSafe failed to localize: 'AIB[D] blocked=ability-pressure reason=nothing_castable'
08/31 17:24:54 [Localization System] CLocalize::FindSafe failed to localize: 'AIB[D] intent=hero-contact family=fight dist=545 hp=73 reason=attackable_enemy'
08/31 17:24:54 [Localization System] CLocalize::FindSafe failed to localize: 'AIB[D] intent=top-arbiter family=state winner=fight:96 losers=hero-over-creep:52,idle-heal:46,emergency-retreat:45,fwd-pullback:44,emergency-kill:43.5'
08/31 17:24:55 [Localization System] CLocalize::FindSafe failed to localize: 'AIB[D] intent=tick-owner family=other stage=laning-core'
08/31 17:24:55 [Localization System] CLocalize::FindSafe failed to localize: 'AIB[R] blocked=fight reason=concede_post_death hp=78'
08/31 17:24:55 [Localization System] CLocalize::FindSafe failed to localize: 'AIB[R] blocked=fight-candidate reason=no_action_capped hp=78 score=40 cause=seen_unreachable'
08/31 17:24:55 [Localization System] CLocalize::FindSafe failed to localize: 'AIB[R] intent=state-desire-last-hit family=farm dist=191 reason=killable_creep score=140'
08/31 17:24:55 [Localization System] CLocalize::FindSafe failed to localize: 'AIB[R] intent=top-arbiter family=state winner=last-hit:140 losers=hero-over-creep:52,cs-inrange:50,idle-heal:46,emergency-retreat:45,fwd-pullback:44'
08/31 17:24:55 Script function 'Think' on bot npc_dota_hero_nevermore took 2.282ms
08/31 17:24:55 [Localization System] CLocalize::FindSafe failed to localize: 'AIB[R] intent=tick-owner family=other stage=laning-core'
08/31 17:24:55 [Localization System] CLocalize::FindSafe failed to localize: 'AIB[D] intent=state-desire-last-hit family=farm dist=564 reason=killable_creep score=140'
08/31 17:24:55 [Server] Game code (account 0) tried to execute invalid order (19). Target NPC is dead.
08/31 17:24:55 [Localization System] CLocalize::FindSafe failed to localize: 'invalid index'
08/31 17:24:56 [Localization System] CLocalize::FindSafe failed to localize: 'AIB[D] blocked=buy-loop reason=saving target=item_power_treads head=item_boots cost=500 gold=68 left=3'
08/31 17:24:56 [Localization System] CLocalize::FindSafe failed to localize: 'AIB[D] intent=state-desire-safety family=state base=108 hp=37 creep=false hero=true reason=recent_damage score=108'
08/31 17:24:56 [Localization System] CLocalize::FindSafe failed to localize: 'AIB[D] blocked=top-arbiter reason=empty_action winner=safety score=108'
08/31 17:24:56 [Localization System] CLocalize::FindSafe failed to localize: 'AIB[D] intent=state-desire-recover family=state base=74 danger=28 enemy_dead=-20 hp=37 reason=hp_gate score=82'
08/31 17:24:56 [Localization System] CLocalize::FindSafe failed to localize: 'AIB[D] intent=recovery-policy family=recover action=recover hp=37 gate=55 source=lane-low'
08/31 17:24:56 [Localization System] CLocalize::FindSafe failed to localize: 'AIB[D] intent=state-recover-xp family=state ttl=2 reason=regen_lane hp=37 dist=755'
08/31 17:24:56 [Localization System] CLocalize::FindSafe failed to localize: 'AIB[D] intent=creep-hit-react family=safety dist=148 hp=35 hits=1 reason=edge_attack'
08/31 17:24:56 [Localization System] CLocalize::FindSafe failed to localize: 'AIB[D] intent=top-arbiter family=state winner=safety:116 losers=recover:86,safe-cs:56,hero-over-creep:52,idle-heal:46,emergency-retreat:45'
08/31 17:24:56 [Localization System] CLocalize::FindSafe failed to localize: 'invalid index'
08/31 17:24:56 [Localization System] CLocalize::FindSafe failed to localize: 'AIB[R] intent=kill-lock family=fight dist=416 ehp=26 hp=79 exec=false atk=true mutual=false reason=killable_enemy'
08/31 17:24:58 [Server] Client (account 0) tried to execute invalid order (20). Unit is dead.
08/31 17:24:58 [Server] Game code (account 0) tried to execute invalid order (19). Target NPC is dead.
08/31 17:24:58 [Localization System] CLocalize::FindSafe failed to localize: 'invalid index'
08/31 17:24:58 [Localization System] CLocalize::FindSafe failed to localize: 'AIB[R] t=211s hp=80% gold=359 loc=-594,-458 lh=12 dn=2 dg=-254 dlh=+3 bottle=-1 lvl=4 front=8726 ehp=-1'
08/31 17:24:58 [Localization System] CLocalize::FindSafe failed to localize: 'AIB[R] intent=tick-owner family=other stage=death-window'
08/31 17:24:59 [Localization System] CLocalize::FindSafe failed to localize: '?'
08/31 17:24:59 [Localization System] CLocalize::FindSafe failed to localize: 'AIB[R] blocked=hero-over-creep reason=no_target'
08/31 17:24:59 [Localization System] CLocalize::FindSafe failed to localize: 'AIB[R] blocked=emergency-kill reason=no_target'
08/31 17:24:59 [Localization System] CLocalize::FindSafe failed to localize: 'AIB[R] blocked=uphill-repo reason=no_reposition'
08/31 17:24:59 [Localization System] CLocalize::FindSafe failed to localize: 'AIB[R] blocked=harass reason=no_target'
08/31 17:24:59 [Localization System] CLocalize::FindSafe failed to localize: 'AIB[R] anti-afk-no-chase=1 anti-idle-enter=11 anti-idle-lane=8 channel-interrupt-atk=16 channel-interrupt-chase=13 creep-aggro-back=1 creep-aggro-hero-yield=2 creep-aggro-hit=8 creep-dmg=2 creep-hit-react-atk=7 creep-hit-react-step=2 cs-wait-release=18 cs-wait=11 cs-walk-gap-large=3 cs-walk-gap-small=54 cs-walk-inrange=16 cs-walk-into-pack=33 cs-walk=73 cs-watchdog-step=6 cw-push-cs-step=1 cw-push=214 deny-act-atk=13 deny-act-walk=8 deny-act=21 deny-cand-doomed=10 deny-cand-tanky=75 dw-active=1 dw-fwd=1 fight-hp-behind=7 fwd-at-position=5 fwd-hold=1 fwd-position=1 fwd-suppressed-creep=5 fwd-suppressed-cs=1 fwd-suppressed-empty=2 fwd-suppressed-hero=1 fwd-suppressed-motor=13 fwd-suppressed-recovery=2 fwd-suppressed-tower=6 fwd-suppressed-visual=4 fwd-suppressed-watchdog=1 heal-item=1 hero-contact-atk=25 hero-contact-chase=7 hero-over-creep=24 hero-pass-atk=19 hero-pass-chase=7 hero-prio-always=17 hero-prio-chase-hold=11 hero-prio-chase=32 idle=5 kill-lock-atk=1 kill-priority=9 killwin-atk=1 killwin-scan=887 lane-line-fallback=40 lane-line-suppressed-creep-dmg=1 lane-line-suppressed-creep=4 lane-line-suppressed-empty=2 lane-line-suppressed-heal=7 lane-line-suppressed-lowhp=3 lane-line-suppressed-motor=7 last-hit-urgent=51 melee-pack-release=14 melee-pack-space=14 own-ranged-stepback=2 pre-aig=11 precreep-anchor=17 precreep-close=3 precreep-contact=5 precreep-hold=2 precreep-park-hold=13 precreep-park=157 precreep-space=2 prewave-duel-trade=77 prewave-duel-uphill-back=15 recover-safe=12 recover-xp=6 recovery-buy=3 recovery-enemy-near=321 recovery-flask=3 recovery-regen=4 recovery-tango=2 regen-walk=14 siege-commit-tower=1 siege-wave-step=1 uphill-reposition=3 uphill-void-under-fire=5 vendor-heal-suppressed-faerie_fire=1 vendor-heal-suppressed-flask=2 vendor-heal-suppressed-tango=6 visual-hold-creep-step=2 visual-hold-creep=8 visual-hold-lane=2 wave-watch-atk=8 wave-watch-no-wave=9 wave-watch-step=2 wave-watch=11'
08/31 17:24:59 [Localization System] CLocalize::FindSafe failed to localize: 'AIB[R] blocked=ability-harass reason=nothing_castable'
08/31 17:24:59 [Localization System] CLocalize::FindSafe failed to localize: 'AIB[R] intent=lane-line-episode family=other dist=238 fwd=0.65'
08/31 17:24:59 [Localization System] CLocalize::FindSafe failed to localize: 'AIB[R] intent=top-arbiter family=state winner=lane-line:18 losers=hero-over-creep:52,idle-heal:46,emergency-retreat:45,fwd-pullback:44,emergency-kill:43.5'
08/31 17:25:00 [Localization System] CLocalize::FindSafe failed to localize: 'AIB[R] blocked=uphill-repo reason=motor_busy'
08/31 17:25:00 [Localization System] CLocalize::FindSafe failed to localize: 'AIB[R] intent=tick-owner family=other stage=desire/anti-idle reason=ready score=2 band=idle'
08/31 17:25:02 [Localization System] CLocalize::FindSafe failed to localize: 'AIB[R] intent=damage-by-source family=other creep=109 tower=0 hero=1546 mixed=48 death=211 other=0 stale=132 gaps=2 tower_any=0'
08/31 17:25:02 [Localization System] CLocalize::FindSafe failed to localize: 'AIB[R] intent=tick-owner family=other stage=death-window'
08/31 17:25:03 [Localization System] CLocalize::FindSafe failed to localize: 'AIB[R] t=216s hp=82% gold=367 loc=-358,-343 lh=12 dn=2 dg=+8 dlh=+0 bottle=-1 lvl=4 front=7078 ehp=-1'
08/31 17:25:04 [Localization System] CLocalize::FindSafe failed to localize: 'AIB[D] blocked=buy-loop reason=saving target=item_power_treads head=item_boots cost=500 gold=91 left=3'
08/31 17:25:04 [Localization System] CLocalize::FindSafe failed to localize: 'AIB[R] intent=tick-owner family=other stage=death-window'
08/31 17:25:06 [Localization System] CLocalize::FindSafe failed to localize: 'AIB[R] blocked=hero-over-creep reason=no_target'
08/31 17:25:06 [Localization System] CLocalize::FindSafe failed to localize: 'AIB[R] blocked=emergency-kill reason=no_target'
08/31 17:25:06 [Localization System] CLocalize::FindSafe failed to localize: 'AIB[R] blocked=uphill-repo reason=no_reposition'
08/31 17:25:06 [Localization System] CLocalize::FindSafe failed to localize: 'AIB[R] blocked=harass reason=no_target'
08/31 17:25:06 [Localization System] CLocalize::FindSafe failed to localize: 'AIB[R] blocked=ability-harass reason=nothing_castable'
08/31 17:25:06 [Localization System] CLocalize::FindSafe failed to localize: 'AIB[R] intent=top-arbiter family=state winner=fwd-position:22 losers=hero-over-creep:52,idle-heal:46,emergency-retreat:45,fwd-pullback:44,emergency-kill:43.5'
08/31 17:25:06 [Localization System] CLocalize::FindSafe failed to localize: 'AIB[R] blocked=uphill-repo reason=motor_busy'
08/31 17:25:07 [Localization System] CLocalize::FindSafe failed to localize: 'AIB[R] intent=lane-line-episode family=other dist=1197 fwd=0.50'
08/31 17:25:07 [Localization System] CLocalize::FindSafe failed to localize: 'AIB[R] intent=top-arbiter family=state winner=lane-line:18 losers=hero-over-creep:52,idle-heal:46,emergency-retreat:45,fwd-pullback:44,emergency-kill:43.5'
08/31 17:25:07 [Localization System] CLocalize::FindSafe failed to localize: 'AIB[R] intent=tick-owner family=other stage=desire/lane-line reason=ready score=18 band=position'
08/31 17:25:08 [Localization System] CLocalize::FindSafe failed to localize: 'AIB[R] t=221s hp=84% gold=375 loc=-1291,-1009 lh=12 dn=2 dg=+8 dlh=+0 bottle=-1 lvl=4 front=7078 ehp=-1'
08/31 17:25:09 [Localization System] CLocalize::FindSafe failed to localize: 'AIB[R] blocked=hero-over-creep reason=no_target'
08/31 17:25:09 [Localization System] CLocalize::FindSafe failed to localize: 'AIB[R] blocked=emergency-kill reason=no_target'
08/31 17:25:09 [Localization System] CLocalize::FindSafe failed to localize: 'AIB[R] blocked=harass reason=no_target'
08/31 17:25:09 [Localization System] CLocalize::FindSafe failed to localize: 'AIB[R] blocked=ability-harass reason=nothing_castable'
08/31 17:25:09 [Localization System] CLocalize::FindSafe failed to localize: 'AIB[R] intent=top-arbiter family=state winner=lane-line:18 losers=hero-over-creep:52,idle-heal:46,emergency-retreat:45,fwd-pullback:44,emergency-kill:43.5'
08/31 17:25:09 [Localization System] CLocalize::FindSafe failed to localize: 'AIB[R] blocked=uphill-repo reason=motor_busy'
08/31 17:25:09 [Localization System] CLocalize::FindSafe failed to localize: 'AIB[R] intent=tick-owner family=other stage=desire/lane-line reason=ready score=18 band=position'
08/31 17:25:10 [Localization System] CLocalize::FindSafe failed to localize: 'AIB[R] intent=top-arbiter family=state winner=lane-line:18 losers=hero-over-creep:52,idle-heal:46,emergency-retreat:45,fwd-pullback:44,emergency-kill:43.5'
08/31 17:25:11 [Localization System] CLocalize::FindSafe failed to localize: 'AIB[R] intent=lane-line-episode family=other dist=799 fwd=0.14'
08/31 17:25:11 [Localization System] CLocalize::FindSafe failed to localize: 'AIB[R] intent=tick-owner family=other stage=desire/lane-line reason=ready score=18 band=position'
08/31 17:25:12 [Localization System] CLocalize::FindSafe failed to localize: 'AIB[D] blocked=buy-loop reason=saving target=item_power_treads head=item_boots cost=500 gold=103 left=3'
08/31 17:25:12 [Localization System] CLocalize::FindSafe failed to localize: 'AIB[R] blocked=hero-over-creep reason=no_target'
08/31 17:25:12 [Localization System] CLocalize::FindSafe failed to localize: 'AIB[R] blocked=emergency-kill reason=no_target'
08/31 17:25:12 [Localization System] CLocalize::FindSafe failed to localize: 'AIB[R] blocked=uphill-repo reason=motor_busy'
08/31 17:25:12 [Localization System] CLocalize::FindSafe failed to localize: 'AIB[R] blocked=harass reason=no_target'
08/31 17:25:12 [Localization System] CLocalize::FindSafe failed to localize: 'AIB[R] blocked=ability-harass reason=nothing_castable'
08/31 17:25:12 [Localization System] CLocalize::FindSafe failed to localize: 'AIB[R] intent=top-arbiter family=state winner=anti-idle:2 losers=hero-over-creep:52,idle-heal:46,emergency-retreat:45,fwd-pullback:44,emergency-kill:43.5'
08/31 17:25:13 [Localization System] CLocalize::FindSafe failed to localize: 'AIB[R] t=227s hp=87% gold=382 loc=-968,-806 lh=12 dn=2 dg=+7 dlh=+0 bottle=-1 lvl=4 front=7615 ehp=-1'
08/31 17:25:13 [Localization System] CLocalize::FindSafe failed to localize: 'AIB[R] intent=tick-owner family=other stage=desire/lane-line reason=ready score=18 band=position'
08/31 17:25:14 [Localization System] CLocalize::FindSafe failed to localize: 'AIB[R] intent=top-arbiter family=state winner=lane-line:18 losers=hero-over-creep:52,idle-heal:46,emergency-retreat:45,fwd-pullback:44,emergency-kill:43.5'
08/31 17:25:14 [Localization System] CLocalize::FindSafe failed to localize: 'AIB[R] intent=lane-line-episode family=other dist=267 fwd=0.47'
08/31 17:25:15 [Localization System] CLocalize::FindSafe failed to localize: 'AIB[R] intent=own-ranged-lead family=other lead=403 count=3'
08/31 17:25:15 [Localization System] CLocalize::FindSafe failed to localize: 'AIB[R] blocked=hero-over-creep reason=no_target'
08/31 17:25:15 [Localization System] CLocalize::FindSafe failed to localize: 'AIB[R] blocked=emergency-kill reason=no_target'
08/31 17:25:15 [Localization System] CLocalize::FindSafe failed to localize: 'AIB[R] blocked=uphill-repo reason=motor_busy'
08/31 17:25:15 [Localization System] CLocalize::FindSafe failed to localize: 'AIB[R] intent=top-arbiter family=state winner=ranged-spacing:41 losers=hero-over-creep:52,idle-heal:46,emergency-retreat:45,fwd-pullback:44,emergency-kill:43.5'
08/31 17:25:16 [Localization System] CLocalize::FindSafe failed to localize: 'AIB[R] blocked=uphill-repo reason=no_reposition'
08/31 17:25:16 [Localization System] CLocalize::FindSafe failed to localize: 'AIB[R] blocked=harass reason=no_target'
08/31 17:25:16 Sending CMsgConnectedPlayers for reason KILLS.  Last send was 61.0s ago, urgency is 60.0s
08/31 17:25:16 game_state: DOTA_GAMERULES_STATE_GAME_IN_PROGRESS
first_blood_happened: true
send_reason: KILLS
radiant_kills: 1
dire_kills: 1
radiant_lead: -103
building_state: 4784201

08/31 17:25:16 [GCClient] Send msg 7034 (k_EMsgGCConnectedPlayers), 34 bytes
08/31 17:25:16 [Localization System] CLocalize::FindSafe failed to localize: 'AIB[R] intent=tick-owner family=other stage=laning-core'
08/31 17:25:16 [GCClient] Recv msg 26 (k_ESOMsg_UpdateMultiple), 337 bytes
08/31 17:25:17 [Localization System] CLocalize::FindSafe failed to localize: 'AIB[R] intent=melee-pack-space family=safety count=3 dist=130'
08/31 17:25:17 [Localization System] CLocalize::FindSafe failed to localize: 'AIB[R] intent=top-arbiter family=state winner=ranged-spacing:41 losers=hero-over-creep:52,idle-heal:46,emergency-retreat:45,fwd-pullback:44,emergency-kill:43.5'
08/31 17:25:17 [Localization System] CLocalize::FindSafe failed to localize: 'AIB[R] intent=cs-watchdog family=farm lh=12 idle=18 creep_hp=300 dist=721'
08/31 17:25:17 [Localization System] CLocalize::FindSafe failed to localize: 'AIB[R] intent=damage-by-source family=other creep=109 tower=0 hero=1546 mixed=48 death=211 other=0 stale=132 gaps=2 tower_any=0'
08/31 17:25:18 [Localization System] CLocalize::FindSafe failed to localize: 'AIB[R] t=232s hp=89% gold=390 loc=-811,-666 lh=12 dn=2 dg=+8 dlh=+0 bottle=-1 lvl=4 front=8466 ehp=-1'
08/31 17:25:18 [Localization System] CLocalize::FindSafe failed to localize: 'AIB[R] blocked=hero-over-creep reason=no_target'
08/31 17:25:18 [Localization System] CLocalize::FindSafe failed to localize: 'AIB[R] blocked=emergency-kill reason=no_target'
08/31 17:25:18 [Localization System] CLocalize::FindSafe failed to localize: 'AIB[R] intent=top-arbiter family=state winner=creep-work:38.6 losers=hero-over-creep:52,idle-heal:46,emergency-retreat:45,fwd-pullback:44,emergency-kill:43.5'
08/31 17:25:18 [Localization System] CLocalize::FindSafe failed to localize: 'AIB[R] intent=tick-owner family=other stage=laning-core'
08/31 17:25:19 [Localization System] CLocalize::FindSafe failed to localize: 'AIB[R] blocked=uphill-repo reason=no_reposition'
08/31 17:25:19 [Localization System] CLocalize::FindSafe failed to localize: 'AIB[R] blocked=harass reason=no_target'
08/31 17:25:19 [Localization System] CLocalize::FindSafe failed to localize: 'AIB[R] blocked=cs-walk reason=melee_pack_refuse dist=516'
08/31 17:25:19 [Localization System] CLocalize::FindSafe failed to localize: 'AIB[R] blocked=ability-harass reason=nothing_castable'
08/31 17:25:19 [Localization System] CLocalize::FindSafe failed to localize: 'AIB[R] blocked=uphill-repo reason=motor_busy'
08/31 17:25:20 [Localization System] CLocalize::FindSafe failed to localize: 'AIB[D] blocked=buy-loop reason=saving target=item_power_treads head=item_boots cost=500 gold=115 left=3'
08/31 17:25:20 [Localization System] CLocalize::FindSafe failed to localize: 'AIB[R] intent=state-desire-last-hit family=farm dist=516 reason=killable_creep score=140'
08/31 17:25:20 [Localization System] CLocalize::FindSafe failed to localize: 'AIB[R] intent=top-arbiter family=state winner=last-hit:158 losers=hero-over-creep:52,cs-inrange:50,idle-heal:46,emergency-retreat:45,fwd-pullback:44'
08/31 17:25:20 [Localization System] CLocalize::FindSafe failed to localize: 'AIB[R] intent=cs-watchdog family=farm lh=12 idle=21 creep_hp=69 dist=516'
08/31 17:25:20 [Localization System] CLocalize::FindSafe failed to localize: 'AIB[R] intent=tick-owner family=other stage=laning-core'
08/31 17:25:21 [Localization System] CLocalize::FindSafe failed to localize: 'AIB[R] blocked=hero-over-creep reason=no_target'
08/31 17:25:21 [Localization System] CLocalize::FindSafe failed to localize: 'AIB[R] blocked=emergency-kill reason=no_target'
08/31 17:25:21 [Localization System] CLocalize::FindSafe failed to localize: 'AIB[R] intent=top-arbiter family=state winner=creep-work:38.6 losers=hero-over-creep:52,idle-heal:46,emergency-retreat:45,fwd-pullback:44,emergency-kill:43.5'
08/31 17:25:22 [Localization System] CLocalize::FindSafe failed to localize: 'AIB[R] blocked=uphill-repo reason=no_reposition'
08/31 17:25:22 [Localization System] CLocalize::FindSafe failed to localize: 'AIB[D] anti-afk-no-chase=1 anti-idle-enter=13 anti-idle-lane=8 anti-idle-lowhp-back=2 bottle-heal=1 channel-interrupt-atk=19 channel-interrupt-chase=33 creep-aggro-back=6 creep-aggro-hero-yield=8 creep-dmg=5 creep-hit-react-aggro-step=1 creep-hit-react-atk=20 creep-hit-react-step=8 cs-wait-release=24 cs-wait=15 cs-walk-gap-large=5 cs-walk-gap-small=2 cs-walk=7 cs-watchdog-atk=1 cs-watchdog-step=6 deny-act-atk=41 deny-act-walk=10 deny-act=51 deny-cand-doomed=32 deny-cand-tanky=169 dw-active=6 dw-farm=57 dw-fwd=3 fight-hp-behind=8 fwd-at-position=4 fwd-suppressed-creep=19 fwd-suppressed-cs=1 fwd-suppressed-damage=1 fwd-suppressed-empty=1 fwd-suppressed-hero=8 fwd-suppressed-lowhp=2 fwd-suppressed-motor=9 fwd-suppressed-tower=2 fwd-suppressed-visual=4 harass-seek=7 heal-item=2 hero-contact-atk=20 hero-contact-chase=3 hero-over-creep=11 hero-pass-atk=10 hero-pass-chase=2 idle=6 kill-lock-atk=2 kill-priority=3 killwin-atk=16 killwin-scan=995 lane-line-fallback=49 lane-line-suppressed-creep-dmg=5 lane-line-suppressed-creep=9 lane-line-suppressed-damage=2 lane-line-suppressed-empty=8 lane-line-suppressed-heal=6 lane-line-suppressed-lowhp=4 lane-line-suppressed-motor=3 last-hit-urgent=55 low-hp-limit=4 melee-pack-release=15 melee-pack-space=12 own-ranged-stepback=4 pre-aig=13 precreep-anchor=18 precreep-hold=2 precreep-park-hold=12 precreep-park=188 precreep-space=3 prewave-defend=2 prewave-free-hit=80 recover-xp=6 recovery-bottle-active=1 recovery-buy=4 recovery-enemy-near=347 recovery-flask=2 recovery-regen=2 recovery-tango=1 regen-walk=4 siege-commit-tower=4 siege-step=1 tango-heal=1 uphill-reposition=3 uphill-void-under-fire=6 vendor-heal-suppressed-bottle=1 vendor-heal-suppressed-clarity=2 vendor-heal-suppressed-faerie_fire=1 vendor-heal-suppressed-flask=3 vendor-heal-suppressed-magic_wand=1 vendor-heal-suppressed-tango=5 visual-hold-creep=36 visual-hold-hard-creep=1 visual-hold-hero-step=1 visual-hold-hero=2 visual-hold-lane=3 wave-watch-atk=10 wave-watch-no-wave=9 wave-watch-step=1 wave-watch=20'
08/31 17:25:22 [Server] PR:IncrementIdleTime 6:[I:0:0] 24.37
08/31 17:25:22 CGameParticleManager::SetParticleControlEnt: Unable to lookup attachment "attach_fx" on model "models/heroes/shadow_fiend/shadow_fiend.vmdl" for entity "npc_dota_hero_nevermore"
08/31 17:25:22 [Localization System] CLocalize::FindSafe failed to localize: 'AIB[R] blocked=harass reason=no_target'
08/31 17:25:22 [Localization System] CLocalize::FindSafe failed to localize: 'AIB[R] intent=tick-owner family=other stage=laning-core'
08/31 17:25:23 [Localization System] CLocalize::FindSafe failed to localize: 'AIB[R] intent=top-arbiter family=state winner=creep-work:38.6 losers=hero-over-creep:52,idle-heal:46,emergency-retreat:45,fwd-pullback:44,emergency-kill:43.5'
08/31 17:25:23 [Localization System] CLocalize::FindSafe failed to localize: 'AIB[R] t=237s hp=92% gold=83 loc=-942,-752 lh=13 dn=2 dg=-307 dlh=+1 bottle=3 lvl=4 front=8558 ehp=-1'
08/31 17:25:24 [Localization System] CLocalize::FindSafe failed to localize: 'AIB[R] intent=state-desire-last-hit family=farm dist=454 reason=killable_creep score=140'
08/31 17:25:24 [Localization System] CLocalize::FindSafe failed to localize: 'AIB[R] intent=top-arbiter family=state winner=last-hit:158 losers=hero-over-creep:52,cs-inrange:50,idle-heal:46,emergency-retreat:45,fwd-pullback:44'
08/31 17:25:24 [Localization System] CLocalize::FindSafe failed to localize: 'AIB[R] intent=tick-owner family=other stage=laning-core'
08/31 17:25:25 [Localization System] CLocalize::FindSafe failed to localize: 'AIB[R] blocked=hero-over-creep reason=no_target'
08/31 17:25:25 [Localization System] CLocalize::FindSafe failed to localize: 'AIB[R] blocked=emergency-kill reason=no_target'
08/31 17:25:25 [Localization System] CLocalize::FindSafe failed to localize: 'AIB[R] blocked=uphill-repo reason=no_reposition'
08/31 17:25:25 [Localization System] CLocalize::FindSafe failed to localize: 'AIB[R] blocked=cs-walk reason=melee_pack_refuse dist=526'
08/31 17:25:25 [Localization System] CLocalize::FindSafe failed to localize: 'AIB[R] blocked=ability-harass reason=nothing_castable'
08/31 17:25:25 [Localization System] CLocalize::FindSafe failed to localize: 'AIB[R] blocked=visual-hold reason=creep_in_range held=5.9 hp=93 repeat=5 hard=true'
08/31 17:25:25 [Localization System] CLocalize::FindSafe failed to localize: 'AIB[R] blocked=uphill-repo reason=motor_busy'
08/31 17:25:25 [Localization System] CLocalize::FindSafe failed to localize: 'AIB[R] blocked=harass reason=no_target'
08/31 17:25:25 [Localization System] CLocalize::FindSafe failed to localize: 'invalid index'
08/31 17:25:25 [Localization System] CLocalize::FindSafe failed to localize: 'AIB[D] t=239s hp=100% gold=124 loc=682,796 lh=13 dn=8 dg=+62 dlh=+1 bottle=3 lvl=5 front=10145 ehp=-1'
08/31 17:25:25 [Localization System] CLocalize::FindSafe failed to localize: 'AIB[D] intent=damage-by-source family=other creep=450 tower=0 hero=1220 mixed=206 death=0 other=183 stale=41 gaps=1 tower_any=0'
08/31 17:25:25 [Localization System] CLocalize::FindSafe failed to localize: 'AIB[D] blocked=hero-over-creep reason=no_target'
08/31 17:25:25 [Localization System] CLocalize::FindSafe failed to localize: 'AIB[D] blocked=emergency-kill reason=no_target'
08/31 17:25:25 [Localization System] CLocalize::FindSafe failed to localize: 'AIB[D] blocked=uphill-repo reason=no_reposition'
08/31 17:25:25 [Localization System] CLocalize::FindSafe failed to localize: 'AIB[D] blocked=harass reason=no_target'
08/31 17:25:25 [Localization System] CLocalize::FindSafe failed to localize: 'AIB[D] blocked=ability-harass reason=nothing_castable'
08/31 17:25:25 [Localization System] CLocalize::FindSafe failed to localize: 'AIB[D] intent=top-arbiter family=state winner=fwd-position:22 losers=hero-over-creep:52,idle-heal:46,emergency-retreat:45,fwd-pullback:44,emergency-kill:43.5'
08/31 17:25:25 [Localization System] CLocalize::FindSafe failed to localize: 'AIB[D] intent=tick-owner family=other stage=desire/fwd-position reason=ready score=22 band=position'
08/31 17:25:25 [Localization System] CLocalize::FindSafe failed to localize: 'AIB[D] blocked=uphill-repo reason=motor_busy'
08/31 17:25:26 [Localization System] CLocalize::FindSafe failed to localize: 'AIB[R] intent=top-arbiter family=state winner=creep-work:38.6 losers=hero-over-creep:52,idle-heal:46,emergency-retreat:45,fwd-pullback:44,emergency-kill:43.5'
08/31 17:25:26 [Localization System] CLocalize::FindSafe failed to localize: 'AIB[R] intent=tick-owner family=other stage=laning-core'
08/31 17:25:27 [Localization System] CLocalize::FindSafe failed to localize: 'AIB[D] blocked=buy-tp reason=recent_tp since=5'
08/31 17:25:27 [Localization System] CLocalize::FindSafe failed to localize: 'AIB[R] blocked=buy-tp reason=recent_tp since=53'
08/31 17:25:27 [Localization System] CLocalize::FindSafe failed to localize: 'AIB[R] intent=rune-ground-truth family=rune id=0 status=1 t=240'
08/31 17:25:27 [Localization System] CLocalize::FindSafe failed to localize: 'AIB[R] intent=rune-ground-truth family=rune id=1 status=1 t=240'
08/31 17:25:27 [Localization System] CLocalize::FindSafe failed to localize: 'AIB[D] intent=rune-ground-truth family=rune id=0 status=1 t=240'
08/31 17:25:27 [Localization System] CLocalize::FindSafe failed to localize: 'AIB[D] intent=lane-line-episode family=other dist=1338 fwd=0.51'
08/31 17:25:27 [Localization System] CLocalize::FindSafe failed to localize: 'AIB[D] intent=top-arbiter family=state winner=lane-line:18 losers=hero-over-creep:52,idle-heal:46,emergency-retreat:45,fwd-pullback:44,emergency-kill:43.5'
08/31 17:25:27 [Localization System] CLocalize::FindSafe failed to localize: 'AIB[D] intent=tick-owner family=other stage=laning-core'
08/31 17:25:27 [Localization System] CLocalize::FindSafe failed to localize: 'AIB[R] intent=top-arbiter family=state winner=creep-work:38.6 losers=hero-over-creep:52,idle-heal:46,emergency-retreat:45,fwd-pullback:44,emergency-kill:43.5'
08/31 17:25:28 [Localization System] CLocalize::FindSafe failed to localize: 'AIB[D] blocked=buy-loop reason=saving target=item_power_treads head=item_boots cost=500 gold=127 left=3'
08/31 17:25:28 [Localization System] CLocalize::FindSafe failed to localize: 'AIB[R] blocked=hero-over-creep reason=no_target'
08/31 17:25:28 [Localization System] CLocalize::FindSafe failed to localize: 'AIB[R] blocked=emergency-kill reason=no_target'
08/31 17:25:28 [Localization System] CLocalize::FindSafe failed to localize: 'AIB[R] blocked=uphill-repo reason=no_reposition'
08/31 17:25:28 [Localization System] CLocalize::FindSafe failed to localize: 'AIB[R] intent=cs-watchdog family=farm lh=14 idle=29 creep_hp=36 dist=604'
08/31 17:25:28 [Localization System] CLocalize::FindSafe failed to localize: 'AIB[R] t=242s hp=95% gold=128 loc=-963,-834 enemy-dist=1521 lh=14 dn=2 dg=+45 dlh=+1 bottle=3 lvl=5 front=8558 ehp=100'
08/31 17:25:28 [Localization System] CLocalize::FindSafe failed to localize: 'AIB[R] blocked=harass reason=no_target'
08/31 17:25:28 [Localization System] CLocalize::FindSafe failed to localize: 'AIB[R] blocked=ability-harass reason=nothing_castable'
08/31 17:25:28 [Localization System] CLocalize::FindSafe failed to localize: 'AIB[R] intent=lane-line-episode family=other dist=987 fwd=0.62'
08/31 17:25:28 [Localization System] CLocalize::FindSafe failed to localize: 'AIB[D] blocked=hero-over-creep reason=no_target'
08/31 17:25:28 [Localization System] CLocalize::FindSafe failed to localize: 'AIB[D] blocked=emergency-kill reason=no_target'
08/31 17:25:28 [Localization System] CLocalize::FindSafe failed to localize: 'AIB[D] blocked=harass reason=no_target'
08/31 17:25:28 [Localization System] CLocalize::FindSafe failed to localize: 'AIB[D] blocked=ability-harass reason=nothing_castable'
08/31 17:25:28 [Localization System] CLocalize::FindSafe failed to localize: 'AIB[D] intent=top-arbiter family=state winner=lane-line:18 losers=hero-over-creep:52,idle-heal:46,emergency-retreat:45,fwd-pullback:44,emergency-kill:43.5'
08/31 17:25:28 [Localization System] CLocalize::FindSafe failed to localize: 'AIB[R] blocked=uphill-repo reason=motor_busy'
08/31 17:25:28 [Localization System] CLocalize::FindSafe failed to localize: 'AIB[R] blocked=hero-prio-chase reason=lane_work dist=1409 cs=false creep=true hp_adv=false kill_pressure=false close=false low_farm=false lane_override=false'
08/31 17:25:28 [Localization System] CLocalize::FindSafe failed to localize: 'AIB[D] blocked=uphill-repo reason=motor_busy'
08/31 17:25:28 [Localization System] CLocalize::FindSafe failed to localize: 'AIB[R] intent=tick-owner family=other stage=laning-core'
08/31 17:25:29 [Localization System] CLocalize::FindSafe failed to localize: 'AIB[D] intent=rune-ground-truth family=rune id=0 status=2 t=242'
08/31 17:25:29 [Localization System] CLocalize::FindSafe failed to localize: 'AIB[R] intent=top-arbiter family=state winner=lane-line:18 losers=hero-over-creep:52,idle-heal:46,emergency-retreat:45,fwd-pullback:44,emergency-kill:43.5'
08/31 17:25:29 [Localization System] CLocalize::FindSafe failed to localize: 'AIB[R] intent=rune-ground-truth family=rune id=0 status=2 t=243'
08/31 17:25:29 [Localization System] CLocalize::FindSafe failed to localize: 'AIB[D] blocked=fight reason=concede_post_death hp=100'
08/31 17:25:29 [Localization System] CLocalize::FindSafe failed to localize: 'AIB[D] intent=tick-owner family=other stage=laning-core'
08/31 17:25:29 [Localization System] CLocalize::FindSafe failed to localize: 'AIB[D] intent=recovery-plan family=recover action=buy_flask reason=critical hp=100 gold=130 count=1'
08/31 17:25:30 [Localization System] CLocalize::FindSafe failed to localize: 'AIB[D] intent=top-arbiter family=state winner=creep-work:38.8 losers=hero-over-creep:52,idle-heal:46,emergency-retreat:45,fwd-pullback:44,emergency-kill:43.5'
08/31 17:25:30 [Localization System] CLocalize::FindSafe failed to localize: 'AIB[R] intent=rune-ground-truth family=rune id=1 status=2 t=243'
08/31 17:25:30 [Localization System] CLocalize::FindSafe failed to localize: 'AIB[D] blocked=uphill-repo reason=not_trading'
08/31 17:25:30 [Localization System] CLocalize::FindSafe failed to localize: 'AIB[D] intent=melee-pack-space family=safety count=2 dist=122'
08/31 17:25:30 [Localization System] CLocalize::FindSafe failed to localize: 'AIB[D] t=244s hp=100% gold=31 loc=-70,32 enemy-dist=752 lh=13 dn=8 dg=-93 dlh=+0 bottle=3 lvl=5 front=9745 ehp=96'
08/31 17:25:31 [Localization System] CLocalize::FindSafe failed to localize: 'AIB[R] intent=top-arbiter family=state winner=creep-work:38.6 losers=hero-over-creep:52,idle-heal:46,emergency-retreat:45,fwd-pullback:44,emergency-kill:43.5'
08/31 17:25:31 [Localization System] CLocalize::FindSafe failed to localize: 'AIB[R] intent=tick-owner family=other stage=laning-core'
08/31 17:25:31 [Localization System] CLocalize::FindSafe failed to localize: 'AIB[D] intent=state-desire-last-hit family=farm dist=397 reason=killable_creep score=140'
08/31 17:25:31 [Localization System] CLocalize::FindSafe failed to localize: 'AIB[R] blocked=hero-over-creep reason=no_target'
08/31 17:25:31 [Localization System] CLocalize::FindSafe failed to localize: 'AIB[R] intent=recovery-plan family=recover action=buy_flask reason=critical hp=96 gold=132 count=1'
08/31 17:25:31 [Localization System] CLocalize::FindSafe failed to localize: 'AIB[R] blocked=emergency-kill reason=no_target'
08/31 17:25:31 [Localization System] CLocalize::FindSafe failed to localize: 'AIB[R] blocked=uphill-repo reason=no_reposition'
08/31 17:25:31 [Localization System] CLocalize::FindSafe failed to localize: 'AIB[D] intent=top-arbiter family=state winner=last-hit:158 losers=hero-over-creep:52,cs-inrange:50,idle-heal:46,emergency-retreat:45,fwd-pullback:44'
08/31 17:25:31 [Localization System] CLocalize::FindSafe failed to localize: 'AIB[D] intent=tick-owner family=other stage=laning-core'
08/31 17:25:31 [Localization System] CLocalize::FindSafe failed to localize: 'AIB[R] blocked=uphill-repo reason=motor_busy'
08/31 17:25:32 [Localization System] CLocalize::FindSafe failed to localize: 'AIB[R] intent=state-desire-last-hit family=farm dist=455 reason=killable_creep score=140'
08/31 17:25:32 [Localization System] CLocalize::FindSafe failed to localize: 'AIB[D] blocked=fight-candidate reason=no_action_capped hp=100 score=40 cause=seen_unreachable'
08/31 17:25:32 [Server] Game code (account 0) tried to execute invalid order (19). Target NPC is dead.
08/31 17:25:32 [Localization System] CLocalize::FindSafe failed to localize: 'AIB[D] blocked=hero-over-creep reason=no_target'
08/31 17:25:32 [Localization System] CLocalize::FindSafe failed to localize: 'AIB[D] blocked=emergency-kill reason=no_target'
08/31 17:25:32 [Localization System] CLocalize::FindSafe failed to localize: 'AIB[D] blocked=uphill-repo reason=no_reposition'
08/31 17:25:32 [Localization System] CLocalize::FindSafe failed to localize: 'AIB[D] blocked=harass reason=no_target'
08/31 17:25:32 [Localization System] CLocalize::FindSafe failed to localize: 'AIB[D] blocked=cs-walk reason=melee_pack_refuse dist=707'
08/31 17:25:32 [Localization System] CLocalize::FindSafe failed to localize: 'AIB[D] blocked=ability-harass reason=nothing_castable'
08/31 17:25:32 [Localization System] CLocalize::FindSafe failed to localize: 'AIB[D] blocked=visual-hold reason=creep_in_range held=2.9 hp=76 repeat=5 hard=true'
08/31 17:25:32 [Localization System] CLocalize::FindSafe failed to localize: 'AIB[R] intent=top-arbiter family=state winner=harass:40 losers=hero-over-creep:52,idle-heal:46,emergency-retreat:45,fwd-pullback:44,emergency-kill:43.5'
08/31 17:25:32 [Localization System] CLocalize::FindSafe failed to localize: 'AIB[D] blocked=fight reason=concede_post_death hp=77'
08/31 17:25:32 [Localization System] CLocalize::FindSafe failed to localize: 'AIB[D] blocked=uphill-repo reason=motor_busy'
08/31 17:25:32 [Localization System] CLocalize::FindSafe failed to localize: 'AIB[R] intent=damage-by-source family=other creep=109 tower=0 hero=1546 mixed=48 death=211 other=185 stale=132 gaps=2 tower_any=0'
08/31 17:25:32 [Localization System] CLocalize::FindSafe failed to localize: 'AIB[R] intent=state-desire-fight family=state base=78 range=18 dist=620 hp=73 ehp=77 reason=enemy_seen score=96'
08/31 17:25:32 [Localization System] CLocalize::FindSafe failed to localize: 'AIB[R] blocked=ability-pressure reason=nothing_castable'
08/31 17:25:32 [Localization System] CLocalize::FindSafe failed to localize: 'AIB[R] intent=hero-contact family=fight dist=620 hp=73 reason=close_enemy'
08/31 17:25:32 [Localization System] CLocalize::FindSafe failed to localize: 'AIB[R] blocked=hero-contact reason=refractory since=0.13'
08/31 17:25:32 [Localization System] CLocalize::FindSafe failed to localize: 'AIB[R] intent=hero-pass family=fight dist=600 hp=73 reason=nearby_enemy'
08/31 17:25:33 [Localization System] CLocalize::FindSafe failed to localize: 'AIB[D] intent=state-desire-last-hit family=farm dist=495 hyst=18 reason=killable_creep score=158'
08/31 17:25:33 [Localization System] CLocalize::FindSafe failed to localize: 'AIB[R] blocked=top-arbiter reason=empty_action winner=fight score=114'
08/31 17:25:33 [Localization System] CLocalize::FindSafe failed to localize: 'AIB[R] intent=tick-owner family=other stage=laning-core'
08/31 17:25:33 [Localization System] CLocalize::FindSafe failed to localize: 'AIB[D] blocked=recover-candidate reason=no_action_capped hp=47 score=44 cause=hp_gate_no_action'
08/31 17:25:33 [Localization System] CLocalize::FindSafe failed to localize: 'AIB[D] intent=top-arbiter family=state winner=last-hit:158 losers=safe-cs:56,hero-over-creep:52,cs-inrange:50,idle-heal:46,emergency-retreat:45'
08/31 17:25:33 [Server] Game code (account 0) tried to execute invalid order (19). Target NPC is dead.
08/31 17:25:33 [Localization System] CLocalize::FindSafe failed to localize: 'AIB[D] intent=state-desire-safety family=state base=108 creep_dmg=8 hp=46 creep=true hero=true reason=recent_damage score=116'
08/31 17:25:33 [Localization System] CLocalize::FindSafe failed to localize: 'AIB[D] intent=creep-hit-react family=safety dist=132 hp=46 hits=1 reason=edge_attack'
08/31 17:25:33 [Localization System] CLocalize::FindSafe failed to localize: 'AIB[R] t=247s hp=44% gold=87 loc=-522,-391 enemy-dist=559 lh=15 dn=2 dg=-41 dlh=+1 bottle=3 lvl=5 front=8934 ehp=46'
08/31 17:25:33 [Localization System] CLocalize::FindSafe failed to localize: 'AIB[R] blocked=safety-candidate reason=no_action_capped hp=44 score=44 cause=symptom_no_action'
08/31 17:25:33 [Localization System] CLocalize::FindSafe failed to localize: 'AIB[R] blocked=recover-candidate reason=no_action_capped hp=44 score=44 cause=hp_gate_no_action'
08/31 17:25:33 [Localization System] CLocalize::FindSafe failed to localize: 'AIB[R] blocked=hero-pass reason=low_hp hp=44'
08/31 17:25:33 [Localization System] CLocalize::FindSafe failed to localize: 'AIB[D] blocked=safety-candidate reason=no_action_capped hp=46 score=44 cause=symptom_no_action'
08/31 17:25:33 [Localization System] CLocalize::FindSafe failed to localize: 'AIB[D] intent=tick-owner family=other stage=desire/hero-over-creep reason=ready score=52 band=lanework'
08/31 17:25:34 [Localization System] CLocalize::FindSafe failed to localize: 'AIB[D] intent=state-desire-recover family=state base=74 danger=28 creep_dmg=-14 hp=37 reason=hp_gate score=88'
08/31 17:25:34 [Localization System] CLocalize::FindSafe failed to localize: 'AIB[D] intent=recovery-policy family=recover action=recover hp=37 gate=55 source=lane-low'
08/31 17:25:34 [Localization System] CLocalize::FindSafe failed to localize: 'AIB[D] intent=state-recover-xp family=state ttl=2 reason=regen_lane hp=37 dist=926'
08/31 17:25:34 [Localization System] CLocalize::FindSafe failed to localize: 'AIB[R] intent=top-arbiter family=state winner=fight:116 losers=safe-cs:56,hero-over-creep:52,idle-heal:46,emergency-retreat:45,fwd-pullback:44'
08/31 17:25:34 [Localization System] CLocalize::FindSafe failed to localize: 'AIB[R] intent=state-desire-fight family=state base=78 range=18 execute=20 dist=588 hp=45 ehp=38 hyst=18 reason=enemy_seen score=134'
08/31 17:25:34 Script function 'CourierUsageThink' on bot npc_dota_hero_nevermore took 2.140ms
08/31 17:25:34 [Localization System] CLocalize::FindSafe failed to localize: 'AIB[R] blocked=hero-over-creep reason=no_target'
08/31 17:25:34 [Localization System] CLocalize::FindSafe failed to localize: 'AIB[R] blocked=emergency-kill reason=no_target'
08/31 17:25:34 [Localization System] CLocalize::FindSafe failed to localize: 'AIB[R] blocked=uphill-repo reason=no_reposition'
08/31 17:25:34 [Localization System] CLocalize::FindSafe failed to localize: 'AIB[R] blocked=harass reason=regen_wanted'
08/31 17:25:34 [Localization System] CLocalize::FindSafe failed to localize: 'AIB[R] blocked=ability-harass reason=nothing_castable'
08/31 17:25:34 [Localization System] CLocalize::FindSafe failed to localize: 'AIB[R] blocked=top-arbiter reason=empty_action winner=fight score=98'
08/31 17:25:34 [Localization System] CLocalize::FindSafe failed to localize: 'AIB[R] blocked=hero-contact reason=unsafe dist=737 hp=45 tower=false'
08/31 17:25:34 [Localization System] CLocalize::FindSafe failed to localize: 'AIB[D] intent=top-arbiter family=state winner=recover:106 losers=safe-cs:56,hero-over-creep:52,idle-heal:46,emergency-retreat:45,fwd-pullback:44'
08/31 17:25:35 [Localization System] CLocalize::FindSafe failed to localize: 'AIB[D] blocked=buy-tp reason=recent_tp since=13'
08/31 17:25:35 [Localization System] CLocalize::FindSafe failed to localize: 'AIB[D] blocked=fight-candidate reason=no_action_capped hp=36 score=40 cause=seen_unreachable'
08/31 17:25:35 [Localization System] CLocalize::FindSafe failed to localize: 'AIB[R] intent=tick-owner family=other stage=desire/idle-heal reason=ready score=46 band=lanework'
08/31 17:25:35 [Localization System] CLocalize::FindSafe failed to localize: 'AIB[D] intent=channel-interrupt family=fight dist=802 hp=36 kind=heal reason=enemy_heal'
08/31 17:25:35 [Localization System] CLocalize::FindSafe failed to localize: 'AIB[R] intent=kill-lock family=fight dist=700 ehp=28 hp=46 exec=false atk=true mutual=false reason=killable_enemy'
08/31 17:25:35 [Localization System] CLocalize::FindSafe failed to localize: 'AIB[D] blocked=channel-interrupt reason=unsafe dist=700 hp=28 kind=heal'
08/31 17:25:35 [Localization System] CLocalize::FindSafe failed to localize: 'AIB[D] t=249s hp=28% gold=128 loc=-131,177 enemy-dist=568 lh=15 dn=8 dg=+97 dlh=+2 bottle=3 lvl=5 front=8620 ehp=48'
08/31 17:25:35 [Localization System] CLocalize::FindSafe failed to localize: 'AIB[D] intent=rune-ground-truth family=rune id=0 status=1 t=249'
08/31 17:25:36 [Localization System] CLocalize::FindSafe failed to localize: 'AIB[D] blocked=buy-loop reason=saving target=item_power_treads head=item_boots cost=500 gold=128 left=3'
08/31 17:25:36 [Localization System] CLocalize::FindSafe failed to localize: 'AIB[D] intent=tick-owner family=other stage=laning-core'
08/31 17:25:36 [Localization System] CLocalize::FindSafe failed to localize: 'AIB[D] intent=recovery-policy family=recover action=recover hp=18 gate=22 source=emergency-low'
08/31 17:25:36 [Localization System] CLocalize::FindSafe failed to localize: 'AIB[D] intent=state-recover-safe family=state ttl=2 reason=regen_lane hp=18 dist=1327'
08/31 17:25:37 [Localization System] CLocalize::FindSafe failed to localize: 'AIB[D] intent=rune-ground-truth family=rune id=0 status=2 t=250'
08/31 17:25:38 [Localization System] CLocalize::FindSafe failed to localize: 'AIB[D] intent=tick-owner family=other stage=laning-core'
08/31 17:25:38 [Localization System] CLocalize::FindSafe failed to localize: 'AIB[R] intent=tick-owner family=other stage=urgent intent=kill-lock'
08/31 17:25:38 [Localization System] CLocalize::FindSafe failed to localize: 'AIB[R] intent=rune-ground-truth family=rune id=0 status=1 t=252'
08/31 17:25:38 [Localization System] CLocalize::FindSafe failed to localize: 'AIB[D] intent=recovery-policy family=recover action=recover hp=18 gate=22 source=emergency-low'
08/31 17:25:38 [Localization System] CLocalize::FindSafe failed to localize: 'AIB[R] t=252s hp=43% gold=34 loc=-225,8 enemy-dist=779 lh=15 dn=2 dg=-53 dlh=+0 bottle=2 lvl=5 front=9472 ehp=18'
08/31 17:25:39 [Localization System] CLocalize::FindSafe failed to localize: 'AIB[R] intent=arbiter family=urgent winner=kill-lock:125 losers=channel-interrupt:80'
08/31 17:25:39 [Localization System] CLocalize::FindSafe failed to localize: 'AIB[R] intent=rune-ground-truth family=rune id=0 status=2 t=253'
08/31 17:25:39 [Localization System] CLocalize::FindSafe failed to localize: 'AIB[R] blocked=kill-lock reason=tower dist=817 hp=44'
08/31 17:25:39 [Localization System] CLocalize::FindSafe failed to localize: 'AIB[R] blocked=channel-interrupt reason=unsafe dist=817 hp=44 kind=heal'
08/31 17:25:39 [Localization System] CLocalize::FindSafe failed to localize: 'AIB[R] intent=recovery-yield-kill family=fight dist=817 hp=44 ehp=21 exec=false atk=true mutual=false'
08/31 17:25:39 [Localization System] CLocalize::FindSafe failed to localize: 'AIB[R] blocked=recover-candidate reason=no_action_capped hp=44 score=44 cause=hp_gate_no_action'
08/31 17:25:39 [Localization System] CLocalize::FindSafe failed to localize: 'AIB[R] intent=state-desire-fight family=state base=78 hp_adv=8 execute=20 dist=817 hp=44 ehp=21 reason=enemy_seen score=106'
08/31 17:25:39 [Localization System] CLocalize::FindSafe failed to localize: 'AIB[R] blocked=ability-pressure reason=nothing_castable'
08/31 17:25:39 [Localization System] CLocalize::FindSafe failed to localize: 'AIB[R] blocked=top-arbiter reason=empty_action winner=fight score=106'
08/31 17:25:39 [Localization System] CLocalize::FindSafe failed to localize: 'AIB[R] intent=state-desire-siege family=siege base=66 push=12 enemy_dead=22 low_hp=-18 hp=44 reason=tower_window score=82'
08/31 17:25:39 [Localization System] CLocalize::FindSafe failed to localize: 'AIB[R] intent=state-siege-window family=siege ttl=2 wave=1 tower=739 hp=44 adv=true'
08/31 17:25:39 [Localization System] CLocalize::FindSafe failed to localize: 'AIB[R] intent=tower-opportunity family=siege result=step phase=default wave=1 tower=739'
08/31 17:25:39 [Localization System] CLocalize::FindSafe failed to localize: 'AIB[R] intent=top-arbiter family=state winner=siege:82 losers=fight:106,safe-cs:56,hero-over-creep:52,idle-heal:46,emergency-retreat:45'
08/31 17:25:40 [Localization System] CLocalize::FindSafe failed to localize: 'AIB[D] intent=state-recover-safe family=state ttl=2 reason=regen_lane hp=22 dist=431'
08/31 17:25:40 [Localization System] CLocalize::FindSafe failed to localize: 'AIB[D] intent=tick-owner family=other stage=laning-core'
08/31 17:25:40 [Localization System] CLocalize::FindSafe failed to localize: 'AIB[D] intent=recovery-plan family=recover action=water_rune reason=blocked hp=25 mana=73'
08/31 17:25:40 [Localization System] CLocalize::FindSafe failed to localize: 'AIB[R] intent=tick-owner family=other stage=laning-core'
08/31 17:25:40 [Localization System] CLocalize::FindSafe failed to localize: 'AIB[D] intent=damage-by-source family=other creep=495 tower=0 hero=1877 mixed=206 death=0 other=183 stale=41 gaps=1 tower_any=0'
08/31 17:25:40 [Localization System] CLocalize::FindSafe failed to localize: 'AIB[D] blocked=fountain-floor reason=heal_in_hand hp=25 flask=false inflight=nil'
08/31 17:25:40 [Localization System] CLocalize::FindSafe failed to localize: 'AIB[D] intent=recovery-owner family=recover band=soft threat=false mode=back hp=25'
08/31 17:25:40 [Localization System] CLocalize::FindSafe failed to localize: 'AIB[D] t=254s hp=26% gold=135 loc=758,935 enemy-dist=1049 lh=15 dn=8 dg=+7 dlh=+0 bottle=2 lvl=5 front=8620 ehp=44'
08/31 17:25:40 [Localization System] CLocalize::FindSafe failed to localize: 'AIB[D] intent=recovery-policy family=recover action=recover hp=26 gate=35 source=early-low'
08/31 17:25:41 [Localization System] CLocalize::FindSafe failed to localize: 'AIB[R] intent=state-desire-siege family=siege base=66 push=12 enemy_dead=22 low_hp=-18 hp=44 hyst=18 reason=tower_window score=100'
08/31 17:25:41 [Localization System] CLocalize::FindSafe failed to localize: 'AIB[R] intent=top-arbiter family=state winner=siege:100 losers=safe-cs:56,hero-over-creep:52,idle-heal:46,emergency-retreat:45,fwd-pullback:44'
08/31 17:25:42 [Localization System] CLocalize::FindSafe failed to localize: 'AIB[D] intent=tick-owner family=other stage=laning-core'
08/31 17:25:42 [Localization System] CLocalize::FindSafe failed to localize: 'AIB[D] blocked=recover-candidate reason=no_action_capped hp=36 score=44 cause=hp_gate_no_action'
08/31 17:25:42 [Localization System] CLocalize::FindSafe failed to localize: 'AIB[D] blocked=hero-over-creep reason=no_target'
08/31 17:25:42 [Localization System] CLocalize::FindSafe failed to localize: 'AIB[D] intent=top-arbiter family=state winner=idle-heal:46 losers=safe-cs:56,hero-over-creep:52,emergency-retreat:45,fwd-pullback:44,emergency-kill:43.5'
08/31 17:25:43 [Localization System] CLocalize::FindSafe failed to localize: 'AIB[D] blocked=buy-tp reason=recent_tp since=21'
08/31 17:25:43 [Localization System] CLocalize::FindSafe failed to localize: 'AIB[D] blocked=emergency-kill reason=disabled'
08/31 17:25:43 [Localization System] CLocalize::FindSafe failed to localize: 'AIB[D] blocked=uphill-repo reason=low_hp_hold'
08/31 17:25:43 [Localization System] CLocalize::FindSafe failed to localize: 'AIB[D] blocked=harass reason=own_heal_running'
08/31 17:25:43 [Localization System] CLocalize::FindSafe failed to localize: 'AIB[D] blocked=ability-harass reason=nothing_castable'
08/31 17:25:43 [Server] PR:IncrementIdleTime 6:[I:0:0] 2.00
08/31 17:25:43 [Localization System] CLocalize::FindSafe failed to localize: 'AIB[D] blocked=emergency-kill reason=no_target'
08/31 17:25:43 [Localization System] CLocalize::FindSafe failed to localize: 'AIB[D] blocked=recover-candidate reason=no_resources_behind_safe hp=42 score=44'
08/31 17:25:43 [Localization System] CLocalize::FindSafe failed to localize: 'AIB[D] blocked=anti-idle reason=recover_no_resources hp=42'
08/31 17:25:44 [Localization System] CLocalize::FindSafe failed to localize: 'AIB[D] blocked=buy-loop reason=saving target=item_power_treads head=item_boots cost=500 gold=140 left=3'
08/31 17:25:44 [Localization System] CLocalize::FindSafe failed to localize: 'AIB[R] t=257s hp=46% gold=42 loc=-436,-127 lh=15 dn=2 dg=+8 dlh=+0 bottle=2 lvl=5 front=7714 ehp=-1'
08/31 17:25:44 [Localization System] CLocalize::FindSafe failed to localize: 'AIB[R] intent=rune-ground-truth family=rune id=0 status=1 t=257'
08/31 17:25:44 [Localization System] CLocalize::FindSafe failed to localize: 'AIB[R] blocked=hero-over-creep reason=no_target'
08/31 17:25:44 [Localization System] CLocalize::FindSafe failed to localize: 'AIB[R] intent=top-arbiter family=state winner=idle-heal:46 losers=safe-cs:56,hero-over-creep:52,emergency-retreat:45,fwd-pullback:44,emergency-kill:43.5'
08/31 17:25:44 [Localization System] CLocalize::FindSafe failed to localize: 'AIB[R] intent=tick-owner family=other stage=desire/idle-heal reason=ready score=46 band=lanework'
08/31 17:25:44 Script function 'Think' on bot npc_dota_hero_nevermore took 2.326ms
08/31 17:25:44 [Localization System] CLocalize::FindSafe failed to localize: 'AIB[R] intent=recovery-plan family=recover action=back reason=post_fight_regen hp=47'
08/31 17:25:44 [Localization System] CLocalize::FindSafe failed to localize: 'AIB[R] intent=state-recover-xp family=state ttl=5 reason=post_fight_regen hp=47 dist=1326'
08/31 17:25:44 [Localization System] CLocalize::FindSafe failed to localize: 'AIB[R] blocked=emergency-kill reason=no_target'
08/31 17:25:44 [Localization System] CLocalize::FindSafe failed to localize: 'AIB[R] blocked=uphill-repo reason=no_reposition'
08/31 17:25:44 [Localization System] CLocalize::FindSafe failed to localize: 'AIB[R] blocked=harass reason=own_heal_running'
08/31 17:25:44 [Localization System] CLocalize::FindSafe failed to localize: 'AIB[R] blocked=ability-harass reason=nothing_castable'
08/31 17:25:44 [Localization System] CLocalize::FindSafe failed to localize: 'AIB[D] intent=top-arbiter family=state winner=anti-idle:2 losers=safe-cs:56,hero-over-creep:52,idle-heal:46,emergency-retreat:45,fwd-pullback:44'
08/31 17:25:44 [Localization System] CLocalize::FindSafe failed to localize: 'AIB[D] intent=tick-owner family=other stage=laning-core'
08/31 17:25:44 [Localization System] CLocalize::FindSafe failed to localize: 'AIB[R] blocked=recover-candidate reason=no_action_capped hp=40 score=44 cause=hp_gate_no_action'
08/31 17:25:44 [Localization System] CLocalize::FindSafe failed to localize: 'AIB[R] intent=recovery-owner family=recover band=soft threat=false mode=fwd-pullback hp=40'
08/31 17:25:44 [Localization System] CLocalize::FindSafe failed to localize: 'AIB[D] blocked=uphill-repo reason=no_reposition'
08/31 17:25:44 [Localization System] CLocalize::FindSafe failed to localize: 'AIB[R] blocked=uphill-repo reason=motor_busy'
08/31 17:25:45 [Localization System] CLocalize::FindSafe failed to localize: 'AIB[R] intent=rune-ground-truth family=rune id=0 status=2 t=258'
08/31 17:25:45 [Localization System] CLocalize::FindSafe failed to localize: 'AIB[D] blocked=hero-over-creep reason=no_target'
08/31 17:25:45 [Localization System] CLocalize::FindSafe failed to localize: 'AIB[R] intent=top-arbiter family=state winner=anti-idle:2 losers=safe-cs:56,hero-over-creep:52,idle-heal:46,emergency-retreat:45,fwd-pullback:44'
08/31 17:25:45 [Localization System] CLocalize::FindSafe failed to localize: 'AIB[D] intent=recovery-plan family=recover action=bottle reason=charges hp=48 mana=98 charges=1'
08/31 17:25:45 [Localization System] CLocalize::FindSafe failed to localize: 'AIB[R] blocked=emergency-kill reason=disabled'
08/31 17:25:46 [Localization System] CLocalize::FindSafe failed to localize: 'AIB[D] t=259s hp=50% gold=143 loc=949,1037 lh=15 dn=8 dg=+8 dlh=+0 bottle=0 lvl=5 front=9467 ehp=-1'
08/31 17:25:46 [Localization System] CLocalize::FindSafe failed to localize: 'AIB[D] blocked=bottle-rune reason=no_close_rune max=1900 waterMax=4700 nearest=inf water=inf mid=573 status=2-2-'
08/31 17:25:46 [Localization System] CLocalize::FindSafe failed to localize: 'AIB[D] intent=top-arbiter family=state winner=anti-idle:2 losers=safe-cs:56,hero-over-creep:52,idle-heal:46,emergency-retreat:45,fwd-pullback:44'
08/31 17:25:46 [Localization System] CLocalize::FindSafe failed to localize: 'AIB[R] intent=tick-owner family=other stage=laning-core'
08/31 17:25:46 [Localization System] CLocalize::FindSafe failed to localize: 'AIB[D] blocked=ability-harass reason=nothing_castable'
08/31 17:25:46 [Localization System] CLocalize::FindSafe failed to localize: 'AIB[D] intent=tick-owner family=other stage=laning-core'
08/31 17:25:46 [Localization System] CLocalize::FindSafe failed to localize: 'AIB[D] blocked=emergency-kill reason=no_target'
08/31 17:25:47 [Localization System] CLocalize::FindSafe failed to localize: 'AIB[R] blocked=hero-over-creep reason=no_target'
08/31 17:25:47 [Localization System] CLocalize::FindSafe failed to localize: 'AIB[R] intent=top-arbiter family=state winner=idle-heal:46 losers=safe-cs:56,hero-over-creep:52,emergency-retreat:45,fwd-pullback:44,emergency-kill:43.5'
08/31 17:25:47 [Localization System] CLocalize::FindSafe failed to localize: 'AIB[D] blocked=harass reason=own_heal_running'
08/31 17:25:47 [Localization System] CLocalize::FindSafe failed to localize: 'AIB[D] blocked=uphill-repo reason=no_reposition'
08/31 17:25:47 [Localization System] CLocalize::FindSafe failed to localize: 'AIB[D] intent=top-arbiter family=state winner=anti-idle:2 losers=hero-over-creep:52,idle-heal:46,emergency-retreat:45,fwd-pullback:44,emergency-kill:43.5'
08/31 17:25:47 [Localization System] CLocalize::FindSafe failed to localize: 'AIB[R] blocked=recover-candidate reason=no_action_capped hp=45 score=44 cause=hp_gate_no_action'
08/31 17:25:47 [Localization System] CLocalize::FindSafe failed to localize: 'AIB[R] intent=damage-by-source family=other creep=109 tower=110 hero=1782 mixed=48 death=211 other=185 stale=156 gaps=3 tower_any=110'
08/31 17:25:48 [Localization System] CLocalize::FindSafe failed to localize: 'AIB[D] intent=rune-ground-truth family=rune id=1 status=1 t=261'
08/31 17:25:48 [Localization System] CLocalize::FindSafe failed to localize: 'AIB[D] intent=recovery-plan family=recover action=rune reason=start source=bottle-rune dist=1804 hp=63 mana=100'
08/31 17:25:48 [Localization System] CLocalize::FindSafe failed to localize: 'AIB[D] intent=state-rune-commit family=rune source=bottle-rune phase=start ttl=30 dist=1804 hp=63 mana=100'
08/31 17:25:48 [Localization System] CLocalize::FindSafe failed to localize: 'AIB[D] intent=rune-transaction family=rune source=bottle-rune phase=start ttl=30 dist=1804 hp=63 mana=100'
08/31 17:25:48 [Localization System] CLocalize::FindSafe failed to localize: 'AIB[D] intent=bottle-rune family=rune dist=1804 hp=63 mana=100 reason=start'
08/31 17:25:48 [Localization System] CLocalize::FindSafe failed to localize: 'AIB[R] intent=tick-owner family=other stage=laning-core'
08/31 17:25:48 [Localization System] CLocalize::FindSafe failed to localize: 'AIB[R] intent=recovery-plan family=recover action=bottle reason=charges hp=46 mana=50 charges=1'
08/31 17:25:48 [Localization System] CLocalize::FindSafe failed to localize: 'AIB[D] intent=tick-owner family=other stage=laning-core'
08/31 17:25:48 [Localization System] CLocalize::FindSafe failed to localize: 'AIB[R] blocked=bottle-rune reason=no_close_rune max=1900 waterMax=4700 nearest=inf water=inf mid=845 status=2-2-'
08/31 17:25:48 [Localization System] CLocalize::FindSafe failed to localize: 'AIB[R] blocked=emergency-kill reason=no_target'
08/31 17:25:48 [Localization System] CLocalize::FindSafe failed to localize: 'AIB[R] blocked=uphill-repo reason=no_reposition'
08/31 17:25:48 [Localization System] CLocalize::FindSafe failed to localize: 'AIB[R] blocked=harass reason=own_heal_running'
08/31 17:25:48 [Localization System] CLocalize::FindSafe failed to localize: 'AIB[R] blocked=ability-harass reason=nothing_castable'
08/31 17:25:48 [Localization System] CLocalize::FindSafe failed to localize: 'AIB[R] intent=top-arbiter family=state winner=anti-idle:2 losers=safe-cs:56,hero-over-creep:52,idle-heal:46,emergency-retreat:45,fwd-pullback:44'
08/31 17:25:48 [Localization System] CLocalize::FindSafe failed to localize: 'AIB[D] blocked=hero-over-creep reason=no_target'
08/31 17:25:49 [Localization System] CLocalize::FindSafe failed to localize: 'AIB[D] intent=top-arbiter family=state winner=idle-heal:46 losers=hero-over-creep:52,emergency-retreat:45,fwd-pullback:44,emergency-kill:43.5,uphill:43'
08/31 17:25:49 [Localization System] CLocalize::FindSafe failed to localize: 'AIB[R] t=262s hp=49% gold=50 loc=-1381,-560 lh=15 dn=2 dg=+8 dlh=+0 bottle=0 lvl=5 front=8741 ehp=-1'
08/31 17:25:50 [Localization System] CLocalize::FindSafe failed to localize: 'AIB[R] intent=rune-ground-truth family=rune id=0 status=1 t=263'
08/31 17:25:50 [Localization System] CLocalize::FindSafe failed to localize: 'AIB[R] blocked=hero-over-creep reason=no_target'
08/31 17:25:50 [Localization System] CLocalize::FindSafe failed to localize: 'AIB[R] intent=state-rune-commit family=rune source=bottle-rune phase=start ttl=30 dist=1763 hp=57 mana=61'
08/31 17:25:50 [Localization System] CLocalize::FindSafe failed to localize: 'AIB[R] intent=rune-transaction family=rune source=bottle-rune phase=start ttl=30 dist=1763 hp=57 mana=61'
08/31 17:25:50 [Localization System] CLocalize::FindSafe failed to localize: 'AIB[R] intent=bottle-rune family=rune dist=1763 hp=57 mana=61 reason=start'
08/31 17:25:50 [Localization System] CLocalize::FindSafe failed to localize: 'AIB[R] intent=top-arbiter family=state winner=idle-heal:46 losers=hero-over-creep:52,emergency-retreat:45,fwd-pullback:44,emergency-kill:43.5,uphill:43'
08/31 17:25:50 [Localization System] CLocalize::FindSafe failed to localize: 'AIB[R] intent=tick-owner family=other stage=laning-core'
08/31 17:25:50 [Localization System] CLocalize::FindSafe failed to localize: 'AIB[D] intent=recovery-plan family=recover action=rune reason=commit source=bottle-rune dist=1165'
08/31 17:25:50 [Localization System] CLocalize::FindSafe failed to localize: 'AIB[D] intent=state-rune-commit family=rune source=bottle-rune phase=commit ttl=30 dist=1165'
08/31 17:25:50 [Localization System] CLocalize::FindSafe failed to localize: 'AIB[D] intent=rune-transaction family=rune source=bottle-rune phase=commit ttl=30 dist=1165'
08/31 17:25:50 [Localization System] CLocalize::FindSafe failed to localize: 'AIB[D] intent=bottle-rune family=rune dist=1165 age=2 reason=commit'
08/31 17:25:50 [Localization System] CLocalize::FindSafe failed to localize: 'AIB[R] intent=rune-ground-truth family=rune id=0 status=2 t=264'
08/31 17:25:50 [Localization System] CLocalize::FindSafe failed to localize: 'AIB[R] intent=rune-result family=rune source=bottle-rune result=gone age=0'
08/31 17:25:50 [Localization System] CLocalize::FindSafe failed to localize: 'AIB[D] intent=top-arbiter family=state winner=idle-heal:46 losers=hero-over-creep:52,emergency-retreat:45,fwd-pullback:44,emergency-kill:43.5,uphill:43'
08/31 17:25:50 [Localization System] CLocalize::FindSafe failed to localize: 'AIB[D] intent=tick-owner family=other stage=laning-core'
08/31 17:25:50 [Localization System] CLocalize::FindSafe failed to localize: 'AIB[R] blocked=bottle-rune reason=cooldown left=6'
08/31 17:25:51 [Localization System] CLocalize::FindSafe failed to localize: 'AIB[R] intent=rune-ground-truth family=rune id=0 status=1 t=264'
08/31 17:25:51 [Localization System] CLocalize::FindSafe failed to localize: 'AIB[D] blocked=buy-tp reason=recent_tp since=29'
08/31 17:25:51 [Localization System] CLocalize::FindSafe failed to localize: 'AIB[D] t=264s hp=69% gold=151 loc=922,-309 lh=15 dn=8 dg=+8 dlh=+0 bottle=0 lvl=5 front=9795 ehp=-1'
08/31 17:25:51 [Localization System] CLocalize::FindSafe failed to localize: 'AIB[R] intent=rune-ground-truth family=rune id=0 status=2 t=264'
08/31 17:25:51 [Localization System] CLocalize::FindSafe failed to localize: 'AIB[R] blocked=recovery-rune-bottle reason=cooldown left=5'
08/31 17:25:51 [Localization System] CLocalize::FindSafe failed to localize: 'AIB[R] blocked=harass reason=no_target'
08/31 17:25:51 [Localization System] CLocalize::FindSafe failed to localize: 'AIB[D] blocked=hero-over-creep reason=no_target'
08/31 17:25:51 [Localization System] CLocalize::FindSafe failed to localize: 'AIB[R] blocked=emergency-kill reason=no_target'
08/31 17:25:51 [Localization System] CLocalize::FindSafe failed to localize: 'AIB[R] blocked=uphill-repo reason=no_reposition'
08/31 17:25:51 [Localization System] CLocalize::FindSafe failed to localize: 'AIB[R] intent=melee-pack-space family=safety count=2 dist=157'
08/31 17:25:51 [Localization System] CLocalize::FindSafe failed to localize: 'AIB[R] intent=top-arbiter family=state winner=ranged-spacing:41 losers=hero-over-creep:52,idle-heal:46,emergency-retreat:45,fwd-pullback:44,emergency-kill:43.5'
08/31 17:25:52 [Localization System] CLocalize::FindSafe failed to localize: 'AIB[D] blocked=buy-loop reason=saving target=item_power_treads head=item_boots cost=500 gold=152 left=3'
08/31 17:25:52 [Localization System] CLocalize::FindSafe failed to localize: 'AIB[R] blocked=cs-walk reason=melee_pack_refuse dist=536'
08/31 17:25:52 [Localization System] CLocalize::FindSafe failed to localize: 'AIB[R] blocked=ability-harass reason=nothing_castable'
08/31 17:25:52 [Localization System] CLocalize::FindSafe failed to localize: 'AIB[R] blocked=uphill-repo reason=motor_busy'
08/31 17:25:52 [Localization System] CLocalize::FindSafe failed to localize: 'AIB[D] intent=recovery-plan family=recover action=rune reason=commit source=bottle-rune dist=558'
08/31 17:25:52 [Localization System] CLocalize::FindSafe failed to localize: 'AIB[D] intent=state-rune-commit family=rune source=bottle-rune phase=commit ttl=30 dist=558'
08/31 17:25:52 [Localization System] CLocalize::FindSafe failed to localize: 'AIB[D] intent=rune-transaction family=rune source=bottle-rune phase=commit ttl=30 dist=558'
08/31 17:25:52 [Localization System] CLocalize::FindSafe failed to localize: 'AIB[D] intent=bottle-rune family=rune dist=558 age=4 reason=commit'
08/31 17:25:52 [Localization System] CLocalize::FindSafe failed to localize: 'AIB[D] intent=top-arbiter family=state winner=idle-heal:46 losers=hero-over-creep:52,emergency-retreat:45,fwd-pullback:44,emergency-kill:43.5,uphill:43'
08/31 17:25:52 [Localization System] CLocalize::FindSafe failed to localize: 'AIB[R] intent=tick-owner family=other stage=laning-core'
08/31 17:25:52 [Localization System] CLocalize::FindSafe failed to localize: 'AIB[D] intent=tick-owner family=other stage=laning-core'
08/31 17:25:53 [Localization System] CLocalize::FindSafe failed to localize: 'AIB[R] intent=state-desire-last-hit family=farm dist=434 reason=killable_creep score=140'
08/31 17:25:53 [Localization System] CLocalize::FindSafe failed to localize: 'AIB[R] intent=top-arbiter family=state winner=last-hit:158 losers=hero-over-creep:52,cs-inrange:50,idle-heal:46,emergency-retreat:45,fwd-pullback:44'
08/31 17:25:53 [Localization System] CLocalize::FindSafe failed to localize: 'AIB[R] blocked=hero-over-creep reason=no_target'
08/31 17:25:53 [Localization System] CLocalize::FindSafe failed to localize: 'AIB[R] intent=cs-watchdog family=farm lh=15 idle=19 creep_hp=69 dist=434'
08/31 17:25:53 [Localization System] CLocalize::FindSafe failed to localize: 'AIB[D] intent=recovery-plan family=recover action=rune reason=pickup source=bottle-rune dist=80'
08/31 17:25:53 [Localization System] CLocalize::FindSafe failed to localize: 'AIB[D] intent=state-rune-commit family=rune source=bottle-rune phase=pickup ttl=30 dist=80'
08/31 17:25:53 [Localization System] CLocalize::FindSafe failed to localize: 'AIB[D] intent=rune-transaction family=rune source=bottle-rune phase=pickup ttl=30 dist=80'
08/31 17:25:53 [Localization System] CLocalize::FindSafe failed to localize: 'AIB[D] intent=rune-result family=rune source=bottle-rune result=pickup_attempt dist=80 age=6'
08/31 17:25:53 [Localization System] CLocalize::FindSafe failed to localize: 'AIB[D] intent=bottle-rune family=rune dist=80 age=6 reason=pickup'
08/31 17:25:53 [Localization System] CLocalize::FindSafe failed to localize: 'AIB[D] intent=top-arbiter family=state winner=idle-heal:46 losers=hero-over-creep:52,emergency-retreat:45,fwd-pullback:44,emergency-kill:43.5,uphill:43'
08/31 17:25:54 [Localization System] CLocalize::FindSafe failed to localize: 'AIB[D] blocked=bottle-rune reason=cooldown left=1'
08/31 17:25:54 [Localization System] CLocalize::FindSafe failed to localize: 'AIB[D] blocked=recovery-rune-bottle reason=cooldown left=1'
08/31 17:25:54 [Localization System] CLocalize::FindSafe failed to localize: 'AIB[D] blocked=emergency-kill reason=no_target'
08/31 17:25:54 [Localization System] CLocalize::FindSafe failed to localize: 'AIB[D] blocked=uphill-repo reason=no_reposition'
08/31 17:25:54 [Localization System] CLocalize::FindSafe failed to localize: 'AIB[D] blocked=harass reason=no_target'
08/31 17:25:54 [Localization System] CLocalize::FindSafe failed to localize: 'AIB[D] blocked=ability-harass reason=nothing_castable'
08/31 17:25:54 [Localization System] CLocalize::FindSafe failed to localize: 'AIB[R] t=267s hp=67% gold=137 loc=-626,-478 lh=16 dn=2 dg=+87 dlh=+1 bottle=0 lvl=5 front=8741 ehp=-1'
08/31 17:25:54 [Localization System] CLocalize::FindSafe failed to localize: 'AIB[R] intent=tick-owner family=other stage=desire/wave-watch reason=ready score=10 band=idle'
08/31 17:25:54 [Localization System] CLocalize::FindSafe failed to localize: 'AIB[R] blocked=harass reason=no_target'
08/31 17:25:54 [Localization System] CLocalize::FindSafe failed to localize: 'AIB[D] blocked=hero-over-creep reason=no_target'
08/31 17:25:54 [Localization System] CLocalize::FindSafe failed to localize: 'AIB[R] blocked=bottle-rune reason=cooldown left=2'
08/31 17:25:54 [Localization System] CLocalize::FindSafe failed to localize: 'AIB[R] blocked=emergency-kill reason=no_target'
08/31 17:25:55 [Localization System] CLocalize::FindSafe failed to localize: 'AIB[D] intent=tick-owner family=other stage=laning-core'
08/31 17:25:55 [Localization System] CLocalize::FindSafe failed to localize: 'AIB[R] intent=top-arbiter family=state winner=creep-work:38.6 losers=hero-over-creep:52,idle-heal:46,emergency-retreat:45,fwd-pullback:44,emergency-kill:43.5'
08/31 17:25:55 [Localization System] CLocalize::FindSafe failed to localize: 'AIB[R] blocked=uphill-repo reason=motor_busy'
08/31 17:25:55 [Localization System] CLocalize::FindSafe failed to localize: 'AIB[R] blocked=cs-walk reason=melee_pack_refuse dist=748'
08/31 17:25:55 [Localization System] CLocalize::FindSafe failed to localize: 'AIB[R] blocked=ability-harass reason=nothing_castable'
08/31 17:25:55 [Localization System] CLocalize::FindSafe failed to localize: 'AIB[D] intent=top-arbiter family=state winner=idle-heal:46 losers=hero-over-creep:52,emergency-retreat:45,fwd-pullback:44,emergency-kill:43.5,uphill:43'
08/31 17:25:55 [Localization System] CLocalize::FindSafe failed to localize: 'AIB[R] blocked=recovery-rune-bottle reason=cooldown left=1'
08/31 17:25:55 [Localization System] CLocalize::FindSafe failed to localize: 'AIB[D] intent=damage-by-source family=other creep=495 tower=0 hero=1877 mixed=206 death=0 other=183 stale=41 gaps=1 tower_any=0'
08/31 17:25:55 [Localization System] CLocalize::FindSafe failed to localize: 'AIB[D] intent=recovery-plan family=recover action=rune reason=commit source=bottle-rune dist=403'
08/31 17:25:55 [Localization System] CLocalize::FindSafe failed to localize: 'AIB[D] intent=state-rune-commit family=rune source=bottle-rune phase=commit ttl=30 dist=403'
08/31 17:25:55 [Localization System] CLocalize::FindSafe failed to localize: 'AIB[D] intent=rune-transaction family=rune source=bottle-rune phase=commit ttl=30 dist=403'
08/31 17:25:55 [Localization System] CLocalize::FindSafe failed to localize: 'AIB[D] intent=bottle-rune family=rune dist=403 age=1 reason=commit'
08/31 17:25:56 [Localization System] CLocalize::FindSafe failed to localize: 'AIB[D] t=269s hp=75% gold=158 loc=1082,-889 lh=15 dn=8 dg=+7 dlh=+0 bottle=0 lvl=5 front=9795 ehp=-1'
08/31 17:25:56 [Localization System] CLocalize::FindSafe failed to localize: 'AIB[R] intent=tick-owner family=other stage=laning-core'
08/31 17:25:56 [Localization System] CLocalize::FindSafe failed to localize: 'AIB[R] blocked=uphill-repo reason=no_reposition'
08/31 17:25:56 [Localization System] CLocalize::FindSafe failed to localize: 'AIB[R] intent=top-arbiter family=state winner=creep-work:38.6 losers=hero-over-creep:52,idle-heal:46,emergency-retreat:45,fwd-pullback:44,emergency-kill:43.5'
08/31 17:25:56 [Localization System] CLocalize::FindSafe failed to localize: 'AIB[R] blocked=hero-over-creep reason=no_target'
08/31 17:25:56 [Localization System] CLocalize::FindSafe failed to localize: 'AIB[R] blocked=recovery-rune-bottle reason=no_close_rune max=3600 waterMax=4700 nearest=inf water=inf mid=362 status=2e2-'
08/31 17:25:56 [Localization System] CLocalize::FindSafe failed to localize: 'AIB[R] blocked=bottle-rune reason=no_close_rune max=1900 waterMax=4700 nearest=inf water=inf mid=362 status=2e2-'
08/31 17:25:56 [Localization System] CLocalize::FindSafe failed to localize: 'AIB[D] intent=top-arbiter family=state winner=idle-heal:46 losers=hero-over-creep:52,emergency-retreat:45,fwd-pullback:44,emergency-kill:43.5,uphill:43'
08/31 17:25:57 [Localization System] CLocalize::FindSafe failed to localize: 'AIB[D] intent=recovery-plan family=recover action=rune reason=pickup source=bottle-rune dist=47'
08/31 17:25:57 [Localization System] CLocalize::FindSafe failed to localize: 'AIB[D] intent=state-rune-commit family=rune source=bottle-rune phase=pickup ttl=30 dist=47'
08/31 17:25:57 [Localization System] CLocalize::FindSafe failed to localize: 'AIB[D] intent=rune-transaction family=rune source=bottle-rune phase=pickup ttl=30 dist=47'
08/31 17:25:57 [Localization System] CLocalize::FindSafe failed to localize: 'AIB[D] intent=rune-result family=rune source=bottle-rune result=pickup_attempt dist=47 age=2'
08/31 17:25:57 [Localization System] CLocalize::FindSafe failed to localize: 'AIB[D] intent=bottle-rune family=rune dist=47 age=2 reason=pickup'
08/31 17:25:57 [Localization System] CLocalize::FindSafe failed to localize: 'AIB[D] intent=tick-owner family=other stage=laning-core'
08/31 17:25:57 [Localization System] CLocalize::FindSafe failed to localize: 'AIB[D] blocked=emergency-kill reason=no_target'
08/31 17:25:57 [Localization System] CLocalize::FindSafe failed to localize: 'AIB[D] blocked=uphill-repo reason=no_reposition'
08/31 17:25:57 [Localization System] CLocalize::FindSafe failed to localize: 'AIB[D] blocked=harass reason=no_target'
08/31 17:25:57 [Localization System] CLocalize::FindSafe failed to localize: 'AIB[D] blocked=ability-harass reason=nothing_castable'
08/31 17:25:57 [Localization System] CLocalize::FindSafe failed to localize: 'AIB[R] intent=state-desire-last-hit family=farm dist=439 reason=killable_creep score=140'
08/31 17:25:57 [Localization System] CLocalize::FindSafe failed to localize: 'AIB[D] intent=rune-ground-truth family=rune id=1 status=2 t=271'
08/31 17:25:57 [Localization System] CLocalize::FindSafe failed to localize: 'AIB[D] blocked=hero-over-creep reason=no_target'
08/31 17:25:58 [Localization System] CLocalize::FindSafe failed to localize: 'AIB[R] intent=top-arbiter family=state winner=last-hit:158 losers=hero-over-creep:52,cs-inrange:50,idle-heal:46,emergency-retreat:45,fwd-pullback:44'
08/31 17:25:58 [Localization System] CLocalize::FindSafe failed to localize: 'AIB[R] intent=tick-owner family=other stage=laning-core'
08/31 17:25:58 [Localization System] CLocalize::FindSafe failed to localize: 'AIB[D] intent=top-arbiter family=state winner=anti-idle:2 losers=hero-over-creep:52,idle-heal:46,emergency-retreat:45,fwd-pullback:44,emergency-kill:43.5'
08/31 17:25:58 [Localization System] CLocalize::FindSafe failed to localize: 'AIB[R] blocked=emergency-kill reason=no_target'
08/31 17:25:58 [Localization System] CLocalize::FindSafe failed to localize: 'AIB[R] blocked=harass reason=no_target'
08/31 17:25:59 [Localization System] CLocalize::FindSafe failed to localize: 'AIB[D] blocked=buy-tp reason=recent_tp since=37'
08/31 17:25:59 [Localization System] CLocalize::FindSafe failed to localize: 'AIB[D] intent=tick-owner family=other stage=laning-core'
08/31 17:25:59 Script function 'Think' on bot npc_dota_hero_nevermore took 2.123ms
08/31 17:25:59 [Localization System] CLocalize::FindSafe failed to localize: 'AIB[R] t=272s hp=73% gold=144 loc=-626,-478 lh=16 dn=2 dg=+7 dlh=+0 bottle=0 lvl=5 front=8741 ehp=-1'
08/31 17:25:59 [Localization System] CLocalize::FindSafe failed to localize: 'AIB[R] anti-afk-no-chase=1 anti-idle-enter=17 anti-idle-lane=13 anti-idle-lowhp-back=1 bottle-heal=2 bottle-rune=1 channel-interrupt-atk=16 channel-interrupt-chase=13 creep-aggro-back=1 creep-aggro-hero-yield=2 creep-aggro-hit=8 creep-dmg=2 creep-hit-react-atk=7 creep-hit-react-step=2 cs-wait-release=26 cs-wait=17 cs-walk-gap-large=12 cs-walk-gap-small=76 cs-walk-inrange=21 cs-walk-into-pack=47 cs-walk=109 cs-watchdog-atk=2 cs-watchdog-step=10 cw-push-cs-step=1 cw-push=246 deny-act-atk=13 deny-act-walk=8 deny-act=21 deny-cand-doomed=10 deny-cand-tanky=85 dw-active=3 dw-fwd=2 empty-bottle-ok=1 fight-hp-behind=8 fwd-at-position=7 fwd-hold=2 fwd-lowhp-pull=1 fwd-position=2 fwd-suppressed-creep=5 fwd-suppressed-cs=1 fwd-suppressed-empty=3 fwd-suppressed-hero=2 fwd-suppressed-motor=20 fwd-suppressed-recovery=3 fwd-suppressed-tower=7 fwd-suppressed-visual=4 fwd-suppressed-watchdog=2 heal-item=1 hero-contact-atk=27 hero-contact-chase=8 hero-over-creep=29 hero-pass-atk=20 hero-pass-chase=8 hero-prio-always=18 hero-prio-chase-hold=12 hero-prio-chase=34 idle=6 kill-lock-atk=1 kill-lock-chase=8 kill-priority=9 killwin-atk=28 killwin-scan=964 lane-line-fallback=83 lane-line-suppressed-creep-dmg=1 lane-line-suppressed-creep=6 lane-line-suppressed-empty=2 lane-line-suppressed-heal=9 lane-line-suppressed-lowhp=6 lane-line-suppressed-motor=10 last-hit-urgent=74 melee-pack-release=17 melee-pack-space=16 no-dive=1 own-ranged-stepback=3 pre-aig=17 precreep-anchor=17 precreep-close=3 precreep-contact=5 precreep-hold=2 precreep-park-hold=13 precreep-park=157 precreep-space=2 prewave-duel-trade=77 prewave-duel-uphill-back=15 recover-safe=12 recover-xp=7 recovery-bottle-active=2 recovery-bottle=1 recovery-buy=4 recovery-enemy-near=333 recovery-flask=3 recovery-regen=5 recovery-tango=3 regen-walk=14 siege-commit-tower=1 siege-step=1 siege-terminal-tower=12 siege-wave-step=1 tower-aggro-drop=1 uphill-reposition=3 uphill-void-under-fire=5 vendor-heal-suppressed-bottle=2 vendor-heal-suppressed-faerie_fire=1 vendor-heal-suppressed-flask=2 vendor-heal-suppressed-tango=7 visual-hold-creep-step=2 visual-hold-creep=9 visual-hold-lane=2 wave-watch-atk=8 wave-watch-no-wave=15 wave-watch-step=2 wave-watch=15'
08/31 17:25:59 [Localization System] CLocalize::FindSafe failed to localize: 'AIB[R] blocked=uphill-repo reason=no_reposition'
08/31 17:25:59 [Localization System] CLocalize::FindSafe failed to localize: 'AIB[R] blocked=hero-over-creep reason=no_target'
08/31 17:25:59 [Localization System] CLocalize::FindSafe failed to localize: 'AIB[R] intent=top-arbiter family=state winner=creep-work:38.6 losers=hero-over-creep:52,idle-heal:46,emergency-retreat:45,fwd-pullback:44,emergency-kill:43.5'
08/31 17:26:00 [Localization System] CLocalize::FindSafe failed to localize: 'AIB[D] blocked=buy-loop reason=saving target=item_power_treads head=item_boots cost=500 gold=164 left=3'
08/31 17:26:00 [Localization System] CLocalize::FindSafe failed to localize: 'AIB[D] intent=top-arbiter family=state winner=anti-idle:2 losers=hero-over-creep:52,idle-heal:46,emergency-retreat:45,fwd-pullback:44,emergency-kill:43.5'
08/31 17:26:00 [Localization System] CLocalize::FindSafe failed to localize: 'AIB[D] blocked=emergency-kill reason=no_target'
08/31 17:26:00 [Localization System] CLocalize::FindSafe failed to localize: 'AIB[D] blocked=uphill-repo reason=no_reposition'
08/31 17:26:00 [Localization System] CLocalize::FindSafe failed to localize: 'AIB[D] blocked=harass reason=no_target'
08/31 17:26:00 [Localization System] CLocalize::FindSafe failed to localize: 'AIB[D] blocked=ability-harass reason=nothing_castable'
08/31 17:26:00 [Localization System] CLocalize::FindSafe failed to localize: 'AIB[R] intent=tick-owner family=other stage=laning-core'
08/31 17:26:00 [Localization System] CLocalize::FindSafe failed to localize: 'AIB[D] blocked=hero-over-creep reason=no_target'
08/31 17:26:01 [Localization System] CLocalize::FindSafe failed to localize: 'AIB[D] blocked=uphill-repo reason=not_trading'
08/31 17:26:01 [Localization System] CLocalize::FindSafe failed to localize: 'AIB[R] intent=top-arbiter family=state winner=creep-work:38.6 losers=hero-over-creep:52,idle-heal:46,emergency-retreat:45,fwd-pullback:44,emergency-kill:43.5'
08/31 17:26:01 [Localization System] CLocalize::FindSafe failed to localize: 'AIB[D] t=274s hp=87% gold=166 loc=664,-245 enemy-dist=1100 lh=15 dn=8 dg=+8 dlh=+0 bottle=2 lvl=5 front=9751 ehp=76'
08/31 17:26:01 [Localization System] CLocalize::FindSafe failed to localize: 'AIB[D] intent=tick-owner family=other stage=laning-core'
08/31 17:26:01 [Localization System] CLocalize::FindSafe failed to localize: 'AIB[D] intent=cs-watchdog family=farm lh=15 idle=18 creep_hp=163 dist=800'
08/31 17:26:01 [Localization System] CLocalize::FindSafe failed to localize: 'AIB[R] blocked=emergency-kill reason=no_target'
08/31 17:26:01 [Localization System] CLocalize::FindSafe failed to localize: 'AIB[R] blocked=harass reason=no_target'
08/31 17:26:01 [Localization System] CLocalize::FindSafe failed to localize: 'AIB[D] intent=top-arbiter family=state winner=creep-work:38.8 losers=hero-over-creep:52,idle-heal:46,emergency-retreat:45,fwd-pullback:44,emergency-kill:43.5'
08/31 17:26:01 [Localization System] CLocalize::FindSafe failed to localize: 'AIB[R] blocked=hero-prio-chase reason=lane_work dist=961 cs=true creep=true hp_adv=false kill_pressure=false close=false low_farm=false lane_override=false'
08/31 17:26:02 [Localization System] CLocalize::FindSafe failed to localize: 'AIB[D] intent=state-desire-last-hit family=farm dist=514 reason=killable_creep score=140'
08/31 17:26:02 [Localization System] CLocalize::FindSafe failed to localize: 'AIB[R] intent=recovery-plan family=recover action=buy_flask reason=critical hp=78 gold=149 count=2'
08/31 17:26:02 [Localization System] CLocalize::FindSafe failed to localize: 'AIB[R] blocked=uphill-repo reason=motor_busy'
08/31 17:26:02 [Localization System] CLocalize::FindSafe failed to localize: 'AIB[R] intent=tick-owner family=other stage=laning-core'
08/31 17:26:02 [Localization System] CLocalize::FindSafe failed to localize: 'AIB[D] blocked=recovery-buy reason=flask_in_inventory hp=88'
08/31 17:26:02 [Localization System] CLocalize::FindSafe failed to localize: 'AIB[D] intent=melee-pack-space family=safety count=2 dist=364'
08/31 17:26:02 [Localization System] CLocalize::FindSafe failed to localize: 'AIB[R] blocked=hero-over-creep reason=no_target'
08/31 17:26:02 [Localization System] CLocalize::FindSafe failed to localize: 'AIB[R] intent=top-arbiter family=state winner=harass:40 losers=hero-over-creep:52,idle-heal:46,emergency-retreat:45,fwd-pullback:44,emergency-kill:43.5'
08/31 17:26:03 [Localization System] CLocalize::FindSafe failed to localize: 'AIB[R] intent=damage-by-source family=other creep=109 tower=110 hero=1782 mixed=48 death=211 other=185 stale=156 gaps=3 tower_any=110'
08/31 17:26:03 [Localization System] CLocalize::FindSafe failed to localize: 'AIB[R] intent=channel-interrupt family=fight dist=778 hp=79 kind=heal reason=enemy_heal'
08/31 17:26:03 [Localization System] CLocalize::FindSafe failed to localize: 'AIB[D] intent=top-arbiter family=state winner=wave-watch:10 losers=hero-over-creep:52,idle-heal:46,emergency-retreat:45,fwd-pullback:44,emergency-kill:43.5'
08/31 17:26:03 [Localization System] CLocalize::FindSafe failed to localize: 'AIB[D] intent=tick-owner family=other stage=desire/wave-watch reason=ready score=10 band=idle'
08/31 17:26:03 [Localization System] CLocalize::FindSafe failed to localize: 'AIB[D] blocked=emergency-kill reason=no_target'
08/31 17:26:03 [Localization System] CLocalize::FindSafe failed to localize: 'AIB[D] blocked=uphill-repo reason=no_reposition'
08/31 17:26:03 [Localization System] CLocalize::FindSafe failed to localize: 'AIB[D] blocked=harass reason=no_target'
08/31 17:26:03 [Localization System] CLocalize::FindSafe failed to localize: 'AIB[D] blocked=ability-harass reason=nothing_castable'
08/31 17:26:03 [Localization System] CLocalize::FindSafe failed to localize: 'AIB[D] blocked=hero-over-creep reason=no_target'
08/31 17:26:03 [Localization System] CLocalize::FindSafe failed to localize: 'AIB[D] intent=state-desire-fight family=state base=78 range=18 dist=595 hp=68 ehp=79 reason=enemy_seen score=96'
08/31 17:26:03 [Localization System] CLocalize::FindSafe failed to localize: 'AIB[D] blocked=ability-pressure reason=nothing_castable'
08/31 17:26:03 [Localization System] CLocalize::FindSafe failed to localize: 'AIB[D] intent=hero-contact family=fight dist=595 hp=68 reason=attackable_enemy'
08/31 17:26:04 [Localization System] CLocalize::FindSafe failed to localize: 'AIB[D] blocked=hero-contact reason=refractory since=0.13'
08/31 17:26:04 [Localization System] CLocalize::FindSafe failed to localize: 'AIB[D] intent=hero-pass family=fight dist=564 hp=69 reason=nearby_enemy'
08/31 17:26:04 Script function 'Think' on bot npc_dota_hero_nevermore took 2.335ms
08/31 17:26:04 [Localization System] CLocalize::FindSafe failed to localize: 'AIB[D] blocked=top-arbiter reason=empty_action winner=fight score=114'
08/31 17:26:04 [Localization System] CLocalize::FindSafe failed to localize: 'AIB[R] t=278s hp=80% gold=52 loc=-145,-194 enemy-dist=564 lh=16 dn=2 dg=-92 dlh=+0 bottle=0 lvl=5 front=8990 ehp=71'
08/31 17:26:04 [Localization System] CLocalize::FindSafe failed to localize: 'AIB[R] intent=tick-owner family=other stage=laning-core'
08/31 17:26:04 [Localization System] CLocalize::FindSafe failed to localize: 'AIB[R] intent=state-desire-last-hit family=farm dist=220 reason=killable_creep score=140'
08/31 17:26:04 [Localization System] CLocalize::FindSafe failed to localize: 'AIB[R] intent=top-arbiter family=state winner=last-hit:140 losers=fight:124,hero-over-creep:52,cs-inrange:50,idle-heal:46,emergency-retreat:45'
08/31 17:26:04 [Localization System] CLocalize::FindSafe failed to localize: 'AIB[D] blocked=safety-candidate reason=no_action_capped hp=43 score=44 cause=symptom_no_action'
08/31 17:26:04 [Localization System] CLocalize::FindSafe failed to localize: 'AIB[D] blocked=hero-pass reason=low_hp hp=43'
08/31 17:26:04 [Localization System] CLocalize::FindSafe failed to localize: 'AIB[D] intent=state-desire-recover family=state base=74 hp=43 reason=hp_gate score=74'
08/31 17:26:04 [Localization System] CLocalize::FindSafe failed to localize: 'AIB[D] intent=recovery-policy family=recover action=recover hp=43 gate=55 source=lane-low'
08/31 17:26:04 [Localization System] CLocalize::FindSafe failed to localize: 'AIB[D] intent=state-recover-xp family=state ttl=2 reason=regen_lane hp=43 dist=353'
08/31 17:26:04 [Localization System] CLocalize::FindSafe failed to localize: 'AIB[D] intent=top-arbiter family=state winner=recover:74 losers=fight:134,safe-cs:56,hero-over-creep:52,idle-heal:46,emergency-retreat:45'
08/31 17:26:05 [Localization System] CLocalize::FindSafe failed to localize: 'AIB[R] intent=state-desire-fight family=state base=78 range=18 hp_adv=8 execute=20 dist=608 hp=55 ehp=43 reason=enemy_seen score=124'
08/31 17:26:05 [Localization System] CLocalize::FindSafe failed to localize: 'AIB[R] blocked=ability-pressure reason=nothing_castable'
08/31 17:26:05 [Localization System] CLocalize::FindSafe failed to localize: 'AIB[R] intent=hero-contact family=fight dist=608 hp=55 reason=close_enemy'
08/31 17:26:05 [Localization System] CLocalize::FindSafe failed to localize: 'AIB[D] blocked=hero-contact reason=unsafe dist=607 hp=43 tower=false'
08/31 17:26:05 [Localization System] CLocalize::FindSafe failed to localize: 'AIB[D] intent=tick-owner family=other stage=laning-core'
08/31 17:26:05 [Localization System] CLocalize::FindSafe failed to localize: 'AIB[R] blocked=channel-interrupt reason=unsafe dist=591 hp=55 kind=heal'
08/31 17:26:05 [Localization System] CLocalize::FindSafe failed to localize: 'AIB[R] blocked=hero-contact reason=refractory since=0.17'
08/31 17:26:05 [Localization System] CLocalize::FindSafe failed to localize: 'AIB[R] blocked=creep-aggro reason=hero_trading hp=55 hits=1'
08/31 17:26:05 [Localization System] CLocalize::FindSafe failed to localize: 'AIB[R] intent=arbiter family=fight winner=hero-pass:90 losers=creep-aggro:82,channel-interrupt:80'
08/31 17:26:05 [Localization System] CLocalize::FindSafe failed to localize: 'AIB[R] intent=hero-pass family=fight dist=591 hp=55 reason=nearby_enemy'
08/31 17:26:05 [Localization System] CLocalize::FindSafe failed to localize: 'AIB[D] intent=state-desire-fight family=state base=78 range=18 execute=20 dist=577 hp=44 ehp=55 reason=enemy_seen score=116'
08/31 17:26:05 [Localization System] CLocalize::FindSafe failed to localize: 'AIB[R] intent=creep-aggro family=safety hp=55 dest=-1296,-1161 reason=chip_step'
08/31 17:26:05 [Localization System] CLocalize::FindSafe failed to localize: 'AIB[D] blocked=top-arbiter reason=empty_action winner=fight score=134'
08/31 17:26:05 [Localization System] CLocalize::FindSafe failed to localize: 'AIB[D] intent=recovery-plan family=recover action=buy_flask reason=critical hp=45 gold=208 count=2'
08/31 17:26:06 [Localization System] CLocalize::FindSafe failed to localize: 'AIB[D] blocked=bottle-rune reason=no_close_rune max=1900 waterMax=4700 nearest=inf water=inf mid=404 status=2-2-'
08/31 17:26:06 [Localization System] CLocalize::FindSafe failed to localize: 'AIB[R] intent=top-arbiter family=state winner=fight:134 losers=hero-over-creep:52,idle-heal:46,emergency-retreat:45,fwd-pullback:44,emergency-kill:43.5'
08/31 17:26:06 [Localization System] CLocalize::FindSafe failed to localize: 'AIB[D] t=279s hp=50% gold=109 loc=337,208 enemy-dist=567 lh=16 dn=8 dg=-57 dlh=+1 bottle=0 lvl=5 front=8620 ehp=56'
08/31 17:26:06 [Localization System] CLocalize::FindSafe failed to localize: 'AIB[R] intent=recovery-policy family=recover action=recover hp=27 gate=35 source=early-low'
08/31 17:26:06 [Localization System] CLocalize::FindSafe failed to localize: 'AIB[D] intent=arbiter family=urgent winner=channel-interrupt:150 losers=kill-lock:135'
08/31 17:26:06 [Localization System] CLocalize::FindSafe failed to localize: 'AIB[D] intent=channel-interrupt family=fight dist=567 hp=52 kind=heal reason=enemy_heal'
08/31 17:26:06 [Localization System] CLocalize::FindSafe failed to localize: 'AIB[R] blocked=bottle-rune reason=no_close_rune max=1900 waterMax=4700 nearest=inf water=inf mid=161 status=2e2-'
08/31 17:26:06 [Localization System] CLocalize::FindSafe failed to localize: 'AIB[R] intent=state-recover-safe family=state ttl=2 reason=regen_lane hp=28 dist=2432'
08/31 17:26:06 [Localization System] CLocalize::FindSafe failed to localize: 'AIB[R] intent=tick-owner family=other stage=laning-core'
08/31 17:26:07 [Localization System] CLocalize::FindSafe failed to localize: 'AIB[D] blocked=buy-tp reason=recent_tp since=45'
08/31 17:26:07 [Localization System] CLocalize::FindSafe failed to localize: 'AIB[D] intent=tick-owner family=other stage=laning-core'
08/31 17:26:07 [Localization System] CLocalize::FindSafe failed to localize: 'AIB[R] blocked=bottle-rune reason=critical_no_stage hp=21 rune=1732 eta=79'
08/31 17:26:07 [Localization System] CLocalize::FindSafe failed to localize: 'AIB[D] intent=kill-lock family=fight dist=730 ehp=21 hp=46 exec=false atk=true mutual=false reason=killable_enemy'
08/31 17:26:07 [Localization System] CLocalize::FindSafe failed to localize: 'AIB[R] blocked=bottle-rune reason=stage_cooldown eta=79'
08/31 17:26:08 [Localization System] CLocalize::FindSafe failed to localize: 'AIB[D] blocked=buy-loop reason=saving target=item_power_treads head=item_boots cost=500 gold=111 left=3'
08/31 17:26:08 [Localization System] CLocalize::FindSafe failed to localize: 'AIB[R] blocked=buy-loop reason=saving target=item_power_treads head=item_boots cost=500 gold=101 left=3'
08/31 17:26:08 [Localization System] CLocalize::FindSafe failed to localize: 'AIB[R] intent=recovery-policy family=recover action=recover hp=21 gate=22 source=emergency-low'
08/31 17:26:08 [Localization System] CLocalize::FindSafe failed to localize: 'AIB[R] intent=tick-owner family=other stage=laning-core'
08/31 17:26:09 [Localization System] CLocalize::FindSafe failed to localize: 'AIB[R] t=283s hp=21% gold=104 loc=-766,-727 enemy-dist=730 lh=17 dn=2 dg=+52 dlh=+1 bottle=0 lvl=5 front=9019 ehp=44'
08/31 17:26:09 [Localization System] CLocalize::FindSafe failed to localize: 'AIB[R] intent=state-recover-safe family=state ttl=2 reason=regen_lane hp=22 dist=1493'
08/31 17:26:10 [Localization System] CLocalize::FindSafe failed to localize: 'AIB[R] intent=recovery-policy family=recover action=recover hp=22 gate=22 source=emergency-low'
08/31 17:26:10 [Localization System] CLocalize::FindSafe failed to localize: 'AIB[R] intent=tick-owner family=other stage=laning-core'
08/31 17:26:12 [Localization System] CLocalize::FindSafe failed to localize: 'AIB[D] t=285s hp=44% gold=117 loc=-670,-798 lh=16 dn=8 dg=+8 dlh=+0 bottle=0 lvl=5 front=8679 ehp=-1'
08/31 17:26:12 [Localization System] CLocalize::FindSafe failed to localize: 'AIB[D] intent=damage-by-source family=other creep=495 tower=0 hero=2123 mixed=259 death=0 other=381 stale=62 gaps=2 tower_any=0'
08/31 17:26:12 [Localization System] CLocalize::FindSafe failed to localize: 'AIB[D] intent=state-desire-recover family=state base=74 creep_dmg=-14 hp=44 reason=hp_gate score=60'
08/31 17:26:12 [Localization System] CLocalize::FindSafe failed to localize: 'AIB[D] intent=recovery-policy family=recover action=recover hp=44 gate=55 source=lane-low'
08/31 17:26:12 [Localization System] CLocalize::FindSafe failed to localize: 'AIB[D] blocked=recovery-rune-bottle reason=no_close_rune max=3600 waterMax=4700 nearest=inf water=inf mid=1769 status=2-2-'
08/31 17:26:12 [Localization System] CLocalize::FindSafe failed to localize: 'AIB[D] intent=recovery-plan family=recover action=back reason=post_fight_regen hp=44'
08/31 17:26:12 [Localization System] CLocalize::FindSafe failed to localize: 'AIB[D] intent=state-recover-xp family=state ttl=5 reason=post_fight_regen hp=44 dist=1696'
08/31 17:26:12 [Localization System] CLocalize::FindSafe failed to localize: 'AIB[D] intent=recovery-owner family=recover band=soft threat=false mode=safe-step hp=44'
08/31 17:26:12 [Localization System] CLocalize::FindSafe failed to localize: 'AIB[D] intent=top-arbiter family=state winner=recover:60 losers=safe-cs:56,hero-over-creep:52,idle-heal:46,emergency-retreat:45,fwd-pullback:44'
08/31 17:26:12 [Localization System] CLocalize::FindSafe failed to localize: 'AIB[D] intent=tick-owner family=other stage=desire/recover base=74 creep_dmg=-14 hp=44 reason=hp_gate score=60'
08/31 17:26:12 [Localization System] CLocalize::FindSafe failed to localize: 'AIB[R] blocked=bottle-rune reason=critical_no_stage hp=23 rune=2119 eta=75'
08/31 17:26:12 [Localization System] CLocalize::FindSafe failed to localize: 'AIB[R] intent=state-recover-safe family=state ttl=2 reason=regen_lane hp=23 dist=1043'
08/31 17:26:12 [Localization System] CLocalize::FindSafe failed to localize: 'AIB[R] blocked=bottle-rune reason=stage_cooldown eta=74'
08/31 17:26:12 [Localization System] CLocalize::FindSafe failed to localize: 'AIB[R] intent=recovery-policy family=recover action=recover hp=24 gate=35 source=early-low'
08/31 17:26:12 [Localization System] CLocalize::FindSafe failed to localize: 'AIB[D] intent=kill-lock family=fight dist=646 ehp=24 hp=43 exec=false atk=true mutual=false reason=killable_enemy'
08/31 17:26:12 [Localization System] CLocalize::FindSafe failed to localize: 'AIB[R] intent=tick-owner family=other stage=laning-core'
08/31 17:26:14 [Localization System] CLocalize::FindSafe failed to localize: 'AIB[R] blocked=recovery-rune-bottle reason=stage_cooldown eta=73'
08/31 17:26:14 [Localization System] CLocalize::FindSafe failed to localize: 'AIB[R] intent=recovery-plan family=recover action=lane reason=empty_bottle_no_rune hp=26 mana=38'
08/31 17:26:14 [Localization System] CLocalize::FindSafe failed to localize: 'AIB[R] t=288s hp=26% gold=111 loc=-1622,-1673 enemy-dist=1422 lh=17 dn=2 dg=+7 dlh=+0 bottle=0 lvl=5 front=8476 ehp=41'
08/31 17:26:14 [Localization System] CLocalize::FindSafe failed to localize: 'AIB[R] intent=recovery-policy family=recover action=recover hp=26 gate=35 source=early-low'
08/31 17:26:15 [Localization System] CLocalize::FindSafe failed to localize: 'AIB[R] intent=tick-owner family=other stage=laning-core'
08/31 17:26:15 [Localization System] CLocalize::FindSafe failed to localize: 'AIB[D] blocked=buy-tp reason=recent_tp since=53'
08/31 17:26:15 [Localization System] CLocalize::FindSafe failed to localize: 'AIB[D] blocked=creep-hit-react reason=recovery_commit hp=40 band=soft'
08/31 17:26:15 [Localization System] CLocalize::FindSafe failed to localize: 'AIB[D] blocked=safety-candidate reason=no_action_capped hp=40 score=44 cause=symptom_no_action'
08/31 17:26:15 [Localization System] CLocalize::FindSafe failed to localize: 'AIB[D] intent=state-desire-last-hit family=farm dist=109 reason=killable_creep score=140'
08/31 17:26:15 [Localization System] CLocalize::FindSafe failed to localize: 'AIB[D] intent=top-arbiter family=state winner=last-hit:140 losers=recover:88,safe-cs:56,hero-over-creep:52,cs-inrange:50,idle-heal:46'
08/31 17:26:15 [Localization System] CLocalize::FindSafe failed to localize: 'AIB[D] intent=tick-owner family=other stage=desire/last-hit dist=109 reason=killable_creep score=140'
08/31 17:26:15 [Localization System] CLocalize::FindSafe failed to localize: 'AIB[R] blocked=bottle-rune reason=no_close_rune max=1900 waterMax=4700 nearest=inf water=inf mid=426 status=2e2-'
08/31 17:26:15 [Localization System] CLocalize::FindSafe failed to localize: 'AIB[R] blocked=recovery-rune-bottle reason=no_close_rune max=3600 waterMax=4700 nearest=inf water=inf mid=426 status=2e2-'
08/31 17:26:15 [Localization System] CLocalize::FindSafe failed to localize: 'AIB[D] intent=recovery-policy family=recover action=recover hp=32 gate=35 source=early-low'
08/31 17:26:15 [Localization System] CLocalize::FindSafe failed to localize: 'AIB[D] blocked=bottle-rune reason=no_close_rune max=1900 waterMax=4700 nearest=inf water=inf mid=420 status=2-2-'
08/31 17:26:15 [Localization System] CLocalize::FindSafe failed to localize: 'AIB[D] blocked=fountain-floor reason=heal_in_flight hp=32 flask=false inflight=item_flask'
08/31 17:26:15 [Localization System] CLocalize::FindSafe failed to localize: 'AIB[D] intent=recovery-plan family=recover action=back reason=heal_in_flight hp=32'
08/31 17:26:16 [Localization System] CLocalize::FindSafe failed to localize: 'AIB[D] blocked=buy-loop reason=saving target=item_power_treads head=item_boots cost=500 gold=123 left=3'
08/31 17:26:16 [Localization System] CLocalize::FindSafe failed to localize: 'AIB[R] blocked=buy-loop reason=saving target=item_power_treads head=item_boots cost=500 gold=113 left=3'
08/31 17:26:16 [Localization System] CLocalize::FindSafe failed to localize: 'AIB[R] intent=recovery-policy family=recover action=recover hp=29 gate=35 source=early-low'
08/31 17:26:17 [Localization System] CLocalize::FindSafe failed to localize: 'AIB[R] intent=tick-owner family=other stage=laning-core'
08/31 17:26:17 [Localization System] CLocalize::FindSafe failed to localize: 'AIB[D] t=290s hp=30% gold=125 loc=-133,-335 lh=16 dn=8 dg=+8 dlh=+0 bottle=0 lvl=5 front=10049 ehp=-1'
08/31 17:26:17 [Localization System] CLocalize::FindSafe failed to localize: 'AIB[D] intent=tick-owner family=other stage=laning-core'
08/31 17:26:17 [Localization System] CLocalize::FindSafe failed to localize: 'AIB[R] blocked=recovery-buy reason=budget_cap hp=30 gold=115 count=2 allow=2'
08/31 17:26:17 [Localization System] CLocalize::FindSafe failed to localize: 'AIB[R] intent=recovery-owner family=recover band=soft threat=false mode=back hp=30'
08/31 17:26:17 [Localization System] CLocalize::FindSafe failed to localize: 'AIB[D] intent=recovery-policy family=recover action=recover hp=29 gate=35 source=early-low'
08/31 17:26:18 [Localization System] CLocalize::FindSafe failed to localize: 'AIB[R] intent=damage-by-source family=other creep=109 tower=110 hero=2059 mixed=57 death=211 other=447 stale=156 gaps=3 tower_any=110'
08/31 17:26:18 [Localization System] CLocalize::FindSafe failed to localize: 'AIB[R] intent=recovery-policy family=recover action=recover hp=32 gate=35 source=early-low'
08/31 17:26:18 [Localization System] CLocalize::FindSafe failed to localize: 'AIB[R] intent=state-desire-recover family=state base=74 danger=28 hp=32 reason=hp_gate score=102'
08/31 17:26:18 [Localization System] CLocalize::FindSafe failed to localize: 'AIB[R] blocked=top-arbiter reason=empty_action winner=recover score=102'
08/31 17:26:18 [Localization System] CLocalize::FindSafe failed to localize: 'AIB[R] blocked=hero-over-creep reason=no_target'
08/31 17:26:18 [Localization System] CLocalize::FindSafe failed to localize: 'AIB[R] blocked=emergency-kill reason=disabled'
08/31 17:26:18 [Localization System] CLocalize::FindSafe failed to localize: 'AIB[R] blocked=uphill-repo reason=low_hp_hold'
08/31 17:26:18 [Localization System] CLocalize::FindSafe failed to localize: 'AIB[R] blocked=harass reason=regen_wanted'
08/31 17:26:18 [Localization System] CLocalize::FindSafe failed to localize: 'AIB[R] blocked=ability-harass reason=nothing_castable'
08/31 17:26:18 [Localization System] CLocalize::FindSafe failed to localize: 'AIB[R] intent=top-arbiter family=state winner=anti-idle:2 losers=recover:102,safe-cs:56,hero-over-creep:52,idle-heal:46,emergency-retreat:45'
08/31 17:26:19 [Localization System] CLocalize::FindSafe failed to localize: 'AIB[R] intent=tick-owner family=other stage=laning-core'
08/31 17:26:19 [Localization System] CLocalize::FindSafe failed to localize: 'AIB[D] intent=tick-owner family=other stage=laning-core'
08/31 17:26:19 [Localization System] CLocalize::FindSafe failed to localize: 'AIB[R] t=293s hp=33% gold=119 loc=-1843,-1619 lh=17 dn=2 dg=+8 dlh=+0 bottle=0 lvl=5 front=8472 ehp=-1'
08/31 17:26:19 [Localization System] CLocalize::FindSafe failed to localize: 'AIB[D] intent=recovery-policy family=recover action=recover hp=30 gate=35 source=early-low'
08/31 17:26:19 [Localization System] CLocalize::FindSafe failed to localize: 'AIB[D] intent=recovery-plan family=recover action=water_rune reason=blocked hp=30 mana=76'
08/31 17:26:20 [Localization System] CLocalize::FindSafe failed to localize: 'AIB[D] blocked=recovery-rune-bottle reason=no_close_rune max=3600 waterMax=4700 nearest=inf water=inf mid=654 status=2-2-'
08/31 17:26:20 [Localization System] CLocalize::FindSafe failed to localize: 'AIB[R] intent=state-desire-recover family=state base=74 danger=28 hp=35 reason=hp_gate score=102'
08/31 17:26:20 [Localization System] CLocalize::FindSafe failed to localize: 'AIB[R] blocked=top-arbiter reason=empty_action winner=recover score=102'
08/31 17:26:20 [Localization System] CLocalize::FindSafe failed to localize: 'AIB[R] intent=top-arbiter family=state winner=anti-idle:2 losers=recover:102,safe-cs:56,hero-over-creep:52,idle-heal:46,emergency-retreat:45'
08/31 17:26:20 [Localization System] CLocalize::FindSafe failed to localize: 'AIB[D] blocked=recovery-buy reason=budget_cap hp=31 gold=130 count=2 allow=2'
08/31 17:26:20 [Localization System] CLocalize::FindSafe failed to localize: 'AIB[D] intent=recovery-owner family=recover band=soft threat=false mode=back hp=31'
08/31 17:26:20 [Server] PR:IncrementIdleTime 6:[I:0:0] 2.00
08/31 17:26:20 [Localization System] CLocalize::FindSafe failed to localize: 'AIB[R] blocked=recover-candidate reason=no_action_capped hp=35 score=44 cause=hp_gate_no_action'
08/31 17:26:20 [Localization System] CLocalize::FindSafe failed to localize: 'AIB[R] blocked=visual-hold reason=empty held=2.1 hp=35 repeat=1 hard=false'
08/31 17:26:21 [Localization System] CLocalize::FindSafe failed to localize: 'AIB[R] intent=tick-owner family=other stage=desire/anti-idle reason=ready score=2 band=idle'
08/31 17:26:21 [Localization System] CLocalize::FindSafe failed to localize: 'AIB[D] intent=tick-owner family=other stage=laning-core'
08/31 17:26:21 [Localization System] CLocalize::FindSafe failed to localize: 'AIB[D] intent=recovery-policy family=recover action=recover hp=31 gate=35 source=early-low'
08/31 17:26:21 [Localization System] CLocalize::FindSafe failed to localize: 'AIB[R] blocked=hero-over-creep reason=no_target'
08/31 17:26:21 [Localization System] CLocalize::FindSafe failed to localize: 'AIB[R] blocked=uphill-repo reason=low_hp_hold'
08/31 17:26:21 [Localization System] CLocalize::FindSafe failed to localize: 'AIB[R] blocked=harass reason=regen_wanted'
08/31 17:26:21 [Localization System] CLocalize::FindSafe failed to localize: 'AIB[R] blocked=ability-harass reason=nothing_castable'
08/31 17:26:22 [Localization System] CLocalize::FindSafe failed to localize: 'AIB[D] t=295s hp=32% gold=132 loc=485,371 lh=16 dn=8 dg=+7 dlh=+0 bottle=0 lvl=5 front=10049 ehp=-1'
08/31 17:26:22 [Localization System] CLocalize::FindSafe failed to localize: 'AIB[R] intent=recovery-plan family=recover action=lane reason=empty_bottle_no_rune hp=37 mana=42'
08/31 17:26:22 [Localization System] CLocalize::FindSafe failed to localize: 'AIB[R] intent=top-arbiter family=state winner=anti-idle:2 losers=safe-cs:56,hero-over-creep:52,idle-heal:46,emergency-retreat:45,fwd-pullback:44'
08/31 17:26:23 [Localization System] CLocalize::FindSafe failed to localize: 'AIB[D] blocked=buy-tp reason=recent_tp since=61'
08/31 17:26:23 [Localization System] CLocalize::FindSafe failed to localize: 'AIB[R] intent=tick-owner family=other stage=desire/anti-idle reason=ready score=2 band=idle'
08/31 17:26:23 [Localization System] CLocalize::FindSafe failed to localize: 'AIB[R] blocked=bottle-rune reason=no_close_rune max=1900 waterMax=4700 nearest=inf water=inf mid=351 status=2e2-'
08/31 17:26:23 [Localization System] CLocalize::FindSafe failed to localize: 'AIB[R] blocked=recovery-rune-bottle reason=no_close_rune max=3600 waterMax=4700 nearest=inf water=inf mid=351 status=2e2-'
08/31 17:26:23 [Localization System] CLocalize::FindSafe failed to localize: 'AIB[D] intent=tick-owner family=other stage=laning-core'
08/31 17:26:23 [Localization System] CLocalize::FindSafe failed to localize: 'AIB[R] intent=top-arbiter family=state winner=creep-work:38.6 losers=safe-cs:56,hero-over-creep:52,idle-heal:46,emergency-retreat:45,fwd-pullback:44'
08/31 17:26:23 [Localization System] CLocalize::FindSafe failed to localize: 'AIB[D] blocked=bottle-rune reason=no_close_rune max=1900 waterMax=4700 nearest=inf water=inf mid=300 status=2-2-'
08/31 17:26:23 [Localization System] CLocalize::FindSafe failed to localize: 'AIB[R] blocked=recover-candidate reason=no_action_capped hp=39 score=44 cause=hp_gate_no_action'
08/31 17:26:24 [Localization System] CLocalize::FindSafe failed to localize: 'AIB[D] blocked=buy-loop reason=saving target=item_power_treads head=item_boots cost=500 gold=135 left=3'
08/31 17:26:24 [Localization System] CLocalize::FindSafe failed to localize: 'AIB[R] blocked=buy-loop reason=saving target=item_power_treads head=item_boots cost=500 gold=125 left=3'
08/31 17:26:24 [Localization System] CLocalize::FindSafe failed to localize: 'AIB[D] intent=recovery-policy family=recover action=recover hp=33 gate=35 source=early-low'
08/31 17:26:24 [Localization System] CLocalize::FindSafe failed to localize: 'AIB[D] intent=state-desire-recover family=state base=74 danger=28 hp=33 reason=hp_gate score=102'
08/31 17:26:24 [Localization System] CLocalize::FindSafe failed to localize: 'AIB[D] blocked=top-arbiter reason=empty_action winner=recover score=102'
08/31 17:26:24 [Localization System] CLocalize::FindSafe failed to localize: 'AIB[D] blocked=hero-over-creep reason=no_target'
08/31 17:26:24 [Localization System] CLocalize::FindSafe failed to localize: 'AIB[D] blocked=emergency-kill reason=disabled'
08/31 17:26:24 [Localization System] CLocalize::FindSafe failed to localize: 'AIB[D] anti-afk-no-chase=1 anti-idle-enter=19 anti-idle-lane=12 anti-idle-lowhp-back=3 bottle-heal=4 bottle-rune=2 channel-interrupt-atk=27 channel-interrupt-chase=35 creep-aggro-back=6 creep-aggro-hero-yield=8 creep-dmg=5 creep-hit-react-aggro-step=1 creep-hit-react-atk=20 creep-hit-react-step=10 cs-wait-release=27 cs-wait=17 cs-walk-gap-large=9 cs-walk-gap-small=7 cs-walk-inrange=1 cs-walk-into-pack=2 cs-walk=17 cs-watchdog-atk=2 cs-watchdog-step=7 deny-act-atk=43 deny-act-walk=11 deny-act=54 deny-cand-doomed=36 deny-cand-tanky=170 dw-active=6 dw-farm=57 dw-fwd=3 empty-bottle-ok=1 fight-hp-behind=8 fountain-trip-release=3 fwd-at-position=5 fwd-hold=1 fwd-position=1 fwd-suppressed-creep=19 fwd-suppressed-cs=2 fwd-suppressed-damage=1 fwd-suppressed-empty=1 fwd-suppressed-hero=9 fwd-suppressed-lowhp=3 fwd-suppressed-motor=11 fwd-suppressed-tower=5 fwd-suppressed-visual=4 fwd-suppressed-watchdog=1 harass-seek=8 heal-blocked-damage=1 heal-inflight-back=2 heal-inflight-hold=1 heal-item=3 heal-want=4 hero-contact-atk=24 hero-contact-chase=3 hero-over-creep=13 hero-pass-atk=11 hero-pass-chase=3 idle=6 kill-lock-atk=2 kill-lock-chase=8 kill-priority=3 killwin-atk=27 killwin-scan=1155 lane-line-fallback=60 lane-line-suppressed-creep-dmg=5 lane-line-suppressed-creep=10 lane-line-suppressed-damage=2 lane-line-suppressed-empty=8 lane-line-suppressed-heal=9 lane-line-suppressed-lowhp=5 lane-line-suppressed-motor=5 last-hit-urgent=71 low-hp-bottle=1 low-hp-limit=6 melee-pack-release=16 melee-pack-space=14 own-ranged-stepback=4 pre-aig=19 precreep-anchor=18 precreep-hold=2 precreep-park-hold=12 precreep-park=188 precreep-space=3 prewave-defend=2 prewave-free-hit=80 recover-safe=4 recover-xp=9 recovery-bottle-active=4 recovery-bottle=2 recovery-buy=6 recovery-enemy-near=369 recovery-flask=2 recovery-regen=3 recovery-tango=1 recovery-wait=1 recovery-yield=2 regen-walk=9 siege-commit-tower=4 siege-step=1 tango-heal=3 uphill-reposition=3 uphill-void-under-fire=10 vendor-heal-suppressed-bottle=5 vendor-heal-suppressed-clarity=5 vendor-heal-suppressed-faerie_fire=1 vendor-heal-suppressed-flask=4 vendor-heal-suppressed-magic_wand=5 vendor-heal-suppressed-tango=8 visual-hold-creep=37 visual-hold-hard-creep=1 visual-hold-hero-step=1 visual-hold-hero=2 visual-hold-lane=3 wave-watch-atk=10 wave-watch-no-wave=13 wave-watch-step=1 wave-watch=22'
08/31 17:26:24 [Localization System] CLocalize::FindSafe failed to localize: 'AIB[D] blocked=uphill-repo reason=low_hp_hold'
08/31 17:26:24 [Localization System] CLocalize::FindSafe failed to localize: 'AIB[D] blocked=harass reason=no_target'
08/31 17:26:24 [Localization System] CLocalize::FindSafe failed to localize: 'AIB[D] blocked=cs-watchdog reason=no_creep lh=16 idle=20'
08/31 17:26:24 [Localization System] CLocalize::FindSafe failed to localize: 'AIB[D] blocked=ability-harass reason=nothing_castable'
08/31 17:26:24 [Localization System] CLocalize::FindSafe failed to localize: 'AIB[D] intent=top-arbiter family=state winner=anti-idle:2 losers=recover:102,safe-cs:56,hero-over-creep:52,idle-heal:46,emergency-retreat:45'
08/31 17:26:24 [Localization System] CLocalize::FindSafe failed to localize: 'AIB[R] blocked=emergency-kill reason=no_target'
08/31 17:26:24 [Localization System] CLocalize::FindSafe failed to localize: 'AIB[R] t=298s hp=41% gold=126 loc=-996,-907 lh=17 dn=2 dg=+7 dlh=+0 bottle=0 lvl=5 front=8472 ehp=-1'
08/31 17:26:25 [Localization System] CLocalize::FindSafe failed to localize: 'AIB[R] blocked=hero-over-creep reason=no_target'
08/31 17:26:25 [Localization System] CLocalize::FindSafe failed to localize: 'AIB[R] blocked=uphill-repo reason=low_hp_hold'
08/31 17:26:25 [Localization System] CLocalize::FindSafe failed to localize: 'AIB[R] blocked=harass reason=regen_wanted'
08/31 17:26:25 [Localization System] CLocalize::FindSafe failed to localize: 'AIB[R] intent=tick-owner family=other stage=laning-core'
08/31 17:26:25 [Localization System] CLocalize::FindSafe failed to localize: 'AIB[R] intent=top-arbiter family=state winner=low-hp-hold:43.2 losers=safe-cs:56,hero-over-creep:52,idle-heal:46,emergency-retreat:45,fwd-pullback:44'
08/31 17:26:25 [Localization System] CLocalize::FindSafe failed to localize: 'AIB[D] intent=tick-owner family=other stage=laning-core'
08/31 17:26:25 [Localization System] CLocalize::FindSafe failed to localize: 'AIB[R] blocked=uphill-repo reason=motor_busy'
08/31 17:26:25 [Localization System] CLocalize::FindSafe failed to localize: 'AIB[R] blocked=ability-harass reason=nothing_castable'
08/31 17:26:25 [Localization System] CLocalize::FindSafe failed to localize: 'AIB[D] intent=state-desire-recover family=state base=74 danger=28 hp=34 reason=hp_gate score=102'
08/31 17:26:25 [Localization System] CLocalize::FindSafe failed to localize: 'AIB[D] blocked=top-arbiter reason=empty_action winner=recover score=102'
08/31 17:26:25 [Localization System] CLocalize::FindSafe failed to localize: 'AIB[D] intent=top-arbiter family=state winner=anti-idle:2 losers=recover:102,safe-cs:56,hero-over-creep:52,idle-heal:46,emergency-retreat:45'
08/31 17:26:26 [Localization System] CLocalize::FindSafe failed to localize: 'AIB[D] intent=recovery-policy family=recover action=recover hp=34 gate=35 source=early-low'
08/31 17:26:26 [Localization System] CLocalize::FindSafe failed to localize: 'AIB[D] blocked=visual-hold reason=empty held=2.1 hp=34 repeat=1 hard=false'
08/31 17:26:26 [Localization System] CLocalize::FindSafe failed to localize: 'AIB[R] blocked=uphill-repo reason=no_reposition'
08/31 17:26:26 [Localization System] CLocalize::FindSafe failed to localize: 'AIB[R] intent=top-arbiter family=state winner=creep-work:38.6 losers=safe-cs:56,hero-over-creep:52,idle-heal:46,emergency-retreat:45,fwd-pullback:44'
08/31 17:26:27 [Localization System] CLocalize::FindSafe failed to localize: 'AIB[R] blocked=recover-candidate reason=no_action_capped hp=43 score=44 cause=hp_gate_no_action'
08/31 17:26:27 [Localization System] CLocalize::FindSafe failed to localize: 'AIB[D] t=300s hp=34% gold=140 loc=809,810 lh=16 dn=8 dg=+8 dlh=+0 bottle=0 lvl=5 front=10020 ehp=-1'
08/31 17:26:27 [Localization System] CLocalize::FindSafe failed to localize: 'AIB[D] intent=damage-by-source family=other creep=533 tower=64 hero=2123 mixed=259 death=0 other=381 stale=91 gaps=3 tower_any=64'
08/31 17:26:27 [Localization System] CLocalize::FindSafe failed to localize: 'AIB[R] intent=tick-owner family=other stage=laning-core'
08/31 17:26:27 [Localization System] CLocalize::FindSafe failed to localize: 'AIB[D] intent=state-desire-recover family=state base=74 danger=28 hp=34 reason=hp_gate score=102'
08/31 17:26:27 [Localization System] CLocalize::FindSafe failed to localize: 'AIB[D] blocked=top-arbiter reason=empty_action winner=recover score=102'
08/31 17:26:27 [Localization System] CLocalize::FindSafe failed to localize: 'AIB[D] blocked=hero-over-creep reason=no_target'
08/31 17:26:27 [Localization System] CLocalize::FindSafe failed to localize: 'AIB[D] blocked=uphill-repo reason=low_hp_hold'
08/31 17:26:27 [Localization System] CLocalize::FindSafe failed to localize: 'AIB[D] blocked=harass reason=no_target'
08/31 17:26:27 [Localization System] CLocalize::FindSafe failed to localize: 'AIB[D] blocked=ability-harass reason=nothing_castable'
08/31 17:26:27 [Localization System] CLocalize::FindSafe failed to localize: 'AIB[D] intent=top-arbiter family=state winner=visual-hold:20 losers=recover:102,safe-cs:56,hero-over-creep:52,idle-heal:46,emergency-retreat:45'
08/31 17:26:27 [Localization System] CLocalize::FindSafe failed to localize: 'AIB[D] intent=tick-owner family=other stage=laning-core'
08/31 17:26:27 [Localization System] CLocalize::FindSafe failed to localize: 'AIB[R] blocked=emergency-kill reason=no_target'
08/31 17:26:27 [Localization System] CLocalize::FindSafe failed to localize: 'AIB[R] blocked=cs-walk reason=melee_pack_refuse dist=496'
08/31 17:26:27 [Localization System] CLocalize::FindSafe failed to localize: 'AIB[R] blocked=visual-hold reason=creep_in_range held=2.1 hp=45 repeat=1 hard=false'
08/31 17:26:28 [Localization System] CLocalize::FindSafe failed to localize: 'AIB[R] blocked=hero-over-creep reason=no_target'
08/31 17:26:28 [Localization System] CLocalize::FindSafe failed to localize: 'AIB[R] blocked=harass reason=regen_wanted'
08/31 17:26:28 [Localization System] CLocalize::FindSafe failed to localize: 'AIB[D] intent=recovery-plan family=recover action=lane reason=empty_bottle_no_rune hp=35 mana=79'
08/31 17:26:28 [Localization System] CLocalize::FindSafe failed to localize: 'AIB[D] intent=recovery-policy family=recover action=recover hp=35 gate=35 source=early-low'
08/31 17:26:28 [Localization System] CLocalize::FindSafe failed to localize: 'AIB[D] blocked=recovery-rune-bottle reason=no_close_rune max=3600 waterMax=4700 nearest=inf water=inf mid=406 status=2-2-'
08/31 17:26:28 [Localization System] CLocalize::FindSafe failed to localize: 'AIB[R] intent=top-arbiter family=state winner=wave-watch:10 losers=safe-cs:56,hero-over-creep:52,idle-heal:46,emergency-retreat:45,fwd-pullback:44'
08/31 17:26:28 [Localization System] CLocalize::FindSafe failed to localize: 'AIB[D] blocked=recover-candidate reason=no_action_capped hp=35 score=44 cause=hp_gate_no_action'
08/31 17:26:28 [Localization System] CLocalize::FindSafe failed to localize: 'AIB[R] blocked=uphill-repo reason=motor_busy'
08/31 17:26:28 [Localization System] CLocalize::FindSafe failed to localize: 'AIB[R] blocked=ability-harass reason=nothing_castable'
08/31 17:26:28 Script function 'Think' on bot npc_dota_hero_nevermore took 2.525ms
08/31 17:26:28 [Localization System] CLocalize::FindSafe failed to localize: 'AIB[D] blocked=recovery-buy reason=budget_cap hp=35 gold=142 count=2 allow=2'
08/31 17:26:29 [Localization System] CLocalize::FindSafe failed to localize: 'AIB[D] intent=top-arbiter family=state winner=anti-idle:2 losers=safe-cs:56,hero-over-creep:52,idle-heal:46,emergency-retreat:45,fwd-pullback:44'
08/31 17:26:29 [Localization System] CLocalize::FindSafe failed to localize: 'AIB[R] intent=state-desire-last-hit family=farm dist=496 reason=killable_creep score=140'
08/31 17:26:29 [Localization System] CLocalize::FindSafe failed to localize: 'AIB[R] intent=tick-owner family=other stage=laning-core'
08/31 17:26:29 [Localization System] CLocalize::FindSafe failed to localize: 'AIB[D] blocked=cs-watchdog reason=no_creep lh=16 idle=25'
08/31 17:26:29 Script function 'UpdateLaneAssignments' took 2.027ms
08/31 17:26:29 [Server] Game code (account 0) tried to execute invalid order (19). Target NPC is dead.
08/31 17:26:29 [Localization System] CLocalize::FindSafe failed to localize: 'AIB[D] intent=tick-owner family=other stage=laning-core'
08/31 17:26:29 [Localization System] CLocalize::FindSafe failed to localize: 'AIB[R] t=303s hp=46% gold=211 loc=-795,-797 lh=19 dn=2 dg=+85 dlh=+2 bottle=0 lvl=5 front=8501 ehp=-1'
08/31 17:26:29 [Localization System] CLocalize::FindSafe failed to localize: 'AIB[R] blocked=uphill-repo reason=no_reposition'
08/31 17:26:29 [Localization System] CLocalize::FindSafe failed to localize: 'AIB[R] blocked=visual-hold reason=empty held=4.2 hp=46 repeat=1 hard=false'
08/31 17:26:30 [Localization System] CLocalize::FindSafe failed to localize: 'AIB[R] intent=top-arbiter family=state winner=creep-work:38.6 losers=safe-cs:56,hero-over-creep:52,idle-heal:46,emergency-retreat:45,fwd-pullback:44'
08/31 17:26:30 [Localization System] CLocalize::FindSafe failed to localize: 'AIB[R] intent=recovery-plan family=recover action=lane reason=empty_bottle_no_rune hp=46 mana=26'
08/31 17:26:30 [Localization System] CLocalize::FindSafe failed to localize: 'AIB[D] blocked=hero-over-creep reason=no_target'
08/31 17:26:30 [Localization System] CLocalize::FindSafe failed to localize: 'AIB[D] blocked=uphill-repo reason=low_hp_hold'
08/31 17:26:30 [Localization System] CLocalize::FindSafe failed to localize: 'AIB[D] blocked=harass reason=no_target'
08/31 17:26:30 [Localization System] CLocalize::FindSafe failed to localize: 'AIB[D] blocked=ability-harass reason=nothing_castable'
08/31 17:26:30 [Localization System] CLocalize::FindSafe failed to localize: 'AIB[D] intent=cs-watchdog family=farm lh=16 idle=26 creep_hp=314 dist=820'
08/31 17:26:30 [Localization System] CLocalize::FindSafe failed to localize: 'AIB[D] intent=top-arbiter family=state winner=creep-work:38.8 losers=safe-cs:56,hero-over-creep:52,idle-heal:46,emergency-retreat:45,fwd-pullback:44'
08/31 17:26:30 [Localization System] CLocalize::FindSafe failed to localize: 'AIB[R] blocked=emergency-kill reason=no_target'
08/31 17:26:31 [Localization System] CLocalize::FindSafe failed to localize: 'AIB[D] blocked=buy-tp reason=recent_tp since=69'
08/31 17:26:31 [Localization System] CLocalize::FindSafe failed to localize: 'AIB[D] blocked=wave-watch reason=not_finishable creep_hp=315 dist=770 idle=28'
08/31 17:26:31 [Localization System] CLocalize::FindSafe failed to localize: 'AIB[R] blocked=hero-over-creep reason=no_target'
08/31 17:26:31 [Localization System] CLocalize::FindSafe failed to localize: 'AIB[R] blocked=harass reason=regen_wanted'
08/31 17:26:31 [Localization System] CLocalize::FindSafe failed to localize: 'AIB[R] intent=tick-owner family=other stage=laning-core'
08/31 17:26:31 [Localization System] CLocalize::FindSafe failed to localize: 'AIB[R] blocked=bottle-rune reason=no_close_rune max=1900 waterMax=4700 nearest=inf water=inf mid=368 status=2e2-'
08/31 17:26:31 [Localization System] CLocalize::FindSafe failed to localize: 'AIB[R] blocked=recovery-rune-bottle reason=no_close_rune max=3600 waterMax=4700 nearest=inf water=inf mid=368 status=2e2-'
08/31 17:26:31 [Localization System] CLocalize::FindSafe failed to localize: 'AIB[R] intent=top-arbiter family=state winner=creep-work:38.6 losers=safe-cs:56,hero-over-creep:52,idle-heal:46,emergency-retreat:45,fwd-pullback:44'
08/31 17:26:31 [Localization System] CLocalize::FindSafe failed to localize: 'AIB[D] blocked=recover-candidate reason=no_action_capped hp=37 score=44 cause=hp_gate_no_action'
08/31 17:26:31 [Localization System] CLocalize::FindSafe failed to localize: 'AIB[D] blocked=bottle-rune reason=no_close_rune max=1900 waterMax=4700 nearest=inf water=inf mid=333 status=2-2-'
08/31 17:26:32 [Localization System] CLocalize::FindSafe failed to localize: 'AIB[D] blocked=buy-loop reason=saving target=item_power_treads head=item_boots cost=500 gold=147 left=3'
08/31 17:26:32 [Localization System] CLocalize::FindSafe failed to localize: 'AIB[R] blocked=buy-loop reason=saving target=item_power_treads head=item_boots cost=500 gold=214 left=3'
08/31 17:26:32 [Localization System] CLocalize::FindSafe failed to localize: 'AIB[D] t=305s hp=37% gold=147 loc=488,411 enemy-dist=1370 lh=16 dn=8 dg=+7 dlh=+0 bottle=0 lvl=5 front=9685 ehp=47'
08/31 17:26:32 [Localization System] CLocalize::FindSafe failed to localize: 'AIB[R] blocked=harass reason=no_target'
08/31 17:26:32 [Localization System] CLocalize::FindSafe failed to localize: 'AIB[R] intent=state-desire-last-hit family=farm dist=475 reason=killable_creep score=140'
08/31 17:26:32 [Localization System] CLocalize::FindSafe failed to localize: 'AIB[D] intent=top-arbiter family=state winner=creep-work:38.8 losers=safe-cs:56,hero-over-creep:52,idle-heal:46,emergency-retreat:45,fwd-pullback:44'
08/31 17:26:32 [Localization System] CLocalize::FindSafe failed to localize: 'AIB[D] intent=tick-owner family=other stage=laning-core'
08/31 17:26:33 [Localization System] CLocalize::FindSafe failed to localize: 'AIB[R] intent=damage-by-source family=other creep=109 tower=110 hero=2059 mixed=57 death=211 other=447 stale=156 gaps=3 tower_any=110'
08/31 17:26:33 [Localization System] CLocalize::FindSafe failed to localize: 'AIB[R] blocked=uphill-repo reason=no_reposition'
08/31 17:26:33 [Localization System] CLocalize::FindSafe failed to localize: 'AIB[R] blocked=ability-harass reason=nothing_castable'
08/31 17:26:33 [Localization System] CLocalize::FindSafe failed to localize: 'AIB[D] blocked=hero-over-creep reason=no_target'
08/31 17:26:33 [Localization System] CLocalize::FindSafe failed to localize: 'AIB[D] blocked=uphill-repo reason=low_hp_hold'
08/31 17:26:33 [Localization System] CLocalize::FindSafe failed to localize: 'AIB[D] blocked=harass reason=no_target'
08/31 17:26:33 [Localization System] CLocalize::FindSafe failed to localize: 'AIB[D] intent=cs-watchdog family=farm lh=16 idle=29 creep_hp=225 dist=828'
08/31 17:26:33 [Localization System] CLocalize::FindSafe failed to localize: 'AIB[R] blocked=emergency-kill reason=no_target'
08/31 17:26:33 [Localization System] CLocalize::FindSafe failed to localize: 'AIB[R] blocked=hero-prio-chase reason=lane_work dist=1180 cs=false creep=false hp_adv=false kill_pressure=false close=false low_farm=false lane_override=false'
08/31 17:26:34 [Localization System] CLocalize::FindSafe failed to localize: 'AIB[R] blocked=hero-over-creep reason=no_target'
08/31 17:26:34 [Localization System] CLocalize::FindSafe failed to localize: 'AIB[D] blocked=emergency-kill reason=disabled'
08/31 17:26:34 [Localization System] CLocalize::FindSafe failed to localize: 'AIB[D] intent=top-arbiter family=state winner=low-hp-hold:43.2 losers=safe-cs:56,hero-over-creep:52,idle-heal:46,emergency-retreat:45,fwd-pullback:44'
08/31 17:26:34 [Localization System] CLocalize::FindSafe failed to localize: 'AIB[R] intent=top-arbiter family=state winner=anti-idle:2 losers=safe-cs:56,hero-over-creep:52,idle-heal:46,emergency-retreat:45,fwd-pullback:44'
08/31 17:26:34 [Localization System] CLocalize::FindSafe failed to localize: 'AIB[R] intent=tick-owner family=other stage=desire/anti-idle reason=ready score=2 band=idle'
08/31 17:26:34 [Localization System] CLocalize::FindSafe failed to localize: 'AIB[D] blocked=recover-candidate reason=no_action_capped hp=38 score=44 cause=hp_gate_no_action'
08/31 17:26:34 [Localization System] CLocalize::FindSafe failed to localize: 'AIB[D] intent=tick-owner family=other stage=laning-core'
08/31 17:26:34 [Localization System] CLocalize::FindSafe failed to localize: 'AIB[R] intent=state-siege-window family=siege ttl=2 wave=2 tower=1515 hp=48 adv=true'
08/31 17:26:34 [Localization System] CLocalize::FindSafe failed to localize: 'AIB[R] intent=tower-opportunity family=siege result=step phase=default wave=2 tower=1515'
08/31 17:26:35 [Localization System] CLocalize::FindSafe failed to localize: 'AIB[R] t=308s hp=48% gold=268 loc=-462,-431 enemy-dist=1422 lh=20 dn=2 dg=+57 dlh=+1 bottle=0 lvl=5 front=9240 ehp=39'
08/31 17:26:35 [Localization System] CLocalize::FindSafe failed to localize: 'AIB[R] blocked=harass reason=no_target'
08/31 17:26:35 [Localization System] CLocalize::FindSafe failed to localize: 'AIB[D] intent=state-desire-last-hit family=farm dist=432 reason=killable_creep score=140'
08/31 17:26:35 [Localization System] CLocalize::FindSafe failed to localize: 'AIB[D] intent=top-arbiter family=state winner=last-hit:140 losers=safe-cs:56,hero-over-creep:52,cs-inrange:50,idle-heal:46,emergency-retreat:45'
08/31 17:26:36 [Localization System] CLocalize::FindSafe failed to localize: 'AIB[R] blocked=uphill-repo reason=no_reposition'
08/31 17:26:36 [Localization System] CLocalize::FindSafe failed to localize: 'AIB[D] intent=recovery-plan family=recover action=lane reason=empty_bottle_no_rune hp=39 mana=83'
08/31 17:26:36 [Localization System] CLocalize::FindSafe failed to localize: 'AIB[R] intent=top-arbiter family=state winner=creep-work:38.6 losers=safe-cs:56,hero-over-creep:52,idle-heal:46,emergency-retreat:45,fwd-pullback:44'
08/31 17:26:36 [Localization System] CLocalize::FindSafe failed to localize: 'AIB[D] blocked=recovery-rune-bottle reason=no_close_rune max=3600 waterMax=4700 nearest=inf water=inf mid=92 status=2-2-'
08/31 17:26:36 [Localization System] CLocalize::FindSafe failed to localize: 'AIB[R] intent=state-desire-siege family=siege base=66 push=12 hp=49 reason=tower_window score=78'
08/31 17:26:36 [Localization System] CLocalize::FindSafe failed to localize: 'AIB[D] blocked=hero-over-creep reason=no_target'
08/31 17:26:36 [Localization System] CLocalize::FindSafe failed to localize: 'AIB[D] intent=tick-owner family=other stage=laning-core'
08/31 17:26:36 [Localization System] CLocalize::FindSafe failed to localize: 'AIB[R] intent=tick-owner family=other stage=laning-core'
08/31 17:26:36 [Localization System] CLocalize::FindSafe failed to localize: 'AIB[R] intent=state-siege-window family=siege ttl=2 wave=2 tower=895 hp=49 adv=false'
08/31 17:26:36 [Localization System] CLocalize::FindSafe failed to localize: 'AIB[R] intent=tower-opportunity family=siege result=step phase=commit wave=2 tower=895'
08/31 17:26:37 [Localization System] CLocalize::FindSafe failed to localize: 'AIB[D] t=310s hp=40% gold=155 loc=675,570 lh=16 dn=8 dg=+8 dlh=+0 bottle=0 lvl=5 front=8620 ehp=-1'
08/31 17:26:37 [Localization System] CLocalize::FindSafe failed to localize: 'AIB[D] intent=top-arbiter family=state winner=low-hp-hold:43.2 losers=safe-cs:56,hero-over-creep:52,idle-heal:46,emergency-retreat:45,fwd-pullback:44'
08/31 17:26:37 [Localization System] CLocalize::FindSafe failed to localize: 'AIB[R] intent=state-desire-fight family=state base=78 execute=20 dist=841 hp=49 ehp=39 reason=enemy_seen score=98'
08/31 17:26:37 [Localization System] CLocalize::FindSafe failed to localize: 'AIB[R] blocked=ability-pressure reason=nothing_castable'
08/31 17:26:37 [Localization System] CLocalize::FindSafe failed to localize: 'AIB[R] blocked=top-arbiter reason=empty_action winner=fight score=98'
08/31 17:26:37 [Localization System] CLocalize::FindSafe failed to localize: 'AIB[D] blocked=creep-hit-react reason=recovery_commit hp=39 band=soft'
08/31 17:26:37 [Localization System] CLocalize::FindSafe failed to localize: 'AIB[D] blocked=safety-candidate reason=no_action_capped hp=39 score=44 cause=symptom_no_action'
08/31 17:26:37 [Localization System] CLocalize::FindSafe failed to localize: 'AIB[D] intent=state-desire-recover family=state base=74 danger=28 creep_dmg=-14 hp=39 reason=hp_gate score=88'
08/31 17:26:37 [Localization System] CLocalize::FindSafe failed to localize: 'AIB[D] intent=recovery-policy family=recover action=recover hp=39 gate=55 source=lane-low'
08/31 17:26:37 [Localization System] CLocalize::FindSafe failed to localize: 'AIB[D] blocked=recovery-buy reason=budget_cap hp=39 gold=155 count=2 allow=2'
08/31 17:26:37 [Localization System] CLocalize::FindSafe failed to localize: 'AIB[R] intent=top-arbiter family=state winner=siege:96 losers=fight:98,safe-cs:56,hero-over-creep:52,idle-heal:46,emergency-retreat:45'
08/31 17:26:37 [Localization System] CLocalize::FindSafe failed to localize: 'AIB[D] intent=state-desire-last-hit family=farm dist=177 reason=killable_creep score=140'
08/31 17:26:37 [Localization System] CLocalize::FindSafe failed to localize: 'AIB[R] blocked=kill-lock reason=tower dist=868 hp=49'
08/31 17:26:37 [Localization System] CLocalize::FindSafe failed to localize: 'AIB[R] intent=recovery-yield-kill family=fight dist=868 hp=49 ehp=15 exec=false atk=true mutual=false'
08/31 17:26:37 [Localization System] CLocalize::FindSafe failed to localize: 'AIB[R] intent=state-desire-siege family=siege base=66 push=12 hp=49 hyst=18 reason=tower_window score=96'
08/31 17:26:37 [Localization System] CLocalize::FindSafe failed to localize: 'AIB[D] blocked=bottle-rune reason=critical_no_stage hp=15 rune=1885 eta=49'
08/31 17:26:37 [Localization System] CLocalize::FindSafe failed to localize: 'AIB[D] blocked=recovery-rune-bottle reason=stage_cooldown eta=49'
08/31 17:26:37 [Localization System] CLocalize::FindSafe failed to localize: 'AIB[D] intent=state-recover-safe family=state ttl=5 reason=post_fight_regen hp=15 dist=449'
08/31 17:26:38 [Localization System] CLocalize::FindSafe failed to localize: 'AIB[D] blocked=bottle-rune reason=stage_cooldown eta=49'
08/31 17:26:38 [Localization System] CLocalize::FindSafe failed to localize: 'AIB[R] intent=tick-owner family=other stage=laning-core'
08/31 17:26:38 [Localization System] CLocalize::FindSafe failed to localize: 'AIB[D] intent=tick-owner family=other stage=laning-core'
08/31 17:26:39 [Localization System] CLocalize::FindSafe failed to localize: 'AIB[D] blocked=recovery-buy reason=fountain_floor_free_heal hp=12 gold=59'
08/31 17:26:40 [Localization System] CLocalize::FindSafe failed to localize: 'AIB[D] blocked=buy-loop reason=saving target=item_power_treads head=item_boots cost=500 gold=59 left=3'
08/31 17:26:40 [Localization System] CLocalize::FindSafe failed to localize: 'AIB[R] blocked=buy-loop reason=saving target=item_power_treads head=item_boots cost=500 gold=275 left=3'
08/31 17:26:40 [Localization System] CLocalize::FindSafe failed to localize: 'AIB[D] intent=recovery-plan family=recover action=water_rune reason=blocked hp=12 mana=85'
08/31 17:26:40 [Localization System] CLocalize::FindSafe failed to localize: 'AIB[D] blocked=heal-item reason=fountain_floor_free_heal hp=13'
08/31 17:26:40 [Localization System] CLocalize::FindSafe failed to localize: 'AIB[D] blocked=recovery-flask reason=fountain_floor_free_heal hp=13'
08/31 17:26:40 [Localization System] CLocalize::FindSafe failed to localize: 'AIB[D] intent=tick-owner family=other stage=laning-core'
08/31 17:26:41 [Localization System] CLocalize::FindSafe failed to localize: 'AIB[R] t=314s hp=43% gold=277 loc=-350,-227 lh=20 dn=2 dg=+9 dlh=+0 bottle=0 lvl=5 front=9859 ehp=-1'
08/31 17:26:41 [Localization System] CLocalize::FindSafe failed to localize: 'AIB[R] blocked=recover-candidate reason=no_action_capped hp=43 score=44 cause=hp_gate_no_action'
08/31 17:26:41 [Localization System] CLocalize::FindSafe failed to localize: 'AIB[R] blocked=hero-over-creep reason=no_target'
08/31 17:26:41 [Localization System] CLocalize::FindSafe failed to localize: 'AIB[R] blocked=bottle-rune reason=no_close_rune max=1900 waterMax=4700 nearest=inf water=inf mid=1122 status=2e2-'
08/31 17:26:41 [Localization System] CLocalize::FindSafe failed to localize: 'AIB[R] blocked=recovery-rune-bottle reason=no_close_rune max=3600 waterMax=4700 nearest=inf water=inf mid=1122 status=2e2-'
08/31 17:26:41 [Localization System] CLocalize::FindSafe failed to localize: 'AIB[R] intent=recovery-plan family=recover action=lane reason=empty_bottle_no_rune hp=43 mana=12'
08/31 17:26:41 [Localization System] CLocalize::FindSafe failed to localize: 'AIB[R] intent=recovery-owner family=recover band=soft threat=false mode=fwd-pullback hp=43'
08/31 17:26:41 [Localization System] CLocalize::FindSafe failed to localize: 'AIB[R] intent=top-arbiter family=state winner=fwd-pullback:44 losers=safe-cs:56,hero-over-creep:52,idle-heal:46,emergency-retreat:45,emergency-kill:43.5'
08/31 17:26:41 [Localization System] CLocalize::FindSafe failed to localize: 'AIB[R] intent=tick-owner family=other stage=desire/fwd-pullback reason=ready score=44 band=lanework'
08/31 17:26:42 [Localization System] CLocalize::FindSafe failed to localize: 'AIB[R] blocked=emergency-kill reason=no_target'
08/31 17:26:42 [Localization System] CLocalize::FindSafe failed to localize: 'AIB[R] blocked=uphill-repo reason=motor_busy'
08/31 17:26:42 [Localization System] CLocalize::FindSafe failed to localize: 'AIB[R] blocked=harass reason=regen_wanted'
08/31 17:26:42 [Localization System] CLocalize::FindSafe failed to localize: 'AIB[R] blocked=ability-harass reason=nothing_castable'
08/31 17:26:42 [Localization System] CLocalize::FindSafe failed to localize: 'AIB[D] blocked=bottle-rune reason=stage_cooldown eta=45'
08/31 17:26:42 [Localization System] CLocalize::FindSafe failed to localize: 'AIB[D] blocked=recovery-rune-bottle reason=stage_cooldown eta=45'
08/31 17:26:42 [Localization System] CLocalize::FindSafe failed to localize: 'AIB[D] t=315s hp=13% gold=62 loc=912,998 lh=16 dn=8 dg=-93 dlh=+0 bottle=0 lvl=5 front=8654 ehp=-1'
08/31 17:26:42 [Localization System] CLocalize::FindSafe failed to localize: 'AIB[D] intent=damage-by-source family=other creep=564 tower=64 hero=2322 mixed=268 death=0 other=381 stale=91 gaps=3 tower_any=64'
08/31 17:26:42 [Localization System] CLocalize::FindSafe failed to localize: 'AIB[R] blocked=recovery-buy reason=budget_cap hp=36 gold=279 count=2 allow=2'
08/31 17:26:42 [Localization System] CLocalize::FindSafe failed to localize: 'AIB[R] intent=top-arbiter family=state winner=fwd-pullback:44 losers=safe-cs:56,hero-over-creep:52,idle-heal:46,emergency-retreat:45,emergency-kill:43.5'
08/31 17:26:43 [Localization System] CLocalize::FindSafe failed to localize: 'AIB[R] blocked=emergency-kill reason=disabled'
08/31 17:26:43 [Localization System] CLocalize::FindSafe failed to localize: 'AIB[D] intent=recovery-plan family=recover action=back reason=post_fight_regen hp=14'
08/31 17:26:43 [Localization System] CLocalize::FindSafe failed to localize: 'AIB[D] intent=state-recover-safe family=state ttl=5 reason=post_fight_regen hp=14 dist=0'
08/31 17:26:43 [Localization System] CLocalize::FindSafe failed to localize: 'AIB[D] intent=tick-owner family=other stage=laning-core'
08/31 17:26:43 [Server] PR:IncrementIdleTime 6:[I:0:0] 3.77
08/31 17:26:43 [Localization System] CLocalize::FindSafe failed to localize: 'AIB[R] intent=tick-owner family=other stage=laning-core'
08/31 17:26:43 [Localization System] CLocalize::FindSafe failed to localize: 'AIB[D] intent=recovery-policy family=recover action=recover hp=14 gate=22 source=emergency-low'
08/31 17:26:44 [Localization System] CLocalize::FindSafe failed to localize: 'AIB[R] blocked=uphill-repo reason=no_reposition'
08/31 17:26:44 [Localization System] CLocalize::FindSafe failed to localize: 'AIB[D] blocked=bottle-rune reason=critical_no_stage hp=14 rune=2207 eta=43'
08/31 17:26:44 [Localization System] CLocalize::FindSafe failed to localize: 'AIB[R] blocked=recover-candidate reason=no_action_capped hp=37 score=44 cause=hp_gate_no_action'
08/31 17:26:44 [Localization System] CLocalize::FindSafe failed to localize: 'AIB[R] blocked=hero-over-creep reason=no_target'
08/31 17:26:44 [Localization System] CLocalize::FindSafe failed to localize: 'AIB[R] intent=top-arbiter family=state winner=anti-idle:2 losers=safe-cs:56,hero-over-creep:52,idle-heal:46,emergency-retreat:45,fwd-pullback:44'
08/31 17:26:45 [Localization System] CLocalize::FindSafe failed to localize: 'AIB[R] blocked=harass reason=regen_wanted'
08/31 17:26:45 [Localization System] CLocalize::FindSafe failed to localize: 'AIB[R] blocked=ability-harass reason=nothing_castable'
08/31 17:26:45 [Localization System] CLocalize::FindSafe failed to localize: 'AIB[D] intent=tick-owner family=other stage=laning-core'
08/31 17:26:45 [Localization System] CLocalize::FindSafe failed to localize: 'AIB[R] intent=tick-owner family=other stage=laning-core'
08/31 17:26:45 [Localization System] CLocalize::FindSafe failed to localize: 'AIB[R] blocked=uphill-repo reason=low_hp_hold'
08/31 17:26:45 [Localization System] CLocalize::FindSafe failed to localize: 'AIB[R] intent=top-arbiter family=state winner=anti-idle:2 losers=safe-cs:56,hero-over-creep:52,idle-heal:46,emergency-retreat:45,fwd-pullback:44'
08/31 17:26:45 [Localization System] CLocalize::FindSafe failed to localize: 'AIB[D] intent=recovery-policy family=recover action=recover hp=15 gate=22 source=emergency-low'
08/31 17:26:46 [Localization System] CLocalize::FindSafe failed to localize: 'AIB[D] blocked=bottle-rune reason=stage_cooldown eta=41'
08/31 17:26:46 [Localization System] CLocalize::FindSafe failed to localize: 'AIB[D] blocked=recovery-rune-bottle reason=stage_cooldown eta=41'
08/31 17:26:46 [Localization System] CLocalize::FindSafe failed to localize: 'AIB[R] t=319s hp=38% gold=284 loc=-1120,-904 lh=20 dn=2 dg=+7 dlh=+0 bottle=0 lvl=5 front=8398 ehp=-1'
08/31 17:26:47 [Localization System] CLocalize::FindSafe failed to localize: 'AIB[D] intent=recovery-plan family=recover action=water_rune reason=blocked hp=16 mana=87'
08/31 17:26:47 [Localization System] CLocalize::FindSafe failed to localize: 'AIB[D] t=320s hp=16% gold=70 loc=835,964 lh=16 dn=8 dg=+8 dlh=+0 bottle=0 lvl=5 front=9858 ehp=-1'
08/31 17:26:47 [Localization System] CLocalize::FindSafe failed to localize: 'AIB[D] intent=tick-owner family=other stage=laning-core'
08/31 17:26:47 [Localization System] CLocalize::FindSafe failed to localize: 'AIB[R] blocked=recover-candidate reason=no_action_capped hp=38 score=44 cause=hp_gate_no_action'
08/31 17:26:47 [Localization System] CLocalize::FindSafe failed to localize: 'AIB[R] blocked=hero-over-creep reason=no_target'
08/31 17:26:47 [Localization System] CLocalize::FindSafe failed to localize: 'AIB[D] intent=recovery-policy family=recover action=recover hp=16 gate=22 source=emergency-low'
08/31 17:26:48 [Localization System] CLocalize::FindSafe failed to localize: 'AIB[D] blocked=buy-loop reason=saving target=item_power_treads head=item_boots cost=500 gold=71 left=3'
08/31 17:26:48 [Localization System] CLocalize::FindSafe failed to localize: 'AIB[R] blocked=buy-loop reason=saving target=item_power_treads head=item_boots cost=500 gold=287 left=3'
08/31 17:26:48 [Localization System] CLocalize::FindSafe failed to localize: 'AIB[R] intent=damage-by-source family=other creep=109 tower=172 hero=2059 mixed=57 death=211 other=447 stale=210 gaps=4 tower_any=172'
08/31 17:26:48 [Localization System] CLocalize::FindSafe failed to localize: 'AIB[R] blocked=harass reason=regen_wanted'
08/31 17:26:48 [Localization System] CLocalize::FindSafe failed to localize: 'AIB[R] blocked=ability-harass reason=nothing_castable'
08/31 17:26:48 [Localization System] CLocalize::FindSafe failed to localize: 'AIB[R] blocked=uphill-repo reason=low_hp_hold'
08/31 17:26:49 [Localization System] CLocalize::FindSafe failed to localize: 'AIB[D] blocked=heal-item reason=fountain_floor_free_heal hp=17'
08/31 17:26:49 [Localization System] CLocalize::FindSafe failed to localize: 'AIB[D] blocked=recovery-flask reason=fountain_floor_free_heal hp=17'
08/31 17:26:49 [Localization System] CLocalize::FindSafe failed to localize: 'AIB[R] blocked=bottle-rune reason=no_close_rune max=1900 waterMax=4700 nearest=inf water=inf mid=728 status=2e2-'
08/31 17:26:49 [Localization System] CLocalize::FindSafe failed to localize: 'AIB[R] blocked=recovery-rune-bottle reason=no_close_rune max=3600 waterMax=4700 nearest=inf water=inf mid=728 status=2e2-'
08/31 17:26:49 [Localization System] CLocalize::FindSafe failed to localize: 'AIB[R] intent=recovery-plan family=recover action=lane reason=empty_bottle_no_rune hp=39 mana=15'
08/31 17:26:49 [Localization System] CLocalize::FindSafe failed to localize: 'AIB[D] intent=tick-owner family=other stage=laning-core'
08/31 17:26:49 [Localization System] CLocalize::FindSafe failed to localize: 'AIB[R] blocked=visual-hold reason=empty held=2.0 hp=39 repeat=2 hard=false'
08/31 17:26:49 [Localization System] CLocalize::FindSafe failed to localize: 'AIB[R] intent=top-arbiter family=state winner=visual-hold:20 losers=safe-cs:56,hero-over-creep:52,idle-heal:46,emergency-retreat:45,fwd-pullback:44'
08/31 17:26:49 [Localization System] CLocalize::FindSafe failed to localize: 'AIB[R] intent=tick-owner family=other stage=desire/visual-hold reason=ready score=20 band=position'
08/31 17:26:49 [Server] PR:IncrementIdleTime 1:[I:0:0] 2.13
08/31 17:26:50 [Localization System] CLocalize::FindSafe failed to localize: 'AIB[D] intent=recovery-policy family=recover action=recover hp=17 gate=22 source=emergency-low'
08/31 17:26:50 [Localization System] CLocalize::FindSafe failed to localize: 'AIB[R] blocked=uphill-repo reason=no_reposition'
08/31 17:26:50 [Localization System] CLocalize::FindSafe failed to localize: 'AIB[D] blocked=bottle-rune reason=critical_no_stage hp=18 rune=2207 eta=37'
08/31 17:26:50 [Localization System] CLocalize::FindSafe failed to localize: 'AIB[D] blocked=recovery-rune-bottle reason=stage_cooldown eta=37'
08/31 17:26:50 [Localization System] CLocalize::FindSafe failed to localize: 'AIB[D] blocked=bottle-rune reason=stage_cooldown eta=37'
08/31 17:26:50 [Localization System] CLocalize::FindSafe failed to localize: 'AIB[R] blocked=recover-candidate reason=no_action_capped hp=40 score=44 cause=hp_gate_no_action'
08/31 17:26:50 [Localization System] CLocalize::FindSafe failed to localize: 'AIB[R] blocked=hero-over-creep reason=no_target'
08/31 17:26:50 [Localization System] CLocalize::FindSafe failed to localize: 'AIB[R] blocked=emergency-kill reason=no_target'
08/31 17:26:50 [Localization System] CLocalize::FindSafe failed to localize: 'AIB[R] intent=melee-pack-space family=safety count=2 dist=150'
08/31 17:26:50 [Localization System] CLocalize::FindSafe failed to localize: 'AIB[R] blocked=cs-walk reason=melee_pack_refuse dist=526'
08/31 17:26:50 [Localization System] CLocalize::FindSafe failed to localize: 'AIB[R] blocked=uphill-repo reason=motor_busy'
08/31 17:26:51 [Localization System] CLocalize::FindSafe failed to localize: 'AIB[R] intent=state-desire-last-hit family=farm dist=440 reason=killable_creep score=140'
08/31 17:26:51 [Localization System] CLocalize::FindSafe failed to localize: 'AIB[R] intent=top-arbiter family=state winner=last-hit:140 losers=safe-cs:56,hero-over-creep:52,cs-inrange:50,idle-heal:46,emergency-retreat:45'
08/31 17:26:51 [Localization System] CLocalize::FindSafe failed to localize: 'AIB[D] intent=recovery-plan family=recover action=water_rune reason=blocked hp=18 mana=89'
08/31 17:26:51 [Localization System] CLocalize::FindSafe failed to localize: 'AIB[R] t=324s hp=40% gold=292 loc=-682,-593 lh=20 dn=2 dg=+8 dlh=+0 bottle=0 lvl=5 front=8649 ehp=-1'
08/31 17:26:51 [Localization System] CLocalize::FindSafe failed to localize: 'AIB[D] intent=tick-owner family=other stage=laning-core'
08/31 17:26:51 Script function 'Think' on bot npc_dota_hero_nevermore took 3.775ms
08/31 17:26:51 [Localization System] CLocalize::FindSafe failed to localize: 'AIB[R] blocked=harass reason=regen_wanted'
08/31 17:26:51 [Localization System] CLocalize::FindSafe failed to localize: 'AIB[R] intent=tick-owner family=other stage=laning-core'
08/31 17:26:51 Script function 'Think' on bot npc_dota_hero_nevermore took 2.093ms
08/31 17:26:52 [Localization System] CLocalize::FindSafe failed to localize: 'AIB[D] intent=recovery-policy family=recover action=recover hp=19 gate=22 source=emergency-low'
08/31 17:26:52 Script function 'Think' on bot npc_dota_hero_nevermore took 2.122ms
08/31 17:26:52 [Localization System] CLocalize::FindSafe failed to localize: 'AIB[D] t=325s hp=19% gold=77 loc=835,964 lh=16 dn=8 dg=+7 dlh=+0 bottle=0 lvl=5 front=9853 ehp=-1'
08/31 17:26:52 Script function 'Think' on bot npc_dota_hero_nevermore took 2.474ms
08/31 17:26:52 [Localization System] CLocalize::FindSafe failed to localize: 'AIB[R] intent=top-arbiter family=state winner=creep-work:38.6 losers=safe-cs:56,hero-over-creep:52,idle-heal:46,emergency-retreat:45,fwd-pullback:44'
08/31 17:26:53 [Localization System] CLocalize::FindSafe failed to localize: 'AIB[D] blocked=recovery-buy reason=flask_in_inventory hp=19'
08/31 17:26:53 [Localization System] CLocalize::FindSafe failed to localize: 'AIB[D] intent=critical-recovery family=recover hp=19 dist=85 ttl=4 reason=hold'
08/31 17:26:53 [Localization System] CLocalize::FindSafe failed to localize: 'AIB[D] intent=recovery-owner family=recover band=critical threat=false mode=critical-lock hp=19'
08/31 17:26:53 [Localization System] CLocalize::FindSafe failed to localize: 'AIB[R] blocked=uphill-repo reason=no_reposition'
08/31 17:26:53 [Localization System] CLocalize::FindSafe failed to localize: 'AIB[R] blocked=harass reason=own_heal_running'
08/31 17:26:53 [Localization System] CLocalize::FindSafe failed to localize: 'AIB[D] intent=tick-owner family=other stage=laning-core'
08/31 17:26:53 [Localization System] CLocalize::FindSafe failed to localize: 'AIB[R] blocked=recover-candidate reason=no_action_capped hp=43 score=44 cause=hp_gate_no_action'
08/31 17:26:53 [Localization System] CLocalize::FindSafe failed to localize: 'AIB[R] blocked=hero-over-creep reason=no_target'
08/31 17:26:53 [Localization System] CLocalize::FindSafe failed to localize: 'AIB[R] blocked=emergency-kill reason=no_target'
08/31 17:26:53 [Localization System] CLocalize::FindSafe failed to localize: 'AIB[R] intent=tick-owner family=other stage=laning-core'
08/31 17:26:54 [Localization System] CLocalize::FindSafe failed to localize: 'AIB[D] intent=recovery-policy family=recover action=recover hp=20 gate=22 source=emergency-low'
08/31 17:26:54 [Localization System] CLocalize::FindSafe failed to localize: 'AIB[R] intent=top-arbiter family=state winner=creep-work:38.6 losers=safe-cs:56,hero-over-creep:52,idle-heal:46,emergency-retreat:45,fwd-pullback:44'
08/31 17:26:54 [Localization System] CLocalize::FindSafe failed to localize: 'AIB[D] blocked=recovery-rune-bottle reason=stage_cooldown eta=33'
08/31 17:26:54 [Localization System] CLocalize::FindSafe failed to localize: 'AIB[D] blocked=bottle-rune reason=stage_cooldown eta=32'
08/31 17:26:55 [Localization System] CLocalize::FindSafe failed to localize: 'AIB[D] intent=critical-recovery family=recover hp=20 dist=85 ttl=2 reason=hold'
08/31 17:26:55 [Localization System] CLocalize::FindSafe failed to localize: 'AIB[D] intent=tick-owner family=other stage=laning-core'
08/31 17:26:55 [Localization System] CLocalize::FindSafe failed to localize: 'AIB[R] intent=state-desire-last-hit family=farm dist=447 reason=killable_creep score=140'
08/31 17:26:55 [Localization System] CLocalize::FindSafe failed to localize: 'AIB[R] intent=top-arbiter family=state winner=last-hit:158 losers=safe-cs:56,hero-over-creep:52,cs-inrange:50,idle-heal:46,emergency-retreat:45'
08/31 17:26:55 [Localization System] CLocalize::FindSafe failed to localize: 'AIB[R] intent=tick-owner family=other stage=laning-core'
08/31 17:26:56 [Localization System] CLocalize::FindSafe failed to localize: 'AIB[D] blocked=buy-loop reason=saving target=item_power_treads head=item_boots cost=500 gold=83 left=3'
08/31 17:26:56 [Localization System] CLocalize::FindSafe failed to localize: 'AIB[R] blocked=buy-loop reason=saving target=item_power_treads head=item_boots cost=500 gold=335 left=3'
08/31 17:26:56 [Localization System] CLocalize::FindSafe failed to localize: 'AIB[D] intent=recovery-policy family=recover action=recover hp=21 gate=22 source=emergency-low'
08/31 17:26:56 [Localization System] CLocalize::FindSafe failed to localize: 'AIB[D] blocked=bottle-rune reason=critical_no_stage hp=21 rune=2207 eta=31'
08/31 17:26:56 [Localization System] CLocalize::FindSafe failed to localize: 'AIB[R] t=330s hp=55% gold=336 loc=-682,-593 lh=21 dn=2 dg=+44 dlh=+1 bottle=0 lvl=5 front=8649 ehp=-1'
08/31 17:26:56 [Localization System] CLocalize::FindSafe failed to localize: 'AIB[R] blocked=hero-over-creep reason=no_target'
08/31 17:26:56 [Localization System] CLocalize::FindSafe failed to localize: 'AIB[R] blocked=emergency-kill reason=no_target'
08/31 17:26:56 [Localization System] CLocalize::FindSafe failed to localize: 'AIB[R] blocked=uphill-repo reason=no_reposition'
08/31 17:26:56 [Localization System] CLocalize::FindSafe failed to localize: 'invalid index'
08/31 17:26:57 [Localization System] CLocalize::FindSafe failed to localize: 'AIB[D] blocked=heal-item reason=fountain_floor_free_heal hp=21'
08/31 17:26:57 [Localization System] CLocalize::FindSafe failed to localize: 'AIB[D] blocked=recovery-flask reason=fountain_floor_free_heal hp=21'
08/31 17:26:57 [Localization System] CLocalize::FindSafe failed to localize: 'AIB[D] intent=critical-recovery family=recover hp=21 dist=85 ttl=4 reason=hold'
08/31 17:26:57 [Localization System] CLocalize::FindSafe failed to localize: 'AIB[R] intent=top-arbiter family=state winner=creep-work:38.6 losers=hero-over-creep:52,idle-heal:46,emergency-retreat:45,fwd-pullback:44,emergency-kill:43.5'
08/31 17:26:57 [Localization System] CLocalize::FindSafe failed to localize: 'AIB[D] t=330s hp=21% gold=85 loc=835,964 lh=16 dn=8 dg=+8 dlh=+0 bottle=0 lvl=5 front=9853 ehp=-1'
08/31 17:26:57 [Localization System] CLocalize::FindSafe failed to localize: 'AIB[D] intent=damage-by-source family=other creep=564 tower=64 hero=2322 mixed=268 death=0 other=381 stale=91 gaps=3 tower_any=64'
08/31 17:26:57 [Localization System] CLocalize::FindSafe failed to localize: 'AIB[R] blocked=bottle-rune reason=no_close_rune max=1900 waterMax=4700 nearest=inf water=inf mid=389 status=2e2-'
08/31 17:26:57 [Localization System] CLocalize::FindSafe failed to localize: 'AIB[R] blocked=recovery-rune-bottle reason=no_close_rune max=3600 waterMax=4700 nearest=inf water=inf mid=389 status=2e2-'
08/31 17:26:57 [Localization System] CLocalize::FindSafe failed to localize: 'AIB[R] intent=recovery-plan family=recover action=lane reason=empty_bottle_no_rune hp=59 mana=20'
08/31 17:26:57 [Localization System] CLocalize::FindSafe failed to localize: 'AIB[R] blocked=harass reason=own_heal_running'
08/31 17:26:57 [Localization System] CLocalize::FindSafe failed to localize: 'AIB[D] intent=tick-owner family=other stage=laning-core'
08/31 17:26:57 [Localization System] CLocalize::FindSafe failed to localize: 'AIB[R] intent=state-desire-last-hit family=farm dist=487 reason=killable_creep score=140'
08/31 17:26:57 [Localization System] CLocalize::FindSafe failed to localize: 'AIB[R] intent=tick-owner family=other stage=desire/last-hit dist=487 reason=killable_creep score=140'
08/31 17:26:58 [Localization System] CLocalize::FindSafe failed to localize: 'AIB[R] blocked=ability-harass reason=nothing_castable'
08/31 17:26:58 [Localization System] CLocalize::FindSafe failed to localize: 'AIB[D] intent=recovery-policy family=recover action=recover hp=23 gate=35 source=early-low'
08/31 17:26:58 [Localization System] CLocalize::FindSafe failed to localize: 'AIB[D] blocked=recovery-rune-bottle reason=stage_cooldown eta=28'
08/31 17:26:58 [Localization System] CLocalize::FindSafe failed to localize: 'AIB[D] blocked=recovery-buy reason=budget_cap hp=23 gold=87 count=3 allow=2'
08/31 17:26:58 [Localization System] CLocalize::FindSafe failed to localize: 'AIB[D] blocked=bottle-rune reason=stage_cooldown eta=28'
08/31 17:26:59 [Localization System] CLocalize::FindSafe failed to localize: 'AIB[D] intent=recovery-owner family=recover band=soft threat=false mode=critical-lock hp=25'
08/31 17:26:59 [Localization System] CLocalize::FindSafe failed to localize: 'AIB[D] intent=recovery-plan family=recover action=lane reason=empty_bottle_no_rune hp=26 mana=93'
08/31 17:26:59 [Localization System] CLocalize::FindSafe failed to localize: 'AIB[R] anti-afk-no-chase=1 anti-idle-enter=25 anti-idle-lane=14 anti-idle-lowhp-back=3 bottle-heal=2 bottle-rune=1 channel-interrupt-atk=23 channel-interrupt-chase=16 creep-aggro-back=2 creep-aggro-hero-yield=4 creep-aggro-hit=8 creep-dmg=3 creep-hit-react-atk=7 creep-hit-react-step=2 cs-wait-release=36 cs-wait=22 cs-walk-gap-large=20 cs-walk-gap-small=82 cs-walk-inrange=31 cs-walk-into-pack=55 cs-walk=133 cs-watchdog-atk=2 cs-watchdog-step=10 cw-push-cs-step=2 cw-push=278 deny-act-atk=13 deny-act-walk=15 deny-act=28 deny-cand-doomed=10 deny-cand-tanky=105 dw-active=3 dw-fwd=2 empty-bottle-ok=2 fight-hp-behind=8 fwd-at-position=9 fwd-hold=2 fwd-lowhp-pull=3 fwd-position=2 fwd-suppressed-creep=5 fwd-suppressed-cs=3 fwd-suppressed-empty=3 fwd-suppressed-hero=2 fwd-suppressed-lowhp=2 fwd-suppressed-motor=24 fwd-suppressed-recovery=3 fwd-suppressed-tower=7 fwd-suppressed-visual=4 fwd-suppressed-watchdog=2 heal-inflight-back=2 heal-inflight-hold=1 heal-item=3 heal-want=2 hero-contact-atk=28 hero-contact-chase=9 hero-over-creep=29 hero-pass-atk=21 hero-pass-chase=9 hero-prio-always=18 hero-prio-chase-hold=13 hero-prio-chase=36 idle=12 kill-lock-atk=1 kill-lock-chase=8 kill-priority=9 killwin-atk=43 killwin-scan=1103 lane-line-fallback=83 lane-line-suppressed-creep-dmg=1 lane-line-suppressed-creep=6 lane-line-suppressed-empty=2 lane-line-suppressed-heal=10 lane-line-suppressed-lowhp=11 lane-line-suppressed-motor=10 last-hit-urgent=92 low-hp-limit=5 mana-clarity=1 melee-pack-release=19 melee-pack-space=17 no-dive=2 own-ranged-stepback=3 pre-aig=25 precreep-anchor=17 precreep-close=3 precreep-contact=5 precreep-hold=2 precreep-park-hold=13 precreep-park=157 precreep-space=2 prewave-duel-trade=77 prewave-duel-uphill-back=15 recover-safe=17 recover-xp=7 recovery-bottle-active=2 recovery-bottle=1 recovery-buy=5 recovery-enemy-near=338 recovery-flask=3 recovery-regen=5 recovery-tango=3 recovery-yield=1 regen-walk=19 siege-commit-tower=18 siege-step=3 siege-terminal-tower=16 siege-wave-step=1 tango-heal=1 tower-aggro-drop=2 uphill-reposition=3 uphill-void-under-fire=5 vendor-heal-suppressed-bottle=3 vendor-heal-suppressed-clarity=2 vendor-heal-suppressed-faerie_fire=1 vendor-heal-suppressed-flask=4 vendor-heal-suppressed-magic_wand=2 vendor-heal-suppressed-tango=7 visual-hold-creep-step=2 visual-hold-creep=11 visual-hold-lane=5 wave-watch-atk=8 wave-watch-no-wave=21 wave-watch-step=2 wave-watch=17'
08/31 17:26:59 [Localization System] CLocalize::FindSafe failed to localize: 'AIB[D] blocked=bottle-rune reason=no_close_rune max=1900 waterMax=4700 nearest=inf water=inf mid=440 status=2-2-'
08/31 17:26:59 [Localization System] CLocalize::FindSafe failed to localize: 'AIB[D] blocked=recovery-rune-bottle reason=no_close_rune max=3600 waterMax=4700 nearest=inf water=inf mid=440 status=2-2-'
08/31 17:26:59 [Localization System] CLocalize::FindSafe failed to localize: 'AIB[D] intent=critical-recovery family=recover hp=27 dist=85 ttl=2 reason=hold'
08/31 17:26:59 [Localization System] CLocalize::FindSafe failed to localize: 'AIB[D] intent=tick-owner family=other stage=laning-core'
08/31 17:26:59 [Localization System] CLocalize::FindSafe failed to localize: 'AIB[R] blocked=hero-over-creep reason=no_target'
08/31 17:26:59 [Localization System] CLocalize::FindSafe failed to localize: 'AIB[R] blocked=emergency-kill reason=no_target'
08/31 17:26:59 [Localization System] CLocalize::FindSafe failed to localize: 'AIB[R] blocked=uphill-repo reason=no_reposition'
08/31 17:26:59 [Localization System] CLocalize::FindSafe failed to localize: 'AIB[R] intent=top-arbiter family=state winner=anti-idle:2 losers=hero-over-creep:52,idle-heal:46,emergency-retreat:45,fwd-pullback:44,emergency-kill:43.5'
08/31 17:26:59 [Localization System] CLocalize::FindSafe failed to localize: 'AIB[R] intent=tick-owner family=other stage=laning-core'
08/31 17:27:00 [Localization System] CLocalize::FindSafe failed to localize: 'AIB[D] intent=recovery-policy family=recover action=recover hp=32 gate=35 source=early-low'
08/31 17:27:01 [Localization System] CLocalize::FindSafe failed to localize: 'AIB[D] intent=state-desire-recover family=state base=74 danger=28 hp=35 reason=hp_gate score=102'
08/31 17:27:01 [Localization System] CLocalize::FindSafe failed to localize: 'AIB[D] blocked=top-arbiter reason=empty_action winner=recover score=102'
08/31 17:27:01 [Localization System] CLocalize::FindSafe failed to localize: 'AIB[D] blocked=hero-over-creep reason=no_target'
08/31 17:27:01 [Localization System] CLocalize::FindSafe failed to localize: 'AIB[D] blocked=emergency-kill reason=disabled'
08/31 17:27:01 [Localization System] CLocalize::FindSafe failed to localize: 'AIB[D] blocked=uphill-repo reason=low_hp_hold'
08/31 17:27:01 [Localization System] CLocalize::FindSafe failed to localize: 'AIB[D] blocked=harass reason=own_heal_running'
08/31 17:27:01 [Localization System] CLocalize::FindSafe failed to localize: 'AIB[D] blocked=cs-watchdog reason=no_creep lh=16 idle=57'
08/31 17:27:01 [Localization System] CLocalize::FindSafe failed to localize: 'AIB[D] blocked=ability-harass reason=nothing_castable'
08/31 17:27:01 [Localization System] CLocalize::FindSafe failed to localize: 'AIB[D] intent=top-arbiter family=state winner=anti-idle:2 losers=recover:102,safe-cs:56,hero-over-creep:52,idle-heal:46,emergency-retreat:45'
08/31 17:27:01 [Localization System] CLocalize::FindSafe failed to localize: 'AIB[R] intent=top-arbiter family=state winner=creep-work:38.6 losers=hero-over-creep:52,idle-heal:46,emergency-retreat:45,fwd-pullback:44,emergency-kill:43.5'
08/31 17:27:01 [Server] PR:IncrementIdleTime 6:[I:0:0] 18.00
08/31 17:27:01 [Localization System] CLocalize::FindSafe failed to localize: 'AIB[D] blocked=recover-candidate reason=no_action_capped hp=35 score=44 cause=hp_gate_no_action'
08/31 17:27:01 [Localization System] CLocalize::FindSafe failed to localize: 'AIB[R] t=335s hp=74% gold=322 loc=-393,-329 lh=22 dn=2 dg=-14 dlh=+1 bottle=0 lvl=6 front=9061 ehp=-1'
08/31 17:27:01 [Localization System] CLocalize::FindSafe failed to localize: 'AIB[R] blocked=harass reason=own_heal_running'
08/31 17:27:01 [Localization System] CLocalize::FindSafe failed to localize: 'AIB[R] intent=state-desire-last-hit family=farm dist=475 reason=killable_creep score=140'
08/31 17:27:01 [Localization System] CLocalize::FindSafe failed to localize: 'AIB[D] intent=tick-owner family=other stage=laning-core'
08/31 17:27:02 [Localization System] CLocalize::FindSafe failed to localize: 'AIB[R] intent=tick-owner family=other stage=laning-core'
08/31 17:27:02 [Localization System] CLocalize::FindSafe failed to localize: 'AIB[D] t=336s hp=40% gold=93 loc=702,623 enemy-dist=1451 lh=16 dn=8 dg=+8 dlh=+0 bottle=0 lvl=5 front=9462 ehp=78'
08/31 17:27:02 [Localization System] CLocalize::FindSafe failed to localize: 'AIB[D] blocked=emergency-kill reason=no_target'
08/31 17:27:02 [Localization System] CLocalize::FindSafe failed to localize: 'AIB[R] blocked=hero-over-creep reason=no_target'
08/31 17:27:02 [Localization System] CLocalize::FindSafe failed to localize: 'AIB[R] blocked=emergency-kill reason=no_target'
08/31 17:27:02 [Localization System] CLocalize::FindSafe failed to localize: 'AIB[R] blocked=uphill-repo reason=no_reposition'
08/31 17:27:02 [Localization System] CLocalize::FindSafe failed to localize: 'AIB[R] intent=top-arbiter family=state winner=creep-work:38.6 losers=hero-over-creep:52,idle-heal:46,emergency-retreat:45,fwd-pullback:44,emergency-kill:43.5'
08/31 17:27:03 [Localization System] CLocalize::FindSafe failed to localize: 'AIB[D] intent=cs-watchdog family=farm lh=16 idle=59 creep_hp=49 dist=803'
08/31 17:27:03 [Localization System] CLocalize::FindSafe failed to localize: 'AIB[D] intent=top-arbiter family=state winner=creep-work:38.8 losers=safe-cs:56,hero-over-creep:52,idle-heal:46,emergency-retreat:45,fwd-pullback:44'
08/31 17:27:03 [Localization System] CLocalize::FindSafe failed to localize: 'AIB[R] intent=damage-by-source family=other creep=109 tower=172 hero=2059 mixed=57 death=211 other=447 stale=210 gaps=4 tower_any=172'
08/31 17:27:03 [Localization System] CLocalize::FindSafe failed to localize: 'AIB[D] intent=wave-watch-work family=other lh=16 idle=60 creep_hp=50 dist=722'
08/31 17:27:03 [Localization System] CLocalize::FindSafe failed to localize: 'AIB[R] blocked=ability-harass reason=nothing_castable'
08/31 17:27:03 [Localization System] CLocalize::FindSafe failed to localize: 'AIB[D] intent=recovery-owner family=recover band=soft threat=false mode=back hp=43'
08/31 17:27:03 [Localization System] CLocalize::FindSafe failed to localize: 'AIB[R] intent=state-siege-window family=siege ttl=2 wave=2 tower=1249 hp=82 adv=false'
08/31 17:27:03 [Localization System] CLocalize::FindSafe failed to localize: 'AIB[R] blocked=siege reason=healing tower=1249 tank=true'
08/31 17:27:03 [Localization System] CLocalize::FindSafe failed to localize: 'AIB[R] intent=tower-opportunity family=siege result=blocked_healing wave=2 tower=1249'
08/31 17:27:03 [Localization System] CLocalize::FindSafe failed to localize: 'AIB[D] blocked=wave-watch reason=step_hold dist=742'
08/31 17:27:04 [Localization System] CLocalize::FindSafe failed to localize: 'AIB[D] blocked=buy-loop reason=saving target=item_power_treads head=item_boots cost=500 gold=95 left=3'
08/31 17:27:04 [Localization System] CLocalize::FindSafe failed to localize: 'AIB[R] blocked=buy-loop reason=saving target=item_power_treads head=item_boots cost=500 gold=377 left=3'
08/31 17:27:04 [Localization System] CLocalize::FindSafe failed to localize: 'AIB[D] blocked=uphill-repo reason=motor_busy'
08/31 17:27:04 [Localization System] CLocalize::FindSafe failed to localize: 'AIB[D] intent=tick-owner family=other stage=desire/anti-idle reason=ready score=2 band=idle'
08/31 17:27:04 [Localization System] CLocalize::FindSafe failed to localize: 'AIB[R] intent=tick-owner family=other stage=laning-core'
08/31 17:27:04 [Localization System] CLocalize::FindSafe failed to localize: 'AIB[D] blocked=hero-over-creep reason=no_target'
08/31 17:27:04 [Localization System] CLocalize::FindSafe failed to localize: 'AIB[R] intent=top-arbiter family=state winner=wave-watch:10 losers=hero-over-creep:52,idle-heal:46,emergency-retreat:45,fwd-pullback:44,emergency-kill:43.5'
08/31 17:27:04 [Localization System] CLocalize::FindSafe failed to localize: 'AIB[D] blocked=ability-harass reason=nothing_castable'
08/31 17:27:04 [Localization System] CLocalize::FindSafe failed to localize: 'AIB[D] blocked=wave-watch reason=not_finishable creep_hp=511 dist=707 idle=61'
08/31 17:27:04 [Localization System] CLocalize::FindSafe failed to localize: 'AIB[D] intent=top-arbiter family=state winner=wave-watch:10 losers=safe-cs:56,hero-over-creep:52,idle-heal:46,emergency-retreat:45,fwd-pullback:44'
08/31 17:27:05 [Localization System] CLocalize::FindSafe failed to localize: 'AIB[D] blocked=uphill-repo reason=not_trading'
08/31 17:27:05 [Localization System] CLocalize::FindSafe failed to localize: 'AIB[R] blocked=channel-interrupt reason=unsafe dist=1077 hp=88 kind=heal'
08/31 17:27:05 [Localization System] CLocalize::FindSafe failed to localize: 'AIB[D] blocked=channel-interrupt reason=unsafe dist=1069 hp=50 kind=heal'
08/31 17:27:05 [Localization System] CLocalize::FindSafe failed to localize: 'AIB[D] blocked=harass reason=own_heal_running'
08/31 17:27:05 [Localization System] CLocalize::FindSafe failed to localize: 'AIB[R] blocked=bottle-rune reason=no_close_rune max=1900 waterMax=4700 nearest=inf water=inf mid=468 status=2e2-'
08/31 17:27:05 [Localization System] CLocalize::FindSafe failed to localize: 'AIB[R] blocked=recovery-rune-bottle reason=no_close_rune max=3600 waterMax=4700 nearest=inf water=inf mid=468 status=2e2-'
08/31 17:27:05 [Localization System] CLocalize::FindSafe failed to localize: 'AIB[R] intent=recovery-plan family=recover action=lane reason=empty_bottle_no_rune hp=89 mana=35'
08/31 17:27:05 [Localization System] CLocalize::FindSafe failed to localize: 'AIB[D] intent=cs-watchdog family=farm lh=16 idle=61 creep_hp=474 dist=486'
08/31 17:27:05 [Localization System] CLocalize::FindSafe failed to localize: 'AIB[R] blocked=harass reason=own_heal_running'
08/31 17:27:05 [Localization System] CLocalize::FindSafe failed to localize: 'AIB[D] blocked=emergency-kill reason=no_target'
08/31 17:27:05 [Localization System] CLocalize::FindSafe failed to localize: 'AIB[R] blocked=hero-over-creep reason=no_target'
08/31 17:27:05 [Localization System] CLocalize::FindSafe failed to localize: 'AIB[R] blocked=emergency-kill reason=no_target'
08/31 17:27:05 [Localization System] CLocalize::FindSafe failed to localize: 'AIB[R] blocked=uphill-repo reason=no_reposition'
08/31 17:27:05 [Localization System] CLocalize::FindSafe failed to localize: 'AIB[R] blocked=visual-hold reason=creep_in_range held=2.1 hp=90 repeat=1 hard=false'
08/31 17:27:06 [Localization System] CLocalize::FindSafe failed to localize: 'AIB[R] blocked=fight-candidate reason=no_action_capped hp=91 score=40 cause=seen_unreachable'
08/31 17:27:06 [Localization System] CLocalize::FindSafe failed to localize: 'AIB[R] intent=top-arbiter family=state winner=wave-watch:10 losers=hero-over-creep:52,idle-heal:46,emergency-retreat:45,fwd-pullback:44,emergency-kill:43.5'
08/31 17:27:06 [Localization System] CLocalize::FindSafe failed to localize: 'AIB[R] blocked=recovery-buy reason=budget_cap hp=92 gold=380 count=2 allow=2'
08/31 17:27:06 [Localization System] CLocalize::FindSafe failed to localize: 'AIB[D] intent=top-arbiter family=state winner=wave-watch:10 losers=hero-over-creep:52,idle-heal:46,emergency-retreat:45,fwd-pullback:44,emergency-kill:43.5'
08/31 17:27:06 [Localization System] CLocalize::FindSafe failed to localize: 'AIB[D] intent=tick-owner family=other stage=laning-core'
08/31 17:27:06 [Localization System] CLocalize::FindSafe failed to localize: 'AIB[R] intent=tick-owner family=other stage=laning-core'
08/31 17:27:06 [Localization System] CLocalize::FindSafe failed to localize: 'AIB[R] blocked=ability-harass reason=nothing_castable'
08/31 17:27:06 [Localization System] CLocalize::FindSafe failed to localize: 'AIB[D] blocked=recovery-buy reason=budget_cap hp=56 gold=99 count=3 allow=2'
08/31 17:27:06 [Localization System] CLocalize::FindSafe failed to localize: 'AIB[R] t=340s hp=92% gold=381 loc=-320,-269 enemy-dist=872 lh=23 dn=2 dg=+59 dlh=+1 bottle=0 lvl=6 front=9212 ehp=57'
08/31 17:27:07 [Localization System] CLocalize::FindSafe failed to localize: 'AIB[R] blocked=kill-lock reason=chase_into_tower dist=791 ehp=35'
08/31 17:27:07 [Localization System] CLocalize::FindSafe failed to localize: 'AIB[D] intent=channel-interrupt family=fight dist=791 hp=35 kind=heal reason=enemy_heal'
08/31 17:27:07 [Localization System] CLocalize::FindSafe failed to localize: 'AIB[D] t=341s hp=35% gold=100 loc=261,269 enemy-dist=781 lh=16 dn=8 dg=+7 dlh=+0 bottle=0 lvl=5 front=9282 ehp=92'
08/31 17:27:07 [Localization System] CLocalize::FindSafe failed to localize: 'AIB[D] blocked=safety-candidate reason=no_action_capped hp=35 score=44 cause=symptom_no_action'
08/31 17:27:07 [Localization System] CLocalize::FindSafe failed to localize: 'AIB[D] intent=state-desire-recover family=state base=74 danger=28 hp=35 reason=hp_gate score=102'
08/31 17:27:07 [Localization System] CLocalize::FindSafe failed to localize: 'AIB[D] intent=recovery-policy family=recover action=recover hp=35 gate=55 source=lane-low'
08/31 17:27:07 [Localization System] CLocalize::FindSafe failed to localize: 'AIB[D] blocked=bottle-rune reason=no_close_rune max=1900 waterMax=4700 nearest=inf water=inf mid=223 status=2-2-'
08/31 17:27:07 [Localization System] CLocalize::FindSafe failed to localize: 'AIB[D] intent=state-recover-xp family=state ttl=2 reason=regen_lane hp=35 dist=453'
08/31 17:27:07 [Localization System] CLocalize::FindSafe failed to localize: 'AIB[D] intent=top-arbiter family=state winner=recover:102 losers=safe-cs:56,hero-over-creep:52,idle-heal:46,emergency-retreat:45,fwd-pullback:44'
08/31 17:27:08 [Localization System] CLocalize::FindSafe failed to localize: 'AIB[D] intent=state-desire-last-hit family=farm dist=227 reason=killable_creep score=140'
08/31 17:27:08 [Localization System] CLocalize::FindSafe failed to localize: 'AIB[R] intent=state-desire-fight family=state base=78 hp_adv=8 execute=20 dist=661 hp=71 ehp=36 reason=enemy_seen score=106'
08/31 17:27:08 [Localization System] CLocalize::FindSafe failed to localize: 'AIB[R] blocked=ability-pressure reason=nothing_castable'
08/31 17:27:08 [Localization System] CLocalize::FindSafe failed to localize: 'AIB[R] intent=hero-contact family=fight dist=661 hp=71 reason=close_enemy'
08/31 17:27:08 [Localization System] CLocalize::FindSafe failed to localize: 'AIB[R] intent=top-arbiter family=state winner=fight:106 losers=hero-over-creep:52,idle-heal:46,emergency-retreat:45,fwd-pullback:44,emergency-kill:43.5'
08/31 17:27:08 [Localization System] CLocalize::FindSafe failed to localize: 'AIB[D] intent=tick-owner family=other stage=laning-core'
08/31 17:27:08 [Localization System] CLocalize::FindSafe failed to localize: 'AIB[R] intent=kill-lock family=fight dist=600 ehp=36 hp=71 exec=false atk=true mutual=false reason=killable_enemy'
08/31 17:27:08 [Localization System] CLocalize::FindSafe failed to localize: 'AIB[R] intent=tick-owner family=other stage=urgent intent=kill-lock'
08/31 17:27:08 [Localization System] CLocalize::FindSafe failed to localize: 'AIB[D] blocked=fight-candidate reason=no_action_capped hp=36 score=50 cause=hp_behind'
08/31 17:27:09 [Localization System] CLocalize::FindSafe failed to localize: 'invalid index'
08/31 17:27:09 [Server] Game code (account 0) tried to execute invalid order (19). Target NPC is dead.
08/31 17:27:09 [Localization System] CLocalize::FindSafe failed to localize: 'AIB[D] blocked=bottle-rune reason=critical_no_stage hp=7 rune=1748 eta=18'
08/31 17:27:09 [Localization System] CLocalize::FindSafe failed to localize: 'AIB[D] blocked=bottle-rune reason=stage_cooldown eta=18'
08/31 17:27:09 [Localization System] CLocalize::FindSafe failed to localize: 'AIB[D] intent=state-recover-safe family=state ttl=2 reason=regen_lane hp=7 dist=910'
08/31 17:27:10 [Server] Client (account 0) tried to execute invalid order (20). Unit is dead.
08/31 17:27:10 Building: npc_dota_badguys_fort destroyed at 343.200012.
08/31 17:27:10 S:Gamerules: entering state 'DOTA_GAMERULES_STATE_POST_GAME'
08/31 17:27:10 CombatLog allocations: 164KB
08/31 17:27:10 DamageContributionLog allocations: 5KB
08/31 17:27:10 DamageContributionLog num entries: 92
08/31 17:27:10 CDOTAGCServerSystem::MatchSignOut gathering sign out stats. Duration in minutes = 5.720556
08/31 17:27:10    Player 0 Account 0 TotalGold = 2046.000000 TotalXP = 3053.000000 nGoldPerMinute = 357 nXPPerMinute = 533
08/31 17:27:10    nevermore - 0 - Predicted Rank = 0
08/31 17:27:10    Player 0 Account 0 TotalGold = 1597.000000 TotalXP = 2525.000000 nGoldPerMinute = 279 nXPPerMinute = 441
08/31 17:27:10    nevermore - 0 - Predicted Rank = 0
08/31 17:27:10 MatchSignout: Player Pshe Voice Chat Seconds: 0
08/31 17:27:10 ServerMVP: Not calculating stats, invalid lobby type 1.
08/31 17:27:10 Match signout:  duration = 343 (343.233337) Winning team = 0
08/31 17:27:10   Match start date: Mon Aug 31 17:19:56 2026
08/31 17:27:10   Num players on teams:  Good: 1  Bad: 1
08/31 17:27:10 Team 0 Player 0 m_unAccountID = 0  Items: -1, 36, -1, 41, -1, -1, -1, -1, -1, -1, -1
08/31 17:27:10   LastHit = 23  Deny = 2  ClaimedMiss = 10  ClaimedDeny = 4  Miss = 7
08/31 17:27:10   Level: 6 Gold: 652  KDA: 2 / 1 / 0
08/31 17:27:10   Actual Player Damage: 3819 Actual Building Damage: 91 Actual Healing: 0
08/31 17:27:10   Scaled Player Damage: 5260 Scaled Building Damage: 27 Scaled Healing: 0
08/31 17:27:10   XP per min: 357  Gold per min: 533  Claimed Farm: 1570  Support Gold 0
08/31 17:27:10 Team 1 Player 0 m_unAccountID = 0  Items: -1, 36, 41, 38, -1, -1, -1, -1, -1, -1, -1
08/31 17:27:10   LastHit = 17  Deny = 9  ClaimedMiss = 16  ClaimedDeny = 2  Miss = 4
08/31 17:27:10   Level: 6 Gold: 113  KDA: 1 / 2 / 0
08/31 17:27:10   Actual Player Damage: 3406 Actual Building Damage: 4500 Actual Healing: 0
08/31 17:27:10   Scaled Player Damage: 4547 Scaled Building Damage: 1000 Scaled Healing: 0
08/31 17:27:10   XP per min: 279  Gold per min: 441  Claimed Farm: 1471  Support Gold 0
08/31 17:27:10 KILLEATER: Signing out with 0 adjustments
08/31 17:27:10 KILLEATER: Message has 0 player blocks
08/31 17:27:10 Checking to see if we should add overworld rewards to signout:
08/31 17:27:10 	Lobby Eligible For Rewards: 0
08/31 17:27:10 	Overworld Progression Enabled: 1
08/31 17:27:10 	Match Contributes to Overworld: 0
08/31 17:27:10 SIGNOUT: Job created, Protobuf:
08/31 17:27:10 The following signout message has had the gameplay_stats field removed to reduce log file size.
08/31 17:27:10 duration: 343
08/31 17:27:10 date: 1788189596
08/31 17:27:10 teams {
08/31 17:27:10   players {
08/31 17:27:10     steam_id: 0
08/31 17:27:10     hero_id: 11
08/31 17:27:10     items: -1
08/31 17:27:10     items: 36
08/31 17:27:10     items: -1
08/31 17:27:10     items: 41
08/31 17:27:10     items: -1
08/31 17:27:10     items: -1
08/31 17:27:10     items: -1
08/31 17:27:10     items: -1
08/31 17:27:10     items: -1
08/31 17:27:10     items: -1
08/31 17:27:10     items: -1
08/31 17:27:10     gold: 652
08/31 17:27:10     kills: 2
08/31 17:27:10     deaths: 1
08/31 17:27:10     assists: 0
08/31 17:27:10     leaver_status: 1
08/31 17:27:10     last_hits: 23
08/31 17:27:10     denies: 2
08/31 17:27:10     gold_per_min: 357
08/31 17:27:10     xp_per_minute: 533
08/31 17:27:10     gold_spent: 1975
08/31 17:27:10     level: 6
08/31 17:27:10     scaled_hero_damage: 5260
08/31 17:27:10     scaled_tower_damage: 27
08/31 17:27:10     scaled_hero_healing: 0
08/31 17:27:10     time_last_seen: 0
08/31 17:27:10     support_ability_value: 1500
08/31 17:27:10     party_id: 0
08/31 17:27:10     claimed_farm_gold: 1570
08/31 17:27:10     support_gold: 0
08/31 17:27:10     claimed_denies: 4
08/31 17:27:10     claimed_misses: 10
08/31 17:27:10     misses: 7
08/31 17:27:10     ability_upgrades {
08/31 17:27:10       ability: 5059
08/31 17:27:10       time: 58
08/31 17:27:10     }
08/31 17:27:10     ability_upgrades {
08/31 17:27:10       ability: 5063
08/31 17:27:10       time: 212
08/31 17:27:10     }
08/31 17:27:10     ability_upgrades {
08/31 17:27:10       ability: 5059
08/31 17:27:10       time: 270
08/31 17:27:10     }
08/31 17:27:10     ability_upgrades {
08/31 17:27:10       ability: 5063
08/31 17:27:10       time: 357
08/31 17:27:10     }
08/31 17:27:10     ability_upgrades {
08/31 17:27:10       ability: 5059
08/31 17:27:10       time: 387
08/31 17:27:10     }
08/31 17:27:10     ability_upgrades {
08/31 17:27:10       ability: 5063
08/31 17:27:10       time: 478
08/31 17:27:10     }
08/31 17:27:10     net_worth: 1847
08/31 17:27:10     match_player_flags: 0
08/31 17:27:10     hero_damage: 3819
08/31 17:27:10     tower_damage: 91
08/31 17:27:10     hero_healing: 0
08/31 17:27:10     hero_pick_order: 3
08/31 17:27:10     hero_was_randomed: false
08/31 17:27:10     lane: 3
08/31 17:27:10     is_using_plus_guide: false
08/31 17:27:10     hero_damage_received {
08/31 17:27:10       pre_reduction: 1445
08/31 17:27:10       post_reduction: 1224
08/31 17:27:10       damage_type: HERO_DAMAGE_PHYSICAL
08/31 17:27:10     }
08/31 17:27:10     hero_damage_received {
08/31 17:27:10       pre_reduction: 3071
08/31 17:27:10       post_reduction: 2182
08/31 17:27:10       damage_type: HERO_DAMAGE_MAGICAL
08/31 17:27:10     }
08/31 17:27:10     hero_damage_received {
08/31 17:27:10       pre_reduction: 0
08/31 17:27:10       post_reduction: 0
08/31 17:27:10       damage_type: HERO_DAMAGE_PURE
08/31 17:27:10     }
08/31 17:27:10     hero_was_dota_plus_suggestion: false
08/31 17:27:10     seconds_dead: 19
08/31 17:27:10     gold_lost_to_death: 19
08/31 17:27:10     command_count: 0
08/31 17:27:10     mouse_click_cast_command_count: 0
08/31 17:27:10     teleports_used: 1
08/31 17:27:10     cavern_crawl_preferred_map_variant: 0
08/31 17:27:10     bounty_runes: 0
08/31 17:27:10     outposts_captured: 0
08/31 17:27:10     dewards: 0
08/31 17:27:10     wards_placed: 0
08/31 17:27:10     camps_stacked: 0
08/31 17:27:10     player_slot: 1
08/31 17:27:10     item_purchase_times: 0
08/31 17:27:10     item_purchase_times: 58
08/31 17:27:10     item_purchase_times: 0
08/31 17:27:10     item_purchase_times: 357
08/31 17:27:10     item_purchase_times: 0
08/31 17:27:10     item_purchase_times: 0
08/31 17:27:10     item_purchase_times: 0
08/31 17:27:10     item_purchase_times: 0
08/31 17:27:10     item_purchase_times: 0
08/31 17:27:10     item_purchase_times: 0
08/31 17:27:10     item_purchase_times: 0
08/31 17:27:10     hero_damage_dealt {
08/31 17:27:10       pre_reduction: 1811
08/31 17:27:10       post_reduction: 1418
08/31 17:27:10       damage_type: HERO_DAMAGE_PHYSICAL
08/31 17:27:10     }
08/31 17:27:10     hero_damage_dealt {
08/31 17:27:10       pre_reduction: 3395
08/31 17:27:10       post_reduction: 2401
08/31 17:27:10       damage_type: HERO_DAMAGE_MAGICAL
08/31 17:27:10     }
08/31 17:27:10     hero_damage_dealt {
08/31 17:27:10       pre_reduction: 0
08/31 17:27:10       post_reduction: 0
08/31 17:27:10       damage_type: HERO_DAMAGE_PURE
08/31 17:27:10     }
08/31 17:27:10     predicted_position: 4
08/31 17:27:10     lane_outcomes: 255
08/31 17:27:10     friendly_t1_destroyed_time: 0
08/31 17:27:10     enemy_t1_destroyed_time: 0
08/31 17:27:10     friendly_roshan_kills: 0
08/31 17:27:10     enemy_roshan_kills: 0
08/31 17:27:10     power_runes: 0
08/31 17:27:10     water_runes: 0
08/31 17:27:10     stun_duration: 0
08/31 17:27:10     team_number: DOTA_GC_TEAM_GOOD_GUYS
08/31 17:27:10     team_slot: 1
08/31 17:27:10     predicted_rank: 0
08/31 17:27:10     selected_facet: 0
08/31 17:27:10     disable_duration: 0
08/31 17:27:10     tormentor_kills: 0
08/31 17:27:10     wisdom_shrines_taken: 0
08/31 17:27:10   }
08/31 17:27:10 }
08/31 17:27:10 teams {
08/31 17:27:10   players {
08/31 17:27:10     steam_id: 0
08/31 17:27:10     hero_id: 11
08/31 17:27:10     items: -1
08/31 17:27:10     items: 36
08/31 17:27:10     items: 41
08/31 17:27:10     items: 38
08/31 17:27:10     items: -1
08/31 17:27:10     items: -1
08/31 17:27:10     items: -1
08/31 17:27:10     items: -1
08/31 17:27:10     items: -1
08/31 17:27:10     items: -1
08/31 17:27:10     items: -1
08/31 17:27:10     gold: 113
08/31 17:27:10     kills: 1
08/31 17:27:10     deaths: 2
08/31 17:27:10     assists: 0
08/31 17:27:10     leaver_status: 1
08/31 17:27:10     last_hits: 17
08/31 17:27:10     denies: 9
08/31 17:27:10     gold_per_min: 279
08/31 17:27:10     xp_per_minute: 441
08/31 17:27:10     gold_spent: 2015
08/31 17:27:10     level: 6
08/31 17:27:10     scaled_hero_damage: 4547
08/31 17:27:10     scaled_tower_damage: 1000
08/31 17:27:10     scaled_hero_healing: 0
08/31 17:27:10     time_last_seen: 0
08/31 17:27:10     support_ability_value: 1575
08/31 17:27:10     party_id: 0
08/31 17:27:10     claimed_farm_gold: 1471
08/31 17:27:10     support_gold: 0
08/31 17:27:10     claimed_denies: 2
08/31 17:27:10     claimed_misses: 16
08/31 17:27:10     misses: 4
08/31 17:27:10     ability_upgrades {
08/31 17:27:10       ability: 5059
08/31 17:27:10       time: 58
08/31 17:27:10     }
08/31 17:27:10     ability_upgrades {
08/31 17:27:10       ability: 5063
08/31 17:27:10       time: 205
08/31 17:27:10     }
08/31 17:27:10     ability_upgrades {
08/31 17:27:10       ability: 5059
08/31 17:27:10       time: 256
08/31 17:27:10     }
08/31 17:27:10     ability_upgrades {
08/31 17:27:10       ability: 5063
08/31 17:27:10       time: 314
08/31 17:27:10     }
08/31 17:27:10     ability_upgrades {
08/31 17:27:10       ability: 5059
08/31 17:27:10       time: 358
08/31 17:27:10     }
08/31 17:27:10     ability_upgrades {
08/31 17:27:10       ability: 5063
08/31 17:27:10       time: 491
08/31 17:27:10     }
08/31 17:27:10     net_worth: 1408
08/31 17:27:10     match_player_flags: 0
08/31 17:27:10     hero_damage: 3406
08/31 17:27:10     tower_damage: 4500
08/31 17:27:10     hero_healing: 0
08/31 17:27:10     hero_pick_order: 4
08/31 17:27:10     hero_was_randomed: false
08/31 17:27:10     lane: 3
08/31 17:27:10     is_using_plus_guide: false
08/31 17:27:10     hero_damage_received {
08/31 17:27:10       pre_reduction: 1811
08/31 17:27:10       post_reduction: 1418
08/31 17:27:10       damage_type: HERO_DAMAGE_PHYSICAL
08/31 17:27:10     }
08/31 17:27:10     hero_damage_received {
08/31 17:27:10       pre_reduction: 3395
08/31 17:27:10       post_reduction: 2401
08/31 17:27:10       damage_type: HERO_DAMAGE_MAGICAL
08/31 17:27:10     }
08/31 17:27:10     hero_damage_received {
08/31 17:27:10       pre_reduction: 0
08/31 17:27:10       post_reduction: 0
08/31 17:27:10       damage_type: HERO_DAMAGE_PURE
08/31 17:27:10     }
08/31 17:27:10     hero_was_dota_plus_suggestion: false
08/31 17:27:10     seconds_dead: 25
08/31 17:27:10     gold_lost_to_death: 69
08/31 17:27:10     command_count: 0
08/31 17:27:10     mouse_click_cast_command_count: 0
08/31 17:27:10     teleports_used: 1
08/31 17:27:10     cavern_crawl_preferred_map_variant: 0
08/31 17:27:10     bounty_runes: 0
08/31 17:27:10     outposts_captured: 0
08/31 17:27:10     dewards: 0
08/31 17:27:10     wards_placed: 0
08/31 17:27:10     camps_stacked: 0
08/31 17:27:10     player_slot: 129
08/31 17:27:10     item_purchase_times: 0
08/31 17:27:10     item_purchase_times: 58
08/31 17:27:10     item_purchase_times: 317
08/31 17:27:10     item_purchase_times: 314
08/31 17:27:10     item_purchase_times: 0
08/31 17:27:10     item_purchase_times: 0
08/31 17:27:10     item_purchase_times: 0
08/31 17:27:10     item_purchase_times: 0
08/31 17:27:10     item_purchase_times: 0
08/31 17:27:10     item_purchase_times: 0
08/31 17:27:10     item_purchase_times: 0
08/31 17:27:10     hero_damage_dealt {
08/31 17:27:10       pre_reduction: 1445
08/31 17:27:10       post_reduction: 1224
08/31 17:27:10       damage_type: HERO_DAMAGE_PHYSICAL
08/31 17:27:10     }
08/31 17:27:10     hero_damage_dealt {
08/31 17:27:10       pre_reduction: 3071
08/31 17:27:10       post_reduction: 2182
08/31 17:27:10       damage_type: HERO_DAMAGE_MAGICAL
08/31 17:27:10     }
08/31 17:27:10     hero_damage_dealt {
08/31 17:27:10       pre_reduction: 0
08/31 17:27:10       post_reduction: 0
08/31 17:27:10       damage_type: HERO_DAMAGE_PURE
08/31 17:27:10     }
08/31 17:27:10     predicted_position: 4
08/31 17:27:10     lane_outcomes: 255
08/31 17:27:10     friendly_t1_destroyed_time: 0
08/31 17:27:10     enemy_t1_destroyed_time: 0
08/31 17:27:10     friendly_roshan_kills: 0
08/31 17:27:10     enemy_roshan_kills: 0
08/31 17:27:10     power_runes: 0
08/31 17:27:10     water_runes: 1
08/31 17:27:10     stun_duration: 0
08/31 17:27:10     team_number: DOTA_GC_TEAM_BAD_GUYS
08/31 17:27:10     team_slot: 1
08/31 17:27:10     predicted_rank: 0
08/31 17:27:10     selected_facet: 0
08/31 17:27:10     disable_duration: 0
08/31 17:27:10     tormentor_kills: 0
08/31 17:27:10     wisdom_shrines_taken: 0
08/31 17:27:10   }
08/31 17:27:10 }
08/31 17:27:10 tower_status: 2047
08/31 17:27:10 tower_status: 2047
08/31 17:27:10 barracks_status: 63
08/31 17:27:10 barracks_status: 63
08/31 17:27:10 cluster: 0
08/31 17:27:10 server_addr: "46.247.136.122:27015"
08/31 17:27:10 first_blood_time: 168
08/31 17:27:10 automatic_surrender: false
08/31 17:27:10 server_version: 6918
08/31 17:27:10 additional_msgs {
08/31 17:27:10   id: 8150
08/31 17:27:10   contents: "\010\'"
08/31 17:27:10 }
08/31 17:27:10 additional_msgs {
08/31 17:27:10   id: 8150
08/31 17:27:10   contents: "\0106"
08/31 17:27:10 }
08/31 17:27:10 average_networth_delta: -6
08/31 17:27:10 match_flags: 0
08/31 17:27:10 team_scores: 2
08/31 17:27:10 team_scores: 1
08/31 17:27:10 pre_game_duration: 90
08/31 17:27:10 extra_messages {
08/31 17:27:10   msg_type: 7545
08/31 17:27:10   contents: [removed]
08/31 17:27:10 }
08/31 17:27:10 winning_team: DOTA_GC_TEAM_GOOD_GUYS
08/31 17:27:10 
08/31 17:27:10 match_id: 8976219545
08/31 17:27:10 region_id: 4294967295
08/31 17:27:10 players {
08/31 17:27:10   account_id: 138966212
08/31 17:27:10   ip: 2130706433
08/31 17:27:10   avg_ping_ms: 73
08/31 17:27:10   packet_loss: 0
08/31 17:27:10   ping_deviation: 23.9407272
08/31 17:27:10   full_resends: 0
08/31 17:27:10 }
08/31 17:27:10 cluster_id: 0
08/31 17:27:10 
08/31 17:27:10 Sending CMsgConnectedPlayers for reason GAME_STATE.  Last send was 113.8s ago, urgency is 0.0s
08/31 17:27:10 game_state: DOTA_GAMERULES_STATE_POST_GAME
first_blood_happened: true
send_reason: GAME_STATE
radiant_kills: 2
dire_kills: 1
radiant_lead: 439
building_state: 4784201

08/31 17:27:10 [Localization System] CLocalize::FindSafe failed to localize: 'invalid index'
08/31 17:27:10 [GCClient] Send msg 7381 (k_EMsgGCGameMatchSignOutPermissionRequest), 26 bytes
08/31 17:27:10 [GCClient] Send msg 9113 (k_EMsgServerToGCWarningLowServerFramerate), 25 bytes
08/31 17:27:10 [GCClient] Send msg 7494 (k_EMsgServerToGCMatchConnectionStats), 48 bytes
08/31 17:27:10 [GCClient] Send msg 7034 (k_EMsgGCConnectedPlayers), 26 bytes
08/31 17:27:10 [Localization System] CLocalize::FindSafe failed to localize: 'invalid index'
08/31 17:27:10 C:Gamerules: entering state 'DOTA_GAMERULES_STATE_POST_GAME'
08/31 17:27:10 [Localization System] CLocalize::FindSafe failed to localize: 'invalid index'
08/31 17:27:10 [Client] CDOTA_Hud_Main::EventGameRulesStateChanged DOTA_GAMERULES_STATE_POST_GAME
08/31 17:27:10 [Client] CDOTA_Hud_Main::CreateGameEndScreen Creating GameEnd
08/31 17:27:10 [GCClient] Recv msg 7382 (k_EMsgGCGameMatchSignOutPermissionResponse), 19 bytes
08/31 17:27:10 [GCClient] Recv msg 26 (k_ESOMsg_UpdateMultiple), 337 bytes
08/31 17:27:10 --- CSODOTALobby.game_state: DOTA_GAMERULES_STATE_GAME_IN_PROGRESS
08/31 17:27:10 +++ CSODOTALobby.game_state: DOTA_GAMERULES_STATE_POST_GAME
08/31 17:27:10 SIGNOUT: Permission granted by GC.
08/31 17:27:10 [GCClient] Send msg 7004 (k_EMsgGCGameMatchSignOut), 1044 bytes
08/31 17:27:10 [GCClient] Recv msg 7010 (k_EMsgGCJoinChatChannelResponse), 79 bytes
08/31 17:27:10 WriteSteamRemoteStorageFileAsync( "cfg/chat.cfg" ) -> at 835.495
08/31 17:27:10 [GCClient] Send msg 7272 (k_EMsgGCLeaveChatChannel), 13 bytes
08/31 17:27:10 CAsyncWriteInProgress::OnComplete( "cfg/chat.cfg" ) -> Success at 835.507
08/31 17:27:10 [GCClient] Recv msg 7005 (k_EMsgGCGameMatchSignOutResponse), 315 bytes
08/31 17:27:10 [GCClient] Recv msg 26 (k_ESOMsg_UpdateMultiple), 344 bytes
08/31 17:27:10 --- CSODOTALobby.state: RUN
08/31 17:27:10 +++ CSODOTALobby.state: POSTGAME
08/31 17:27:10 +++ CSODOTALobby.match_outcome: k_EMatchOutcome_RadVictory
08/31 17:27:10 +++ CSODOTALobby.match_duration: 343
08/31 17:27:10 SIGNOUT: Match signout message successfully sent.
08/31 17:27:10 CDOTAGCServerSystem:: Finished submitting MatchSignOutStats.  MatchID = 8976219545
08/31 17:27:10 Wrote Contribution Combat Segments: 6 segments
08/31 17:27:10 Wrote Contribution Unit Names: 1 names
08/31 17:27:10 Wrote Killing Blows: 3
08/31 17:27:10 Wrote Dispels: 0
08/31 17:27:10 CDOTAMatchPrivateMetadata size 9882
08/31 17:27:10 CDOTAMatchMetadataFile size 14845
08/31 17:27:10 [GCClient] Recv msg 26 (k_ESOMsg_UpdateMultiple), 344 bytes
08/31 17:27:10 Telling Steam it is safe to update the app
08/31 17:27:10 [Localization System] CLocalize::FindSafe failed to localize: 'invalid index'
08/31 17:27:10 [GCClient] Recv msg 25 (k_ESOMsg_CacheUnsubscribed), 21 bytes
08/31 17:27:10 [SOCache] CGCSOCacheUnsubscribedJob(owner=<Lobby:29996982674642252>)
08/31 17:27:10 [Localization System] CLocalize::FindSafe failed to localize: 'invalid index'
08/31 17:27:10 [Localization System] CLocalize::FindSafe failed to localize: 'invalid index'
08/31 17:27:10 [GCClient] Recv msg 8081 (k_EMsgGCToClientMatchSignedOut), 14 bytes
08/31 17:27:10 WriteSteamRemoteStorageFileAsync( "cfg/stats.dat" ) -> at 835.555
08/31 17:27:10 WriteSteamRemoteStorageFileAsync( "cfg/chat.cfg" ) -> at 835.558
08/31 17:27:10 [GCClient] Send msg 7272 (k_EMsgGCLeaveChatChannel), 13 bytes
08/31 17:27:10 CAsyncWriteInProgress::OnComplete( "cfg/stats.dat" ) -> Success at 835.572
08/31 17:27:10 CAsyncWriteInProgress::OnComplete( "cfg/chat.cfg" ) -> Success at 835.572
08/31 17:27:10 [GCClient] Send msg 7534 (k_EMsgClientToGCGetProfileCard), 22 bytes
08/31 17:27:11 [GCClient] Recv msg 7535 (k_EMsgClientToGCGetProfileCardResponse), 45 bytes
08/31 17:27:11 [GCClient] Recv msg 7014 (k_EMsgGCOtherLeftChannel), 26 bytes
08/31 17:27:11 [GCClient] Recv msg 7014 (k_EMsgGCOtherLeftChannel), 26 bytes
08/31 17:27:12 [SceneSystem] Too many non-culled draws (alloc 768, need 769), resizing!
08/31 17:27:13 [SceneSystem] Too many non-culled draws (alloc 896, need 898), resizing!
08/31 17:27:13 [GCClient] Recv msg 25 (k_ESOMsg_CacheUnsubscribed), 21 bytes
08/31 17:27:13 [SOCache] CGCSOCacheUnsubscribedJob(owner=<Lobby:29996982674642252>)
08/31 17:27:13 [Server] CDOTAGCServerSystem::SOChanged: Lobby object destroyed, so clearing the lobby while game rules is still in state DOTA_GAMERULES_STATE_POST_GAME(6).
08/31 17:27:13 Lobby object destroyed, previous lobby_id=29996982674642252, match_id=8976219545
08/31 17:27:45 CDOTAHLTVDirector::FinishRecording  m_szLastReplayFilename = replays/auto-20260831-1719-start-Pshe.dem
08/31 17:27:45 [HLTV Server] Completed SourceTV demo "replays/auto-20260831-1719-start-Pshe.dem":
	Recording time 514.4,
	Size 4824645 (312 per tick).
	Animation data size 118 (0 per tick).
08/31 17:27:45 CDOTAHLTVDirector::UploadReplay m_szLastReplayFilename = replays/auto-20260831-1719-start-Pshe.dem
08/31 17:27:45 Renamed replay replays/auto-20260831-1719-start-Pshe.dem to replays/8976219545.dem
08/31 17:29:02 [SteamNetSockets] Certificate expires in 47h49m at 1788362343 (current time 1788190144), will renew in 45h49m
08/31 17:30:59 [Client] CL:  disconnect hud disconnect
08/31 17:30:59 [Localization System] CLocalize::FindSafe failed to localize: 'invalid index'
08/31 17:30:59 [Client] Disconnected from server: NETWORK_DISCONNECT_DISCONNECT_BY_USER
08/31 17:30:59 [HLTV Server] SourceTV[0] shutting down (non-relay) due to server disconnecting game.
08/31 17:30:59 [HLTV Server] CHLTVServer::Shutdown
08/31 17:30:59 [Server] CNetworkGameServerBase::SetServerState (ss_active -> ss_dead)
08/31 17:30:59 [Server] SV:  Server shutting down: NETWORK_DISCONNECT_DISCONNECT_BY_USER (2)
08/31 17:30:59 [Server] CNetworkGameServerBase::SetServerState (ss_active -> ss_dead)
08/31 17:30:59 [Server] Disconnect client 'Pshe' from server: NETWORK_DISCONNECT_SHUTDOWN (Server shutdown)
08/31 17:30:59 [SignonState] Client 0 'Pshe' signon state SIGNONSTATE_FULL -> SIGNONSTATE_NONE
08/31 17:30:59 [NetSteamConn] CloseSteamNetConnection handle #776939964 (userdata 0)
08/31 17:30:59 [NetSteamConn] Disassociating NetChan Pshe @  (unknown) from Steam Net Connection handle #776939964 (userdata 0)
08/31 17:30:59 [Networking] Summary of connection [#776939964 UDP steamid:76561198099231940@127.0.0.1:64477 'Pshe']:
08/31 17:30:59 [Networking]     End-to-end connection: connected
08/31 17:30:59 [Networking]         Current rates:
08/31 17:30:59 [Networking]             Sent:  29.8 pkts/sec   5.9 K/sec
08/31 17:30:59 [Networking]             Recv:  30.0 pkts/sec   4.4 K/sec
08/31 17:30:59 [Networking]             Ping:0ms    Max latency variance: 0.2ms
08/31 17:30:59 [Networking]             Quality:  100%  (Dropped:0.00%  WeirdSeq:0.00%)
08/31 17:30:59 [Networking]             Est avail bandwidth: 78.1KB/s  
08/31 17:30:59 [Networking]             Bytes buffered: 0
08/31 17:30:59 [Networking]         Lifetime stats:
08/31 17:30:59 [Networking]             Totals
08/31 17:30:59 [Networking]                 Sent:     21,825 pkts      10,437,606 bytes
08/31 17:30:59 [Networking]                 Recv:     21,653 pkts       3,198,056 bytes
08/31 17:30:59 [Networking]                 Recv w seq:     21,652 pkts
08/31 17:30:59 [Networking]                 Dropped   :          0 pkts   0.00%
08/31 17:30:59 [Networking]                 OutOfOrder:          0 pkts   0.00%
08/31 17:30:59 [Networking]                 OOOFixed  :          0 pkts   0.00%
08/31 17:30:59 [Networking]                 Duplicate :          0 pkts   0.00%
08/31 17:30:59 [Networking]                 SeqLurch  :          0 pkts   0.00%
08/31 17:30:59 [Networking]             Ping histogram: (21451 total samples)
08/31 17:30:59 [Networking]                      0-25    25-50    50-75   75-100  100-125  125-150  150-200  200-300     300+
08/31 17:30:59 [Networking]                     21451        0        0        0        0        0        0        0        0
08/31 17:30:59 [Networking]                    100.0%     0.0%     0.0%     0.0%     0.0%     0.0%     0.0%     0.0%     0.0%
08/31 17:30:59 [Networking]             Ping distribution:
08/31 17:30:59 [Networking]                 5th   50th   75th   95th   98th
08/31 17:30:59 [Networking]                 0ms    0ms    0ms    0ms    0ms
08/31 17:30:59 [Networking]             Connection quality histogram: (142 measurement intervals)
08/31 17:30:59 [Networking]                 perfect    99+  97-99  95-97  90-95  75-90  50-75    <50   dead
08/31 17:30:59 [Networking]                     142      0      0      0      0      0      0      0      0
08/31 17:30:59 [Networking]                  100.0%   0.0%   0.0%   0.0%   0.0%   0.0%   0.0%   0.0%   0.0%
08/31 17:30:59 [Networking]             Connection quality distribution:
08/31 17:30:59 [Networking]               50th  25th   5th   2nd
08/31 17:30:59 [Networking]               100%  100%  100%  100%
08/31 17:30:59 [Networking]             Latency variance histogram: (21648 total measurements)
08/31 17:30:59 [Networking]                       <1     1-2     2-5    5-10   10-20     >20
08/31 17:30:59 [Networking]                    21648       0       0       0       0       0
08/31 17:30:59 [Networking]                   100.0%    0.0%    0.0%    0.0%    0.0%    0.0%
08/31 17:30:59 [Networking]         Rate stats received from remote host 14.2s ago:
08/31 17:30:59 [Networking]             Sent:  30.1 pkts/sec   4.4 K/sec
08/31 17:30:59 [Networking]             Recv:  29.7 pkts/sec   5.8 K/sec
08/31 17:30:59 [Networking]             Ping:0ms    Max latency variance: 0.2ms
08/31 17:30:59 [Networking]             Quality:  100%  (Dropped:0.00%  WeirdSeq:0.00%)
08/31 17:30:59 [Networking]             Bytes buffered: 0
08/31 17:30:59 [Networking]         Lifetime stats received from remote host 115.0s ago:
08/31 17:30:59 [Networking]             Totals
08/31 17:30:59 [Networking]                 Sent:     18,203 pkts       2,680,832 bytes
08/31 17:30:59 [Networking]                 Recv:     18,379 pkts       9,758,720 bytes
08/31 17:30:59 [Networking]                 Recv w seq:     18,377 pkts
08/31 17:30:59 [Networking]                 Dropped   :          0 pkts   0.00%
08/31 17:30:59 [Networking]                 OutOfOrder:          0 pkts   0.00%
08/31 17:30:59 [Networking]                 OOOFixed  :          0 pkts   0.00%
08/31 17:30:59 [Networking]                 Duplicate :          0 pkts   0.00%
08/31 17:30:59 [Networking]                 SeqLurch  :          0 pkts   0.00%
08/31 17:30:59 [Networking]             Ping histogram: (18005 total samples)
08/31 17:30:59 [Networking]                      0-25    25-50    50-75   75-100  100-125  125-150  150-200  200-300     300+
08/31 17:30:59 [Networking]                     18005        0        0        0        0        0        0        0        0
08/31 17:30:59 [Networking]                    100.0%     0.0%     0.0%     0.0%     0.0%     0.0%     0.0%     0.0%     0.0%
08/31 17:30:59 [Networking]             Ping distribution:
08/31 17:30:59 [Networking]                 5th   50th   75th   95th   98th
08/31 17:30:59 [Networking]                 0ms    0ms    0ms    0ms    0ms
08/31 17:30:59 [Networking]             Connection quality histogram: (119 measurement intervals)
08/31 17:30:59 [Networking]                 perfect    99+  97-99  95-97  90-95  75-90  50-75    <50   dead
08/31 17:30:59 [Networking]                     119      0      0      0      0      0      0      0      0
08/31 17:30:59 [Networking]                  100.0%   0.0%   0.0%   0.0%   0.0%   0.0%   0.0%   0.0%   0.0%
08/31 17:30:59 [Networking]             Connection quality distribution:
08/31 17:30:59 [Networking]               50th  25th   5th   2nd
08/31 17:30:59 [Networking]               100%  100%  100%  100%
08/31 17:30:59 [Networking]             Latency variance histogram: (18373 total measurements)
08/31 17:30:59 [Networking]                       <1     1-2     2-5    5-10   10-20     >20
08/31 17:30:59 [Networking]                    18373       0       0       0       0       0
08/31 17:30:59 [Networking]                   100.0%    0.0%    0.0%    0.0%    0.0%    0.0%
08/31 17:30:59 [Networking]     
08/31 17:30:59 [SteamNetSockets] [#776939964 UDP steamid:76561198099231940@127.0.0.1:64477 'Pshe'] closed by app, linger requested but not needed (1001) NETWORK_DISCONNECT_SHUTDOWN
08/31 17:30:59 [NetSteamConn] Removing Steam Net Connection for 127.0.0.1:64477, handle #776939964
08/31 17:30:59 [SteamNetSockets] [#849973077 UDP steamid:90291914634076173@127.0.0.1:27015 'server'] closed by peer (1001): NETWORK_DISCONNECT_SHUTDOWN
08/31 17:30:59 CPlayerVoiceListener::PostSpawnGroupUnload()
08/31 17:30:59 [Server] SV:  AsyncUnloadSpawnGroup( 7 ) -- no such group
08/31 17:30:59 [Server] SV:  AsyncUnloadSpawnGroup( 8 ) -- no such group
08/31 17:30:59 CPlayerVoiceListener::PostSpawnGroupUnload()
08/31 17:30:59 CPlayerVoiceListener::PostSpawnGroupUnload()
08/31 17:30:59 CPlayerVoiceListener::PostSpawnGroupUnload()
08/31 17:30:59 CPlayerVoiceListener::PostSpawnGroupUnload()
08/31 17:30:59 CPlayerVoiceListener::PostSpawnGroupUnload()
08/31 17:30:59 [Server] CSteam3ServerS1::ShutdownGameServer
08/31 17:30:59 [Networking] CNetworkSystem::ShutdownGameServer
08/31 17:30:59 [Networking] Closing 'server' UDP listen socket
08/31 17:30:59 [Networking] Closing 'server' P2P listen socket
08/31 17:30:59 [Networking] Closing 'server' poll group
08/31 17:30:59 [Networking] Closing 'hltv' UDP listen socket
08/31 17:30:59 [Networking] Closing 'hltv' P2P listen socket
08/31 17:30:59 [Networking] Closing 'hltv' poll group
08/31 17:30:59 [Server] CSource2Server::GameServerSteamAPIDeactivated()
08/31 17:30:59 [Client] Disconnecting from server: NETWORK_DISCONNECT_DISCONNECT_BY_USER
08/31 17:30:59 [NetSteamConn] Closing Steam Net Connection on socket 'client' to 127.0.0.1:27015, handle #849973077 (1002 NETWORK_DISCONNECT_DISCONNECT_BY_USER)
08/31 17:30:59 [NetSteamConn] CloseSteamNetConnection handle #849973077 (userdata 1)
08/31 17:30:59 [NetSteamConn] Disassociating NetChan server @  (unknown) from Steam Net Connection handle #849973077 (userdata 1)
08/31 17:30:59 [Networking] Summary of connection [#849973077 UDP steamid:90291914634076173@127.0.0.1:27015 'server']:
08/31 17:30:59 [Networking]     End-to-end connection: closed by remote host, reason code 1001.  (NETWORK_DISCONNECT_SHUTDOWN)
08/31 17:30:59 [Networking]         Current rates:
08/31 17:30:59 [Networking]             Sent:  30.0 pkts/sec   4.4 K/sec
08/31 17:30:59 [Networking]             Recv:  30.0 pkts/sec   5.9 K/sec
08/31 17:30:59 [Networking]             Ping:0ms    Max latency variance: 0.2ms
08/31 17:30:59 [Networking]             Quality:  100%  (Dropped:0.00%  WeirdSeq:0.00%)
08/31 17:30:59 [Networking]             Est avail bandwidth: 78.1KB/s  
08/31 17:30:59 [Networking]             Bytes buffered: 0
08/31 17:30:59 [Networking]         Lifetime stats:
08/31 17:30:59 [Networking]             Totals
08/31 17:30:59 [Networking]                 Sent:     21,655 pkts       3,198,579 bytes
08/31 17:30:59 [Networking]                 Recv:     21,827 pkts      10,438,144 bytes
08/31 17:30:59 [Networking]                 Recv w seq:     21,824 pkts
08/31 17:30:59 [Networking]                 Dropped   :          0 pkts   0.00%
08/31 17:30:59 [Networking]                 OutOfOrder:          0 pkts   0.00%
08/31 17:30:59 [Networking]                 OOOFixed  :          0 pkts   0.00%
08/31 17:30:59 [Networking]                 Duplicate :          0 pkts   0.00%
08/31 17:30:59 [Networking]                 SeqLurch  :          0 pkts   0.00%
08/31 17:30:59 [Networking]             Ping histogram: (21452 total samples)
08/31 17:30:59 [Networking]                      0-25    25-50    50-75   75-100  100-125  125-150  150-200  200-300     300+
08/31 17:30:59 [Networking]                     21452        0        0        0        0        0        0        0        0
08/31 17:30:59 [Networking]                    100.0%     0.0%     0.0%     0.0%     0.0%     0.0%     0.0%     0.0%     0.0%
08/31 17:30:59 [Networking]             Ping distribution:
08/31 17:30:59 [Networking]                 5th   50th   75th   95th   98th
08/31 17:30:59 [Networking]                 0ms    0ms    0ms    0ms    0ms
08/31 17:30:59 [Networking]             Connection quality histogram: (142 measurement intervals)
08/31 17:30:59 [Networking]                 perfect    99+  97-99  95-97  90-95  75-90  50-75    <50   dead
08/31 17:30:59 [Networking]                     142      0      0      0      0      0      0      0      0
08/31 17:30:59 [Networking]                  100.0%   0.0%   0.0%   0.0%   0.0%   0.0%   0.0%   0.0%   0.0%
08/31 17:30:59 [Networking]             Connection quality distribution:
08/31 17:30:59 [Networking]               50th  25th   5th   2nd
08/31 17:30:59 [Networking]               100%  100%  100%  100%
08/31 17:30:59 [Networking]             Latency variance histogram: (21820 total measurements)
08/31 17:30:59 [Networking]                       <1     1-2     2-5    5-10   10-20     >20
08/31 17:30:59 [Networking]                    21820       0       0       0       0       0
08/31 17:30:59 [Networking]                   100.0%    0.0%    0.0%    0.0%    0.0%    0.0%
08/31 17:30:59 [Networking]         Rate stats received from remote host 13.8s ago:
08/31 17:30:59 [Networking]             Sent:  29.7 pkts/sec   5.8 K/sec
08/31 17:30:59 [Networking]             Recv:  30.1 pkts/sec   4.4 K/sec
08/31 17:30:59 [Networking]             Ping:0ms    Max latency variance: 0.1ms
08/31 17:30:59 [Networking]             Quality:  100%  (Dropped:0.00%  WeirdSeq:0.00%)
08/31 17:30:59 [Networking]             Bytes buffered: 0
08/31 17:30:59 [Networking]         Lifetime stats received from remote host 115.0s ago:
08/31 17:30:59 [Networking]             Totals
08/31 17:30:59 [Networking]                 Sent:     18,379 pkts       9,758,720 bytes
08/31 17:30:59 [Networking]                 Recv:     18,204 pkts       2,679,808 bytes
08/31 17:30:59 [Networking]                 Recv w seq:     18,203 pkts
08/31 17:30:59 [Networking]                 Dropped   :          0 pkts   0.00%
08/31 17:30:59 [Networking]                 OutOfOrder:          0 pkts   0.00%
08/31 17:30:59 [Networking]                 OOOFixed  :          0 pkts   0.00%
08/31 17:30:59 [Networking]                 Duplicate :          0 pkts   0.00%
08/31 17:30:59 [Networking]                 SeqLurch  :          0 pkts   0.00%
08/31 17:30:59 [Networking]             Ping histogram: (18006 total samples)
08/31 17:30:59 [Networking]                      0-25    25-50    50-75   75-100  100-125  125-150  150-200  200-300     300+
08/31 17:30:59 [Networking]                     18006        0        0        0        0        0        0        0        0
08/31 17:30:59 [Networking]                    100.0%     0.0%     0.0%     0.0%     0.0%     0.0%     0.0%     0.0%     0.0%
08/31 17:30:59 [Networking]             Ping distribution:
08/31 17:30:59 [Networking]                 5th   50th   75th   95th   98th
08/31 17:30:59 [Networking]                 0ms    0ms    0ms    0ms    0ms
08/31 17:30:59 [Networking]             Connection quality histogram: (119 measurement intervals)
08/31 17:30:59 [Networking]                 perfect    99+  97-99  95-97  90-95  75-90  50-75    <50   dead
08/31 17:30:59 [Networking]                     119      0      0      0      0      0      0      0      0
08/31 17:30:59 [Networking]                  100.0%   0.0%   0.0%   0.0%   0.0%   0.0%   0.0%   0.0%   0.0%
08/31 17:30:59 [Networking]             Connection quality distribution:
08/31 17:30:59 [Networking]               50th  25th   5th   2nd
08/31 17:30:59 [Networking]               100%  100%  100%  100%
08/31 17:30:59 [Networking]             Latency variance histogram: (18199 total measurements)
08/31 17:30:59 [Networking]                       <1     1-2     2-5    5-10   10-20     >20
08/31 17:30:59 [Networking]                    18199       0       0       0       0       0
08/31 17:30:59 [Networking]                   100.0%    0.0%    0.0%    0.0%    0.0%    0.0%
08/31 17:30:59 [Networking]     
08/31 17:30:59 [NetSteamConn] Removing Steam Net Connection for 127.0.0.1:27015, handle #849973077
08/31 17:30:59 [Networking] Closing 'client' poll group
08/31 17:30:59 [HostStateManager] CHostStateMgr::QueueNewRequest( Idle (levelload), 3 )
08/31 17:30:59 [HostStateManager] HostStateRequest::Start(HSR_IDLE):  loop(levelload) id(3) addons() desc(Idle (levelload))
08/31 17:30:59 [EngineServiceManager] SwitchToLoop levelload requested:  id [3] addons []
08/31 17:30:59 [Client] CL:  IGameSystem::LoopDeactivateAllSystems {
08/31 17:30:59 WriteSteamRemoteStorageFileAsync( "scripts/control_groups.txt" ) -> at 1064.605
08/31 17:31:00 WriteSteamRemoteStorageFileAsync( "scripts/item_suggest_preference.txt" ) -> at 1064.605
08/31 17:31:00 [Client] CL:  } IGameSystem::LoopDeactivateAllSystems done
08/31 17:31:00 [stringtables] Client: CNetworkStringTableContainer::RemoveAllTables:  removing 19 tables
08/31 17:31:00 [Server] SV:  IGameSystem::LoopDeactivateAllSystems {
08/31 17:31:00 [Host] HO:  IGameSystem::LoopDeactivateAllSystems {
08/31 17:31:00 [Host] HO:  } IGameSystem::LoopDeactivateAllSystems done
08/31 17:31:00 [Server] SV:  } IGameSystem::LoopDeactivateAllSystems done
08/31 17:31:00 [stringtables] SV: CNetworkStringTableContainer::RemoveAllTables:  removing 19 tables
08/31 17:31:00 [stringtables] CL: CNetworkStringTableContainer::RemoveAllTables:  removing 19 tables
08/31 17:31:00 ILocalize::AddFile() failed to load file "resource/localization/broadcastfacts_english.txt".
08/31 17:31:00 [Client] CL:  CGameRulesGameSystem::GameShutdown uninstalled game rules
08/31 17:31:00 [Client] CL:  CGameRules::CGameRules destructed
08/31 17:31:00 [Client]Skipping setup of already loaded game keyvalues. (base game)
08/31 17:31:00 WriteSteamRemoteStorageFileAsync( "voice_ban.dt" ) -> at 1064.884
08/31 17:31:00 CPlayerVoiceListener::GameShutdown()
08/31 17:31:00 [Server] SV:  CGameRulesGameSystem::GameShutdown uninstalled game rules
08/31 17:31:00 [Server] SV:  CGameRules::CGameRules destructed
08/31 17:31:00 [Server]Skipping setup of already loaded game keyvalues. (base game)
08/31 17:31:00 ChangeGameUIState: DOTA_GAME_UI_DOTA_INGAME -> DOTA_GAME_UI_STATE_LOADING_SCREEN
08/31 17:31:00 [Client] LoadingDisplay changed from NONE to LOADING (map="")
08/31 17:31:00 [HostStateManager] Host activate: Idle (levelload)
08/31 17:31:00 CAsyncWriteInProgress::OnComplete( "scripts/control_groups.txt" ) -> Success at 1064.913
08/31 17:31:00 CAsyncWriteInProgress::OnComplete( "scripts/item_suggest_preference.txt" ) -> Success at 1064.913
08/31 17:31:00 CAsyncWriteInProgress::OnComplete( "voice_ban.dt" ) -> Success at 1064.913
08/31 17:31:00 [NetSteamConn] Steam Net connection #849973077 UDP steamid:90291914634076173@127.0.0.1:27015 'server' closed by peer, reason 1001: NETWORK_DISCONNECT_SHUTDOWN
08/31 17:31:00 [NetSteamConn] CloseSteamNetConnection handle #849973077 (userdata -1)
08/31 17:31:00 [Client] CL:  CLoopModeLevelLoad::MaybeSwitchToGameLoop switching to "game" loopmode with addons ()
08/31 17:31:00 [EngineServiceManager] SwitchToLoop game requested:  id [3] addons []
08/31 17:31:00 [GCClient] Send msg 2569 (k_EMsgClientToGCEquipItems), 33 bytes
08/31 17:31:00 **** Panel MainObjectivesTitle has fill-parent-flow for width, but isn't in a flowing right layout
08/31 17:31:00 **** Panel SideObjectivesTitle has fill-parent-flow for width, but isn't in a flowing right layout
08/31 17:31:00 [ResourceSystem] Failed loading resource "panorama/images/spellicons/dota_base_ability_png.vtex_c" (ERROR_FILEOPEN: File not found)
08/31 17:31:00 [Server] CNetworkGameServerBase::SetServerState (ss_dead -> ss_waitingforgamesessionmanifest)
08/31 17:31:00 [Server] SV:  maxplayers set to 1
08/31 17:31:00 Initializing script VM...
08/31 17:31:00 ...done
08/31 17:31:00 CPlayerVoiceListener::GameInit()
08/31 17:31:00 **** Panel TimeRangeSlider has fill-parent-flow for width, but isn't in a flowing right layout
08/31 17:31:00 **** Panel TimeScrubSlider has fill-parent-flow for width, but isn't in a flowing right layout
08/31 17:31:00 **** Panel SliderAndMarkers has fill-parent-flow for width, but isn't in a flowing right layout
08/31 17:31:00 **** Panel TimeScrubSlider has fill-parent-flow for width, but isn't in a flowing right layout
08/31 17:31:00 [ResourceSystem] Failed loading resource "materials/sprites/blueglow1.vmat_c" (ERROR_FILEOPEN: File not found)
08/31 17:31:00 [Server] SV:  Spawn Server: <empty>
08/31 17:31:00 [Server] CNetworkGameServerBase::SetServerState (ss_waitingforgamesessionmanifest -> ss_loading)
08/31 17:31:00 [Server] CNetworkGameServerBase::SetServerState (ss_loading -> ss_active)
08/31 17:31:00 [GCClient] Recv msg 26 (k_ESOMsg_UpdateMultiple), 102 bytes
08/31 17:31:00 [GCClient] Recv msg 2570 (k_EMsgClientToGCEquipItemsResponse), 26 bytes
08/31 17:31:00 [Client] CL:  CWaitForGameServerStartupPrerequisite done waiting for server
08/31 17:31:00 [Client] CL:  CCreateGameClientJob creating client connection to 'loopback'
08/31 17:31:00 [SteamNetSockets] [#2819303851 pipe] connected
08/31 17:31:00 [SteamNetSockets] [#581695539 pipe] connected
08/31 17:31:00 [Networking] Created poll group for socket 'client'
08/31 17:31:00 [Networking] Created poll group for socket 'server'
08/31 17:31:00 [Networking] Connected loopback client=a80b29ab@loopback:1 <-> server=22abf833@loopback:0
08/31 17:31:00 [Client] Tick packet desired receive margin now 5.0ms.  cl_tickpacket_recvmargin_desired=5  cl_tickpacket_desired_queuelength=0.  engine_frametime_warnings_enable=1, cl_async_usercmd_send=1
08/31 17:31:00 [NetSteamConn] Associating NetChan Pshe @ loopback:0 (loopback:0) with Steam Net Connection handle #581695539 (userdata 1)
08/31 17:31:00 [NetSteamConn] Associating NetChan server @ loopback:1 (loopback:1) with Steam Net Connection handle #2819303851 (userdata 0)
08/31 17:31:00 [Client] CL:  Connected to 'loopback:1'
08/31 17:31:00 [Server] Client 0 'Pshe' setting rate to 80000
08/31 17:31:00 [Client] Game: "Dota 2"
08/31 17:31:00 [Client] Map: "<empty>"
08/31 17:31:00 [Client] Players: 1 (0 bots) / 1 humans
08/31 17:31:00 [Client] Build: 10835 (revision 10949923)
08/31 17:31:00 [Client] Server Number: 4
08/31 17:31:00 [SignonState] CL:  CNetworkGameClient::ProcessServerInfo
08/31 17:31:00 ReadSteamRemoteStorageFile( bufOut, "voice_ban.dt" ) -> 0.000897 seconds
08/31 17:31:00 [Client] CNetworkGameClient::ProcessClassInfo: create on client true
08/31 17:31:00 [Client] CNetworkGameClient::ProcessClassInfo: creating client serializers from local server serializers (crc 0, server api exists)
08/31 17:31:00 [Client] Client missing networkable entity class CPhysMagnet
08/31 17:31:00 [Client] Client missing networkable entity class CSpotlightEnd
08/31 17:31:00 [Client] CNetworkGameClientBase::LinkClasses took 140.560 msec
08/31 17:31:02 [Client] CL:  CGameClientConnectPrerequisite connection succeeded
08/31 17:31:02 ChangeGameUIState: DOTA_GAME_UI_STATE_LOADING_SCREEN -> DOTA_GAME_UI_STATE_DASHBOARD
08/31 17:31:02 [Client] LoadingDisplay changed from LOADING to NONE (map="<empty>")
08/31 17:31:02 CDOTA_DB_Page_Post_Game_Hero_Stats::PopulateHeroStatsForSlot No player data
08/31 17:31:02 CDOTA_DB_Page_Post_Game_Hero_Stats::PopulateHeroStatsForSlot No player data
08/31 17:31:02 [Server] SV:  IGameSystem::LoopActivateAllSystems {
08/31 17:31:02 [Host] HO:  IGameSystem::LoopActivateAllSystems {
08/31 17:31:02 [Host] HO:  } IGameSystem::LoopActivateAllSystems done
08/31 17:31:02 [Server] SV:  } IGameSystem::LoopActivateAllSystems done
08/31 17:31:02 [Server] SV:  Game started
08/31 17:31:02 [Client] CL:  IGameSystem::LoopActivateAllSystems {
08/31 17:31:02 ReadSteamRemoteStorageFile( bufOut, "scripts/control_groups.txt" ) -> 0.000705 seconds
08/31 17:31:02 ReadSteamRemoteStorageFile( bufOut, "scripts/item_suggest_preference.txt" ) -> 0.000547 seconds
08/31 17:31:02 [Client] CL:  } IGameSystem::LoopActivateAllSystems done
08/31 17:31:02 [SignonState] CL:  CNetworkGameClient::OnSwitchLoopModeFinished( game : success )
08/31 17:31:02 [GCClient] Send msg 7197 (k_EMsgGCMatchmakingStatsRequest), 8 bytes
08/31 17:31:03 **** Panel GraphPersonalNWButton has fill-parent-flow for width, but isn't in a flowing right layout
08/31 17:31:03 **** Panel  has fill-parent-flow for width, but isn't in a flowing right layout
08/31 17:31:03 **** Panel  has fill-parent-flow for width, but isn't in a flowing right layout
08/31 17:31:03 **** Panel  has fill-parent-flow for width, but isn't in a flowing right layout
08/31 17:31:03 **** Panel  has fill-parent-flow for width, but isn't in a flowing right layout
08/31 17:31:03 **** Panel  has fill-parent-flow for width, but isn't in a flowing right layout
08/31 17:31:03 [ResourceSystem] Failed loading resource "panorama/images/items/dota_base_ability_png.vtex_c" (ERROR_FILEOPEN: File not found)
08/31 17:31:03 [Server] SV:  Sending full update to client Pshe (reason:  initial update)
08/31 17:31:03 [Client] CNetworkGameClientBase::OnReceivedUncompressedPacket(), received full update
08/31 17:31:03 [Prediction] Resetting prediction state because we received a full update
08/31 17:31:03 [Client] Receiving 0.0K non-incremental update from server
08/31 17:31:03 [Networking] server @ loopback:1:  NetChan Setting Timeout to 30.00 seconds
08/31 17:31:03 [Client] CL:  Signon traffic "server":  incoming 18.425 KB [142 netframes], outgoing 2.405 KB [141 netframes]
08/31 17:31:03 **** Panel GraphPersonalNWButton has fill-parent-flow for width, but isn't in a flowing right layout
08/31 17:31:03 **** Panel  has fill-parent-flow for width, but isn't in a flowing right layout
08/31 17:31:03 **** Panel  has fill-parent-flow for width, but isn't in a flowing right layout
08/31 17:31:03 **** Panel  has fill-parent-flow for width, but isn't in a flowing right layout
08/31 17:31:03 **** Panel  has fill-parent-flow for width, but isn't in a flowing right layout
08/31 17:31:03 **** Panel  has fill-parent-flow for width, but isn't in a flowing right layout
08/31 17:31:03 [Networking] Pshe @ loopback:0:  NetChan Setting Timeout to 20.00 seconds
08/31 17:31:03 [GCClient] Send msg 8800 (k_EMsgClientToGCGetAvailablePrivateCoachingSessionsSummary), 17 bytes
08/31 17:31:03 [GCClient] Send msg 9107 (k_EMsgClientToGCGetEventRanking), 24 bytes
08/31 17:31:03 [GCClient] Send msg 8673 (k_EMsgClientToGCRequestGuildData), 19 bytes
08/31 17:31:03 [GCClient] Send msg 8034 (k_EMsgClientToGCGetProfileCardStats), 17 bytes
08/31 17:31:03 Encountered unrecognized client entity in portrait map - env_deferred_spot_light
08/31 17:31:03 [ResourceSystem] WARNING: RESOURCE_TYPE_MATERIAL resource 'materials/stickers/season_13/players/materials/sticker_13_321580662_3_cmat.vmat' (C46C2E3D2C15ECA4) requested but is not in the system. (Missing from from a manifest?)
08/31 17:31:03 [ResourceSystem] WARNING: RESOURCE_TYPE_MATERIAL resource 'materials/stickers/season_13/teams/materials/sticker_13_7119388_2_cmat.vmat' (14089A9A2B30A2F4) requested but is not in the system. (Missing from from a manifest?)
08/31 17:31:03 [ResourceSystem] WARNING: RESOURCE_TYPE_MATERIAL resource 'materials/stickers/season_13/players/materials/sticker_13_218231587_1_cmat.vmat' (C08E9E53128B0A98) requested but is not in the system. (Missing from from a manifest?)
08/31 17:31:03 [ResourceSystem] WARNING: RESOURCE_TYPE_MATERIAL resource 'materials/stickers/season_13/players/materials/sticker_13_847565596_0_cmat.vmat' (9383D76A7325589B) requested but is not in the system. (Missing from from a manifest?)
08/31 17:31:03 [GCClient] Recv msg 8674 (k_EMsgClientToGCRequestGuildDataResponse), 19 bytes
08/31 17:31:03 [GCClient] Recv msg 8035 (k_EMsgClientToGCGetProfileCardStatsResponse), 69 bytes
08/31 17:31:03 [GCClient] Recv msg 8801 (k_EMsgClientToGCGetAvailablePrivateCoachingSessionsSummaryResponse), 23 bytes
08/31 17:31:03 [GCClient] Recv msg 9108 (k_EMsgClientToGCGetEventRankingResponse), 38 bytes
08/31 17:31:03 Excessive frame time of 176.23ms clamped.  Acting as if the frame only took 100.00ms.  (Last amnesty was 'level_load', 0.44s ago)
08/31 17:31:04 [MaterialSystem] materials/models/items/bristleback/bristlebot/dark_carnival_bristlebot_goo_proj_ball.vmat Shader: spring_meteor.vfx attribute 'DepthPassBatchID' set in mode 'Default' does not match value set in another mode 1 != 0.
08/31 17:31:04 [MaterialSystem] materials/models/items/bristleback/bristlebot/dark_carnival_bristlebot_goo_proj_ball.vmat Shader: spring_meteor.vfx attribute 'DepthPassBatchID' set in mode 'DotaForward' does not match value set in another mode 0 != 1.
08/31 17:31:04 [MaterialSystem] materials/models/items/bristleback/bristlebot/dark_carnival_bristlebot_goo_proj_ball.vmat Shader: spring_meteor.vfx attribute 'DepthPassBatchID' set in mode 'Depth' does not match value set in another mode 1 != 0.
08/31 17:31:04 [MaterialSystem] materials/models/items/bristleback/bristlebot/dark_carnival_bristlebot_goo_proj_ball.vmat Shader: spring_meteor.vfx attribute 'DepthPassBatchID' set in mode 'DotaDeferred' does not match value set in another mode 0 != 1.
08/31 17:31:04 [GCClient] Recv msg 7198 (k_EMsgGCMatchmakingStatsResponse), 309 bytes
08/31 17:31:28 [GCClient] Send msg 7038 (k_EMsgGCPracticeLobbyCreate), 125 bytes
08/31 17:31:29 [GCClient] Recv msg 24 (k_ESOMsg_CacheSubscribed), 257 bytes
08/31 17:31:29 [SOCache] CGCSOCacheSubscribedJob(owner=<Lobby:29996982693100802>) [in cache]
08/31 17:31:29 [Localization System] CLocalize::FindSafe failed to localize: 'invalid index'
08/31 17:31:29 [Localization System] CLocalize::FindSafe failed to localize: 'invalid index'
08/31 17:31:29 [GCClient] Recv msg 7055 (k_EMsgGCPracticeLobbyResponse), 19 bytes
08/31 17:31:29 [GCClient] Send msg 7009 (k_EMsgGCJoinChatChannel), 35 bytes
08/31 17:31:29 **** Panel LobbyPlayerName has fill-parent-flow for width, but isn't in a flowing right layout
08/31 17:31:29 [GCClient] Recv msg 7010 (k_EMsgGCJoinChatChannelResponse), 74 bytes
08/31 17:31:30 [GCClient] Send msg 7047 (k_EMsgGCPracticeLobbySetTeamSlot), 21 bytes
08/31 17:31:30 [GCClient] Recv msg 26 (k_ESOMsg_UpdateMultiple), 257 bytes
08/31 17:31:30 [Localization System] CLocalize::FindSafe failed to localize: 'invalid index'
08/31 17:31:30 [GCClient] Recv msg 7055 (k_EMsgGCPracticeLobbyResponse), 19 bytes
08/31 17:31:31 [GCClient] Send msg 7041 (k_EMsgGCPracticeLobbyLaunch), 11 bytes
08/31 17:31:31 [InputService] execing lan_server.cfg
08/31 17:31:31 Loading map "start"
08/31 17:31:31 [HostStateManager] CHostStateMgr::QueueNewRequest( Loading (start), 4 )
08/31 17:31:31 [HostStateManager] HostStateRequest::Start(HSR_GAME):  loop(levelload) id(4) addons() desc(Loading (start))
08/31 17:31:31 [EngineServiceManager] SwitchToLoop levelload requested:  id [4] addons []
08/31 17:31:31 [Client] CL:  IGameSystem::LoopDeactivateAllSystems {
08/31 17:31:31 WriteSteamRemoteStorageFileAsync( "scripts/control_groups.txt" ) -> at 1095.673
08/31 17:31:31 WriteSteamRemoteStorageFileAsync( "scripts/item_suggest_preference.txt" ) -> at 1095.674
08/31 17:31:31 [Client] CL:  } IGameSystem::LoopDeactivateAllSystems done
08/31 17:31:31 [Client] Disconnecting from server: NETWORK_DISCONNECT_LOOPDEACTIVATE
08/31 17:31:31 [NetSteamConn] Closing Steam Net Connection on socket 'client' to loopback:1, handle #2819303851 (2055 NETWORK_DISCONNECT_LOOPDEACTIVATE)
08/31 17:31:31 [NetSteamConn] CloseSteamNetConnection handle #2819303851 (userdata 0)
08/31 17:31:31 [NetSteamConn] Disassociating NetChan server @  (unknown) from Steam Net Connection handle #2819303851 (userdata 0)
08/31 17:31:31 [SteamNetSockets] [#2819303851 pipe 'server'] closed by app, linger requested but not needed (2055) NETWORK_DISCONNECT_LOOPDEACTIVATE
08/31 17:31:31 [SteamNetSockets] [#581695539 pipe 'Pshe'] closed by peer (2055): NETWORK_DISCONNECT_LOOPDEACTIVATE
08/31 17:31:31 [NetSteamConn] Removing Steam Net Connection for loopback:1, handle #2819303851
08/31 17:31:31 [Networking] Closing 'client' poll group
08/31 17:31:31 [Server] SV:  IGameSystem::LoopDeactivateAllSystems {
08/31 17:31:31 [Host] HO:  IGameSystem::LoopDeactivateAllSystems {
08/31 17:31:31 [Host] HO:  } IGameSystem::LoopDeactivateAllSystems done
08/31 17:31:31 [Server] SV:  } IGameSystem::LoopDeactivateAllSystems done
08/31 17:31:31 [Server] SV:  Server shutting down: NETWORK_DISCONNECT_LOOPDEACTIVATE (55)
08/31 17:31:31 [Server] CNetworkGameServerBase::SetServerState (ss_active -> ss_dead)
08/31 17:31:31 [Server] Disconnect client 'Pshe' from server: NETWORK_DISCONNECT_SHUTDOWN (Server shutdown)
08/31 17:31:31 [SignonState] Client 0 'Pshe' signon state SIGNONSTATE_FULL -> SIGNONSTATE_NONE
08/31 17:31:31 [NetSteamConn] Closing Steam Net Connection on socket 'server' to loopback:0, handle #581695539 (1001 NETWORK_DISCONNECT_SHUTDOWN)
08/31 17:31:31 [NetSteamConn] CloseSteamNetConnection handle #581695539 (userdata 1)
08/31 17:31:31 [NetSteamConn] Disassociating NetChan Pshe @  (unknown) from Steam Net Connection handle #581695539 (userdata 1)
08/31 17:31:31 [NetSteamConn] Removing Steam Net Connection for loopback:0, handle #581695539
08/31 17:31:31 CPlayerVoiceListener::PostSpawnGroupUnload()
08/31 17:31:31 [Networking] Closing 'server' poll group
08/31 17:31:31 [stringtables] SV: CNetworkStringTableContainer::RemoveAllTables:  removing 19 tables
08/31 17:31:31 [stringtables] CL: CNetworkStringTableContainer::RemoveAllTables:  removing 19 tables
08/31 17:31:31 [Client]Skipping setup of already loaded game keyvalues. (base game)
08/31 17:31:31 WriteSteamRemoteStorageFileAsync( "voice_ban.dt" ) -> at 1095.695
08/31 17:31:31 CPlayerVoiceListener::GameShutdown()
08/31 17:31:31 [Server]Skipping setup of already loaded game keyvalues. (base game)
08/31 17:31:31 ChangeGameUIState: DOTA_GAME_UI_STATE_DASHBOARD -> DOTA_GAME_UI_STATE_LOADING_SCREEN
08/31 17:31:31 [Client] LoadingDisplay changed from NONE to LOADING (map="")
08/31 17:31:31 CAsyncWriteInProgress::OnComplete( "scripts/control_groups.txt" ) -> Success at 1095.715
08/31 17:31:31 CAsyncWriteInProgress::OnComplete( "scripts/item_suggest_preference.txt" ) -> Success at 1095.715
08/31 17:31:31 CAsyncWriteInProgress::OnComplete( "voice_ban.dt" ) -> Success at 1095.715
08/31 17:31:31 [NetSteamConn] Steam Net connection #581695539 pipe 'Pshe' closed by peer, reason 2055: NETWORK_DISCONNECT_LOOPDEACTIVATE
08/31 17:31:31 [NetSteamConn] CloseSteamNetConnection handle #581695539 (userdata -1)
08/31 17:31:31 [Client] CL:  CLoopModeLevelLoad::MaybeSwitchToGameLoop switching to "game" loopmode with addons ()
08/31 17:31:31 [EngineServiceManager] SwitchToLoop game requested:  id [4] addons []
08/31 17:31:31 [Server] SteamGameServer_Init()
08/31 17:31:31 ResetBreakpadAppId: Universe is 1 (k_EUniversePublic)
08/31 17:31:31 ResetBreakpadAppId: Setting non standard break pad app id: 373300
08/31 17:31:31 [Server] SteamGameServer_Init() OK, logging on to Steam
08/31 17:31:31 [Networking] CNetworkSystem::InitGameServer: SteamGameServerNetworking() OK
08/31 17:31:31 [Server] CNetworkGameServerBase::SetServerState (ss_dead -> ss_waitingforgamesessionmanifest)
08/31 17:31:31 [Server] SV:  maxplayers set to 64
08/31 17:31:31 [Networking] Created poll group for socket 'server'
08/31 17:31:31 [SteamNetSockets] AuthStatus (invalid):  Waiting  (Waiting for Steam login)
08/31 17:31:31 [Networking] Network socket 'server' opened on port 27015
08/31 17:31:31 Initializing script VM...
08/31 17:31:31 ...done
08/31 17:31:31 [Server] SV:  Executing server defaults
08/31 17:31:31 [Server] SV:  Executing listen server config file
08/31 17:31:31 S:Gamerules: entering state 'DOTA_GAMERULES_STATE_INIT'
08/31 17:31:31 [Server] SV:  CGameRulesGameSystem::GameInit installed game rules
08/31 17:31:31 Initscripting Team 2, UGC: 1
08/31 17:31:31 Radiant bot scripting using script path C:\Program Files (x86)\Steam\steamapps\common\dota 2 beta\game\dota\scripts\vscripts\bots
08/31 17:31:31 LoadScript: C:\Program Files (x86)\Steam\steamapps\common\dota 2 beta\game\dota\scripts\vscripts\bots\hero_selection.lua, scope name HeroSelectionScriptScope
08/31 17:31:31 LoadScript: C:\Program Files (x86)\Steam\steamapps\common\dota 2 beta\game\dota\scripts\vscripts\bots\team_desires.lua, scope name TeamDesiresScriptScope
08/31 17:31:31 LoadScript: C:\Program Files (x86)\Steam\steamapps\common\dota 2 beta\game\dota\scripts\vscripts\bots\team_desires.lua not found!
08/31 17:31:31 Initscripting Team 3, UGC: 1
08/31 17:31:31 Dire bot scripting using script path C:\Program Files (x86)\Steam\steamapps\common\dota 2 beta\game\dota\scripts\vscripts\bots
08/31 17:31:31 LoadScript: C:\Program Files (x86)\Steam\steamapps\common\dota 2 beta\game\dota\scripts\vscripts\bots\hero_selection.lua, scope name HeroSelectionScriptScope
08/31 17:31:31 LoadScript: C:\Program Files (x86)\Steam\steamapps\common\dota 2 beta\game\dota\scripts\vscripts\bots\team_desires.lua, scope name TeamDesiresScriptScope
08/31 17:31:31 LoadScript: C:\Program Files (x86)\Steam\steamapps\common\dota 2 beta\game\dota\scripts\vscripts\bots\team_desires.lua not found!
08/31 17:31:31 CPlayerVoiceListener::GameInit()
08/31 17:31:31 [GCClient] Recv msg 26 (k_ESOMsg_UpdateMultiple), 280 bytes
08/31 17:31:31 [Localization System] CLocalize::FindSafe failed to localize: 'invalid index'
08/31 17:31:32 [Server] SV:  Connection to Steam servers successful.
08/31 17:31:32 [Server] SV:  ServerSteamID=[A:1:2968757261:51204] (90291915021591565).
08/31 17:31:32 [GCClient] Logged on to Steam, set GC connection state to NO_SESSION
08/31 17:31:32 [GCClient] Send msg 4007 (k_EMsgGCServerHello), 74 bytes
08/31 17:31:32 [SteamNetSockets] Gameserver logged on to Steam, assigned identity steamid:90291915021591565
08/31 17:31:32 [SteamNetSockets] AuthStatus (steamid:90291915021591565):  Attempting  (Requesting cert)
08/31 17:31:32 [GCClient] OnSteamServersConnected()
08/31 17:31:32 [Server] SV:  VAC secure mode disabled.
08/31 17:31:32 [SteamNetSockets] AuthStatus (steamid:90291915021591565):  OK  (OK)
08/31 17:31:32 [SteamNetSockets] Certificate expires in 47h59m at 1788363092 (current time 1788190293), will renew in 45h59m
08/31 17:31:32 [GCClient] Recv msg 4005 (k_EMsgGCServerWelcome), 26 bytes
08/31 17:31:32 [GCClient] Received server welcome from GC.
08/31 17:31:32 [SOCache] CMsgClientWelcome subscribed: 0 up-to-date, 0 out-of-date
08/31 17:31:32 GC Connection established for server version 6918
08/31 17:31:32 Server:  Inactive
08/31 17:31:32 Client:  Disconnected
08/31 17:31:32 [EngineServiceManager] ----- Status -----
08/31 17:31:32 [EngineServiceManager]   Queued   :  game
08/31 17:31:32 [EngineServiceManager] @ Current  :  levelload
08/31 17:31:32 [Client] CL:  CGameClientConnectPrerequisite status
08/31 17:31:32 [Client] CL:  sequential     :  'CGameClientConnectPrerequisite'
08/31 17:31:32 [Client] CL:  pending        :  1/7 [1065.968 msec]
08/31 17:31:32 [Client] CL:  prerequisite   :  .'CWaitForGameServerStartupPrerequisite'
08/31 17:31:32 [Client] CL:  waiting        :  ..waiting for IsServerRunning()
08/31 17:31:32 [Client] CL:  pending        :  2/7 [not started]
08/31 17:31:32 [Client] CL:  prerequisite   :  .'CCreateGameClientPrerequisite'
08/31 17:31:32 [Client] CL:  pending        :  3/7 [not started]
08/31 17:31:32 [Client] CL:  prerequisite   :  .'CConnectGameClientPrerequisite'
08/31 17:31:32 [Client] CL:  pending        :  4/7 [not started]
08/31 17:31:32 [Client] CL:                 :  .'CLoadStartupResourcePrerequisite'
08/31 17:31:32 [Client] CL:  waiting        :  ..waiting for startup resource list
08/31 17:31:32 [Client] CL:  pending        :  5/7 [not started]
08/31 17:31:32 [Client] CL:  prerequisite   :  .'CLoadSpawnGroupsPrerequisite'
08/31 17:31:32 [Client] CL:  firstspawngroup:  ..waiting for first spawn group
08/31 17:31:32 [Client] CL:  pending        :  6/7 [not started]
08/31 17:31:32 [Client] CL:  prerequisite   :  .'CAsyncShaderCompilePrerequisite'
08/31 17:31:32 [Client] CL:  pending        :  7/7 [not started]
08/31 17:31:32 [Client] CL:  prerequisite   :  .'CFinalizeConnectionPrerequisite'
08/31 17:31:32 [Client] ---
08/31 17:31:32 ProtoBufHelper::ParseJSON: Ignoring extra JSON key 'success', which is not found in protobuf message 'CMsgDOTAPlayerInfoList'!
08/31 17:31:33 [ResourceSystem] Failed loading resource "materials/particle/particle_ring_blurry_generic_projected.vmat_c" (ERROR_FILEOPEN: File not found)
08/31 17:31:33 [ResourceSystem] Failed loading resource "particles/neutral_fx/miniboss_damage_reflect_explosion.vpcf_c" (ERROR_FILEOPEN: File not found)
08/31 17:31:33 [ResourceSystem] Failed loading resource "materials/sprites/blueglow1.vmat_c" (ERROR_FILEOPEN: File not found)
08/31 17:31:33 [ResourceSystem] Failed loading resource "panorama/images/players/0_png.vtex_c" (ERROR_FILEOPEN: File not found)
08/31 17:31:34 [AnimResource]  models/particle/explosion/fx_explosion_capped_sphere.vmdl : Animations loaded but no animation data found
08/31 17:31:34 [AnimResource]  models/props_structures/xp_shrine/xp_shrine_stones.vmdl : Animations loaded but no animation data found
08/31 17:31:34 [Server] SV:  Spawn Server: start
08/31 17:31:34 [Server] CNetworkGameServerBase::SetServerState (ss_waitingforgamesessionmanifest -> ss_loading)
08/31 17:31:34 [Server] CNetworkGameServerBase::SetServerState (ss_loading -> ss_active)
08/31 17:31:34 [Client] CL:  CWaitForGameServerStartupPrerequisite done waiting for server
08/31 17:31:34 [Client] CL:  CCreateGameClientJob creating client connection to '127.0.0.1'
08/31 17:31:34 [NetSteamConn] Opened Steam Net Connection on socket 'client' to 127.0.0.1:27015, connection #809512672 UDP invalid@127.0.0.1:27015
08/31 17:31:34 [Networking] Created poll group for socket 'client'
08/31 17:31:34 [Client] Tick packet desired receive margin now 5.0ms.  cl_tickpacket_recvmargin_desired=5  cl_tickpacket_desired_queuelength=0.  engine_frametime_warnings_enable=1, cl_async_usercmd_send=1
08/31 17:31:34 [NetSteamConn] Accepting Steam Net connection #1247518191 UDP steamid:76561198099231940@127.0.0.1:49522
08/31 17:31:34 [SteamNetSockets] [#809512672 UDP steamid:90291915021591565@127.0.0.1:27015] connected
08/31 17:31:34 [Client] Sending connect to 127.0.0.1:27015
08/31 17:31:34 [Server] Sending S2C_CHALLENGE [0 auth 3] to 127.0.0.1:49522
08/31 17:31:34 [Client] Received S2C_CHALLENGE [0 auth 3] from 127.0.0.1:27015
08/31 17:31:34 [Client] Sending C2S_CONNECT [48 protocol 0 auth 3] to 127.0.0.1:27015
08/31 17:31:34 [Server] Receiving C2S_CONNECT [protocol 48 0 auth 3] from 127.0.0.1:49522
08/31 17:31:34 [NetSteamConn] Associating NetChan Pshe @ 127.0.0.1:49522 (127.0.0.1:49522) with Steam Net Connection handle #1247518191 (userdata 1)
08/31 17:31:34 [Server] CServerSideClientBase::Connect( name='Pshe', userid=0, fake=0, connectiontypeflags=3, chan->addr=127.0.0.1:49522 )
08/31 17:31:34 [SignonState] Client 0 'Pshe' signon state SIGNONSTATE_NONE -> SIGNONSTATE_CONNECTED
08/31 17:31:34 [Server] Sending S2C_CONNECTION to 127.0.0.1:49522 [addons:'']
08/31 17:31:34 [Server] Sending S2C_CONNECTION to 127.0.0.1:49522 [addons:'']
08/31 17:31:34 [Client] Received S2C_CONNECTION from 127.0.0.1:27015 [addons:'']
08/31 17:31:34 [NetSteamConn] Associating NetChan server @ 127.0.0.1:27015 (127.0.0.1:27015) with Steam Net Connection handle #809512672 (userdata 0)
08/31 17:31:34 [Client] CL:  Connected to '127.0.0.1:27015'
08/31 17:31:34 [Server] Sending S2C_CONNECTION to 127.0.0.1:49522 [addons:'']
08/31 17:31:34 ClientPutInServer create new player controller [Pshe]
08/31 17:31:34 [Server] Client 0 'Pshe' setting rate to 80000
08/31 17:31:34 [SignonState] Client 0 'Pshe' signon state SIGNONSTATE_CONNECTED -> SIGNONSTATE_NEW
08/31 17:31:35 [Server] SV:  "Pshe<0><[U:1:138966212]><>" STEAM USERID validated
08/31 17:31:36 [GCClient] Recv msg 24 (k_ESOMsg_CacheSubscribed), 42 bytes
08/31 17:31:36 [GCClient] Recv msg 24 (k_ESOMsg_CacheSubscribed), 12885 bytes
08/31 17:31:36 [Client] Game: "Dota 2"
08/31 17:31:36 [Client] Map: "start"
08/31 17:31:36 [Client] Players: 1 (0 bots) / 64 humans
08/31 17:31:36 [Client] Build: 10835 (revision 10949923)
08/31 17:31:36 [Client] Server Number: 5
08/31 17:31:36 [SignonState] CL:  CNetworkGameClient::ProcessServerInfo
08/31 17:31:36 C:Gamerules: entering state 'DOTA_GAMERULES_STATE_INIT'
08/31 17:31:36 [Client] CDOTA_Hud_Main::EventGameRulesStateChanged DOTA_GAMERULES_STATE_INIT
08/31 17:31:36 [Client] CDOTA_Hud_Main::DeleteGameEndScreen deleted GameEndContainer
08/31 17:31:36 [Client] CL:  CGameRulesGameSystem::GameInit installed game rules
08/31 17:31:36 ReadSteamRemoteStorageFile( bufOut, "voice_ban.dt" ) -> 0.000649 seconds
08/31 17:31:36 [SignonState] Client 0 'Pshe' signon state SIGNONSTATE_NEW -> SIGNONSTATE_PRESPAWN
08/31 17:31:36 [Client] PregameHud - eGameState is now DOTA_GAMERULES_STATE_LAST
08/31 17:31:36 [Client] PregameHud - SetPreGameVisible 1
08/31 17:31:36 [Client] PregameHud - bIsPreloading is now 1
08/31 17:31:36 [Client] PregameHud - eGameState is now DOTA_GAMERULES_STATE_INIT
08/31 17:31:36 [ResourceSystem] Failed loading resource "panorama/images/heroes/icons/npc_dota_hero_announcer_killing_spree_png.vtex_c" (ERROR_FILEOPEN: File not found)
08/31 17:31:36 [ResourceSystem] Failed loading resource "panorama/images/heroes/icons/npc_dota_hero_announcer_png.vtex_c" (ERROR_FILEOPEN: File not found)
08/31 17:31:36 [Client] CNetworkGameClient::ProcessClassInfo: create on client true
08/31 17:31:36 [Client] CNetworkGameClient::ProcessClassInfo: creating client serializers from local server serializers (crc 0, server api exists)
08/31 17:31:36 [Client] Client missing networkable entity class CPhysMagnet
08/31 17:31:36 [Client] Client missing networkable entity class CSpotlightEnd
08/31 17:31:36 [Client] CNetworkGameClientBase::LinkClasses took 106.846 msec
08/31 17:31:36 [SignonState] Client 0 'Pshe' signon state SIGNONSTATE_PRESPAWN -> SIGNONSTATE_SPAWN
08/31 17:31:36 [Client] CL:  CGameClientConnectPrerequisite connection succeeded
08/31 17:31:36 ChangeGameUIState: DOTA_GAME_UI_STATE_LOADING_SCREEN -> DOTA_GAME_UI_DOTA_INGAME
08/31 17:31:36 [Server] SV:  IGameSystem::LoopActivateAllSystems {
08/31 17:31:36 [Host] HO:  IGameSystem::LoopActivateAllSystems {
08/31 17:31:36 [Host] HO:  } IGameSystem::LoopActivateAllSystems done
08/31 17:31:36 [Server] CDOTA_PlayerResource: Initializing from lobby (secondary), player SteamID 76561198099231940 gcteam 4 slot 0 preferred PlayerID 10
08/31 17:31:36 [Server] CDOTA_PlayerResource: Adding player SteamID 76561198099231940 to PlayerID 10 FakeClient=0, preferred PlayerID = 10
08/31 17:31:36 [Server] PR:SetPlayerName 10:[U:1:138966212] "Pshe"
08/31 17:31:36 [Server] PlayerID 10 [U:1:138966212] team 1 input slot -1
08/31 17:31:36 [Server] PlayerID 10 [U:1:138966212] assigned to team 1 on slot -1
08/31 17:31:36 [Server] PR:SetPlusSubscriptionStatus 10:[U:1:138966212] IsPlusSubscriber:No
08/31 17:31:36 [Server] PR:SetWasMVPLastGame 10:[U:1:138966212] WasMVPLastGame:No
08/31 17:31:36 [Server] PR:SetFavoriteTeamPacked 10:[U:1:138966212] unFavTeamPacked:0
08/31 17:31:36 [Server] CRecipientFilter::AddAllPlayers - no recipients for this message, but 1 player in process of connecting was not included.
08/31 17:31:36 [Server] CRecipientFilter::AddAllPlayers - no recipients for this message, but 1 player in process of connecting was not included.
08/31 17:31:36 [Server] CRecipientFilter::AddAllPlayers - no recipients for this message, but 1 player in process of connecting was not included.
08/31 17:31:36 [Server] CRecipientFilter::AddAllPlayers - no recipients for this message, but 1 player in process of connecting was not included.
08/31 17:31:36 Attempted to create IngameEvent for non-existent event 0
08/31 17:31:36 [Server] SV:  } IGameSystem::LoopActivateAllSystems done
08/31 17:31:36 Height map file (maps/start.vhcg) not found, this will make ground height traces more expensive! Recompile the map to generate a height map.
08/31 17:31:36 [Server] SV:  64 player server started
08/31 17:31:36 [Server] CSource2Server::GameServerSteamAPIActivated()
08/31 17:31:36 [Server] CNetworkGameServerBase::SetServerState (ss_dead -> ss_waitingforgamesessionmanifest)
08/31 17:31:36 [Server] HLTV:maxplayers set to 64
08/31 17:31:36 [Networking] Created poll group for socket 'hltv'
08/31 17:31:36 [Networking] Network socket 'hltv' opened on port 27020
08/31 17:31:36 [HLTV Server] Starting SourceTV server listening on port 0, type non-relay
08/31 17:31:36 ClientPutInServer create new player controller [SourceTV]
08/31 17:31:36 --- Sent CMsgGameServerInfo to GC
08/31 17:31:36 server_public_ip_addr: 787974266
server_private_ip_addr: 167773706
server_port: 27015
server_tv_port: 27020
server_key: ""
server_hibernation: false
server_type: GAME
server_region: 0
server_loadavg: 0.263252079
server_tv_broadcast_time: 711.000061
server_game_time: 0
relay_slots_max: 64
relays_connected: 0
relay_clients_connected: 0
tv_secret_code: 15476091684296533538
server_version: 6918
server_cluster: 0
assigned_server_tv_port: 27020
allow_custom_games: BOTH
build_version: 6918

08/31 17:31:36 ---
08/31 17:31:36 [Client] CL:  IGameSystem::LoopActivateAllSystems {
08/31 17:31:36 ReadSteamRemoteStorageFile( bufOut, "scripts/control_groups.txt" ) -> 0.000804 seconds
08/31 17:31:36 ReadSteamRemoteStorageFile( bufOut, "scripts/item_suggest_preference.txt" ) -> 0.000673 seconds
08/31 17:31:36 [Client] CL:  } IGameSystem::LoopActivateAllSystems done
08/31 17:31:36 [HostStateManager] Host activate: Loading (start)
08/31 17:31:36 [SignonState] CL:  CNetworkGameClient::OnSwitchLoopModeFinished( game : success )
08/31 17:31:36 [Server] Requesting account 138966212 resources without rank.
08/31 17:31:36 [Server] BatchPlayerResources - Requested for 1 accounts
08/31 17:31:36 [GCClient] Send msg 7450 (k_EMsgServerToGCRequestBatchPlayerResources), 28 bytes
08/31 17:31:36 [GCClient] Send msg 4511 (k_EMsgGCLANServerAvailable), 17 bytes
08/31 17:31:36 [GCClient] Send msg 4508 (k_EMsgGCGameServerInfo), 84 bytes
08/31 17:31:36 Job EconItemSearch has spent >3.000ms without yielding: 60.597ms
08/31 17:31:36 Sending CMsgConnectedPlayers for reason GAME_STATE.  Last send was 266.7s ago, urgency is 0.0s
08/31 17:31:36 game_state: DOTA_GAMERULES_STATE_INIT
first_blood_happened: false
send_reason: GAME_STATE
radiant_kills: 0
dire_kills: 0
radiant_lead: 0
building_state: 19138340

08/31 17:31:36 [HLTV Server] SourceTV[0] broadcast active.
08/31 17:31:36 [GCClient] Send msg 7034 (k_EMsgGCConnectedPlayers), 25 bytes
08/31 17:31:36 Job EconItemSearch has spent >3.000ms without yielding: 10.007ms
08/31 17:31:36 [SignonState] Client 0 'Pshe' signon state SIGNONSTATE_SPAWN -> SIGNONSTATE_FULL
08/31 17:31:36 [Server] SV:  Sending full update to client Pshe (reason:  initial update)
08/31 17:31:36 [Client] CNetworkGameClientBase::OnReceivedUncompressedPacket(), received full update
08/31 17:31:36 [Prediction] Resetting prediction state because we received a full update
08/31 17:31:36 [Client] Receiving 1.0K non-incremental update from server
08/31 17:31:36 [Networking] server @ 127.0.0.1:27015:  NetChan Setting Timeout to 30.00 seconds
08/31 17:31:36 [Client] CL:  Signon traffic "server":  incoming 170.522 KB [32 netframes], outgoing 3.701 KB [263 netframes]
08/31 17:31:36 [Prediction] Added prediction for player slot 0 (Pshe)
08/31 17:31:36 [Client] PregameHud - SetPreGameVisible 0
08/31 17:31:37 [Networking] Pshe @ 127.0.0.1:49522:  NetChan Setting Timeout to 20.00 seconds
08/31 17:31:37 [Server] PR:OnFullyJoinedServer 10:[U:1:138966212]
08/31 17:31:37 [Server] PR:SetConnectionState 10:[U:1:138966212] DOTA_CONNECTION_STATE_CONNECTED NETWORK_DISCONNECT_INVALID
08/31 17:31:37 [GCClient] Recv msg 7451 (k_EMsgServerToGCRequestBatchPlayerResourcesResponse), 34 bytes
08/31 17:31:37 [GCClient] Recv msg 24 (k_ESOMsg_CacheSubscribed), 296 bytes
08/31 17:31:37 [SOCache] CGCSOCacheSubscribedJob(owner=<Lobby:29996982693100802>) [in cache]
08/31 17:31:37 CDOTAGCServerSystem::SOChanged setting match ID to 8976241894
08/31 17:31:37 Received lobby with new match ID.  lobby_id=29996982693100802, match_id=8976241894
08/31 17:31:37 [EngineServiceManager] Tearing off console log, will continue using suffix '.8976241894'
