08/30 14:01:55 +++ CSODOTALobby.lobby_id: 29996980840739158
08/30 14:01:55 +++ CSODOTALobby.all_members[0]: id: 76561198099231940
08/30 14:01:55 +++ CSODOTALobby.all_members[0]: team: DOTA_GC_TEAM_PLAYER_POOL
08/30 14:01:55 +++ CSODOTALobby.all_members[0]: slot: 0
08/30 14:01:55 +++ CSODOTALobby.all_members[0]: leaver_status: DOTA_LEAVER_DISCONNECTED
08/30 14:01:55 +++ CSODOTALobby.member_indices[0]: 0
08/30 14:01:55 +++ CSODOTALobby.leader_id: 76561198099231940
08/30 14:01:55 +++ CSODOTALobby.server_id: 90291853462840345
08/30 14:01:55 +++ CSODOTALobby.game_mode: 21
08/30 14:01:55 +++ CSODOTALobby.state: SERVERSETUP
08/30 14:01:55 +++ CSODOTALobby.lobby_type: PRACTICE
08/30 14:01:55 +++ CSODOTALobby.allow_cheats: true
08/30 14:01:55 +++ CSODOTALobby.fill_with_bots: true
08/30 14:01:55 +++ CSODOTALobby.game_name: "228"
08/30 14:01:55 +++ CSODOTALobby.team_details[0]: team_complete: false
08/30 14:01:55 +++ CSODOTALobby.team_details[1]: team_complete: false
08/30 14:01:55 +++ CSODOTALobby.server_region: 0
08/30 14:01:55 +++ CSODOTALobby.cm_pick: DOTA_CM_RANDOM
08/30 14:01:55 +++ CSODOTALobby.match_id: 8974086880
08/30 14:01:55 +++ CSODOTALobby.allow_spectating: false
08/30 14:01:55 +++ CSODOTALobby.bot_difficulty_radiant: BOT_DIFFICULTY_HARD
08/30 14:01:55 +++ CSODOTALobby.leagueid: 0
08/30 14:01:55 +++ CSODOTALobby.penalty_level_radiant: 0
08/30 14:01:55 +++ CSODOTALobby.penalty_level_dire: 0
08/30 14:01:55 +++ CSODOTALobby.series_type: 0
08/30 14:01:55 +++ CSODOTALobby.radiant_series_wins: 0
08/30 14:01:55 +++ CSODOTALobby.dire_series_wins: 0
08/30 14:01:55 +++ CSODOTALobby.allchat: false
08/30 14:01:55 +++ CSODOTALobby.dota_tv_delay: LobbyDotaTV_10
08/30 14:01:55 +++ CSODOTALobby.lan: true
08/30 14:01:55 +++ CSODOTALobby.extra_messages[0]: id: 8821
08/30 14:01:55 +++ CSODOTALobby.extra_messages[0]: contents: "\010\000"
08/30 14:01:55 +++ CSODOTALobby.visibility: DOTALobbyVisibility_Unlisted
08/30 14:01:55 +++ CSODOTALobby.previous_match_override: 0
08/30 14:01:55 +++ CSODOTALobby.game_start_time: 1788091316
08/30 14:01:55 +++ CSODOTALobby.pause_setting: LobbyDotaPauseSetting_Unlimited
08/30 14:01:55 +++ CSODOTALobby.bot_difficulty_dire: BOT_DIFFICULTY_HARD
08/30 14:01:55 +++ CSODOTALobby.bot_radiant: 1
08/30 14:01:55 +++ CSODOTALobby.bot_dire: 1
08/30 14:01:55 +++ CSODOTALobby.selection_priority_rules: k_DOTASelectionPriorityRules_Manual
08/30 14:01:55 +++ CSODOTALobby.current_primary_event: EVENT_ID_DARK_CARNIVAL
08/30 14:01:55 +++ CSODOTALobby.current_primary_event_for_display: EVENT_ID_DARK_CARNIVAL
08/30 14:01:55 +++ CSODOTALobby.league_node_id: 0
08/30 14:01:55 +++ CSODOTALobby.league_phase: 0
08/30 14:01:55 +++ CSODOTALobby.with_scenario_save: false
08/30 14:01:55 +++ CSODOTALobby.lobby_creation_time: 1788091307
08/30 14:01:55 [GCClient] Recv msg 26 (k_ESOMsg_UpdateMultiple), 299 bytes
08/30 14:01:55 +++ CSODOTALobby.first_blood_happened: false
08/30 14:01:55 [Server] CDOTA_PlayerResource::FlushPlayerResourceRequests::<lambda_1>::operator (): results {
  account_id: 138966212
  low_priority: false
  is_new_player: false
  is_guide_player: false
  comm_level: 7
  behavior_level: 4
}

08/30 14:01:55 CGCJobRequestBatchPlayerResourcesResponse: Received 1 account resources.
08/30 14:01:55 [Server] CGCJobRequestBatchPlayerResourcesResponse: Received 1 account resources.
08/30 14:01:55 [Server] PR:SetCommLevel 10:[U:1:138966212] Comms Level 7
08/30 14:01:55 [Server] PR:SetBehaviorLevel 10:[U:1:138966212] Behavior Level 4
08/30 14:01:55 [Server] CDOTA_PlayerResource: Initializing from lobby (secondary), player SteamID 76561198099231940 gcteam 4 slot 0 preferred PlayerID 10
08/30 14:01:55 [Server] ActivateServerFromLobby - IsLan: YES, IsDedicatedServer: NO
08/30 14:01:55 [Server] PR:SetPlayerName 10:[U:1:138966212] "Pshe"
08/30 14:01:55 [Server] PlayerID 10 [U:1:138966212] team 1 input slot -1
08/30 14:01:55 [Server] PlayerID 10 [U:1:138966212] assigned to team 1 on slot -1
08/30 14:01:55 [Server] PR:SetPlusSubscriptionStatus 10:[U:1:138966212] IsPlusSubscriber:No
08/30 14:01:55 [Server] PR:SetWasMVPLastGame 10:[U:1:138966212] WasMVPLastGame:No
08/30 14:01:55 [Server] PR:SetFavoriteTeamPacked 10:[U:1:138966212] unFavTeamPacked:0
08/30 14:01:55 SetLiveSpectatorDetails -1 1
08/30 14:01:55 S:Gamerules: entering state 'DOTA_GAMERULES_STATE_INIT'
08/30 14:01:55 [GCClient] Send msg 4506 (k_EMsgGCServerAvailable), 8 bytes
08/30 14:01:55 Server:  Running [10.0.7.10:27015]
08/30 14:01:55 Client:  Connected [127.0.0.1:27015] [last packet 0.016 sec ago]
08/30 14:01:55 [EngineServiceManager] ----- Status -----
08/30 14:01:55 [EngineServiceManager] @ Current  :  game
08/30 14:01:55 [HLTV Server] --- SourceTV[0] Status ---
08/30 14:01:55 [HLTV Server] Online 00:00, FPS 3.2, Version 10835 (Windows)
08/30 14:01:55 [HLTV Server] Master "SourceTV", delay 10, frames 1 / ticks 1
08/30 14:01:55 [HLTV Server] Game Time 00:10, Mod "dota", Map "start"
08/30 14:01:55 [HLTV Server] Local IP 10.0.7.10:27020, KB/sec In 0.0, Out 0.0
08/30 14:01:55 [HLTV Server] Local Slots 64, Spectators 0, Proxies 0
08/30 14:01:55 [HLTV Server] Total Slots 64, Spectators 0, Proxies 0
08/30 14:01:55 [HLTV Server] # userid name uniqueid connected ping loss state rate adr
08/30 14:01:55 [HLTV Server] #end
08/30 14:01:55 [Localization System] CLocalize::FindSafe failed to localize: 'invalid index'
08/30 14:01:55 [Client] source   : slot 0
08/30 14:01:55 [Client] version  : 48/48 10835 insecure  public
08/30 14:01:55 [Client] steamid  : [A:1:1539548185:51190] (90291853462840345)
08/30 14:01:55 [Client] players  : 1 humans, 1 bots (0 max) (not hibernating) (unreserved)
08/30 14:01:55 [Client] ---------spawngroups----
08/30 14:01:55 [Client] loaded spawngroup(  1)  : SV:  [1: start | main lump | mapload]
08/30 14:01:55 [Client] ---------players--------
08/30 14:01:55 [Client]   id     time ping loss      state   rate name
08/30 14:01:55 [Client]    0    00:03    0    0     active  80000 'Pshe'
08/30 14:01:55 [Client]    1      BOT    0    0     active      0 'SourceTV'
08/30 14:01:55 [Client] Lobby MatchID: 8974086880
08/30 14:01:55 [Client]       ID: 006a92185b58b156
08/30 14:01:55 [Client]       Type: PRACTICE
08/30 14:01:55 [Client]       State: SERVERSETUP
08/30 14:01:55 [Client]       GameMode: DOTA_GAMEMODE_1V1MID
08/30 14:01:55 [Client] GameState: DOTA_GAMERULES_STATE_INIT Times: Transition=0.00 Current=10.37
08/30 14:01:55 [Client] #end
08/30 14:01:55 [WorldRenderer] CWorldRendererMgr::ServiceWorldRequests long frame: 46.160001ms
08/30 14:01:55 [WorldRenderer] CWorldRendererMgr::ServiceWorldRequests long frame: 46.306110ms
08/30 14:01:56 [GCClient] Recv msg 26 (k_ESOMsg_UpdateMultiple), 307 bytes
08/30 14:01:56 WriteSteamRemoteStorageFileAsync( "scripts/dota_local_disk_lobby_data.txt" ) -> at 979.943
08/30 14:01:56 Telling Steam not to update the app for the next 900 seconds
08/30 14:01:56 [Localization System] CLocalize::FindSafe failed to localize: 'invalid index'
08/30 14:01:56 CAsyncWriteInProgress::OnComplete( "scripts/dota_local_disk_lobby_data.txt" ) -> Success at 979.951
08/30 14:01:56 WriteSteamRemoteStorageFileAsync( "cfg/chat.cfg" ) -> at 979.954
08/30 14:01:56 [GCClient] Send msg 7272 (k_EMsgGCLeaveChatChannel), 13 bytes
08/30 14:01:56 CAsyncWriteInProgress::OnComplete( "cfg/chat.cfg" ) -> Success at 979.956
08/30 14:01:56 [GCClient] Recv msg 26 (k_ESOMsg_UpdateMultiple), 307 bytes
08/30 14:01:56 --- CSODOTALobby.all_members[0]: leaver_status: DOTA_LEAVER_DISCONNECTED
08/30 14:01:56 --- CSODOTALobby.state: SERVERSETUP
08/30 14:01:56 +++ CSODOTALobby.state: RUN
08/30 14:01:56 +++ CSODOTALobby.connect: "0.0.0.0:0"
08/30 14:01:56 S:Gamerules: entering state 'DOTA_GAMERULES_STATE_WAIT_FOR_PLAYERS_TO_LOAD'
08/30 14:01:56 CDOTAGameRules::State_Enter_WAIT_FOR_PLAYERS_TO_LOAD: Loaded/expected players: 0/1
08/30 14:01:56 --- Sent CMsgGameServerInfo to GC
08/30 14:01:56 server_public_ip_addr: 787974342
server_private_ip_addr: 167773962
server_port: 27015
server_tv_port: 27020
server_key: ""
server_hibernation: false
server_type: GAME
server_region: 0
server_loadavg: 0.308689326
server_tv_broadcast_time: 0.700000048
server_game_time: -45
relay_slots_max: 64
relays_connected: 0
relay_clients_connected: 0
tv_secret_code: 16208329849224617405
server_version: 6918
server_cluster: 0
assigned_server_tv_port: 27020
allow_custom_games: BOTH
build_version: 6918

08/30 14:01:56 ---
08/30 14:01:56 Sending CMsgConnectedPlayers for reason GAME_STATE.  Last send was 1.1s ago, urgency is 0.0s
08/30 14:01:56 game_state: DOTA_GAMERULES_STATE_WAIT_FOR_PLAYERS_TO_LOAD
first_blood_happened: false
send_reason: GAME_STATE
radiant_kills: 0
dire_kills: 0
radiant_lead: 0
building_state: 19138340

08/30 14:01:56 [GCClient] Send msg 4508 (k_EMsgGCGameServerInfo), 84 bytes
08/30 14:01:56 [GCClient] Send msg 7034 (k_EMsgGCConnectedPlayers), 25 bytes
08/30 14:01:56 CDOTAGameRules::State_Think_WAIT_FOR_PLAYERS_TO_LOAD: Loaded/expected players: 0/1. m_waitingForPlayersState: 0
08/30 14:01:56 CDOTAGameRules::WaitForPlayersSuccess: Loaded/expected players: 1/1
08/30 14:01:56 S:Gamerules: WAIT_FOR_PLAYERS_TO_LOAD entering substate EWFPS_Success
08/30 14:01:56 [Localization System] CLocalize::FindSafe failed to localize: 'invalid index'
08/30 14:01:56 C:Gamerules: entering state 'DOTA_GAMERULES_STATE_WAIT_FOR_PLAYERS_TO_LOAD'
08/30 14:01:56 C_DOTAGamerules::State_Enter_WAIT_FOR_PLAYERS_TO_LOAD: Loaded/expected players: 0/1
08/30 14:01:56 [Client] LoadingDisplay changed from LOADING to WAITING_FOR_PLAYERS (map="start")
08/30 14:01:56 [Client] CDOTA_Hud_Main::EventGameRulesStateChanged DOTA_GAMERULES_STATE_WAIT_FOR_PLAYERS_TO_LOAD
08/30 14:01:56 [Client] PregameHud - eGameState is now DOTA_GAMERULES_STATE_WAIT_FOR_PLAYERS_TO_LOAD
08/30 14:01:56 [Client] PregameHud - SetPreGameVisible 1
08/30 14:01:56 Job EconItemSearch has spent >3.000ms without yielding: 60.285ms
08/30 14:01:56 CDOTAGameRules::State_Think_WAIT_FOR_PLAYERS_TO_LOAD: Loaded/expected players: 1/1. m_waitingForPlayersState: 1
08/30 14:01:56 CDOTAGameRules::State_Think_WAIT_FOR_PLAYERS_TO_LOAD: Loaded/expected players: 1/1. m_waitingForPlayersState: 1
08/30 14:01:56 Job EconItemSearch has spent >3.000ms without yielding: 10.004ms
08/30 14:01:56 CDOTAGameRules::State_Think_WAIT_FOR_PLAYERS_TO_LOAD: Loaded/expected players: 1/1. m_waitingForPlayersState: 1
08/30 14:01:56 CDOTAGameRules::State_Think_WAIT_FOR_PLAYERS_TO_LOAD: Loaded/expected players: 1/1. m_waitingForPlayersState: 1
08/30 14:01:56 [GCClient] Recv msg 7014 (k_EMsgGCOtherLeftChannel), 26 bytes
08/30 14:01:56 CDOTAGameRules::State_Think_WAIT_FOR_PLAYERS_TO_LOAD: Loaded/expected players: 1/1. m_waitingForPlayersState: 1
08/30 14:01:56 [GCClient] Recv msg 26 (k_ESOMsg_UpdateMultiple), 310 bytes
08/30 14:01:56 +++ CSODOTALobby.game_state: DOTA_GAMERULES_STATE_WAIT_FOR_PLAYERS_TO_LOAD
08/30 14:01:56 CDOTAGameRules::State_Think_WAIT_FOR_PLAYERS_TO_LOAD: Loaded/expected players: 1/1. m_waitingForPlayersState: 1
08/30 14:01:56 CDOTAGameRules::State_Think_WAIT_FOR_PLAYERS_TO_LOAD: Loaded/expected players: 1/1. m_waitingForPlayersState: 1
08/30 14:01:56 CDOTAGameRules::State_Think_WAIT_FOR_PLAYERS_TO_LOAD: Loaded/expected players: 1/1. m_waitingForPlayersState: 1
08/30 14:01:56 CDOTAGameRules::State_Think_WAIT_FOR_PLAYERS_TO_LOAD: Loaded/expected players: 1/1. m_waitingForPlayersState: 1
08/30 14:01:56 CDOTAGameRules::State_Think_WAIT_FOR_PLAYERS_TO_LOAD: Loaded/expected players: 1/1. m_waitingForPlayersState: 1
08/30 14:01:56 CDOTAGameRules::State_Think_WAIT_FOR_PLAYERS_TO_LOAD: Loaded/expected players: 1/1. m_waitingForPlayersState: 1
08/30 14:01:56 CDOTAGameRules::State_Think_WAIT_FOR_PLAYERS_TO_LOAD: Loaded/expected players: 1/1. m_waitingForPlayersState: 1
08/30 14:01:57 [WorldRenderer] CWorldRendererMgr::ServiceWorldRequests long frame: 61.006981ms
08/30 14:01:57 CDOTAGameRules::State_Think_WAIT_FOR_PLAYERS_TO_LOAD: Loaded/expected players: 1/1. m_waitingForPlayersState: 1
08/30 14:01:57 CDOTAGameRules::State_Think_WAIT_FOR_PLAYERS_TO_LOAD: Loaded/expected players: 1/1. m_waitingForPlayersState: 1
08/30 14:01:57 [WorldRenderer] CWorldRendererMgr::ServiceWorldRequests long frame: 61.531041ms
08/30 14:01:57 CDOTAGameRules::State_Think_WAIT_FOR_PLAYERS_TO_LOAD: Loaded/expected players: 1/1. m_waitingForPlayersState: 1
08/30 14:01:57 CDOTAGameRules::State_Think_WAIT_FOR_PLAYERS_TO_LOAD: Loaded/expected players: 1/1. m_waitingForPlayersState: 1
08/30 14:01:57 CDOTAGameRules::State_Think_WAIT_FOR_PLAYERS_TO_LOAD: Loaded/expected players: 1/1. m_waitingForPlayersState: 1
08/30 14:01:57 CDOTAGameRules::State_Think_WAIT_FOR_PLAYERS_TO_LOAD: Loaded/expected players: 1/1. m_waitingForPlayersState: 1
08/30 14:01:57 CDOTAGameRules::State_Think_WAIT_FOR_PLAYERS_TO_LOAD: Loaded/expected players: 1/1. m_waitingForPlayersState: 1
08/30 14:01:57 CDOTAGameRules::State_Think_WAIT_FOR_PLAYERS_TO_LOAD: Loaded/expected players: 1/1. m_waitingForPlayersState: 1
08/30 14:01:57 CDOTAGameRules::State_Think_WAIT_FOR_PLAYERS_TO_LOAD: Loaded/expected players: 1/1. m_waitingForPlayersState: 1
08/30 14:01:57 CDOTAGameRules::State_Think_WAIT_FOR_PLAYERS_TO_LOAD: Loaded/expected players: 1/1. m_waitingForPlayersState: 1
08/30 14:01:57 CDOTAGameRules::State_Think_WAIT_FOR_PLAYERS_TO_LOAD: Loaded/expected players: 1/1. m_waitingForPlayersState: 1
08/30 14:01:57 CDOTAGameRules::State_Think_WAIT_FOR_PLAYERS_TO_LOAD: Loaded/expected players: 1/1. m_waitingForPlayersState: 1
08/30 14:01:57 CDOTAGameRules::State_Think_WAIT_FOR_PLAYERS_TO_LOAD: Loaded/expected players: 1/1. m_waitingForPlayersState: 1
08/30 14:01:57 CDOTAGameRules::State_Think_WAIT_FOR_PLAYERS_TO_LOAD: Loaded/expected players: 1/1. m_waitingForPlayersState: 1
08/30 14:01:57 CDOTAGameRules::State_Think_WAIT_FOR_PLAYERS_TO_LOAD: Loaded/expected players: 1/1. m_waitingForPlayersState: 1
08/30 14:01:57 CDOTAGameRules::State_Think_WAIT_FOR_PLAYERS_TO_LOAD: Loaded/expected players: 1/1. m_waitingForPlayersState: 1
08/30 14:01:57 CDOTAGameRules::State_Think_WAIT_FOR_PLAYERS_TO_LOAD: Loaded/expected players: 1/1. m_waitingForPlayersState: 1
08/30 14:01:57 CDOTAGameRules::State_Think_WAIT_FOR_PLAYERS_TO_LOAD: Loaded/expected players: 1/1. m_waitingForPlayersState: 1
08/30 14:01:57 S:Gamerules: entering state 'DOTA_GAMERULES_STATE_CUSTOM_GAME_SETUP'
08/30 14:01:57 S:Gamerules: entering state 'DOTA_GAMERULES_STATE_PLAYER_DRAFT'
08/30 14:01:57 ClientPutInServer create new player controller [1 (Bot)]
08/30 14:01:57 [Server] CDOTA_PlayerResource: Adding player SteamID 0 to PlayerID 0 FakeClient=1, preferred PlayerID = 0
08/30 14:01:57 ClientPutInServer create new player controller [Gemini (Bot)]
08/30 14:01:57 [Server] CDOTA_PlayerResource: Adding player SteamID 0 to PlayerID 1 FakeClient=1, preferred PlayerID = 1
08/30 14:01:57 ClientPutInServer create new player controller [2 (Bot)]
08/30 14:01:57 [Server] CDOTA_PlayerResource: Adding player SteamID 0 to PlayerID 2 FakeClient=1, preferred PlayerID = 2
08/30 14:01:57 ClientPutInServer create new player controller [3 (Bot)]
08/30 14:01:57 [Server] CDOTA_PlayerResource: Adding player SteamID 0 to PlayerID 3 FakeClient=1, preferred PlayerID = 3
08/30 14:01:57 ClientPutInServer create new player controller [4 (Bot)]
08/30 14:01:57 [Server] CDOTA_PlayerResource: Adding player SteamID 0 to PlayerID 4 FakeClient=1, preferred PlayerID = 4
08/30 14:01:57 ClientPutInServer create new player controller [6 (Bot)]
08/30 14:01:57 [Server] CDOTA_PlayerResource: Adding player SteamID 0 to PlayerID 5 FakeClient=1, preferred PlayerID = 5
08/30 14:01:57 ClientPutInServer create new player controller [Grok (Bot)]
08/30 14:01:57 [Server] CDOTA_PlayerResource: Adding player SteamID 0 to PlayerID 6 FakeClient=1, preferred PlayerID = 6
08/30 14:01:57 ClientPutInServer create new player controller [7 (Bot)]
08/30 14:01:57 [Server] CDOTA_PlayerResource: Adding player SteamID 0 to PlayerID 7 FakeClient=1, preferred PlayerID = 7
08/30 14:01:57 ClientPutInServer create new player controller [8 (Bot)]
08/30 14:01:57 [Server] CDOTA_PlayerResource: Adding player SteamID 0 to PlayerID 8 FakeClient=1, preferred PlayerID = 8
08/30 14:01:57 ClientPutInServer create new player controller [9 (Bot)]
08/30 14:01:57 [Server] CDOTA_PlayerResource: Adding player SteamID 0 to PlayerID 9 FakeClient=1, preferred PlayerID = 9
08/30 14:01:57 S:Gamerules: entering state 'DOTA_GAMERULES_STATE_HERO_SELECTION'
08/30 14:01:57 SV: Started streaming map dota spawngroup 2
08/30 14:01:57 Muted Players: Send msg 8870 (k_EMsgServerToGCLobbyInitialized), 8 bytes
08/30 14:01:57 Starting replay recording in 10 seconds...
08/30 14:01:57 [Server] PR:SetSelectedHero 0:[I:0:0] npc_dota_hero_nevermore(11)
08/30 14:01:57 [Server] PR:SetSelectedHero 5:[I:0:0] npc_dota_hero_nevermore(11)
08/30 14:01:57 Sending CMsgConnectedPlayers for reason GAME_STATE.  Last send was 1.4s ago, urgency is 0.0s
08/30 14:01:57 game_state: DOTA_GAMERULES_STATE_HERO_SELECTION
first_blood_happened: false
send_reason: GAME_STATE
radiant_kills: 0
dire_kills: 0
radiant_lead: 0
building_state: 19138340

08/30 14:01:57 [GCClient] Send msg 7034 (k_EMsgGCConnectedPlayers), 25 bytes
08/30 14:01:57 [Server] PR:SetSelectedHero 1:[I:0:0] npc_dota_hero_nevermore(11)
08/30 14:01:57 [Server] PR:SetSelectedHero 6:[I:0:0] npc_dota_hero_nevermore(11)
08/30 14:01:57 [Server] PR:SetSelectedHero 2:[I:0:0] npc_dota_hero_nevermore(11)
08/30 14:01:57 [Server] PR:SetSelectedHero 7:[I:0:0] npc_dota_hero_nevermore(11)
08/30 14:01:57 [Server] PR:SetSelectedHero 3:[I:0:0] npc_dota_hero_nevermore(11)
08/30 14:01:57 [Server] PR:SetSelectedHero 8:[I:0:0] npc_dota_hero_nevermore(11)
08/30 14:01:57 [Server] PR:SetSelectedHero 4:[I:0:0] npc_dota_hero_nevermore(11)
08/30 14:01:57 [Server] PR:SetSelectedHero 9:[I:0:0] npc_dota_hero_nevermore(11)
08/30 14:01:57 S:Gamerules: entering state 'DOTA_GAMERULES_STATE_STRATEGY_TIME'
08/30 14:01:57 Sending CMsgConnectedPlayers for reason GAME_STATE.  Last send was 0.2s ago, urgency is 0.0s
08/30 14:01:57 game_state: DOTA_GAMERULES_STATE_STRATEGY_TIME
first_blood_happened: false
send_reason: GAME_STATE
radiant_kills: 0
dire_kills: 0
radiant_lead: 0
building_state: 19138340

08/30 14:01:57 [GCClient] Send msg 7034 (k_EMsgGCConnectedPlayers), 25 bytes
08/30 14:01:57 [Localization System] CLocalize::FindSafe failed to localize: 'invalid index'
08/30 14:01:57 [Localization System] CLocalize::FindSafe failed to localize: 'invalid index'
08/30 14:01:57 [Localization System] CLocalize::FindSafe failed to localize: 'invalid index'
08/30 14:01:57 C:Gamerules: entering state 'DOTA_GAMERULES_STATE_HERO_SELECTION'
08/30 14:01:57 [Client] LoadingDisplay changed from WAITING_FOR_PLAYERS to NONE (map="start")
08/30 14:01:57 [Client] CDOTA_Hud_Main::EventGameRulesStateChanged DOTA_GAMERULES_STATE_HERO_SELECTION
08/30 14:01:57 [Client] PregameHud - eGameState is now DOTA_GAMERULES_STATE_HERO_SELECTION
08/30 14:01:57 [Client] PregameHud - bIsPreloading is now 0
08/30 14:01:57 [Localization System] CLocalize::FindSafe failed to localize: 'invalid index'
08/30 14:01:57 C:Gamerules: entering state 'DOTA_GAMERULES_STATE_STRATEGY_TIME'
08/30 14:01:57 [Client] CDOTA_Hud_Main::EventGameRulesStateChanged DOTA_GAMERULES_STATE_STRATEGY_TIME
08/30 14:01:57 [Client] PregameHud - eGameState is now DOTA_GAMERULES_STATE_STRATEGY_TIME
08/30 14:01:57 [GCClient] Recv msg 26 (k_ESOMsg_UpdateMultiple), 310 bytes
08/30 14:01:57 [Localization System] CLocalize::FindSafe failed to localize: 'invalid index'
08/30 14:01:57 [WorldRenderer] CWorldRendererMgr::ServiceWorldRequests long frame: 46.275370ms
08/30 14:01:57 [GCClient] Recv msg 26 (k_ESOMsg_UpdateMultiple), 310 bytes
08/30 14:01:57 [GCClient] Recv msg 26 (k_ESOMsg_UpdateMultiple), 310 bytes
08/30 14:01:57 --- CSODOTALobby.game_state: DOTA_GAMERULES_STATE_WAIT_FOR_PLAYERS_TO_LOAD
08/30 14:01:57 +++ CSODOTALobby.game_state: DOTA_GAMERULES_STATE_HERO_SELECTION
08/30 14:01:57 [WorldRenderer] CWorldRendererMgr::ServiceWorldRequests long frame: 46.602890ms
08/30 14:01:57 [SteamNetSockets] Waited 2.8ms for SteamNetworkingSockets lock [GetSessionConnectionInfo]
08/30 14:01:58 [WorldRenderer] CWorldRendererMgr::ServiceWorldRequests long frame: 48.153999ms
08/30 14:01:58 [GCClient] Recv msg 26 (k_ESOMsg_UpdateMultiple), 310 bytes
08/30 14:01:58 --- CSODOTALobby.game_state: DOTA_GAMERULES_STATE_HERO_SELECTION
08/30 14:01:58 +++ CSODOTALobby.game_state: DOTA_GAMERULES_STATE_STRATEGY_TIME
08/30 14:01:58 [WorldRenderer] CWorldRendererMgr::ServiceWorldRequests long frame: 53.532906ms
08/30 14:01:58 [WorldRenderer] CWorldRendererMgr::ServiceWorldRequests long frame: 47.583279ms
08/30 14:01:58 [Server] Unable to load grid nav for world "prefabs/promotional_radiant_fountain"
08/30 14:01:58 [Server] Unable to load grid nav for world "prefabs/promotional_dire_fountain"
08/30 14:01:59 [Server] ReconnectInfo established for playerid=9
08/30 14:01:59 [Server] PR:SetConnectionState 9:[I:0:0] DOTA_CONNECTION_STATE_UNKNOWN NETWORK_DISCONNECT_KICKED
08/30 14:01:59 Setting player 9 (Bot) to DOTA_LEAVER_DISCONNECTED
08/30 14:01:59 [Server] PR:SetSelectedHero 9:[I:0:0] (null)(0)
08/30 14:01:59 [Server] Cannot assign player to team 5, no space on team.
08/30 14:02:00 [Client] Unable to load grid nav for world "prefabs/promotional_radiant_fountain" (ERROR_FILEOPEN: File not found)
08/30 14:02:00 [Client] Unable to load grid nav for world "prefabs/promotional_dire_fountain" (ERROR_FILEOPEN: File not found)
08/30 14:02:00 [AnimResource]  models/effects/waterfall_02.vmdl : Animations loaded but no animation data found
08/30 14:02:01 [Server] ReconnectInfo established for playerid=8
08/30 14:02:01 [Server] PR:SetConnectionState 8:[I:0:0] DOTA_CONNECTION_STATE_UNKNOWN NETWORK_DISCONNECT_KICKED
08/30 14:02:01 Setting player 8 (Bot) to DOTA_LEAVER_DISCONNECTED
08/30 14:02:01 [Server] PR:SetSelectedHero 8:[I:0:0] (null)(0)
08/30 14:02:01 [Server] Cannot assign player to team 5, no space on team.
08/30 14:02:02 [Server] ReconnectInfo established for playerid=7
08/30 14:02:02 [Server] PR:SetConnectionState 7:[I:0:0] DOTA_CONNECTION_STATE_UNKNOWN NETWORK_DISCONNECT_KICKED
08/30 14:02:02 Setting player 7 (Bot) to DOTA_LEAVER_DISCONNECTED
08/30 14:02:02 [Server] PR:SetSelectedHero 7:[I:0:0] (null)(0)
08/30 14:02:02 [Server] Cannot assign player to team 5, no space on team.
08/30 14:02:03 [GCClient] Timed out waiting 10 secs for reply msg 7055 (k_EMsgGCPracticeLobbyResponse) from GC.  Assuming connection has been disrupted.
08/30 14:02:03 [GCClient] Send msg 4006 (k_EMsgGCClientHello), 131 bytes
08/30 14:02:03 [GCClient] Recv msg 4004 (k_EMsgGCClientWelcome), 856 bytes
08/30 14:02:03 [GCClient] Received client welcome from GC.
08/30 14:02:03 [SOCache] CMsgClientWelcome subscribed: 1 up-to-date, 1 out-of-date
08/30 14:02:03 [SOCache] CGCSOCacheSubscribedJob(owner=<Lobby:29996980840739158>) [in cache]
08/30 14:02:03 [Localization System] CLocalize::FindSafe failed to localize: 'invalid index'
08/30 14:02:03 [Localization System] CLocalize::FindSafe failed to localize: 'invalid index'
08/30 14:02:03 GC reported matchgroups version 107
08/30 14:02:03 [WeekendTourney] Received weekend tourney schedule.
08/30 14:02:03 [GCClient] Send msg 2536 (k_EMsgGCRequestStoreSalesData), 12 bytes
08/30 14:02:03 [GCClient] Send msg 2617 (k_EMsgClientToGCCancelUnfinalizedTransactions), 8 bytes
08/30 14:02:03 [GCClient] Recv msg 29 (k_ESOMsg_CacheSubscribedUpToDate), 44 bytes
08/30 14:02:03 [GCClient] Send msg 7009 (k_EMsgGCJoinChatChannel), 25 bytes
08/30 14:02:03 [GCClient] Send msg 7009 (k_EMsgGCJoinChatChannel), 35 bytes
08/30 14:02:04 [GCClient] Recv msg 7010 (k_EMsgGCJoinChatChannelResponse), 49 bytes
08/30 14:02:04 [GCClient] Recv msg 2618 (k_EMsgClientToGCCancelUnfinalizedTransactionsResponse), 19 bytes
08/30 14:02:04 [GCClient] Recv msg 7010 (k_EMsgGCJoinChatChannelResponse), 74 bytes
08/30 14:02:04 [GCClient] Recv msg 2538 (k_EMsgGCRequestStoreSalesDataUpToDateResponse), 16 bytes
08/30 14:02:05 [Server] ReconnectInfo established for playerid=5
08/30 14:02:05 [Server] PR:SetConnectionState 5:[I:0:0] DOTA_CONNECTION_STATE_UNKNOWN NETWORK_DISCONNECT_KICKED
08/30 14:02:05 Setting player 6 (Bot) to DOTA_LEAVER_DISCONNECTED
08/30 14:02:05 [Server] PR:SetSelectedHero 5:[I:0:0] (null)(0)
08/30 14:02:05 [Server] Cannot assign player to team 5, no space on team.
08/30 14:02:06 [Server] ReconnectInfo established for playerid=4
08/30 14:02:06 [Server] PR:SetConnectionState 4:[I:0:0] DOTA_CONNECTION_STATE_UNKNOWN NETWORK_DISCONNECT_KICKED
08/30 14:02:06 Setting player 4 (Bot) to DOTA_LEAVER_DISCONNECTED
08/30 14:02:06 [Server] PR:SetSelectedHero 4:[I:0:0] (null)(0)
08/30 14:02:06 [Server] Cannot assign player to team 5, no space on team.
08/30 14:02:07 [HLTV Server] Recording SourceTV replay from HLTVServerAsync:
playdemo replays/auto-20260830-1402-start-Pshe.dem
08/30 14:02:09 [Server] ReconnectInfo established for playerid=3
08/30 14:02:09 [Server] PR:SetConnectionState 3:[I:0:0] DOTA_CONNECTION_STATE_UNKNOWN NETWORK_DISCONNECT_KICKED
08/30 14:02:09 Setting player 3 (Bot) to DOTA_LEAVER_DISCONNECTED
08/30 14:02:09 [Server] PR:SetSelectedHero 3:[I:0:0] (null)(0)
08/30 14:02:09 [Server] Cannot assign player to team 5, no space on team.
08/30 14:02:11 [Server] ReconnectInfo established for playerid=2
08/30 14:02:11 [Server] PR:SetConnectionState 2:[I:0:0] DOTA_CONNECTION_STATE_UNKNOWN NETWORK_DISCONNECT_KICKED
08/30 14:02:11 Setting player 2 (Bot) to DOTA_LEAVER_DISCONNECTED
08/30 14:02:11 [Server] PR:SetSelectedHero 2:[I:0:0] (null)(0)
08/30 14:02:11 [Server] Cannot assign player to team 5, no space on team.
08/30 14:02:13 [Server] ReconnectInfo established for playerid=0
08/30 14:02:13 [Server] PR:SetConnectionState 0:[I:0:0] DOTA_CONNECTION_STATE_UNKNOWN NETWORK_DISCONNECT_KICKED
08/30 14:02:13 Setting player 1 (Bot) to DOTA_LEAVER_DISCONNECTED
08/30 14:02:13 [Server] PR:SetSelectedHero 0:[I:0:0] (null)(0)
08/30 14:02:13 [Server] Cannot assign player to team 5, no space on team.
08/30 14:02:27 [Server] PR:SetSelectedHeroFacet 1:[I:0:0] (npc_dota_hero_nevermore:(null))
08/30 14:02:27 [Server] PR:SetSelectedHeroFacet 6:[I:0:0] (npc_dota_hero_nevermore:(null))
08/30 14:02:27 S:Gamerules: entering state 'DOTA_GAMERULES_STATE_TEAM_SHOWCASE'
08/30 14:02:27 --- Sent CMsgGameServerInfo to GC
08/30 14:02:27 server_public_ip_addr: 787974342
server_private_ip_addr: 167773962
server_port: 27015
server_tv_port: 27020
server_key: ""
server_hibernation: false
server_type: GAME
server_region: 0
server_loadavg: 0.388747633
server_tv_broadcast_time: 31.9333344
server_game_time: -16
relay_slots_max: 64
relays_connected: 0
relay_clients_connected: 0
tv_secret_code: 16208329849224617405
server_version: 6918
server_cluster: 0
assigned_server_tv_port: 27020
allow_custom_games: BOTH
build_version: 6918

08/30 14:02:27 ---
08/30 14:02:27 Sending CMsgConnectedPlayers for reason GAME_STATE.  Last send was 30.1s ago, urgency is 0.0s
08/30 14:02:27 game_state: DOTA_GAMERULES_STATE_TEAM_SHOWCASE
first_blood_happened: false
send_reason: GAME_STATE
radiant_kills: 0
dire_kills: 0
radiant_lead: 0
building_state: 19138340

08/30 14:02:27 Player 0 is the econ owner for 'npc_dota_hero_nevermore' but has null econ inventory when checking by playerID.
08/30 14:02:27 [GCClient] Send msg 4508 (k_EMsgGCGameServerInfo), 84 bytes
08/30 14:02:27 [ResourceSystem] Failed loading resource "particles/ability_modifier_placeholder/mask_of_madness_active.vpcf_c" (ERROR_FILEOPEN: File not found)
08/30 14:02:27 [GCClient] Send msg 7034 (k_EMsgGCConnectedPlayers), 25 bytes
08/30 14:02:27 Player 0 is the econ owner for 'npc_dota_hero_nevermore' but has null econ inventory when checking by playerID.
08/30 14:02:27 [Localization System] CLocalize::FindSafe failed to localize: 'invalid index'
08/30 14:02:27 C:Gamerules: entering state 'DOTA_GAMERULES_STATE_TEAM_SHOWCASE'
08/30 14:02:27 [Client] CDOTA_Hud_Main::EventGameRulesStateChanged DOTA_GAMERULES_STATE_TEAM_SHOWCASE
08/30 14:02:27 [Client] PregameHud - eGameState is now DOTA_GAMERULES_STATE_TEAM_SHOWCASE
08/30 14:02:27 [ResourceSystem] Failed loading resource "materials/models/items/marci/marci_crystalline_dragon_shoulder/marci_crystalline_dragon_shoulder.vmat_c" (ERROR_FILEOPEN: File not found)
08/30 14:02:28 [GCClient] Recv msg 26 (k_ESOMsg_UpdateMultiple), 310 bytes
08/30 14:02:28 --- CSODOTALobby.game_state: DOTA_GAMERULES_STATE_STRATEGY_TIME
08/30 14:02:28 +++ CSODOTALobby.game_state: DOTA_GAMERULES_STATE_TEAM_SHOWCASE
08/30 14:02:43 S:Gamerules: entering state 'DOTA_GAMERULES_STATE_WAIT_FOR_MAP_TO_LOAD'
08/30 14:02:43 Sending CMsgConnectedPlayers for reason GAME_STATE.  Last send was 16.0s ago, urgency is 0.0s
08/30 14:02:43 game_state: DOTA_GAMERULES_STATE_WAIT_FOR_MAP_TO_LOAD
first_blood_happened: false
send_reason: GAME_STATE
radiant_kills: 0
dire_kills: 0
radiant_lead: 0
building_state: 19138340

08/30 14:02:43 [Server] Created physics for dota
08/30 14:02:43 [Server] 1941:bad_result_position::m_vecOrigin CNetworkOriginCellCoordQuantizedVector m_cellY cell -354 is outside of cell bounds (0->128) @(2560.000000 -107231.250000 0.000000)
08/30 14:02:43 [Entity System] Entity  [info_particle_system]: unrecognized parent "28818_riverflow_model"
08/30 14:02:43 [Entity System] Entity  [info_particle_system]: unrecognized parent "9072_riverflow_model"
08/30 14:02:43 Bot ward spot ward_spot_radiant_high_point_top not found in map; falling back to hardcoded location.
08/30 14:02:43 Bot ward spot ward_spot_dire_rune_bottom not found in map; falling back to hardcoded location.
08/30 14:02:43 Bot ward spot ward_spot_dire_high_point_top in an invalid location, this may cause bots to get stuck.
08/30 14:02:43 [GCClient] Send msg 7034 (k_EMsgGCConnectedPlayers), 25 bytes
08/30 14:02:43 S:Gamerules: entering state 'DOTA_GAMERULES_STATE_PRE_GAME'
08/30 14:02:43 m_flPreGameStartTime set to 58.00
08/30 14:02:43 m_flStateTransitionTime set to 148.00
08/30 14:02:43 Sending CMsgConnectedPlayers for reason GAME_STATE.  Last send was 0.2s ago, urgency is 0.0s
08/30 14:02:43 game_state: DOTA_GAMERULES_STATE_PRE_GAME
first_blood_happened: false
send_reason: GAME_STATE
radiant_kills: 0
dire_kills: 0
radiant_lead: 0
building_state: 4784201

08/30 14:02:43 Height map file (maps/prefabs/promotional_radiant_fountain.vhcg) not found, this will make ground height traces more expensive! Recompile the map to generate a height map.
08/30 14:02:44 Height map file (maps/prefabs/promotional_dire_fountain.vhcg) not found, this will make ground height traces more expensive! Recompile the map to generate a height map.
08/30 14:02:44 CGameParticleManager::SetParticleControlEnt: Unable to lookup attachment "attach_hitloc" on model "" for entity "npc_dota_hero_nevermore"
08/30 14:02:44 [GCClient] Send msg 8744 (k_EMsgServerToGCGetGuildContracts), 17 bytes
08/30 14:02:44 [GCClient] Send msg 7034 (k_EMsgGCConnectedPlayers), 25 bytes
08/30 14:02:44 [Server] PR:GetSelectedHeroName called with bogus player id 5, ignoring
08/30 14:02:44 [Server] PR:GetSelectedHeroName called with bogus player id 7, ignoring
08/30 14:02:44 [Server] PR:GetSelectedHeroName called with bogus player id 8, ignoring
08/30 14:02:44 [Server] PR:GetSelectedHeroName called with bogus player id 9, ignoring
08/30 14:02:44 CGameParticleManager::SetParticleControlEnt: Unable to lookup attachment "attach_hitloc" on model "" for entity "npc_dota_hero_nevermore"
08/30 14:02:44 [Client] Created physics for dota
08/30 14:02:44 [Localization System] CLocalize::FindSafe failed to localize: 'invalid index'
08/30 14:02:44 C:Gamerules: entering state 'DOTA_GAMERULES_STATE_WAIT_FOR_MAP_TO_LOAD'
08/30 14:02:44 [Client] CDOTA_Hud_Main::EventGameRulesStateChanged DOTA_GAMERULES_STATE_WAIT_FOR_MAP_TO_LOAD
08/30 14:02:44 [Client] PregameHud - eGameState is now DOTA_GAMERULES_STATE_WAIT_FOR_MAP_TO_LOAD
08/30 14:02:44 [GCClient] Recv msg 26 (k_ESOMsg_UpdateMultiple), 310 bytes
08/30 14:02:44 --- CSODOTALobby.game_state: DOTA_GAMERULES_STATE_TEAM_SHOWCASE
08/30 14:02:44 +++ CSODOTALobby.game_state: DOTA_GAMERULES_STATE_WAIT_FOR_MAP_TO_LOAD
08/30 14:02:44 [Localization System] CLocalize::FindSafe failed to localize: 'invalid index'
08/30 14:02:44 [Localization System] CLocalize::FindSafe failed to localize: 'invalid index'
08/30 14:02:44 [Localization System] CLocalize::FindSafe failed to localize: 'AIB[R] role-pid=1 role-n=1 role-pos=2'
08/30 14:02:44 [Localization System] CLocalize::FindSafe failed to localize: 'AIB[R] build=d9cc1a7'
08/30 14:02:44 [Localization System] CLocalize::FindSafe failed to localize: 'AIB[R] harass=0.65 farm=0.70 fwd=0.55 rune=0.60 retreat=0.55 exec=0.60 gank=0.20 push=0.60'
08/30 14:02:44 [Localization System] CLocalize::FindSafe failed to localize: 'AIB[R] defend=0.55 ward=0.50 roshan=0.50 dive=finish_only heal=active abil=aggressive cw=last_hit_only at=on_cooldown pgb=default ta=default'
08/30 14:02:44 [Localization System] CLocalize::FindSafe failed to localize: 'AIB[R] hero=default deny=default lowhp=regen_lane respawn=tp_to_lane'
08/30 14:02:44 [Localization System] CLocalize::FindSafe failed to localize: 'AIB[R] intent=damage-by-source family=other creep=0 tower=0 hero=0 mixed=0 death=0 other=0 stale=0 gaps=0'
08/30 14:02:44 [Localization System] CLocalize::FindSafe failed to localize: 'AIB[R] precreep-park=1'
08/30 14:02:44 [Localization System] CLocalize::FindSafe failed to localize: 'AIB[R] intent=tick-owner family=other stage=pregame'
08/30 14:02:44 [Localization System] CLocalize::FindSafe failed to localize: 'AIB[D] role-pid=6 role-n=5 role-pos=2'
08/30 14:02:44 [Localization System] CLocalize::FindSafe failed to localize: 'AIB[D] build=d9cc1a7'
08/30 14:02:44 [Localization System] CLocalize::FindSafe failed to localize: 'AIB[D] harass=0.75 farm=0.65 fwd=0.65 rune=0.60 retreat=0.45 exec=0.55 gank=0.30 push=0.60'
08/30 14:02:44 [Localization System] CLocalize::FindSafe failed to localize: 'AIB[D] defend=0.60 ward=0.50 roshan=0.50 dive=finish_only heal=active abil=aggressive cw=push at=on_cooldown pgb=default ta=default'
08/30 14:02:44 [Localization System] CLocalize::FindSafe failed to localize: 'AIB[D] hero=always deny=always lowhp=regen_lane respawn=tp_to_lane'
08/30 14:02:44 [Localization System] CLocalize::FindSafe failed to localize: 'AIB[D] intent=damage-by-source family=other creep=0 tower=0 hero=0 mixed=0 death=0 other=0 stale=0 gaps=0'
08/30 14:02:44 [Localization System] CLocalize::FindSafe failed to localize: 'AIB[D] precreep-park=1'
08/30 14:02:44 [Localization System] CLocalize::FindSafe failed to localize: 'AIB[D] intent=tick-owner family=other stage=pregame'
08/30 14:02:44 C:Gamerules: entering state 'DOTA_GAMERULES_STATE_PRE_GAME'
08/30 14:02:44 Map is missing info_player_start_* entity for team 1.
08/30 14:02:44 [Client] CDOTA_Hud_Main::EventGameRulesStateChanged DOTA_GAMERULES_STATE_PRE_GAME
08/30 14:02:44 [Client] PregameHud - eGameState is now DOTA_GAMERULES_STATE_PRE_GAME
08/30 14:02:44 **** Panel Hint has fill-parent-flow for width, but isn't in a flowing right layout
08/30 14:02:44 [GCClient] Recv msg 8745 (k_EMsgServerToGCGetGuildContractsResponse), 17 bytes
08/30 14:02:44 [GCClient] Recv msg 26 (k_ESOMsg_UpdateMultiple), 310 bytes
08/30 14:02:44 --- CSODOTALobby.game_state: DOTA_GAMERULES_STATE_WAIT_FOR_MAP_TO_LOAD
08/30 14:02:44 +++ CSODOTALobby.game_state: DOTA_GAMERULES_STATE_PRE_GAME
08/30 14:02:45 [Localization System] CLocalize::FindSafe failed to localize: 'AIB[D] blocked=buy-loop reason=saving target=item_bottle head=item_bottle cost=675 gold=270 left=1'
08/30 14:02:45 [Localization System] CLocalize::FindSafe failed to localize: 'AIB[R] blocked=buy-loop reason=saving target=item_bottle head=item_bottle cost=675 gold=270 left=1'
08/30 14:02:49 [Client] PregameHud - SetPreGameVisible 0
08/30 14:02:56 [Localization System] CLocalize::FindSafe failed to localize: 'AIB[D] intent=tick-owner family=other stage=pregame'
08/30 14:02:56 [Localization System] CLocalize::FindSafe failed to localize: 'AIB[R] intent=tick-owner family=other stage=pregame'
08/30 14:02:57 [Localization System] CLocalize::FindSafe failed to localize: 'AIB[D] blocked=buy-loop reason=saving target=item_bottle head=item_bottle cost=675 gold=270 left=1'
08/30 14:02:57 [Localization System] CLocalize::FindSafe failed to localize: 'AIB[R] blocked=buy-loop reason=saving target=item_bottle head=item_bottle cost=675 gold=270 left=1'
08/30 14:02:59 [Localization System] CLocalize::FindSafe failed to localize: 'AIB[D] intent=damage-by-source family=other creep=0 tower=0 hero=0 mixed=0 death=0 other=0 stale=0 gaps=0'
08/30 14:02:59 [Localization System] CLocalize::FindSafe failed to localize: 'AIB[R] intent=damage-by-source family=other creep=0 tower=0 hero=0 mixed=0 death=0 other=0 stale=0 gaps=0'
08/30 14:03:03 [Localization System] CLocalize::FindSafe failed to localize: 'Welcome to Open Hyper AI (OHA): 0.7.41 - 2026/04/02'
08/30 14:03:05 [Localization System] CLocalize::FindSafe failed to localize: 'Welcome to Open Hyper AI (OHA): 0.7.41 - 2026/04/02'
08/30 14:03:08 [Localization System] CLocalize::FindSafe failed to localize: 'AIB[D] intent=tick-owner family=other stage=pregame'
08/30 14:03:09 [Localization System] CLocalize::FindSafe failed to localize: 'AIB[R] intent=tick-owner family=other stage=pregame'
08/30 14:03:09 [Localization System] CLocalize::FindSafe failed to localize: 'AIB[D] blocked=buy-loop reason=saving target=item_bottle head=item_bottle cost=675 gold=270 left=1'
08/30 14:03:09 [Localization System] CLocalize::FindSafe failed to localize: 'AIB[R] blocked=buy-loop reason=saving target=item_bottle head=item_bottle cost=675 gold=270 left=1'
08/30 14:03:14 [Localization System] CLocalize::FindSafe failed to localize: 'AIB[D] intent=damage-by-source family=other creep=0 tower=0 hero=0 mixed=0 death=0 other=0 stale=0 gaps=0'
08/30 14:03:14 [Localization System] CLocalize::FindSafe failed to localize: 'AIB[R] intent=damage-by-source family=other creep=0 tower=0 hero=0 mixed=0 death=0 other=0 stale=0 gaps=0'
08/30 14:03:21 [Localization System] CLocalize::FindSafe failed to localize: 'AIB[D] intent=tick-owner family=other stage=pregame'
08/30 14:03:21 [Localization System] CLocalize::FindSafe failed to localize: 'AIB[R] intent=tick-owner family=other stage=pregame'
08/30 14:03:21 [Localization System] CLocalize::FindSafe failed to localize: 'AIB[D] blocked=buy-loop reason=saving target=item_bottle head=item_bottle cost=675 gold=270 left=1'
08/30 14:03:21 [Localization System] CLocalize::FindSafe failed to localize: 'AIB[R] blocked=buy-loop reason=saving target=item_bottle head=item_bottle cost=675 gold=270 left=1'
08/30 14:03:29 [Localization System] CLocalize::FindSafe failed to localize: 'AIB[D] intent=damage-by-source family=other creep=0 tower=0 hero=0 mixed=0 death=0 other=0 stale=0 gaps=0'
08/30 14:03:29 [Localization System] CLocalize::FindSafe failed to localize: 'AIB[R] intent=damage-by-source family=other creep=0 tower=0 hero=0 mixed=0 death=0 other=0 stale=0 gaps=0'
08/30 14:03:33 [Localization System] CLocalize::FindSafe failed to localize: 'AIB[D] intent=tick-owner family=other stage=pregame'
08/30 14:03:33 [Localization System] CLocalize::FindSafe failed to localize: 'AIB[R] intent=tick-owner family=other stage=pregame'
08/30 14:03:34 [Localization System] CLocalize::FindSafe failed to localize: 'AIB[D] blocked=buy-loop reason=saving target=item_bottle head=item_bottle cost=675 gold=270 left=1'
08/30 14:03:34 [Localization System] CLocalize::FindSafe failed to localize: 'AIB[R] blocked=buy-loop reason=saving target=item_bottle head=item_bottle cost=675 gold=270 left=1'
08/30 14:03:44 [Localization System] CLocalize::FindSafe failed to localize: 'AIB[D] intent=rune-ground-truth family=rune id=0 status=2 t=-30'
08/30 14:03:44 [Localization System] CLocalize::FindSafe failed to localize: 'AIB[R] intent=rune-ground-truth family=rune id=0 status=2 t=-30'
08/30 14:03:44 [Localization System] CLocalize::FindSafe failed to localize: 'AIB[D] intent=damage-by-source family=other creep=0 tower=0 hero=0 mixed=0 death=0 other=0 stale=0 gaps=0'
08/30 14:03:44 [Localization System] CLocalize::FindSafe failed to localize: 'AIB[R] intent=damage-by-source family=other creep=0 tower=0 hero=0 mixed=0 death=0 other=0 stale=0 gaps=0'
08/30 14:03:45 [Localization System] CLocalize::FindSafe failed to localize: 'AIB[D] precreep-park-hold=7 precreep-park=185'
08/30 14:03:45 [Localization System] CLocalize::FindSafe failed to localize: 'AIB[R] precreep-park-hold=8 precreep-park=156'
08/30 14:03:46 [Localization System] CLocalize::FindSafe failed to localize: 'AIB[D] intent=tick-owner family=other stage=pregame'
08/30 14:03:46 [Localization System] CLocalize::FindSafe failed to localize: 'AIB[R] intent=tick-owner family=other stage=pregame'
08/30 14:03:46 [Localization System] CLocalize::FindSafe failed to localize: 'AIB[D] blocked=buy-loop reason=saving target=item_bottle head=item_bottle cost=675 gold=270 left=1'
08/30 14:03:46 [Localization System] CLocalize::FindSafe failed to localize: 'AIB[R] blocked=buy-loop reason=saving target=item_bottle head=item_bottle cost=675 gold=270 left=1'
08/30 14:03:58 [Localization System] CLocalize::FindSafe failed to localize: 'AIB[D] blocked=buy-loop reason=saving target=item_bottle head=item_bottle cost=675 gold=270 left=1'
08/30 14:03:58 [Localization System] CLocalize::FindSafe failed to localize: 'AIB[R] blocked=buy-loop reason=saving target=item_bottle head=item_bottle cost=675 gold=270 left=1'
08/30 14:03:58 [Localization System] CLocalize::FindSafe failed to localize: 'AIB[R] intent=tick-owner family=other stage=pregame'
08/30 14:03:58 [Localization System] CLocalize::FindSafe failed to localize: 'AIB[D] intent=tick-owner family=other stage=pregame'
08/30 14:03:59 [Localization System] CLocalize::FindSafe failed to localize: 'AIB[D] intent=damage-by-source family=other creep=0 tower=0 hero=0 mixed=0 death=0 other=0 stale=0 gaps=0'
08/30 14:03:59 [Localization System] CLocalize::FindSafe failed to localize: 'AIB[R] intent=damage-by-source family=other creep=0 tower=0 hero=0 mixed=0 death=0 other=0 stale=0 gaps=0'
08/30 14:04:10 [Localization System] CLocalize::FindSafe failed to localize: 'AIB[D] blocked=buy-loop reason=saving target=item_bottle head=item_bottle cost=675 gold=270 left=1'
08/30 14:04:10 [Localization System] CLocalize::FindSafe failed to localize: 'AIB[R] blocked=buy-loop reason=saving target=item_bottle head=item_bottle cost=675 gold=270 left=1'
08/30 14:04:11 [Localization System] CLocalize::FindSafe failed to localize: 'AIB[R] intent=tick-owner family=other stage=pregame'
08/30 14:04:11 [Localization System] CLocalize::FindSafe failed to localize: 'AIB[D] intent=tick-owner family=other stage=pregame'
08/30 14:04:14 S:Gamerules: entering state 'DOTA_GAMERULES_STATE_GAME_IN_PROGRESS'
08/30 14:04:14 m_flGameStartTime set to 148.00
08/30 14:04:14 Sending CMsgConnectedPlayers for reason GAME_STATE.  Last send was 90.0s ago, urgency is 0.0s
08/30 14:04:14 game_state: DOTA_GAMERULES_STATE_GAME_IN_PROGRESS
first_blood_happened: false
send_reason: GAME_STATE
radiant_kills: 0
dire_kills: 0
radiant_lead: 0
building_state: 4784201

08/30 14:04:14 [Localization System] CLocalize::FindSafe failed to localize: 'invalid index'
08/30 14:04:14 C:Gamerules: entering state 'DOTA_GAMERULES_STATE_GAME_IN_PROGRESS'
08/30 14:04:14 [Client] CDOTA_Hud_Main::EventGameRulesStateChanged DOTA_GAMERULES_STATE_GAME_IN_PROGRESS
08/30 14:04:14 [Client] CDOTA_Hud_Main::DeleteGameEndScreen deleted GameEndContainer
08/30 14:04:14 [GCClient] Send msg 7034 (k_EMsgGCConnectedPlayers), 25 bytes
08/30 14:04:14 --- Sent CMsgGameServerInfo to GC
08/30 14:04:14 server_public_ip_addr: 787974342
server_private_ip_addr: 167773962
server_port: 27015
server_tv_port: 27020
server_key: ""
server_hibernation: false
server_type: GAME
server_region: 0
server_loadavg: 0.37573126
server_tv_broadcast_time: 138.03334
server_game_time: 0.0333251953
relay_slots_max: 64
relays_connected: 0
relay_clients_connected: 0
tv_secret_code: 16208329849224617405
server_version: 6918
server_cluster: 0
assigned_server_tv_port: 27020
allow_custom_games: BOTH
build_version: 6918

08/30 14:04:14 ---
08/30 14:04:14 [GCClient] Send msg 4508 (k_EMsgGCGameServerInfo), 84 bytes
08/30 14:04:14 [Localization System] CLocalize::FindSafe failed to localize: 'AIB[R] t=0s hp=100% gold=271 loc=-1190,-1055 lh=0 dn=0 dg=+0 dlh=+0 bottle=-1 lvl=1 front=7078 ehp=-1'
08/30 14:04:14 [Localization System] CLocalize::FindSafe failed to localize: 'AIB[R] intent=state-post-horn-reset family=state reason=laning-start'
08/30 14:04:14 [Localization System] CLocalize::FindSafe failed to localize: 'AIB[R] intent=tick-owner family=other stage=laning-core'
08/30 14:04:14 [Localization System] CLocalize::FindSafe failed to localize: 'AIB[D] t=0s hp=100% gold=271 loc=170,299 lh=0 dn=0 dg=+0 dlh=+0 bottle=-1 lvl=1 front=8620 ehp=-1'
08/30 14:04:14 [Localization System] CLocalize::FindSafe failed to localize: 'AIB[D] intent=state-post-horn-reset family=state reason=laning-start'
08/30 14:04:14 [Localization System] CLocalize::FindSafe failed to localize: 'AIB[D] intent=tick-owner family=other stage=laning-core'
08/30 14:04:14 [Server] PR:IncrementIdleTime 1:[I:0:0] 63.83
08/30 14:04:14 [Server] PR:IncrementIdleTime 6:[I:0:0] 59.03
08/30 14:04:14 [GCClient] Recv msg 26 (k_ESOMsg_UpdateMultiple), 310 bytes
08/30 14:04:14 --- CSODOTALobby.game_state: DOTA_GAMERULES_STATE_PRE_GAME
08/30 14:04:14 +++ CSODOTALobby.game_state: DOTA_GAMERULES_STATE_GAME_IN_PROGRESS
08/30 14:04:14 [Localization System] CLocalize::FindSafe failed to localize: 'AIB[D] intent=damage-by-source family=other creep=0 tower=0 hero=0 mixed=0 death=0 other=0 stale=0 gaps=0'
08/30 14:04:14 [Localization System] CLocalize::FindSafe failed to localize: 'AIB[R] intent=damage-by-source family=other creep=0 tower=0 hero=0 mixed=0 death=0 other=0 stale=0 gaps=0'
08/30 14:04:15 [Localization System] CLocalize::FindSafe failed to localize: 'AIB[R] blocked=precreep-engage reason=no_licence pregame=default'
08/30 14:04:16 [Localization System] CLocalize::FindSafe failed to localize: 'AIB[D] intent=tick-owner family=other stage=laning-core'
08/30 14:04:16 [Localization System] CLocalize::FindSafe failed to localize: 'AIB[R] intent=tick-owner family=other stage=laning-core'
08/30 14:04:16 [Localization System] CLocalize::FindSafe failed to localize: 'AIB[D] intent=state-prewave-duel family=safety ttl=2 dist=821 hp=89'
08/30 14:04:18 [Localization System] CLocalize::FindSafe failed to localize: 'AIB[D] intent=tick-owner family=other stage=laning-core'
08/30 14:04:18 [Localization System] CLocalize::FindSafe failed to localize: 'AIB[R] intent=tick-owner family=other stage=laning-core'
08/30 14:04:18 [Localization System] CLocalize::FindSafe failed to localize: 'AIB[D] blocked=buy-loop reason=saving target=item_bottle head=item_bottle cost=675 gold=277 left=1'
08/30 14:04:18 [Localization System] CLocalize::FindSafe failed to localize: 'AIB[R] blocked=buy-loop reason=saving target=item_bottle head=item_bottle cost=675 gold=277 left=1'
08/30 14:04:18 [Localization System] CLocalize::FindSafe failed to localize: 'AIB[D] intent=state-prewave-duel family=safety ttl=2 dist=570 hp=84'
08/30 14:04:19 [Localization System] CLocalize::FindSafe failed to localize: 'AIB[R] t=5s hp=78% gold=278 loc=-710,-577 enemy-dist=570 lh=0 dn=0 dg=+7 dlh=+0 bottle=-1 lvl=1 front=7078 ehp=77'
08/30 14:04:19 [Localization System] CLocalize::FindSafe failed to localize: 'AIB[D] t=5s hp=77% gold=278 loc=-306,-174 enemy-dist=570 lh=0 dn=0 dg=+7 dlh=+0 bottle=-1 lvl=1 front=8620 ehp=78'
08/30 14:04:20 [Localization System] CLocalize::FindSafe failed to localize: 'AIB[D] intent=tick-owner family=other stage=laning-core'
08/30 14:04:20 [Localization System] CLocalize::FindSafe failed to localize: 'AIB[R] intent=tick-owner family=other stage=laning-core'
08/30 14:04:20 [Localization System] CLocalize::FindSafe failed to localize: 'AIB[D] intent=state-prewave-duel family=safety ttl=2 dist=570 hp=72'
08/30 14:04:22 [Localization System] CLocalize::FindSafe failed to localize: 'AIB[D] intent=tick-owner family=other stage=laning-core'
08/30 14:04:22 [Localization System] CLocalize::FindSafe failed to localize: 'AIB[R] intent=tick-owner family=other stage=laning-core'
08/30 14:04:22 [Localization System] CLocalize::FindSafe failed to localize: 'AIB[D] intent=state-prewave-duel family=safety ttl=2 dist=570 hp=66'
08/30 14:04:24 [Localization System] CLocalize::FindSafe failed to localize: 'AIB[R] t=10s hp=60% gold=286 loc=-710,-577 enemy-dist=570 lh=0 dn=0 dg=+8 dlh=+0 bottle=-1 lvl=1 front=7078 ehp=61'
08/30 14:04:24 [Localization System] CLocalize::FindSafe failed to localize: 'AIB[D] t=10s hp=54% gold=286 loc=-306,-174 enemy-dist=570 lh=0 dn=0 dg=+8 dlh=+0 bottle=-1 lvl=1 front=8620 ehp=54'
08/30 14:04:24 [Localization System] CLocalize::FindSafe failed to localize: 'AIB[D] intent=tick-owner family=other stage=laning-core'
08/30 14:04:24 [Localization System] CLocalize::FindSafe failed to localize: 'AIB[R] intent=tick-owner family=other stage=laning-core'
08/30 14:04:24 [Localization System] CLocalize::FindSafe failed to localize: 'AIB[D] intent=state-prewave-duel family=safety ttl=2 dist=570 hp=54'
08/30 14:04:26 [Localization System] CLocalize::FindSafe failed to localize: 'AIB[D] intent=tick-owner family=other stage=laning-core'
08/30 14:04:26 [Localization System] CLocalize::FindSafe failed to localize: 'AIB[R] intent=tick-owner family=other stage=laning-core'
08/30 14:04:26 [Localization System] CLocalize::FindSafe failed to localize: 'AIB[D] blocked=buy-loop reason=saving target=item_bottle head=item_bottle cost=675 gold=289 left=1'
08/30 14:04:26 [Localization System] CLocalize::FindSafe failed to localize: 'AIB[R] blocked=buy-loop reason=saving target=item_bottle head=item_bottle cost=675 gold=289 left=1'
08/30 14:04:26 [Localization System] CLocalize::FindSafe failed to localize: 'AIB[R] intent=state-prewave-duel family=safety ttl=2 phase=passive_defend dist=570 hp=41'
08/30 14:04:26 [Localization System] CLocalize::FindSafe failed to localize: 'AIB[D] intent=state-prewave-duel family=safety ttl=2 dist=570 hp=42'
08/30 14:04:27 [Localization System] CLocalize::FindSafe failed to localize: 'AIB[R] blocked=precreep-engage reason=no_licence pregame=default'
08/30 14:04:27 [Localization System] CLocalize::FindSafe failed to localize: 'AIB[D] blocked=prewave-duel reason=too_far dist=631'
08/30 14:04:27 [Localization System] CLocalize::FindSafe failed to localize: 'AIB[D] blocked=precreep-engage reason=hp_below_trade_floor hp=42 dist=631'
08/30 14:04:28 [Localization System] CLocalize::FindSafe failed to localize: 'AIB[R] intent=tick-owner family=other stage=laning-core'
08/30 14:04:28 [Localization System] CLocalize::FindSafe failed to localize: 'AIB[D] intent=tick-owner family=other stage=laning-core'
08/30 14:04:29 [Localization System] CLocalize::FindSafe failed to localize: 'AIB[R] t=15s hp=43% gold=293 loc=-1312,-689 enemy-dist=1564 lh=0 dn=0 dg=+7 dlh=+0 bottle=-1 lvl=1 front=7078 ehp=43'
08/30 14:04:29 [Localization System] CLocalize::FindSafe failed to localize: 'AIB[D] t=15s hp=43% gold=294 loc=-161,387 enemy-dist=1579 lh=0 dn=0 dg=+8 dlh=+0 bottle=-1 lvl=1 front=8834 ehp=43'
08/30 14:04:29 [Localization System] CLocalize::FindSafe failed to localize: 'AIB[D] intent=damage-by-source family=other creep=0 tower=0 hero=361 mixed=0 death=0 other=0 stale=0 gaps=0'
08/30 14:04:29 [Localization System] CLocalize::FindSafe failed to localize: 'AIB[R] intent=damage-by-source family=other creep=0 tower=0 hero=366 mixed=0 death=0 other=0 stale=0 gaps=0'
08/30 14:04:30 [Localization System] CLocalize::FindSafe failed to localize: 'AIB[R] intent=tick-owner family=other stage=laning-core'
08/30 14:04:30 [Localization System] CLocalize::FindSafe failed to localize: 'AIB[D] intent=tick-owner family=other stage=laning-core'
08/30 14:04:32 [Localization System] CLocalize::FindSafe failed to localize: 'AIB[R] blocked=hero-over-creep reason=no_target'
08/30 14:04:32 [Localization System] CLocalize::FindSafe failed to localize: 'AIB[R] blocked=emergency-kill reason=no_target'
08/30 14:04:32 [Localization System] CLocalize::FindSafe failed to localize: 'AIB[R] blocked=uphill-repo reason=no_reposition'
08/30 14:04:32 [Localization System] CLocalize::FindSafe failed to localize: 'AIB[R] blocked=harass reason=no_target'
08/30 14:04:32 [Localization System] CLocalize::FindSafe failed to localize: 'AIB[R] blocked=ability-harass reason=nothing_castable'
08/30 14:04:32 [Localization System] CLocalize::FindSafe failed to localize: 'AIB[R] intent=top-arbiter family=state winner=wave-watch:10 losers=safe-cs:56,hero-over-creep:52,idle-heal:46,emergency-retreat:45,fwd-pullback:44'
08/30 14:04:32 [Localization System] CLocalize::FindSafe failed to localize: 'AIB[R] blocked=fight-candidate reason=no_action_capped hp=47 score=40'
08/30 14:04:32 [Localization System] CLocalize::FindSafe failed to localize: 'AIB[R] intent=recovery-plan family=recover action=buy_flask reason=critical hp=47 gold=298 count=1'
08/30 14:04:32 [Localization System] CLocalize::FindSafe failed to localize: 'AIB[R] blocked=uphill-repo reason=not_trading'
08/30 14:04:32 [Localization System] CLocalize::FindSafe failed to localize: 'AIB[D] intent=state-prewave-duel family=safety ttl=2 dist=844 hp=48'
08/30 14:04:32 [Localization System] CLocalize::FindSafe failed to localize: 'AIB[R] intent=tick-owner family=other stage=laning-core'
08/30 14:04:32 [Localization System] CLocalize::FindSafe failed to localize: 'AIB[D] intent=tick-owner family=other stage=laning-core'
08/30 14:04:33 [Localization System] CLocalize::FindSafe failed to localize: 'AIB[R] intent=top-arbiter family=state winner=emergency-kill:43.5 losers=safe-cs:56,hero-over-creep:52,idle-heal:46,emergency-retreat:45,fwd-pullback:44'
08/30 14:04:34 [Localization System] CLocalize::FindSafe failed to localize: 'AIB[R] intent=state-prewave-duel family=safety ttl=2 phase=passive_defend dist=567 hp=44'
08/30 14:04:34 [Localization System] CLocalize::FindSafe failed to localize: 'AIB[R] t=20s hp=44% gold=201 loc=-731,-599 enemy-dist=588 lh=0 dn=0 dg=-92 dlh=+0 bottle=-1 lvl=1 front=8600 ehp=51'
08/30 14:04:34 [Localization System] CLocalize::FindSafe failed to localize: 'AIB[R] blocked=safety-candidate reason=no_action_capped hp=44 score=44'
08/30 14:04:34 [Localization System] CLocalize::FindSafe failed to localize: 'AIB[R] intent=state-desire-fight family=state base=78 range=18 execute=20 dist=588 hp=44 ehp=51 reason=enemy_seen score=116'
08/30 14:04:34 [Localization System] CLocalize::FindSafe failed to localize: 'AIB[R] blocked=ability-pressure reason=nothing_castable'
08/30 14:04:34 [Localization System] CLocalize::FindSafe failed to localize: 'AIB[R] intent=hero-contact family=fight dist=588 hp=44 reason=attackable_enemy'
08/30 14:04:34 [Localization System] CLocalize::FindSafe failed to localize: 'AIB[D] t=20s hp=51% gold=301 loc=-326,-172 enemy-dist=588 lh=0 dn=0 dg=+7 dlh=+0 bottle=-1 lvl=1 front=10029 ehp=44'
08/30 14:04:34 [Localization System] CLocalize::FindSafe failed to localize: 'AIB[R] blocked=hero-contact reason=refractory since=0.17'
08/30 14:04:34 [Localization System] CLocalize::FindSafe failed to localize: 'AIB[R] blocked=hero-pass reason=low_hp hp=45'
08/30 14:04:34 [Localization System] CLocalize::FindSafe failed to localize: 'AIB[R] blocked=top-arbiter reason=empty_action winner=fight score=134'
08/30 14:04:34 [Localization System] CLocalize::FindSafe failed to localize: 'AIB[R] intent=state-desire-recover family=state base=74 hp=45 reason=hp_gate score=74'
08/30 14:04:34 [Localization System] CLocalize::FindSafe failed to localize: 'AIB[R] intent=recovery-policy family=recover action=recover hp=45 gate=55 source=lane-low'
08/30 14:04:34 [Localization System] CLocalize::FindSafe failed to localize: 'AIB[D] intent=state-prewave-duel family=safety ttl=2 dist=567 hp=45'
08/30 14:04:34 [Localization System] CLocalize::FindSafe failed to localize: 'AIB[R] intent=tick-owner family=other stage=laning-core'
08/30 14:04:34 [Localization System] CLocalize::FindSafe failed to localize: 'AIB[D] blocked=buy-loop reason=saving target=item_bottle head=item_bottle cost=675 gold=302 left=1'
08/30 14:04:34 [Localization System] CLocalize::FindSafe failed to localize: 'AIB[R] blocked=buy-loop reason=saving target=item_bottle head=item_bottle cost=675 gold=202 left=1'
08/30 14:04:36 [Localization System] CLocalize::FindSafe failed to localize: 'AIB[D] intent=state-desire-safety family=state base=108 creep_dmg=8 hp=36 creep=true hero=true reason=recent_damage score=116'
08/30 14:04:36 [Localization System] CLocalize::FindSafe failed to localize: 'AIB[D] intent=creep-hit-react family=safety dist=506 hp=36 hits=1 reason=edge_attack'
08/30 14:04:36 [Localization System] CLocalize::FindSafe failed to localize: 'AIB[D] intent=top-arbiter family=state winner=safety:116 losers=recover:88,safe-cs:56,hero-over-creep:52,idle-heal:46,emergency-retreat:45'
08/30 14:04:36 [Localization System] CLocalize::FindSafe failed to localize: 'AIB[D] intent=tick-owner family=other stage=desire/safety base=108 creep_dmg=8 hp=36 creep=true hero=true reason=recent_damage score=116'
08/30 14:04:36 [Localization System] CLocalize::FindSafe failed to localize: 'AIB[D] blocked=safety-candidate reason=no_action_capped hp=37 score=44'
08/30 14:04:36 [Localization System] CLocalize::FindSafe failed to localize: 'AIB[D] intent=state-desire-recover family=state base=74 danger=28 creep_dmg=-14 hp=37 reason=hp_gate score=88'
08/30 14:04:36 [Localization System] CLocalize::FindSafe failed to localize: 'AIB[D] intent=recovery-policy family=recover action=recover hp=37 gate=55 source=lane-low'
08/30 14:04:37 [Localization System] CLocalize::FindSafe failed to localize: 'AIB[D] blocked=recover-candidate reason=no_action_capped hp=51 score=44'
08/30 14:04:37 [Localization System] CLocalize::FindSafe failed to localize: 'AIB[D] blocked=hero-over-creep reason=no_target'
08/30 14:04:37 [Localization System] CLocalize::FindSafe failed to localize: 'AIB[D] blocked=emergency-kill reason=no_target'
08/30 14:04:37 [Localization System] CLocalize::FindSafe failed to localize: 'AIB[D] blocked=uphill-repo reason=no_reposition'
08/30 14:04:37 [Localization System] CLocalize::FindSafe failed to localize: 'AIB[D] blocked=harass reason=no_target'
08/30 14:04:37 [Localization System] CLocalize::FindSafe failed to localize: 'AIB[R] intent=tick-owner family=other stage=laning-core'
08/30 14:04:38 [Localization System] CLocalize::FindSafe failed to localize: 'AIB[R] blocked=hero-over-creep reason=no_target'
08/30 14:04:38 [Localization System] CLocalize::FindSafe failed to localize: 'AIB[R] blocked=emergency-kill reason=no_target'
08/30 14:04:38 [Localization System] CLocalize::FindSafe failed to localize: 'AIB[R] blocked=uphill-repo reason=no_reposition'
08/30 14:04:38 [Localization System] CLocalize::FindSafe failed to localize: 'AIB[R] blocked=harass reason=no_target'
08/30 14:04:38 [Localization System] CLocalize::FindSafe failed to localize: 'AIB[R] blocked=ability-harass reason=nothing_castable'
08/30 14:04:38 [Localization System] CLocalize::FindSafe failed to localize: 'AIB[R] intent=top-arbiter family=state winner=wave-watch:10 losers=hero-over-creep:52,idle-heal:46,emergency-retreat:45,fwd-pullback:44,emergency-kill:43.5'
08/30 14:04:38 [Localization System] CLocalize::FindSafe failed to localize: 'AIB[R] intent=melee-pack-space family=safety count=2 dist=133'
08/30 14:04:38 [Localization System] CLocalize::FindSafe failed to localize: 'AIB[D] intent=top-arbiter family=state winner=creep-work:38.6 losers=safe-cs:56,hero-over-creep:52,idle-heal:46,emergency-retreat:45,fwd-pullback:44'
08/30 14:04:38 [Localization System] CLocalize::FindSafe failed to localize: 'AIB[R] blocked=wave-watch reason=not_finishable creep_hp=250 dist=512 idle=6'
08/30 14:04:38 [Localization System] CLocalize::FindSafe failed to localize: 'AIB[D] blocked=hero-prio-chase reason=lane_work dist=1431 cs=false creep=true hp_adv=false kill_pressure=false close=false low_farm=false lane_override=false'
08/30 14:04:38 [Localization System] CLocalize::FindSafe failed to localize: 'AIB[D] intent=tick-owner family=other stage=laning-core'
08/30 14:04:39 [Localization System] CLocalize::FindSafe failed to localize: 'AIB[R] t=25s hp=59% gold=209 loc=-965,-781 enemy-dist=1370 lh=0 dn=0 dg=+8 dlh=+0 bottle=-1 lvl=1 front=8838 ehp=56'
08/30 14:04:39 [Localization System] CLocalize::FindSafe failed to localize: 'AIB[D] t=25s hp=56% gold=309 loc=30,161 enemy-dist=1370 lh=0 dn=0 dg=+8 dlh=+0 bottle=-1 lvl=1 front=10217 ehp=59'
08/30 14:04:39 [Localization System] CLocalize::FindSafe failed to localize: 'AIB[R] intent=top-arbiter family=state winner=wave-watch:10 losers=hero-over-creep:52,idle-heal:46,emergency-retreat:45,fwd-pullback:44,emergency-kill:43.5'
08/30 14:04:39 [Localization System] CLocalize::FindSafe failed to localize: 'AIB[R] intent=tick-owner family=other stage=laning-core'
08/30 14:04:40 [Localization System] CLocalize::FindSafe failed to localize: 'AIB[D] intent=top-arbiter family=state winner=creep-work:38.6 losers=hero-over-creep:52,idle-heal:46,emergency-retreat:45,fwd-pullback:44,emergency-kill:43.5'
08/30 14:04:40 [Localization System] CLocalize::FindSafe failed to localize: 'AIB[D] blocked=hero-over-creep reason=no_target'
08/30 14:04:40 [Localization System] CLocalize::FindSafe failed to localize: 'AIB[D] blocked=emergency-kill reason=no_target'
08/30 14:04:40 [Localization System] CLocalize::FindSafe failed to localize: 'AIB[D] blocked=uphill-repo reason=no_reposition'
08/30 14:04:40 [Localization System] CLocalize::FindSafe failed to localize: 'AIB[D] blocked=harass reason=no_target'
08/30 14:04:40 Script function 'Think' on bot npc_dota_hero_nevermore took 2.275ms
08/30 14:04:40 [Localization System] CLocalize::FindSafe failed to localize: 'AIB[R] blocked=visual-hold reason=creep_in_range held=2.1 hp=62 repeat=1 hard=false'
08/30 14:04:40 [Localization System] CLocalize::FindSafe failed to localize: 'AIB[D] intent=tick-owner family=other stage=laning-core'
08/30 14:04:41 [Server] PR:IncrementIdleTime 1:[I:0:0] 2.23
08/30 14:04:41 [Localization System] CLocalize::FindSafe failed to localize: 'AIB[R] blocked=hero-over-creep reason=no_target'
08/30 14:04:41 [Localization System] CLocalize::FindSafe failed to localize: 'AIB[R] blocked=emergency-kill reason=no_target'
08/30 14:04:41 [Localization System] CLocalize::FindSafe failed to localize: 'AIB[R] blocked=uphill-repo reason=no_reposition'
08/30 14:04:41 [Localization System] CLocalize::FindSafe failed to localize: 'AIB[R] blocked=harass reason=no_target'
08/30 14:04:41 [Localization System] CLocalize::FindSafe failed to localize: 'AIB[R] blocked=ability-harass reason=nothing_castable'
08/30 14:04:41 [Localization System] CLocalize::FindSafe failed to localize: 'AIB[R] intent=top-arbiter family=state winner=wave-watch:10 losers=hero-over-creep:52,idle-heal:46,emergency-retreat:45,fwd-pullback:44,emergency-kill:43.5'
08/30 14:04:41 [Localization System] CLocalize::FindSafe failed to localize: 'AIB[D] intent=top-arbiter family=state winner=creep-work:38.6 losers=hero-over-creep:52,idle-heal:46,emergency-retreat:45,fwd-pullback:44,emergency-kill:43.5'
08/30 14:04:41 [Localization System] CLocalize::FindSafe failed to localize: 'AIB[D] blocked=hero-prio-chase reason=lane_work dist=1370 cs=false creep=true hp_adv=false kill_pressure=false close=false low_farm=false lane_override=false'
08/30 14:04:41 [Localization System] CLocalize::FindSafe failed to localize: 'AIB[R] intent=state-desire-last-hit family=farm dist=422 reason=killable_creep score=140'
08/30 14:04:41 [Localization System] CLocalize::FindSafe failed to localize: 'AIB[R] intent=tick-owner family=other stage=desire/last-hit dist=422 reason=killable_creep score=140'
08/30 14:04:42 [Localization System] CLocalize::FindSafe failed to localize: 'AIB[R] intent=wave-watch-work family=other lh=0 idle=11 creep_hp=4 dist=422'
08/30 14:04:42 [Localization System] CLocalize::FindSafe failed to localize: 'AIB[R] intent=top-arbiter family=state winner=wave-watch:10 losers=hero-over-creep:52,idle-heal:46,emergency-retreat:45,fwd-pullback:44,emergency-kill:43.5'
08/30 14:04:42 [Localization System] CLocalize::FindSafe failed to localize: 'AIB[D] blocked=buy-loop reason=saving target=item_bottle head=item_bottle cost=675 gold=314 left=1'
08/30 14:04:42 [Localization System] CLocalize::FindSafe failed to localize: 'AIB[R] blocked=buy-loop reason=saving target=item_bottle head=item_bottle cost=675 gold=214 left=1'
08/30 14:04:43 [Localization System] CLocalize::FindSafe failed to localize: 'AIB[D] intent=tick-owner family=other stage=laning-core'
08/30 14:04:43 [Localization System] CLocalize::FindSafe failed to localize: 'AIB[D] blocked=ability-harass reason=nothing_castable'
08/30 14:04:43 [Localization System] CLocalize::FindSafe failed to localize: 'AIB[D] intent=top-arbiter family=state winner=wave-watch:10 losers=hero-over-creep:52,idle-heal:46,emergency-retreat:45,fwd-pullback:44,emergency-kill:43.5'
08/30 14:04:43 [Localization System] CLocalize::FindSafe failed to localize: 'AIB[D] blocked=hero-over-creep reason=no_target'
08/30 14:04:43 [Localization System] CLocalize::FindSafe failed to localize: 'AIB[D] blocked=emergency-kill reason=no_target'
08/30 14:04:43 [Localization System] CLocalize::FindSafe failed to localize: 'AIB[D] blocked=uphill-repo reason=no_reposition'
08/30 14:04:43 [Localization System] CLocalize::FindSafe failed to localize: 'AIB[D] blocked=harass reason=no_target'
08/30 14:04:43 [Localization System] CLocalize::FindSafe failed to localize: 'AIB[R] blocked=uphill-repo reason=not_trading'
08/30 14:04:43 [Localization System] CLocalize::FindSafe failed to localize: 'AIB[R] blocked=visual-hold reason=creep_in_range held=5.0 hp=67 repeat=3 hard=true'
08/30 14:04:44 [Localization System] CLocalize::FindSafe failed to localize: 'AIB[R] intent=tick-owner family=other stage=laning-core'
08/30 14:04:44 [Localization System] CLocalize::FindSafe failed to localize: 'AIB[R] blocked=hero-over-creep reason=no_target'
08/30 14:04:44 [Localization System] CLocalize::FindSafe failed to localize: 'AIB[R] blocked=emergency-kill reason=no_target'
08/30 14:04:44 [Localization System] CLocalize::FindSafe failed to localize: 'AIB[R] blocked=harass reason=no_target'
08/30 14:04:44 [Localization System] CLocalize::FindSafe failed to localize: 'AIB[D] intent=state-desire-last-hit family=farm dist=474 reason=killable_creep score=140'
08/30 14:04:44 [Localization System] CLocalize::FindSafe failed to localize: 'AIB[R] blocked=ability-harass reason=nothing_castable'
08/30 14:04:44 [Localization System] CLocalize::FindSafe failed to localize: 'AIB[R] intent=top-arbiter family=state winner=wave-watch:10 losers=hero-over-creep:52,idle-heal:46,emergency-retreat:45,fwd-pullback:44,emergency-kill:43.5'
08/30 14:04:44 [Localization System] CLocalize::FindSafe failed to localize: 'AIB[R] t=30s hp=68% gold=255 loc=-963,-834 enemy-dist=1089 lh=1 dn=0 dg=+46 dlh=+1 bottle=-1 lvl=1 front=8838 ehp=65'
08/30 14:04:44 [Localization System] CLocalize::FindSafe failed to localize: 'AIB[D] t=31s hp=65% gold=316 loc=-193,-63 enemy-dist=1089 lh=0 dn=0 dg=+7 dlh=+0 bottle=-1 lvl=1 front=10177 ehp=68'
08/30 14:04:44 [Localization System] CLocalize::FindSafe failed to localize: 'AIB[D] intent=damage-by-source family=other creep=0 tower=0 hero=399 mixed=0 death=0 other=0 stale=50 gaps=1'
08/30 14:04:44 [Localization System] CLocalize::FindSafe failed to localize: 'AIB[R] intent=damage-by-source family=other creep=0 tower=0 hero=401 mixed=0 death=0 other=0 stale=25 gaps=1'
08/30 14:04:44 [Localization System] CLocalize::FindSafe failed to localize: 'AIB[D] intent=top-arbiter family=state winner=creep-work:38.6 losers=hero-over-creep:52,idle-heal:46,emergency-retreat:45,fwd-pullback:44,emergency-kill:43.5'
08/30 14:04:44 [Localization System] CLocalize::FindSafe failed to localize: 'AIB[D] blocked=hero-prio-chase reason=lane_work dist=1089 cs=false creep=true hp_adv=false kill_pressure=false close=false low_farm=false lane_override=false'
08/30 14:04:45 [Localization System] CLocalize::FindSafe failed to localize: 'AIB[D] intent=tick-owner family=other stage=laning-core'
08/30 14:04:45 [Localization System] CLocalize::FindSafe failed to localize: 'AIB[D] creep-hit-react-step=1 cs-wait=1 cs-walk-gap-large=3 cs-walk-gap-small=2 cs-walk-inrange=1 cs-walk-into-pack=2 cs-walk=6 cw-push-cs-step=1 cw-push=36 fwd-suppressed-creep=1 heal-item=1 killwin-scan=125 lane-line-suppressed-heal=1 last-hit-urgent=3 melee-pack-release=1 precreep-anchor=30 precreep-hold=2 precreep-park-hold=12 precreep-park=185 precreep-space=3 prewave-duel-approach=6 prewave-duel-trade=71 wave-watch=1'
08/30 14:04:45 [Localization System] CLocalize::FindSafe failed to localize: 'AIB[R] cs-wait=1 deny-act-walk=1 deny-act=1 deny-cand-doomed=5 deny-cand-tanky=22 fwd-suppressed-creep=3 fwd-suppressed-hero=1 fwd-suppressed-tower=2 heal-item=1 hero-contact-atk=1 kill-priority=4 killwin-scan=132 lane-line-suppressed-heal=2 lane-line-suppressed-lowhp=1 last-hit-urgent=5 melee-pack-release=3 melee-pack-space=1 precreep-anchor=32 precreep-hold=2 precreep-park-hold=13 precreep-park=156 precreep-space=3 prewave-defend=2 prewave-free-hit=63 recovery-buy=1 recovery-enemy-near=10 uphill-void-under-fire=3 visual-hold-creep=4 wave-watch-atk=2 wave-watch=3'
08/30 14:04:45 [Localization System] CLocalize::FindSafe failed to localize: 'AIB[R] intent=top-arbiter family=state winner=wave-watch:10 losers=hero-over-creep:52,idle-heal:46,emergency-retreat:45,fwd-pullback:44,emergency-kill:43.5'
08/30 14:04:46 [Localization System] CLocalize::FindSafe failed to localize: 'AIB[R] blocked=visual-hold reason=creep_in_range held=7.2 hp=71 repeat=5 hard=true'
08/30 14:04:46 [Localization System] CLocalize::FindSafe failed to localize: 'AIB[R] intent=tick-owner family=other stage=desire/visual-hold reason=ready score=20 band=position'
08/30 14:04:46 [Localization System] CLocalize::FindSafe failed to localize: 'AIB[D] intent=top-arbiter family=state winner=creep-work:38.6 losers=hero-over-creep:52,idle-heal:46,emergency-retreat:45,fwd-pullback:44,emergency-kill:43.5'
08/30 14:04:46 [Localization System] CLocalize::FindSafe failed to localize: 'AIB[D] blocked=hero-over-creep reason=no_target'
08/30 14:04:46 [Localization System] CLocalize::FindSafe failed to localize: 'AIB[D] blocked=emergency-kill reason=no_target'
08/30 14:04:46 [Localization System] CLocalize::FindSafe failed to localize: 'AIB[D] blocked=uphill-repo reason=no_reposition'
08/30 14:04:46 [Localization System] CLocalize::FindSafe failed to localize: 'AIB[D] blocked=harass reason=no_target'
08/30 14:04:47 [Localization System] CLocalize::FindSafe failed to localize: 'AIB[R] blocked=hero-over-creep reason=no_target'
08/30 14:04:47 [Localization System] CLocalize::FindSafe failed to localize: 'AIB[R] blocked=emergency-kill reason=no_target'
08/30 14:04:47 [Localization System] CLocalize::FindSafe failed to localize: 'AIB[R] blocked=harass reason=no_target'
08/30 14:04:47 [Localization System] CLocalize::FindSafe failed to localize: 'AIB[D] intent=tick-owner family=other stage=laning-core'
08/30 14:04:47 [Localization System] CLocalize::FindSafe failed to localize: 'AIB[R] intent=top-arbiter family=state winner=creep-work:38.8 losers=hero-over-creep:52,idle-heal:46,emergency-retreat:45,fwd-pullback:44,emergency-kill:43.5'
08/30 14:04:47 [Localization System] CLocalize::FindSafe failed to localize: 'AIB[R] blocked=uphill-repo reason=not_trading'
08/30 14:04:47 [Localization System] CLocalize::FindSafe failed to localize: 'AIB[D] intent=top-arbiter family=state winner=creep-work:38.6 losers=hero-over-creep:52,idle-heal:46,emergency-retreat:45,fwd-pullback:44,emergency-kill:43.5'
08/30 14:04:47 [Localization System] CLocalize::FindSafe failed to localize: 'AIB[R] intent=state-desire-last-hit family=farm dist=489 reason=killable_creep score=140'
08/30 14:04:47 [Localization System] CLocalize::FindSafe failed to localize: 'AIB[D] blocked=hero-prio-chase reason=lane_work dist=1089 cs=false creep=true hp_adv=false kill_pressure=false close=false low_farm=false lane_override=false'
08/30 14:04:48 [Localization System] CLocalize::FindSafe failed to localize: 'AIB[R] blocked=ability-harass reason=nothing_castable'
08/30 14:04:48 [Localization System] CLocalize::FindSafe failed to localize: 'AIB[R] blocked=visual-hold reason=creep_in_range held=9.3 hp=73 repeat=6 hard=true'
08/30 14:04:48 [Localization System] CLocalize::FindSafe failed to localize: 'AIB[R] intent=tick-owner family=other stage=desire/visual-hold reason=ready score=20 band=position'
08/30 14:04:49 [Localization System] CLocalize::FindSafe failed to localize: 'AIB[R] intent=top-arbiter family=state winner=wave-watch:10 losers=hero-over-creep:52,idle-heal:46,emergency-retreat:45,fwd-pullback:44,emergency-kill:43.5'
08/30 14:04:49 [Localization System] CLocalize::FindSafe failed to localize: 'AIB[D] blocked=ability-harass reason=nothing_castable'
08/30 14:04:49 [Localization System] CLocalize::FindSafe failed to localize: 'AIB[D] intent=top-arbiter family=state winner=wave-watch:10 losers=hero-over-creep:52,idle-heal:46,emergency-retreat:45,fwd-pullback:44,emergency-kill:43.5'
08/30 14:04:49 [Localization System] CLocalize::FindSafe failed to localize: 'AIB[D] intent=tick-owner family=other stage=laning-core'
08/30 14:04:49 [Localization System] CLocalize::FindSafe failed to localize: 'AIB[R] t=35s hp=74% gold=301 loc=-963,-834 enemy-dist=1089 lh=2 dn=0 dg=+46 dlh=+1 bottle=-1 lvl=1 front=8838 ehp=70'
08/30 14:04:49 [Localization System] CLocalize::FindSafe failed to localize: 'AIB[D] t=36s hp=70% gold=360 loc=-193,-63 enemy-dist=1089 lh=1 dn=0 dg=+44 dlh=+1 bottle=-1 lvl=1 front=10126 ehp=74'
08/30 14:04:49 [Localization System] CLocalize::FindSafe failed to localize: 'AIB[D] blocked=hero-over-creep reason=no_target'
08/30 14:04:49 [Localization System] CLocalize::FindSafe failed to localize: 'AIB[D] blocked=emergency-kill reason=no_target'
08/30 14:04:49 [Localization System] CLocalize::FindSafe failed to localize: 'AIB[D] blocked=uphill-repo reason=no_reposition'
08/30 14:04:49 [Localization System] CLocalize::FindSafe failed to localize: 'AIB[D] blocked=harass reason=no_target'
08/30 14:04:50 [Localization System] CLocalize::FindSafe failed to localize: 'AIB[R] blocked=hero-over-creep reason=no_target'
08/30 14:04:50 [Localization System] CLocalize::FindSafe failed to localize: 'AIB[R] blocked=emergency-kill reason=no_target'
08/30 14:04:50 [Localization System] CLocalize::FindSafe failed to localize: 'AIB[R] blocked=harass reason=no_target'
08/30 14:04:50 [Localization System] CLocalize::FindSafe failed to localize: 'AIB[R] blocked=visual-hold reason=creep_in_range held=11.3 hp=74 repeat=8 hard=true'
08/30 14:04:50 [Localization System] CLocalize::FindSafe failed to localize: 'AIB[R] intent=tick-owner family=other stage=desire/visual-hold reason=ready score=20 band=position'
08/30 14:04:50 [Localization System] CLocalize::FindSafe failed to localize: 'AIB[D] intent=state-desire-last-hit family=farm dist=119 reason=killable_creep score=140'
08/30 14:04:50 [Localization System] CLocalize::FindSafe failed to localize: 'AIB[R] intent=top-arbiter family=state winner=creep-work:38.8 losers=hero-over-creep:52,idle-heal:46,emergency-retreat:45,fwd-pullback:44,emergency-kill:43.5'
08/30 14:04:51 [Localization System] CLocalize::FindSafe failed to localize: 'AIB[D] intent=top-arbiter family=state winner=last-hit:158 losers=hero-over-creep:52,cs-inrange:50,idle-heal:46,emergency-retreat:45,fwd-pullback:44'
08/30 14:04:51 [Localization System] CLocalize::FindSafe failed to localize: 'AIB[D] blocked=buy-loop reason=saving target=item_bottle head=item_bottle cost=675 gold=362 left=1'
08/30 14:04:51 [Localization System] CLocalize::FindSafe failed to localize: 'AIB[R] blocked=buy-loop reason=saving target=item_bottle head=item_bottle cost=675 gold=303 left=1'
08/30 14:04:51 [Localization System] CLocalize::FindSafe failed to localize: 'AIB[D] blocked=hero-prio-chase reason=lane_work dist=917 cs=true creep=true hp_adv=false kill_pressure=false close=false low_farm=false lane_override=false'
08/30 14:04:51 [Localization System] CLocalize::FindSafe failed to localize: 'AIB[R] blocked=ability-harass reason=nothing_castable'
08/30 14:04:51 [Localization System] CLocalize::FindSafe failed to localize: 'AIB[D] intent=tick-owner family=other stage=desire/harass reason=ready score=40 band=lanework'
08/30 14:04:51 [Localization System] CLocalize::FindSafe failed to localize: 'AIB[R] blocked=fight-candidate reason=no_action_capped hp=75 score=40'
08/30 14:04:51 [Localization System] CLocalize::FindSafe failed to localize: 'AIB[R] intent=recovery-plan family=recover action=buy_flask reason=critical hp=75 gold=350 count=2'
08/30 14:04:51 [Localization System] CLocalize::FindSafe failed to localize: 'AIB[D] intent=state-prewave-duel family=safety ttl=2 dist=811 hp=59'
08/30 14:04:51 [Localization System] CLocalize::FindSafe failed to localize: 'AIB[R] blocked=uphill-repo reason=not_trading'
08/30 14:04:51 Script function 'Think' on bot npc_dota_hero_nevermore took 2.110ms
08/30 14:04:52 [Localization System] CLocalize::FindSafe failed to localize: 'AIB[R] intent=top-arbiter family=state winner=wave-watch:10 losers=hero-over-creep:52,idle-heal:46,emergency-retreat:45,fwd-pullback:44,emergency-kill:43.5'
08/30 14:04:52 [Localization System] CLocalize::FindSafe failed to localize: 'AIB[R] intent=tick-owner family=other stage=laning-core'
08/30 14:04:53 [Localization System] CLocalize::FindSafe failed to localize: 'AIB[D] intent=tick-owner family=other stage=laning-core'
08/30 14:04:53 [Localization System] CLocalize::FindSafe failed to localize: 'AIB[D] intent=state-prewave-duel family=safety ttl=2 dist=547 hp=53'
08/30 14:04:54 [Localization System] CLocalize::FindSafe failed to localize: 'AIB[R] intent=tick-owner family=other stage=laning-core'
08/30 14:04:54 [Localization System] CLocalize::FindSafe failed to localize: 'AIB[D] t=41s hp=46% gold=402 loc=-296,-153 enemy-dist=547 lh=2 dn=0 dg=+42 dlh=+1 bottle=-1 lvl=1 front=10126 ehp=49'
08/30 14:04:54 [Localization System] CLocalize::FindSafe failed to localize: 'AIB[R] t=41s hp=47% gold=254 loc=-675,-546 enemy-dist=547 lh=3 dn=0 dg=-47 dlh=+1 bottle=-1 lvl=1 front=8628 ehp=46'
08/30 14:04:55 [Localization System] CLocalize::FindSafe failed to localize: 'AIB[D] intent=tick-owner family=other stage=laning-core'
08/30 14:04:55 [Localization System] CLocalize::FindSafe failed to localize: 'AIB[D] intent=state-prewave-duel family=safety ttl=2 dist=547 hp=45'
08/30 14:04:55 [Localization System] CLocalize::FindSafe failed to localize: 'AIB[R] intent=state-prewave-duel family=safety ttl=2 phase=passive_defend dist=547 hp=39'
08/30 14:04:56 [Localization System] CLocalize::FindSafe failed to localize: 'AIB[R] intent=state-desire-fight family=state base=78 range=18 execute=20 dist=567 hp=39 ehp=36 reason=enemy_seen score=116'
08/30 14:04:56 [Localization System] CLocalize::FindSafe failed to localize: 'AIB[R] blocked=ability-pressure reason=nothing_castable'
08/30 14:04:56 [Localization System] CLocalize::FindSafe failed to localize: 'AIB[R] intent=hero-contact family=fight dist=567 hp=39 reason=attackable_enemy'
08/30 14:04:56 [Localization System] CLocalize::FindSafe failed to localize: 'AIB[R] intent=top-arbiter family=state winner=fight:116 losers=safety:116,recover:88,safe-cs:56,hero-over-creep:52,idle-heal:46'
08/30 14:04:56 [Localization System] CLocalize::FindSafe failed to localize: 'AIB[R] blocked=hero-contact reason=refractory since=0.17'
08/30 14:04:56 [Localization System] CLocalize::FindSafe failed to localize: 'AIB[R] blocked=creep-aggro reason=hero_trading hp=39 hits=1'
08/30 14:04:56 [Localization System] CLocalize::FindSafe failed to localize: 'AIB[R] intent=arbiter family=fight winner=creep-aggro:95 losers=hero-pass:60'
08/30 14:04:56 [Localization System] CLocalize::FindSafe failed to localize: 'AIB[R] intent=creep-aggro family=safety hp=39 dest=-1296,-1161 reason=recent_creep_damage'
08/30 14:04:56 [Localization System] CLocalize::FindSafe failed to localize: 'AIB[R] blocked=safety-candidate reason=no_action_capped hp=39 score=44'
08/30 14:04:56 [Localization System] CLocalize::FindSafe failed to localize: 'AIB[R] intent=tick-owner family=other stage=laning-core'
08/30 14:04:56 [Localization System] CLocalize::FindSafe failed to localize: 'AIB[D] blocked=prewave-duel reason=too_far dist=618'
08/30 14:04:56 [Localization System] CLocalize::FindSafe failed to localize: 'AIB[D] intent=state-desire-fight family=state base=78 range=18 execute=20 dist=618 hp=36 ehp=39 reason=enemy_seen score=116'
08/30 14:04:56 [Localization System] CLocalize::FindSafe failed to localize: 'AIB[D] blocked=ability-pressure reason=nothing_castable'
08/30 14:04:56 [Localization System] CLocalize::FindSafe failed to localize: 'AIB[D] blocked=hero-contact reason=unsafe dist=618 hp=36 tower=false'
08/30 14:04:56 [Localization System] CLocalize::FindSafe failed to localize: 'AIB[D] blocked=creep-aggro reason=hero_trading hp=36 hits=1'
08/30 14:04:56 [Localization System] CLocalize::FindSafe failed to localize: 'AIB[D] intent=arbiter family=fight winner=creep-aggro:95 losers=hero-pass:60'
08/30 14:04:56 [Localization System] CLocalize::FindSafe failed to localize: 'AIB[D] intent=creep-aggro family=safety hp=36 dest=276,405 reason=recent_creep_damage'
08/30 14:04:56 [Localization System] CLocalize::FindSafe failed to localize: 'AIB[D] intent=top-arbiter family=state winner=fight:116 losers=safety:116,recover:88,safe-cs:56,hero-over-creep:52,idle-heal:46'
08/30 14:04:56 [Localization System] CLocalize::FindSafe failed to localize: 'AIB[R] blocked=hero-pass reason=low_hp hp=39'
08/30 14:04:56 [Localization System] CLocalize::FindSafe failed to localize: 'AIB[R] blocked=top-arbiter reason=empty_action winner=fight score=116'
08/30 14:04:56 [Localization System] CLocalize::FindSafe failed to localize: 'AIB[R] intent=state-desire-recover family=state base=74 danger=28 creep_dmg=-14 hp=39 reason=hp_gate score=88'
08/30 14:04:56 [Localization System] CLocalize::FindSafe failed to localize: 'AIB[R] intent=recovery-policy family=recover action=recover hp=39 gate=55 source=lane-low'
08/30 14:04:56 [Localization System] CLocalize::FindSafe failed to localize: 'AIB[R] intent=state-recover-xp family=state ttl=2 reason=regen_lane hp=39 dist=830'
08/30 14:04:56 [Localization System] CLocalize::FindSafe failed to localize: 'AIB[D] blocked=safety-candidate reason=no_action_capped hp=36 score=44'
08/30 14:04:56 [Localization System] CLocalize::FindSafe failed to localize: 'AIB[R] intent=kill-lock family=fight dist=790 ehp=34 hp=37 exec=false atk=false mutual=true reason=mutual_low_finish'
08/30 14:04:56 [Localization System] CLocalize::FindSafe failed to localize: 'AIB[D] intent=recovery-policy family=recover action=recover hp=34 gate=35 source=early-low'
08/30 14:04:56 [Localization System] CLocalize::FindSafe failed to localize: 'AIB[D] intent=state-recover-xp family=state ttl=2 reason=regen_lane hp=34 dist=541'
08/30 14:04:57 [Localization System] CLocalize::FindSafe failed to localize: 'AIB[R] intent=state-desire-safety family=state base=108 creep_dmg=8 hp=38 creep=true hero=false reason=recent_damage score=116'
08/30 14:04:57 [Localization System] CLocalize::FindSafe failed to localize: 'AIB[R] intent=creep-hit-react family=safety dist=45 hp=38 hits=1 reason=edge_attack'
08/30 14:04:57 [Localization System] CLocalize::FindSafe failed to localize: 'AIB[R] intent=top-arbiter family=state winner=safety:116 losers=recover:106,safe-cs:56,hero-over-creep:52,idle-heal:46,emergency-retreat:45'
08/30 14:04:57 [Localization System] CLocalize::FindSafe failed to localize: 'AIB[R] intent=recovery-plan family=recover action=back reason=post_fight_regen hp=38'
08/30 14:04:57 [Localization System] CLocalize::FindSafe failed to localize: 'AIB[R] intent=recovery-owner family=recover band=soft threat=true mode=safe-step hp=38'
08/30 14:04:57 [Localization System] CLocalize::FindSafe failed to localize: 'AIB[D] intent=tick-owner family=other stage=laning-core'
08/30 14:04:57 [Localization System] CLocalize::FindSafe failed to localize: 'AIB[D] intent=recovery-plan family=recover action=back reason=post_fight_regen hp=35'
08/30 14:04:57 [Localization System] CLocalize::FindSafe failed to localize: 'AIB[D] intent=recovery-owner family=recover band=soft threat=true mode=safe-step hp=35'
08/30 14:04:57 [Localization System] CLocalize::FindSafe failed to localize: 'AIB[R] blocked=creep-hit-react reason=recovery_commit hp=36 band=soft'
08/30 14:04:58 [Localization System] CLocalize::FindSafe failed to localize: 'AIB[D] intent=channel-interrupt family=fight dist=1065 hp=35 kind=heal reason=enemy_heal'
08/30 14:04:58 [Localization System] CLocalize::FindSafe failed to localize: 'AIB[R] intent=state-desire-recover family=state base=74 danger=28 creep_dmg=-14 hp=37 hyst=18 reason=hp_gate score=106'
08/30 14:04:58 [Localization System] CLocalize::FindSafe failed to localize: 'AIB[R] intent=tick-owner family=other stage=laning-core'
08/30 14:04:58 [Localization System] CLocalize::FindSafe failed to localize: 'AIB[R] intent=recovery-policy family=recover action=recover hp=40 gate=55 source=lane-low'
08/30 14:04:58 [Localization System] CLocalize::FindSafe failed to localize: 'AIB[D] blocked=channel-interrupt reason=unsafe dist=1087 hp=34 kind=heal'
08/30 14:04:58 [Localization System] CLocalize::FindSafe failed to localize: 'AIB[D] intent=recovery-policy family=recover action=recover hp=34 gate=35 source=early-low'
08/30 14:04:59 [Localization System] CLocalize::FindSafe failed to localize: 'AIB[D] blocked=buy-loop reason=saving target=item_bottle head=item_bottle cost=675 gold=409 left=1'
08/30 14:04:59 [Localization System] CLocalize::FindSafe failed to localize: 'AIB[R] blocked=buy-loop reason=saving target=item_bottle head=item_bottle cost=675 gold=261 left=1'
08/30 14:04:59 [Localization System] CLocalize::FindSafe failed to localize: 'AIB[R] intent=top-arbiter family=state winner=recover:78 losers=safe-cs:56,hero-over-creep:52,idle-heal:46,emergency-retreat:45,fwd-pullback:44'
08/30 14:04:59 [Localization System] CLocalize::FindSafe failed to localize: 'AIB[R] blocked=safety-candidate reason=no_action_capped hp=42 score=44'
08/30 14:04:59 [Localization System] CLocalize::FindSafe failed to localize: 'AIB[R] intent=state-desire-last-hit family=farm dist=491 reason=killable_creep score=140'
08/30 14:04:59 [Localization System] CLocalize::FindSafe failed to localize: 'AIB[R] t=46s hp=43% gold=262 loc=-1122,-786 enemy-dist=1427 lh=3 dn=0 dg=+8 dlh=+0 bottle=-1 lvl=1 front=9038 ehp=34'
08/30 14:04:59 [Localization System] CLocalize::FindSafe failed to localize: 'AIB[D] t=46s hp=34% gold=410 loc=25,63 enemy-dist=1427 lh=2 dn=0 dg=+8 dlh=+0 bottle=-1 lvl=1 front=10234 ehp=43'
08/30 14:04:59 [Localization System] CLocalize::FindSafe failed to localize: 'AIB[D] intent=damage-by-source family=other creep=31 tower=0 hero=547 mixed=53 death=0 other=0 stale=50 gaps=1'
08/30 14:04:59 [Localization System] CLocalize::FindSafe failed to localize: 'AIB[R] intent=damage-by-source family=other creep=53 tower=0 hero=545 mixed=50 death=0 other=0 stale=25 gaps=1'
08/30 14:04:59 [Localization System] CLocalize::FindSafe failed to localize: 'AIB[D] intent=tick-owner family=other stage=laning-core'
08/30 14:05:00 [Localization System] CLocalize::FindSafe failed to localize: 'AIB[R] intent=state-desire-recover family=state base=74 creep_dmg=-14 hp=46 reason=hp_gate score=60'
08/30 14:05:00 [Localization System] CLocalize::FindSafe failed to localize: 'AIB[R] blocked=recover-candidate reason=no_action_capped hp=46 score=44'
08/30 14:05:00 [Localization System] CLocalize::FindSafe failed to localize: 'AIB[R] blocked=hero-over-creep reason=no_target'
08/30 14:05:00 [Localization System] CLocalize::FindSafe failed to localize: 'invalid index'
08/30 14:05:00 [Localization System] CLocalize::FindSafe failed to localize: 'AIB[R] intent=tick-owner family=other stage=laning-core'
08/30 14:05:00 [Localization System] CLocalize::FindSafe failed to localize: 'AIB[R] intent=top-arbiter family=state winner=idle-heal:46 losers=safe-cs:56,hero-over-creep:52,emergency-retreat:45,fwd-pullback:44,emergency-kill:43.5'
08/30 14:05:00 [Localization System] CLocalize::FindSafe failed to localize: 'AIB[D] intent=recovery-policy family=recover action=recover hp=33 gate=35 source=early-low'
08/30 14:05:00 [Localization System] CLocalize::FindSafe failed to localize: 'AIB[R] blocked=emergency-kill reason=no_target'
08/30 14:05:00 [Localization System] CLocalize::FindSafe failed to localize: 'AIB[R] blocked=uphill-repo reason=no_reposition'
08/30 14:05:00 [Localization System] CLocalize::FindSafe failed to localize: 'AIB[R] blocked=harass reason=own_heal_running'
08/30 14:05:00 [Localization System] CLocalize::FindSafe failed to localize: 'AIB[R] blocked=ability-harass reason=nothing_castable'
08/30 14:05:01 [Localization System] CLocalize::FindSafe failed to localize: 'AIB[D] intent=tick-owner family=other stage=laning-core'
08/30 14:05:02 [Localization System] CLocalize::FindSafe failed to localize: 'AIB[R] intent=top-arbiter family=state winner=anti-idle:2 losers=hero-over-creep:52,idle-heal:46,emergency-retreat:45,fwd-pullback:44,emergency-kill:43.5'
08/30 14:05:03 [Localization System] CLocalize::FindSafe failed to localize: 'AIB[D] blocked=recover-candidate reason=no_action_capped hp=35 score=44'
08/30 14:05:03 [Localization System] CLocalize::FindSafe failed to localize: 'AIB[D] blocked=hero-over-creep reason=no_target'
08/30 14:05:03 [Localization System] CLocalize::FindSafe failed to localize: 'AIB[D] blocked=emergency-kill reason=no_target'
08/30 14:05:03 [Localization System] CLocalize::FindSafe failed to localize: 'AIB[D] blocked=uphill-repo reason=low_hp_hold'
08/30 14:05:03 [Localization System] CLocalize::FindSafe failed to localize: 'AIB[D] blocked=harass reason=regen_wanted'
08/30 14:05:03 [Localization System] CLocalize::FindSafe failed to localize: 'AIB[D] blocked=ability-harass reason=nothing_castable'
08/30 14:05:03 [Localization System] CLocalize::FindSafe failed to localize: 'AIB[D] intent=top-arbiter family=state winner=anti-idle:2 losers=safe-cs:56,hero-over-creep:52,idle-heal:46,emergency-retreat:45,fwd-pullback:44'
08/30 14:05:03 [Localization System] CLocalize::FindSafe failed to localize: 'AIB[R] intent=tick-owner family=other stage=desire/wave-watch reason=ready score=10 band=idle'
08/30 14:05:03 [Localization System] CLocalize::FindSafe failed to localize: 'AIB[R] blocked=hero-over-creep reason=no_target'
08/30 14:05:03 [Localization System] CLocalize::FindSafe failed to localize: 'AIB[R] intent=melee-pack-space family=safety count=2 dist=199'
08/30 14:05:03 [Localization System] CLocalize::FindSafe failed to localize: 'AIB[R] blocked=emergency-kill reason=no_target'
08/30 14:05:03 [Localization System] CLocalize::FindSafe failed to localize: 'AIB[R] blocked=uphill-repo reason=no_reposition'
08/30 14:05:03 [Localization System] CLocalize::FindSafe failed to localize: 'AIB[R] blocked=ability-harass reason=nothing_castable'
08/30 14:05:03 [Localization System] CLocalize::FindSafe failed to localize: 'AIB[R] intent=top-arbiter family=state winner=wave-watch:10 losers=hero-over-creep:52,idle-heal:46,emergency-retreat:45,fwd-pullback:44,emergency-kill:43.5'
08/30 14:05:04 [Localization System] CLocalize::FindSafe failed to localize: 'AIB[D] intent=tick-owner family=other stage=laning-core'
08/30 14:05:04 [Localization System] CLocalize::FindSafe failed to localize: 'AIB[D] t=51s hp=38% gold=417 loc=344,296 enemy-dist=1233 lh=2 dn=0 dg=+7 dlh=+0 bottle=-1 lvl=1 front=9826 ehp=71'
08/30 14:05:04 [Localization System] CLocalize::FindSafe failed to localize: 'AIB[R] t=51s hp=71% gold=309 loc=-597,-500 lh=4 dn=0 dg=+47 dlh=+1 bottle=-1 lvl=2 front=8728 ehp=-1'
08/30 14:05:04 [Localization System] CLocalize::FindSafe failed to localize: 'AIB[R] blocked=harass reason=own_heal_running'
08/30 14:05:05 [Localization System] CLocalize::FindSafe failed to localize: 'AIB[R] intent=tick-owner family=other stage=desire/wave-watch reason=ready score=10 band=idle'
08/30 14:05:05 [Localization System] CLocalize::FindSafe failed to localize: 'AIB[R] intent=top-arbiter family=state winner=wave-watch:10 losers=hero-over-creep:52,idle-heal:46,emergency-retreat:45,fwd-pullback:44,emergency-kill:43.5'
08/30 14:05:06 [Localization System] CLocalize::FindSafe failed to localize: 'AIB[D] blocked=recover-candidate reason=no_action_capped hp=41 score=44'
08/30 14:05:06 [Localization System] CLocalize::FindSafe failed to localize: 'AIB[D] blocked=hero-over-creep reason=no_target'
08/30 14:05:06 [Localization System] CLocalize::FindSafe failed to localize: 'AIB[D] blocked=emergency-kill reason=no_target'
08/30 14:05:06 [Localization System] CLocalize::FindSafe failed to localize: 'AIB[D] blocked=uphill-repo reason=low_hp_hold'
08/30 14:05:06 [Localization System] CLocalize::FindSafe failed to localize: 'AIB[D] blocked=harass reason=regen_wanted'
08/30 14:05:06 [Localization System] CLocalize::FindSafe failed to localize: 'AIB[D] blocked=ability-harass reason=nothing_castable'
08/30 14:05:06 [Localization System] CLocalize::FindSafe failed to localize: 'AIB[R] blocked=hero-over-creep reason=no_target'
08/30 14:05:06 [Localization System] CLocalize::FindSafe failed to localize: 'AIB[D] blocked=visual-hold reason=empty held=2.1 hp=42 repeat=1 hard=false'
08/30 14:05:06 [Localization System] CLocalize::FindSafe failed to localize: 'AIB[D] intent=top-arbiter family=state winner=visual-hold:20 losers=safe-cs:56,hero-over-creep:52,idle-heal:46,emergency-retreat:45,fwd-pullback:44'
08/30 14:05:06 [Localization System] CLocalize::FindSafe failed to localize: 'AIB[D] intent=tick-owner family=other stage=desire/visual-hold reason=ready score=20 band=position'
08/30 14:05:06 [Server] PR:IncrementIdleTime 6:[I:0:0] 2.00
08/30 14:05:07 [Localization System] CLocalize::FindSafe failed to localize: 'AIB[D] blocked=buy-loop reason=saving target=item_bottle head=item_bottle cost=675 gold=421 left=1'
08/30 14:05:07 [Localization System] CLocalize::FindSafe failed to localize: 'AIB[R] blocked=buy-loop reason=saving target=item_bottle head=item_bottle cost=675 gold=312 left=1'
08/30 14:05:07 [Localization System] CLocalize::FindSafe failed to localize: 'AIB[R] intent=state-desire-last-hit family=farm dist=387 reason=killable_creep score=140'
08/30 14:05:07 [Server] PR:IncrementIdleTime 1:[I:0:0] 2.37
08/30 14:05:07 [Localization System] CLocalize::FindSafe failed to localize: 'AIB[D] blocked=channel-interrupt reason=unsafe dist=1065 hp=43 kind=heal'
08/30 14:05:07 [Localization System] CLocalize::FindSafe failed to localize: 'AIB[R] intent=top-arbiter family=state winner=last-hit:158 losers=hero-over-creep:52,cs-inrange:50,idle-heal:46,emergency-retreat:45,fwd-pullback:44'
08/30 14:05:07 [Localization System] CLocalize::FindSafe failed to localize: 'AIB[R] intent=tick-owner family=other stage=laning-core'
08/30 14:05:07 [Localization System] CLocalize::FindSafe failed to localize: 'AIB[R] blocked=emergency-kill reason=no_target'
08/30 14:05:07 [Localization System] CLocalize::FindSafe failed to localize: 'AIB[R] blocked=uphill-repo reason=no_reposition'
08/30 14:05:07 [Localization System] CLocalize::FindSafe failed to localize: 'AIB[D] blocked=uphill-repo reason=motor_busy'
08/30 14:05:08 [Localization System] CLocalize::FindSafe failed to localize: 'AIB[R] blocked=fight-candidate reason=no_action_capped hp=88 score=40'
08/30 14:05:08 [Localization System] CLocalize::FindSafe failed to localize: 'AIB[D] intent=state-desire-last-hit family=farm dist=546 reason=killable_creep score=140'
08/30 14:05:08 [Localization System] CLocalize::FindSafe failed to localize: 'AIB[R] blocked=recovery-buy reason=budget_cap hp=89 gold=353 count=2 allow=2'
08/30 14:05:08 [Localization System] CLocalize::FindSafe failed to localize: 'AIB[D] intent=top-arbiter family=state winner=last-hit:158 losers=safe-cs:56,hero-over-creep:52,idle-heal:46,emergency-retreat:45,fwd-pullback:44'
08/30 14:05:08 [Localization System] CLocalize::FindSafe failed to localize: 'AIB[R] blocked=ability-harass reason=nothing_castable'
08/30 14:05:08 [Localization System] CLocalize::FindSafe failed to localize: 'AIB[R] blocked=visual-hold reason=creep_in_range held=3.8 hp=91 repeat=9 hard=true'
08/30 14:05:08 [Localization System] CLocalize::FindSafe failed to localize: 'AIB[D] intent=recovery-plan family=recover action=buy_flask reason=critical hp=46 gold=423 count=1'
08/30 14:05:08 [Localization System] CLocalize::FindSafe failed to localize: 'AIB[D] intent=tick-owner family=other stage=laning-core'
08/30 14:05:08 [Localization System] CLocalize::FindSafe failed to localize: 'AIB[R] intent=top-arbiter family=state winner=wave-watch:10 losers=hero-over-creep:52,idle-heal:46,emergency-retreat:45,fwd-pullback:44,emergency-kill:43.5'
08/30 14:05:08 [Localization System] CLocalize::FindSafe failed to localize: 'invalid index'
08/30 14:05:08 [Localization System] CLocalize::FindSafe failed to localize: 'AIB[R] blocked=harass reason=own_heal_running'
08/30 14:05:08 [Localization System] CLocalize::FindSafe failed to localize: 'AIB[D] blocked=uphill-repo reason=not_trading'
08/30 14:05:09 [Localization System] CLocalize::FindSafe failed to localize: 'AIB[D] blocked=hero-over-creep reason=no_target'
08/30 14:05:09 [Localization System] CLocalize::FindSafe failed to localize: 'AIB[D] blocked=emergency-kill reason=no_target'
08/30 14:05:09 [Localization System] CLocalize::FindSafe failed to localize: 'AIB[D] blocked=harass reason=regen_wanted'
08/30 14:05:09 [Localization System] CLocalize::FindSafe failed to localize: 'AIB[R] blocked=hero-over-creep reason=no_target'
08/30 14:05:09 [Localization System] CLocalize::FindSafe failed to localize: 'AIB[R] intent=tick-owner family=other stage=laning-core'
08/30 14:05:09 [Localization System] CLocalize::FindSafe failed to localize: 'AIB[D] blocked=hero-prio-chase reason=lane_work dist=865 cs=false creep=true hp_adv=false kill_pressure=false close=false low_farm=false lane_override=false'
08/30 14:05:09 [Localization System] CLocalize::FindSafe failed to localize: 'AIB[D] blocked=harass reason=no_target'
08/30 14:05:09 [Localization System] CLocalize::FindSafe failed to localize: 'AIB[D] intent=top-arbiter family=state winner=creep-work:38.6 losers=safe-cs:56,hero-over-creep:52,idle-heal:46,emergency-retreat:45,fwd-pullback:44'
08/30 14:05:09 [Localization System] CLocalize::FindSafe failed to localize: 'AIB[D] t=56s hp=48% gold=369 loc=32,93 enemy-dist=865 lh=3 dn=0 dg=-48 dlh=+1 bottle=-1 lvl=2 front=9826 ehp=98'
08/30 14:05:09 [Localization System] CLocalize::FindSafe failed to localize: 'AIB[R] t=56s hp=98% gold=355 loc=-597,-500 enemy-dist=865 lh=5 dn=0 dg=+46 dlh=+1 bottle=-1 lvl=2 front=8812 ehp=48'
08/30 14:05:10 [Localization System] CLocalize::FindSafe failed to localize: 'AIB[R] intent=top-arbiter family=state winner=creep-work:38.8 losers=hero-over-creep:52,idle-heal:46,emergency-retreat:45,fwd-pullback:44,emergency-kill:43.5'
08/30 14:05:10 [Localization System] CLocalize::FindSafe failed to localize: 'AIB[R] intent=state-desire-last-hit family=farm dist=384 reason=killable_creep score=140'
08/30 14:05:10 [Localization System] CLocalize::FindSafe failed to localize: 'AIB[D] intent=tick-owner family=other stage=laning-core'
08/30 14:05:10 [Localization System] CLocalize::FindSafe failed to localize: 'AIB[R] blocked=emergency-kill reason=no_target'
08/30 14:05:10 [Localization System] CLocalize::FindSafe failed to localize: 'AIB[R] blocked=uphill-repo reason=no_reposition'
08/30 14:05:11 [Localization System] CLocalize::FindSafe failed to localize: 'AIB[R] intent=state-desire-fight family=state base=78 hp_adv=8 execute=20 dist=865 hp=100 ehp=50 reason=enemy_seen score=106'
08/30 14:05:11 [Localization System] CLocalize::FindSafe failed to localize: 'AIB[R] blocked=ability-pressure reason=nothing_castable'
08/30 14:05:11 [Localization System] CLocalize::FindSafe failed to localize: 'AIB[R] blocked=top-arbiter reason=empty_action winner=fight score=106'
08/30 14:05:11 [Localization System] CLocalize::FindSafe failed to localize: 'AIB[R] blocked=harass reason=no_target'
08/30 14:05:11 [Localization System] CLocalize::FindSafe failed to localize: 'AIB[R] blocked=visual-hold reason=creep_in_range held=6.3 hp=100 repeat=11 hard=true'
08/30 14:05:11 [Localization System] CLocalize::FindSafe failed to localize: 'AIB[D] intent=top-arbiter family=state winner=creep-work:38.6 losers=safe-cs:56,hero-over-creep:52,idle-heal:46,emergency-retreat:45,fwd-pullback:44'
08/30 14:05:11 [Localization System] CLocalize::FindSafe failed to localize: 'AIB[R] intent=tick-owner family=other stage=laning-core'
08/30 14:05:11 [Localization System] CLocalize::FindSafe failed to localize: 'AIB[R] blocked=ability-harass reason=nothing_castable'
08/30 14:05:11 [Localization System] CLocalize::FindSafe failed to localize: 'AIB[R] intent=top-arbiter family=state winner=wave-watch:10 losers=fight:106,hero-over-creep:52,idle-heal:46,emergency-retreat:45,fwd-pullback:44'
08/30 14:05:12 [Localization System] CLocalize::FindSafe failed to localize: 'AIB[D] blocked=hero-over-creep reason=no_target'
08/30 14:05:12 [Localization System] CLocalize::FindSafe failed to localize: 'AIB[D] blocked=emergency-kill reason=no_target'
08/30 14:05:12 [Localization System] CLocalize::FindSafe failed to localize: 'AIB[R] blocked=hero-over-creep reason=no_target'
08/30 14:05:12 [Localization System] CLocalize::FindSafe failed to localize: 'AIB[D] blocked=hero-prio-chase reason=lane_work dist=865 cs=false creep=true hp_adv=false kill_pressure=false close=false low_farm=false lane_override=false'
08/30 14:05:12 [Localization System] CLocalize::FindSafe failed to localize: 'AIB[D] blocked=harass reason=no_target'
08/30 14:05:12 [Localization System] CLocalize::FindSafe failed to localize: 'AIB[R] intent=state-desire-fight family=state base=78 hp_adv=8 execute=20 dist=865 hp=100 ehp=52 reason=enemy_seen score=106'
08/30 14:05:12 [Localization System] CLocalize::FindSafe failed to localize: 'AIB[R] blocked=top-arbiter reason=empty_action winner=fight score=106'
08/30 14:05:12 Script function 'Think' on bot npc_dota_hero_nevermore took 2.657ms
08/30 14:05:12 [Localization System] CLocalize::FindSafe failed to localize: 'AIB[D] intent=top-arbiter family=state winner=creep-work:38.6 losers=safe-cs:56,hero-over-creep:52,idle-heal:46,emergency-retreat:45,fwd-pullback:44'
08/30 14:05:12 [Localization System] CLocalize::FindSafe failed to localize: 'AIB[D] intent=tick-owner family=other stage=laning-core'
08/30 14:05:13 [Localization System] CLocalize::FindSafe failed to localize: 'AIB[R] blocked=visual-hold reason=creep_in_range held=8.3 hp=100 repeat=13 hard=true'
08/30 14:05:13 [Localization System] CLocalize::FindSafe failed to localize: 'AIB[D] blocked=uphill-repo reason=not_trading'
08/30 14:05:13 [Localization System] CLocalize::FindSafe failed to localize: 'AIB[R] intent=top-arbiter family=state winner=wave-watch:10 losers=fight:106,hero-over-creep:52,idle-heal:46,emergency-retreat:45,fwd-pullback:44'
08/30 14:05:13 [Localization System] CLocalize::FindSafe failed to localize: 'AIB[R] intent=tick-owner family=other stage=laning-core'
08/30 14:05:13 [Localization System] CLocalize::FindSafe failed to localize: 'AIB[R] blocked=emergency-kill reason=no_target'
08/30 14:05:13 [Localization System] CLocalize::FindSafe failed to localize: 'AIB[R] blocked=uphill-repo reason=no_reposition'
08/30 14:05:14 [Localization System] CLocalize::FindSafe failed to localize: 'AIB[R] intent=state-desire-fight family=state base=78 hp_adv=8 execute=20 dist=865 hp=100 ehp=55 reason=enemy_seen score=106'
08/30 14:05:14 [Localization System] CLocalize::FindSafe failed to localize: 'AIB[R] blocked=ability-pressure reason=nothing_castable'
08/30 14:05:14 [Localization System] CLocalize::FindSafe failed to localize: 'AIB[R] blocked=top-arbiter reason=empty_action winner=fight score=106'
08/30 14:05:14 [Localization System] CLocalize::FindSafe failed to localize: 'AIB[R] blocked=harass reason=no_target'
08/30 14:05:14 [Localization System] CLocalize::FindSafe failed to localize: 'AIB[D] intent=top-arbiter family=state winner=creep-work:38.6 losers=hero-over-creep:52,idle-heal:46,emergency-retreat:45,fwd-pullback:44,emergency-kill:43.5'
08/30 14:05:14 [Localization System] CLocalize::FindSafe failed to localize: 'AIB[D] intent=damage-by-source family=other creep=42 tower=0 hero=547 mixed=53 death=0 other=0 stale=50 gaps=1'
08/30 14:05:14 [Localization System] CLocalize::FindSafe failed to localize: 'AIB[D] blocked=ability-harass reason=nothing_castable'
08/30 14:05:14 [Localization System] CLocalize::FindSafe failed to localize: 'AIB[R] t=61s hp=100% gold=363 loc=-597,-500 enemy-dist=865 lh=5 dn=0 dg=+8 dlh=+0 bottle=-1 lvl=2 front=8818 ehp=57'
08/30 14:05:14 [Localization System] CLocalize::FindSafe failed to localize: 'AIB[R] intent=damage-by-source family=other creep=53 tower=0 hero=545 mixed=50 death=0 other=0 stale=25 gaps=1'
08/30 14:05:14 [Localization System] CLocalize::FindSafe failed to localize: 'AIB[R] intent=top-arbiter family=state winner=creep-work:38.8 losers=fight:106,hero-over-creep:52,idle-heal:46,emergency-retreat:45,fwd-pullback:44'
08/30 14:05:14 [Localization System] CLocalize::FindSafe failed to localize: 'AIB[D] t=61s hp=57% gold=377 loc=32,93 enemy-dist=865 lh=3 dn=0 dg=+8 dlh=+0 bottle=-1 lvl=2 front=9826 ehp=100'
08/30 14:05:14 [Localization System] CLocalize::FindSafe failed to localize: 'AIB[D] intent=tick-owner family=other stage=laning-core'
08/30 14:05:15 [Localization System] CLocalize::FindSafe failed to localize: 'AIB[D] blocked=buy-loop reason=saving target=item_bottle head=item_bottle cost=675 gold=377 left=1'
08/30 14:05:15 [Localization System] CLocalize::FindSafe failed to localize: 'AIB[R] blocked=buy-loop reason=saving target=item_bottle head=item_bottle cost=675 gold=363 left=1'
08/30 14:05:15 [Localization System] CLocalize::FindSafe failed to localize: 'AIB[R] blocked=ability-harass reason=nothing_castable'
08/30 14:05:15 [Localization System] CLocalize::FindSafe failed to localize: 'AIB[R] blocked=visual-hold reason=creep_in_range held=10.3 hp=100 repeat=14 hard=true'
08/30 14:05:15 [Localization System] CLocalize::FindSafe failed to localize: 'AIB[R] intent=wave-watch-work family=other lh=5 idle=7 creep_hp=87 dist=397'
08/30 14:05:15 [Localization System] CLocalize::FindSafe failed to localize: 'AIB[D] blocked=hero-over-creep reason=no_target'
08/30 14:05:15 [Localization System] CLocalize::FindSafe failed to localize: 'AIB[D] blocked=emergency-kill reason=no_target'
08/30 14:05:15 [Localization System] CLocalize::FindSafe failed to localize: 'AIB[R] blocked=hero-over-creep reason=no_target'
08/30 14:05:15 [Localization System] CLocalize::FindSafe failed to localize: 'AIB[D] blocked=hero-prio-chase reason=lane_work dist=865 cs=true creep=true hp_adv=false kill_pressure=false close=false low_farm=false lane_override=false'
08/30 14:05:15 [Localization System] CLocalize::FindSafe failed to localize: 'AIB[D] blocked=harass reason=no_target'
08/30 14:05:15 [Localization System] CLocalize::FindSafe failed to localize: 'AIB[R] intent=state-desire-fight family=state base=78 hp_adv=8 execute=20 dist=865 hp=100 ehp=58 reason=enemy_seen score=106'
08/30 14:05:15 [Localization System] CLocalize::FindSafe failed to localize: 'AIB[R] blocked=top-arbiter reason=empty_action winner=fight score=106'
08/30 14:05:15 [Localization System] CLocalize::FindSafe failed to localize: 'AIB[D] intent=top-arbiter family=state winner=creep-work:38.6 losers=hero-over-creep:52,idle-heal:46,emergency-retreat:45,fwd-pullback:44,emergency-kill:43.5'
08/30 14:05:16 [Localization System] CLocalize::FindSafe failed to localize: 'AIB[R] blocked=visual-hold reason=empty held=11.4 hp=100 repeat=1 hard=true'
08/30 14:05:16 [Localization System] CLocalize::FindSafe failed to localize: 'AIB[R] intent=tick-owner family=other stage=laning-core'
08/30 14:05:16 [Localization System] CLocalize::FindSafe failed to localize: 'AIB[R] blocked=recovery-buy reason=budget_cap hp=100 gold=365 count=2 allow=2'
08/30 14:05:16 [Localization System] CLocalize::FindSafe failed to localize: 'AIB[R] blocked=wave-watch reason=not_finishable creep_hp=300 dist=745 idle=8'
08/30 14:05:16 [Localization System] CLocalize::FindSafe failed to localize: 'AIB[D] intent=melee-pack-space family=safety count=3 dist=167'
08/30 14:05:16 [Localization System] CLocalize::FindSafe failed to localize: 'AIB[R] intent=hero-contact family=fight dist=773 hp=100 reason=close_enemy'
08/30 14:05:16 [Localization System] CLocalize::FindSafe failed to localize: 'AIB[R] intent=top-arbiter family=state winner=fight:106 losers=hero-over-creep:52,idle-heal:46,emergency-retreat:45,fwd-pullback:44,emergency-kill:43.5'
08/30 14:05:16 [Localization System] CLocalize::FindSafe failed to localize: 'AIB[R] blocked=hero-contact reason=refractory since=0.20'
08/30 14:05:16 [Localization System] CLocalize::FindSafe failed to localize: 'AIB[R] blocked=emergency-kill reason=no_target'
08/30 14:05:16 [Localization System] CLocalize::FindSafe failed to localize: 'AIB[R] blocked=uphill-repo reason=no_reposition'
08/30 14:05:16 [Localization System] CLocalize::FindSafe failed to localize: 'AIB[D] intent=state-desire-last-hit family=farm dist=251 reason=killable_creep score=140'
08/30 14:05:17 [Localization System] CLocalize::FindSafe failed to localize: 'AIB[D] intent=tick-owner family=other stage=laning-core'
08/30 14:05:17 [Localization System] CLocalize::FindSafe failed to localize: 'AIB[R] blocked=ability-pressure reason=nothing_castable'
08/30 14:05:17 [Localization System] CLocalize::FindSafe failed to localize: 'AIB[R] intent=state-desire-fight family=state base=78 hp_adv=8 dist=743 hp=100 ehp=61 hyst=18 reason=enemy_seen score=104'
08/30 14:05:17 [Localization System] CLocalize::FindSafe failed to localize: 'AIB[R] blocked=top-arbiter reason=empty_action winner=fight score=104'
08/30 14:05:17 [Localization System] CLocalize::FindSafe failed to localize: 'AIB[R] blocked=harass reason=no_target'
08/30 14:05:17 [Localization System] CLocalize::FindSafe failed to localize: 'AIB[D] blocked=uphill-repo reason=not_trading'
08/30 14:05:17 [Localization System] CLocalize::FindSafe failed to localize: 'AIB[D] intent=top-arbiter family=state winner=creep-work:38.6 losers=hero-over-creep:52,idle-heal:46,emergency-retreat:45,fwd-pullback:44,emergency-kill:43.5'
08/30 14:05:17 [Localization System] CLocalize::FindSafe failed to localize: 'AIB[R] intent=hero-pass family=fight dist=652 hp=100 reason=nearby_enemy'
08/30 14:05:17 [Localization System] CLocalize::FindSafe failed to localize: 'AIB[D] blocked=fight-candidate reason=no_action_capped hp=62 score=40'
08/30 14:05:17 [Localization System] CLocalize::FindSafe failed to localize: 'AIB[D] intent=melee-pack-space family=safety count=2 dist=220'
08/30 14:05:17 [Localization System] CLocalize::FindSafe failed to localize: 'AIB[R] intent=top-arbiter family=state winner=fight:104 losers=hero-over-creep:52,idle-heal:46,emergency-retreat:45,fwd-pullback:44,emergency-kill:43.5'
08/30 14:05:18 [Localization System] CLocalize::FindSafe failed to localize: 'AIB[R] blocked=ability-harass reason=nothing_castable'
08/30 14:05:18 [Localization System] CLocalize::FindSafe failed to localize: 'AIB[R] intent=tick-owner family=other stage=laning-core'
08/30 14:05:18 [Localization System] CLocalize::FindSafe failed to localize: 'AIB[D] blocked=hero-prio-always reason=uphill'
08/30 14:05:18 [Localization System] CLocalize::FindSafe failed to localize: 'AIB[D] blocked=hero-over-creep reason=no_target'
08/30 14:05:18 [Localization System] CLocalize::FindSafe failed to localize: 'AIB[D] blocked=emergency-kill reason=no_target'
08/30 14:05:18 [Localization System] CLocalize::FindSafe failed to localize: 'AIB[R] blocked=hero-over-creep reason=no_target'
08/30 14:05:18 [Localization System] CLocalize::FindSafe failed to localize: 'AIB[D] intent=top-arbiter family=state winner=creep-work:38.6 losers=hero-over-creep:52,idle-heal:46,emergency-retreat:45,fwd-pullback:44,emergency-kill:43.5'
08/30 14:05:18 [Localization System] CLocalize::FindSafe failed to localize: 'AIB[R] intent=state-desire-fight family=state base=78 range=18 hp_adv=8 dist=567 hp=100 ehp=63 hyst=18 reason=enemy_seen score=122'
08/30 14:05:18 [Localization System] CLocalize::FindSafe failed to localize: 'AIB[R] blocked=top-arbiter reason=empty_action winner=fight score=122'
08/30 14:05:19 [Localization System] CLocalize::FindSafe failed to localize: 'AIB[D] intent=state-desire-fight family=state base=78 range=18 dist=567 hp=55 ehp=100 reason=enemy_seen score=96'
08/30 14:05:19 [Localization System] CLocalize::FindSafe failed to localize: 'AIB[D] blocked=ability-pressure reason=hp_disadv dist=567 hp=55 ehp=100'
08/30 14:05:19 [Localization System] CLocalize::FindSafe failed to localize: 'AIB[D] intent=hero-contact family=fight dist=567 hp=55 reason=attackable_enemy'
08/30 14:05:19 [Localization System] CLocalize::FindSafe failed to localize: 'AIB[D] blocked=hero-contact reason=refractory since=0.20'
08/30 14:05:19 [Localization System] CLocalize::FindSafe failed to localize: 'AIB[D] intent=hero-pass family=fight dist=567 hp=55 reason=nearby_enemy'
08/30 14:05:19 [Localization System] CLocalize::FindSafe failed to localize: 'AIB[D] intent=tick-owner family=other stage=fight intent=hero-pass'
08/30 14:05:19 [Localization System] CLocalize::FindSafe failed to localize: 'AIB[D] blocked=top-arbiter reason=empty_action winner=fight score=114'
08/30 14:05:19 [Localization System] CLocalize::FindSafe failed to localize: 'AIB[D] blocked=uphill-repo reason=no_reposition'
08/30 14:05:19 [Localization System] CLocalize::FindSafe failed to localize: 'AIB[D] blocked=hero-prio-always reason=hp_behind'
08/30 14:05:19 [Localization System] CLocalize::FindSafe failed to localize: 'AIB[R] intent=creep-aggro family=safety hp=98 reason=creep_hitting'
08/30 14:05:19 [Localization System] CLocalize::FindSafe failed to localize: 'AIB[R] intent=top-arbiter family=state winner=fight:142 losers=safety:116,hero-over-creep:52,idle-heal:46,emergency-retreat:45,fwd-pullback:44'
08/30 14:05:19 [Localization System] CLocalize::FindSafe failed to localize: 'AIB[R] blocked=hero-contact reason=refractory since=0.37'
08/30 14:05:19 [Localization System] CLocalize::FindSafe failed to localize: 'AIB[R] t=66s hp=98% gold=370 loc=-307,-226 enemy-dist=567 lh=5 dn=0 dg=+7 dlh=+0 bottle=-1 lvl=2 front=9194 ehp=56'
08/30 14:05:20 [Localization System] CLocalize::FindSafe failed to localize: 'AIB[R] intent=tick-owner family=other stage=laning-core'
08/30 14:05:20 [Localization System] CLocalize::FindSafe failed to localize: 'AIB[D] t=66s hp=56% gold=421 loc=104,165 enemy-dist=567 lh=4 dn=0 dg=+44 dlh=+1 bottle=-1 lvl=2 front=9398 ehp=98'
08/30 14:05:20 [Localization System] CLocalize::FindSafe failed to localize: 'AIB[R] blocked=ability-pressure reason=nothing_castable'
08/30 14:05:20 [Localization System] CLocalize::FindSafe failed to localize: 'AIB[R] intent=arbiter family=fight winner=creep-aggro:112 losers=hero-pass:105'
08/30 14:05:20 [Localization System] CLocalize::FindSafe failed to localize: 'AIB[D] blocked=uphill-repo reason=motor_busy'
08/30 14:05:20 [Localization System] CLocalize::FindSafe failed to localize: 'AIB[D] intent=top-arbiter family=state winner=creep-work:38.6 losers=fight:96,hero-over-creep:52,idle-heal:46,emergency-retreat:45,fwd-pullback:44'
08/30 14:05:20 [Localization System] CLocalize::FindSafe failed to localize: 'AIB[R] intent=state-desire-fight family=state base=78 range=18 hp_adv=8 execute=20 dist=516 hp=97 ehp=54 hyst=18 reason=enemy_seen score=142'
08/30 14:05:20 [Localization System] CLocalize::FindSafe failed to localize: 'AIB[D] blocked=recover-candidate reason=no_action_capped hp=54 score=44'
08/30 14:05:20 [Localization System] CLocalize::FindSafe failed to localize: 'AIB[D] intent=state-desire-safety family=state base=108 creep_dmg=8 hp=54 creep=true hero=false reason=recent_damage score=116'
08/30 14:05:20 [Localization System] CLocalize::FindSafe failed to localize: 'AIB[D] blocked=creep-hit-react reason=inside_melee_pack count=2 dist=93 hp=54'
08/30 14:05:20 [Localization System] CLocalize::FindSafe failed to localize: 'AIB[D] intent=creep-hit-react family=safety dist=93 hp=54 hits=1 reason=edge_attack'
08/30 14:05:20 [Localization System] CLocalize::FindSafe failed to localize: 'AIB[D] blocked=safety-candidate reason=no_action_capped hp=52 score=44'
08/30 14:05:20 [Localization System] CLocalize::FindSafe failed to localize: 'AIB[D] intent=state-desire-fight family=state base=78 range=18 dist=537 hp=52 ehp=97 reason=enemy_seen score=96'
08/30 14:05:20 [Localization System] CLocalize::FindSafe failed to localize: 'AIB[D] blocked=fight-candidate reason=no_action_capped hp=53 score=40'
08/30 14:05:20 [Localization System] CLocalize::FindSafe failed to localize: 'AIB[D] intent=melee-pack-space family=safety count=2 dist=332'
08/30 14:05:21 [Localization System] CLocalize::FindSafe failed to localize: 'AIB[R] intent=top-arbiter family=state winner=fight:142 losers=safety:116,hero-over-creep:52,idle-heal:46,emergency-retreat:45,fwd-pullback:44'
08/30 14:05:21 [Localization System] CLocalize::FindSafe failed to localize: 'AIB[D] blocked=hero-prio-chase reason=lane_work dist=608 cs=true creep=true hp_adv=false kill_pressure=false close=false low_farm=false lane_override=false'
08/30 14:05:21 [Localization System] CLocalize::FindSafe failed to localize: 'AIB[D] blocked=harass reason=no_target'
08/30 14:05:21 [Localization System] CLocalize::FindSafe failed to localize: 'AIB[D] intent=tick-owner family=other stage=laning-core'
08/30 14:05:21 [Localization System] CLocalize::FindSafe failed to localize: 'AIB[R] intent=hero-contact family=fight dist=740 hp=96 reason=close_enemy'
08/30 14:05:21 [Localization System] CLocalize::FindSafe failed to localize: 'AIB[D] blocked=hero-over-creep reason=no_target'
08/30 14:05:21 [Localization System] CLocalize::FindSafe failed to localize: 'AIB[D] intent=top-arbiter family=state winner=idle-heal:46 losers=safe-cs:56,hero-over-creep:52,emergency-retreat:45,fwd-pullback:44,emergency-kill:43.5'
08/30 14:05:22 [Localization System] CLocalize::FindSafe failed to localize: 'AIB[R] blocked=hero-over-creep reason=no_target'
08/30 14:05:22 [Localization System] CLocalize::FindSafe failed to localize: 'AIB[R] intent=recovery-plan family=recover action=buy_flask reason=critical hp=96 gold=417 count=3'
08/30 14:05:22 [Localization System] CLocalize::FindSafe failed to localize: 'AIB[R] blocked=emergency-kill reason=no_target'
08/30 14:05:22 [Localization System] CLocalize::FindSafe failed to localize: 'AIB[R] blocked=uphill-repo reason=no_reposition'
08/30 14:05:22 [Localization System] CLocalize::FindSafe failed to localize: 'AIB[R] blocked=harass reason=no_target'
08/30 14:05:22 [Localization System] CLocalize::FindSafe failed to localize: 'AIB[R] blocked=ability-harass reason=nothing_castable'
08/30 14:05:22 [Localization System] CLocalize::FindSafe failed to localize: 'AIB[R] blocked=visual-hold reason=creep_damage held=4.2 hp=96 repeat=1 hard=false'
08/30 14:05:22 [Localization System] CLocalize::FindSafe failed to localize: 'AIB[D] intent=state-desire-safety family=state base=108 creep_dmg=8 hp=50 creep=true hero=false hyst=18 reason=recent_damage score=134'
08/30 14:05:22 [Localization System] CLocalize::FindSafe failed to localize: 'AIB[D] intent=creep-hit-react family=safety dist=435 hp=50 hits=3 reason=aggro_step'
08/30 14:05:22 [Localization System] CLocalize::FindSafe failed to localize: 'AIB[R] intent=state-desire-fight family=state base=78 hp_adv=8 execute=20 dist=858 hp=96 ehp=50 hyst=18 reason=enemy_seen score=124'
08/30 14:05:22 [Localization System] CLocalize::FindSafe failed to localize: 'AIB[R] blocked=top-arbiter reason=empty_action winner=fight score=124'
08/30 14:05:23 [Localization System] CLocalize::FindSafe failed to localize: 'AIB[D] blocked=buy-loop reason=saving target=item_bottle head=item_bottle cost=675 gold=425 left=1'
08/30 14:05:23 [Localization System] CLocalize::FindSafe failed to localize: 'AIB[R] blocked=buy-loop reason=saving target=item_bottle head=item_bottle cost=675 gold=319 left=1'
08/30 14:05:23 [Localization System] CLocalize::FindSafe failed to localize: 'AIB[D] intent=tick-owner family=other stage=laning-core'
08/30 14:05:23 [Localization System] CLocalize::FindSafe failed to localize: 'AIB[D] intent=top-arbiter family=state winner=idle-heal:46 losers=safe-cs:56,hero-over-creep:52,emergency-retreat:45,fwd-pullback:44,emergency-kill:43.5'
08/30 14:05:23 [Localization System] CLocalize::FindSafe failed to localize: 'AIB[D] intent=recovery-plan family=recover action=buy_flask reason=critical hp=50 gold=426 count=2'
08/30 14:05:23 [Localization System] CLocalize::FindSafe failed to localize: 'AIB[D] blocked=emergency-kill reason=no_target'
08/30 14:05:23 [Localization System] CLocalize::FindSafe failed to localize: 'AIB[D] blocked=uphill-repo reason=not_trading'
08/30 14:05:24 [Localization System] CLocalize::FindSafe failed to localize: 'AIB[D] blocked=recover-candidate reason=no_action_capped hp=49 score=44'
08/30 14:05:24 [Localization System] CLocalize::FindSafe failed to localize: 'AIB[D] intent=state-desire-safety family=state base=108 creep_dmg=8 hp=49 creep=true hero=false reason=recent_damage score=116'
08/30 14:05:24 [Localization System] CLocalize::FindSafe failed to localize: 'AIB[D] intent=creep-hit-react family=safety dist=138 hp=49 hits=4 reason=aggro_step'
08/30 14:05:24 [Localization System] CLocalize::FindSafe failed to localize: 'AIB[D] blocked=safety-candidate reason=no_action_capped hp=49 score=44'
08/30 14:05:24 [Localization System] CLocalize::FindSafe failed to localize: 'AIB[D] intent=state-desire-last-hit family=farm dist=240 reason=killable_creep score=140'
08/30 14:05:25 [Localization System] CLocalize::FindSafe failed to localize: 'AIB[D] intent=creep-hit-react family=safety dist=132 hp=48 hits=5 reason=aggro_step'
08/30 14:05:25 [Localization System] CLocalize::FindSafe failed to localize: 'AIB[D] intent=top-arbiter family=state winner=safety:116 losers=safe-cs:56,hero-over-creep:52,idle-heal:46,emergency-retreat:45,fwd-pullback:44'
08/30 14:05:25 [Localization System] CLocalize::FindSafe failed to localize: 'AIB[R] t=71s hp=98% gold=322 loc=-601,-508 enemy-dist=1480 lh=6 dn=0 dg=-48 dlh=+1 bottle=-1 lvl=2 front=9713 ehp=48'
08/30 14:05:25 [Localization System] CLocalize::FindSafe failed to localize: 'AIB[R] blocked=hero-over-creep reason=no_target'
08/30 14:05:25 [Localization System] CLocalize::FindSafe failed to localize: 'AIB[R] blocked=emergency-kill reason=no_target'
08/30 14:05:25 [Localization System] CLocalize::FindSafe failed to localize: 'AIB[R] blocked=uphill-repo reason=no_reposition'
08/30 14:05:25 [Localization System] CLocalize::FindSafe failed to localize: 'AIB[R] blocked=harass reason=no_target'
08/30 14:05:25 [Localization System] CLocalize::FindSafe failed to localize: 'AIB[R] blocked=ability-harass reason=nothing_castable'
08/30 14:05:25 [Localization System] CLocalize::FindSafe failed to localize: 'AIB[R] intent=top-arbiter family=state winner=anti-idle:2 losers=hero-over-creep:52,idle-heal:46,emergency-retreat:45,fwd-pullback:44,emergency-kill:43.5'
08/30 14:05:25 [Localization System] CLocalize::FindSafe failed to localize: 'AIB[R] intent=tick-owner family=other stage=desire/anti-idle reason=ready score=2 band=idle'
08/30 14:05:25 [Localization System] CLocalize::FindSafe failed to localize: 'AIB[D] t=71s hp=48% gold=362 loc=623,359 enemy-dist=1480 lh=5 dn=0 dg=-59 dlh=+1 bottle=-1 lvl=2 front=8620 ehp=98'
08/30 14:05:25 [Localization System] CLocalize::FindSafe failed to localize: 'AIB[D] blocked=hero-over-creep reason=no_target'
08/30 14:05:25 [Localization System] CLocalize::FindSafe failed to localize: 'AIB[D] blocked=uphill-repo reason=no_reposition'
08/30 14:05:25 [Localization System] CLocalize::FindSafe failed to localize: 'AIB[D] blocked=hero-prio-chase reason=lane_work dist=1480 cs=false creep=true hp_adv=false kill_pressure=false close=false low_farm=false lane_override=false'
08/30 14:05:25 [Localization System] CLocalize::FindSafe failed to localize: 'AIB[D] blocked=harass reason=no_target'
08/30 14:05:25 [Localization System] CLocalize::FindSafe failed to localize: 'AIB[D] blocked=ability-harass reason=nothing_castable'
08/30 14:05:25 [Localization System] CLocalize::FindSafe failed to localize: 'AIB[D] intent=tick-owner family=other stage=laning-core'
08/30 14:05:26 [Localization System] CLocalize::FindSafe failed to localize: 'AIB[R] intent=lane-line-episode family=other dist=403 fwd=0.67'
08/30 14:05:26 [Localization System] CLocalize::FindSafe failed to localize: 'AIB[R] blocked=uphill-repo reason=motor_busy'
08/30 14:05:26 [Localization System] CLocalize::FindSafe failed to localize: 'AIB[R] intent=top-arbiter family=state winner=lane-line:18 losers=hero-over-creep:52,idle-heal:46,emergency-retreat:45,fwd-pullback:44,emergency-kill:43.5'
08/30 14:05:26 [Localization System] CLocalize::FindSafe failed to localize: 'AIB[D] intent=top-arbiter family=state winner=creep-work:38.6 losers=safe-cs:56,hero-over-creep:52,idle-heal:46,emergency-retreat:45,fwd-pullback:44'
08/30 14:05:26 [Localization System] CLocalize::FindSafe failed to localize: 'AIB[D] intent=state-desire-safety family=state base=108 creep_dmg=8 hp=48 creep=true hero=false reason=recent_damage score=116'
08/30 14:05:26 [Localization System] CLocalize::FindSafe failed to localize: 'AIB[D] intent=creep-hit-react family=safety dist=581 hp=48 hits=6 reason=aggro_step'
08/30 14:05:27 [Localization System] CLocalize::FindSafe failed to localize: 'AIB[D] blocked=emergency-kill reason=no_target'
08/30 14:05:27 [Localization System] CLocalize::FindSafe failed to localize: 'AIB[R] intent=tick-owner family=other stage=laning-core'
08/30 14:05:27 [Localization System] CLocalize::FindSafe failed to localize: 'AIB[D] blocked=recover-candidate reason=no_action_capped hp=48 score=44'
08/30 14:05:27 [Localization System] CLocalize::FindSafe failed to localize: 'AIB[D] blocked=safety-candidate reason=no_action_capped hp=48 score=44'
08/30 14:05:27 [Localization System] CLocalize::FindSafe failed to localize: 'AIB[D] intent=state-desire-last-hit family=farm dist=421 reason=killable_creep score=140'
08/30 14:05:27 [Localization System] CLocalize::FindSafe failed to localize: 'AIB[D] intent=tick-owner family=other stage=desire/last-hit dist=421 reason=killable_creep score=140'
08/30 14:05:29 [Localization System] CLocalize::FindSafe failed to localize: 'AIB[R] blocked=hero-over-creep reason=no_target'
08/30 14:05:29 [Localization System] CLocalize::FindSafe failed to localize: 'AIB[R] blocked=emergency-kill reason=no_target'
08/30 14:05:29 [Localization System] CLocalize::FindSafe failed to localize: 'AIB[R] blocked=uphill-repo reason=no_reposition'
08/30 14:05:29 [Localization System] CLocalize::FindSafe failed to localize: 'AIB[R] blocked=harass reason=no_target'
08/30 14:05:29 [Localization System] CLocalize::FindSafe failed to localize: 'AIB[R] blocked=ability-harass reason=nothing_castable'
08/30 14:05:29 [Localization System] CLocalize::FindSafe failed to localize: 'AIB[R] intent=top-arbiter family=state winner=fwd-position:22 losers=hero-over-creep:52,idle-heal:46,emergency-retreat:45,fwd-pullback:44,emergency-kill:43.5'
08/30 14:05:29 [Localization System] CLocalize::FindSafe failed to localize: 'AIB[R] intent=tick-owner family=other stage=desire/fwd-position reason=ready score=22 band=position'
08/30 14:05:29 [Localization System] CLocalize::FindSafe failed to localize: 'AIB[R] blocked=uphill-repo reason=motor_busy'
08/30 14:05:30 [Localization System] CLocalize::FindSafe failed to localize: 'AIB[R] intent=damage-by-source family=other creep=82 tower=0 hero=545 mixed=50 death=0 other=0 stale=25 gaps=1'
08/30 14:05:30 [Localization System] CLocalize::FindSafe failed to localize: 'AIB[R] t=76s hp=100% gold=330 loc=-906,-721 lh=6 dn=0 dg=+8 dlh=+0 bottle=-1 lvl=2 front=7474 ehp=-1'
08/30 14:05:30 [Localization System] CLocalize::FindSafe failed to localize: 'AIB[D] intent=damage-by-source family=other creep=116 tower=0 hero=592 mixed=53 death=0 other=0 stale=50 gaps=1'
08/30 14:05:30 [Localization System] CLocalize::FindSafe failed to localize: 'AIB[D] blocked=hero-over-creep reason=no_target'
08/30 14:05:30 [Localization System] CLocalize::FindSafe failed to localize: 'AIB[D] blocked=emergency-kill reason=no_target'
08/30 14:05:30 [Localization System] CLocalize::FindSafe failed to localize: 'AIB[D] blocked=uphill-repo reason=no_reposition'
08/30 14:05:30 [Localization System] CLocalize::FindSafe failed to localize: 'AIB[D] blocked=harass reason=no_target'
08/30 14:05:30 [Localization System] CLocalize::FindSafe failed to localize: 'AIB[D] blocked=ability-harass reason=nothing_castable'
08/30 14:05:30 [Localization System] CLocalize::FindSafe failed to localize: 'AIB[D] intent=top-arbiter family=state winner=anti-idle:2 losers=safe-cs:56,hero-over-creep:52,idle-heal:46,emergency-retreat:45,fwd-pullback:44'
08/30 14:05:30 [Localization System] CLocalize::FindSafe failed to localize: 'AIB[D] intent=tick-owner family=other stage=desire/anti-idle reason=ready score=2 band=idle'
08/30 14:05:30 [Localization System] CLocalize::FindSafe failed to localize: 'AIB[D] t=76s hp=49% gold=370 loc=1306,884 lh=5 dn=0 dg=+8 dlh=+0 bottle=-1 lvl=2 front=9029 ehp=-1'
08/30 14:05:31 [Localization System] CLocalize::FindSafe failed to localize: 'AIB[R] intent=lane-line-episode family=other dist=339 fwd=0.37'
08/30 14:05:31 [Localization System] CLocalize::FindSafe failed to localize: 'AIB[R] intent=top-arbiter family=state winner=lane-line:18 losers=hero-over-creep:52,idle-heal:46,emergency-retreat:45,fwd-pullback:44,emergency-kill:43.5'
08/30 14:05:31 [Localization System] CLocalize::FindSafe failed to localize: 'AIB[D] blocked=buy-loop reason=saving target=item_bottle head=item_bottle cost=675 gold=371 left=1'
08/30 14:05:31 [Localization System] CLocalize::FindSafe failed to localize: 'AIB[R] blocked=buy-loop reason=saving target=item_bottle head=item_bottle cost=675 gold=331 left=1'
08/30 14:05:31 [Localization System] CLocalize::FindSafe failed to localize: 'AIB[R] intent=tick-owner family=other stage=laning-core'
08/30 14:05:31 [Localization System] CLocalize::FindSafe failed to localize: 'AIB[D] intent=top-arbiter family=state winner=idle-heal:46 losers=safe-cs:56,hero-over-creep:52,emergency-retreat:45,fwd-pullback:44,emergency-kill:43.5'
08/30 14:05:32 [Localization System] CLocalize::FindSafe failed to localize: 'AIB[D] intent=tick-owner family=other stage=laning-core'
08/30 14:05:32 [Localization System] CLocalize::FindSafe failed to localize: 'AIB[R] intent=own-ranged-lead family=other lead=252 count=2'
08/30 14:05:32 [Localization System] CLocalize::FindSafe failed to localize: 'AIB[R] blocked=hero-over-creep reason=no_target'
08/30 14:05:32 [Localization System] CLocalize::FindSafe failed to localize: 'AIB[R] blocked=emergency-kill reason=no_target'
08/30 14:05:32 [Localization System] CLocalize::FindSafe failed to localize: 'AIB[R] intent=top-arbiter family=state winner=ranged-spacing:41 losers=hero-over-creep:52,idle-heal:46,emergency-retreat:45,fwd-pullback:44,emergency-kill:43.5'
08/30 14:05:32 [Localization System] CLocalize::FindSafe failed to localize: 'AIB[D] intent=recovery-plan family=recover action=flask reason=inventory hp=50'
08/30 14:05:32 [Localization System] CLocalize::FindSafe failed to localize: 'AIB[R] blocked=uphill-repo reason=motor_busy'
08/30 14:05:32 [Localization System] CLocalize::FindSafe failed to localize: 'AIB[D] blocked=uphill-repo reason=motor_busy'
08/30 14:05:32 [Localization System] CLocalize::FindSafe failed to localize: 'AIB[D] blocked=harass reason=own_heal_running'
08/30 14:05:33 [Localization System] CLocalize::FindSafe failed to localize: 'AIB[D] blocked=hero-over-creep reason=no_target'
08/30 14:05:33 [Localization System] CLocalize::FindSafe failed to localize: 'AIB[D] blocked=emergency-kill reason=no_target'
08/30 14:05:33 [Localization System] CLocalize::FindSafe failed to localize: 'AIB[D] blocked=uphill-repo reason=no_reposition'
08/30 14:05:33 [Localization System] CLocalize::FindSafe failed to localize: 'AIB[D] blocked=ability-harass reason=nothing_castable'
08/30 14:05:33 [Localization System] CLocalize::FindSafe failed to localize: 'AIB[D] intent=top-arbiter family=state winner=anti-idle:2 losers=safe-cs:56,hero-over-creep:52,idle-heal:46,emergency-retreat:45,fwd-pullback:44'
08/30 14:05:33 [Localization System] CLocalize::FindSafe failed to localize: 'AIB[R] blocked=harass reason=no_target'
08/30 14:05:33 [Localization System] CLocalize::FindSafe failed to localize: 'AIB[R] blocked=ability-harass reason=nothing_castable'
08/30 14:05:33 [Localization System] CLocalize::FindSafe failed to localize: 'AIB[R] blocked=uphill-repo reason=no_reposition'
08/30 14:05:33 [Localization System] CLocalize::FindSafe failed to localize: 'AIB[R] intent=tick-owner family=other stage=laning-core'
08/30 14:05:34 [Localization System] CLocalize::FindSafe failed to localize: 'AIB[R] intent=top-arbiter family=state winner=wave-watch:10 losers=hero-over-creep:52,idle-heal:46,emergency-retreat:45,fwd-pullback:44,emergency-kill:43.5'
08/30 14:05:34 [Localization System] CLocalize::FindSafe failed to localize: 'AIB[D] intent=tick-owner family=other stage=laning-core'
08/30 14:05:34 [Localization System] CLocalize::FindSafe failed to localize: 'AIB[D] intent=top-arbiter family=state winner=anti-idle:2 losers=hero-over-creep:52,idle-heal:46,emergency-retreat:45,fwd-pullback:44,emergency-kill:43.5'
08/30 14:05:35 [Localization System] CLocalize::FindSafe failed to localize: 'AIB[R] t=81s hp=100% gold=337 loc=-873,-731 lh=6 dn=0 dg=+7 dlh=+0 bottle=-1 lvl=2 front=8374 ehp=-1'
08/30 14:05:35 [Localization System] CLocalize::FindSafe failed to localize: 'AIB[R] blocked=visual-hold reason=creep_in_range held=2.0 hp=100 repeat=1 hard=false'
08/30 14:05:35 [Localization System] CLocalize::FindSafe failed to localize: 'AIB[D] t=81s hp=68% gold=378 loc=469,225 lh=5 dn=0 dg=+8 dlh=+0 bottle=-1 lvl=2 front=10140 ehp=-1'
08/30 14:05:35 [Server] PR:IncrementIdleTime 1:[I:0:0] 2.00
08/30 14:05:35 [Localization System] CLocalize::FindSafe failed to localize: 'AIB[R] blocked=hero-over-creep reason=no_target'
08/30 14:05:35 [Localization System] CLocalize::FindSafe failed to localize: 'AIB[R] blocked=emergency-kill reason=no_target'
08/30 14:05:35 [Localization System] CLocalize::FindSafe failed to localize: 'AIB[R] intent=top-arbiter family=state winner=wave-watch:10 losers=hero-over-creep:52,idle-heal:46,emergency-retreat:45,fwd-pullback:44,emergency-kill:43.5'
08/30 14:05:35 [Localization System] CLocalize::FindSafe failed to localize: 'AIB[R] intent=tick-owner family=other stage=laning-core'
08/30 14:05:36 [Localization System] CLocalize::FindSafe failed to localize: 'AIB[D] blocked=hero-over-creep reason=no_target'
08/30 14:05:36 [Localization System] CLocalize::FindSafe failed to localize: 'AIB[D] blocked=emergency-kill reason=no_target'
08/30 14:05:36 [Localization System] CLocalize::FindSafe failed to localize: 'AIB[D] blocked=uphill-repo reason=no_reposition'
08/30 14:05:36 [Localization System] CLocalize::FindSafe failed to localize: 'AIB[D] blocked=ability-harass reason=nothing_castable'
08/30 14:05:36 [Localization System] CLocalize::FindSafe failed to localize: 'AIB[R] blocked=harass reason=no_target'
08/30 14:05:36 [Localization System] CLocalize::FindSafe failed to localize: 'AIB[R] blocked=ability-harass reason=nothing_castable'
08/30 14:05:36 [Localization System] CLocalize::FindSafe failed to localize: 'AIB[D] intent=top-arbiter family=state winner=anti-idle:2 losers=hero-over-creep:52,idle-heal:46,emergency-retreat:45,fwd-pullback:44,emergency-kill:43.5'
08/30 14:05:36 [Localization System] CLocalize::FindSafe failed to localize: 'AIB[D] intent=tick-owner family=other stage=laning-core'
08/30 14:05:36 [Localization System] CLocalize::FindSafe failed to localize: 'AIB[R] blocked=uphill-repo reason=no_reposition'
08/30 14:05:36 [Localization System] CLocalize::FindSafe failed to localize: 'AIB[D] blocked=harass reason=own_heal_running'
08/30 14:05:37 [Localization System] CLocalize::FindSafe failed to localize: 'AIB[R] intent=top-arbiter family=state winner=creep-work:38.8 losers=hero-over-creep:52,idle-heal:46,emergency-retreat:45,fwd-pullback:44,emergency-kill:43.5'
08/30 14:05:37 [Localization System] CLocalize::FindSafe failed to localize: 'AIB[D] blocked=wave-watch reason=not_finishable creep_hp=319 dist=761 idle=12'
08/30 14:05:37 [Localization System] CLocalize::FindSafe failed to localize: 'AIB[R] blocked=channel-interrupt reason=unsafe dist=990 hp=100 kind=heal'
08/30 14:05:37 [Localization System] CLocalize::FindSafe failed to localize: 'AIB[R] intent=state-desire-last-hit family=farm dist=402 reason=killable_creep score=140'
08/30 14:05:37 [Localization System] CLocalize::FindSafe failed to localize: 'AIB[R] intent=tick-owner family=other stage=laning-core'
08/30 14:05:38 [Localization System] CLocalize::FindSafe failed to localize: 'AIB[D] intent=top-arbiter family=state winner=creep-work:38.6 losers=hero-over-creep:52,idle-heal:46,emergency-retreat:45,fwd-pullback:44,emergency-kill:43.5'
08/30 14:05:38 [Localization System] CLocalize::FindSafe failed to localize: 'AIB[R] blocked=uphill-repo reason=not_trading'
08/30 14:05:38 [Localization System] CLocalize::FindSafe failed to localize: 'AIB[R] blocked=visual-hold reason=creep_in_range held=5.2 hp=100 repeat=3 hard=true'
08/30 14:05:38 [Localization System] CLocalize::FindSafe failed to localize: 'AIB[D] intent=tick-owner family=other stage=laning-core'
08/30 14:05:38 [Localization System] CLocalize::FindSafe failed to localize: 'AIB[R] blocked=hero-over-creep reason=no_target'
08/30 14:05:38 [Localization System] CLocalize::FindSafe failed to localize: 'AIB[R] blocked=emergency-kill reason=no_target'
08/30 14:05:38 [Localization System] CLocalize::FindSafe failed to localize: 'AIB[R] intent=wave-watch-work family=other lh=6 idle=6 creep_hp=27 dist=402'
08/30 14:05:38 [Localization System] CLocalize::FindSafe failed to localize: 'AIB[R] intent=top-arbiter family=state winner=wave-watch:10 losers=hero-over-creep:52,idle-heal:46,emergency-retreat:45,fwd-pullback:44,emergency-kill:43.5'
08/30 14:05:38 [Localization System] CLocalize::FindSafe failed to localize: 'AIB[D] intent=melee-pack-space family=safety count=3 dist=139'
08/30 14:05:39 [Localization System] CLocalize::FindSafe failed to localize: 'AIB[D] blocked=buy-loop reason=saving target=item_bottle head=item_bottle cost=675 gold=383 left=1'
08/30 14:05:39 [Localization System] CLocalize::FindSafe failed to localize: 'AIB[R] blocked=buy-loop reason=saving target=item_bottle head=item_bottle cost=675 gold=379 left=1'
08/30 14:05:39 [Localization System] CLocalize::FindSafe failed to localize: 'AIB[R] blocked=recovery-buy reason=budget_cap hp=100 gold=379 count=3 allow=2'
08/30 14:05:39 [Localization System] CLocalize::FindSafe failed to localize: 'AIB[D] blocked=recovery-buy reason=budget_cap hp=93 gold=383 count=2 allow=2'
08/30 14:05:39 [Localization System] CLocalize::FindSafe failed to localize: 'AIB[D] blocked=hero-over-creep reason=no_target'
08/30 14:05:39 [Localization System] CLocalize::FindSafe failed to localize: 'AIB[D] blocked=emergency-kill reason=no_target'
08/30 14:05:39 [Localization System] CLocalize::FindSafe failed to localize: 'AIB[D] blocked=uphill-repo reason=no_reposition'
08/30 14:05:39 [Localization System] CLocalize::FindSafe failed to localize: 'AIB[R] blocked=harass reason=no_target'
08/30 14:05:39 [Localization System] CLocalize::FindSafe failed to localize: 'AIB[R] blocked=ability-harass reason=nothing_castable'
08/30 14:05:39 [Localization System] CLocalize::FindSafe failed to localize: 'AIB[D] intent=top-arbiter family=state winner=creep-work:38.6 losers=hero-over-creep:52,idle-heal:46,emergency-retreat:45,fwd-pullback:44,emergency-kill:43.5'
08/30 14:05:39 [Server] Game code (account 0) tried to execute invalid order (19). Target NPC is dead.
08/30 14:05:39 [Localization System] CLocalize::FindSafe failed to localize: 'AIB[R] blocked=fight-candidate reason=no_action_capped hp=100 score=40'
08/30 14:05:39 [Localization System] CLocalize::FindSafe failed to localize: 'AIB[R] intent=tick-owner family=other stage=laning-core'
08/30 14:05:39 [Localization System] CLocalize::FindSafe failed to localize: 'AIB[D] blocked=uphill-repo reason=motor_busy'
08/30 14:05:40 [Localization System] CLocalize::FindSafe failed to localize: 'AIB[R] intent=cs-watchdog family=farm lh=7 idle=18 creep_hp=195 dist=788'
08/30 14:05:40 [Localization System] CLocalize::FindSafe failed to localize: 'AIB[R] t=86s hp=100% gold=381 loc=-844,-702 enemy-dist=646 lh=7 dn=0 dg=+44 dlh=+1 bottle=-1 lvl=2 front=8408 ehp=84'
08/30 14:05:40 [Localization System] CLocalize::FindSafe failed to localize: 'AIB[R] intent=top-arbiter family=state winner=creep-work:38.8 losers=hero-over-creep:52,idle-heal:46,emergency-retreat:45,fwd-pullback:44,emergency-kill:43.5'
08/30 14:05:40 [Localization System] CLocalize::FindSafe failed to localize: 'AIB[D] t=87s hp=85% gold=385 loc=-362,-163 enemy-dist=723 lh=5 dn=0 dg=+7 dlh=+0 bottle=-1 lvl=2 front=10140 ehp=100'
08/30 14:05:40 [Localization System] CLocalize::FindSafe failed to localize: 'AIB[D] intent=state-desire-last-hit family=farm dist=440 reason=killable_creep score=140'
08/30 14:05:40 [Localization System] CLocalize::FindSafe failed to localize: 'AIB[D] intent=tick-owner family=other stage=desire/last-hit dist=440 reason=killable_creep score=140'
08/30 14:05:41 [Localization System] CLocalize::FindSafe failed to localize: 'AIB[D] intent=top-arbiter family=state winner=last-hit:158 losers=hero-over-creep:52,cs-inrange:50,idle-heal:46,emergency-retreat:45,fwd-pullback:44'
08/30 14:05:41 [Localization System] CLocalize::FindSafe failed to localize: 'AIB[R] blocked=hero-over-creep reason=no_target'
08/30 14:05:41 [Localization System] CLocalize::FindSafe failed to localize: 'AIB[R] blocked=emergency-kill reason=no_target'
08/30 14:05:41 [Localization System] CLocalize::FindSafe failed to localize: 'AIB[R] blocked=uphill-repo reason=no_reposition'
08/30 14:05:41 [Localization System] CLocalize::FindSafe failed to localize: 'AIB[D] intent=recovery-plan family=recover action=buy_flask reason=critical hp=87 gold=421 count=3'
08/30 14:05:41 [Localization System] CLocalize::FindSafe failed to localize: 'AIB[R] intent=tick-owner family=other stage=laning-core'
08/30 14:05:41 [Localization System] CLocalize::FindSafe failed to localize: 'AIB[R] intent=top-arbiter family=state winner=creep-work:38.8 losers=hero-over-creep:52,idle-heal:46,emergency-retreat:45,fwd-pullback:44,emergency-kill:43.5'
08/30 14:05:42 [Localization System] CLocalize::FindSafe failed to localize: 'AIB[R] intent=state-desire-last-hit family=farm dist=365 reason=killable_creep score=140'
08/30 14:05:42 [Localization System] CLocalize::FindSafe failed to localize: 'AIB[D] blocked=hero-over-creep reason=no_target'
08/30 14:05:42 [Localization System] CLocalize::FindSafe failed to localize: 'AIB[D] blocked=emergency-kill reason=no_target'
08/30 14:05:42 [Localization System] CLocalize::FindSafe failed to localize: 'AIB[D] intent=top-arbiter family=state winner=harass:40 losers=hero-over-creep:52,idle-heal:46,emergency-retreat:45,fwd-pullback:44,emergency-kill:43.5'
08/30 14:05:42 [Localization System] CLocalize::FindSafe failed to localize: 'AIB[D] intent=tick-owner family=other stage=laning-core'
08/30 14:05:42 [Localization System] CLocalize::FindSafe failed to localize: 'AIB[R] blocked=harass reason=no_target'
08/30 14:05:42 [Localization System] CLocalize::FindSafe failed to localize: 'AIB[R] blocked=ability-harass reason=nothing_castable'
08/30 14:05:42 [Localization System] CLocalize::FindSafe failed to localize: 'AIB[R] blocked=visual-hold reason=creep_in_range held=9.3 hp=89 repeat=5 hard=true'
08/30 14:05:43 [Localization System] CLocalize::FindSafe failed to localize: 'AIB[D] blocked=uphill-repo reason=motor_busy'
08/30 14:05:43 [Localization System] CLocalize::FindSafe failed to localize: 'AIB[R] intent=top-arbiter family=state winner=wave-watch:10 losers=hero-over-creep:52,idle-heal:46,emergency-retreat:45,fwd-pullback:44,emergency-kill:43.5'
08/30 14:05:43 [Localization System] CLocalize::FindSafe failed to localize: 'AIB[R] blocked=uphill-repo reason=not_trading'
08/30 14:05:43 [Localization System] CLocalize::FindSafe failed to localize: 'AIB[R] blocked=visual-hold reason=hero_in_range held=10.4 hp=89 repeat=1 hard=true'
08/30 14:05:43 [Localization System] CLocalize::FindSafe failed to localize: 'AIB[D] intent=state-desire-fight family=state base=78 range=18 dist=616 hp=90 ehp=89 reason=enemy_seen score=96'
08/30 14:05:43 [Localization System] CLocalize::FindSafe failed to localize: 'AIB[D] blocked=ability-pressure reason=nothing_castable'
08/30 14:05:43 [Localization System] CLocalize::FindSafe failed to localize: 'AIB[D] intent=hero-contact family=fight dist=616 hp=90 reason=close_enemy'
08/30 14:05:43 [Localization System] CLocalize::FindSafe failed to localize: 'AIB[R] blocked=fight-candidate reason=no_action_capped hp=89 score=40'
08/30 14:05:43 [Localization System] CLocalize::FindSafe failed to localize: 'AIB[D] blocked=hero-contact reason=refractory since=0.13'
08/30 14:05:43 [Localization System] CLocalize::FindSafe failed to localize: 'AIB[D] intent=hero-pass family=fight dist=605 hp=90 reason=nearby_enemy'
08/30 14:05:43 [Localization System] CLocalize::FindSafe failed to localize: 'AIB[R] intent=tick-owner family=other stage=laning-core'
08/30 14:05:44 [Localization System] CLocalize::FindSafe failed to localize: 'AIB[D] blocked=top-arbiter reason=empty_action winner=fight score=114'
08/30 14:05:44 [Localization System] CLocalize::FindSafe failed to localize: 'AIB[D] intent=top-arbiter family=state winner=harass:40 losers=fight:114,hero-over-creep:52,idle-heal:46,emergency-retreat:45,fwd-pullback:44'
08/30 14:05:44 [Localization System] CLocalize::FindSafe failed to localize: 'AIB[R] intent=state-desire-fight family=state base=78 range=18 dist=563 hp=90 ehp=91 reason=enemy_seen score=96'
08/30 14:05:44 [Localization System] CLocalize::FindSafe failed to localize: 'AIB[R] blocked=ability-pressure reason=nothing_castable'
08/30 14:05:44 [Localization System] CLocalize::FindSafe failed to localize: 'AIB[R] intent=hero-contact family=fight dist=563 hp=90 reason=attackable_enemy'
08/30 14:05:44 [Localization System] CLocalize::FindSafe failed to localize: 'AIB[D] intent=tick-owner family=other stage=laning-core'
08/30 14:05:44 [Localization System] CLocalize::FindSafe failed to localize: 'AIB[R] blocked=hero-contact reason=refractory since=0.20'
08/30 14:05:44 [Localization System] CLocalize::FindSafe failed to localize: 'AIB[R] intent=hero-pass family=fight dist=563 hp=90 reason=nearby_enemy'
08/30 14:05:44 [Localization System] CLocalize::FindSafe failed to localize: 'AIB[R] blocked=top-arbiter reason=empty_action winner=fight score=114'
08/30 14:05:44 [Localization System] CLocalize::FindSafe failed to localize: 'AIB[R] blocked=hero-over-creep reason=no_target'
08/30 14:05:44 [Localization System] CLocalize::FindSafe failed to localize: 'AIB[R] blocked=emergency-kill reason=no_target'
08/30 14:05:44 [Localization System] CLocalize::FindSafe failed to localize: 'AIB[R] blocked=uphill-repo reason=no_reposition'
08/30 14:05:45 [Localization System] CLocalize::FindSafe failed to localize: 'AIB[R] intent=damage-by-source family=other creep=82 tower=0 hero=617 mixed=50 death=0 other=0 stale=25 gaps=1'
08/30 14:05:45 [Localization System] CLocalize::FindSafe failed to localize: 'AIB[R] intent=top-arbiter family=state winner=fight:96 losers=hero-over-creep:52,idle-heal:46,emergency-retreat:45,fwd-pullback:44,emergency-kill:43.5'
08/30 14:05:45 [Localization System] CLocalize::FindSafe failed to localize: 'AIB[D] intent=damage-by-source family=other creep=116 tower=0 hero=668 mixed=53 death=0 other=0 stale=50 gaps=1'
08/30 14:05:45 [Localization System] CLocalize::FindSafe failed to localize: 'AIB[D] intent=state-desire-fight family=state base=78 range=18 dist=563 hp=92 ehp=90 hyst=18 reason=enemy_seen score=114'
08/30 14:05:45 [Localization System] CLocalize::FindSafe failed to localize: 'AIB[R] t=91s hp=90% gold=422 loc=-689,-541 enemy-dist=563 lh=8 dn=0 dg=+41 dlh=+1 bottle=-1 lvl=2 front=8444 ehp=84'
08/30 14:05:45 [Localization System] CLocalize::FindSafe failed to localize: 'AIB[D] blocked=hero-over-creep reason=no_target'
08/30 14:05:45 [Localization System] CLocalize::FindSafe failed to localize: 'AIB[D] blocked=emergency-kill reason=no_target'
08/30 14:05:45 [Localization System] CLocalize::FindSafe failed to localize: 'AIB[D] blocked=uphill-repo reason=no_reposition'
08/30 14:05:45 [Localization System] CLocalize::FindSafe failed to localize: 'AIB[D] t=92s hp=84% gold=327 loc=-335,-103 enemy-dist=563 lh=6 dn=0 dg=-58 dlh=+1 bottle=-1 lvl=2 front=10237 ehp=82'
08/30 14:05:45 [Localization System] CLocalize::FindSafe failed to localize: 'AIB[R] blocked=harass reason=no_target'
08/30 14:05:45 [Localization System] CLocalize::FindSafe failed to localize: 'AIB[R] blocked=ability-harass reason=nothing_castable'
08/30 14:05:45 [Localization System] CLocalize::FindSafe failed to localize: 'AIB[D] anti-idle-enter=5 anti-idle-lane=2 anti-idle-lowhp-back=1 channel-interrupt-chase=5 creep-aggro-back=1 creep-aggro-hero-yield=1 creep-dmg=1 creep-hit-react-aggro-step=4 creep-hit-react-step=3 cs-wait-release=1 cs-wait=7 cs-walk-gap-large=6 cs-walk-gap-small=11 cs-walk-inrange=8 cs-walk-into-pack=15 cs-walk=25 cw-push-cs-step=2 cw-push=105 deny-act-atk=3 deny-act-walk=1 deny-act=4 deny-cand-doomed=2 deny-cand-tanky=16 fight-hp-behind=7 fwd-at-position=1 fwd-position=1 fwd-suppressed-creep=5 fwd-suppressed-lowhp=1 fwd-suppressed-motor=1 fwd-suppressed-tower=3 heal-item=1 hero-contact-atk=5 hero-contact-chase=1 hero-pass-atk=4 hero-pass-chase=1 hero-prio-always=5 hero-prio-chase-hold=1 hero-prio-chase=10 idle=2 killwin-scan=428 lane-line-suppressed-creep=1 lane-line-suppressed-heal=4 lane-line-suppressed-lowhp=3 last-hit-urgent=26 low-hp-limit=2 melee-pack-release=5 melee-pack-space=5 pre-aig=5 precreep-anchor=30 precreep-hold=2 precreep-park-hold=12 precreep-park=185 precreep-space=3 prewave-duel-approach=11 prewave-duel-trade=96 recover-xp=2 recovery-buy=3 recovery-enemy-near=98 recovery-flask=1 recovery-regen=1 recovery-tango=1 regen-walk=1 tango-heal=2 uphill-void-under-fire=1 visual-hold-lane=1 wave-watch-no-wave=3 wave-watch=5'
08/30 14:05:45 [Localization System] CLocalize::FindSafe failed to localize: 'AIB[D] blocked=top-arbiter reason=empty_action winner=fight score=96'
08/30 14:05:45 [Localization System] CLocalize::FindSafe failed to localize: 'AIB[D] intent=top-arbiter family=state winner=harass:40 losers=fight:96,hero-over-creep:52,idle-heal:46,emergency-retreat:45,fwd-pullback:44'
08/30 14:05:45 [Localization System] CLocalize::FindSafe failed to localize: 'AIB[R] intent=state-desire-safety family=state base=108 creep_dmg=8 hp=80 creep=true hero=true reason=recent_damage score=116'
08/30 14:05:45 [Localization System] CLocalize::FindSafe failed to localize: 'AIB[R] intent=creep-hit-react family=safety dist=135 hp=80 hits=1 reason=attack'
08/30 14:05:45 [Localization System] CLocalize::FindSafe failed to localize: 'AIB[R] anti-afk-no-chase=1 anti-idle-enter=5 anti-idle-lane=3 creep-aggro-back=2 creep-aggro-hero-yield=1 creep-aggro-hit=8 creep-dmg=2 creep-hit-react-atk=1 creep-hit-react-step=1 cs-wait-release=5 cs-wait=8 cs-watchdog-step=1 deny-act-atk=13 deny-act-walk=5 deny-act=18 deny-cand-doomed=10 deny-cand-tanky=87 fwd-at-position=2 fwd-position=1 fwd-suppressed-creep=9 fwd-suppressed-damage=1 fwd-suppressed-empty=1 fwd-suppressed-hero=4 fwd-suppressed-motor=2 fwd-suppressed-tower=3 fwd-suppressed-visual=1 harass-seek=2 heal-item=1 hero-contact-atk=9 hero-contact-chase=3 hero-over-creep=1 hero-pass-atk=2 hero-pass-chase=1 idle=4 kill-priority=4 killwin-mutual=3 killwin-scan=398 lane-line-fallback=15 lane-line-suppressed-creep=5 lane-line-suppressed-damage=1 lane-line-suppressed-empty=4 lane-line-suppressed-heal=4 lane-line-suppressed-lowhp=2 lane-line-suppressed-motor=1 last-hit-urgent=24 melee-pack-release=7 melee-pack-space=2 mutual-low-finish-chase=3 own-ranged-stepback=1 pre-aig=5 precreep-anchor=32 precreep-hold=2 precreep-park-hold=13 precreep-park=156 precreep-space=3 prewave-defend=3 prewave-free-hit=85 recover-xp=2 recovery-buy=3 recovery-enemy-near=112 recovery-flask=1 recovery-regen=1 recovery-tango=1 regen-walk=1 uphill-void-under-fire=5 visual-hold-creep=19 visual-hold-hard-creep=1 visual-hold-lane=2 wave-watch-atk=4 wave-watch-no-wave=4 wave-watch=10'
08/30 14:05:45 [Localization System] CLocalize::FindSafe failed to localize: 'AIB[R] blocked=safety-candidate reason=no_action_capped hp=80 score=44'
08/30 14:05:45 [Localization System] CLocalize::FindSafe failed to localize: 'AIB[R] intent=state-desire-fight family=state base=78 range=18 dist=563 hp=80 ehp=85 reason=enemy_seen score=96'
08/30 14:05:45 [Localization System] CLocalize::FindSafe failed to localize: 'AIB[R] intent=tick-owner family=other stage=laning-core'
08/30 14:05:46 [Localization System] CLocalize::FindSafe failed to localize: 'AIB[R] blocked=creep-aggro reason=hero_trading hp=80 hits=1'
08/30 14:05:46 [Localization System] CLocalize::FindSafe failed to localize: 'AIB[R] intent=arbiter family=fight winner=hero-pass:105 losers=creep-aggro:10'
08/30 14:05:46 [Localization System] CLocalize::FindSafe failed to localize: 'AIB[R] blocked=creep-aggro reason=chip_ignored hp=80 hits=1'
08/30 14:05:46 [Localization System] CLocalize::FindSafe failed to localize: 'AIB[R] blocked=top-arbiter reason=empty_action winner=fight score=114'
08/30 14:05:46 [Localization System] CLocalize::FindSafe failed to localize: 'AIB[D] intent=tick-owner family=other stage=laning-core'
08/30 14:05:46 [Localization System] CLocalize::FindSafe failed to localize: 'AIB[R] intent=top-arbiter family=state winner=safety:116 losers=fight:96,hero-over-creep:52,idle-heal:46,emergency-retreat:45,fwd-pullback:44'
08/30 14:05:46 [Localization System] CLocalize::FindSafe failed to localize: 'AIB[D] intent=state-desire-safety family=state base=108 creep_dmg=8 hp=75 creep=true hero=true reason=recent_damage score=116'
08/30 14:05:46 [Localization System] CLocalize::FindSafe failed to localize: 'AIB[D] intent=creep-hit-react family=safety dist=137 hp=75 hits=1 reason=attack'
08/30 14:05:47 [Localization System] CLocalize::FindSafe failed to localize: 'AIB[R] intent=creep-aggro family=safety hp=70 dest=-1296,-1161 reason=chip_step'
08/30 14:05:47 [Localization System] CLocalize::FindSafe failed to localize: 'AIB[D] blocked=safety-candidate reason=no_action_capped hp=75 score=44'
08/30 14:05:47 [Localization System] CLocalize::FindSafe failed to localize: 'AIB[D] intent=state-desire-fight family=state base=78 range=18 dist=563 hp=75 ehp=70 reason=enemy_seen score=96'
08/30 14:05:47 [Localization System] CLocalize::FindSafe failed to localize: 'AIB[D] blocked=ability-pressure reason=nothing_castable'
08/30 14:05:47 [Localization System] CLocalize::FindSafe failed to localize: 'AIB[D] blocked=hero-contact reason=refractory since=0.43'
08/30 14:05:47 [Localization System] CLocalize::FindSafe failed to localize: 'AIB[D] blocked=creep-aggro reason=hero_trading hp=75 hits=1'
08/30 14:05:47 [Localization System] CLocalize::FindSafe failed to localize: 'AIB[D] blocked=creep-aggro reason=chip_ignored hp=75 hits=1'
08/30 14:05:47 [Localization System] CLocalize::FindSafe failed to localize: 'AIB[D] blocked=buy-loop reason=saving target=item_bottle head=item_bottle cost=675 gold=329 left=1'
08/30 14:05:47 [Localization System] CLocalize::FindSafe failed to localize: 'AIB[R] blocked=buy-loop reason=saving target=item_bottle head=item_bottle cost=675 gold=425 left=1'
08/30 14:05:47 [Localization System] CLocalize::FindSafe failed to localize: 'AIB[D] intent=top-arbiter family=state winner=fight:96 losers=hero-over-creep:52,idle-heal:46,emergency-retreat:45,fwd-pullback:44,emergency-kill:43.5'
08/30 14:05:47 [Localization System] CLocalize::FindSafe failed to localize: 'AIB[R] blocked=recovery-buy reason=budget_cap hp=70 gold=425 count=3 allow=3'
08/30 14:05:47 [Localization System] CLocalize::FindSafe failed to localize: 'AIB[D] intent=melee-pack-space family=safety count=2 dist=165'
08/30 14:05:47 [Localization System] CLocalize::FindSafe failed to localize: 'AIB[R] blocked=recovery-buy reason=flask_in_inventory hp=70'
08/30 14:05:47 [Localization System] CLocalize::FindSafe failed to localize: 'AIB[R] blocked=hero-over-creep reason=no_target'
08/30 14:05:47 [Localization System] CLocalize::FindSafe failed to localize: 'AIB[R] blocked=emergency-kill reason=no_target'
08/30 14:05:47 [Localization System] CLocalize::FindSafe failed to localize: 'AIB[R] blocked=uphill-repo reason=no_reposition'
08/30 14:05:47 Script function 'Think' on bot npc_dota_hero_nevermore took 2.147ms
08/30 14:05:48 [Localization System] CLocalize::FindSafe failed to localize: 'AIB[D] blocked=uphill-repo reason=motor_busy'
08/30 14:05:48 [Localization System] CLocalize::FindSafe failed to localize: 'AIB[R] intent=tick-owner family=other stage=laning-core'
08/30 14:05:48 [Localization System] CLocalize::FindSafe failed to localize: 'AIB[R] intent=state-desire-safety family=state base=108 creep_dmg=8 hp=70 creep=true hero=false reason=recent_damage score=116'
08/30 14:05:48 [Localization System] CLocalize::FindSafe failed to localize: 'AIB[R] blocked=top-arbiter reason=empty_action winner=safety score=116'
08/30 14:05:48 [Localization System] CLocalize::FindSafe failed to localize: 'AIB[R] intent=top-arbiter family=state winner=wave-watch:10 losers=safety:116,hero-over-creep:52,idle-heal:46,emergency-retreat:45,fwd-pullback:44'
08/30 14:05:48 [Localization System] CLocalize::FindSafe failed to localize: 'AIB[D] intent=state-desire-safety family=state base=108 creep_dmg=8 hp=75 creep=true hero=false hyst=18 reason=recent_damage score=134'
08/30 14:05:48 [Localization System] CLocalize::FindSafe failed to localize: 'AIB[D] blocked=creep-hit-react reason=inside_melee_pack count=2 dist=75 hp=75'
08/30 14:05:48 [Localization System] CLocalize::FindSafe failed to localize: 'AIB[D] intent=creep-hit-react family=safety dist=75 hp=75 hits=3 reason=edge_attack'
08/30 14:05:48 [Localization System] CLocalize::FindSafe failed to localize: 'AIB[D] blocked=hero-over-creep reason=no_target'
08/30 14:05:48 [Localization System] CLocalize::FindSafe failed to localize: 'AIB[D] blocked=emergency-kill reason=no_target'
08/30 14:05:48 [Localization System] CLocalize::FindSafe failed to localize: 'AIB[D] blocked=harass reason=no_target'
08/30 14:05:48 [Localization System] CLocalize::FindSafe failed to localize: 'AIB[D] intent=tick-owner family=other stage=desire/creep-work reason=ready score=39 band=lanework'
08/30 14:05:48 [Localization System] CLocalize::FindSafe failed to localize: 'AIB[R] blocked=uphill-repo reason=not_trading'
08/30 14:05:48 [Localization System] CLocalize::FindSafe failed to localize: 'AIB[R] blocked=harass reason=no_target'
08/30 14:05:48 [Localization System] CLocalize::FindSafe failed to localize: 'AIB[R] blocked=ability-harass reason=nothing_castable'
08/30 14:05:48 [Localization System] CLocalize::FindSafe failed to localize: 'AIB[D] intent=top-arbiter family=state winner=creep-work:38.6 losers=hero-over-creep:52,idle-heal:46,emergency-retreat:45,fwd-pullback:44,emergency-kill:43.5'
08/30 14:05:49 [Localization System] CLocalize::FindSafe failed to localize: 'AIB[D] intent=melee-pack-space family=safety count=2 dist=276'
08/30 14:05:49 [Localization System] CLocalize::FindSafe failed to localize: 'AIB[R] blocked=wave-watch reason=not_finishable creep_hp=175 dist=553 idle=6'
08/30 14:05:49 [Localization System] CLocalize::FindSafe failed to localize: 'AIB[D] blocked=uphill-repo reason=no_reposition'
08/30 14:05:49 [Localization System] CLocalize::FindSafe failed to localize: 'AIB[R] intent=top-arbiter family=state winner=creep-work:38.8 losers=hero-over-creep:52,idle-heal:46,emergency-retreat:45,fwd-pullback:44,emergency-kill:43.5'
08/30 14:05:50 [Localization System] CLocalize::FindSafe failed to localize: 'AIB[D] intent=state-desire-safety family=state base=108 creep_dmg=8 hp=72 creep=true hero=false hyst=18 reason=recent_damage score=134'
08/30 14:05:50 [Localization System] CLocalize::FindSafe failed to localize: 'AIB[D] intent=creep-hit-react family=safety dist=49 hp=72 hits=5 reason=attack'
08/30 14:05:50 [Localization System] CLocalize::FindSafe failed to localize: 'AIB[R] intent=tick-owner family=other stage=laning-core'
08/30 14:05:50 [Localization System] CLocalize::FindSafe failed to localize: 'AIB[D] blocked=safety-candidate reason=no_action_capped hp=72 score=44'
08/30 14:05:50 [Localization System] CLocalize::FindSafe failed to localize: 'AIB[R] t=96s hp=72% gold=430 loc=-1038,-849 enemy-dist=918 lh=8 dn=0 dg=+8 dlh=+0 bottle=-1 lvl=2 front=8726 ehp=72'
08/30 14:05:50 [Localization System] CLocalize::FindSafe failed to localize: 'AIB[D] intent=top-arbiter family=state winner=ranged-spacing:41 losers=hero-over-creep:52,idle-heal:46,emergency-retreat:45,fwd-pullback:44,emergency-kill:43.5'
08/30 14:05:50 [Localization System] CLocalize::FindSafe failed to localize: 'AIB[D] t=97s hp=73% gold=334 loc=-369,-178 lh=6 dn=0 dg=+7 dlh=+0 bottle=-1 lvl=2 front=10277 ehp=-1'
08/30 14:05:50 [Localization System] CLocalize::FindSafe failed to localize: 'AIB[D] intent=tick-owner family=other stage=desire/creep-work reason=ready score=39 band=lanework'
08/30 14:05:50 [Localization System] CLocalize::FindSafe failed to localize: 'AIB[R] blocked=hero-over-creep reason=no_target'
08/30 14:05:50 [Localization System] CLocalize::FindSafe failed to localize: 'AIB[R] blocked=emergency-kill reason=no_target'
08/30 14:05:51 [Localization System] CLocalize::FindSafe failed to localize: 'AIB[R] intent=wave-watch-work family=other lh=8 idle=8 creep_hp=80 dist=475'
08/30 14:05:51 [Localization System] CLocalize::FindSafe failed to localize: 'AIB[R] intent=top-arbiter family=state winner=wave-watch:10 losers=hero-over-creep:52,idle-heal:46,emergency-retreat:45,fwd-pullback:44,emergency-kill:43.5'
08/30 14:05:51 [Localization System] CLocalize::FindSafe failed to localize: 'AIB[D] blocked=hero-prio-chase reason=lane_work dist=948 cs=true creep=true hp_adv=false kill_pressure=false close=false low_farm=false lane_override=false'
08/30 14:05:51 [Localization System] CLocalize::FindSafe failed to localize: 'invalid index'
08/30 14:05:51 [Localization System] CLocalize::FindSafe failed to localize: 'AIB[R] blocked=visual-hold reason=empty held=2.1 hp=73 repeat=1 hard=false'
08/30 14:05:51 [Localization System] CLocalize::FindSafe failed to localize: 'AIB[D] intent=state-desire-safety family=state base=108 creep_dmg=8 hp=71 creep=true hero=false hyst=18 reason=recent_damage score=134'
08/30 14:05:51 [Localization System] CLocalize::FindSafe failed to localize: 'AIB[D] intent=creep-hit-react family=safety dist=69 hp=71 hits=7 reason=attack'
08/30 14:05:51 [Localization System] CLocalize::FindSafe failed to localize: 'AIB[R] blocked=harass reason=no_target'
08/30 14:05:51 [Localization System] CLocalize::FindSafe failed to localize: 'AIB[R] blocked=ability-harass reason=nothing_castable'
08/30 14:05:51 [Localization System] CLocalize::FindSafe failed to localize: 'AIB[R] intent=lane-line-episode family=other dist=803 fwd=0.55'
08/30 14:05:51 [Localization System] CLocalize::FindSafe failed to localize: 'AIB[D] blocked=hero-over-creep reason=no_target'
08/30 14:05:51 [Localization System] CLocalize::FindSafe failed to localize: 'AIB[D] blocked=emergency-kill reason=no_target'
08/30 14:05:51 [Localization System] CLocalize::FindSafe failed to localize: 'AIB[D] intent=melee-pack-space family=safety count=2 dist=195'
08/30 14:05:51 [Localization System] CLocalize::FindSafe failed to localize: 'AIB[D] intent=top-arbiter family=state winner=ranged-spacing:41 losers=hero-over-creep:52,idle-heal:46,emergency-retreat:45,fwd-pullback:44,emergency-kill:43.5'
08/30 14:05:52 [Localization System] CLocalize::FindSafe failed to localize: 'AIB[R] blocked=uphill-repo reason=motor_busy'
08/30 14:05:52 [Localization System] CLocalize::FindSafe failed to localize: 'AIB[R] intent=tick-owner family=other stage=laning-core'
08/30 14:05:52 [Localization System] CLocalize::FindSafe failed to localize: 'AIB[D] blocked=uphill-repo reason=motor_busy'
08/30 14:05:52 [Localization System] CLocalize::FindSafe failed to localize: 'AIB[D] blocked=creep-hit-react reason=inside_melee_pack count=2 dist=91 hp=69'
08/30 14:05:52 [Localization System] CLocalize::FindSafe failed to localize: 'AIB[R] blocked=fight-candidate reason=no_action_capped hp=73 score=40'
08/30 14:05:52 [Localization System] CLocalize::FindSafe failed to localize: 'AIB[R] intent=top-arbiter family=state winner=lane-line:18 losers=hero-over-creep:52,idle-heal:46,emergency-retreat:45,fwd-pullback:44,emergency-kill:43.5'
08/30 14:05:52 [Localization System] CLocalize::FindSafe failed to localize: 'AIB[D] intent=tick-owner family=other stage=laning-core'
08/30 14:05:53 [Localization System] CLocalize::FindSafe failed to localize: 'AIB[D] blocked=recover-candidate reason=no_action_capped hp=47 score=44'
08/30 14:05:53 [Localization System] CLocalize::FindSafe failed to localize: 'AIB[D] blocked=harass reason=no_target'
08/30 14:05:53 [Localization System] CLocalize::FindSafe failed to localize: 'AIB[D] blocked=harass reason=regen_wanted'
08/30 14:05:53 [Localization System] CLocalize::FindSafe failed to localize: 'AIB[D] blocked=safety-candidate reason=no_action_capped hp=45 score=44'
08/30 14:05:53 [Localization System] CLocalize::FindSafe failed to localize: 'AIB[D] intent=state-desire-safety family=state base=108 creep_dmg=8 hp=45 creep=true hero=true hyst=18 reason=recent_damage score=134'
08/30 14:05:53 [Localization System] CLocalize::FindSafe failed to localize: 'AIB[D] intent=creep-hit-react family=safety dist=172 hp=45 hits=9 reason=aggro_step'
08/30 14:05:53 [Localization System] CLocalize::FindSafe failed to localize: 'AIB[D] intent=top-arbiter family=state winner=safety:134 losers=safe-cs:56,hero-over-creep:52,idle-heal:46,emergency-retreat:45,fwd-pullback:44'
08/30 14:05:53 [Localization System] CLocalize::FindSafe failed to localize: 'AIB[R] intent=state-desire-fight family=state base=78 hp_adv=8 execute=20 dist=671 hp=74 ehp=43 reason=enemy_seen score=106'
08/30 14:05:53 [Localization System] CLocalize::FindSafe failed to localize: 'AIB[R] blocked=ability-pressure reason=nothing_castable'
08/30 14:05:53 [Localization System] CLocalize::FindSafe failed to localize: 'AIB[R] intent=hero-contact family=fight dist=671 hp=74 reason=close_enemy'
08/30 14:05:53 [Localization System] CLocalize::FindSafe failed to localize: 'AIB[D] intent=state-desire-recover family=state base=74 creep_dmg=-14 hp=43 reason=hp_gate score=60'
08/30 14:05:53 [Localization System] CLocalize::FindSafe failed to localize: 'AIB[D] intent=recovery-policy family=recover action=recover hp=43 gate=55 source=lane-low'
08/30 14:05:53 [Localization System] CLocalize::FindSafe failed to localize: 'AIB[D] intent=state-recover-xp family=state ttl=2 reason=regen_lane hp=43 dist=429'
08/30 14:05:53 [Localization System] CLocalize::FindSafe failed to localize: 'AIB[R] intent=state-desire-last-hit family=farm dist=532 reason=killable_creep score=140'
08/30 14:05:54 [Localization System] CLocalize::FindSafe failed to localize: 'AIB[R] intent=top-arbiter family=state winner=last-hit:158 losers=hero-over-creep:52,idle-heal:46,emergency-retreat:45,fwd-pullback:44,emergency-kill:43.5'
08/30 14:05:54 [Localization System] CLocalize::FindSafe failed to localize: 'AIB[R] intent=tick-owner family=other stage=laning-core'
08/30 14:05:54 [Localization System] CLocalize::FindSafe failed to localize: 'AIB[R] blocked=hero-over-creep reason=no_target'
08/30 14:05:54 [Localization System] CLocalize::FindSafe failed to localize: 'AIB[R] blocked=emergency-kill reason=no_target'
08/30 14:05:54 [Localization System] CLocalize::FindSafe failed to localize: 'AIB[R] blocked=uphill-repo reason=no_reposition'
08/30 14:05:54 [Localization System] CLocalize::FindSafe failed to localize: 'AIB[R] intent=wave-watch-work family=other lh=8 idle=12 creep_hp=50 dist=532'
08/30 14:05:54 [Localization System] CLocalize::FindSafe failed to localize: 'AIB[D] intent=tick-owner family=other stage=laning-core'
08/30 14:05:54 [Localization System] CLocalize::FindSafe failed to localize: 'AIB[R] blocked=harass reason=no_target'
08/30 14:05:54 [Localization System] CLocalize::FindSafe failed to localize: 'AIB[R] blocked=ability-harass reason=nothing_castable'
08/30 14:05:54 [Localization System] CLocalize::FindSafe failed to localize: 'AIB[D] intent=recovery-plan family=recover action=back reason=post_fight_regen hp=42'
08/30 14:05:54 [Localization System] CLocalize::FindSafe failed to localize: 'AIB[D] intent=recovery-owner family=recover band=soft threat=true mode=safe-step hp=42'
08/30 14:05:55 [Localization System] CLocalize::FindSafe failed to localize: 'AIB[D] blocked=buy-loop reason=saving target=item_bottle head=item_bottle cost=675 gold=341 left=1'
08/30 14:05:55 [Localization System] CLocalize::FindSafe failed to localize: 'AIB[R] blocked=buy-loop reason=saving target=item_bottle head=item_bottle cost=675 gold=480 left=1'
08/30 14:05:55 [Localization System] CLocalize::FindSafe failed to localize: 'AIB[R] blocked=uphill-repo reason=motor_busy'
08/30 14:05:55 [Localization System] CLocalize::FindSafe failed to localize: 'AIB[D] blocked=creep-hit-react reason=recovery_commit hp=42 band=soft'
08/30 14:05:55 [Localization System] CLocalize::FindSafe failed to localize: 'AIB[D] intent=top-arbiter family=state winner=recover:78 losers=safe-cs:56,hero-over-creep:52,idle-heal:46,emergency-retreat:45,fwd-pullback:44'
08/30 14:05:55 [Localization System] CLocalize::FindSafe failed to localize: 'AIB[D] intent=state-desire-recover family=state base=74 creep_dmg=-14 hp=42 hyst=18 reason=hp_gate score=78'
08/30 14:05:55 [Localization System] CLocalize::FindSafe failed to localize: 'AIB[R] t=101s hp=75% gold=481 loc=-613,-443 lh=9 dn=0 dg=+51 dlh=+1 bottle=-1 lvl=3 front=8771 ehp=-1'
08/30 14:05:55 [Localization System] CLocalize::FindSafe failed to localize: 'AIB[D] t=102s hp=42% gold=342 loc=138,287 enemy-dist=986 lh=6 dn=0 dg=+8 dlh=+0 bottle=-1 lvl=2 front=8620 ehp=75'
08/30 14:05:55 [Localization System] CLocalize::FindSafe failed to localize: 'AIB[R] intent=top-arbiter family=state winner=lane-line:18 losers=hero-over-creep:52,idle-heal:46,emergency-retreat:45,fwd-pullback:44,emergency-kill:43.5'
08/30 14:05:55 [Localization System] CLocalize::FindSafe failed to localize: 'AIB[D] blocked=hero-over-creep reason=no_target'
08/30 14:05:55 [Localization System] CLocalize::FindSafe failed to localize: 'AIB[D] blocked=emergency-kill reason=no_target'
08/30 14:05:56 [Localization System] CLocalize::FindSafe failed to localize: 'AIB[D] blocked=recover-candidate reason=no_action_capped hp=42 score=44'
08/30 14:05:56 [Localization System] CLocalize::FindSafe failed to localize: 'AIB[R] intent=state-desire-fight family=state base=78 hp_adv=8 execute=20 dist=884 hp=75 ehp=42 reason=enemy_seen score=106'
08/30 14:05:56 [Localization System] CLocalize::FindSafe failed to localize: 'AIB[R] blocked=top-arbiter reason=empty_action winner=fight score=106'
08/30 14:05:56 [Localization System] CLocalize::FindSafe failed to localize: 'AIB[R] intent=tick-owner family=other stage=desire/creep-work reason=ready score=39 band=lanework'
08/30 14:05:56 [Localization System] CLocalize::FindSafe failed to localize: 'AIB[D] intent=state-desire-last-hit family=farm dist=309 reason=killable_creep score=140'
08/30 14:05:56 [Localization System] CLocalize::FindSafe failed to localize: 'AIB[R] blocked=recovery-buy reason=flask_in_inventory hp=75'
08/30 14:05:56 [Localization System] CLocalize::FindSafe failed to localize: 'AIB[D] intent=top-arbiter family=state winner=last-hit:158 losers=safe-cs:56,hero-over-creep:52,cs-inrange:50,idle-heal:46,emergency-retreat:45'
08/30 14:05:56 [Localization System] CLocalize::FindSafe failed to localize: 'AIB[R] blocked=ability-pressure reason=nothing_castable'
08/30 14:05:56 [Localization System] CLocalize::FindSafe failed to localize: 'AIB[R] blocked=siege reason=desire_or_hp hp=75 adv=false'
08/30 14:05:56 [Localization System] CLocalize::FindSafe failed to localize: 'AIB[R] intent=tower-opportunity family=siege result=blocked_desire_or_hp wave=2 hp=75 adv=false'
08/30 14:05:56 [Localization System] CLocalize::FindSafe failed to localize: 'AIB[D] intent=tick-owner family=other stage=laning-core'
08/30 14:05:57 [Localization System] CLocalize::FindSafe failed to localize: 'AIB[D] intent=state-recover-xp family=state ttl=2 reason=regen_lane hp=43 dist=558'
08/30 14:05:57 [Localization System] CLocalize::FindSafe failed to localize: 'AIB[D] blocked=safety-candidate reason=no_action_capped hp=41 score=44'
08/30 14:05:57 [Localization System] CLocalize::FindSafe failed to localize: 'AIB[D] intent=state-desire-recover family=state base=74 creep_dmg=-14 hp=41 reason=hp_gate score=60'
08/30 14:05:57 [Localization System] CLocalize::FindSafe failed to localize: 'AIB[D] intent=recovery-policy family=recover action=recover hp=41 gate=55 source=lane-low'
08/30 14:05:58 [Localization System] CLocalize::FindSafe failed to localize: 'AIB[D] blocked=creep-hit-react reason=recovery_commit hp=42 band=soft'
08/30 14:05:58 [Localization System] CLocalize::FindSafe failed to localize: 'AIB[D] intent=recovery-owner family=recover band=soft threat=false mode=safe-step hp=42'
08/30 14:05:58 [Localization System] CLocalize::FindSafe failed to localize: 'AIB[D] intent=top-arbiter family=state winner=recover:78 losers=safe-cs:56,hero-over-creep:52,idle-heal:46,emergency-retreat:45,fwd-pullback:44'
08/30 14:05:58 [Localization System] CLocalize::FindSafe failed to localize: 'AIB[D] intent=tick-owner family=other stage=laning-core'
08/30 14:05:59 [Localization System] CLocalize::FindSafe failed to localize: 'AIB[D] intent=state-desire-recover family=state base=74 creep_dmg=-14 hp=41 hyst=18 reason=hp_gate score=78'
08/30 14:05:59 [Localization System] CLocalize::FindSafe failed to localize: 'invalid index'
08/30 14:05:59 [Localization System] CLocalize::FindSafe failed to localize: 'AIB[R] blocked=hero-over-creep reason=no_target'
08/30 14:05:59 [Localization System] CLocalize::FindSafe failed to localize: 'AIB[R] blocked=emergency-kill reason=no_target'
08/30 14:05:59 [Localization System] CLocalize::FindSafe failed to localize: 'AIB[R] blocked=uphill-repo reason=no_reposition'
08/30 14:05:59 [Localization System] CLocalize::FindSafe failed to localize: 'AIB[R] blocked=harass reason=no_target'
08/30 14:05:59 [Localization System] CLocalize::FindSafe failed to localize: 'AIB[R] blocked=ability-harass reason=nothing_castable'
08/30 14:05:59 [Localization System] CLocalize::FindSafe failed to localize: 'AIB[R] intent=top-arbiter family=state winner=anti-idle:2 losers=hero-over-creep:52,idle-heal:46,emergency-retreat:45,fwd-pullback:44,emergency-kill:43.5'
08/30 14:05:59 [Localization System] CLocalize::FindSafe failed to localize: 'AIB[R] intent=tick-owner family=other stage=desire/anti-idle reason=ready score=2 band=idle'
08/30 14:05:59 [Localization System] CLocalize::FindSafe failed to localize: 'AIB[D] intent=recovery-policy family=recover action=recover hp=39 gate=55 source=lane-low'
08/30 14:05:59 [Localization System] CLocalize::FindSafe failed to localize: 'AIB[D] intent=top-arbiter family=state winner=recover:106 losers=safe-cs:56,hero-over-creep:52,idle-heal:46,emergency-retreat:45,fwd-pullback:44'
08/30 14:05:59 [Localization System] CLocalize::FindSafe failed to localize: 'AIB[R] intent=lane-line-episode family=other dist=237 fwd=0.55'
08/30 14:06:00 [Localization System] CLocalize::FindSafe failed to localize: 'AIB[D] intent=recovery-plan family=recover action=back reason=post_fight_regen hp=39'
08/30 14:06:00 [Localization System] CLocalize::FindSafe failed to localize: 'AIB[D] intent=state-recover-xp family=state ttl=5 reason=post_fight_regen hp=39 dist=452'
08/30 14:06:00 [Localization System] CLocalize::FindSafe failed to localize: 'AIB[R] blocked=uphill-repo reason=motor_busy'
08/30 14:06:00 [Localization System] CLocalize::FindSafe failed to localize: 'AIB[R] intent=damage-by-source family=other creep=94 tower=0 hero=669 mixed=115 death=0 other=0 stale=25 gaps=1'
08/30 14:06:00 [Localization System] CLocalize::FindSafe failed to localize: 'AIB[D] intent=damage-by-source family=other creep=237 tower=0 hero=776 mixed=218 death=0 other=0 stale=50 gaps=1'
08/30 14:06:00 [Localization System] CLocalize::FindSafe failed to localize: 'AIB[R] t=106s hp=77% gold=488 loc=-469,-317 enemy-dist=1426 lh=9 dn=0 dg=+7 dlh=+0 bottle=-1 lvl=3 front=9337 ehp=39'
08/30 14:06:00 [Localization System] CLocalize::FindSafe failed to localize: 'AIB[D] t=107s hp=40% gold=350 loc=731,583 enemy-dist=1410 lh=6 dn=0 dg=+8 dlh=+0 bottle=-1 lvl=3 front=9001 ehp=77'
08/30 14:06:00 [Localization System] CLocalize::FindSafe failed to localize: 'AIB[D] intent=state-desire-recover family=state base=74 danger=28 hp=40 hyst=18 reason=hp_gate score=120'
08/30 14:06:00 [Localization System] CLocalize::FindSafe failed to localize: 'AIB[D] intent=tick-owner family=other stage=laning-core'
08/30 14:06:01 [Localization System] CLocalize::FindSafe failed to localize: 'AIB[R] intent=top-arbiter family=state winner=lane-line:18 losers=hero-over-creep:52,idle-heal:46,emergency-retreat:45,fwd-pullback:44,emergency-kill:43.5'
08/30 14:06:01 [Localization System] CLocalize::FindSafe failed to localize: 'AIB[R] intent=melee-pack-space family=safety count=2 dist=177'
08/30 14:06:01 [Localization System] CLocalize::FindSafe failed to localize: 'AIB[D] blocked=recover-candidate reason=no_action_capped hp=40 score=44'
08/30 14:06:01 [Localization System] CLocalize::FindSafe failed to localize: 'AIB[D] blocked=hero-over-creep reason=no_target'
08/30 14:06:01 [Localization System] CLocalize::FindSafe failed to localize: 'AIB[D] blocked=emergency-kill reason=no_target'
08/30 14:06:01 [Localization System] CLocalize::FindSafe failed to localize: 'AIB[D] blocked=uphill-repo reason=low_hp_hold'
08/30 14:06:01 [Localization System] CLocalize::FindSafe failed to localize: 'AIB[D] blocked=harass reason=regen_wanted'
08/30 14:06:01 [Localization System] CLocalize::FindSafe failed to localize: 'AIB[D] blocked=ability-harass reason=nothing_castable'
08/30 14:06:01 [Localization System] CLocalize::FindSafe failed to localize: 'AIB[R] intent=tick-owner family=other stage=laning-core'
08/30 14:06:01 [Localization System] CLocalize::FindSafe failed to localize: 'AIB[D] intent=top-arbiter family=state winner=anti-idle:2 losers=safe-cs:56,hero-over-creep:52,idle-heal:46,emergency-retreat:45,fwd-pullback:44'
08/30 14:06:03 [Localization System] CLocalize::FindSafe failed to localize: 'AIB[D] blocked=buy-loop reason=saving target=item_bottle head=item_bottle cost=675 gold=353 left=1'
08/30 14:06:03 [Localization System] CLocalize::FindSafe failed to localize: 'AIB[R] blocked=buy-loop reason=saving target=item_bottle head=item_bottle cost=675 gold=492 left=1'
08/30 14:06:03 [Localization System] CLocalize::FindSafe failed to localize: 'AIB[D] intent=tick-owner family=other stage=laning-core'
08/30 14:06:03 [Localization System] CLocalize::FindSafe failed to localize: 'AIB[D] intent=top-arbiter family=state winner=anti-idle:2 losers=safe-cs:56,hero-over-creep:52,idle-heal:46,emergency-retreat:45,fwd-pullback:44'
08/30 14:06:03 [SteamNetSockets] Certificate expires in 27h37m at 1788191003 (current time 1788091564), will renew in 25h37m
08/30 14:06:03 [Localization System] CLocalize::FindSafe failed to localize: 'AIB[R] blocked=hero-over-creep reason=no_target'
08/30 14:06:03 [Localization System] CLocalize::FindSafe failed to localize: 'AIB[R] blocked=emergency-kill reason=no_target'
08/30 14:06:03 [Localization System] CLocalize::FindSafe failed to localize: 'AIB[R] blocked=uphill-repo reason=no_reposition'
08/30 14:06:03 [Localization System] CLocalize::FindSafe failed to localize: 'AIB[R] blocked=harass reason=no_target'
08/30 14:06:03 [Localization System] CLocalize::FindSafe failed to localize: 'AIB[R] blocked=ability-harass reason=nothing_castable'
08/30 14:06:03 [Localization System] CLocalize::FindSafe failed to localize: 'AIB[R] intent=top-arbiter family=state winner=wave-watch:10 losers=hero-over-creep:52,idle-heal:46,emergency-retreat:45,fwd-pullback:44,emergency-kill:43.5'
08/30 14:06:03 [Localization System] CLocalize::FindSafe failed to localize: 'AIB[R] intent=tick-owner family=other stage=desire/wave-watch reason=ready score=10 band=idle'
08/30 14:06:04 [Localization System] CLocalize::FindSafe failed to localize: 'AIB[R] intent=lane-line-episode family=other dist=425 fwd=0.55'
08/30 14:06:04 [Localization System] CLocalize::FindSafe failed to localize: 'AIB[R] blocked=uphill-repo reason=motor_busy'
08/30 14:06:04 [Localization System] CLocalize::FindSafe failed to localize: 'AIB[D] blocked=recover-candidate reason=no_action_capped hp=42 score=44'
08/30 14:06:04 [Localization System] CLocalize::FindSafe failed to localize: 'AIB[D] blocked=hero-over-creep reason=no_target'
08/30 14:06:04 [Localization System] CLocalize::FindSafe failed to localize: 'AIB[D] blocked=emergency-kill reason=no_target'
08/30 14:06:04 [Localization System] CLocalize::FindSafe failed to localize: 'AIB[D] blocked=uphill-repo reason=low_hp_hold'
08/30 14:06:04 [Localization System] CLocalize::FindSafe failed to localize: 'AIB[D] blocked=harass reason=regen_wanted'
08/30 14:06:04 [Localization System] CLocalize::FindSafe failed to localize: 'AIB[D] blocked=ability-harass reason=nothing_castable'
08/30 14:06:05 Script function 'Think' on bot npc_dota_hero_nevermore took 2.130ms
08/30 14:06:05 [Localization System] CLocalize::FindSafe failed to localize: 'AIB[R] intent=melee-pack-space family=safety count=3 dist=166'
08/30 14:06:05 [Localization System] CLocalize::FindSafe failed to localize: 'AIB[R] intent=top-arbiter family=state winner=wave-watch:10 losers=hero-over-creep:52,idle-heal:46,emergency-retreat:45,fwd-pullback:44,emergency-kill:43.5'
08/30 14:06:05 [Localization System] CLocalize::FindSafe failed to localize: 'AIB[R] t=112s hp=79% gold=496 loc=-506,-427 lh=9 dn=0 dg=+8 dlh=+0 bottle=-1 lvl=3 front=8771 ehp=-1'
08/30 14:06:05 [Localization System] CLocalize::FindSafe failed to localize: 'AIB[D] t=112s hp=43% gold=357 loc=305,268 enemy-dist=1129 lh=6 dn=0 dg=+7 dlh=+0 bottle=-1 lvl=3 front=9778 ehp=80'
08/30 14:06:05 [Localization System] CLocalize::FindSafe failed to localize: 'AIB[R] intent=tick-owner family=other stage=desire/wave-watch reason=ready score=10 band=idle'
08/30 14:06:06 [Localization System] CLocalize::FindSafe failed to localize: 'AIB[D] intent=cs-watchdog family=farm lh=6 idle=18 creep_hp=353 dist=802'
08/30 14:06:06 [Localization System] CLocalize::FindSafe failed to localize: 'AIB[D] intent=top-arbiter family=state winner=creep-work:38.6 losers=safe-cs:56,hero-over-creep:52,idle-heal:46,emergency-retreat:45,fwd-pullback:44'
08/30 14:06:06 [Localization System] CLocalize::FindSafe failed to localize: 'AIB[D] intent=tick-owner family=other stage=desire/creep-work reason=ready score=39 band=lanework'
08/30 14:06:07 [Localization System] CLocalize::FindSafe failed to localize: 'AIB[R] blocked=hero-over-creep reason=no_target'
08/30 14:06:07 [Localization System] CLocalize::FindSafe failed to localize: 'AIB[R] blocked=emergency-kill reason=no_target'
08/30 14:06:07 [Localization System] CLocalize::FindSafe failed to localize: 'AIB[R] blocked=uphill-repo reason=no_reposition'
08/30 14:06:07 [Localization System] CLocalize::FindSafe failed to localize: 'AIB[R] blocked=harass reason=no_target'
08/30 14:06:07 [Localization System] CLocalize::FindSafe failed to localize: 'AIB[R] intent=top-arbiter family=state winner=creep-work:38.8 losers=hero-over-creep:52,idle-heal:46,emergency-retreat:45,fwd-pullback:44,emergency-kill:43.5'
08/30 14:06:07 [Localization System] CLocalize::FindSafe failed to localize: 'AIB[D] blocked=recover-candidate reason=no_action_capped hp=44 score=44'
08/30 14:06:07 [Localization System] CLocalize::FindSafe failed to localize: 'AIB[D] blocked=hero-over-creep reason=no_target'
08/30 14:06:07 [Localization System] CLocalize::FindSafe failed to localize: 'AIB[D] blocked=emergency-kill reason=no_target'
08/30 14:06:07 [Localization System] CLocalize::FindSafe failed to localize: 'AIB[D] blocked=uphill-repo reason=low_hp_hold'
08/30 14:06:07 [Localization System] CLocalize::FindSafe failed to localize: 'AIB[D] blocked=harass reason=regen_wanted'
08/30 14:06:07 [Localization System] CLocalize::FindSafe failed to localize: 'AIB[D] blocked=ability-harass reason=nothing_castable'
08/30 14:06:07 [Localization System] CLocalize::FindSafe failed to localize: 'AIB[R] intent=state-desire-last-hit family=farm dist=417 reason=killable_creep score=140'
08/30 14:06:07 [Localization System] CLocalize::FindSafe failed to localize: 'AIB[D] blocked=uphill-repo reason=motor_busy'
08/30 14:06:07 [Localization System] CLocalize::FindSafe failed to localize: 'AIB[R] blocked=ability-harass reason=nothing_castable'
08/30 14:06:07 [Localization System] CLocalize::FindSafe failed to localize: 'AIB[R] blocked=visual-hold reason=creep_in_range held=2.1 hp=81 repeat=1 hard=false'
08/30 14:06:07 [Localization System] CLocalize::FindSafe failed to localize: 'AIB[R] intent=tick-owner family=other stage=desire/visual-hold reason=ready score=20 band=position'
08/30 14:06:08 [Localization System] CLocalize::FindSafe failed to localize: 'AIB[R] intent=wave-watch-work family=other lh=9 idle=7 creep_hp=60 dist=417'
08/30 14:06:08 [Localization System] CLocalize::FindSafe failed to localize: 'AIB[D] blocked=uphill-repo reason=not_trading'
08/30 14:06:08 [Localization System] CLocalize::FindSafe failed to localize: 'AIB[D] intent=top-arbiter family=state winner=creep-work:38.6 losers=safe-cs:56,hero-over-creep:52,idle-heal:46,emergency-retreat:45,fwd-pullback:44'
08/30 14:06:08 [Localization System] CLocalize::FindSafe failed to localize: 'AIB[R] intent=top-arbiter family=state winner=wave-watch:10 losers=hero-over-creep:52,idle-heal:46,emergency-retreat:45,fwd-pullback:44,emergency-kill:43.5'
08/30 14:06:08 [Localization System] CLocalize::FindSafe failed to localize: 'AIB[D] intent=melee-pack-space family=safety count=2 dist=144'
08/30 14:06:08 [Localization System] CLocalize::FindSafe failed to localize: 'AIB[D] intent=tick-owner family=other stage=desire/ranged-spacing reason=ready score=41 band=lanework'
08/30 14:06:09 [Localization System] CLocalize::FindSafe failed to localize: 'AIB[R] blocked=recovery-buy reason=flask_in_inventory hp=81'
08/30 14:06:09 [Localization System] CLocalize::FindSafe failed to localize: 'AIB[D] blocked=recovery-buy reason=budget_cap hp=45 gold=362 count=3 allow=2'
08/30 14:06:09 [Localization System] CLocalize::FindSafe failed to localize: 'AIB[D] intent=cs-watchdog family=farm lh=7 idle=21 creep_hp=382 dist=517'
08/30 14:06:09 [Localization System] CLocalize::FindSafe failed to localize: 'AIB[R] intent=state-desire-fight family=state base=78 hp_adv=8 execute=20 dist=827 hp=64 ehp=45 reason=enemy_seen score=106'
08/30 14:06:09 [Localization System] CLocalize::FindSafe failed to localize: 'AIB[R] blocked=ability-pressure reason=nothing_castable'
08/30 14:06:09 [Localization System] CLocalize::FindSafe failed to localize: 'AIB[R] blocked=top-arbiter reason=empty_action winner=fight score=106'
08/30 14:06:09 [Localization System] CLocalize::FindSafe failed to localize: 'AIB[D] intent=top-arbiter family=state winner=creep-work:38.6 losers=safe-cs:56,hero-over-creep:52,idle-heal:46,emergency-retreat:45,fwd-pullback:44'
08/30 14:06:10 [Localization System] CLocalize::FindSafe failed to localize: 'AIB[R] blocked=hero-over-creep reason=no_target'
08/30 14:06:10 [Localization System] CLocalize::FindSafe failed to localize: 'AIB[R] blocked=emergency-kill reason=no_target'
08/30 14:06:10 [Localization System] CLocalize::FindSafe failed to localize: 'AIB[R] blocked=uphill-repo reason=no_reposition'
08/30 14:06:10 [Localization System] CLocalize::FindSafe failed to localize: 'AIB[R] blocked=harass reason=no_target'
08/30 14:06:10 [Localization System] CLocalize::FindSafe failed to localize: 'AIB[R] intent=tick-owner family=other stage=laning-core'
08/30 14:06:10 [Localization System] CLocalize::FindSafe failed to localize: 'AIB[R] blocked=visual-hold reason=creep_in_range held=4.3 hp=64 repeat=3 hard=true'
08/30 14:06:10 [Localization System] CLocalize::FindSafe failed to localize: 'AIB[R] intent=top-arbiter family=state winner=visual-hold:20 losers=fight:106,hero-over-creep:52,idle-heal:46,emergency-retreat:45,fwd-pullback:44'
08/30 14:06:10 [Localization System] CLocalize::FindSafe failed to localize: 'AIB[D] blocked=hero-over-creep reason=no_target'
08/30 14:06:10 [Localization System] CLocalize::FindSafe failed to localize: 'AIB[D] blocked=emergency-kill reason=no_target'
08/30 14:06:10 [Localization System] CLocalize::FindSafe failed to localize: 'AIB[D] blocked=harass reason=regen_wanted'
08/30 14:06:10 [Localization System] CLocalize::FindSafe failed to localize: 'AIB[R] t=117s hp=64% gold=538 loc=-568,-472 enemy-dist=808 lh=10 dn=0 dg=+42 dlh=+1 bottle=-1 lvl=3 front=8771 ehp=46'
08/30 14:06:10 [Localization System] CLocalize::FindSafe failed to localize: 'AIB[D] t=117s hp=46% gold=403 loc=2,100 enemy-dist=808 lh=7 dn=0 dg=+46 dlh=+1 bottle=-1 lvl=3 front=9778 ehp=64'
08/30 14:06:11 [Localization System] CLocalize::FindSafe failed to localize: 'AIB[D] intent=tick-owner family=other stage=laning-core'
08/30 14:06:11 [Localization System] CLocalize::FindSafe failed to localize: 'AIB[D] blocked=buy-loop reason=saving target=item_bottle head=item_bottle cost=675 gold=403 left=1'
08/30 14:06:11 [Localization System] CLocalize::FindSafe failed to localize: 'AIB[R] blocked=buy-loop reason=saving target=item_bottle head=item_bottle cost=675 gold=538 left=1'
08/30 14:06:11 [Localization System] CLocalize::FindSafe failed to localize: 'AIB[R] blocked=ability-harass reason=nothing_castable'
08/30 14:06:11 [Localization System] CLocalize::FindSafe failed to localize: 'AIB[D] blocked=ability-harass reason=nothing_castable'
08/30 14:06:11 [Localization System] CLocalize::FindSafe failed to localize: 'AIB[R] intent=hero-contact family=fight dist=726 hp=64 reason=close_enemy'
08/30 14:06:11 [Localization System] CLocalize::FindSafe failed to localize: 'AIB[D] intent=own-ranged-lead family=other lead=134 count=2'
08/30 14:06:11 [Localization System] CLocalize::FindSafe failed to localize: 'AIB[D] intent=top-arbiter family=state winner=wave-watch:10 losers=safe-cs:56,hero-over-creep:52,idle-heal:46,emergency-retreat:45,fwd-pullback:44'
08/30 14:06:11 [Localization System] CLocalize::FindSafe failed to localize: 'AIB[R] intent=state-desire-fight family=state base=78 hp_adv=8 execute=20 dist=787 hp=65 ehp=46 hyst=18 reason=enemy_seen score=124'
08/30 14:06:11 [Localization System] CLocalize::FindSafe failed to localize: 'AIB[R] blocked=top-arbiter reason=empty_action winner=fight score=124'
08/30 14:06:11 [Localization System] CLocalize::FindSafe failed to localize: 'AIB[R] intent=top-arbiter family=state winner=creep-work:38.8 losers=fight:106,hero-over-creep:52,idle-heal:46,emergency-retreat:45,fwd-pullback:44'
08/30 14:06:12 [Localization System] CLocalize::FindSafe failed to localize: 'AIB[R] blocked=hero-contact reason=refractory since=0.17'
08/30 14:06:12 [Localization System] CLocalize::FindSafe failed to localize: 'AIB[R] intent=hero-pass family=fight dist=695 hp=65 reason=nearby_enemy'
08/30 14:06:12 [Localization System] CLocalize::FindSafe failed to localize: 'AIB[R] intent=tick-owner family=other stage=fight intent=hero-pass'
08/30 14:06:12 [Localization System] CLocalize::FindSafe failed to localize: 'AIB[D] blocked=hero-prio-chase reason=lane_work dist=644 cs=true creep=true hp_adv=false kill_pressure=false close=false low_farm=false lane_override=false'
08/30 14:06:12 [Localization System] CLocalize::FindSafe failed to localize: 'AIB[D] blocked=harass reason=no_target'
08/30 14:06:12 [Localization System] CLocalize::FindSafe failed to localize: 'AIB[D] intent=recovery-policy family=recover action=recover hp=28 gate=35 source=early-low'
08/30 14:06:12 [Localization System] CLocalize::FindSafe failed to localize: 'AIB[D] intent=state-recover-xp family=state ttl=2 reason=regen_lane hp=28 dist=714'
08/30 14:06:12 [Localization System] CLocalize::FindSafe failed to localize: 'AIB[R] intent=recovery-plan family=recover action=flask reason=inventory hp=65'
08/30 14:06:12 [Localization System] CLocalize::FindSafe failed to localize: 'AIB[D] blocked=channel-interrupt reason=unsafe dist=664 hp=28 kind=heal'
08/30 14:06:13 [Localization System] CLocalize::FindSafe failed to localize: 'AIB[D] intent=tick-owner family=other stage=laning-core'
08/30 14:06:13 [Localization System] CLocalize::FindSafe failed to localize: 'AIB[R] intent=kill-lock family=fight dist=988 ehp=28 hp=67 exec=false atk=true mutual=false reason=killable_enemy'
08/30 14:06:13 [Localization System] CLocalize::FindSafe failed to localize: 'AIB[D] intent=recovery-plan family=recover action=back reason=post_fight_regen hp=28'
08/30 14:06:14 [Localization System] CLocalize::FindSafe failed to localize: 'AIB[D] intent=recovery-owner family=recover band=soft threat=true mode=safe-step hp=29'
08/30 14:06:14 [Localization System] CLocalize::FindSafe failed to localize: 'AIB[R] intent=tick-owner family=other stage=laning-core'
08/30 14:06:14 [Localization System] CLocalize::FindSafe failed to localize: 'AIB[R] blocked=hero-over-creep reason=no_target'
08/30 14:06:14 [Localization System] CLocalize::FindSafe failed to localize: 'AIB[R] blocked=emergency-kill reason=no_target'
08/30 14:06:14 [Localization System] CLocalize::FindSafe failed to localize: 'AIB[R] blocked=uphill-repo reason=no_reposition'
08/30 14:06:14 [Localization System] CLocalize::FindSafe failed to localize: 'AIB[R] blocked=harass reason=own_heal_running'
08/30 14:06:14 [Localization System] CLocalize::FindSafe failed to localize: 'AIB[R] intent=top-arbiter family=state winner=creep-work:38.8 losers=hero-over-creep:52,idle-heal:46,emergency-retreat:45,fwd-pullback:44,emergency-kill:43.5'
08/30 14:06:14 [Localization System] CLocalize::FindSafe failed to localize: 'AIB[D] intent=recovery-policy family=recover action=recover hp=29 gate=35 source=early-low'
08/30 14:06:15 [Localization System] CLocalize::FindSafe failed to localize: 'AIB[D] intent=tick-owner family=other stage=laning-core'
08/30 14:06:15 [Localization System] CLocalize::FindSafe failed to localize: 'AIB[R] intent=damage-by-source family=other creep=94 tower=0 hero=669 mixed=115 death=0 other=123 stale=25 gaps=1'
08/30 14:06:15 [Localization System] CLocalize::FindSafe failed to localize: 'AIB[D] intent=damage-by-source family=other creep=237 tower=0 hero=906 mixed=218 death=0 other=0 stale=50 gaps=1'
08/30 14:06:15 [Localization System] CLocalize::FindSafe failed to localize: 'AIB[R] t=122s hp=80% gold=524 loc=-321,-320 lh=11 dn=0 dg=-14 dlh=+1 bottle=-1 lvl=3 front=8771 ehp=-1'
08/30 14:06:15 [Localization System] CLocalize::FindSafe failed to localize: 'AIB[R] intent=top-arbiter family=state winner=creep-work:38.8 losers=hero-over-creep:52,idle-heal:46,emergency-retreat:45,fwd-pullback:44,emergency-kill:43.5'
08/30 14:06:16 [Localization System] CLocalize::FindSafe failed to localize: 'AIB[D] t=122s hp=30% gold=310 loc=657,535 enemy-dist=1299 lh=7 dn=0 dg=-93 dlh=+0 bottle=-1 lvl=3 front=9732 ehp=81'
08/30 14:06:16 [Localization System] CLocalize::FindSafe failed to localize: 'AIB[R] intent=tick-owner family=other stage=laning-core'
08/30 14:06:16 [Localization System] CLocalize::FindSafe failed to localize: 'AIB[D] intent=recovery-policy family=recover action=recover hp=31 gate=35 source=early-low'
08/30 14:06:17 [Localization System] CLocalize::FindSafe failed to localize: 'AIB[D] intent=tick-owner family=other stage=laning-core'
08/30 14:06:17 [Localization System] CLocalize::FindSafe failed to localize: 'AIB[R] intent=state-desire-last-hit family=farm dist=146 reason=killable_creep score=140'
08/30 14:06:17 [Localization System] CLocalize::FindSafe failed to localize: 'AIB[R] intent=top-arbiter family=state winner=last-hit:158 losers=hero-over-creep:52,cs-inrange:50,idle-heal:46,emergency-retreat:45,fwd-pullback:44'
08/30 14:06:17 [Localization System] CLocalize::FindSafe failed to localize: 'AIB[D] intent=state-desire-recover family=state base=74 danger=28 hp=31 reason=hp_gate score=102'
08/30 14:06:17 [Localization System] CLocalize::FindSafe failed to localize: 'AIB[D] blocked=top-arbiter reason=empty_action winner=recover score=102'
08/30 14:06:17 [Localization System] CLocalize::FindSafe failed to localize: 'AIB[D] blocked=hero-over-creep reason=no_target'
08/30 14:06:17 [Localization System] CLocalize::FindSafe failed to localize: 'AIB[D] blocked=emergency-kill reason=no_target'
08/30 14:06:17 [Localization System] CLocalize::FindSafe failed to localize: 'AIB[D] blocked=uphill-repo reason=low_hp_hold'
08/30 14:06:17 [Localization System] CLocalize::FindSafe failed to localize: 'AIB[D] blocked=harass reason=regen_wanted'
08/30 14:06:17 [Localization System] CLocalize::FindSafe failed to localize: 'AIB[D] blocked=ability-harass reason=nothing_castable'
08/30 14:06:17 [Localization System] CLocalize::FindSafe failed to localize: 'AIB[D] intent=top-arbiter family=state winner=anti-idle:2 losers=recover:102,safe-cs:56,hero-over-creep:52,idle-heal:46,emergency-retreat:45'
08/30 14:06:17 [Localization System] CLocalize::FindSafe failed to localize: 'AIB[R] blocked=hero-over-creep reason=no_target'
08/30 14:06:17 [Localization System] CLocalize::FindSafe failed to localize: 'AIB[R] blocked=emergency-kill reason=no_target'
08/30 14:06:17 [Localization System] CLocalize::FindSafe failed to localize: 'AIB[R] blocked=uphill-repo reason=no_reposition'
08/30 14:06:18 [Localization System] CLocalize::FindSafe failed to localize: 'AIB[R] intent=tick-owner family=other stage=laning-core'
08/30 14:06:18 [Localization System] CLocalize::FindSafe failed to localize: 'AIB[D] intent=recovery-plan family=recover action=back reason=post_fight_regen hp=32'
08/30 14:06:18 [Localization System] CLocalize::FindSafe failed to localize: 'AIB[D] intent=state-recover-xp family=state ttl=5 reason=post_fight_regen hp=32 dist=105'
08/30 14:06:18 [Localization System] CLocalize::FindSafe failed to localize: 'AIB[R] blocked=harass reason=own_heal_running'
08/30 14:06:18 [Localization System] CLocalize::FindSafe failed to localize: 'AIB[D] intent=recovery-policy family=recover action=recover hp=32 gate=35 source=early-low'
08/30 14:06:18 [Localization System] CLocalize::FindSafe failed to localize: 'AIB[R] intent=top-arbiter family=state winner=creep-work:38.8 losers=hero-over-creep:52,idle-heal:46,emergency-retreat:45,fwd-pullback:44,emergency-kill:43.5'
08/30 14:06:19 [Localization System] CLocalize::FindSafe failed to localize: 'AIB[D] blocked=recovery-flask reason=already_healing hp=33'
08/30 14:06:19 [Localization System] CLocalize::FindSafe failed to localize: 'AIB[D] blocked=buy-loop reason=saving target=item_bottle head=item_bottle cost=675 gold=315 left=1'
08/30 14:06:19 [Localization System] CLocalize::FindSafe failed to localize: 'AIB[R] blocked=buy-loop reason=saving target=item_bottle head=item_bottle cost=675 gold=529 left=1'
08/30 14:06:19 [Localization System] CLocalize::FindSafe failed to localize: 'AIB[D] intent=state-desire-recover family=state base=74 danger=28 hp=33 reason=hp_gate score=102'
08/30 14:06:19 [Localization System] CLocalize::FindSafe failed to localize: 'AIB[D] blocked=top-arbiter reason=empty_action winner=recover score=102'
08/30 14:06:19 [Localization System] CLocalize::FindSafe failed to localize: 'AIB[D] blocked=harass reason=own_heal_running'
08/30 14:06:19 [Localization System] CLocalize::FindSafe failed to localize: 'AIB[D] intent=top-arbiter family=state winner=anti-idle:2 losers=recover:102,safe-cs:56,hero-over-creep:52,idle-heal:46,emergency-retreat:45'
08/30 14:06:19 [Localization System] CLocalize::FindSafe failed to localize: 'AIB[D] intent=tick-owner family=other stage=laning-core'
08/30 14:06:19 [Localization System] CLocalize::FindSafe failed to localize: 'AIB[D] blocked=recover-candidate reason=no_action_capped hp=35 score=44'
08/30 14:06:19 [Localization System] CLocalize::FindSafe failed to localize: 'AIB[D] blocked=visual-hold reason=empty held=2.2 hp=35 repeat=2 hard=false'
08/30 14:06:20 [Localization System] CLocalize::FindSafe failed to localize: 'AIB[R] intent=tick-owner family=other stage=laning-core'
08/30 14:06:20 [Localization System] CLocalize::FindSafe failed to localize: 'AIB[D] blocked=hero-over-creep reason=no_target'
08/30 14:06:20 [Localization System] CLocalize::FindSafe failed to localize: 'AIB[D] blocked=emergency-kill reason=no_target'
08/30 14:06:20 [Localization System] CLocalize::FindSafe failed to localize: 'AIB[D] blocked=uphill-repo reason=low_hp_hold'
08/30 14:06:20 [Localization System] CLocalize::FindSafe failed to localize: 'AIB[D] blocked=ability-harass reason=nothing_castable'
08/30 14:06:20 [Localization System] CLocalize::FindSafe failed to localize: 'AIB[R] intent=top-arbiter family=state winner=creep-work:38.8 losers=hero-over-creep:52,idle-heal:46,emergency-retreat:45,fwd-pullback:44,emergency-kill:43.5'
08/30 14:06:20 [Localization System] CLocalize::FindSafe failed to localize: 'AIB[R] blocked=hero-over-creep reason=no_target'
08/30 14:06:20 [Localization System] CLocalize::FindSafe failed to localize: 'AIB[R] blocked=emergency-kill reason=no_target'
08/30 14:06:20 [Localization System] CLocalize::FindSafe failed to localize: 'AIB[R] blocked=uphill-repo reason=no_reposition'
08/30 14:06:20 [Localization System] CLocalize::FindSafe failed to localize: 'AIB[R] t=127s hp=100% gold=532 loc=-321,-320 lh=11 dn=0 dg=+8 dlh=+0 bottle=-1 lvl=3 front=9150 ehp=-1'
08/30 14:06:20 [Localization System] CLocalize::FindSafe failed to localize: 'AIB[R] intent=state-desire-last-hit family=farm dist=567 reason=killable_creep score=140'
08/30 14:06:20 [Localization System] CLocalize::FindSafe failed to localize: 'AIB[D] intent=top-arbiter family=state winner=creep-work:38.6 losers=safe-cs:56,hero-over-creep:52,idle-heal:46,emergency-retreat:45,fwd-pullback:44'
08/30 14:06:21 [Localization System] CLocalize::FindSafe failed to localize: 'AIB[D] t=127s hp=43% gold=318 loc=677,537 enemy-dist=1305 lh=7 dn=0 dg=+8 dlh=+0 bottle=-1 lvl=3 front=9318 ehp=100'
08/30 14:06:21 [Localization System] CLocalize::FindSafe failed to localize: 'AIB[D] intent=tick-owner family=other stage=laning-core'
08/30 14:06:21 [Localization System] CLocalize::FindSafe failed to localize: 'AIB[R] blocked=ability-harass reason=nothing_castable'
08/30 14:06:21 [Localization System] CLocalize::FindSafe failed to localize: 'AIB[D] blocked=uphill-repo reason=no_reposition'
08/30 14:06:21 [Localization System] CLocalize::FindSafe failed to localize: 'AIB[D] intent=wave-watch-work family=other lh=7 idle=10 creep_hp=74 dist=774'
08/30 14:06:21 [Localization System] CLocalize::FindSafe failed to localize: 'AIB[D] blocked=uphill-repo reason=not_trading'
08/30 14:06:21 [Localization System] CLocalize::FindSafe failed to localize: 'AIB[D] blocked=channel-interrupt reason=unsafe dist=1052 hp=47 kind=heal'
08/30 14:06:22 [Localization System] CLocalize::FindSafe failed to localize: 'AIB[R] intent=top-arbiter family=state winner=last-hit:158 losers=hero-over-creep:52,idle-heal:46,emergency-retreat:45,fwd-pullback:44,emergency-kill:43.5'
08/30 14:06:22 [Localization System] CLocalize::FindSafe failed to localize: 'AIB[R] intent=tick-owner family=other stage=laning-core'
08/30 14:06:22 [Localization System] CLocalize::FindSafe failed to localize: 'AIB[R] intent=state-desire-last-hit family=farm dist=557 hyst=18 reason=killable_creep score=158'
08/30 14:06:22 [Localization System] CLocalize::FindSafe failed to localize: 'AIB[R] blocked=harass reason=own_heal_running'
08/30 14:06:22 [Localization System] CLocalize::FindSafe failed to localize: 'AIB[D] intent=top-arbiter family=state winner=anti-idle:2 losers=safe-cs:56,hero-over-creep:52,idle-heal:46,emergency-retreat:45,fwd-pullback:44'
08/30 14:06:23 [Localization System] CLocalize::FindSafe failed to localize: 'AIB[D] blocked=recovery-flask reason=already_healing hp=53'
08/30 14:06:23 [Localization System] CLocalize::FindSafe failed to localize: 'AIB[D] blocked=harass reason=own_heal_running'
08/30 14:06:23 [Localization System] CLocalize::FindSafe failed to localize: 'AIB[D] intent=tick-owner family=other stage=laning-core'
08/30 14:06:23 [Localization System] CLocalize::FindSafe failed to localize: 'AIB[D] blocked=hero-over-creep reason=no_target'
08/30 14:06:23 [Localization System] CLocalize::FindSafe failed to localize: 'AIB[D] blocked=emergency-kill reason=no_target'
08/30 14:06:23 [Localization System] CLocalize::FindSafe failed to localize: 'AIB[D] blocked=ability-harass reason=nothing_castable'
08/30 14:06:23 [Localization System] CLocalize::FindSafe failed to localize: 'AIB[R] blocked=hero-over-creep reason=no_target'
08/30 14:06:23 [Localization System] CLocalize::FindSafe failed to localize: 'AIB[R] blocked=emergency-kill reason=no_target'
08/30 14:06:23 [Localization System] CLocalize::FindSafe failed to localize: 'AIB[R] blocked=uphill-repo reason=no_reposition'
08/30 14:06:24 [Localization System] CLocalize::FindSafe failed to localize: 'AIB[R] intent=top-arbiter family=state winner=anti-idle:2 losers=hero-over-creep:52,idle-heal:46,emergency-retreat:45,fwd-pullback:44,emergency-kill:43.5'
08/30 14:06:24 [Localization System] CLocalize::FindSafe failed to localize: 'AIB[D] intent=top-arbiter family=state winner=anti-idle:2 losers=hero-over-creep:52,idle-heal:46,emergency-retreat:45,fwd-pullback:44,emergency-kill:43.5'
08/30 14:06:24 [Localization System] CLocalize::FindSafe failed to localize: 'AIB[R] intent=tick-owner family=other stage=desire/creep-work reason=ready score=39 band=lanework'
08/30 14:06:24 [Localization System] CLocalize::FindSafe failed to localize: 'AIB[D] blocked=uphill-repo reason=no_reposition'
08/30 14:06:25 [Localization System] CLocalize::FindSafe failed to localize: 'AIB[R] blocked=ability-harass reason=nothing_castable'
08/30 14:06:25 [Localization System] CLocalize::FindSafe failed to localize: 'AIB[R] blocked=harass reason=no_target'
08/30 14:06:25 [Localization System] CLocalize::FindSafe failed to localize: 'AIB[R] intent=lane-line-episode family=other dist=234 fwd=0.55'
08/30 14:06:25 [Localization System] CLocalize::FindSafe failed to localize: 'AIB[R] intent=top-arbiter family=state winner=lane-line:18 losers=hero-over-creep:52,idle-heal:46,emergency-retreat:45,fwd-pullback:44,emergency-kill:43.5'
08/30 14:06:25 [Localization System] CLocalize::FindSafe failed to localize: 'AIB[R] blocked=uphill-repo reason=motor_busy'
08/30 14:06:26 [Localization System] CLocalize::FindSafe failed to localize: 'AIB[R] t=132s hp=100% gold=540 loc=-278,-191 lh=11 dn=0 dg=+8 dlh=+0 bottle=-1 lvl=3 front=9373 ehp=-1'
08/30 14:06:26 [Localization System] CLocalize::FindSafe failed to localize: 'AIB[D] t=132s hp=69% gold=326 loc=948,726 enemy-dist=1572 lh=7 dn=1 dg=+8 dlh=+0 bottle=-1 lvl=3 front=8620 ehp=100'
08/30 14:06:26 [Localization System] CLocalize::FindSafe failed to localize: 'AIB[D] blocked=hero-over-creep reason=no_target'
08/30 14:06:26 [Localization System] CLocalize::FindSafe failed to localize: 'AIB[D] blocked=emergency-kill reason=no_target'
08/30 14:06:26 [Localization System] CLocalize::FindSafe failed to localize: 'AIB[D] blocked=ability-harass reason=nothing_castable'
08/30 14:06:26 [Localization System] CLocalize::FindSafe failed to localize: 'AIB[R] intent=tick-owner family=other stage=laning-core'
08/30 14:06:26 [Localization System] CLocalize::FindSafe failed to localize: 'AIB[R] blocked=hero-over-creep reason=no_target'
08/30 14:06:26 [Localization System] CLocalize::FindSafe failed to localize: 'AIB[R] blocked=emergency-kill reason=no_target'
08/30 14:06:26 [Localization System] CLocalize::FindSafe failed to localize: 'AIB[D] blocked=visual-hold reason=empty held=2.1 hp=72 repeat=3 hard=true'
08/30 14:06:26 [Localization System] CLocalize::FindSafe failed to localize: 'AIB[D] intent=top-arbiter family=state winner=visual-hold:20 losers=hero-over-creep:52,idle-heal:46,emergency-retreat:45,fwd-pullback:44,emergency-kill:43.5'
08/30 14:06:26 [Localization System] CLocalize::FindSafe failed to localize: 'AIB[D] intent=tick-owner family=other stage=desire/visual-hold reason=ready score=20 band=position'
08/30 14:06:27 [Server] PR:IncrementIdleTime 6:[I:0:0] 2.27
08/30 14:06:27 [Localization System] CLocalize::FindSafe failed to localize: 'AIB[D] blocked=buy-loop reason=saving target=item_bottle head=item_bottle cost=675 gold=327 left=1'
08/30 14:06:27 [Localization System] CLocalize::FindSafe failed to localize: 'AIB[R] blocked=buy-loop reason=saving target=item_bottle head=item_bottle cost=675 gold=541 left=1'
08/30 14:06:27 [Localization System] CLocalize::FindSafe failed to localize: 'AIB[R] intent=top-arbiter family=state winner=anti-idle:2 losers=hero-over-creep:52,idle-heal:46,emergency-retreat:45,fwd-pullback:44,emergency-kill:43.5'
08/30 14:06:27 [Localization System] CLocalize::FindSafe failed to localize: 'AIB[D] blocked=harass reason=own_heal_running'
08/30 14:06:27 [Localization System] CLocalize::FindSafe failed to localize: 'AIB[D] blocked=uphill-repo reason=no_reposition'
08/30 14:06:28 [Localization System] CLocalize::FindSafe failed to localize: 'AIB[R] blocked=ability-harass reason=nothing_castable'
08/30 14:06:28 [Localization System] CLocalize::FindSafe failed to localize: 'AIB[R] blocked=uphill-repo reason=no_reposition'
08/30 14:06:28 [Localization System] CLocalize::FindSafe failed to localize: 'AIB[R] blocked=harass reason=no_target'
08/30 14:06:28 [Localization System] CLocalize::FindSafe failed to localize: 'AIB[R] intent=tick-owner family=other stage=laning-core'
08/30 14:06:28 [Localization System] CLocalize::FindSafe failed to localize: 'AIB[R] intent=top-arbiter family=state winner=anti-idle:2 losers=hero-over-creep:52,idle-heal:46,emergency-retreat:45,fwd-pullback:44,emergency-kill:43.5'
08/30 14:06:29 [Localization System] CLocalize::FindSafe failed to localize: 'AIB[R] blocked=uphill-repo reason=motor_busy'
08/30 14:06:29 [Localization System] CLocalize::FindSafe failed to localize: 'AIB[D] blocked=hero-over-creep reason=no_target'
08/30 14:06:29 [Localization System] CLocalize::FindSafe failed to localize: 'AIB[D] blocked=emergency-kill reason=no_target'
08/30 14:06:29 [Localization System] CLocalize::FindSafe failed to localize: 'AIB[D] blocked=ability-harass reason=nothing_castable'
08/30 14:06:29 [Localization System] CLocalize::FindSafe failed to localize: 'AIB[D] blocked=cs-watchdog reason=no_creep lh=7 idle=18'
08/30 14:06:30 [Localization System] CLocalize::FindSafe failed to localize: 'AIB[R] blocked=hero-over-creep reason=no_target'
08/30 14:06:30 [Localization System] CLocalize::FindSafe failed to localize: 'AIB[R] blocked=emergency-kill reason=no_target'
08/30 14:06:30 [Localization System] CLocalize::FindSafe failed to localize: 'AIB[D] intent=top-arbiter family=state winner=anti-idle:2 losers=hero-over-creep:52,idle-heal:46,emergency-retreat:45,fwd-pullback:44,emergency-kill:43.5'
08/30 14:06:30 [Localization System] CLocalize::FindSafe failed to localize: 'AIB[D] intent=tick-owner family=other stage=desire/anti-idle reason=ready score=2 band=idle'
08/30 14:06:30 [Localization System] CLocalize::FindSafe failed to localize: 'AIB[R] intent=damage-by-source family=other creep=94 tower=0 hero=669 mixed=115 death=0 other=123 stale=25 gaps=1'
08/30 14:06:30 [Localization System] CLocalize::FindSafe failed to localize: 'AIB[R] intent=lane-line-episode family=other dist=268 fwd=0.32'
08/30 14:06:30 [Localization System] CLocalize::FindSafe failed to localize: 'AIB[R] intent=top-arbiter family=state winner=lane-line:18 losers=hero-over-creep:52,idle-heal:46,emergency-retreat:45,fwd-pullback:44,emergency-kill:43.5'
08/30 14:06:30 [Localization System] CLocalize::FindSafe failed to localize: 'AIB[D] intent=damage-by-source family=other creep=237 tower=0 hero=906 mixed=218 death=0 other=0 stale=50 gaps=1'
08/30 14:06:30 [Localization System] CLocalize::FindSafe failed to localize: 'AIB[D] blocked=uphill-repo reason=no_reposition'
08/30 14:06:30 [Localization System] CLocalize::FindSafe failed to localize: 'AIB[R] intent=tick-owner family=other stage=laning-core'
08/30 14:06:31 [Localization System] CLocalize::FindSafe failed to localize: 'AIB[R] t=137s hp=100% gold=547 loc=-997,-808 lh=11 dn=0 dg=+7 dlh=+0 bottle=-1 lvl=3 front=7699 ehp=-1'
08/30 14:06:31 [Localization System] CLocalize::FindSafe failed to localize: 'AIB[D] t=137s hp=94% gold=333 loc=642,510 lh=7 dn=1 dg=+7 dlh=+0 bottle=-1 lvl=3 front=9286 ehp=-1'
08/30 14:06:31 [Localization System] CLocalize::FindSafe failed to localize: 'AIB[R] blocked=ability-harass reason=nothing_castable'
08/30 14:06:31 [Localization System] CLocalize::FindSafe failed to localize: 'AIB[D] blocked=harass reason=own_heal_running'
08/30 14:06:31 [Localization System] CLocalize::FindSafe failed to localize: 'AIB[D] intent=top-arbiter family=state winner=anti-idle:2 losers=hero-over-creep:52,idle-heal:46,emergency-retreat:45,fwd-pullback:44,emergency-kill:43.5'
08/30 14:06:31 [Localization System] CLocalize::FindSafe failed to localize: 'AIB[R] blocked=harass reason=no_target'
08/30 14:06:31 [Localization System] CLocalize::FindSafe failed to localize: 'AIB[D] blocked=harass reason=no_target'
08/30 14:06:31 [Localization System] CLocalize::FindSafe failed to localize: 'AIB[D] intent=lane-line-episode family=other dist=1175 fwd=0.46'
08/30 14:06:31 [Localization System] CLocalize::FindSafe failed to localize: 'AIB[R] intent=top-arbiter family=state winner=lane-line:18 losers=hero-over-creep:52,idle-heal:46,emergency-retreat:45,fwd-pullback:44,emergency-kill:43.5'
08/30 14:06:32 [Localization System] CLocalize::FindSafe failed to localize: 'AIB[D] blocked=uphill-repo reason=motor_busy'
08/30 14:06:32 [Localization System] CLocalize::FindSafe failed to localize: 'AIB[R] blocked=uphill-repo reason=motor_busy'
08/30 14:06:32 [Localization System] CLocalize::FindSafe failed to localize: 'AIB[D] intent=tick-owner family=other stage=laning-core'
08/30 14:06:32 [Localization System] CLocalize::FindSafe failed to localize: 'AIB[R] blocked=wave-watch reason=not_finishable creep_hp=550 dist=609 idle=11'
08/30 14:06:32 [Localization System] CLocalize::FindSafe failed to localize: 'AIB[D] blocked=hero-prio-chase reason=lane_work dist=1306 cs=false creep=false hp_adv=false kill_pressure=false close=false low_farm=false lane_override=false'
08/30 14:06:32 [Localization System] CLocalize::FindSafe failed to localize: 'AIB[R] intent=own-ranged-lead family=other lead=371 count=2'
08/30 14:06:32 [Localization System] CLocalize::FindSafe failed to localize: 'AIB[D] blocked=hero-over-creep reason=no_target'
08/30 14:06:32 [Localization System] CLocalize::FindSafe failed to localize: 'AIB[D] blocked=emergency-kill reason=no_target'
08/30 14:06:32 [Localization System] CLocalize::FindSafe failed to localize: 'AIB[D] blocked=ability-harass reason=nothing_castable'
08/30 14:06:32 [Localization System] CLocalize::FindSafe failed to localize: 'AIB[R] intent=tick-owner family=other stage=laning-core'
08/30 14:06:33 [Localization System] CLocalize::FindSafe failed to localize: 'AIB[R] blocked=hero-over-creep reason=no_target'
08/30 14:06:33 [Localization System] CLocalize::FindSafe failed to localize: 'AIB[R] blocked=emergency-kill reason=no_target'
08/30 14:06:33 [Localization System] CLocalize::FindSafe failed to localize: 'AIB[D] intent=top-arbiter family=state winner=lane-line:18 losers=hero-over-creep:52,idle-heal:46,emergency-retreat:45,fwd-pullback:44,emergency-kill:43.5'
08/30 14:06:33 [Localization System] CLocalize::FindSafe failed to localize: 'AIB[R] intent=top-arbiter family=state winner=wave-watch:10 losers=hero-over-creep:52,idle-heal:46,emergency-retreat:45,fwd-pullback:44,emergency-kill:43.5'
08/30 14:06:33 [Localization System] CLocalize::FindSafe failed to localize: 'AIB[R] blocked=uphill-repo reason=no_reposition'
08/30 14:06:33 [Localization System] CLocalize::FindSafe failed to localize: 'AIB[D] intent=cs-watchdog family=farm lh=7 idle=22 creep_hp=550 dist=859'
08/30 14:06:34 [Localization System] CLocalize::FindSafe failed to localize: 'AIB[D] intent=tick-owner family=other stage=laning-core'
08/30 14:06:34 [Localization System] CLocalize::FindSafe failed to localize: 'AIB[R] blocked=uphill-repo reason=not_trading'
08/30 14:06:34 [Localization System] CLocalize::FindSafe failed to localize: 'AIB[R] blocked=ability-harass reason=nothing_castable'
08/30 14:06:34 [Localization System] CLocalize::FindSafe failed to localize: 'AIB[D] blocked=wave-watch reason=not_finishable creep_hp=300 dist=837 idle=24'
08/30 14:06:34 [Localization System] CLocalize::FindSafe failed to localize: 'AIB[D] intent=top-arbiter family=state winner=wave-watch:10 losers=hero-over-creep:52,idle-heal:46,emergency-retreat:45,fwd-pullback:44,emergency-kill:43.5'
08/30 14:06:34 [Localization System] CLocalize::FindSafe failed to localize: 'AIB[R] blocked=harass reason=no_target'
08/30 14:06:34 [Localization System] CLocalize::FindSafe failed to localize: 'AIB[R] intent=tick-owner family=other stage=laning-core'
08/30 14:06:34 [Localization System] CLocalize::FindSafe failed to localize: 'AIB[D] blocked=recovery-buy reason=flask_in_inventory hp=98'
08/30 14:06:34 [Localization System] CLocalize::FindSafe failed to localize: 'AIB[D] intent=melee-pack-space family=safety count=3 dist=149'
08/30 14:06:35 [Localization System] CLocalize::FindSafe failed to localize: 'AIB[D] blocked=buy-loop reason=saving target=item_bottle head=item_bottle cost=675 gold=339 left=1'
08/30 14:06:35 [Localization System] CLocalize::FindSafe failed to localize: 'AIB[R] blocked=buy-loop reason=saving target=item_bottle head=item_bottle cost=675 gold=553 left=1'
08/30 14:06:35 [Localization System] CLocalize::FindSafe failed to localize: 'AIB[D] blocked=uphill-repo reason=motor_busy'
08/30 14:06:35 [Localization System] CLocalize::FindSafe failed to localize: 'AIB[R] blocked=recovery-buy reason=flask_in_inventory hp=100'
08/30 14:06:35 [Localization System] CLocalize::FindSafe failed to localize: 'AIB[R] intent=top-arbiter family=state winner=wave-watch:10 losers=hero-over-creep:52,idle-heal:46,emergency-retreat:45,fwd-pullback:44,emergency-kill:43.5'
08/30 14:06:35 [Localization System] CLocalize::FindSafe failed to localize: 'AIB[R] blocked=wave-watch reason=not_finishable creep_hp=300 dist=846 idle=14'
08/30 14:06:35 [Localization System] CLocalize::FindSafe failed to localize: 'AIB[D] blocked=hero-over-creep reason=no_target'
08/30 14:06:35 [Localization System] CLocalize::FindSafe failed to localize: 'AIB[D] blocked=emergency-kill reason=no_target'
08/30 14:06:36 [Localization System] CLocalize::FindSafe failed to localize: 'AIB[R] t=142s hp=100% gold=555 loc=-902,-687 enemy-dist=772 lh=11 dn=0 dg=+8 dlh=+0 bottle=-1 lvl=3 front=8408 ehp=99'
08/30 14:06:36 [Localization System] CLocalize::FindSafe failed to localize: 'AIB[R] blocked=hero-over-creep reason=no_target'
08/30 14:06:36 [Localization System] CLocalize::FindSafe failed to localize: 'AIB[R] blocked=emergency-kill reason=no_target'
08/30 14:06:36 [Localization System] CLocalize::FindSafe failed to localize: 'AIB[D] intent=top-arbiter family=state winner=harass:40 losers=hero-over-creep:52,idle-heal:46,emergency-retreat:45,fwd-pullback:44,emergency-kill:43.5'
08/30 14:06:36 [Localization System] CLocalize::FindSafe failed to localize: 'AIB[D] t=142s hp=99% gold=341 loc=-321,-192 enemy-dist=764 lh=7 dn=1 dg=+8 dlh=+0 bottle=-1 lvl=3 front=10111 ehp=100'
08/30 14:06:36 [Localization System] CLocalize::FindSafe failed to localize: 'AIB[D] intent=tick-owner family=other stage=laning-core'
08/30 14:06:36 [Localization System] CLocalize::FindSafe failed to localize: 'AIB[R] blocked=visual-hold reason=creep_in_range held=2.1 hp=100 repeat=5 hard=true'
08/30 14:06:36 [Server] PR:IncrementIdleTime 1:[I:0:0] 2.27
08/30 14:06:36 [Localization System] CLocalize::FindSafe failed to localize: 'AIB[R] intent=top-arbiter family=state winner=wave-watch:10 losers=hero-over-creep:52,idle-heal:46,emergency-retreat:45,fwd-pullback:44,emergency-kill:43.5'
08/30 14:06:36 [Localization System] CLocalize::FindSafe failed to localize: 'AIB[R] intent=tick-owner family=other stage=laning-core'
08/30 14:06:37 [Localization System] CLocalize::FindSafe failed to localize: 'AIB[R] intent=state-desire-last-hit family=farm dist=411 reason=killable_creep score=140'
08/30 14:06:37 [Localization System] CLocalize::FindSafe failed to localize: 'AIB[D] intent=top-arbiter family=state winner=harass:40 losers=hero-over-creep:52,idle-heal:46,emergency-retreat:45,fwd-pullback:44,emergency-kill:43.5'
08/30 14:06:38 [Localization System] CLocalize::FindSafe failed to localize: 'AIB[D] blocked=uphill-repo reason=motor_busy'
08/30 14:06:38 [Localization System] CLocalize::FindSafe failed to localize: 'AIB[R] blocked=uphill-repo reason=not_trading'
08/30 14:06:38 [Localization System] CLocalize::FindSafe failed to localize: 'AIB[R] blocked=harass reason=no_target'
08/30 14:06:38 [Localization System] CLocalize::FindSafe failed to localize: 'AIB[R] blocked=ability-harass reason=nothing_castable'
08/30 14:06:38 [Localization System] CLocalize::FindSafe failed to localize: 'AIB[R] intent=top-arbiter family=state winner=visual-hold:20 losers=hero-over-creep:52,idle-heal:46,emergency-retreat:45,fwd-pullback:44,emergency-kill:43.5'
08/30 14:06:38 [Localization System] CLocalize::FindSafe failed to localize: 'AIB[R] intent=wave-watch-work family=other lh=11 idle=17 creep_hp=20 dist=411'
08/30 14:06:38 [Localization System] CLocalize::FindSafe failed to localize: 'AIB[D] intent=tick-owner family=other stage=laning-core'
08/30 14:06:38 [Localization System] CLocalize::FindSafe failed to localize: 'AIB[D] blocked=hero-over-creep reason=no_target'
08/30 14:06:38 [Localization System] CLocalize::FindSafe failed to localize: 'AIB[D] blocked=emergency-kill reason=no_target'
08/30 14:06:39 [Localization System] CLocalize::FindSafe failed to localize: 'AIB[R] intent=tick-owner family=other stage=laning-core'
08/30 14:06:39 [Localization System] CLocalize::FindSafe failed to localize: 'AIB[R] blocked=hero-over-creep reason=no_target'
08/30 14:06:39 [Localization System] CLocalize::FindSafe failed to localize: 'AIB[R] blocked=emergency-kill reason=no_target'
08/30 14:06:39 [Localization System] CLocalize::FindSafe failed to localize: 'AIB[D] intent=top-arbiter family=state winner=harass:40 losers=hero-over-creep:52,idle-heal:46,emergency-retreat:45,fwd-pullback:44,emergency-kill:43.5'
08/30 14:06:39 [Localization System] CLocalize::FindSafe failed to localize: 'AIB[R] intent=cs-watchdog family=farm lh=12 idle=18 creep_hp=300 dist=846'
08/30 14:06:39 [Localization System] CLocalize::FindSafe failed to localize: 'AIB[R] blocked=visual-hold reason=creep_in_range held=5.2 hp=100 repeat=7 hard=true'
08/30 14:06:39 [Localization System] CLocalize::FindSafe failed to localize: 'AIB[R] intent=top-arbiter family=state winner=wave-watch:10 losers=hero-over-creep:52,idle-heal:46,emergency-retreat:45,fwd-pullback:44,emergency-kill:43.5'
08/30 14:06:40 [Localization System] CLocalize::FindSafe failed to localize: 'AIB[D] intent=tick-owner family=other stage=laning-core'
08/30 14:06:40 [Localization System] CLocalize::FindSafe failed to localize: 'AIB[D] intent=top-arbiter family=state winner=harass:40 losers=hero-over-creep:52,idle-heal:46,emergency-retreat:45,fwd-pullback:44,emergency-kill:43.5'
08/30 14:06:41 [Localization System] CLocalize::FindSafe failed to localize: 'AIB[R] blocked=uphill-repo reason=no_reposition'
08/30 14:06:41 [Localization System] CLocalize::FindSafe failed to localize: 'AIB[R] intent=melee-pack-space family=safety count=2 dist=159'
08/30 14:06:41 [Localization System] CLocalize::FindSafe failed to localize: 'AIB[R] intent=tick-owner family=other stage=desire/ranged-spacing reason=ready score=41 band=lanework'
08/30 14:06:41 [Localization System] CLocalize::FindSafe failed to localize: 'AIB[R] t=147s hp=100% gold=601 loc=-809,-607 enemy-dist=677 lh=12 dn=0 dg=+46 dlh=+1 bottle=-1 lvl=3 front=8408 ehp=100'
08/30 14:06:41 [Localization System] CLocalize::FindSafe failed to localize: 'AIB[D] blocked=uphill-repo reason=motor_busy'
08/30 14:06:41 [Localization System] CLocalize::FindSafe failed to localize: 'AIB[R] blocked=harass reason=no_target'
08/30 14:06:41 [Localization System] CLocalize::FindSafe failed to localize: 'AIB[R] blocked=ability-harass reason=nothing_castable'
08/30 14:06:41 [Localization System] CLocalize::FindSafe failed to localize: 'AIB[D] t=147s hp=100% gold=349 loc=-317,-183 enemy-dist=698 lh=7 dn=1 dg=+8 dlh=+0 bottle=-1 lvl=3 front=10096 ehp=100'
08/30 14:06:41 [Localization System] CLocalize::FindSafe failed to localize: 'AIB[R] intent=top-arbiter family=state winner=wave-watch:10 losers=hero-over-creep:52,idle-heal:46,emergency-retreat:45,fwd-pullback:44,emergency-kill:43.5'
08/30 14:06:42 [Localization System] CLocalize::FindSafe failed to localize: 'AIB[D] blocked=hero-over-creep reason=no_target'
08/30 14:06:42 [Localization System] CLocalize::FindSafe failed to localize: 'AIB[D] blocked=emergency-kill reason=no_target'
08/30 14:06:42 Script function 'Think' on bot npc_dota_hero_nevermore took 2.227ms
08/30 14:06:42 [Localization System] CLocalize::FindSafe failed to localize: 'AIB[R] blocked=hero-over-creep reason=no_target'
08/30 14:06:42 [Localization System] CLocalize::FindSafe failed to localize: 'AIB[R] blocked=emergency-kill reason=no_target'
08/30 14:06:42 [Localization System] CLocalize::FindSafe failed to localize: 'AIB[R] blocked=uphill-repo reason=not_trading'
08/30 14:06:42 [Localization System] CLocalize::FindSafe failed to localize: 'AIB[D] intent=top-arbiter family=state winner=harass:40 losers=hero-over-creep:52,idle-heal:46,emergency-retreat:45,fwd-pullback:44,emergency-kill:43.5'
08/30 14:06:42 [Localization System] CLocalize::FindSafe failed to localize: 'AIB[D] intent=tick-owner family=other stage=laning-core'
08/30 14:06:42 [Localization System] CLocalize::FindSafe failed to localize: 'AIB[D] blocked=recovery-buy reason=flask_in_inventory hp=100'
08/30 14:06:43 [Localization System] CLocalize::FindSafe failed to localize: 'AIB[D] blocked=buy-loop reason=saving target=item_bottle head=item_bottle cost=675 gold=351 left=1'
08/30 14:06:43 [Localization System] CLocalize::FindSafe failed to localize: 'AIB[R] blocked=buy-loop reason=saving target=item_bottle head=item_bottle cost=675 gold=604 left=1'
08/30 14:06:43 [Localization System] CLocalize::FindSafe failed to localize: 'AIB[R] intent=top-arbiter family=state winner=creep-work:38.8 losers=hero-over-creep:52,idle-heal:46,emergency-retreat:45,fwd-pullback:44,emergency-kill:43.5'
08/30 14:06:43 [Localization System] CLocalize::FindSafe failed to localize: 'AIB[R] intent=tick-owner family=other stage=laning-core'
08/30 14:06:43 [Localization System] CLocalize::FindSafe failed to localize: 'AIB[R] blocked=recovery-buy reason=flask_in_inventory hp=100'
08/30 14:06:44 [Localization System] CLocalize::FindSafe failed to localize: 'AIB[D] intent=top-arbiter family=state winner=harass:40 losers=hero-over-creep:52,idle-heal:46,emergency-retreat:45,fwd-pullback:44,emergency-kill:43.5'
08/30 14:06:44 [Localization System] CLocalize::FindSafe failed to localize: 'AIB[D] blocked=uphill-repo reason=motor_busy'
08/30 14:06:44 [Localization System] CLocalize::FindSafe failed to localize: 'AIB[R] blocked=harass reason=no_target'
08/30 14:06:44 [Localization System] CLocalize::FindSafe failed to localize: 'AIB[D] intent=state-desire-last-hit family=farm dist=430 reason=killable_creep score=140'
08/30 14:06:44 [Localization System] CLocalize::FindSafe failed to localize: 'AIB[R] intent=top-arbiter family=state winner=creep-work:38.8 losers=hero-over-creep:52,idle-heal:46,emergency-retreat:45,fwd-pullback:44,emergency-kill:43.5'
08/30 14:06:44 [Localization System] CLocalize::FindSafe failed to localize: 'AIB[D] intent=tick-owner family=other stage=laning-core'
08/30 14:06:45 [Localization System] CLocalize::FindSafe failed to localize: 'AIB[R] blocked=ability-harass reason=nothing_castable'
08/30 14:06:45 [Localization System] CLocalize::FindSafe failed to localize: 'AIB[R] blocked=visual-hold reason=creep_in_range held=3.6 hp=100 repeat=9 hard=true'
08/30 14:06:45 [Localization System] CLocalize::FindSafe failed to localize: 'AIB[R] intent=tick-owner family=other stage=desire/visual-hold reason=ready score=20 band=position'
08/30 14:06:45 [Localization System] CLocalize::FindSafe failed to localize: 'AIB[D] blocked=hero-over-creep reason=no_target'
08/30 14:06:45 [Localization System] CLocalize::FindSafe failed to localize: 'AIB[D] blocked=emergency-kill reason=no_target'
08/30 14:06:45 [Localization System] CLocalize::FindSafe failed to localize: 'AIB[R] intent=damage-by-source family=other creep=94 tower=0 hero=669 mixed=115 death=0 other=123 stale=25 gaps=1'
08/30 14:06:45 [Localization System] CLocalize::FindSafe failed to localize: 'AIB[R] blocked=hero-over-creep reason=no_target'
08/30 14:06:45 [Localization System] CLocalize::FindSafe failed to localize: 'AIB[R] blocked=emergency-kill reason=no_target'
08/30 14:06:45 [Localization System] CLocalize::FindSafe failed to localize: 'AIB[D] intent=damage-by-source family=other creep=237 tower=0 hero=906 mixed=218 death=0 other=0 stale=50 gaps=1'
08/30 14:06:45 [Localization System] CLocalize::FindSafe failed to localize: 'AIB[D] intent=top-arbiter family=state winner=harass:40 losers=hero-over-creep:52,idle-heal:46,emergency-retreat:45,fwd-pullback:44,emergency-kill:43.5'
08/30 14:06:45 [Localization System] CLocalize::FindSafe failed to localize: 'AIB[D] anti-idle-enter=13 anti-idle-lane=5 anti-idle-lowhp-back=3 channel-interrupt-chase=5 creep-aggro-back=1 creep-aggro-hero-yield=3 creep-dmg=2 creep-hit-react-aggro-step=6 creep-hit-react-atk=5 creep-hit-react-step=6 cs-wait-release=1 cs-wait=8 cs-walk-gap-large=12 cs-walk-gap-small=15 cs-walk-inrange=8 cs-walk-into-pack=22 cs-walk=35 cs-watchdog-step=5 cw-push-cs-step=3 cw-push=126 deny-act-atk=6 deny-act-walk=4 deny-act=10 deny-cand-doomed=8 deny-cand-tanky=39 fight-hp-behind=12 fwd-at-position=2 fwd-position=1 fwd-suppressed-creep=6 fwd-suppressed-cs=1 fwd-suppressed-hero=1 fwd-suppressed-lowhp=3 fwd-suppressed-motor=5 fwd-suppressed-tower=5 fwd-suppressed-visual=2 heal-item=2 heal-want=1 hero-contact-atk=7 hero-contact-chase=2 hero-pass-atk=6 hero-pass-chase=1 hero-prio-always=11 hero-prio-chase-hold=5 hero-prio-chase=35 idle=7 killwin-scan=702 lane-line-fallback=17 lane-line-suppressed-creep=2 lane-line-suppressed-heal=6 lane-line-suppressed-lowhp=8 last-hit-urgent=34 low-hp-creep=4 low-hp-limit=8 melee-pack-release=9 melee-pack-space=11 own-ranged-stepback=1 pre-aig=13 precreep-anchor=30 precreep-hold=2 precreep-park-hold=12 precreep-park=185 precreep-space=3 prewave-duel-approach=11 prewave-duel-trade=96 recover-xp=9 recovery-buy-critical=1 recovery-buy=3 recovery-enemy-near=198 recovery-flask=1 recovery-regen=5 recovery-tango=1 regen-walk=4 tango-heal=2 uphill-void-under-fire=3 visual-hold-lane=3 wave-watch-no-wave=8 wave-watch-step=1 wave-watch=8'
08/30 14:06:46 [Localization System] CLocalize::FindSafe failed to localize: 'AIB[R] anti-afk-no-chase=1 anti-idle-enter=10 anti-idle-lane=6 creep-aggro-back=3 creep-aggro-hero-yield=5 creep-aggro-hit=8 creep-dmg=3 creep-hit-react-atk=2 creep-hit-react-step=1 cs-wait-release=16 cs-wait=14 cs-walk-gap-large=8 cs-walk-gap-small=25 cs-walk-inrange=2 cs-walk=35 cs-watchdog-step=3 deny-act-atk=22 deny-act-walk=13 deny-act=35 deny-cand-doomed=20 deny-cand-tanky=158 fwd-at-position=5 fwd-hold=1 fwd-position=2 fwd-suppressed-creep=16 fwd-suppressed-damage=1 fwd-suppressed-empty=3 fwd-suppressed-hero=5 fwd-suppressed-motor=7 fwd-suppressed-tower=4 fwd-suppressed-visual=2 harass-seek=2 heal-item=1 hero-contact-atk=11 hero-contact-chase=6 hero-over-creep=1 hero-pass-atk=3 hero-pass-chase=2 idle=6 kill-lock-chase=7 kill-priority=4 killwin-atk=7 killwin-mutual=3 killwin-scan=566 lane-line-fallback=54 lane-line-suppressed-creep=11 lane-line-suppressed-damage=2 lane-line-suppressed-empty=6 lane-line-suppressed-heal=5 lane-line-suppressed-lowhp=2 lane-line-suppressed-motor=2 last-hit-urgent=44 melee-pack-release=12 melee-pack-space=5 mutual-low-finish-chase=3 own-ranged-stepback=2 pre-aig=10 precreep-anchor=32 precreep-hold=2 precreep-park-hold=13 precreep-park=156 precreep-space=3 prewave-defend=3 prewave-free-hit=85 recover-xp=2 recovery-buy=3 recovery-enemy-near=208 recovery-flask=2 recovery-regen=1 recovery-tango=1 regen-walk=1 uphill-void-under-fire=6 visual-hold-creep=28 visual-hold-hard-creep=1 visual-hold-lane=3 wave-watch-atk=11 wave-watch-no-wave=7 wave-watch=17'
08/30 14:06:46 [Localization System] CLocalize::FindSafe failed to localize: 'AIB[D] intent=own-ranged-lead family=other lead=132 count=2'
08/30 14:06:46 [Localization System] CLocalize::FindSafe failed to localize: 'AIB[R] t=152s hp=100% gold=645 loc=-875,-705 enemy-dist=715 lh=13 dn=0 dg=+44 dlh=+1 bottle=-1 lvl=3 front=8446 ehp=100'
08/30 14:06:46 [Localization System] CLocalize::FindSafe failed to localize: 'AIB[R] intent=top-arbiter family=state winner=creep-work:38.8 losers=hero-over-creep:52,idle-heal:46,emergency-retreat:45,fwd-pullback:44,emergency-kill:43.5'
08/30 14:06:46 [Localization System] CLocalize::FindSafe failed to localize: 'AIB[D] t=152s hp=100% gold=394 loc=-360,-238 enemy-dist=695 lh=8 dn=1 dg=+45 dlh=+1 bottle=-1 lvl=3 front=10065 ehp=100'
08/30 14:06:46 [Localization System] CLocalize::FindSafe failed to localize: 'AIB[R] blocked=uphill-repo reason=not_trading'
08/30 14:06:46 [Localization System] CLocalize::FindSafe failed to localize: 'AIB[R] blocked=fight-candidate reason=no_action_capped hp=100 score=40'
08/30 14:06:46 [Localization System] CLocalize::FindSafe failed to localize: 'AIB[D] intent=state-desire-fight family=state base=78 range=18 dist=573 hp=100 ehp=100 reason=enemy_seen score=96'
08/30 14:06:46 [Localization System] CLocalize::FindSafe failed to localize: 'AIB[D] blocked=ability-pressure reason=nothing_castable'
08/30 14:06:46 [Localization System] CLocalize::FindSafe failed to localize: 'AIB[D] intent=hero-contact family=fight dist=573 hp=100 reason=attackable_enemy'
08/30 14:06:46 [Localization System] CLocalize::FindSafe failed to localize: 'AIB[D] intent=tick-owner family=other stage=desire/fight base=78 range=18 dist=573 hp=100 ehp=100 reason=enemy_seen score=96'
08/30 14:06:46 [Localization System] CLocalize::FindSafe failed to localize: 'AIB[D] blocked=hero-contact reason=refractory since=0.13'
08/30 14:06:46 [Localization System] CLocalize::FindSafe failed to localize: 'AIB[D] intent=hero-pass family=fight dist=563 hp=100 reason=nearby_enemy'
08/30 14:06:47 [Localization System] CLocalize::FindSafe failed to localize: 'AIB[D] blocked=top-arbiter reason=empty_action winner=fight score=114'
08/30 14:06:47 [Localization System] CLocalize::FindSafe failed to localize: 'AIB[D] intent=top-arbiter family=state winner=harass:40 losers=fight:114,hero-over-creep:52,idle-heal:46,emergency-retreat:45,fwd-pullback:44'
08/30 14:06:47 [Localization System] CLocalize::FindSafe failed to localize: 'AIB[R] intent=tick-owner family=other stage=laning-core'
08/30 14:06:47 [Localization System] CLocalize::FindSafe failed to localize: 'AIB[D] blocked=uphill-repo reason=no_reposition'
08/30 14:06:47 [Localization System] CLocalize::FindSafe failed to localize: 'AIB[R] intent=state-desire-last-hit family=farm dist=449 reason=killable_creep score=140'
08/30 14:06:47 [Localization System] CLocalize::FindSafe failed to localize: 'AIB[D] intent=melee-pack-space family=safety count=2 dist=286'
08/30 14:06:47 [Localization System] CLocalize::FindSafe failed to localize: 'AIB[R] intent=top-arbiter family=state winner=last-hit:158 losers=fight:96,hero-over-creep:52,cs-inrange:50,idle-heal:46,emergency-retreat:45'
08/30 14:06:48 [Localization System] CLocalize::FindSafe failed to localize: 'AIB[D] intent=state-desire-safety family=state base=108 creep_dmg=8 hp=97 creep=true hero=false reason=recent_damage score=116'
08/30 14:06:48 [Localization System] CLocalize::FindSafe failed to localize: 'AIB[D] blocked=creep-hit-react reason=inside_melee_pack count=2 dist=130 hp=97'
08/30 14:06:48 [Localization System] CLocalize::FindSafe failed to localize: 'AIB[D] intent=creep-hit-react family=safety dist=130 hp=97 hits=1 reason=edge_attack'
08/30 14:06:48 [Localization System] CLocalize::FindSafe failed to localize: 'AIB[D] blocked=safety-candidate reason=no_action_capped hp=97 score=44'
08/30 14:06:48 [Localization System] CLocalize::FindSafe failed to localize: 'AIB[D] intent=state-desire-fight family=state base=78 range=18 dist=587 hp=97 ehp=92 reason=enemy_seen score=96'
08/30 14:06:48 [Localization System] CLocalize::FindSafe failed to localize: 'AIB[D] intent=arbiter family=fight winner=creep-aggro:112 losers=hero-pass:105'
08/30 14:06:48 [Localization System] CLocalize::FindSafe failed to localize: 'AIB[D] intent=creep-aggro family=safety hp=97 reason=creep_hitting'
08/30 14:06:48 [Localization System] CLocalize::FindSafe failed to localize: 'AIB[D] intent=top-arbiter family=state winner=fight:114 losers=hero-over-creep:52,idle-heal:46,emergency-retreat:45,fwd-pullback:44,emergency-kill:43.5'
08/30 14:06:48 [Localization System] CLocalize::FindSafe failed to localize: 'AIB[R] intent=state-desire-fight family=state base=78 range=18 dist=570 hp=92 ehp=95 reason=enemy_seen score=96'
08/30 14:06:48 [Localization System] CLocalize::FindSafe failed to localize: 'AIB[R] blocked=ability-pressure reason=nothing_castable'
08/30 14:06:48 [Localization System] CLocalize::FindSafe failed to localize: 'AIB[R] intent=hero-contact family=fight dist=570 hp=92 reason=attackable_enemy'
08/30 14:06:48 [Localization System] CLocalize::FindSafe failed to localize: 'AIB[D] intent=tick-owner family=other stage=desire/fight base=78 range=18 dist=570 hp=95 ehp=92 hyst=18 reason=enemy_seen score=114'
08/30 14:06:48 [Localization System] CLocalize::FindSafe failed to localize: 'AIB[R] blocked=hero-contact reason=refractory since=0.17'
08/30 14:06:48 [Localization System] CLocalize::FindSafe failed to localize: 'AIB[R] intent=hero-pass family=fight dist=570 hp=92 reason=nearby_enemy'
08/30 14:06:49 [Localization System] CLocalize::FindSafe failed to localize: 'AIB[R] blocked=top-arbiter reason=empty_action winner=fight score=114'
08/30 14:06:49 [Localization System] CLocalize::FindSafe failed to localize: 'AIB[R] blocked=hero-over-creep reason=no_target'
08/30 14:06:49 [Localization System] CLocalize::FindSafe failed to localize: 'AIB[R] blocked=emergency-kill reason=no_target'
08/30 14:06:49 [Localization System] CLocalize::FindSafe failed to localize: 'AIB[R] blocked=uphill-repo reason=no_reposition'
08/30 14:06:49 [Localization System] CLocalize::FindSafe failed to localize: 'AIB[R] blocked=harass reason=no_target'
08/30 14:06:49 [Localization System] CLocalize::FindSafe failed to localize: 'AIB[R] blocked=ability-harass reason=nothing_castable'
08/30 14:06:49 [Localization System] CLocalize::FindSafe failed to localize: 'AIB[R] blocked=visual-hold reason=hero_in_range held=7.4 hp=93 repeat=1 hard=true'
08/30 14:06:49 [Localization System] CLocalize::FindSafe failed to localize: 'AIB[R] intent=tick-owner family=other stage=desire/harass reason=ready score=40 band=lanework'
08/30 14:06:49 [Localization System] CLocalize::FindSafe failed to localize: 'AIB[R] intent=top-arbiter family=state winner=fight:96 losers=hero-over-creep:52,idle-heal:46,emergency-retreat:45,fwd-pullback:44,emergency-kill:43.5'
08/30 14:06:49 [Localization System] CLocalize::FindSafe failed to localize: 'AIB[R] blocked=hero-pass reason=uphill hp=93'
08/30 14:06:49 [Localization System] CLocalize::FindSafe failed to localize: 'AIB[R] blocked=uphill-repo reason=motor_busy'
08/30 14:06:49 [Localization System] CLocalize::FindSafe failed to localize: 'AIB[D] intent=state-desire-safety family=state base=108 creep_dmg=8 hp=90 creep=true hero=false reason=recent_damage score=116'
08/30 14:06:49 [Localization System] CLocalize::FindSafe failed to localize: 'AIB[D] intent=creep-hit-react family=safety dist=128 hp=90 hits=3 reason=edge_attack'
08/30 14:06:50 [Localization System] CLocalize::FindSafe failed to localize: 'AIB[D] intent=state-desire-fight family=state base=78 range=18 dist=590 hp=90 ehp=93 reason=enemy_seen score=96'
08/30 14:06:50 [Localization System] CLocalize::FindSafe failed to localize: 'AIB[D] blocked=ability-pressure reason=nothing_castable'
08/30 14:06:50 [Localization System] CLocalize::FindSafe failed to localize: 'AIB[R] blocked=fight-candidate reason=no_action_capped hp=93 score=40'
08/30 14:06:50 [Localization System] CLocalize::FindSafe failed to localize: 'AIB[D] blocked=hero-contact reason=refractory since=0.17'
08/30 14:06:50 [Localization System] CLocalize::FindSafe failed to localize: 'AIB[D] intent=arbiter family=fight winner=creep-aggro:112 losers=hero-pass:105'
08/30 14:06:50 [Localization System] CLocalize::FindSafe failed to localize: 'AIB[R] intent=state-desire-fight family=state base=78 range=18 dist=509 hp=93 ehp=86 reason=enemy_seen score=96'
08/30 14:06:50 [Localization System] CLocalize::FindSafe failed to localize: 'AIB[D] intent=top-arbiter family=state winner=fight:114 losers=hero-over-creep:52,idle-heal:46,emergency-retreat:45,fwd-pullback:44,emergency-kill:43.5'
08/30 14:06:50 [Localization System] CLocalize::FindSafe failed to localize: 'AIB[R] blocked=top-arbiter reason=empty_action winner=fight score=96'
08/30 14:06:50 [Localization System] CLocalize::FindSafe failed to localize: 'AIB[D] intent=tick-owner family=other stage=desire/fight base=78 range=18 dist=549 hp=85 ehp=93 hyst=18 reason=enemy_seen score=114'
08/30 14:06:51 [Localization System] CLocalize::FindSafe failed to localize: 'AIB[R] blocked=visual-hold reason=hero_in_range held=9.4 hp=93 repeat=3 hard=true'
08/30 14:06:51 [Localization System] CLocalize::FindSafe failed to localize: 'AIB[D] blocked=buy-loop reason=saving target=item_bottle head=item_bottle cost=675 gold=401 left=1'
08/30 14:06:51 [Localization System] CLocalize::FindSafe failed to localize: 'AIB[R] intent=top-arbiter family=state winner=fight:104 losers=hero-over-creep:52,idle-heal:46,emergency-retreat:45,fwd-pullback:44,emergency-kill:43.5'
08/30 14:06:51 [Localization System] CLocalize::FindSafe failed to localize: 'AIB[D] blocked=creep-aggro reason=hero_trading hp=72 hits=4'
08/30 14:06:51 [Localization System] CLocalize::FindSafe failed to localize: 'AIB[R] t=157s hp=94% gold=61 loc=-799,-654 enemy-dist=500 lh=14 dn=0 dg=-584 dlh=+1 bottle=3 lvl=3 front=8563 ehp=72'
08/30 14:06:51 [Localization System] CLocalize::FindSafe failed to localize: 'AIB[R] blocked=recovery-buy reason=flask_in_inventory hp=94'
08/30 14:06:51 [Localization System] CLocalize::FindSafe failed to localize: 'AIB[R] blocked=uphill-repo reason=no_step'
08/30 14:06:51 [Localization System] CLocalize::FindSafe failed to localize: 'AIB[R] intent=tick-owner family=other stage=desire/wave-watch reason=ready score=10 band=idle'
08/30 14:06:51 [Localization System] CLocalize::FindSafe failed to localize: 'AIB[D] t=158s hp=72% gold=402 loc=-445,-301 enemy-dist=500 lh=8 dn=1 dg=+8 dlh=+0 bottle=-1 lvl=3 front=9718 ehp=94'
08/30 14:06:51 [Localization System] CLocalize::FindSafe failed to localize: 'AIB[D] intent=state-desire-safety family=state base=108 creep_dmg=8 hp=72 creep=true hero=true reason=recent_damage score=116'
08/30 14:06:51 [Localization System] CLocalize::FindSafe failed to localize: 'AIB[D] blocked=creep-hit-react reason=inside_melee_pack count=2 dist=153 hp=72'
08/30 14:06:51 [Localization System] CLocalize::FindSafe failed to localize: 'AIB[D] intent=creep-hit-react family=safety dist=153 hp=72 hits=5 reason=edge_attack'
08/30 14:06:51 [Localization System] CLocalize::FindSafe failed to localize: 'AIB[D] blocked=safety-candidate reason=no_action_capped hp=72 score=44'
08/30 14:06:51 [Localization System] CLocalize::FindSafe failed to localize: 'AIB[D] intent=state-desire-fight family=state base=78 range=18 dist=510 hp=72 ehp=94 reason=enemy_seen score=96'
08/30 14:06:51 [Localization System] CLocalize::FindSafe failed to localize: 'AIB[R] blocked=ability-pressure reason=nothing_castable'
08/30 14:06:51 [Localization System] CLocalize::FindSafe failed to localize: 'AIB[D] intent=top-arbiter family=state winner=fight:114 losers=hero-over-creep:52,idle-heal:46,emergency-retreat:45,fwd-pullback:44,emergency-kill:43.5'
08/30 14:06:51 [Localization System] CLocalize::FindSafe failed to localize: 'AIB[R] intent=state-desire-fight family=state base=78 range=18 hp_adv=8 dist=520 hp=94 ehp=70 reason=enemy_seen score=104'
08/30 14:06:52 [Localization System] CLocalize::FindSafe failed to localize: 'AIB[D] intent=arbiter family=fight winner=hero-pass:105 losers=creep-aggro:72'
08/30 14:06:52 [Localization System] CLocalize::FindSafe failed to localize: 'AIB[D] intent=hero-pass family=fight dist=541 hp=70 reason=nearby_enemy'
08/30 14:06:52 [Localization System] CLocalize::FindSafe failed to localize: 'AIB[R] blocked=hero-over-creep reason=no_target'
08/30 14:06:52 [Localization System] CLocalize::FindSafe failed to localize: 'AIB[R] blocked=emergency-kill reason=no_target'
08/30 14:06:52 [Localization System] CLocalize::FindSafe failed to localize: 'AIB[R] blocked=harass reason=no_target'
08/30 14:06:52 [Localization System] CLocalize::FindSafe failed to localize: 'AIB[R] blocked=ability-harass reason=nothing_castable'
08/30 14:06:52 [Localization System] CLocalize::FindSafe failed to localize: 'AIB[D] intent=hero-contact family=fight dist=551 hp=67 reason=attackable_enemy'
08/30 14:06:52 [Localization System] CLocalize::FindSafe failed to localize: 'AIB[R] intent=top-arbiter family=state winner=wave-watch:10 losers=hero-over-creep:52,idle-heal:46,emergency-retreat:45,fwd-pullback:44,emergency-kill:43.5'
08/30 14:06:53 [Localization System] CLocalize::FindSafe failed to localize: 'AIB[R] blocked=buy-loop reason=saving target=item_magic_wand head=item_magic_stick cost=200 gold=63 left=2'
08/30 14:06:53 [Localization System] CLocalize::FindSafe failed to localize: 'AIB[R] blocked=fight-candidate reason=no_action_capped hp=95 score=40'
08/30 14:06:53 [Localization System] CLocalize::FindSafe failed to localize: 'AIB[R] blocked=visual-hold reason=empty held=2.1 hp=95 repeat=1 hard=false'
08/30 14:06:53 [Localization System] CLocalize::FindSafe failed to localize: 'AIB[R] intent=tick-owner family=other stage=desire/visual-hold reason=ready score=20 band=position'
08/30 14:06:53 [Localization System] CLocalize::FindSafe failed to localize: 'AIB[R] intent=state-desire-fight family=state base=78 hp_adv=8 execute=20 dist=830 hp=95 ehp=53 reason=enemy_seen score=106'
08/30 14:06:53 [Localization System] CLocalize::FindSafe failed to localize: 'AIB[R] blocked=top-arbiter reason=empty_action winner=fight score=106'
08/30 14:06:54 [Localization System] CLocalize::FindSafe failed to localize: 'AIB[R] intent=top-arbiter family=state winner=wave-watch:10 losers=hero-over-creep:52,idle-heal:46,emergency-retreat:45,fwd-pullback:44,emergency-kill:43.5'
08/30 14:06:54 [Localization System] CLocalize::FindSafe failed to localize: 'AIB[D] blocked=recover-candidate reason=no_action_capped hp=54 score=44'
08/30 14:06:54 [Localization System] CLocalize::FindSafe failed to localize: 'AIB[D] intent=state-desire-safety family=state base=108 creep_dmg=8 hp=54 creep=true hero=false reason=recent_damage score=116'
08/30 14:06:54 [Localization System] CLocalize::FindSafe failed to localize: 'AIB[D] intent=creep-hit-react family=safety dist=450 hp=54 hits=6 reason=aggro_step'
08/30 14:06:54 [Localization System] CLocalize::FindSafe failed to localize: 'AIB[D] intent=top-arbiter family=state winner=safety:116 losers=safe-cs:56,hero-over-creep:52,idle-heal:46,emergency-retreat:45,fwd-pullback:44'
08/30 14:06:54 [Localization System] CLocalize::FindSafe failed to localize: 'AIB[D] intent=tick-owner family=other stage=desire/safety base=108 creep_dmg=8 hp=54 creep=true hero=false reason=recent_damage score=116'
08/30 14:06:54 [Localization System] CLocalize::FindSafe failed to localize: 'AIB[R] blocked=uphill-repo reason=no_step'
08/30 14:06:54 [Localization System] CLocalize::FindSafe failed to localize: 'AIB[D] blocked=safety-candidate reason=no_action_capped hp=54 score=44'
08/30 14:06:54 [Localization System] CLocalize::FindSafe failed to localize: 'AIB[D] blocked=hero-over-creep reason=no_target'
08/30 14:06:54 [Localization System] CLocalize::FindSafe failed to localize: 'AIB[D] blocked=recovery-buy reason=flask_in_inventory hp=54'
08/30 14:06:54 [Localization System] CLocalize::FindSafe failed to localize: 'AIB[D] blocked=emergency-kill reason=no_target'
08/30 14:06:54 [Localization System] CLocalize::FindSafe failed to localize: 'AIB[D] blocked=uphill-repo reason=not_trading'
08/30 14:06:54 [Localization System] CLocalize::FindSafe failed to localize: 'AIB[D] blocked=hero-prio-chase reason=lane_work dist=830 cs=false creep=true hp_adv=false kill_pressure=false close=false low_farm=false lane_override=false'
08/30 14:06:54 [Localization System] CLocalize::FindSafe failed to localize: 'AIB[D] blocked=harass reason=no_target'
08/30 14:06:55 [Localization System] CLocalize::FindSafe failed to localize: 'AIB[R] blocked=hero-over-creep reason=no_target'
08/30 14:06:55 [Localization System] CLocalize::FindSafe failed to localize: 'AIB[R] blocked=emergency-kill reason=no_target'
08/30 14:06:55 [Localization System] CLocalize::FindSafe failed to localize: 'AIB[R] blocked=harass reason=no_target'
08/30 14:06:55 [Localization System] CLocalize::FindSafe failed to localize: 'AIB[R] blocked=ability-harass reason=nothing_castable'
08/30 14:06:55 [Localization System] CLocalize::FindSafe failed to localize: 'AIB[R] intent=state-desire-fight family=state base=78 hp_adv=8 execute=20 dist=674 hp=96 ehp=54 reason=enemy_seen score=106'
08/30 14:06:55 [Localization System] CLocalize::FindSafe failed to localize: 'AIB[R] blocked=ability-pressure reason=nothing_castable'
08/30 14:06:55 [Localization System] CLocalize::FindSafe failed to localize: 'AIB[R] intent=hero-contact family=fight dist=674 hp=96 reason=close_enemy'
08/30 14:06:55 [Localization System] CLocalize::FindSafe failed to localize: 'AIB[R] intent=tick-owner family=other stage=desire/fight base=78 hp_adv=8 execute=20 dist=674 hp=96 ehp=54 reason=enemy_seen score=106'
08/30 14:06:55 [Localization System] CLocalize::FindSafe failed to localize: 'AIB[D] blocked=fight-candidate reason=no_action_capped hp=54 score=40'
08/30 14:06:55 [Localization System] CLocalize::FindSafe failed to localize: 'AIB[R] blocked=hero-contact reason=refractory since=0.17'
08/30 14:06:55 [Localization System] CLocalize::FindSafe failed to localize: 'AIB[R] intent=hero-pass family=fight dist=573 hp=96 reason=nearby_enemy'
08/30 14:06:55 [Localization System] CLocalize::FindSafe failed to localize: 'AIB[R] blocked=top-arbiter reason=empty_action winner=fight score=142'
08/30 14:06:55 [Localization System] CLocalize::FindSafe failed to localize: 'AIB[D] blocked=hero-prio-always reason=uphill'
08/30 14:06:55 [Localization System] CLocalize::FindSafe failed to localize: 'AIB[R] intent=top-arbiter family=state winner=hero-over-creep:52 losers=fight:124,idle-heal:46,emergency-retreat:45,fwd-pullback:44,emergency-kill:43.5'
08/30 14:06:56 [Localization System] CLocalize::FindSafe failed to localize: 'AIB[D] intent=top-arbiter family=state winner=creep-work:38.6 losers=safe-cs:56,hero-over-creep:52,idle-heal:46,emergency-retreat:45,fwd-pullback:44'
08/30 14:06:56 [Localization System] CLocalize::FindSafe failed to localize: 'AIB[R] t=163s hp=96% gold=68 loc=-456,-331 enemy-dist=557 lh=14 dn=1 dg=+7 dlh=+0 bottle=3 lvl=3 front=8779 ehp=55'
08/30 14:06:56 [Localization System] CLocalize::FindSafe failed to localize: 'AIB[D] t=163s hp=46% gold=409 loc=-64,65 enemy-dist=557 lh=8 dn=1 dg=+7 dlh=+0 bottle=-1 lvl=3 front=9718 ehp=96'
08/30 14:06:56 [Localization System] CLocalize::FindSafe failed to localize: 'AIB[D] intent=state-desire-fight family=state base=78 range=18 dist=557 hp=46 ehp=96 reason=enemy_seen score=96'
08/30 14:06:56 [Localization System] CLocalize::FindSafe failed to localize: 'AIB[D] blocked=ability-pressure reason=hp_disadv dist=557 hp=46 ehp=96'
08/30 14:06:56 [Localization System] CLocalize::FindSafe failed to localize: 'AIB[D] intent=tick-owner family=other stage=desire/fight base=78 range=18 dist=557 hp=46 ehp=96 reason=enemy_seen score=96'
08/30 14:06:56 [Localization System] CLocalize::FindSafe failed to localize: 'AIB[D] blocked=hero-contact reason=refractory since=0.17'
08/30 14:06:56 [Localization System] CLocalize::FindSafe failed to localize: 'AIB[D] blocked=top-arbiter reason=empty_action winner=fight score=114'
08/30 14:06:56 [Localization System] CLocalize::FindSafe failed to localize: 'AIB[D] blocked=uphill-repo reason=no_reposition'
08/30 14:06:56 [Localization System] CLocalize::FindSafe failed to localize: 'AIB[D] blocked=hero-prio-always reason=hp_behind'
08/30 14:06:57 [Localization System] CLocalize::FindSafe failed to localize: 'AIB[R] intent=state-desire-fight family=state base=78 range=18 hp_adv=8 execute=20 dist=557 hp=96 ehp=47 hyst=18 reason=enemy_seen score=142'
08/30 14:06:57 [Localization System] CLocalize::FindSafe failed to localize: 'AIB[D] intent=hero-pass family=fight dist=557 hp=47 reason=nearby_enemy'
08/30 14:06:57 [Localization System] CLocalize::FindSafe failed to localize: 'AIB[R] blocked=uphill-repo reason=no_reposition'
08/30 14:06:57 [Localization System] CLocalize::FindSafe failed to localize: 'AIB[R] intent=top-arbiter family=state winner=creep-work:38.8 losers=hero-over-creep:52,idle-heal:46,emergency-retreat:45,fwd-pullback:44,emergency-kill:43.5'
08/30 14:06:57 [Localization System] CLocalize::FindSafe failed to localize: 'AIB[R] intent=tick-owner family=other stage=desire/creep-work reason=ready score=39 band=lanework'
08/30 14:06:57 [Localization System] CLocalize::FindSafe failed to localize: 'AIB[D] blocked=recover-candidate reason=no_action_capped hp=47 score=44'
08/30 14:06:57 [Localization System] CLocalize::FindSafe failed to localize: 'AIB[D] intent=top-arbiter family=state winner=creep-work:38.6 losers=fight:114,safe-cs:56,hero-over-creep:52,idle-heal:46,emergency-retreat:45'
08/30 14:06:57 [Localization System] CLocalize::FindSafe failed to localize: 'AIB[D] blocked=hero-over-creep reason=no_target'
08/30 14:06:57 [Localization System] CLocalize::FindSafe failed to localize: 'AIB[D] blocked=emergency-kill reason=no_target'
08/30 14:06:57 [Localization System] CLocalize::FindSafe failed to localize: 'AIB[R] intent=state-desire-last-hit family=farm dist=256 reason=killable_creep score=140'
08/30 14:06:58 [Localization System] CLocalize::FindSafe failed to localize: 'AIB[D] blocked=safety-candidate reason=no_action_capped hp=39 score=44'
08/30 14:06:58 [Localization System] CLocalize::FindSafe failed to localize: 'AIB[D] intent=state-desire-recover family=state base=74 danger=28 hp=39 reason=hp_gate score=102'
08/30 14:06:58 [Localization System] CLocalize::FindSafe failed to localize: 'AIB[D] intent=recovery-policy family=recover action=recover hp=39 gate=55 source=lane-low'
08/30 14:06:58 [Localization System] CLocalize::FindSafe failed to localize: 'AIB[D] intent=state-recover-xp family=state ttl=2 reason=regen_lane hp=39 dist=520'
08/30 14:06:58 [Localization System] CLocalize::FindSafe failed to localize: 'AIB[D] intent=tick-owner family=other stage=laning-core'
08/30 14:06:58 [Localization System] CLocalize::FindSafe failed to localize: 'invalid index'
08/30 14:06:58 [Localization System] CLocalize::FindSafe failed to localize: 'AIB[D] intent=state-desire-fight family=state base=78 range=18 dist=547 hp=41 ehp=96 reason=enemy_seen score=96'
08/30 14:06:58 [Localization System] CLocalize::FindSafe failed to localize: 'AIB[D] intent=hero-contact family=fight dist=547 hp=41 reason=attackable_enemy'
08/30 14:06:59 [Localization System] CLocalize::FindSafe failed to localize: 'AIB[D] blocked=buy-loop reason=saving target=item_bottle head=item_bottle cost=675 gold=413 left=1'
08/30 14:06:59 [Localization System] CLocalize::FindSafe failed to localize: 'AIB[D] blocked=hero-pass reason=low_hp hp=42'
08/30 14:06:59 [Localization System] CLocalize::FindSafe failed to localize: 'AIB[D] blocked=top-arbiter reason=empty_action winner=fight score=114'
08/30 14:06:59 [Localization System] CLocalize::FindSafe failed to localize: 'AIB[D] blocked=recovery-buy reason=budget_cap hp=43 gold=413 count=4 allow=3'
08/30 14:06:59 [Localization System] CLocalize::FindSafe failed to localize: 'AIB[D] intent=recovery-owner family=recover band=soft threat=true mode=safe-step hp=43'
08/30 14:06:59 [Localization System] CLocalize::FindSafe failed to localize: 'AIB[D] intent=top-arbiter family=state winner=recover:92 losers=fight:96,safe-cs:56,hero-over-creep:52,idle-heal:46,emergency-retreat:45'
08/30 14:06:59 [Localization System] CLocalize::FindSafe failed to localize: 'AIB[R] intent=channel-interrupt family=fight dist=479 hp=96 kind=heal reason=enemy_heal'
08/30 14:06:59 [Localization System] CLocalize::FindSafe failed to localize: 'AIB[D] blocked=ability-pressure reason=hp_disadv dist=550 hp=44 ehp=96'
08/30 14:06:59 Script function 'Think' on bot npc_dota_hero_nevermore took 2.363ms
08/30 14:06:59 [Localization System] CLocalize::FindSafe failed to localize: 'AIB[R] blocked=channel-interrupt reason=unsafe dist=550 hp=96 kind=heal'
08/30 14:06:59 [Localization System] CLocalize::FindSafe failed to localize: 'AIB[R] intent=state-desire-fight family=state base=78 range=18 hp_adv=8 execute=20 dist=550 hp=96 ehp=45 reason=enemy_seen score=124'
08/30 14:06:59 [Localization System] CLocalize::FindSafe failed to localize: 'AIB[R] blocked=ability-pressure reason=nothing_castable'
08/30 14:06:59 [Localization System] CLocalize::FindSafe failed to localize: 'AIB[R] intent=top-arbiter family=state winner=fight:124 losers=safety:116,hero-over-creep:52,idle-heal:46,emergency-retreat:45,fwd-pullback:44'
08/30 14:06:59 [Localization System] CLocalize::FindSafe failed to localize: 'AIB[R] intent=tick-owner family=other stage=desire/fight base=78 range=18 hp_adv=8 execute=20 dist=550 hp=96 ehp=45 reason=enemy_seen score=124'
08/30 14:06:59 [Localization System] CLocalize::FindSafe failed to localize: 'AIB[R] intent=kill-lock family=fight dist=550 ehp=25 hp=96 exec=false atk=true mutual=false reason=killable_enemy'
08/30 14:06:59 [Localization System] CLocalize::FindSafe failed to localize: 'AIB[D] intent=state-recover-safe family=state ttl=2 reason=regen_lane hp=25 dist=1030'
08/30 14:07:00 [Localization System] CLocalize::FindSafe failed to localize: 'AIB[D] intent=recovery-policy family=recover action=recover hp=25 gate=35 source=early-low'
08/30 14:07:00 [Localization System] CLocalize::FindSafe failed to localize: 'AIB[D] intent=damage-by-source family=other creep=383 tower=0 hero=1164 mixed=309 death=0 other=0 stale=140 gaps=2'
08/30 14:07:00 [Localization System] CLocalize::FindSafe failed to localize: 'AIB[D] intent=tick-owner family=other stage=laning-core'
08/30 14:07:00 [Server] Client (account 0) tried to execute invalid order (20). Unit is dead.
08/30 14:07:00 [Server] Game code (account 0) tried to execute invalid order (19). Target NPC is dead.
08/30 14:07:00 Sending CMsgConnectedPlayers for reason FIRST_BLOOD.  Last send was 166.9s ago, urgency is 0.0s
08/30 14:07:00 game_state: DOTA_GAMERULES_STATE_GAME_IN_PROGRESS
first_blood_happened: true
send_reason: FIRST_BLOOD
radiant_kills: 1
dire_kills: 0
radiant_lead: 797
building_state: 4784201

08/30 14:07:00 [Localization System] CLocalize::FindSafe failed to localize: 'invalid index'
08/30 14:07:00 [GCClient] Send msg 7034 (k_EMsgGCConnectedPlayers), 26 bytes
08/30 14:07:01 [Localization System] CLocalize::FindSafe failed to localize: 'AIB[R] intent=damage-by-source family=other creep=94 tower=0 hero=724 mixed=115 death=0 other=123 stale=25 gaps=1'
08/30 14:07:01 [GCClient] Recv msg 26 (k_ESOMsg_UpdateMultiple), 310 bytes
08/30 14:07:01 --- CSODOTALobby.first_blood_happened: false
08/30 14:07:01 +++ CSODOTALobby.first_blood_happened: true
08/30 14:07:01 [Localization System] CLocalize::FindSafe failed to localize: 'AIB[R] t=168s hp=97% gold=202 loc=-228,-92 lh=14 dn=1 dg=+134 dlh=+0 bottle=-1 lvl=4 front=9216 ehp=-1'
08/30 14:07:01 [Localization System] CLocalize::FindSafe failed to localize: 'AIB[D] t=168s hp=0% gold=400 loc=400,376 enemy-dist=782 lh=8 dn=1 dg=-9 dlh=+0 bottle=-1 lvl=3 front=9281 ehp=97'
08/30 14:07:02 [Localization System] CLocalize::FindSafe failed to localize: 'AIB[D] intent=tick-owner family=other stage=laning-core'
08/30 14:07:03 [Localization System] CLocalize::FindSafe failed to localize: 'AIB[D] intent=state-recover-safe family=state ttl=2 reason=regen_lane hp=0 dist=806'
08/30 14:07:03 [Localization System] CLocalize::FindSafe failed to localize: 'AIB[R] intent=tick-owner family=other stage=death-window'
08/30 14:07:04 [Localization System] CLocalize::FindSafe failed to localize: 'AIB[D] intent=tick-owner family=other stage=laning-core'
08/30 14:07:05 [Localization System] CLocalize::FindSafe failed to localize: 'AIB[R] intent=tick-owner family=other stage=death-window'
08/30 14:07:06 [Localization System] CLocalize::FindSafe failed to localize: 'AIB[D] intent=state-recover-safe family=state ttl=2 reason=regen_lane hp=0 dist=806'
08/30 14:07:06 [Localization System] CLocalize::FindSafe failed to localize: 'AIB[R] t=173s hp=79% gold=59 loc=-228,-92 lh=14 dn=1 dg=-143 dlh=+0 bottle=-1 lvl=4 front=8907 ehp=-1'
08/30 14:07:06 [Localization System] CLocalize::FindSafe failed to localize: 'AIB[D] t=173s hp=0% gold=408 loc=400,376 enemy-dist=782 lh=8 dn=1 dg=+8 dlh=+0 bottle=-1 lvl=3 front=9544 ehp=79'
08/30 14:07:07 [Localization System] CLocalize::FindSafe failed to localize: 'AIB[D] blocked=buy-loop reason=saving target=item_bottle head=item_bottle cost=675 gold=408 left=1'
08/30 14:07:07 [Localization System] CLocalize::FindSafe failed to localize: 'AIB[D] intent=tick-owner family=other stage=laning-core'
08/30 14:07:07 [Localization System] CLocalize::FindSafe failed to localize: 'AIB[R] intent=tick-owner family=other stage=death-window'
08/30 14:07:09 [Localization System] CLocalize::FindSafe failed to localize: 'AIB[R] intent=state-desire-safety family=state base=108 creep_dmg=8 hp=74 creep=true hero=false reason=recent_damage score=116'
08/30 14:07:09 [Localization System] CLocalize::FindSafe failed to localize: 'AIB[R] intent=creep-hit-react family=safety dist=525 hp=74 hits=1 reason=attack'
08/30 14:07:09 [Localization System] CLocalize::FindSafe failed to localize: 'AIB[R] intent=top-arbiter family=state winner=safety:116 losers=siege:100,hero-over-creep:52,idle-heal:46,emergency-retreat:45,fwd-pullback:44'
08/30 14:07:09 [Localization System] CLocalize::FindSafe failed to localize: 'AIB[D] intent=tick-owner family=other stage=laning-core'
08/30 14:07:09 [Localization System] CLocalize::FindSafe failed to localize: 'AIB[R] blocked=safety-candidate reason=no_action_capped hp=75 score=44'
08/30 14:07:09 [Localization System] CLocalize::FindSafe failed to localize: 'AIB[R] intent=state-desire-siege family=siege base=66 push=12 enemy_dead=22 hp=75 reason=tower_window score=100'
08/30 14:07:09 [Localization System] CLocalize::FindSafe failed to localize: 'AIB[R] intent=state-siege-window family=siege ttl=2 wave=3 tower=1058 hp=75 adv=true'
08/30 14:07:09 [Localization System] CLocalize::FindSafe failed to localize: 'AIB[R] intent=tower-opportunity family=siege result=step phase=wave wave=3 tower=1058'
08/30 14:07:09 [Localization System] CLocalize::FindSafe failed to localize: 'AIB[R] intent=tick-owner family=other stage=desire/siege base=66 push=12 enemy_dead=22 hp=75 reason=tower_window score=100'
08/30 14:07:09 [Localization System] CLocalize::FindSafe failed to localize: 'AIB[D] intent=state-recover-safe family=state ttl=2 reason=regen_lane hp=0 dist=806'
08/30 14:07:11 [Localization System] CLocalize::FindSafe failed to localize: 'AIB[D] intent=tick-owner family=other stage=laning-core'
08/30 14:07:11 [Localization System] CLocalize::FindSafe failed to localize: 'AIB[D] intent=recovery-policy family=recover action=recover hp=0 gate=22 source=emergency-low'
08/30 14:07:11 [Localization System] CLocalize::FindSafe failed to localize: 'AIB[D] intent=recovery-owner family=recover band=critical threat=false mode=back hp=0'
08/30 14:07:11 [Localization System] CLocalize::FindSafe failed to localize: 'AIB[D] t=178s hp=0% gold=415 loc=400,376 enemy-dist=1138 lh=8 dn=1 dg=+7 dlh=+0 bottle=-1 lvl=3 front=8620 ehp=74'
08/30 14:07:11 [Localization System] CLocalize::FindSafe failed to localize: 'AIB[R] t=178s hp=74% gold=67 loc=-513,-338 lh=14 dn=1 dg=+8 dlh=+0 bottle=-1 lvl=4 front=9762 ehp=-1'
08/30 14:07:11 [Localization System] CLocalize::FindSafe failed to localize: 'AIB[R] blocked=hero-over-creep reason=no_target'
08/30 14:07:11 [Localization System] CLocalize::FindSafe failed to localize: 'AIB[R] blocked=emergency-kill reason=no_target'
08/30 14:07:11 [Localization System] CLocalize::FindSafe failed to localize: 'AIB[R] blocked=uphill-repo reason=no_reposition'
08/30 14:07:11 [Localization System] CLocalize::FindSafe failed to localize: 'AIB[R] blocked=harass reason=own_heal_running'
08/30 14:07:11 [Localization System] CLocalize::FindSafe failed to localize: 'AIB[R] blocked=cs-watchdog reason=no_creep lh=14 idle=20'
08/30 14:07:11 [Localization System] CLocalize::FindSafe failed to localize: 'AIB[R] intent=state-siege-window family=siege ttl=2 wave=4 tower=1434 hp=74 adv=true'
08/30 14:07:11 [Localization System] CLocalize::FindSafe failed to localize: 'AIB[R] intent=tower-opportunity family=siege result=step phase=wave wave=4 tower=1434'
08/30 14:07:11 [Localization System] CLocalize::FindSafe failed to localize: 'AIB[R] intent=top-arbiter family=state winner=creep-work:38.8 losers=hero-over-creep:52,idle-heal:46,emergency-retreat:45,fwd-pullback:44,emergency-kill:43.5'
08/30 14:07:11 [Localization System] CLocalize::FindSafe failed to localize: 'AIB[R] intent=tick-owner family=other stage=desire/creep-work reason=ready score=39 band=lanework'
08/30 14:07:12 [Localization System] CLocalize::FindSafe failed to localize: 'AIB[D] intent=state-recover-safe family=state ttl=2 reason=regen_lane hp=0 dist=806'
08/30 14:07:13 [Localization System] CLocalize::FindSafe failed to localize: 'AIB[R] intent=state-desire-siege family=siege base=66 push=12 enemy_dead=22 hp=75 reason=tower_window score=100'
08/30 14:07:13 [Localization System] CLocalize::FindSafe failed to localize: 'AIB[D] intent=tick-owner family=other stage=laning-core'
08/30 14:07:13 [Localization System] CLocalize::FindSafe failed to localize: 'AIB[R] intent=top-arbiter family=state winner=siege:118 losers=hero-over-creep:52,idle-heal:46,emergency-retreat:45,fwd-pullback:44,emergency-kill:43.5'
08/30 14:07:14 [Localization System] CLocalize::FindSafe failed to localize: 'AIB[D] intent=recovery-policy family=recover action=recover hp=0 gate=22 source=emergency-low'
08/30 14:07:15 [Localization System] CLocalize::FindSafe failed to localize: 'AIB[D] blocked=buy-loop reason=saving target=item_bottle head=item_bottle cost=675 gold=420 left=1'
08/30 14:07:15 [Localization System] CLocalize::FindSafe failed to localize: 'AIB[D] intent=tick-owner family=other stage=laning-core'
08/30 14:07:15 [Localization System] CLocalize::FindSafe failed to localize: 'AIB[D] intent=damage-by-source family=other creep=383 tower=0 hero=1164 mixed=309 death=176 other=0 stale=140 gaps=2'
08/30 14:07:15 [Localization System] CLocalize::FindSafe failed to localize: 'AIB[R] blocked=hero-over-creep reason=no_target'
08/30 14:07:15 [Localization System] CLocalize::FindSafe failed to localize: 'AIB[R] blocked=emergency-kill reason=no_target'
08/30 14:07:15 [Localization System] CLocalize::FindSafe failed to localize: 'AIB[R] blocked=uphill-repo reason=no_reposition'
08/30 14:07:15 [Localization System] CLocalize::FindSafe failed to localize: 'AIB[R] intent=state-siege-window family=siege ttl=2 wave=2 tower=1566 hp=76 adv=true'
08/30 14:07:15 [Localization System] CLocalize::FindSafe failed to localize: 'AIB[R] intent=tower-opportunity family=siege result=step phase=default wave=2 tower=1566'
08/30 14:07:15 [Localization System] CLocalize::FindSafe failed to localize: 'AIB[R] intent=top-arbiter family=state winner=creep-work:38.8 losers=hero-over-creep:52,idle-heal:46,emergency-retreat:45,fwd-pullback:44,emergency-kill:43.5'
08/30 14:07:15 [Localization System] CLocalize::FindSafe failed to localize: 'AIB[R] intent=tick-owner family=other stage=desire/creep-work reason=ready score=39 band=lanework'
08/30 14:07:15 [Localization System] CLocalize::FindSafe failed to localize: 'AIB[R] blocked=harass reason=own_heal_running'
08/30 14:07:16 [Localization System] CLocalize::FindSafe failed to localize: 'AIB[R] intent=damage-by-source family=other creep=290 tower=0 hero=724 mixed=115 death=0 other=123 stale=25 gaps=1'
08/30 14:07:16 [Localization System] CLocalize::FindSafe failed to localize: 'AIB[D] intent=recovery-policy family=recover action=recover hp=0 gate=22 source=emergency-low'
08/30 14:07:16 [Localization System] CLocalize::FindSafe failed to localize: 'AIB[R] t=183s hp=76% gold=75 loc=-353,-166 lh=14 dn=1 dg=+8 dlh=+0 bottle=-1 lvl=4 front=9762 ehp=-1'
08/30 14:07:16 [Localization System] CLocalize::FindSafe failed to localize: 'AIB[R] blocked=cs-watchdog reason=no_creep lh=14 idle=25'
08/30 14:07:16 [Localization System] CLocalize::FindSafe failed to localize: 'AIB[D] t=183s hp=0% gold=423 loc=400,376 enemy-dist=928 lh=8 dn=1 dg=+8 dlh=+0 bottle=-1 lvl=3 front=8620 ehp=76'
08/30 14:07:17 [Localization System] CLocalize::FindSafe failed to localize: 'AIB[R] intent=top-arbiter family=state winner=creep-work:38.8 losers=hero-over-creep:52,idle-heal:46,emergency-retreat:45,fwd-pullback:44,emergency-kill:43.5'
08/30 14:07:17 [Localization System] CLocalize::FindSafe failed to localize: 'AIB[D] intent=state-recover-safe family=state ttl=2 reason=regen_lane hp=0 dist=806'
08/30 14:07:17 [Localization System] CLocalize::FindSafe failed to localize: 'AIB[D] intent=tick-owner family=other stage=laning-core'
08/30 14:07:17 [Localization System] CLocalize::FindSafe failed to localize: 'AIB[R] intent=state-desire-siege family=siege base=66 push=12 enemy_dead=22 hp=77 reason=tower_window score=100'
08/30 14:07:17 [Localization System] CLocalize::FindSafe failed to localize: 'AIB[R] intent=state-siege-window family=siege ttl=2 wave=4 tower=966 hp=77 adv=true'
08/30 14:07:17 [Localization System] CLocalize::FindSafe failed to localize: 'AIB[R] intent=tower-opportunity family=siege result=step phase=commit wave=4 tower=966'
08/30 14:07:17 [Localization System] CLocalize::FindSafe failed to localize: 'AIB[R] intent=tick-owner family=other stage=laning-core'
08/30 14:07:19 CGameParticleManager::SetParticleControlEnt: Unable to lookup attachment "attach_fx" on model "models/heroes/shadow_fiend/shadow_fiend.vmdl" for entity "npc_dota_hero_nevermore"
08/30 14:07:19 [Server] PR:IncrementIdleTime 6:[I:0:0] 18.37
08/30 14:07:20 [Localization System] CLocalize::FindSafe failed to localize: 'AIB[R] blocked=hero-over-creep reason=no_target'
08/30 14:07:20 [Localization System] CLocalize::FindSafe failed to localize: 'AIB[R] blocked=emergency-kill reason=no_target'
08/30 14:07:20 [Localization System] CLocalize::FindSafe failed to localize: 'AIB[R] blocked=uphill-repo reason=no_reposition'
08/30 14:07:20 [Localization System] CLocalize::FindSafe failed to localize: 'AIB[R] blocked=harass reason=own_heal_running'
08/30 14:07:20 [Localization System] CLocalize::FindSafe failed to localize: 'AIB[R] intent=state-siege-window family=siege ttl=2 wave=4 tower=1454 hp=78 adv=true'
08/30 14:07:20 [Localization System] CLocalize::FindSafe failed to localize: 'AIB[R] intent=tower-opportunity family=siege result=step phase=wave wave=4 tower=1454'
08/30 14:07:20 [Localization System] CLocalize::FindSafe failed to localize: 'AIB[R] intent=top-arbiter family=state winner=creep-work:38.8 losers=hero-over-creep:52,idle-heal:46,emergency-retreat:45,fwd-pullback:44,emergency-kill:43.5'
08/30 14:07:20 [Localization System] CLocalize::FindSafe failed to localize: 'AIB[R] intent=tick-owner family=other stage=desire/creep-work reason=ready score=39 band=lanework'
08/30 14:07:21 [Localization System] CLocalize::FindSafe failed to localize: 'AIB[R] intent=state-desire-siege family=siege base=66 push=12 enemy_dead=22 hp=78 reason=tower_window score=100'
08/30 14:07:21 [Localization System] CLocalize::FindSafe failed to localize: 'AIB[R] intent=top-arbiter family=state winner=siege:118 losers=hero-over-creep:52,idle-heal:46,emergency-retreat:45,fwd-pullback:44,emergency-kill:43.5'
08/30 14:07:21 [Localization System] CLocalize::FindSafe failed to localize: 'AIB[R] t=188s hp=78% gold=82 loc=-128,54 lh=14 dn=1 dg=+7 dlh=+0 bottle=-1 lvl=4 front=9692 ehp=-1'
08/30 14:07:22 [Localization System] CLocalize::FindSafe failed to localize: 'AIB[D] t=188s hp=100% gold=431 loc=682,796 lh=8 dn=1 dg=+8 dlh=+0 bottle=-1 lvl=3 front=8620 ehp=-1'
08/30 14:07:22 [Localization System] CLocalize::FindSafe failed to localize: 'AIB[D] blocked=hero-over-creep reason=no_target'
08/30 14:07:22 [Localization System] CLocalize::FindSafe failed to localize: 'AIB[D] blocked=emergency-kill reason=no_target'
08/30 14:07:22 [Localization System] CLocalize::FindSafe failed to localize: 'AIB[D] blocked=uphill-repo reason=no_reposition'
08/30 14:07:22 [Localization System] CLocalize::FindSafe failed to localize: 'AIB[D] blocked=harass reason=no_target'
08/30 14:07:22 [Localization System] CLocalize::FindSafe failed to localize: 'AIB[D] intent=cs-watchdog family=farm lh=8 idle=27 creep_hp=300 dist=816'
08/30 14:07:22 [Localization System] CLocalize::FindSafe failed to localize: 'AIB[D] intent=top-arbiter family=state winner=creep-work:38.6 losers=hero-over-creep:52,idle-heal:46,emergency-retreat:45,fwd-pullback:44,emergency-kill:43.5'
08/30 14:07:22 [Localization System] CLocalize::FindSafe failed to localize: 'AIB[D] intent=tick-owner family=other stage=desire/creep-work reason=ready score=39 band=lanework'
08/30 14:07:22 [Localization System] CLocalize::FindSafe failed to localize: 'AIB[R] intent=state-siege-window family=siege ttl=2 wave=3 tower=844 hp=78 adv=true'
08/30 14:07:22 [Localization System] CLocalize::FindSafe failed to localize: 'AIB[R] intent=tower-opportunity family=siege result=step phase=commit wave=3 tower=844'
08/30 14:07:22 [Localization System] CLocalize::FindSafe failed to localize: 'AIB[R] intent=tick-owner family=other stage=laning-core'
08/30 14:07:22 [Localization System] CLocalize::FindSafe failed to localize: 'AIB[D] intent=channel-interrupt family=fight dist=1024 hp=100 kind=heal reason=enemy_heal'
08/30 14:07:22 [Localization System] CLocalize::FindSafe failed to localize: 'AIB[D] blocked=channel-interrupt reason=unsafe dist=1057 hp=100 kind=heal'
08/30 14:07:22 [Localization System] CLocalize::FindSafe failed to localize: 'AIB[D] blocked=uphill-repo reason=not_trading'
08/30 14:07:22 [Localization System] CLocalize::FindSafe failed to localize: 'AIB[D] blocked=hero-prio-chase reason=lane_work dist=1057 cs=false creep=true hp_adv=false kill_pressure=false close=false low_farm=false lane_override=false'
08/30 14:07:22 [Localization System] CLocalize::FindSafe failed to localize: 'AIB[D] blocked=ability-harass reason=nothing_castable'
08/30 14:07:23 [Localization System] CLocalize::FindSafe failed to localize: 'AIB[D] blocked=buy-loop reason=saving target=item_bottle head=item_bottle cost=675 gold=432 left=1'
08/30 14:07:23 [Localization System] CLocalize::FindSafe failed to localize: 'AIB[D] intent=top-arbiter family=state winner=wave-watch:10 losers=hero-over-creep:52,idle-heal:46,emergency-retreat:45,fwd-pullback:44,emergency-kill:43.5'
08/30 14:07:24 [Localization System] CLocalize::FindSafe failed to localize: 'AIB[D] intent=state-desire-safety family=state base=108 creep_dmg=8 hp=99 creep=true hero=false reason=recent_damage score=116'
08/30 14:07:24 [Localization System] CLocalize::FindSafe failed to localize: 'AIB[D] intent=creep-hit-react family=safety dist=371 hp=99 hits=1 reason=attack'
08/30 14:07:24 [Localization System] CLocalize::FindSafe failed to localize: 'AIB[D] intent=tick-owner family=other stage=desire/safety base=108 creep_dmg=8 hp=99 creep=true hero=false reason=recent_damage score=116'
08/30 14:07:24 [Localization System] CLocalize::FindSafe failed to localize: 'AIB[D] blocked=safety-candidate reason=no_action_capped hp=100 score=44'
08/30 14:07:24 [Localization System] CLocalize::FindSafe failed to localize: 'AIB[R] blocked=hero-over-creep reason=no_target'
08/30 14:07:24 [Localization System] CLocalize::FindSafe failed to localize: 'AIB[R] intent=recovery-plan family=recover action=bottle reason=charges hp=80 mana=84 charges=3'
08/30 14:07:24 [Localization System] CLocalize::FindSafe failed to localize: 'AIB[R] intent=top-arbiter family=state winner=idle-heal:46 losers=hero-over-creep:52,emergency-retreat:45,fwd-pullback:44,emergency-kill:43.5,uphill:43'
08/30 14:07:24 [Localization System] CLocalize::FindSafe failed to localize: 'AIB[R] intent=tick-owner family=other stage=desire/idle-heal reason=ready score=46 band=lanework'
08/30 14:07:24 [Localization System] CLocalize::FindSafe failed to localize: 'AIB[R] blocked=emergency-kill reason=no_target'
08/30 14:07:24 [Localization System] CLocalize::FindSafe failed to localize: 'AIB[R] blocked=uphill-repo reason=no_reposition'
08/30 14:07:24 [Localization System] CLocalize::FindSafe failed to localize: 'AIB[R] blocked=harass reason=own_heal_running'
08/30 14:07:24 [Localization System] CLocalize::FindSafe failed to localize: 'AIB[R] blocked=cs-watchdog reason=no_creep lh=14 idle=33'
08/30 14:07:24 [Localization System] CLocalize::FindSafe failed to localize: 'AIB[R] intent=state-siege-window family=siege ttl=2 wave=3 tower=1505 hp=80 adv=true'
08/30 14:07:24 [Localization System] CLocalize::FindSafe failed to localize: 'AIB[R] intent=tower-opportunity family=siege result=step phase=wave wave=3 tower=1505'
08/30 14:07:24 [Localization System] CLocalize::FindSafe failed to localize: 'AIB[D] intent=state-desire-last-hit family=farm dist=276 reason=killable_creep score=140'
08/30 14:07:25 [Localization System] CLocalize::FindSafe failed to localize: 'AIB[D] blocked=hero-over-creep reason=no_target'
08/30 14:07:25 [Localization System] CLocalize::FindSafe failed to localize: 'AIB[D] blocked=emergency-kill reason=no_target'
08/30 14:07:25 [Localization System] CLocalize::FindSafe failed to localize: 'AIB[D] blocked=uphill-repo reason=no_reposition'
08/30 14:07:25 [Localization System] CLocalize::FindSafe failed to localize: 'AIB[D] blocked=harass reason=no_target'
08/30 14:07:25 [Localization System] CLocalize::FindSafe failed to localize: 'AIB[D] intent=cs-watchdog family=farm lh=8 idle=31 creep_hp=43 dist=157'
08/30 14:07:25 [Localization System] CLocalize::FindSafe failed to localize: 'AIB[D] intent=top-arbiter family=state winner=creep-work:38.6 losers=hero-over-creep:52,idle-heal:46,emergency-retreat:45,fwd-pullback:44,emergency-kill:43.5'
08/30 14:07:25 [Localization System] CLocalize::FindSafe failed to localize: 'AIB[D] intent=state-desire-safety family=state base=108 creep_dmg=8 hp=100 creep=true hero=false hyst=18 reason=recent_damage score=134'
08/30 14:07:25 [Localization System] CLocalize::FindSafe failed to localize: 'AIB[D] blocked=top-arbiter reason=empty_action winner=safety score=134'
08/30 14:07:26 [Localization System] CLocalize::FindSafe failed to localize: 'AIB[D] intent=creep-hit-react family=safety dist=528 hp=99 hits=3 reason=attack'
08/30 14:07:26 [Localization System] CLocalize::FindSafe failed to localize: 'AIB[R] intent=state-desire-siege family=siege base=66 push=12 enemy_dead=22 hp=89 reason=tower_window score=100'
08/30 14:07:26 [Localization System] CLocalize::FindSafe failed to localize: 'AIB[R] intent=top-arbiter family=state winner=siege:100 losers=hero-over-creep:52,idle-heal:46,emergency-retreat:45,fwd-pullback:44,emergency-kill:43.5'
08/30 14:07:26 [Localization System] CLocalize::FindSafe failed to localize: 'AIB[D] blocked=hero-prio-chase reason=lane_work dist=1182 cs=false creep=true hp_adv=false kill_pressure=false close=false low_farm=false lane_override=false'
08/30 14:07:26 [Localization System] CLocalize::FindSafe failed to localize: 'AIB[D] blocked=ability-harass reason=nothing_castable'
08/30 14:07:26 [Localization System] CLocalize::FindSafe failed to localize: 'AIB[D] intent=tick-owner family=other stage=laning-core'
08/30 14:07:26 [Localization System] CLocalize::FindSafe failed to localize: 'AIB[D] blocked=fight reason=concede_post_death hp=98'
08/30 14:07:26 [Localization System] CLocalize::FindSafe failed to localize: 'AIB[D] intent=top-arbiter family=state winner=safety:134 losers=hero-over-creep:52,idle-heal:46,emergency-retreat:45,fwd-pullback:44,emergency-kill:43.5'
08/30 14:07:27 [Localization System] CLocalize::FindSafe failed to localize: 'AIB[D] t=193s hp=98% gold=438 loc=692,432 enemy-dist=1060 lh=8 dn=1 dg=+7 dlh=+0 bottle=-1 lvl=3 front=8620 ehp=95'
08/30 14:07:27 [Localization System] CLocalize::FindSafe failed to localize: 'AIB[D] blocked=uphill-repo reason=not_trading'
08/30 14:07:27 [Localization System] CLocalize::FindSafe failed to localize: 'AIB[D] blocked=safety-candidate reason=no_action_capped hp=97 score=44'
08/30 14:07:27 [Localization System] CLocalize::FindSafe failed to localize: 'AIB[D] intent=state-desire-last-hit family=farm dist=401 reason=killable_creep score=140'
08/30 14:07:28 [Localization System] CLocalize::FindSafe failed to localize: 'AIB[D] intent=state-desire-safety family=state base=108 creep_dmg=8 hp=95 creep=true hero=false reason=recent_damage score=116'
08/30 14:07:28 [Localization System] CLocalize::FindSafe failed to localize: 'AIB[D] intent=creep-hit-react family=safety dist=401 hp=95 hits=5 reason=attack'
08/30 14:07:28 [Localization System] CLocalize::FindSafe failed to localize: 'AIB[D] intent=top-arbiter family=state winner=safety:116 losers=hero-over-creep:52,idle-heal:46,emergency-retreat:45,fwd-pullback:44,emergency-kill:43.5'
08/30 14:07:28 [Localization System] CLocalize::FindSafe failed to localize: 'AIB[D] intent=tick-owner family=other stage=laning-core'
08/30 14:07:28 [Server] Game code (account 0) tried to execute invalid order (19). Target NPC is dead.
08/30 14:07:28 [Localization System] CLocalize::FindSafe failed to localize: 'invalid index'
08/30 14:07:28 [Localization System] CLocalize::FindSafe failed to localize: 'AIB[D] blocked=hero-over-creep reason=no_target'
08/30 14:07:28 [Localization System] CLocalize::FindSafe failed to localize: 'AIB[D] blocked=emergency-kill reason=no_target'
08/30 14:07:28 [Localization System] CLocalize::FindSafe failed to localize: 'AIB[D] blocked=uphill-repo reason=no_reposition'
08/30 14:07:28 [Localization System] CLocalize::FindSafe failed to localize: 'AIB[D] blocked=harass reason=no_target'
08/30 14:07:28 [Localization System] CLocalize::FindSafe failed to localize: 'AIB[D] blocked=cs-watchdog reason=no_creep lh=10 idle=34'
08/30 14:07:28 [Localization System] CLocalize::FindSafe failed to localize: 'AIB[R] t=195s hp=96% gold=92 loc=-616,-376 enemy-dist=1566 lh=14 dn=1 dg=+10 dlh=+0 bottle=2 lvl=4 front=9571 ehp=95'
08/30 14:07:28 [Localization System] CLocalize::FindSafe failed to localize: 'AIB[R] blocked=hero-over-creep reason=no_target'
08/30 14:07:28 [Localization System] CLocalize::FindSafe failed to localize: 'AIB[R] blocked=emergency-kill reason=no_target'
08/30 14:07:28 [Localization System] CLocalize::FindSafe failed to localize: 'AIB[R] blocked=uphill-repo reason=no_reposition'
08/30 14:07:28 [Localization System] CLocalize::FindSafe failed to localize: 'AIB[R] blocked=harass reason=no_target'
08/30 14:07:28 [Localization System] CLocalize::FindSafe failed to localize: 'AIB[R] blocked=ability-harass reason=nothing_castable'
08/30 14:07:28 [Localization System] CLocalize::FindSafe failed to localize: 'AIB[R] intent=top-arbiter family=state winner=fwd-position:22 losers=hero-over-creep:52,idle-heal:46,emergency-retreat:45,fwd-pullback:44,emergency-kill:43.5'
08/30 14:07:28 [Localization System] CLocalize::FindSafe failed to localize: 'AIB[R] intent=tick-owner family=other stage=desire/fwd-position reason=ready score=22 band=position'
08/30 14:07:28 [Localization System] CLocalize::FindSafe failed to localize: 'AIB[R] blocked=uphill-repo reason=motor_busy'
08/30 14:07:29 [Localization System] CLocalize::FindSafe failed to localize: 'AIB[D] blocked=ability-harass reason=nothing_castable'
08/30 14:07:29 [Localization System] CLocalize::FindSafe failed to localize: 'AIB[R] blocked=cs-watchdog reason=no_creep lh=14 idle=38'
08/30 14:07:29 [Localization System] CLocalize::FindSafe failed to localize: 'AIB[D] intent=top-arbiter family=state winner=anti-idle:2 losers=hero-over-creep:52,idle-heal:46,emergency-retreat:45,fwd-pullback:44,emergency-kill:43.5'
08/30 14:07:30 [Localization System] CLocalize::FindSafe failed to localize: 'AIB[R] intent=lane-line-episode family=other dist=300 fwd=0.34'
08/30 14:07:30 [Localization System] CLocalize::FindSafe failed to localize: 'AIB[R] intent=top-arbiter family=state winner=lane-line:18 losers=hero-over-creep:52,idle-heal:46,emergency-retreat:45,fwd-pullback:44,emergency-kill:43.5'
08/30 14:07:30 [Localization System] CLocalize::FindSafe failed to localize: 'AIB[D] intent=damage-by-source family=other creep=451 tower=0 hero=1164 mixed=309 death=176 other=0 stale=140 gaps=2'
08/30 14:07:30 Script function 'Think' on bot npc_dota_hero_nevermore took 2.271ms
08/30 14:07:30 [Localization System] CLocalize::FindSafe failed to localize: 'AIB[D] intent=tick-owner family=other stage=desire/anti-idle reason=ready score=2 band=idle'
08/30 14:07:30 [Localization System] CLocalize::FindSafe failed to localize: 'AIB[R] intent=tick-owner family=other stage=laning-core'
08/30 14:07:30 [Localization System] CLocalize::FindSafe failed to localize: 'AIB[D] intent=lane-line-episode family=other dist=1127 fwd=0.41'
08/30 14:07:31 [Localization System] CLocalize::FindSafe failed to localize: 'AIB[D] blocked=buy-loop reason=saving target=item_bottle head=item_bottle cost=675 gold=541 left=1'
08/30 14:07:31 [Localization System] CLocalize::FindSafe failed to localize: 'AIB[D] blocked=uphill-repo reason=motor_busy'
08/30 14:07:31 [Localization System] CLocalize::FindSafe failed to localize: 'AIB[R] intent=damage-by-source family=other creep=290 tower=0 hero=724 mixed=115 death=0 other=123 stale=25 gaps=1'
08/30 14:07:31 [Localization System] CLocalize::FindSafe failed to localize: 'AIB[R] intent=cs-watchdog family=farm lh=14 idle=40 creep_hp=550 dist=790'
08/30 14:07:31 [Localization System] CLocalize::FindSafe failed to localize: 'AIB[D] blocked=hero-over-creep reason=no_target'
08/30 14:07:31 [Localization System] CLocalize::FindSafe failed to localize: 'AIB[D] blocked=emergency-kill reason=no_target'
08/30 14:07:31 [Localization System] CLocalize::FindSafe failed to localize: 'AIB[D] blocked=harass reason=no_target'
08/30 14:07:31 [Localization System] CLocalize::FindSafe failed to localize: 'AIB[D] intent=top-arbiter family=state winner=lane-line:18 losers=hero-over-creep:52,idle-heal:46,emergency-retreat:45,fwd-pullback:44,emergency-kill:43.5'
08/30 14:07:31 [Localization System] CLocalize::FindSafe failed to localize: 'AIB[R] blocked=hero-over-creep reason=no_target'
08/30 14:07:31 [Localization System] CLocalize::FindSafe failed to localize: 'AIB[R] blocked=emergency-kill reason=no_target'
08/30 14:07:31 [Localization System] CLocalize::FindSafe failed to localize: 'AIB[R] blocked=harass reason=no_target'
08/30 14:07:31 [Localization System] CLocalize::FindSafe failed to localize: 'AIB[R] blocked=ability-harass reason=nothing_castable'
08/30 14:07:31 [Localization System] CLocalize::FindSafe failed to localize: 'AIB[R] blocked=wave-watch reason=not_finishable creep_hp=550 dist=664 idle=40'
08/30 14:07:31 [Localization System] CLocalize::FindSafe failed to localize: 'AIB[R] intent=top-arbiter family=state winner=wave-watch:10 losers=hero-over-creep:52,idle-heal:46,emergency-retreat:45,fwd-pullback:44,emergency-kill:43.5'
08/30 14:07:31 [Localization System] CLocalize::FindSafe failed to localize: 'AIB[D] blocked=hero-prio-chase reason=lane_work dist=1397 cs=false creep=false hp_adv=false kill_pressure=false close=false low_farm=false lane_override=false'
08/30 14:07:32 [Localization System] CLocalize::FindSafe failed to localize: 'AIB[R] blocked=uphill-repo reason=motor_busy'
08/30 14:07:32 [Localization System] CLocalize::FindSafe failed to localize: 'AIB[D] t=198s hp=96% gold=543 loc=290,242 enemy-dist=1234 lh=10 dn=1 dg=+105 dlh=+2 bottle=-1 lvl=4 front=9589 ehp=97'
08/30 14:07:32 [Localization System] CLocalize::FindSafe failed to localize: 'AIB[R] intent=own-ranged-lead family=other lead=405 count=2'
08/30 14:07:32 [Localization System] CLocalize::FindSafe failed to localize: 'AIB[D] blocked=ability-harass reason=nothing_castable'
08/30 14:07:32 [Localization System] CLocalize::FindSafe failed to localize: 'AIB[D] intent=tick-owner family=other stage=laning-core'
08/30 14:07:32 [Localization System] CLocalize::FindSafe failed to localize: 'AIB[R] intent=tick-owner family=other stage=laning-core'
08/30 14:07:33 Script function 'Think' on bot npc_dota_hero_nevermore took 2.130ms
08/30 14:07:33 [Localization System] CLocalize::FindSafe failed to localize: 'AIB[R] blocked=uphill-repo reason=no_reposition'
08/30 14:07:33 [Localization System] CLocalize::FindSafe failed to localize: 'AIB[D] intent=top-arbiter family=state winner=lane-line:18 losers=hero-over-creep:52,idle-heal:46,emergency-retreat:45,fwd-pullback:44,emergency-kill:43.5'
08/30 14:07:33 [Localization System] CLocalize::FindSafe failed to localize: 'AIB[D] blocked=fight reason=concede_post_death hp=97'
08/30 14:07:33 [Localization System] CLocalize::FindSafe failed to localize: 'AIB[R] intent=top-arbiter family=state winner=wave-watch:10 losers=hero-over-creep:52,idle-heal:46,emergency-retreat:45,fwd-pullback:44,emergency-kill:43.5'
08/30 14:07:33 [Localization System] CLocalize::FindSafe failed to localize: 'AIB[R] intent=melee-pack-space family=safety count=3 dist=238'
08/30 14:07:33 [Localization System] CLocalize::FindSafe failed to localize: 'AIB[R] t=200s hp=98% gold=100 loc=-741,-607 lh=14 dn=1 dg=+8 dlh=+0 bottle=2 lvl=4 front=8343 ehp=-1'
08/30 14:07:33 [Localization System] CLocalize::FindSafe failed to localize: 'AIB[D] blocked=recovery-buy reason=item_checkpoint item=item_bottle hp=97 gold=545 cost=675 spend=100'
08/30 14:07:33 [Localization System] CLocalize::FindSafe failed to localize: 'AIB[D] intent=recovery-plan family=recover action=buy_item_flask reason=checkpoint_block item=item_bottle hp=97 gold=545'
08/30 14:07:34 [Localization System] CLocalize::FindSafe failed to localize: 'AIB[D] blocked=uphill-repo reason=motor_busy'
08/30 14:07:34 [Localization System] CLocalize::FindSafe failed to localize: 'AIB[D] intent=melee-pack-space family=safety count=3 dist=146'
08/30 14:07:34 [Localization System] CLocalize::FindSafe failed to localize: 'AIB[R] blocked=recovery-buy reason=flask_in_inventory hp=98'
08/30 14:07:34 [Localization System] CLocalize::FindSafe failed to localize: 'AIB[R] blocked=uphill-repo reason=not_trading'
08/30 14:07:34 [Localization System] CLocalize::FindSafe failed to localize: 'AIB[R] intent=cs-watchdog family=farm lh=14 idle=43 creep_hp=300 dist=793'
08/30 14:07:34 [Localization System] CLocalize::FindSafe failed to localize: 'AIB[D] blocked=hero-over-creep reason=no_target'
08/30 14:07:34 [Localization System] CLocalize::FindSafe failed to localize: 'AIB[D] blocked=emergency-kill reason=no_target'
08/30 14:07:34 [Localization System] CLocalize::FindSafe failed to localize: 'AIB[D] intent=top-arbiter family=state winner=harass:40 losers=hero-over-creep:52,idle-heal:46,emergency-retreat:45,fwd-pullback:44,emergency-kill:43.5'
08/30 14:07:34 [Localization System] CLocalize::FindSafe failed to localize: 'AIB[D] intent=tick-owner family=other stage=laning-core'
08/30 14:07:34 [Localization System] CLocalize::FindSafe failed to localize: 'AIB[R] intent=tick-owner family=other stage=laning-core'
08/30 14:07:34 [Localization System] CLocalize::FindSafe failed to localize: 'AIB[R] blocked=hero-over-creep reason=no_target'
08/30 14:07:34 [Localization System] CLocalize::FindSafe failed to localize: 'AIB[R] blocked=emergency-kill reason=no_target'
08/30 14:07:34 [Localization System] CLocalize::FindSafe failed to localize: 'AIB[R] blocked=harass reason=no_target'
08/30 14:07:34 [Localization System] CLocalize::FindSafe failed to localize: 'AIB[R] blocked=ability-harass reason=nothing_castable'
08/30 14:07:34 [Localization System] CLocalize::FindSafe failed to localize: 'AIB[R] blocked=wave-watch reason=not_finishable creep_hp=300 dist=709 idle=44'
08/30 14:07:34 [Localization System] CLocalize::FindSafe failed to localize: 'AIB[R] intent=top-arbiter family=state winner=wave-watch:10 losers=hero-over-creep:52,idle-heal:46,emergency-retreat:45,fwd-pullback:44,emergency-kill:43.5'
08/30 14:07:35 [Localization System] CLocalize::FindSafe failed to localize: 'AIB[R] blocked=fight-candidate reason=no_action_capped hp=99 score=40'
08/30 14:07:35 [Localization System] CLocalize::FindSafe failed to localize: 'AIB[R] intent=state-desire-fight family=state base=78 range=18 dist=581 hp=82 ehp=78 reason=enemy_seen score=96'
08/30 14:07:35 [Localization System] CLocalize::FindSafe failed to localize: 'AIB[R] blocked=ability-pressure reason=nothing_castable'
08/30 14:07:35 [Localization System] CLocalize::FindSafe failed to localize: 'AIB[R] intent=hero-contact family=fight dist=581 hp=82 reason=attackable_enemy'
08/30 14:07:35 [Localization System] CLocalize::FindSafe failed to localize: 'AIB[D] blocked=fight-candidate reason=no_action_capped hp=78 score=40'
08/30 14:07:36 [Localization System] CLocalize::FindSafe failed to localize: 'AIB[R] blocked=hero-contact reason=refractory since=0.20'
08/30 14:07:36 [Localization System] CLocalize::FindSafe failed to localize: 'AIB[R] intent=hero-pass family=fight dist=521 hp=82 reason=nearby_enemy'
08/30 14:07:36 [Localization System] CLocalize::FindSafe failed to localize: 'AIB[R] blocked=top-arbiter reason=empty_action winner=fight score=114'
08/30 14:07:36 [Localization System] CLocalize::FindSafe failed to localize: 'AIB[R] blocked=uphill-repo reason=no_reposition'
08/30 14:07:36 [Localization System] CLocalize::FindSafe failed to localize: 'AIB[D] intent=melee-pack-space family=safety count=3 dist=122'
08/30 14:07:36 [Localization System] CLocalize::FindSafe failed to localize: 'AIB[D] intent=top-arbiter family=state winner=ranged-spacing:41 losers=hero-over-creep:52,idle-heal:46,emergency-retreat:45,fwd-pullback:44,emergency-kill:43.5'
08/30 14:07:36 [Localization System] CLocalize::FindSafe failed to localize: 'AIB[D] blocked=fight reason=concede_post_death hp=78'
08/30 14:07:36 [Localization System] CLocalize::FindSafe failed to localize: 'AIB[D] blocked=harass reason=concede_lane'
08/30 14:07:36 [Localization System] CLocalize::FindSafe failed to localize: 'AIB[D] blocked=ability-harass reason=nothing_castable'
08/30 14:07:36 [Localization System] CLocalize::FindSafe failed to localize: 'AIB[R] intent=top-arbiter family=state winner=fight:96 losers=hero-over-creep:52,idle-heal:46,emergency-retreat:45,fwd-pullback:44,emergency-kill:43.5'
08/30 14:07:36 [Localization System] CLocalize::FindSafe failed to localize: 'AIB[R] intent=melee-pack-space family=safety count=3 dist=183'
08/30 14:07:36 [Localization System] CLocalize::FindSafe failed to localize: 'AIB[R] intent=tick-owner family=other stage=desire/creep-work reason=ready score=39 band=lanework'
08/30 14:07:36 [Localization System] CLocalize::FindSafe failed to localize: 'AIB[D] intent=tick-owner family=other stage=laning-core'
08/30 14:07:36 [Localization System] CLocalize::FindSafe failed to localize: 'invalid index'
08/30 14:07:37 [Localization System] CLocalize::FindSafe failed to localize: 'AIB[D] intent=state-desire-safety family=state base=108 hp=43 creep=false hero=true reason=recent_damage score=108'
08/30 14:07:37 [Localization System] CLocalize::FindSafe failed to localize: 'AIB[D] blocked=top-arbiter reason=empty_action winner=safety score=108'
08/30 14:07:37 [Localization System] CLocalize::FindSafe failed to localize: 'AIB[D] intent=state-desire-recover family=state base=74 hp=43 reason=hp_gate score=74'
08/30 14:07:37 [Localization System] CLocalize::FindSafe failed to localize: 'AIB[D] intent=recovery-policy family=recover action=recover hp=43 gate=55 source=lane-low'
08/30 14:07:37 [Localization System] CLocalize::FindSafe failed to localize: 'AIB[D] intent=state-recover-xp family=state ttl=2 reason=regen_lane hp=43 dist=478'
08/30 14:07:37 [Localization System] CLocalize::FindSafe failed to localize: 'AIB[D] blocked=safety-candidate reason=no_action_capped hp=43 score=44'
08/30 14:07:37 [Localization System] CLocalize::FindSafe failed to localize: 'AIB[D] t=203s hp=44% gold=550 loc=-397,-272 enemy-dist=583 lh=10 dn=1 dg=+7 dlh=+0 bottle=-1 lvl=4 front=10241 ehp=82'
08/30 14:07:37 [Localization System] CLocalize::FindSafe failed to localize: 'AIB[R] intent=state-desire-fight family=state base=78 range=18 hp_adv=8 execute=20 dist=594 hp=82 ehp=44 reason=enemy_seen score=124'
08/30 14:07:37 [Localization System] CLocalize::FindSafe failed to localize: 'AIB[R] intent=cs-watchdog family=farm lh=16 idle=46 creep_hp=320 dist=124'
08/30 14:07:37 [Localization System] CLocalize::FindSafe failed to localize: 'AIB[D] intent=top-arbiter family=state winner=recover:92 losers=safe-cs:56,hero-over-creep:52,idle-heal:46,emergency-retreat:45,fwd-pullback:44'
08/30 14:07:38 [Localization System] CLocalize::FindSafe failed to localize: 'AIB[R] blocked=hero-over-creep reason=no_target'
08/30 14:07:38 [Localization System] CLocalize::FindSafe failed to localize: 'AIB[R] blocked=emergency-kill reason=no_target'
08/30 14:07:38 [Localization System] CLocalize::FindSafe failed to localize: 'AIB[R] blocked=harass reason=no_target'
08/30 14:07:38 [Localization System] CLocalize::FindSafe failed to localize: 'AIB[R] blocked=ability-harass reason=nothing_castable'
08/30 14:07:38 [Localization System] CLocalize::FindSafe failed to localize: 'AIB[D] intent=recovery-plan family=recover action=buy_item_flask reason=checkpoint_block item=item_bottle hp=44 gold=551'
08/30 14:07:38 [Localization System] CLocalize::FindSafe failed to localize: 'AIB[D] intent=recovery-owner family=recover band=soft threat=true mode=safe-step hp=44'
08/30 14:07:38 [Localization System] CLocalize::FindSafe failed to localize: 'AIB[R] intent=state-desire-safety family=state base=108 creep_dmg=8 hp=81 creep=true hero=false reason=recent_damage score=116'
08/30 14:07:38 [Localization System] CLocalize::FindSafe failed to localize: 'AIB[R] blocked=creep-hit-react reason=inside_melee_pack count=2 dist=186 hp=81'
08/30 14:07:38 [Localization System] CLocalize::FindSafe failed to localize: 'AIB[R] intent=creep-hit-react family=safety dist=186 hp=81 hits=1 reason=edge_attack'
08/30 14:07:38 [Localization System] CLocalize::FindSafe failed to localize: 'AIB[R] intent=top-arbiter family=state winner=safety:116 losers=hero-over-creep:52,idle-heal:46,emergency-retreat:45,fwd-pullback:44,emergency-kill:43.5'
08/30 14:07:38 [Localization System] CLocalize::FindSafe failed to localize: 'AIB[R] blocked=safety-candidate reason=no_action_capped hp=80 score=44'
08/30 14:07:38 [Localization System] CLocalize::FindSafe failed to localize: 'AIB[R] intent=recovery-plan family=recover action=bottle reason=charges hp=80 mana=60 charges=2'
08/30 14:07:38 [Localization System] CLocalize::FindSafe failed to localize: 'AIB[D] intent=channel-interrupt family=fight dist=1025 hp=44 kind=heal reason=enemy_heal'
08/30 14:07:38 [Localization System] CLocalize::FindSafe failed to localize: 'AIB[R] intent=melee-pack-space family=safety count=2 dist=155'
08/30 14:07:38 [Localization System] CLocalize::FindSafe failed to localize: 'AIB[R] blocked=uphill-repo reason=not_trading'
08/30 14:07:38 [Localization System] CLocalize::FindSafe failed to localize: 'AIB[R] blocked=harass reason=own_heal_running'
08/30 14:07:38 [Localization System] CLocalize::FindSafe failed to localize: 'AIB[D] blocked=recover-candidate reason=no_action_capped hp=44 score=44'
08/30 14:07:38 [Localization System] CLocalize::FindSafe failed to localize: 'AIB[D] blocked=hero-over-creep reason=no_target'
08/30 14:07:38 [Localization System] CLocalize::FindSafe failed to localize: 'AIB[D] blocked=emergency-kill reason=no_target'
08/30 14:07:38 [Localization System] CLocalize::FindSafe failed to localize: 'AIB[D] blocked=uphill-repo reason=motor_busy'
08/30 14:07:38 [Localization System] CLocalize::FindSafe failed to localize: 'AIB[D] blocked=harass reason=regen_wanted'
08/30 14:07:38 [Localization System] CLocalize::FindSafe failed to localize: 'AIB[D] intent=tick-owner family=other stage=desire/wave-watch reason=ready score=10 band=idle'
08/30 14:07:38 [Localization System] CLocalize::FindSafe failed to localize: 'AIB[R] t=205s hp=83% gold=193 loc=-1050,-878 enemy-dist=1054 lh=16 dn=1 dg=+93 dlh=+2 bottle=1 lvl=5 front=8340 ehp=44'
08/30 14:07:38 [Localization System] CLocalize::FindSafe failed to localize: 'AIB[R] intent=tick-owner family=other stage=laning-core'
08/30 14:07:39 [Localization System] CLocalize::FindSafe failed to localize: 'AIB[D] blocked=buy-loop reason=saving target=item_bottle head=item_bottle cost=675 gold=553 left=1'
08/30 14:07:39 [Localization System] CLocalize::FindSafe failed to localize: 'AIB[D] intent=melee-pack-space family=safety count=3 dist=147'
08/30 14:07:39 [Localization System] CLocalize::FindSafe failed to localize: 'AIB[D] intent=top-arbiter family=state winner=wave-watch:10 losers=safe-cs:56,hero-over-creep:52,idle-heal:46,emergency-retreat:45,fwd-pullback:44'
08/30 14:07:39 [Localization System] CLocalize::FindSafe failed to localize: 'AIB[D] blocked=uphill-repo reason=no_reposition'
08/30 14:07:39 [Localization System] CLocalize::FindSafe failed to localize: 'AIB[D] blocked=ability-harass reason=nothing_castable'
08/30 14:07:39 [Localization System] CLocalize::FindSafe failed to localize: 'AIB[R] intent=top-arbiter family=state winner=creep-work:38.8 losers=hero-over-creep:52,idle-heal:46,emergency-retreat:45,fwd-pullback:44,emergency-kill:43.5'
08/30 14:07:40 [Localization System] CLocalize::FindSafe failed to localize: 'AIB[D] intent=top-arbiter family=state winner=wave-watch:10 losers=safe-cs:56,hero-over-creep:52,idle-heal:46,emergency-retreat:45,fwd-pullback:44'
08/30 14:07:40 [Localization System] CLocalize::FindSafe failed to localize: 'AIB[R] intent=tick-owner family=other stage=laning-core'
08/30 14:07:40 [Localization System] CLocalize::FindSafe failed to localize: 'AIB[D] intent=tick-owner family=other stage=desire/wave-watch reason=ready score=10 band=idle'
08/30 14:07:41 [Localization System] CLocalize::FindSafe failed to localize: 'AIB[R] blocked=hero-over-creep reason=no_target'
08/30 14:07:41 [Localization System] CLocalize::FindSafe failed to localize: 'AIB[R] blocked=emergency-kill reason=no_target'
08/30 14:07:41 [Localization System] CLocalize::FindSafe failed to localize: 'AIB[R] blocked=harass reason=no_target'
08/30 14:07:41 [Localization System] CLocalize::FindSafe failed to localize: 'AIB[R] blocked=ability-harass reason=nothing_castable'
08/30 14:07:41 [Localization System] CLocalize::FindSafe failed to localize: 'AIB[D] blocked=fight reason=concede_post_death hp=45'
08/30 14:07:41 [Localization System] CLocalize::FindSafe failed to localize: 'AIB[R] blocked=visual-hold reason=creep_in_range held=2.1 hp=95 repeat=1 hard=false'
08/30 14:07:41 [Localization System] CLocalize::FindSafe failed to localize: 'AIB[R] intent=top-arbiter family=state winner=visual-hold:20 losers=hero-over-creep:52,idle-heal:46,emergency-retreat:45,fwd-pullback:44,emergency-kill:43.5'
08/30 14:07:41 [Localization System] CLocalize::FindSafe failed to localize: 'AIB[D] blocked=visual-hold reason=creep_in_range held=2.1 hp=46 repeat=1 hard=false'
08/30 14:07:41 [Server] PR:IncrementIdleTime 6:[I:0:0] 2.13
08/30 14:07:41 [Localization System] CLocalize::FindSafe failed to localize: 'AIB[D] blocked=hero-over-creep reason=no_target'
08/30 14:07:41 [Localization System] CLocalize::FindSafe failed to localize: 'AIB[D] blocked=emergency-kill reason=no_target'
08/30 14:07:41 [Localization System] CLocalize::FindSafe failed to localize: 'AIB[D] blocked=harass reason=regen_wanted'
08/30 14:07:42 [Localization System] CLocalize::FindSafe failed to localize: 'AIB[D] t=208s hp=46% gold=558 loc=-353,-250 enemy-dist=959 lh=10 dn=1 dg=+8 dlh=+0 bottle=-1 lvl=4 front=10326 ehp=96'
08/30 14:07:42 [Localization System] CLocalize::FindSafe failed to localize: 'AIB[D] blocked=wave-watch reason=not_finishable creep_hp=156 dist=660 idle=6'
08/30 14:07:42 [Localization System] CLocalize::FindSafe failed to localize: 'AIB[D] intent=top-arbiter family=state winner=wave-watch:10 losers=safe-cs:56,hero-over-creep:52,idle-heal:46,emergency-retreat:45,fwd-pullback:44'
08/30 14:07:42 [Localization System] CLocalize::FindSafe failed to localize: 'AIB[D] blocked=uphill-repo reason=no_reposition'
08/30 14:07:42 [Localization System] CLocalize::FindSafe failed to localize: 'AIB[D] blocked=ability-harass reason=nothing_castable'
08/30 14:07:42 [Localization System] CLocalize::FindSafe failed to localize: 'AIB[R] blocked=uphill-repo reason=not_trading'
08/30 14:07:42 [Localization System] CLocalize::FindSafe failed to localize: 'AIB[R] intent=top-arbiter family=state winner=creep-work:38.8 losers=hero-over-creep:52,idle-heal:46,emergency-retreat:45,fwd-pullback:44,emergency-kill:43.5'
08/30 14:07:42 [Localization System] CLocalize::FindSafe failed to localize: 'AIB[R] intent=tick-owner family=other stage=laning-core'
08/30 14:07:43 [Localization System] CLocalize::FindSafe failed to localize: 'AIB[D] intent=tick-owner family=other stage=desire/wave-watch reason=ready score=10 band=idle'
08/30 14:07:43 [Localization System] CLocalize::FindSafe failed to localize: 'AIB[R] intent=cs-watchdog family=farm lh=16 idle=52 creep_hp=158 dist=475'
08/30 14:07:43 [Localization System] CLocalize::FindSafe failed to localize: 'AIB[R] intent=lane-line-episode family=other dist=869 fwd=0.54'
08/30 14:07:43 [Localization System] CLocalize::FindSafe failed to localize: 'AIB[D] blocked=visual-hold reason=creep_in_range held=4.3 hp=47 repeat=3 hard=true'
08/30 14:07:43 [Localization System] CLocalize::FindSafe failed to localize: 'AIB[R] blocked=uphill-repo reason=motor_busy'
08/30 14:07:43 [Localization System] CLocalize::FindSafe failed to localize: 'AIB[D] blocked=recovery-buy reason=item_checkpoint item=item_bottle hp=47 gold=560 cost=675 spend=100'
08/30 14:07:43 [Localization System] CLocalize::FindSafe failed to localize: 'AIB[D] intent=recovery-plan family=recover action=buy_item_flask reason=checkpoint_block item=item_bottle hp=47 gold=560'
08/30 14:07:43 [Localization System] CLocalize::FindSafe failed to localize: 'AIB[D] intent=top-arbiter family=state winner=wave-watch:10 losers=safe-cs:56,hero-over-creep:52,idle-heal:46,emergency-retreat:45,fwd-pullback:44'
08/30 14:07:44 [Localization System] CLocalize::FindSafe failed to localize: 'AIB[R] t=210s hp=96% gold=237 loc=-995,-804 enemy-dist=848 lh=17 dn=1 dg=+44 dlh=+1 bottle=1 lvl=5 front=8321 ehp=47'
08/30 14:07:44 [Localization System] CLocalize::FindSafe failed to localize: 'AIB[R] blocked=fight-candidate reason=no_action_capped hp=96 score=40'
08/30 14:07:44 [Localization System] CLocalize::FindSafe failed to localize: 'AIB[R] blocked=recovery-buy reason=flask_in_inventory hp=97'
08/30 14:07:44 [Localization System] CLocalize::FindSafe failed to localize: 'AIB[R] blocked=hero-over-creep reason=no_target'
08/30 14:07:44 [Localization System] CLocalize::FindSafe failed to localize: 'AIB[R] blocked=emergency-kill reason=no_target'
08/30 14:07:44 [Localization System] CLocalize::FindSafe failed to localize: 'AIB[R] blocked=harass reason=no_target'
08/30 14:07:44 [Localization System] CLocalize::FindSafe failed to localize: 'AIB[R] blocked=ability-harass reason=nothing_castable'
08/30 14:07:44 [Localization System] CLocalize::FindSafe failed to localize: 'AIB[D] blocked=hero-prio-chase reason=lane_work dist=718 cs=true creep=true hp_adv=false kill_pressure=false close=false low_farm=false lane_override=false'
08/30 14:07:44 [Localization System] CLocalize::FindSafe failed to localize: 'AIB[D] blocked=harass reason=no_target'
08/30 14:07:44 [Localization System] CLocalize::FindSafe failed to localize: 'AIB[R] blocked=cs-watchdog reason=no_creep lh=17 idle=53'
08/30 14:07:44 [Localization System] CLocalize::FindSafe failed to localize: 'AIB[R] intent=top-arbiter family=state winner=lane-line:18 losers=hero-over-creep:52,idle-heal:46,emergency-retreat:45,fwd-pullback:44,emergency-kill:43.5'
08/30 14:07:44 [Localization System] CLocalize::FindSafe failed to localize: 'AIB[D] blocked=fight-candidate reason=no_action_capped hp=47 score=40'
08/30 14:07:44 [Localization System] CLocalize::FindSafe failed to localize: 'AIB[D] intent=melee-pack-space family=safety count=3 dist=148'
08/30 14:07:44 [Localization System] CLocalize::FindSafe failed to localize: 'AIB[D] blocked=hero-over-creep reason=no_target'
08/30 14:07:44 [Localization System] CLocalize::FindSafe failed to localize: 'AIB[D] blocked=emergency-kill reason=no_target'
08/30 14:07:44 [Localization System] CLocalize::FindSafe failed to localize: 'AIB[D] blocked=visual-hold reason=hero_in_range held=5.5 hp=47 repeat=1 hard=true'
08/30 14:07:45 [Localization System] CLocalize::FindSafe failed to localize: 'AIB[R] intent=tick-owner family=other stage=laning-core'
08/30 14:07:45 [Localization System] CLocalize::FindSafe failed to localize: 'AIB[D] intent=tick-owner family=other stage=desire/wave-watch reason=ready score=10 band=idle'
08/30 14:07:45 [Localization System] CLocalize::FindSafe failed to localize: 'AIB[R] blocked=kill-lock reason=uphill dist=648 hp=97'
08/30 14:07:45 [Localization System] CLocalize::FindSafe failed to localize: 'AIB[D] intent=damage-by-source family=other creep=451 tower=0 hero=1779 mixed=309 death=176 other=0 stale=140 gaps=2'
08/30 14:07:45 [Localization System] CLocalize::FindSafe failed to localize: 'AIB[D] intent=recovery-policy family=recover action=recover hp=21 gate=22 source=emergency-low'
08/30 14:07:45 [Localization System] CLocalize::FindSafe failed to localize: 'AIB[D] intent=state-recover-safe family=state ttl=2 reason=regen_lane hp=21 dist=1714'
08/30 14:07:45 [Localization System] CLocalize::FindSafe failed to localize: 'AIB[D] anti-idle-enter=14 anti-idle-lane=6 anti-idle-lowhp-back=3 channel-interrupt-chase=14 creep-aggro-back=2 creep-aggro-hero-yield=5 creep-aggro-hit=11 creep-dmg=4 creep-hit-react-aggro-step=7 creep-hit-react-atk=10 creep-hit-react-step=11 cs-wait-release=8 cs-wait=12 cs-walk-gap-large=30 cs-walk-gap-small=34 cs-walk-inrange=12 cs-walk-into-pack=62 cs-walk=76 cs-watchdog-atk=1 cs-watchdog-step=8 cw-push-cs-step=3 cw-push=130 deny-act-atk=6 deny-act-walk=4 deny-act=10 deny-cand-doomed=8 deny-cand-tanky=39 fight-hp-behind=16 fwd-at-position=3 fwd-position=1 fwd-suppressed-creep=8 fwd-suppressed-cs=1 fwd-suppressed-hero=2 fwd-suppressed-lowhp=3 fwd-suppressed-motor=7 fwd-suppressed-tower=6 fwd-suppressed-visual=2 fwd-suppressed-watchdog=1 heal-blocked-damage=1 heal-item=3 heal-want=5 hero-contact-atk=18 hero-contact-chase=3 hero-pass-atk=13 hero-pass-chase=1 hero-prio-always=15 hero-prio-chase-hold=6 hero-prio-chase=43 idle=8 killwin-scan=980 lane-line-fallback=34 lane-line-suppressed-creep-dmg=2 lane-line-suppressed-creep=3 lane-line-suppressed-empty=1 lane-line-suppressed-heal=6 lane-line-suppressed-lowhp=10 lane-line-suppressed-motor=1 last-hit-urgent=40 low-hp-creep=4 low-hp-limit=8 melee-pack-release=11 melee-pack-space=16 own-ranged-stepback=2 pre-aig=14 precreep-anchor=30 precreep-hold=2 precreep-park-hold=12 precreep-park=185 precreep-space=3 prewave-duel-approach=11 prewave-duel-trade=96 recover-safe=13 recover-xp=12 recovery-buy-critical=1 recovery-buy=3 recovery-enemy-near=258 recovery-flask=1 recovery-regen=6 recovery-tango=1 regen-walk=19 tango-heal=2 uphill-void-under-fire=5 visual-hold-creep=3 visual-hold-hero-step=1 visual-hold-lane=3 wave-watch-no-wave=9 wave-watch-step=1 wave-watch=11'
08/30 14:07:47 [Localization System] CLocalize::FindSafe failed to localize: 'AIB[D] blocked=buy-loop reason=saving target=item_bottle head=item_bottle cost=675 gold=565 left=1'
08/30 14:07:47 [Localization System] CLocalize::FindSafe failed to localize: 'AIB[D] intent=tick-owner family=other stage=laning-core'
08/30 14:07:47 [Localization System] CLocalize::FindSafe failed to localize: 'AIB[D] t=213s hp=20% gold=566 loc=153,159 enemy-dist=708 lh=10 dn=1 dg=+8 dlh=+0 bottle=-1 lvl=4 front=8620 ehp=98'
08/30 14:07:47 [Localization System] CLocalize::FindSafe failed to localize: 'AIB[D] intent=recovery-policy family=recover action=recover hp=21 gate=22 source=emergency-low'
08/30 14:07:48 [Localization System] CLocalize::FindSafe failed to localize: 'AIB[R] intent=damage-by-source family=other creep=315 tower=0 hero=852 mixed=115 death=0 other=123 stale=25 gaps=1'
08/30 14:07:48 [Localization System] CLocalize::FindSafe failed to localize: 'AIB[R] anti-afk-no-chase=1 anti-idle-enter=12 anti-idle-lane=7 channel-interrupt-atk=2 creep-aggro-back=3 creep-aggro-hero-yield=5 creep-aggro-hit=8 creep-dmg=3 creep-hit-react-atk=4 creep-hit-react-step=2 cs-wait-release=24 cs-wait=18 cs-walk-gap-large=12 cs-walk-gap-small=28 cs-walk-inrange=2 cs-walk-into-pack=2 cs-walk=42 cs-watchdog-atk=1 cs-watchdog-step=8 deny-act-atk=25 deny-act-walk=13 deny-act=38 deny-cand-doomed=22 deny-cand-tanky=199 dw-active=3 dw-farm=49 fwd-at-position=6 fwd-hold=2 fwd-position=3 fwd-suppressed-creep=19 fwd-suppressed-damage=1 fwd-suppressed-empty=4 fwd-suppressed-hero=7 fwd-suppressed-motor=10 fwd-suppressed-tower=4 fwd-suppressed-visual=4 harass-seek=3 heal-item=1 hero-contact-atk=22 hero-contact-chase=7 hero-over-creep=11 hero-pass-atk=7 hero-pass-chase=3 idle=7 kill-lock-atk=2 kill-lock-chase=7 kill-priority=6 killwin-atk=10 killwin-mutual=3 killwin-scan=723 lane-line-fallback=69 lane-line-suppressed-creep=13 lane-line-suppressed-damage=2 lane-line-suppressed-empty=9 lane-line-suppressed-heal=6 lane-line-suppressed-lowhp=2 lane-line-suppressed-motor=4 last-hit-urgent=52 melee-pack-release=14 melee-pack-space=9 mutual-low-finish-chase=3 own-ranged-stepback=3 pre-aig=12 precreep-anchor=32 precreep-hold=2 precreep-park-hold=13 precreep-park=156 precreep-space=3 prewave-defend=3 prewave-free-hit=85 recover-xp=2 recovery-bottle-active=2 recovery-bottle=2 recovery-buy=3 recovery-enemy-near=268 recovery-flask=2 recovery-regen=1 recovery-tango=1 regen-walk=1 siege-commit-tower=46 siege-step=1 siege-wave-step=5 uphill-reposition=1 uphill-void-under-fire=8 visual-hold-creep=31 visual-hold-hard-creep=1 visual-hold-hero=1 visual-hold-lane=6 wave-watch-atk=11 wave-watch-no-wave=9 wave-watch=21'
08/30 14:07:48 [Localization System] CLocalize::FindSafe failed to localize: 'AIB[R] intent=arbiter family=urgent winner=kill-lock:125 losers=channel-interrupt:80'
08/30 14:07:48 [Localization System] CLocalize::FindSafe failed to localize: 'AIB[R] intent=kill-lock family=fight dist=708 ehp=24 hp=98 exec=false atk=true mutual=false reason=killable_enemy'
08/30 14:07:48 [Localization System] CLocalize::FindSafe failed to localize: 'AIB[R] intent=tick-owner family=other stage=urgent intent=kill-lock'
08/30 14:07:48 [Localization System] CLocalize::FindSafe failed to localize: 'AIB[D] intent=state-recover-safe family=state ttl=2 reason=regen_lane hp=25 dist=766'
08/30 14:07:49 [Localization System] CLocalize::FindSafe failed to localize: 'AIB[R] t=215s hp=99% gold=245 loc=5,-7 enemy-dist=707 lh=17 dn=1 dg=+8 dlh=+0 bottle=1 lvl=5 front=9406 ehp=27'
08/30 14:07:49 [Localization System] CLocalize::FindSafe failed to localize: 'AIB[D] intent=tick-owner family=other stage=laning-core'
08/30 14:07:49 [Localization System] CLocalize::FindSafe failed to localize: 'AIB[R] blocked=kill-lock reason=tower dist=755 hp=99'
08/30 14:07:49 [Localization System] CLocalize::FindSafe failed to localize: 'AIB[R] blocked=channel-interrupt reason=unsafe dist=755 hp=99 kind=heal'
08/30 14:07:49 [Localization System] CLocalize::FindSafe failed to localize: 'AIB[R] blocked=siege-candidate reason=no_action_capped hp=99 score=42'
08/30 14:07:49 [Localization System] CLocalize::FindSafe failed to localize: 'AIB[R] intent=state-desire-fight family=state base=78 hp_adv=8 execute=20 dist=755 hp=99 ehp=29 reason=enemy_seen score=106'
08/30 14:07:49 [Localization System] CLocalize::FindSafe failed to localize: 'AIB[R] blocked=ability-pressure reason=nothing_castable'
08/30 14:07:49 [Localization System] CLocalize::FindSafe failed to localize: 'AIB[R] blocked=hero-contact reason=unsafe dist=755 hp=99 tower=true'
08/30 14:07:49 [Localization System] CLocalize::FindSafe failed to localize: 'AIB[R] blocked=top-arbiter reason=empty_action winner=fight score=106'
08/30 14:07:49 [Localization System] CLocalize::FindSafe failed to localize: 'AIB[R] blocked=hero-over-creep reason=no_target'
08/30 14:07:49 [Localization System] CLocalize::FindSafe failed to localize: 'AIB[R] blocked=emergency-kill reason=no_target'
08/30 14:07:49 [Localization System] CLocalize::FindSafe failed to localize: 'AIB[R] blocked=uphill-repo reason=no_reposition'
08/30 14:07:49 [Localization System] CLocalize::FindSafe failed to localize: 'AIB[R] blocked=harass reason=no_target'
08/30 14:07:49 [Localization System] CLocalize::FindSafe failed to localize: 'AIB[R] blocked=siege reason=desire_or_hp hp=99 adv=false'
08/30 14:07:49 [Localization System] CLocalize::FindSafe failed to localize: 'AIB[R] intent=tower-opportunity family=siege result=blocked_desire_or_hp wave=4 hp=99 adv=false'
08/30 14:07:49 [Localization System] CLocalize::FindSafe failed to localize: 'AIB[R] blocked=ability-harass reason=nothing_castable'
08/30 14:07:49 [Localization System] CLocalize::FindSafe failed to localize: 'AIB[D] intent=recovery-policy family=recover action=recover hp=30 gate=35 source=early-low'
08/30 14:07:50 [Localization System] CLocalize::FindSafe failed to localize: 'AIB[R] intent=top-arbiter family=state winner=creep-work:38.8 losers=fight:106,hero-over-creep:52,idle-heal:46,emergency-retreat:45,fwd-pullback:44'
08/30 14:07:50 [Localization System] CLocalize::FindSafe failed to localize: 'AIB[D] intent=state-recover-xp family=state ttl=2 reason=regen_lane hp=33 dist=582'
08/30 14:07:50 [Localization System] CLocalize::FindSafe failed to localize: 'AIB[R] intent=tick-owner family=other stage=laning-core'
08/30 14:07:50 [Localization System] CLocalize::FindSafe failed to localize: 'AIB[D] blocked=recover-candidate reason=no_action_capped hp=35 score=44'
08/30 14:07:50 [Localization System] CLocalize::FindSafe failed to localize: 'AIB[D] blocked=hero-over-creep reason=no_target'
08/30 14:07:50 [Localization System] CLocalize::FindSafe failed to localize: 'AIB[D] intent=top-arbiter family=state winner=idle-heal:46 losers=safe-cs:56,hero-over-creep:52,emergency-retreat:45,fwd-pullback:44,emergency-kill:43.5'
08/30 14:07:51 [Localization System] CLocalize::FindSafe failed to localize: 'AIB[D] intent=recovery-plan family=recover action=back reason=post_fight_regen hp=37'
08/30 14:07:51 [Localization System] CLocalize::FindSafe failed to localize: 'AIB[D] blocked=emergency-kill reason=disabled'
08/30 14:07:51 [Localization System] CLocalize::FindSafe failed to localize: 'AIB[D] intent=tick-owner family=other stage=desire/low-hp-hold reason=ready score=43 band=lanework'
08/30 14:07:51 [Localization System] CLocalize::FindSafe failed to localize: 'AIB[D] blocked=emergency-kill reason=no_target'
08/30 14:07:52 [Localization System] CLocalize::FindSafe failed to localize: 'AIB[D] t=218s hp=42% gold=573 loc=1018,933 enemy-dist=1304 lh=10 dn=1 dg=+7 dlh=+0 bottle=-1 lvl=4 front=8620 ehp=100'
08/30 14:07:52 [Localization System] CLocalize::FindSafe failed to localize: 'AIB[D] intent=top-arbiter family=state winner=low-hp-hold:43.2 losers=safe-cs:56,hero-over-creep:52,idle-heal:46,emergency-retreat:45,fwd-pullback:44'
08/30 14:07:52 [Localization System] CLocalize::FindSafe failed to localize: 'AIB[D] blocked=creep-hit-react reason=recovery_commit hp=42 band=soft'
08/30 14:07:52 [Localization System] CLocalize::FindSafe failed to localize: 'AIB[D] blocked=safety-candidate reason=no_action_capped hp=42 score=44'
08/30 14:07:52 [Localization System] CLocalize::FindSafe failed to localize: 'AIB[D] intent=state-desire-recover family=state base=74 creep_dmg=-14 hp=42 reason=hp_gate score=60'
08/30 14:07:52 [Localization System] CLocalize::FindSafe failed to localize: 'AIB[D] intent=recovery-policy family=recover action=recover hp=42 gate=55 source=lane-low'
08/30 14:07:52 [Localization System] CLocalize::FindSafe failed to localize: 'AIB[D] intent=recovery-owner family=recover band=soft threat=false mode=safe-step hp=42'
08/30 14:07:52 [Localization System] CLocalize::FindSafe failed to localize: 'AIB[D] blocked=top-arbiter reason=empty_action winner=recover score=78'
08/30 14:07:53 Script function 'Think' on bot npc_dota_hero_nevermore took 2.481ms
08/30 14:07:53 [Localization System] CLocalize::FindSafe failed to localize: 'AIB[R] blocked=hero-over-creep reason=no_target'
08/30 14:07:53 [Localization System] CLocalize::FindSafe failed to localize: 'AIB[R] blocked=emergency-kill reason=no_target'
08/30 14:07:53 [Localization System] CLocalize::FindSafe failed to localize: 'AIB[R] blocked=uphill-repo reason=no_reposition'
08/30 14:07:53 [Localization System] CLocalize::FindSafe failed to localize: 'AIB[R] blocked=harass reason=no_target'
08/30 14:07:53 [Localization System] CLocalize::FindSafe failed to localize: 'AIB[R] blocked=ability-harass reason=nothing_castable'
08/30 14:07:53 [Localization System] CLocalize::FindSafe failed to localize: 'AIB[R] intent=lane-line-episode family=other dist=247 fwd=0.55'
08/30 14:07:53 [Localization System] CLocalize::FindSafe failed to localize: 'AIB[R] intent=top-arbiter family=state winner=lane-line:18 losers=hero-over-creep:52,idle-heal:46,emergency-retreat:45,fwd-pullback:44,emergency-kill:43.5'
08/30 14:07:53 [Localization System] CLocalize::FindSafe failed to localize: 'AIB[R] intent=tick-owner family=other stage=desire/lane-line reason=ready score=18 band=position'
08/30 14:07:53 [Localization System] CLocalize::FindSafe failed to localize: 'AIB[R] blocked=uphill-repo reason=motor_busy'
08/30 14:07:54 [Localization System] CLocalize::FindSafe failed to localize: 'AIB[R] t=220s hp=92% gold=253 loc=-237,-215 lh=17 dn=2 dg=+8 dlh=+0 bottle=1 lvl=5 front=10410 ehp=-1'
08/30 14:07:55 [Localization System] CLocalize::FindSafe failed to localize: 'AIB[D] blocked=buy-loop reason=saving target=item_bottle head=item_bottle cost=675 gold=577 left=1'
08/30 14:07:55 [Localization System] CLocalize::FindSafe failed to localize: 'AIB[R] intent=top-arbiter family=state winner=lane-line:18 losers=hero-over-creep:52,idle-heal:46,emergency-retreat:45,fwd-pullback:44,emergency-kill:43.5'
08/30 14:07:55 [Localization System] CLocalize::FindSafe failed to localize: 'AIB[D] blocked=recover-candidate reason=no_action_capped hp=49 score=44'
08/30 14:07:55 [Localization System] CLocalize::FindSafe failed to localize: 'AIB[D] blocked=hero-over-creep reason=no_target'
08/30 14:07:55 [Localization System] CLocalize::FindSafe failed to localize: 'AIB[D] blocked=emergency-kill reason=no_target'
08/30 14:07:55 [Localization System] CLocalize::FindSafe failed to localize: 'AIB[D] blocked=uphill-repo reason=no_reposition'
08/30 14:07:55 [Localization System] CLocalize::FindSafe failed to localize: 'AIB[D] intent=melee-pack-space family=safety count=2 dist=750'
08/30 14:07:55 [Localization System] CLocalize::FindSafe failed to localize: 'AIB[D] intent=top-arbiter family=state winner=ranged-spacing:41 losers=safe-cs:56,hero-over-creep:52,idle-heal:46,emergency-retreat:45,fwd-pullback:44'
08/30 14:07:55 [Localization System] CLocalize::FindSafe failed to localize: 'AIB[D] intent=tick-owner family=other stage=desire/ranged-spacing reason=ready score=41 band=lanework'
08/30 14:07:55 [Localization System] CLocalize::FindSafe failed to localize: 'AIB[D] blocked=harass reason=own_heal_running'
08/30 14:07:55 [Localization System] CLocalize::FindSafe failed to localize: 'AIB[D] intent=cs-watchdog family=farm lh=10 idle=23 creep_hp=10 dist=697'
08/30 14:07:55 [Localization System] CLocalize::FindSafe failed to localize: 'AIB[R] intent=tick-owner family=other stage=desire/lane-line reason=ready score=18 band=position'
08/30 14:07:55 [Localization System] CLocalize::FindSafe failed to localize: 'AIB[D] blocked=creep-hit-react reason=recovery_commit hp=51 band=soft'
08/30 14:07:55 [Localization System] CLocalize::FindSafe failed to localize: 'AIB[D] blocked=safety-candidate reason=no_action_capped hp=51 score=44'
08/30 14:07:56 [Localization System] CLocalize::FindSafe failed to localize: 'AIB[R] blocked=hero-over-creep reason=no_target'
08/30 14:07:56 [Localization System] CLocalize::FindSafe failed to localize: 'AIB[R] blocked=emergency-kill reason=no_target'
08/30 14:07:56 [Localization System] CLocalize::FindSafe failed to localize: 'AIB[R] blocked=harass reason=no_target'
08/30 14:07:56 [Localization System] CLocalize::FindSafe failed to localize: 'AIB[R] blocked=ability-harass reason=nothing_castable'
08/30 14:07:56 [Localization System] CLocalize::FindSafe failed to localize: 'AIB[R] intent=top-arbiter family=state winner=lane-line:18 losers=hero-over-creep:52,idle-heal:46,emergency-retreat:45,fwd-pullback:44,emergency-kill:43.5'
08/30 14:07:56 [Localization System] CLocalize::FindSafe failed to localize: 'AIB[R] blocked=uphill-repo reason=motor_busy'
08/30 14:07:56 [Localization System] CLocalize::FindSafe failed to localize: 'AIB[D] intent=melee-pack-space family=safety count=2 dist=642'
08/30 14:07:56 [Localization System] CLocalize::FindSafe failed to localize: 'AIB[D] intent=top-arbiter family=state winner=ranged-spacing:41 losers=hero-over-creep:52,idle-heal:46,emergency-retreat:45,fwd-pullback:44,emergency-kill:43.5'
08/30 14:07:57 [Localization System] CLocalize::FindSafe failed to localize: 'AIB[D] intent=state-desire-last-hit family=farm dist=150 reason=killable_creep score=140'
08/30 14:07:57 [Localization System] CLocalize::FindSafe failed to localize: 'AIB[D] t=223s hp=58% gold=581 loc=1397,1270 lh=10 dn=1 dg=+8 dlh=+0 bottle=-1 lvl=4 front=8620 ehp=-1'
08/30 14:07:57 [Localization System] CLocalize::FindSafe failed to localize: 'AIB[D] intent=tick-owner family=other stage=laning-core'
08/30 14:07:57 [Localization System] CLocalize::FindSafe failed to localize: 'AIB[R] intent=tick-owner family=other stage=laning-core'
08/30 14:07:58 [Server] Game code (account 0) tried to execute invalid order (19). Target NPC is dead.
08/30 14:07:58 [Localization System] CLocalize::FindSafe failed to localize: 'AIB[D] blocked=cs-watchdog reason=no_creep lh=12 idle=26'
08/30 14:07:58 [Localization System] CLocalize::FindSafe failed to localize: 'AIB[D] blocked=ability-harass reason=nothing_castable'
08/30 14:07:58 [Localization System] CLocalize::FindSafe failed to localize: 'AIB[R] intent=top-arbiter family=state winner=lane-line:18 losers=hero-over-creep:52,idle-heal:46,emergency-retreat:45,fwd-pullback:44,emergency-kill:43.5'
08/30 14:07:58 [Localization System] CLocalize::FindSafe failed to localize: 'AIB[D] blocked=hero-over-creep reason=no_target'
08/30 14:07:58 [Localization System] CLocalize::FindSafe failed to localize: 'AIB[D] blocked=emergency-kill reason=no_target'
08/30 14:07:58 [Localization System] CLocalize::FindSafe failed to localize: 'AIB[D] blocked=uphill-repo reason=no_reposition'
08/30 14:07:58 [Localization System] CLocalize::FindSafe failed to localize: 'AIB[D] intent=top-arbiter family=state winner=anti-idle:2 losers=hero-over-creep:52,idle-heal:46,emergency-retreat:45,fwd-pullback:44,emergency-kill:43.5'
08/30 14:07:59 [Localization System] CLocalize::FindSafe failed to localize: 'AIB[R] t=225s hp=86% gold=260 loc=-402,-321 lh=17 dn=2 dg=+7 dlh=+0 bottle=1 lvl=5 front=7241 ehp=-1'
08/30 14:07:59 [Localization System] CLocalize::FindSafe failed to localize: 'AIB[D] intent=tick-owner family=other stage=laning-core'
08/30 14:07:59 [Localization System] CLocalize::FindSafe failed to localize: 'AIB[D] blocked=harass reason=own_heal_running'
08/30 14:07:59 [Localization System] CLocalize::FindSafe failed to localize: 'AIB[R] blocked=hero-over-creep reason=no_target'
08/30 14:07:59 [Localization System] CLocalize::FindSafe failed to localize: 'AIB[R] blocked=emergency-kill reason=no_target'
08/30 14:07:59 [Localization System] CLocalize::FindSafe failed to localize: 'AIB[R] blocked=harass reason=no_target'
08/30 14:07:59 [Localization System] CLocalize::FindSafe failed to localize: 'AIB[R] blocked=ability-harass reason=nothing_castable'
08/30 14:07:59 [Localization System] CLocalize::FindSafe failed to localize: 'AIB[R] intent=tick-owner family=other stage=laning-core'
08/30 14:07:59 [Localization System] CLocalize::FindSafe failed to localize: 'AIB[R] blocked=uphill-repo reason=motor_busy'
08/30 14:07:59 [Localization System] CLocalize::FindSafe failed to localize: 'AIB[R] intent=lane-line-episode family=other dist=459 fwd=0.30'
08/30 14:07:59 [Localization System] CLocalize::FindSafe failed to localize: 'AIB[R] intent=top-arbiter family=state winner=lane-line:18 losers=hero-over-creep:52,idle-heal:46,emergency-retreat:45,fwd-pullback:44,emergency-kill:43.5'
08/30 14:08:00 [Localization System] CLocalize::FindSafe failed to localize: 'AIB[D] blocked=harass reason=no_target'
08/30 14:08:00 [Localization System] CLocalize::FindSafe failed to localize: 'AIB[D] intent=lane-line-episode family=other dist=762 fwd=0.12'
08/30 14:08:00 [Localization System] CLocalize::FindSafe failed to localize: 'AIB[D] intent=top-arbiter family=state winner=lane-line:18 losers=hero-over-creep:52,idle-heal:46,emergency-retreat:45,fwd-pullback:44,emergency-kill:43.5'
08/30 14:08:00 [Localization System] CLocalize::FindSafe failed to localize: 'AIB[D] intent=damage-by-source family=other creep=465 tower=0 hero=1779 mixed=323 death=176 other=0 stale=140 gaps=2'
08/30 14:08:00 [Localization System] CLocalize::FindSafe failed to localize: 'AIB[D] blocked=uphill-repo reason=motor_busy'
08/30 14:08:01 [Localization System] CLocalize::FindSafe failed to localize: 'AIB[D] blocked=ability-harass reason=nothing_castable'
08/30 14:08:01 [Localization System] CLocalize::FindSafe failed to localize: 'AIB[D] blocked=hero-over-creep reason=no_target'
08/30 14:08:01 [Localization System] CLocalize::FindSafe failed to localize: 'AIB[D] blocked=emergency-kill reason=no_target'
08/30 14:08:01 [Localization System] CLocalize::FindSafe failed to localize: 'AIB[R] intent=top-arbiter family=state winner=lane-line:18 losers=hero-over-creep:52,idle-heal:46,emergency-retreat:45,fwd-pullback:44,emergency-kill:43.5'
08/30 14:08:01 [Localization System] CLocalize::FindSafe failed to localize: 'AIB[D] intent=tick-owner family=other stage=laning-core'
08/30 14:08:01 [Localization System] CLocalize::FindSafe failed to localize: 'AIB[R] intent=tick-owner family=other stage=laning-core'
08/30 14:08:01 [Localization System] CLocalize::FindSafe failed to localize: 'AIB[D] intent=top-arbiter family=state winner=lane-line:18 losers=hero-over-creep:52,idle-heal:46,emergency-retreat:45,fwd-pullback:44,emergency-kill:43.5'
08/30 14:08:02 [Localization System] CLocalize::FindSafe failed to localize: 'AIB[D] blocked=hero-prio-chase reason=lane_work dist=1393 cs=false creep=false hp_adv=false kill_pressure=false close=false low_farm=false lane_override=false'
08/30 14:08:02 [Localization System] CLocalize::FindSafe failed to localize: 'AIB[D] t=228s hp=72% gold=30 loc=440,395 enemy-dist=1333 lh=12 dn=1 dg=-551 dlh=+2 bottle=3 lvl=4 front=8880 ehp=88'
08/30 14:08:02 [Localization System] CLocalize::FindSafe failed to localize: 'AIB[R] blocked=cs-watchdog reason=no_creep lh=17 idle=18'
08/30 14:08:02 [Localization System] CLocalize::FindSafe failed to localize: 'AIB[R] blocked=hero-over-creep reason=no_target'
08/30 14:08:02 [Localization System] CLocalize::FindSafe failed to localize: 'AIB[R] blocked=emergency-kill reason=no_target'
08/30 14:08:02 [Localization System] CLocalize::FindSafe failed to localize: 'AIB[R] blocked=harass reason=no_target'
08/30 14:08:02 [Localization System] CLocalize::FindSafe failed to localize: 'AIB[R] blocked=ability-harass reason=nothing_castable'
08/30 14:08:03 [Localization System] CLocalize::FindSafe failed to localize: 'AIB[R] blocked=uphill-repo reason=motor_busy'
08/30 14:08:03 [Localization System] CLocalize::FindSafe failed to localize: 'AIB[R] intent=lane-line-episode family=other dist=245 fwd=0.60'
08/30 14:08:03 [Localization System] CLocalize::FindSafe failed to localize: 'AIB[R] intent=top-arbiter family=state winner=lane-line:18 losers=hero-over-creep:52,idle-heal:46,emergency-retreat:45,fwd-pullback:44,emergency-kill:43.5'
08/30 14:08:03 [Localization System] CLocalize::FindSafe failed to localize: 'AIB[D] blocked=buy-loop reason=saving target=item_magic_wand head=item_magic_stick cost=200 gold=31 left=2'
08/30 14:08:03 [Localization System] CLocalize::FindSafe failed to localize: 'AIB[R] intent=damage-by-source family=other creep=315 tower=65 hero=852 mixed=115 death=0 other=123 stale=85 gaps=2'
08/30 14:08:03 [Localization System] CLocalize::FindSafe failed to localize: 'AIB[D] blocked=uphill-repo reason=motor_busy'
08/30 14:08:03 [Localization System] CLocalize::FindSafe failed to localize: 'AIB[D] intent=top-arbiter family=state winner=harass:40 losers=hero-over-creep:52,idle-heal:46,emergency-retreat:45,fwd-pullback:44,emergency-kill:43.5'
08/30 14:08:03 [Localization System] CLocalize::FindSafe failed to localize: 'AIB[D] intent=tick-owner family=other stage=laning-core'
08/30 14:08:03 [Localization System] CLocalize::FindSafe failed to localize: 'AIB[R] intent=tick-owner family=other stage=laning-core'
08/30 14:08:03 [Localization System] CLocalize::FindSafe failed to localize: 'AIB[R] intent=recovery-plan family=recover action=bottle reason=charges hp=72 mana=67 charges=1'
08/30 14:08:04 [Localization System] CLocalize::FindSafe failed to localize: 'AIB[D] intent=channel-interrupt family=fight dist=606 hp=73 kind=heal reason=enemy_heal'
08/30 14:08:04 [Localization System] CLocalize::FindSafe failed to localize: 'AIB[R] t=230s hp=73% gold=268 loc=-262,-121 lh=17 dn=2 dg=+8 dlh=+0 bottle=0 lvl=5 front=8772 ehp=-1'
08/30 14:08:04 [Localization System] CLocalize::FindSafe failed to localize: 'AIB[R] blocked=bottle-rune reason=no_close_rune max=1900 waterMax=4700 nearest=inf water=inf mid=123 status=2-2-'
08/30 14:08:04 [Localization System] CLocalize::FindSafe failed to localize: 'AIB[R] intent=cs-watchdog family=farm lh=17 idle=20 creep_hp=550 dist=184'
08/30 14:08:04 [Localization System] CLocalize::FindSafe failed to localize: 'AIB[R] intent=state-desire-safety family=state base=108 creep_dmg=8 hp=75 creep=true hero=true reason=recent_damage score=116'
08/30 14:08:04 [Localization System] CLocalize::FindSafe failed to localize: 'AIB[R] intent=creep-hit-react family=safety dist=204 hp=75 hits=1 reason=attack'
08/30 14:08:04 [Localization System] CLocalize::FindSafe failed to localize: 'AIB[R] intent=top-arbiter family=state winner=safety:116 losers=hero-over-creep:52,idle-heal:46,emergency-retreat:45,fwd-pullback:44,emergency-kill:43.5'
08/30 14:08:04 [Localization System] CLocalize::FindSafe failed to localize: 'AIB[R] blocked=safety-candidate reason=no_action_capped hp=75 score=44'
08/30 14:08:04 [Localization System] CLocalize::FindSafe failed to localize: 'AIB[R] blocked=recovery-buy reason=flask_in_inventory hp=75'
08/30 14:08:05 [Localization System] CLocalize::FindSafe failed to localize: 'AIB[R] intent=state-desire-fight family=state base=78 range=18 dist=607 hp=76 ehp=74 reason=enemy_seen score=96'
08/30 14:08:05 [Localization System] CLocalize::FindSafe failed to localize: 'AIB[R] blocked=ability-pressure reason=nothing_castable'
08/30 14:08:05 [Localization System] CLocalize::FindSafe failed to localize: 'AIB[R] intent=hero-contact family=fight dist=607 hp=76 reason=close_enemy'
08/30 14:08:05 [Localization System] CLocalize::FindSafe failed to localize: 'AIB[D] blocked=fight-candidate reason=no_action_capped hp=74 score=40'
08/30 14:08:05 [Localization System] CLocalize::FindSafe failed to localize: 'AIB[D] blocked=hero-over-creep reason=no_target'
08/30 14:08:05 [Localization System] CLocalize::FindSafe failed to localize: 'AIB[D] blocked=emergency-kill reason=no_target'
08/30 14:08:05 [Localization System] CLocalize::FindSafe failed to localize: 'AIB[D] intent=top-arbiter family=state winner=uphill:43 losers=hero-over-creep:52,idle-heal:46,emergency-retreat:45,fwd-pullback:44,emergency-kill:43.5'
08/30 14:08:05 [Localization System] CLocalize::FindSafe failed to localize: 'AIB[R] blocked=hero-contact reason=refractory since=0.17'
08/30 14:08:05 [Localization System] CLocalize::FindSafe failed to localize: 'AIB[R] blocked=creep-aggro reason=hero_trading hp=68 hits=1'
08/30 14:08:05 [Localization System] CLocalize::FindSafe failed to localize: 'AIB[R] intent=arbiter family=fight winner=hero-pass:90 losers=creep-aggro:82'
08/30 14:08:05 [Localization System] CLocalize::FindSafe failed to localize: 'AIB[R] intent=hero-pass family=fight dist=595 hp=68 reason=nearby_enemy'
08/30 14:08:05 [Localization System] CLocalize::FindSafe failed to localize: 'AIB[D] blocked=hero-prio-chase reason=lane_work dist=606 cs=false creep=true hp_adv=false kill_pressure=false close=false low_farm=false lane_override=false'
08/30 14:08:05 [Localization System] CLocalize::FindSafe failed to localize: 'AIB[D] blocked=harass reason=no_target'
08/30 14:08:05 [Localization System] CLocalize::FindSafe failed to localize: 'AIB[D] intent=cs-watchdog family=farm lh=12 idle=33 creep_hp=300 dist=824'
08/30 14:08:05 [Localization System] CLocalize::FindSafe failed to localize: 'AIB[R] intent=creep-aggro family=safety hp=68 dest=-1296,-1161 reason=chip_step'
08/30 14:08:05 [Localization System] CLocalize::FindSafe failed to localize: 'AIB[R] blocked=uphill-repo reason=no_reposition'
08/30 14:08:05 [Localization System] CLocalize::FindSafe failed to localize: 'AIB[R] intent=melee-pack-space family=safety count=3 dist=245'
08/30 14:08:05 [Localization System] CLocalize::FindSafe failed to localize: 'AIB[R] intent=tick-owner family=other stage=laning-core'
08/30 14:08:05 [Localization System] CLocalize::FindSafe failed to localize: 'AIB[D] intent=tick-owner family=other stage=laning-core'
08/30 14:08:06 [Localization System] CLocalize::FindSafe failed to localize: 'AIB[D] blocked=ability-harass reason=nothing_castable'
08/30 14:08:06 [Localization System] CLocalize::FindSafe failed to localize: 'AIB[R] blocked=top-arbiter reason=empty_action winner=fight score=114'
08/30 14:08:06 [Localization System] CLocalize::FindSafe failed to localize: 'AIB[R] blocked=hero-over-creep reason=no_target'
08/30 14:08:06 [Localization System] CLocalize::FindSafe failed to localize: 'AIB[R] intent=recovery-plan family=recover action=rune_stage reason=water source=bottle-rune dist=1822 eta=8'
08/30 14:08:06 [Localization System] CLocalize::FindSafe failed to localize: 'AIB[R] intent=state-rune-commit family=rune source=bottle-rune phase=water ttl=8 dist=1822 eta=8'
08/30 14:08:06 [Localization System] CLocalize::FindSafe failed to localize: 'AIB[R] intent=rune-transaction family=rune source=bottle-rune phase=water ttl=8 dist=1822 eta=8'
08/30 14:08:06 [Localization System] CLocalize::FindSafe failed to localize: 'AIB[R] intent=bottle-rune family=rune dist=1822 eta=8 reason=stage'
08/30 14:08:06 [Localization System] CLocalize::FindSafe failed to localize: 'AIB[D] blocked=hero-prio-always reason=uphill'
08/30 14:08:06 [Localization System] CLocalize::FindSafe failed to localize: 'AIB[R] intent=top-arbiter family=state winner=idle-heal:46 losers=fight:96,hero-over-creep:52,emergency-retreat:45,fwd-pullback:44,emergency-kill:43.5'
08/30 14:08:06 [Localization System] CLocalize::FindSafe failed to localize: 'AIB[D] intent=state-desire-last-hit family=farm dist=512 reason=killable_creep score=140'
08/30 14:08:06 [Localization System] CLocalize::FindSafe failed to localize: 'AIB[R] intent=state-desire-fight family=state base=78 range=18 dist=619 hp=68 ehp=75 reason=enemy_seen score=96'
08/30 14:08:06 [Localization System] CLocalize::FindSafe failed to localize: 'AIB[D] intent=top-arbiter family=state winner=last-hit:158 losers=hero-over-creep:52,cs-inrange:50,idle-heal:46,emergency-retreat:45,fwd-pullback:44'
08/30 14:08:07 [Localization System] CLocalize::FindSafe failed to localize: 'AIB[D] blocked=uphill-repo reason=no_step'
08/30 14:08:07 [Localization System] CLocalize::FindSafe failed to localize: 'AIB[D] t=234s hp=75% gold=75 loc=184,222 enemy-dist=570 lh=13 dn=1 dg=+45 dlh=+1 bottle=3 lvl=4 front=9627 ehp=69'
08/30 14:08:07 [Localization System] CLocalize::FindSafe failed to localize: 'AIB[D] blocked=recovery-buy reason=item_checkpoint item=item_magic_stick hp=75 gold=75 cost=200 spend=100'
08/30 14:08:07 [Localization System] CLocalize::FindSafe failed to localize: 'AIB[D] intent=recovery-plan family=recover action=buy_item_flask reason=checkpoint_block item=item_magic_stick hp=75 gold=75'
08/30 14:08:07 [Localization System] CLocalize::FindSafe failed to localize: 'AIB[D] intent=melee-pack-space family=safety count=2 dist=127'
08/30 14:08:07 [Localization System] CLocalize::FindSafe failed to localize: 'AIB[R] intent=state-desire-safety family=state base=108 creep_dmg=8 hp=67 creep=true hero=false reason=recent_damage score=116'
08/30 14:08:07 [Localization System] CLocalize::FindSafe failed to localize: 'AIB[R] blocked=creep-hit-react reason=inside_melee_pack count=3 dist=86 hp=67'
08/30 14:08:07 [Localization System] CLocalize::FindSafe failed to localize: 'AIB[R] intent=creep-hit-react family=safety dist=86 hp=67 hits=2 reason=edge_attack'
08/30 14:08:07 [Localization System] CLocalize::FindSafe failed to localize: 'AIB[D] intent=state-desire-fight family=state base=78 range=18 dist=509 hp=75 ehp=67 reason=enemy_seen score=96'
08/30 14:08:07 [Localization System] CLocalize::FindSafe failed to localize: 'AIB[D] blocked=ability-pressure reason=nothing_castable'
08/30 14:08:07 [Localization System] CLocalize::FindSafe failed to localize: 'AIB[D] intent=hero-contact family=fight dist=509 hp=75 reason=attackable_enemy'
08/30 14:08:07 [Localization System] CLocalize::FindSafe failed to localize: 'AIB[R] blocked=safety-candidate reason=no_action_capped hp=67 score=44'
08/30 14:08:07 [Localization System] CLocalize::FindSafe failed to localize: 'AIB[R] intent=arbiter family=fight winner=creep-aggro:112 losers=hero-pass:105'
08/30 14:08:07 [Localization System] CLocalize::FindSafe failed to localize: 'AIB[R] intent=tick-owner family=other stage=fight intent=creep-aggro'
08/30 14:08:07 [Localization System] CLocalize::FindSafe failed to localize: 'AIB[D] intent=tick-owner family=other stage=laning-core'
08/30 14:08:08 [Localization System] CLocalize::FindSafe failed to localize: 'AIB[R] intent=state-desire-fight family=state base=78 range=18 dist=529 hp=67 ehp=75 hyst=18 reason=enemy_seen score=114'
08/30 14:08:08 [Localization System] CLocalize::FindSafe failed to localize: 'AIB[R] blocked=ability-pressure reason=nothing_castable'
08/30 14:08:08 [Localization System] CLocalize::FindSafe failed to localize: 'AIB[R] intent=top-arbiter family=state winner=fight:114 losers=hero-over-creep:52,idle-heal:46,emergency-retreat:45,fwd-pullback:44,emergency-kill:43.5'
08/30 14:08:08 [Localization System] CLocalize::FindSafe failed to localize: 'AIB[D] blocked=fight-candidate reason=no_action_capped hp=75 score=40'
08/30 14:08:08 [Localization System] CLocalize::FindSafe failed to localize: 'AIB[D] blocked=hero-over-creep reason=no_target'
08/30 14:08:08 [Localization System] CLocalize::FindSafe failed to localize: 'AIB[D] blocked=emergency-kill reason=no_target'
08/30 14:08:08 [Localization System] CLocalize::FindSafe failed to localize: 'AIB[D] intent=top-arbiter family=state winner=creep-work:38.6 losers=hero-over-creep:52,idle-heal:46,emergency-retreat:45,fwd-pullback:44,emergency-kill:43.5'
08/30 14:08:08 [Localization System] CLocalize::FindSafe failed to localize: 'AIB[R] blocked=hero-contact reason=refractory since=0.17'
08/30 14:08:08 [Localization System] CLocalize::FindSafe failed to localize: 'AIB[R] blocked=top-arbiter reason=empty_action winner=safety score=134'
08/30 14:08:09 [Localization System] CLocalize::FindSafe failed to localize: 'AIB[R] t=235s hp=65% gold=275 loc=-313,-131 enemy-dist=549 lh=17 dn=2 dg=+7 dlh=+0 bottle=0 lvl=5 front=8942 ehp=76'
08/30 14:08:09 [Localization System] CLocalize::FindSafe failed to localize: 'AIB[R] intent=state-desire-safety family=state base=108 creep_dmg=8 hp=63 creep=true hero=false reason=recent_damage score=116'
08/30 14:08:09 [Localization System] CLocalize::FindSafe failed to localize: 'AIB[R] intent=creep-hit-react family=safety dist=126 hp=63 hits=4 reason=edge_attack'
08/30 14:08:09 [Localization System] CLocalize::FindSafe failed to localize: 'AIB[D] blocked=hero-prio-always reason=uphill'
08/30 14:08:09 [Localization System] CLocalize::FindSafe failed to localize: 'AIB[R] intent=state-desire-fight family=state base=78 range=18 hp_adv=8 execute=20 dist=549 hp=63 ehp=50 reason=enemy_seen score=124'
08/30 14:08:09 [Localization System] CLocalize::FindSafe failed to localize: 'AIB[R] intent=arbiter family=fight winner=creep-aggro:112 losers=hero-pass:105'
08/30 14:08:09 [Localization System] CLocalize::FindSafe failed to localize: 'AIB[R] intent=top-arbiter family=state winner=fight:124 losers=hero-over-creep:52,idle-heal:46,emergency-retreat:45,fwd-pullback:44,emergency-kill:43.5'
08/30 14:08:09 [Localization System] CLocalize::FindSafe failed to localize: 'AIB[D] blocked=recover-candidate reason=no_action_capped hp=50 score=44'
08/30 14:08:09 [Localization System] CLocalize::FindSafe failed to localize: 'AIB[D] intent=state-desire-fight family=state base=78 range=18 dist=549 hp=50 ehp=61 reason=enemy_seen score=96'
08/30 14:08:09 [Localization System] CLocalize::FindSafe failed to localize: 'AIB[D] blocked=hero-contact reason=refractory since=0.13'
08/30 14:08:09 [Localization System] CLocalize::FindSafe failed to localize: 'AIB[D] intent=hero-pass family=fight dist=549 hp=50 reason=nearby_enemy'
08/30 14:08:09 [Localization System] CLocalize::FindSafe failed to localize: 'AIB[R] intent=tick-owner family=other stage=fight intent=creep-aggro'
08/30 14:08:09 [Localization System] CLocalize::FindSafe failed to localize: 'AIB[D] blocked=top-arbiter reason=empty_action winner=fight score=114'
08/30 14:08:09 [Localization System] CLocalize::FindSafe failed to localize: 'AIB[D] intent=top-arbiter family=state winner=hero-over-creep:52 losers=fight:114,safe-cs:56,idle-heal:46,emergency-retreat:45,fwd-pullback:44'
08/30 14:08:09 [Localization System] CLocalize::FindSafe failed to localize: 'AIB[D] intent=tick-owner family=other stage=desire/hero-over-creep reason=ready score=52 band=lanework'
08/30 14:08:10 [Localization System] CLocalize::FindSafe failed to localize: 'AIB[D] intent=state-desire-safety family=state base=108 creep_dmg=8 hp=49 creep=true hero=true reason=recent_damage score=116'
08/30 14:08:10 [Localization System] CLocalize::FindSafe failed to localize: 'AIB[D] intent=creep-hit-react family=safety dist=133 hp=49 hits=1 reason=edge_attack'
08/30 14:08:10 [Localization System] CLocalize::FindSafe failed to localize: 'AIB[D] blocked=safety-candidate reason=no_action_capped hp=49 score=44'
08/30 14:08:10 [Localization System] CLocalize::FindSafe failed to localize: 'AIB[R] intent=hero-contact family=fight dist=568 hp=58 reason=attackable_enemy'
08/30 14:08:10 [Localization System] CLocalize::FindSafe failed to localize: 'AIB[D] blocked=creep-aggro reason=hero_trading hp=49 hits=1'
08/30 14:08:10 [Localization System] CLocalize::FindSafe failed to localize: 'AIB[D] intent=arbiter family=fight winner=hero-pass:105 losers=creep-aggro:95'
08/30 14:08:10 [Localization System] CLocalize::FindSafe failed to localize: 'AIB[R] intent=creep-aggro family=safety hp=57 reason=creep_hitting'
08/30 14:08:10 [Localization System] CLocalize::FindSafe failed to localize: 'AIB[D] intent=creep-aggro family=safety hp=49 dest=276,405 reason=recent_creep_damage'
08/30 14:08:10 [Localization System] CLocalize::FindSafe failed to localize: 'AIB[D] blocked=ability-pressure reason=nothing_castable'
08/30 14:08:10 [Localization System] CLocalize::FindSafe failed to localize: 'AIB[D] intent=recovery-plan family=recover action=buy_item_flask reason=checkpoint_block item=item_magic_stick hp=49 gold=80'
08/30 14:08:10 [Localization System] CLocalize::FindSafe failed to localize: 'AIB[D] blocked=uphill-repo reason=no_step'
08/30 14:08:10 [Localization System] CLocalize::FindSafe failed to localize: 'AIB[D] blocked=hero-prio-chase reason=lane_work dist=635 cs=true creep=true hp_adv=false kill_pressure=false close=false low_farm=false lane_override=false'
08/30 14:08:10 [Localization System] CLocalize::FindSafe failed to localize: 'AIB[D] blocked=harass reason=no_target'
08/30 14:08:11 [Localization System] CLocalize::FindSafe failed to localize: 'AIB[D] blocked=buy-loop reason=saving target=item_magic_wand head=item_magic_stick cost=200 gold=80 left=2'
08/30 14:08:11 [Localization System] CLocalize::FindSafe failed to localize: 'AIB[R] intent=state-desire-fight family=state base=78 execute=20 dist=674 hp=55 ehp=48 hyst=18 reason=enemy_seen score=116'
08/30 14:08:11 [Localization System] CLocalize::FindSafe failed to localize: 'AIB[R] blocked=ability-pressure reason=nothing_castable'
08/30 14:08:11 [Localization System] CLocalize::FindSafe failed to localize: 'AIB[R] intent=top-arbiter family=state winner=fight:116 losers=safety:116,hero-over-creep:52,idle-heal:46,emergency-retreat:45,fwd-pullback:44'
08/30 14:08:11 [Localization System] CLocalize::FindSafe failed to localize: 'AIB[R] blocked=recover-candidate reason=no_action_capped hp=53 score=44'
08/30 14:08:11 [Localization System] CLocalize::FindSafe failed to localize: 'AIB[R] intent=arbiter family=fight winner=creep-aggro:112 losers=hero-pass:60'
08/30 14:08:11 [Localization System] CLocalize::FindSafe failed to localize: 'AIB[D] intent=state-desire-fight family=state base=78 range=18 execute=20 dist=624 hp=48 ehp=53 hyst=18 reason=enemy_seen score=134'
08/30 14:08:11 [Localization System] CLocalize::FindSafe failed to localize: 'AIB[R] blocked=hero-contact reason=refractory since=0.30'
08/30 14:08:11 [Localization System] CLocalize::FindSafe failed to localize: 'AIB[D] intent=state-desire-last-hit family=farm dist=157 reason=killable_creep score=140'
08/30 14:08:11 [Localization System] CLocalize::FindSafe failed to localize: 'AIB[D] intent=top-arbiter family=state winner=last-hit:140 losers=fight:134,safe-cs:56,hero-over-creep:52,cs-inrange:50,idle-heal:46'
08/30 14:08:11 [Localization System] CLocalize::FindSafe failed to localize: 'AIB[D] blocked=fight-candidate reason=no_action_capped hp=48 score=40'
08/30 14:08:11 [Server] Game code (account 0) tried to execute invalid order (19). Target NPC is dead.
08/30 14:08:11 [Localization System] CLocalize::FindSafe failed to localize: 'AIB[R] intent=tick-owner family=other stage=laning-core'
08/30 14:08:11 [Localization System] CLocalize::FindSafe failed to localize: 'AIB[D] intent=state-desire-safety family=state base=108 creep_dmg=8 hp=48 creep=true hero=false reason=recent_damage score=116'
08/30 14:08:11 [Localization System] CLocalize::FindSafe failed to localize: 'AIB[D] intent=creep-hit-react family=safety dist=133 hp=48 hits=2 reason=edge_attack'
08/30 14:08:11 [Localization System] CLocalize::FindSafe failed to localize: 'AIB[D] intent=tick-owner family=other stage=laning-core'
08/30 14:08:12 [Localization System] CLocalize::FindSafe failed to localize: 'AIB[R] intent=state-desire-last-hit family=farm dist=561 reason=killable_creep score=140'
08/30 14:08:12 [Localization System] CLocalize::FindSafe failed to localize: 'AIB[D] blocked=hero-over-creep reason=no_target'
08/30 14:08:12 [Localization System] CLocalize::FindSafe failed to localize: 'AIB[D] blocked=emergency-kill reason=no_target'
08/30 14:08:12 [Localization System] CLocalize::FindSafe failed to localize: 'AIB[D] blocked=uphill-repo reason=not_trading'
08/30 14:08:12 [Localization System] CLocalize::FindSafe failed to localize: 'AIB[D] t=239s hp=48% gold=119 loc=144,271 enemy-dist=589 lh=14 dn=1 dg=+44 dlh=+1 bottle=3 lvl=4 front=9644 ehp=52'
08/30 14:08:12 [Localization System] CLocalize::FindSafe failed to localize: 'AIB[R] intent=state-desire-fight family=state base=78 range=18 execute=20 dist=589 hp=50 ehp=49 reason=enemy_seen score=116'
08/30 14:08:12 [Localization System] CLocalize::FindSafe failed to localize: 'AIB[R] intent=top-arbiter family=state winner=fight:116 losers=safety:116,safe-cs:56,hero-over-creep:52,idle-heal:46,emergency-retreat:45'
08/30 14:08:12 [Localization System] CLocalize::FindSafe failed to localize: 'AIB[D] blocked=ability-harass reason=nothing_castable'
08/30 14:08:12 Script function 'Think' on bot npc_dota_hero_nevermore took 2.513ms
08/30 14:08:12 [Localization System] CLocalize::FindSafe failed to localize: 'AIB[R] intent=arbiter family=fight winner=creep-aggro:112 losers=hero-pass:105'
08/30 14:08:13 [Localization System] CLocalize::FindSafe failed to localize: 'AIB[D] intent=top-arbiter family=state winner=emergency-kill:43.5 losers=safe-cs:56,hero-over-creep:52,idle-heal:46,emergency-retreat:45,fwd-pullback:44'
08/30 14:08:13 Script function 'Think' on bot npc_dota_hero_nevermore took 2.558ms
08/30 14:08:13 [Localization System] CLocalize::FindSafe failed to localize: 'AIB[R] blocked=creep-aggro reason=hero_trading hp=40 hits=9'
08/30 14:08:13 [Localization System] CLocalize::FindSafe failed to localize: 'AIB[R] intent=tick-owner family=other stage=laning-core'
08/30 14:08:14 Script function 'Think' on bot npc_dota_hero_nevermore took 2.407ms
08/30 14:08:14 [Localization System] CLocalize::FindSafe failed to localize: 'AIB[D] intent=recovery-plan family=recover action=buy_item_flask reason=checkpoint_block item=item_magic_stick hp=49 gold=121'
08/30 14:08:14 [Localization System] CLocalize::FindSafe failed to localize: 'AIB[D] intent=tick-owner family=other stage=laning-core'
08/30 14:08:14 [Localization System] CLocalize::FindSafe failed to localize: 'AIB[D] blocked=buy-tp reason=recent_tp since=55'
08/30 14:08:14 [Localization System] CLocalize::FindSafe failed to localize: 'AIB[R] t=240s hp=40% gold=342 loc=-307,-158 enemy-dist=622 lh=20 dn=2 dg=+67 dlh=+3 bottle=0 lvl=5 front=8887 ehp=49'
08/30 14:08:14 [Localization System] CLocalize::FindSafe failed to localize: 'AIB[R] intent=state-desire-fight family=state base=78 range=18 execute=20 dist=622 hp=40 ehp=49 hyst=18 reason=enemy_seen score=134'
08/30 14:08:14 [Localization System] CLocalize::FindSafe failed to localize: 'AIB[R] blocked=ability-pressure reason=nothing_castable'
08/30 14:08:14 [Localization System] CLocalize::FindSafe failed to localize: 'AIB[R] blocked=hero-contact reason=unsafe dist=622 hp=40 tower=false'
08/30 14:08:14 [Localization System] CLocalize::FindSafe failed to localize: 'AIB[R] intent=top-arbiter family=state winner=fight:134 losers=safety:116,recover:60,safe-cs:56,hero-over-creep:52,idle-heal:46'
08/30 14:08:14 [Localization System] CLocalize::FindSafe failed to localize: 'AIB[D] intent=rune-ground-truth family=rune id=0 status=1 t=240'
08/30 14:08:14 [Localization System] CLocalize::FindSafe failed to localize: 'AIB[R] intent=state-desire-last-hit family=farm dist=207 reason=killable_creep score=140'
08/30 14:08:14 [Localization System] CLocalize::FindSafe failed to localize: 'AIB[D] blocked=uphill-repo reason=motor_busy'
08/30 14:08:14 [Localization System] CLocalize::FindSafe failed to localize: 'AIB[D] blocked=hero-prio-chase reason=lane_work dist=693 cs=false creep=true hp_adv=false kill_pressure=false close=false low_farm=false lane_override=false'
08/30 14:08:14 [Localization System] CLocalize::FindSafe failed to localize: 'AIB[D] blocked=harass reason=no_target'
08/30 14:08:14 [Localization System] CLocalize::FindSafe failed to localize: 'AIB[R] intent=state-desire-safety family=state base=108 creep_dmg=8 hp=39 creep=true hero=true reason=recent_damage score=116'
08/30 14:08:14 [Localization System] CLocalize::FindSafe failed to localize: 'AIB[R] blocked=top-arbiter reason=empty_action winner=safety score=116'
08/30 14:08:14 [Localization System] CLocalize::FindSafe failed to localize: 'AIB[R] intent=arbiter family=fight winner=creep-aggro:72 losers=hero-pass:60'
08/30 14:08:14 [Localization System] CLocalize::FindSafe failed to localize: 'AIB[D] blocked=fight-candidate reason=no_action_capped hp=50 score=40'
08/30 14:08:14 [Localization System] CLocalize::FindSafe failed to localize: 'AIB[D] intent=top-arbiter family=state winner=harass:40 losers=safe-cs:56,hero-over-creep:52,idle-heal:46,emergency-retreat:45,fwd-pullback:44'
08/30 14:08:15 [Localization System] CLocalize::FindSafe failed to localize: 'AIB[D] blocked=hero-over-creep reason=no_target'
08/30 14:08:15 [Localization System] CLocalize::FindSafe failed to localize: 'AIB[D] blocked=emergency-kill reason=no_target'
08/30 14:08:15 [Localization System] CLocalize::FindSafe failed to localize: 'AIB[D] intent=damage-by-source family=other creep=488 tower=0 hero=1978 mixed=323 death=176 other=0 stale=140 gaps=2'
08/30 14:08:15 [Localization System] CLocalize::FindSafe failed to localize: 'AIB[D] blocked=recovery-buy reason=item_checkpoint item=item_magic_stick hp=50 gold=124 cost=200 spend=100'
08/30 14:08:15 [Localization System] CLocalize::FindSafe failed to localize: 'AIB[R] intent=creep-hit-react family=safety dist=136 hp=39 hits=1 reason=edge_attack'
08/30 14:08:15 [Localization System] CLocalize::FindSafe failed to localize: 'AIB[R] intent=top-arbiter family=state winner=safety:116 losers=recover:88,safe-cs:56,hero-over-creep:52,idle-heal:46,emergency-retreat:45'
08/30 14:08:15 [Localization System] CLocalize::FindSafe failed to localize: 'AIB[D] blocked=uphill-repo reason=no_step'
08/30 14:08:15 [Localization System] CLocalize::FindSafe failed to localize: 'AIB[D] blocked=ability-harass reason=nothing_castable'
08/30 14:08:15 [Localization System] CLocalize::FindSafe failed to localize: 'AIB[R] intent=state-desire-recover family=state base=74 danger=28 creep_dmg=-14 hp=39 reason=hp_gate score=88'
08/30 14:08:15 [Localization System] CLocalize::FindSafe failed to localize: 'AIB[R] intent=recovery-policy family=recover action=recover hp=39 gate=55 source=lane-low'
08/30 14:08:16 [Localization System] CLocalize::FindSafe failed to localize: 'AIB[D] blocked=channel-interrupt reason=unsafe dist=738 hp=51 kind=heal'
08/30 14:08:16 [Localization System] CLocalize::FindSafe failed to localize: 'AIB[R] blocked=bottle-rune reason=stage_dead_window eta=-2 nearest=inf'
08/30 14:08:16 [Localization System] CLocalize::FindSafe failed to localize: 'AIB[R] blocked=recovery-rune-bottle reason=stage_done eta=-2 closed=1'
08/30 14:08:16 [Localization System] CLocalize::FindSafe failed to localize: 'AIB[R] intent=recovery-plan family=recover action=lane reason=empty_bottle_no_rune hp=40 mana=20'
08/30 14:08:16 [Localization System] CLocalize::FindSafe failed to localize: 'AIB[R] intent=state-recover-xp family=state ttl=5 reason=post_fight_regen hp=40 dist=575'
08/30 14:08:16 [Localization System] CLocalize::FindSafe failed to localize: 'AIB[R] intent=recovery-owner family=recover band=soft threat=true mode=safe-step hp=40'
08/30 14:08:16 [Localization System] CLocalize::FindSafe failed to localize: 'AIB[R] intent=tick-owner family=other stage=laning-core'
08/30 14:08:16 [Localization System] CLocalize::FindSafe failed to localize: 'AIB[R] blocked=buy-loop reason=saving target=item_power_treads head=item_boots cost=500 gold=383 left=3'
08/30 14:08:16 [Localization System] CLocalize::FindSafe failed to localize: 'AIB[D] intent=tick-owner family=other stage=laning-core'
08/30 14:08:16 [Localization System] CLocalize::FindSafe failed to localize: 'AIB[R] blocked=bottle-rune reason=stage_done eta=-2 closed=1'
08/30 14:08:16 [Localization System] CLocalize::FindSafe failed to localize: 'AIB[D] intent=top-arbiter family=state winner=wave-watch:10 losers=safe-cs:56,hero-over-creep:52,idle-heal:46,emergency-retreat:45,fwd-pullback:44'
08/30 14:08:16 [Localization System] CLocalize::FindSafe failed to localize: 'AIB[R] blocked=recover-candidate reason=no_action_capped hp=43 score=44'
08/30 14:08:16 [Localization System] CLocalize::FindSafe failed to localize: 'AIB[R] blocked=hero-over-creep reason=no_target'
08/30 14:08:16 [Localization System] CLocalize::FindSafe failed to localize: 'AIB[R] blocked=recovery-buy reason=item_checkpoint item=item_boots hp=43 gold=383 cost=500 spend=100'
08/30 14:08:16 [Localization System] CLocalize::FindSafe failed to localize: 'AIB[R] blocked=emergency-kill reason=no_target'
08/30 14:08:16 [Localization System] CLocalize::FindSafe failed to localize: 'AIB[R] blocked=uphill-repo reason=motor_busy'
08/30 14:08:16 [Localization System] CLocalize::FindSafe failed to localize: 'AIB[R] blocked=harass reason=own_heal_running'
08/30 14:08:16 [Localization System] CLocalize::FindSafe failed to localize: 'AIB[R] blocked=ability-harass reason=nothing_castable'
08/30 14:08:17 [Localization System] CLocalize::FindSafe failed to localize: 'AIB[D] intent=recovery-plan family=recover action=back reason=post_fight_regen hp=51'
08/30 14:08:17 [Localization System] CLocalize::FindSafe failed to localize: 'AIB[D] intent=state-recover-xp family=state ttl=5 reason=post_fight_regen hp=51 dist=503'
08/30 14:08:17 [Localization System] CLocalize::FindSafe failed to localize: 'AIB[R] intent=top-arbiter family=state winner=anti-idle:2 losers=safe-cs:56,hero-over-creep:52,idle-heal:46,emergency-retreat:45,fwd-pullback:44'
08/30 14:08:17 [Localization System] CLocalize::FindSafe failed to localize: 'AIB[D] blocked=hero-prio-chase reason=lane_work dist=1264 cs=false creep=true hp_adv=false kill_pressure=false close=false low_farm=false lane_override=false'
08/30 14:08:17 [Localization System] CLocalize::FindSafe failed to localize: 'AIB[D] blocked=harass reason=no_target'
08/30 14:08:17 [Localization System] CLocalize::FindSafe failed to localize: 'AIB[D] t=244s hp=49% gold=127 loc=169,300 enemy-dist=1264 lh=14 dn=1 dg=+8 dlh=+0 bottle=3 lvl=4 front=8620 ehp=47'
08/30 14:08:17 [Localization System] CLocalize::FindSafe failed to localize: 'AIB[D] blocked=recover-candidate reason=no_action_capped hp=49 score=44'
08/30 14:08:17 [Localization System] CLocalize::FindSafe failed to localize: 'AIB[D] intent=state-desire-safety family=state base=108 creep_dmg=8 hp=49 creep=true hero=false reason=recent_damage score=116'
08/30 14:08:17 [Localization System] CLocalize::FindSafe failed to localize: 'AIB[D] intent=creep-hit-react family=safety dist=321 hp=49 hits=1 reason=edge_attack'
08/30 14:08:17 [Localization System] CLocalize::FindSafe failed to localize: 'AIB[R] blocked=uphill-repo reason=no_reposition'
08/30 14:08:17 [Localization System] CLocalize::FindSafe failed to localize: 'AIB[D] blocked=safety-candidate reason=no_action_capped hp=49 score=44'
08/30 14:08:17 [Localization System] CLocalize::FindSafe failed to localize: 'AIB[D] intent=top-arbiter family=state winner=wave-watch:10 losers=safe-cs:56,hero-over-creep:52,idle-heal:46,emergency-retreat:45,fwd-pullback:44'
08/30 14:08:18 [Localization System] CLocalize::FindSafe failed to localize: 'AIB[R] intent=tick-owner family=other stage=laning-core'
08/30 14:08:18 [Localization System] CLocalize::FindSafe failed to localize: 'AIB[D] intent=tick-owner family=other stage=laning-core'
08/30 14:08:18 [Localization System] CLocalize::FindSafe failed to localize: 'AIB[R] blocked=siege reason=desire_or_hp hp=50 adv=false'
08/30 14:08:18 [Localization System] CLocalize::FindSafe failed to localize: 'AIB[R] intent=tower-opportunity family=siege result=blocked_desire_or_hp wave=1 hp=50 adv=false'
08/30 14:08:18 [Localization System] CLocalize::FindSafe failed to localize: 'AIB[D] blocked=hero-over-creep reason=no_target'
08/30 14:08:18 [Localization System] CLocalize::FindSafe failed to localize: 'AIB[D] blocked=emergency-kill reason=no_target'
08/30 14:08:18 [Localization System] CLocalize::FindSafe failed to localize: 'AIB[R] intent=damage-by-source family=other creep=505 tower=65 hero=1125 mixed=115 death=0 other=123 stale=85 gaps=2'
08/30 14:08:18 [Localization System] CLocalize::FindSafe failed to localize: 'AIB[D] blocked=wave-watch reason=not_finishable creep_hp=239 dist=406 idle=6'
08/30 14:08:18 [Localization System] CLocalize::FindSafe failed to localize: 'AIB[D] blocked=uphill-repo reason=no_step'
08/30 14:08:18 [Localization System] CLocalize::FindSafe failed to localize: 'AIB[R] intent=top-arbiter family=state winner=anti-idle:2 losers=safe-cs:56,hero-over-creep:52,idle-heal:46,emergency-retreat:45,fwd-pullback:44'
08/30 14:08:19 [Localization System] CLocalize::FindSafe failed to localize: 'AIB[D] blocked=buy-loop reason=saving target=item_magic_wand head=item_magic_stick cost=200 gold=129 left=2'
08/30 14:08:19 [Localization System] CLocalize::FindSafe failed to localize: 'AIB[R] t=245s hp=53% gold=387 loc=-375,-283 enemy-dist=1127 lh=21 dn=2 dg=+45 dlh=+1 bottle=0 lvl=5 front=9377 ehp=50'
08/30 14:08:19 [Localization System] CLocalize::FindSafe failed to localize: 'AIB[R] intent=rune-ground-truth family=rune id=1 status=1 t=245'
08/30 14:08:19 [Localization System] CLocalize::FindSafe failed to localize: 'AIB[R] intent=recovery-plan family=recover action=rune reason=start source=bottle-rune dist=1813 hp=53 mana=21'
08/30 14:08:19 [Localization System] CLocalize::FindSafe failed to localize: 'AIB[R] intent=state-rune-commit family=rune source=bottle-rune phase=start ttl=30 dist=1813 hp=53 mana=21'
08/30 14:08:19 [Localization System] CLocalize::FindSafe failed to localize: 'AIB[R] intent=rune-transaction family=rune source=bottle-rune phase=start ttl=30 dist=1813 hp=53 mana=21'
08/30 14:08:19 [Localization System] CLocalize::FindSafe failed to localize: 'AIB[R] intent=bottle-rune family=rune dist=1813 hp=53 mana=21 reason=start'
08/30 14:08:19 [Localization System] CLocalize::FindSafe failed to localize: 'AIB[D] intent=top-arbiter family=state winner=creep-work:38.6 losers=safe-cs:56,hero-over-creep:52,idle-heal:46,emergency-retreat:45,fwd-pullback:44'
08/30 14:08:19 [Localization System] CLocalize::FindSafe failed to localize: 'AIB[D] intent=state-desire-last-hit family=farm dist=187 reason=killable_creep score=140'
08/30 14:08:19 [Localization System] CLocalize::FindSafe failed to localize: 'AIB[R] blocked=hero-over-creep reason=no_target'
08/30 14:08:20 [Localization System] CLocalize::FindSafe failed to localize: 'AIB[R] intent=tick-owner family=other stage=laning-core'
08/30 14:08:20 [Localization System] CLocalize::FindSafe failed to localize: 'AIB[D] intent=state-desire-safety family=state base=108 creep_dmg=8 hp=49 creep=true hero=false reason=recent_damage score=116'
08/30 14:08:20 [Localization System] CLocalize::FindSafe failed to localize: 'AIB[D] intent=creep-hit-react family=safety dist=132 hp=49 hits=3 reason=aggro_step'
08/30 14:08:20 [Localization System] CLocalize::FindSafe failed to localize: 'AIB[D] intent=tick-owner family=other stage=desire/safety base=108 creep_dmg=8 hp=49 creep=true hero=false reason=recent_damage score=116'
08/30 14:08:20 [Localization System] CLocalize::FindSafe failed to localize: 'AIB[R] intent=top-arbiter family=state winner=idle-heal:46 losers=hero-over-creep:52,emergency-retreat:45,fwd-pullback:44,emergency-kill:43.5,uphill:43'
08/30 14:08:20 [Localization System] CLocalize::FindSafe failed to localize: 'AIB[D] blocked=uphill-repo reason=not_trading'
08/30 14:08:20 [Localization System] CLocalize::FindSafe failed to localize: 'AIB[D] blocked=ability-harass reason=nothing_castable'
08/30 14:08:20 [Localization System] CLocalize::FindSafe failed to localize: 'AIB[D] blocked=hero-prio-chase reason=lane_work dist=1153 cs=false creep=true hp_adv=false kill_pressure=false close=false low_farm=false lane_override=false'
08/30 14:08:20 [Localization System] CLocalize::FindSafe failed to localize: 'AIB[D] blocked=harass reason=no_target'
08/30 14:08:20 [Localization System] CLocalize::FindSafe failed to localize: 'AIB[D] intent=rune-ground-truth family=rune id=1 status=1 t=247'
08/30 14:08:20 [Localization System] CLocalize::FindSafe failed to localize: 'AIB[D] blocked=safety-candidate reason=no_action_capped hp=49 score=44'
08/30 14:08:20 [Localization System] CLocalize::FindSafe failed to localize: 'AIB[D] blocked=recover-candidate reason=no_action_capped hp=49 score=44'
08/30 14:08:21 [Localization System] CLocalize::FindSafe failed to localize: 'AIB[D] intent=rune-ground-truth family=rune id=1 status=2 t=247'
08/30 14:08:21 [Localization System] CLocalize::FindSafe failed to localize: 'AIB[D] blocked=top-arbiter reason=empty_action winner=safety score=134'
08/30 14:08:21 [Localization System] CLocalize::FindSafe failed to localize: 'AIB[D] intent=top-arbiter family=state winner=creep-work:38.6 losers=safety:134,safe-cs:56,hero-over-creep:52,idle-heal:46,emergency-retreat:45'
08/30 14:08:21 [Localization System] CLocalize::FindSafe failed to localize: 'AIB[D] intent=creep-hit-react family=safety dist=572 hp=48 hits=4 reason=aggro_step'
08/30 14:08:21 [Localization System] CLocalize::FindSafe failed to localize: 'AIB[D] intent=rune-ground-truth family=rune id=1 status=1 t=247'
08/30 14:08:21 [Localization System] CLocalize::FindSafe failed to localize: 'AIB[D] blocked=channel-interrupt reason=unsafe dist=1068 hp=49 kind=heal'
08/30 14:08:21 [Localization System] CLocalize::FindSafe failed to localize: 'AIB[D] blocked=hero-over-creep reason=no_target'
08/30 14:08:21 [Localization System] CLocalize::FindSafe failed to localize: 'AIB[D] blocked=emergency-kill reason=no_target'
08/30 14:08:21 [Localization System] CLocalize::FindSafe failed to localize: 'AIB[R] intent=top-arbiter family=state winner=idle-heal:46 losers=hero-over-creep:52,emergency-retreat:45,fwd-pullback:44,emergency-kill:43.5,uphill:43'
08/30 14:08:21 [Localization System] CLocalize::FindSafe failed to localize: 'AIB[D] intent=state-desire-last-hit family=farm dist=475 reason=killable_creep score=140'
08/30 14:08:22 [Localization System] CLocalize::FindSafe failed to localize: 'AIB[D] blocked=buy-tp reason=recent_tp since=63'
08/30 14:08:22 [Localization System] CLocalize::FindSafe failed to localize: 'AIB[R] intent=tick-owner family=other stage=laning-core'
08/30 14:08:22 [Localization System] CLocalize::FindSafe failed to localize: 'AIB[R] intent=rune-ground-truth family=rune id=1 status=2 t=248'
08/30 14:08:22 [Localization System] CLocalize::FindSafe failed to localize: 'AIB[D] intent=tick-owner family=other stage=laning-core'
08/30 14:08:22 [Localization System] CLocalize::FindSafe failed to localize: 'AIB[R] intent=rune-ground-truth family=rune id=1 status=1 t=248'
08/30 14:08:22 [Localization System] CLocalize::FindSafe failed to localize: 'AIB[R] intent=recovery-plan family=recover action=rune reason=commit source=bottle-rune dist=929'
08/30 14:08:22 [Localization System] CLocalize::FindSafe failed to localize: 'AIB[R] intent=state-rune-commit family=rune source=bottle-rune phase=commit ttl=30 dist=929'
08/30 14:08:22 [Localization System] CLocalize::FindSafe failed to localize: 'AIB[R] intent=rune-transaction family=rune source=bottle-rune phase=commit ttl=30 dist=929'
08/30 14:08:22 [Localization System] CLocalize::FindSafe failed to localize: 'AIB[R] intent=bottle-rune family=rune dist=929 age=3 reason=commit'
08/30 14:08:22 [Localization System] CLocalize::FindSafe failed to localize: 'AIB[R] blocked=hero-over-creep reason=no_target'
08/30 14:08:23 [Localization System] CLocalize::FindSafe failed to localize: 'AIB[R] intent=top-arbiter family=state winner=idle-heal:46 losers=hero-over-creep:52,emergency-retreat:45,fwd-pullback:44,emergency-kill:43.5,uphill:43'
08/30 14:08:24 [Localization System] CLocalize::FindSafe failed to localize: 'AIB[R] blocked=buy-loop reason=saving target=item_power_treads head=item_boots cost=500 gold=395 left=3'
08/30 14:08:24 [Localization System] CLocalize::FindSafe failed to localize: 'AIB[R] t=250s hp=75% gold=395 loc=883,-948 lh=21 dn=2 dg=+8 dlh=+0 bottle=0 lvl=5 front=7078 ehp=-1'
08/30 14:08:24 [Localization System] CLocalize::FindSafe failed to localize: 'AIB[R] intent=tick-owner family=other stage=laning-core'
08/30 14:08:24 [Localization System] CLocalize::FindSafe failed to localize: 'AIB[D] t=250s hp=48% gold=176 loc=945,837 lh=15 dn=1 dg=+49 dlh=+1 bottle=3 lvl=4 front=8620 ehp=-1'
08/30 14:08:24 [Localization System] CLocalize::FindSafe failed to localize: 'AIB[D] intent=rune-ground-truth family=rune id=1 status=2 t=250'
08/30 14:08:24 [Localization System] CLocalize::FindSafe failed to localize: 'AIB[D] blocked=recover-candidate reason=no_action_capped hp=48 score=44'
08/30 14:08:24 [Localization System] CLocalize::FindSafe failed to localize: 'AIB[D] blocked=uphill-repo reason=no_reposition'
08/30 14:08:24 [Localization System] CLocalize::FindSafe failed to localize: 'AIB[D] blocked=harass reason=no_target'
08/30 14:08:24 [Localization System] CLocalize::FindSafe failed to localize: 'AIB[D] blocked=ability-harass reason=nothing_castable'
08/30 14:08:24 [Localization System] CLocalize::FindSafe failed to localize: 'AIB[D] intent=top-arbiter family=state winner=visual-afk:8 losers=safe-cs:56,hero-over-creep:52,idle-heal:46,emergency-retreat:45,fwd-pullback:44'
08/30 14:08:24 [Localization System] CLocalize::FindSafe failed to localize: 'AIB[D] intent=tick-owner family=other stage=desire/visual-afk reason=ready score=8 band=idle'
08/30 14:08:24 [Localization System] CLocalize::FindSafe failed to localize: 'AIB[R] intent=recovery-plan family=recover action=rune reason=commit source=bottle-rune dist=288'
08/30 14:08:24 [Localization System] CLocalize::FindSafe failed to localize: 'AIB[R] intent=state-rune-commit family=rune source=bottle-rune phase=commit ttl=30 dist=288'
08/30 14:08:24 [Localization System] CLocalize::FindSafe failed to localize: 'AIB[R] intent=rune-transaction family=rune source=bottle-rune phase=commit ttl=30 dist=288'
08/30 14:08:24 [Localization System] CLocalize::FindSafe failed to localize: 'AIB[R] intent=bottle-rune family=rune dist=288 age=5 reason=commit'
08/30 14:08:24 [Localization System] CLocalize::FindSafe failed to localize: 'AIB[D] blocked=hero-over-creep reason=no_target'
08/30 14:08:24 [Localization System] CLocalize::FindSafe failed to localize: 'AIB[D] blocked=emergency-kill reason=no_target'
08/30 14:08:25 [Localization System] CLocalize::FindSafe failed to localize: 'AIB[R] intent=top-arbiter family=state winner=idle-heal:46 losers=hero-over-creep:52,emergency-retreat:45,fwd-pullback:44,emergency-kill:43.5,uphill:43'
08/30 14:08:25 [Localization System] CLocalize::FindSafe failed to localize: 'AIB[R] intent=rune-ground-truth family=rune id=1 status=2 t=252'
08/30 14:08:25 [Localization System] CLocalize::FindSafe failed to localize: 'AIB[R] blocked=hero-over-creep reason=no_target'
08/30 14:08:25 [Localization System] CLocalize::FindSafe failed to localize: 'AIB[R] blocked=emergency-kill reason=no_target'
08/30 14:08:25 [Localization System] CLocalize::FindSafe failed to localize: 'AIB[R] blocked=uphill-repo reason=no_reposition'
08/30 14:08:25 [Localization System] CLocalize::FindSafe failed to localize: 'AIB[R] blocked=harass reason=own_heal_running'
08/30 14:08:25 [Localization System] CLocalize::FindSafe failed to localize: 'AIB[R] blocked=ability-harass reason=nothing_castable'
08/30 14:08:26 [Localization System] CLocalize::FindSafe failed to localize: 'AIB[R] intent=tick-owner family=other stage=laning-core'
08/30 14:08:26 [Localization System] CLocalize::FindSafe failed to localize: 'AIB[R] intent=top-arbiter family=state winner=anti-idle:2 losers=hero-over-creep:52,idle-heal:46,emergency-retreat:45,fwd-pullback:44,emergency-kill:43.5'
08/30 14:08:27 [Localization System] CLocalize::FindSafe failed to localize: 'AIB[D] blocked=buy-loop reason=saving target=item_magic_wand head=item_magic_stick cost=200 gold=180 left=2'
08/30 14:08:27 [Localization System] CLocalize::FindSafe failed to localize: 'AIB[D] blocked=uphill-repo reason=no_reposition'
08/30 14:08:27 [Localization System] CLocalize::FindSafe failed to localize: 'AIB[D] blocked=harass reason=no_target'
08/30 14:08:27 [Localization System] CLocalize::FindSafe failed to localize: 'AIB[D] blocked=ability-harass reason=nothing_castable'
08/30 14:08:27 [Localization System] CLocalize::FindSafe failed to localize: 'AIB[D] blocked=hero-over-creep reason=no_target'
08/30 14:08:27 [Localization System] CLocalize::FindSafe failed to localize: 'AIB[D] blocked=emergency-kill reason=no_target'
08/30 14:08:28 [Localization System] CLocalize::FindSafe failed to localize: 'AIB[D] blocked=visual-hold reason=empty held=2.1 hp=50 repeat=1 hard=false'
08/30 14:08:28 [Localization System] CLocalize::FindSafe failed to localize: 'AIB[D] intent=top-arbiter family=state winner=visual-hold:20 losers=safe-cs:56,hero-over-creep:52,idle-heal:46,emergency-retreat:45,fwd-pullback:44'
08/30 14:08:28 [Localization System] CLocalize::FindSafe failed to localize: 'AIB[D] intent=tick-owner family=other stage=desire/visual-hold reason=ready score=20 band=position'
08/30 14:08:28 [Server] PR:IncrementIdleTime 6:[I:0:0] 2.37
08/30 14:08:28 [Localization System] CLocalize::FindSafe failed to localize: 'AIB[R] intent=top-arbiter family=state winner=anti-idle:2 losers=hero-over-creep:52,idle-heal:46,emergency-retreat:45,fwd-pullback:44,emergency-kill:43.5'
08/30 14:08:28 [Localization System] CLocalize::FindSafe failed to localize: 'AIB[R] intent=tick-owner family=other stage=laning-core'
08/30 14:08:28 [Localization System] CLocalize::FindSafe failed to localize: 'AIB[R] blocked=hero-over-creep reason=no_target'
08/30 14:08:28 [Localization System] CLocalize::FindSafe failed to localize: 'AIB[R] blocked=emergency-kill reason=no_target'
08/30 14:08:28 [Localization System] CLocalize::FindSafe failed to localize: 'AIB[R] blocked=uphill-repo reason=no_reposition'
08/30 14:08:28 [Localization System] CLocalize::FindSafe failed to localize: 'AIB[R] blocked=harass reason=no_target'
08/30 14:08:28 [Localization System] CLocalize::FindSafe failed to localize: 'AIB[R] blocked=ability-harass reason=nothing_castable'
08/30 14:08:29 [Localization System] CLocalize::FindSafe failed to localize: 'AIB[R] t=255s hp=100% gold=402 loc=207,-1623 lh=21 dn=2 dg=+7 dlh=+0 bottle=1 lvl=5 front=7229 ehp=-1'
08/30 14:08:29 [Localization System] CLocalize::FindSafe failed to localize: 'AIB[D] t=255s hp=51% gold=184 loc=866,638 lh=15 dn=1 dg=+8 dlh=+0 bottle=3 lvl=4 front=8911 ehp=-1'
08/30 14:08:29 [Localization System] CLocalize::FindSafe failed to localize: 'AIB[R] intent=top-arbiter family=state winner=anti-idle:2 losers=hero-over-creep:52,idle-heal:46,emergency-retreat:45,fwd-pullback:44,emergency-kill:43.5'
08/30 14:08:30 [Localization System] CLocalize::FindSafe failed to localize: 'AIB[D] blocked=buy-tp reason=recent_tp since=71'
08/30 14:08:30 [Localization System] CLocalize::FindSafe failed to localize: 'AIB[D] intent=top-arbiter family=state winner=anti-idle:2 losers=safe-cs:56,hero-over-creep:52,idle-heal:46,emergency-retreat:45,fwd-pullback:44'
08/30 14:08:30 [Localization System] CLocalize::FindSafe failed to localize: 'AIB[D] intent=tick-owner family=other stage=laning-core'
08/30 14:08:30 [Localization System] CLocalize::FindSafe failed to localize: 'AIB[R] intent=tick-owner family=other stage=laning-core'
08/30 14:08:30 [Localization System] CLocalize::FindSafe failed to localize: 'AIB[D] blocked=uphill-repo reason=no_reposition'
08/30 14:08:30 [Localization System] CLocalize::FindSafe failed to localize: 'AIB[D] blocked=harass reason=no_target'
08/30 14:08:30 [Localization System] CLocalize::FindSafe failed to localize: 'AIB[D] blocked=ability-harass reason=nothing_castable'
08/30 14:08:30 [Localization System] CLocalize::FindSafe failed to localize: 'AIB[D] intent=damage-by-source family=other creep=533 tower=0 hero=1978 mixed=323 death=176 other=0 stale=140 gaps=2'
08/30 14:08:30 [Localization System] CLocalize::FindSafe failed to localize: 'AIB[D] blocked=hero-over-creep reason=no_target'
08/30 14:08:30 [Localization System] CLocalize::FindSafe failed to localize: 'AIB[D] blocked=emergency-kill reason=no_target'
08/30 14:08:31 [Localization System] CLocalize::FindSafe failed to localize: 'AIB[R] intent=top-arbiter family=state winner=anti-idle:2 losers=hero-over-creep:52,idle-heal:46,emergency-retreat:45,fwd-pullback:44,emergency-kill:43.5'
08/30 14:08:31 [Localization System] CLocalize::FindSafe failed to localize: 'AIB[D] intent=top-arbiter family=state winner=anti-idle:2 losers=safe-cs:56,hero-over-creep:52,idle-heal:46,emergency-retreat:45,fwd-pullback:44'
08/30 14:08:32 [Localization System] CLocalize::FindSafe failed to localize: 'AIB[R] blocked=hero-over-creep reason=no_target'
08/30 14:08:32 [Localization System] CLocalize::FindSafe failed to localize: 'AIB[R] blocked=emergency-kill reason=no_target'
08/30 14:08:32 [Localization System] CLocalize::FindSafe failed to localize: 'AIB[R] blocked=uphill-repo reason=no_reposition'
08/30 14:08:32 [Localization System] CLocalize::FindSafe failed to localize: 'AIB[R] blocked=harass reason=no_target'
08/30 14:08:32 [Localization System] CLocalize::FindSafe failed to localize: 'AIB[R] blocked=ability-harass reason=nothing_castable'
08/30 14:08:32 [Localization System] CLocalize::FindSafe failed to localize: 'AIB[R] blocked=buy-loop reason=saving target=item_power_treads head=item_boots cost=500 gold=407 left=3'
08/30 14:08:32 [Localization System] CLocalize::FindSafe failed to localize: 'AIB[D] intent=tick-owner family=other stage=laning-core'
08/30 14:08:32 [Localization System] CLocalize::FindSafe failed to localize: 'AIB[R] intent=tick-owner family=other stage=laning-core'
08/30 14:08:32 [Localization System] CLocalize::FindSafe failed to localize: 'AIB[D] blocked=hero-prio-chase reason=lane_work dist=1458 cs=false creep=false hp_adv=false kill_pressure=false close=false low_farm=false lane_override=false'
08/30 14:08:32 [Localization System] CLocalize::FindSafe failed to localize: 'AIB[D] blocked=wave-watch reason=not_finishable creep_hp=550 dist=770 idle=13'
08/30 14:08:32 [Localization System] CLocalize::FindSafe failed to localize: 'AIB[R] intent=top-arbiter family=state winner=anti-idle:2 losers=hero-over-creep:52,idle-heal:46,emergency-retreat:45,fwd-pullback:44,emergency-kill:43.5'
08/30 14:08:33 [Localization System] CLocalize::FindSafe failed to localize: 'AIB[D] intent=rune-ground-truth family=rune id=0 status=2 t=259'
08/30 14:08:33 [Localization System] CLocalize::FindSafe failed to localize: 'AIB[D] intent=top-arbiter family=state winner=wave-watch:10 losers=safe-cs:56,hero-over-creep:52,idle-heal:46,emergency-retreat:45,fwd-pullback:44'
08/30 14:08:33 [Localization System] CLocalize::FindSafe failed to localize: 'AIB[D] blocked=uphill-repo reason=no_reposition'
08/30 14:08:33 [Localization System] CLocalize::FindSafe failed to localize: 'AIB[D] intent=melee-pack-space family=safety count=2 dist=142'
08/30 14:08:33 [Localization System] CLocalize::FindSafe failed to localize: 'AIB[R] intent=damage-by-source family=other creep=505 tower=65 hero=1125 mixed=115 death=0 other=123 stale=85 gaps=2'
08/30 14:08:33 [Localization System] CLocalize::FindSafe failed to localize: 'AIB[D] blocked=hero-over-creep reason=no_target'
08/30 14:08:33 [Localization System] CLocalize::FindSafe failed to localize: 'AIB[D] blocked=emergency-kill reason=no_target'
08/30 14:08:33 [Localization System] CLocalize::FindSafe failed to localize: 'AIB[D] blocked=harass reason=no_target'
08/30 14:08:33 [Localization System] CLocalize::FindSafe failed to localize: 'AIB[R] blocked=uphill-repo reason=not_trading'
08/30 14:08:34 Script function 'Think' on bot npc_dota_hero_nevermore took 2.780ms
08/30 14:08:34 [Localization System] CLocalize::FindSafe failed to localize: 'AIB[D] intent=tick-owner family=other stage=laning-core'
08/30 14:08:34 [Localization System] CLocalize::FindSafe failed to localize: 'AIB[R] t=260s hp=100% gold=410 loc=-913,-770 enemy-dist=1015 lh=21 dn=2 dg=+8 dlh=+0 bottle=1 lvl=5 front=8499 ehp=54'
08/30 14:08:34 [Localization System] CLocalize::FindSafe failed to localize: 'AIB[R] intent=melee-pack-space family=safety count=2 dist=144'
08/30 14:08:34 [Localization System] CLocalize::FindSafe failed to localize: 'AIB[R] intent=tick-owner family=other stage=desire/ranged-spacing reason=ready score=41 band=lanework'
08/30 14:08:34 [Localization System] CLocalize::FindSafe failed to localize: 'AIB[R] intent=top-arbiter family=state winner=wave-watch:10 losers=hero-over-creep:52,idle-heal:46,emergency-retreat:45,fwd-pullback:44,emergency-kill:43.5'
08/30 14:08:34 Script function 'Think' on bot npc_dota_hero_nevermore took 2.175ms
08/30 14:08:34 [Localization System] CLocalize::FindSafe failed to localize: 'AIB[D] t=261s hp=54% gold=191 loc=-183,-65 enemy-dist=944 lh=15 dn=1 dg=+7 dlh=+0 bottle=3 lvl=4 front=10023 ehp=100'
08/30 14:08:34 [Localization System] CLocalize::FindSafe failed to localize: 'AIB[R] intent=cs-watchdog family=farm lh=21 idle=18 creep_hp=402 dist=485'
08/30 14:08:34 Script function 'Think' on bot npc_dota_hero_nevermore took 2.197ms
08/30 14:08:34 [Localization System] CLocalize::FindSafe failed to localize: 'AIB[D] intent=top-arbiter family=state winner=creep-work:38.6 losers=safe-cs:56,hero-over-creep:52,idle-heal:46,emergency-retreat:45,fwd-pullback:44'
08/30 14:08:35 [Localization System] CLocalize::FindSafe failed to localize: 'AIB[D] blocked=buy-loop reason=saving target=item_magic_wand head=item_magic_stick cost=200 gold=192 left=2'
08/30 14:08:35 [Localization System] CLocalize::FindSafe failed to localize: 'AIB[R] blocked=hero-over-creep reason=no_target'
08/30 14:08:35 [Localization System] CLocalize::FindSafe failed to localize: 'AIB[R] blocked=emergency-kill reason=no_target'
08/30 14:08:35 [Localization System] CLocalize::FindSafe failed to localize: 'AIB[R] blocked=harass reason=no_target'
08/30 14:08:35 [Localization System] CLocalize::FindSafe failed to localize: 'AIB[R] blocked=ability-harass reason=nothing_castable'
08/30 14:08:35 Script function 'Think' on bot npc_dota_hero_nevermore took 2.034ms
08/30 14:08:36 [Localization System] CLocalize::FindSafe failed to localize: 'AIB[D] blocked=hero-prio-chase reason=lane_work dist=928 cs=false creep=true hp_adv=false kill_pressure=false close=false low_farm=false lane_override=false'
08/30 14:08:36 [Localization System] CLocalize::FindSafe failed to localize: 'AIB[R] intent=top-arbiter family=state winner=wave-watch:10 losers=hero-over-creep:52,idle-heal:46,emergency-retreat:45,fwd-pullback:44,emergency-kill:43.5'
08/30 14:08:36 [Localization System] CLocalize::FindSafe failed to localize: 'AIB[D] intent=tick-owner family=other stage=laning-core'
08/30 14:08:36 [Localization System] CLocalize::FindSafe failed to localize: 'AIB[R] intent=tick-owner family=other stage=laning-core'
08/30 14:08:36 [Localization System] CLocalize::FindSafe failed to localize: 'AIB[D] intent=top-arbiter family=state winner=creep-work:38.6 losers=safe-cs:56,hero-over-creep:52,idle-heal:46,emergency-retreat:45,fwd-pullback:44'
08/30 14:08:36 [Localization System] CLocalize::FindSafe failed to localize: 'AIB[R] blocked=visual-hold reason=creep_in_range held=2.2 hp=100 repeat=3 hard=true'
08/30 14:08:36 [Localization System] CLocalize::FindSafe failed to localize: 'AIB[D] blocked=uphill-repo reason=no_reposition'
08/30 14:08:36 [Localization System] CLocalize::FindSafe failed to localize: 'AIB[D] blocked=ability-harass reason=nothing_castable'
08/30 14:08:36 [Localization System] CLocalize::FindSafe failed to localize: 'AIB[D] blocked=wave-watch reason=not_finishable creep_hp=240 dist=520 idle=16'
08/30 14:08:36 [Server] PR:IncrementIdleTime 1:[I:0:0] 2.00
08/30 14:08:36 [Localization System] CLocalize::FindSafe failed to localize: 'AIB[D] blocked=hero-over-creep reason=no_target'
08/30 14:08:36 [Localization System] CLocalize::FindSafe failed to localize: 'AIB[D] blocked=emergency-kill reason=no_target'
08/30 14:08:36 [Localization System] CLocalize::FindSafe failed to localize: 'AIB[D] blocked=harass reason=no_target'
08/30 14:08:37 [Localization System] CLocalize::FindSafe failed to localize: 'AIB[R] intent=top-arbiter family=state winner=visual-hold:20 losers=hero-over-creep:52,idle-heal:46,emergency-retreat:45,fwd-pullback:44,emergency-kill:43.5'
08/30 14:08:37 [Localization System] CLocalize::FindSafe failed to localize: 'AIB[D] intent=wave-watch-work family=other lh=15 idle=18 creep_hp=152 dist=520'
08/30 14:08:37 [Localization System] CLocalize::FindSafe failed to localize: 'AIB[R] blocked=uphill-repo reason=not_trading'
08/30 14:08:38 [Localization System] CLocalize::FindSafe failed to localize: 'AIB[R] intent=state-desire-last-hit family=farm dist=499 reason=killable_creep score=140'
08/30 14:08:38 [Localization System] CLocalize::FindSafe failed to localize: 'AIB[D] intent=top-arbiter family=state winner=wave-watch:10 losers=hero-over-creep:52,idle-heal:46,emergency-retreat:45,fwd-pullback:44,emergency-kill:43.5'
08/30 14:08:38 [Localization System] CLocalize::FindSafe failed to localize: 'AIB[D] intent=tick-owner family=other stage=laning-core'
08/30 14:08:38 [Localization System] CLocalize::FindSafe failed to localize: 'AIB[R] blocked=hero-over-creep reason=no_target'
08/30 14:08:38 [Localization System] CLocalize::FindSafe failed to localize: 'AIB[R] blocked=emergency-kill reason=no_target'
08/30 14:08:38 [Localization System] CLocalize::FindSafe failed to localize: 'AIB[R] blocked=harass reason=no_target'
08/30 14:08:38 [Localization System] CLocalize::FindSafe failed to localize: 'AIB[R] intent=cs-watchdog family=farm lh=21 idle=22 creep_hp=112 dist=499'
08/30 14:08:38 [Localization System] CLocalize::FindSafe failed to localize: 'AIB[R] intent=tick-owner family=other stage=desire/creep-work reason=ready score=39 band=lanework'
08/30 14:08:38 [Server] Game code (account 0) tried to execute invalid order (19). Target NPC is dead.
08/30 14:08:38 [Localization System] CLocalize::FindSafe failed to localize: 'AIB[D] blocked=visual-hold reason=creep_in_range held=2.1 hp=56 repeat=1 hard=false'
08/30 14:08:38 [Localization System] CLocalize::FindSafe failed to localize: 'invalid index'
08/30 14:08:38 [Localization System] CLocalize::FindSafe failed to localize: 'AIB[R] blocked=ability-harass reason=nothing_castable'
08/30 14:08:38 [Localization System] CLocalize::FindSafe failed to localize: 'AIB[R] blocked=visual-hold reason=creep_in_range held=4.3 hp=100 repeat=5 hard=true'
08/30 14:08:39 [Localization System] CLocalize::FindSafe failed to localize: 'AIB[D] blocked=hero-prio-chase reason=lane_work dist=928 cs=false creep=true hp_adv=false kill_pressure=false close=false low_farm=false lane_override=false'
08/30 14:08:39 [Localization System] CLocalize::FindSafe failed to localize: 'AIB[R] t=265s hp=100% gold=453 loc=-850,-710 enemy-dist=928 lh=22 dn=2 dg=+43 dlh=+1 bottle=1 lvl=5 front=8473 ehp=56'
08/30 14:08:39 [Localization System] CLocalize::FindSafe failed to localize: 'AIB[R] intent=top-arbiter family=state winner=wave-watch:10 losers=hero-over-creep:52,idle-heal:46,emergency-retreat:45,fwd-pullback:44,emergency-kill:43.5'
08/30 14:08:39 [Localization System] CLocalize::FindSafe failed to localize: 'AIB[D] t=266s hp=56% gold=9 loc=-183,-65 enemy-dist=928 lh=17 dn=1 dg=-182 dlh=+2 bottle=3 lvl=5 front=10073 ehp=100'
08/30 14:08:39 [Localization System] CLocalize::FindSafe failed to localize: 'AIB[D] blocked=uphill-repo reason=no_reposition'
08/30 14:08:39 [Localization System] CLocalize::FindSafe failed to localize: 'AIB[D] intent=top-arbiter family=state winner=creep-work:38.6 losers=hero-over-creep:52,idle-heal:46,emergency-retreat:45,fwd-pullback:44,emergency-kill:43.5'
08/30 14:08:39 [Localization System] CLocalize::FindSafe failed to localize: 'AIB[R] blocked=fight-candidate reason=no_action_capped hp=100 score=40'
08/30 14:08:39 [Localization System] CLocalize::FindSafe failed to localize: 'AIB[D] blocked=hero-over-creep reason=no_target'
08/30 14:08:39 [Localization System] CLocalize::FindSafe failed to localize: 'AIB[D] blocked=emergency-kill reason=no_target'
08/30 14:08:40 [Localization System] CLocalize::FindSafe failed to localize: 'AIB[R] blocked=buy-loop reason=saving target=item_power_treads head=item_boots cost=500 gold=454 left=3'
08/30 14:08:40 [Localization System] CLocalize::FindSafe failed to localize: 'AIB[D] blocked=uphill-repo reason=motor_busy'
08/30 14:08:40 [Localization System] CLocalize::FindSafe failed to localize: 'AIB[R] blocked=recovery-buy reason=item_checkpoint item=item_boots hp=100 gold=454 cost=500 spend=100'
08/30 14:08:40 [Localization System] CLocalize::FindSafe failed to localize: 'AIB[R] intent=recovery-plan family=recover action=buy_item_flask reason=checkpoint_block item=item_boots hp=100 gold=454'
08/30 14:08:40 [Localization System] CLocalize::FindSafe failed to localize: 'AIB[D] intent=tick-owner family=other stage=laning-core'
08/30 14:08:40 [Localization System] CLocalize::FindSafe failed to localize: 'AIB[R] intent=state-desire-fight family=state base=78 hp_adv=8 execute=20 dist=827 hp=77 ehp=57 reason=enemy_seen score=106'
08/30 14:08:40 [Localization System] CLocalize::FindSafe failed to localize: 'AIB[R] blocked=ability-pressure reason=nothing_castable'
08/30 14:08:40 [Localization System] CLocalize::FindSafe failed to localize: 'AIB[R] blocked=top-arbiter reason=empty_action winner=fight score=106'
08/30 14:08:40 [Localization System] CLocalize::FindSafe failed to localize: 'AIB[R] blocked=uphill-repo reason=no_reposition'
08/30 14:08:40 [Localization System] CLocalize::FindSafe failed to localize: 'AIB[R] intent=tick-owner family=other stage=desire/creep-work reason=ready score=39 band=lanework'
08/30 14:08:40 [Localization System] CLocalize::FindSafe failed to localize: 'AIB[R] intent=hero-contact family=fight dist=777 hp=77 reason=close_enemy'
08/30 14:08:40 [Localization System] CLocalize::FindSafe failed to localize: 'AIB[R] intent=top-arbiter family=state winner=fight:106 losers=hero-over-creep:52,idle-heal:46,emergency-retreat:45,fwd-pullback:44,emergency-kill:43.5'
08/30 14:08:41 [Localization System] CLocalize::FindSafe failed to localize: 'AIB[D] intent=recovery-policy family=recover action=recover hp=32 gate=35 source=early-low'
08/30 14:08:41 [Localization System] CLocalize::FindSafe failed to localize: 'AIB[D] intent=state-recover-xp family=state ttl=2 reason=regen_lane hp=32 dist=525'
08/30 14:08:42 [Localization System] CLocalize::FindSafe failed to localize: 'AIB[D] intent=recovery-owner family=recover band=soft threat=true mode=safe-step hp=33'
08/30 14:08:42 [Localization System] CLocalize::FindSafe failed to localize: 'AIB[D] intent=tick-owner family=other stage=laning-core'
08/30 14:08:43 [Localization System] CLocalize::FindSafe failed to localize: 'AIB[D] intent=recovery-policy family=recover action=recover hp=33 gate=35 source=early-low'
08/30 14:08:43 [Localization System] CLocalize::FindSafe failed to localize: 'AIB[D] blocked=buy-loop reason=saving target=item_magic_wand head=item_recipe_magic_wand cost=150 gold=14 left=1'
08/30 14:08:43 [Localization System] CLocalize::FindSafe failed to localize: 'AIB[D] blocked=channel-interrupt reason=unsafe dist=833 hp=34 kind=heal'
08/30 14:08:43 [Localization System] CLocalize::FindSafe failed to localize: 'AIB[D] intent=state-recover-xp family=state ttl=2 reason=regen_lane hp=34 dist=202'
08/30 14:08:44 [Localization System] CLocalize::FindSafe failed to localize: 'AIB[R] intent=state-desire-last-hit family=farm dist=58 reason=killable_creep score=140'
08/30 14:08:44 [Localization System] CLocalize::FindSafe failed to localize: 'AIB[R] intent=top-arbiter family=state winner=last-hit:140 losers=safety:116,hero-over-creep:52,cs-inrange:50,idle-heal:46,emergency-retreat:45'
08/30 14:08:44 [Localization System] CLocalize::FindSafe failed to localize: 'AIB[R] intent=tick-owner family=other stage=desire/last-hit dist=58 reason=killable_creep score=140'
08/30 14:08:44 [Localization System] CLocalize::FindSafe failed to localize: 'AIB[R] t=270s hp=79% gold=460 loc=-255,-128 lh=22 dn=2 dg=+7 dlh=+0 bottle=0 lvl=5 front=8473 ehp=-1'
08/30 14:08:44 [Localization System] CLocalize::FindSafe failed to localize: 'AIB[D] intent=tick-owner family=other stage=laning-core'
08/30 14:08:44 [Localization System] CLocalize::FindSafe failed to localize: 'AIB[D] t=271s hp=34% gold=17 loc=497,443 enemy-dist=945 lh=17 dn=1 dg=+8 dlh=+0 bottle=-1 lvl=5 front=10056 ehp=81'
08/30 14:08:44 [Server] Client (account 0) tried to execute invalid order (3). Unrecognized order identifier.
08/30 14:08:45 [Localization System] CLocalize::FindSafe failed to localize: 'AIB[D] intent=recovery-plan family=recover action=back reason=post_fight_regen hp=34'
08/30 14:08:45 [Localization System] CLocalize::FindSafe failed to localize: 'AIB[D] intent=recovery-policy family=recover action=recover hp=34 gate=35 source=early-low'
08/30 14:08:45 [Localization System] CLocalize::FindSafe failed to localize: 'AIB[R] intent=state-desire-last-hit family=farm dist=58 hyst=18 reason=killable_creep score=158'
08/30 14:08:45 [Localization System] CLocalize::FindSafe failed to localize: 'AIB[R] intent=top-arbiter family=state winner=last-hit:158 losers=safety:116,hero-over-creep:52,cs-inrange:50,idle-heal:46,emergency-retreat:45'
08/30 14:08:45 [Localization System] CLocalize::FindSafe failed to localize: 'AIB[R] intent=state-desire-safety family=state base=108 creep_dmg=8 hp=86 creep=true hero=false reason=recent_damage score=116'
08/30 14:08:45 [Localization System] CLocalize::FindSafe failed to localize: 'AIB[R] intent=creep-hit-react family=safety dist=58 hp=86 hits=1 reason=attack'
08/30 14:08:45 [Localization System] CLocalize::FindSafe failed to localize: 'AIB[D] intent=damage-by-source family=other creep=533 tower=0 hero=2176 mixed=323 death=176 other=0 stale=140 gaps=2'
08/30 14:08:45 [Localization System] CLocalize::FindSafe failed to localize: 'AIB[R] blocked=hero-over-creep reason=no_target'
08/30 14:08:45 [Localization System] CLocalize::FindSafe failed to localize: 'AIB[R] blocked=emergency-kill reason=no_target'
08/30 14:08:45 [Localization System] CLocalize::FindSafe failed to localize: 'AIB[R] blocked=uphill-repo reason=no_reposition'
08/30 14:08:45 [Localization System] CLocalize::FindSafe failed to localize: 'AIB[R] blocked=harass reason=own_heal_running'
08/30 14:08:45 [Localization System] CLocalize::FindSafe failed to localize: 'AIB[R] blocked=cs-watchdog reason=no_creep lh=23 idle=29'
08/30 14:08:45 [Localization System] CLocalize::FindSafe failed to localize: 'AIB[R] blocked=ability-harass reason=nothing_castable'
08/30 14:08:46 [Localization System] CLocalize::FindSafe failed to localize: 'AIB[D] anti-afk-lane=1 anti-idle-enter=18 anti-idle-lane=9 anti-idle-lowhp-back=3 channel-interrupt-atk=7 channel-interrupt-chase=14 creep-aggro-back=3 creep-aggro-hero-yield=7 creep-aggro-hit=11 creep-dmg=5 creep-hit-react-aggro-step=9 creep-hit-react-atk=10 creep-hit-react-step=15 cs-wait-release=8 cs-wait=16 cs-walk-gap-large=31 cs-walk-gap-small=36 cs-walk-inrange=26 cs-walk-into-pack=76 cs-walk=93 cs-watchdog-atk=1 cs-watchdog-step=10 cw-push-cs-step=3 cw-push=166 deny-act-atk=10 deny-act-walk=5 deny-act=15 deny-cand-doomed=12 deny-cand-tanky=43 fight-hp-behind=22 fountain-tp-hold=1 fountain-wait=1 fwd-at-position=6 fwd-position=1 fwd-suppressed-creep=10 fwd-suppressed-cs=1 fwd-suppressed-hero=3 fwd-suppressed-lowhp=3 fwd-suppressed-motor=10 fwd-suppressed-tower=8 fwd-suppressed-visual=3 fwd-suppressed-watchdog=2 heal-blocked-damage=1 heal-item=4 heal-want=6 hero-contact-atk=21 hero-contact-chase=4 hero-over-creep=1 hero-pass-atk=15 hero-pass-chase=2 hero-prio-always=15 hero-prio-chase-hold=8 hero-prio-chase=48 idle=12 kill-priority=8 killwin-scan=1277 lane-line-fallback=50 lane-line-suppressed-creep-dmg=2 lane-line-suppressed-creep=4 lane-line-suppressed-empty=1 lane-line-suppressed-heal=7 lane-line-suppressed-lowhp=14 lane-line-suppressed-motor=2 last-hit-urgent=61 low-hp-creep=14 low-hp-limit=9 melee-pack-release=13 melee-pack-space=20 own-ranged-stepback=2 pre-aig=18 precreep-anchor=30 precreep-hold=2 precreep-park-hold=12 precreep-park=185 precreep-space=3 prewave-duel-approach=11 prewave-duel-trade=96 recover-safe=15 recover-xp=18 recovery-buy-critical=1 recovery-buy=3 recovery-enemy-near=328 recovery-flask=1 recovery-regen=9 recovery-tango=1 recovery-tp=1 regen-walk=24 tango-heal=2 uphill-reposition=2 uphill-void-under-fire=6 visual-hold-creep=4 visual-hold-hero-step=1 visual-hold-lane=4 wave-watch-atk=5 wave-watch-no-wave=12 wave-watch-step=1 wave-watch=16'
08/30 14:08:46 [Localization System] CLocalize::FindSafe failed to localize: 'AIB[R] intent=tick-owner family=other stage=laning-core'
08/30 14:08:46 [Localization System] CLocalize::FindSafe failed to localize: 'AIB[D] blocked=recover-candidate reason=no_action_capped hp=35 score=44'
08/30 14:08:46 [Localization System] CLocalize::FindSafe failed to localize: 'AIB[D] blocked=hero-over-creep reason=no_target'
08/30 14:08:46 [Localization System] CLocalize::FindSafe failed to localize: 'AIB[D] intent=top-arbiter family=state winner=idle-heal:46 losers=safe-cs:56,hero-over-creep:52,emergency-retreat:45,fwd-pullback:44,emergency-kill:43.5'
08/30 14:08:46 [Localization System] CLocalize::FindSafe failed to localize: 'AIB[R] intent=recovery-rune-bottle family=rune reason=gone'
08/30 14:08:46 [Localization System] CLocalize::FindSafe failed to localize: 'AIB[R] intent=rune-result family=rune source=recovery-rune-bottle result=gone age=27'
08/30 14:08:46 [Localization System] CLocalize::FindSafe failed to localize: 'AIB[R] blocked=harass reason=no_target'
08/30 14:08:46 [Localization System] CLocalize::FindSafe failed to localize: 'AIB[D] intent=tick-owner family=other stage=laning-core'
08/30 14:08:46 [Localization System] CLocalize::FindSafe failed to localize: 'AIB[R] blocked=recovery-rune-bottle reason=cooldown left=6'
08/30 14:08:47 [Localization System] CLocalize::FindSafe failed to localize: 'AIB[R] intent=top-arbiter family=state winner=creep-work:38.8 losers=hero-over-creep:52,idle-heal:46,emergency-retreat:45,fwd-pullback:44,emergency-kill:43.5'
08/30 14:08:47 [Localization System] CLocalize::FindSafe failed to localize: 'AIB[D] blocked=recover-candidate reason=no_resources_behind_safe hp=36 score=44'
08/30 14:08:47 [Localization System] CLocalize::FindSafe failed to localize: 'AIB[D] intent=top-arbiter family=state winner=idle-heal:46 losers=safe-cs:56,hero-over-creep:52,emergency-retreat:45,fwd-pullback:44,emergency-kill:43.5'
08/30 14:08:48 [Localization System] CLocalize::FindSafe failed to localize: 'AIB[R] blocked=buy-loop reason=saving target=item_power_treads head=item_belt_of_strength cost=450 gold=11 left=2'
08/30 14:08:48 [Localization System] CLocalize::FindSafe failed to localize: 'AIB[R] blocked=uphill-repo reason=motor_busy'
08/30 14:08:48 [Localization System] CLocalize::FindSafe failed to localize: 'AIB[R] anti-afk-lane=1 anti-afk-no-chase=1 anti-idle-enter=22 anti-idle-lane=14 anti-idle-lowhp-back=1 anti-idle-push=1 bottle-rune=2 channel-interrupt-atk=2 creep-aggro-back=5 creep-aggro-hero-yield=8 creep-aggro-hit=31 creep-dmg=7 creep-hit-react-atk=6 creep-hit-react-step=6 cs-wait-release=24 cs-wait=18 cs-walk-gap-large=14 cs-walk-gap-small=28 cs-walk-inrange=14 cs-walk-into-pack=14 cs-walk=56 cs-watchdog-atk=2 cs-watchdog-step=11 deny-act-atk=32 deny-act-walk=13 deny-act=45 deny-cand-doomed=27 deny-cand-tanky=210 deny-skip-backtrack=1 dw-active=3 dw-farm=49 empty-bottle-ok=1 fwd-at-position=8 fwd-hold=3 fwd-position=4 fwd-suppressed-creep=21 fwd-suppressed-damage=1 fwd-suppressed-empty=5 fwd-suppressed-hero=7 fwd-suppressed-motor=14 fwd-suppressed-recovery=1 fwd-suppressed-rune=3 fwd-suppressed-tower=6 fwd-suppressed-visual=4 harass-seek=3 heal-item=2 heal-want=1 hero-contact-atk=31 hero-contact-chase=11 hero-over-creep=11 hero-pass-atk=7 hero-pass-chase=5 idle=9 kill-lock-atk=2 kill-lock-chase=13 kill-priority=6 killwin-atk=35 killwin-mutual=3 killwin-scan=921 lane-line-fallback=108 lane-line-suppressed-creep-dmg=1 lane-line-suppressed-creep=14 lane-line-suppressed-damage=2 lane-line-suppressed-empty=10 lane-line-suppressed-heal=11 lane-line-suppressed-lowhp=3 lane-line-suppressed-motor=4 last-hit-urgent=73 melee-pack-release=16 melee-pack-space=11 mutual-low-finish-chase=3 no-dive=1 own-ranged-stepback=3 pre-aig=22 precreep-anchor=32 precreep-hold=2 precreep-park-hold=13 precreep-park=156 precreep-space=3 prewave-defend=3 prewave-free-hit=85 recover-xp=3 recovery-bottle-active=5 recovery-bottle=4 recovery-buy=3 recovery-enemy-near=289 recovery-flask=2 recovery-regen=2 recovery-tango=1 regen-walk=1 siege-commit-tower=46 siege-step=1 siege-wave-step=5 tango-heal=1 tower-aggro-drop=1 uphill-reposition=1 uphill-void-under-fire=9 visual-hold-creep=35 visual-hold-hard-creep=1 visual-hold-hero=1 visual-hold-lane=6 wave-watch-atk=11 wave-watch-no-wave=16 wave-watch=24'
08/30 14:08:48 [Localization System] CLocalize::FindSafe failed to localize: 'AIB[R] intent=tick-owner family=other stage=laning-core'
08/30 14:08:48 [Localization System] CLocalize::FindSafe failed to localize: 'AIB[R] intent=damage-by-source family=other creep=505 tower=65 hero=1315 mixed=115 death=0 other=123 stale=85 gaps=2'
08/30 14:08:48 [Localization System] CLocalize::FindSafe failed to localize: 'AIB[D] intent=tick-owner family=other stage=laning-core'
08/30 14:08:48 [Localization System] CLocalize::FindSafe failed to localize: 'AIB[R] intent=top-arbiter family=state winner=anti-idle:2 losers=hero-over-creep:52,idle-heal:46,emergency-retreat:45,fwd-pullback:44,emergency-kill:43.5'
08/30 14:08:49 [Localization System] CLocalize::FindSafe failed to localize: 'AIB[R] blocked=hero-over-creep reason=no_target'
08/30 14:08:49 [Localization System] CLocalize::FindSafe failed to localize: 'AIB[R] blocked=emergency-kill reason=no_target'
08/30 14:08:49 [Localization System] CLocalize::FindSafe failed to localize: 'AIB[R] blocked=ability-harass reason=nothing_castable'
08/30 14:08:49 [Localization System] CLocalize::FindSafe failed to localize: 'AIB[D] blocked=hero-over-creep reason=no_target'
08/30 14:08:49 [Localization System] CLocalize::FindSafe failed to localize: 'AIB[D] intent=top-arbiter family=state winner=idle-heal:46 losers=safe-cs:56,hero-over-creep:52,emergency-retreat:45,fwd-pullback:44,emergency-kill:43.5'
08/30 14:08:49 [Localization System] CLocalize::FindSafe failed to localize: 'AIB[R] t=275s hp=91% gold=13 loc=-910,-705 lh=23 dn=3 dg=-447 dlh=+1 bottle=0 lvl=5 front=7078 ehp=-1'
08/30 14:08:49 [Localization System] CLocalize::FindSafe failed to localize: 'AIB[R] blocked=uphill-repo reason=no_reposition'
08/30 14:08:49 [Localization System] CLocalize::FindSafe failed to localize: 'AIB[R] blocked=harass reason=no_target'
08/30 14:08:49 [Localization System] CLocalize::FindSafe failed to localize: 'AIB[R] intent=lane-line-episode family=other dist=608 fwd=0.50'
08/30 14:08:49 [Localization System] CLocalize::FindSafe failed to localize: 'AIB[D] t=276s hp=37% gold=24 loc=1576,1497 lh=17 dn=1 dg=+7 dlh=+0 bottle=-1 lvl=5 front=8620 ehp=-1'
08/30 14:08:50 [Localization System] CLocalize::FindSafe failed to localize: 'AIB[R] intent=top-arbiter family=state winner=lane-line:18 losers=hero-over-creep:52,idle-heal:46,emergency-retreat:45,fwd-pullback:44,emergency-kill:43.5'
08/30 14:08:50 [Localization System] CLocalize::FindSafe failed to localize: 'AIB[D] blocked=recover-candidate reason=no_resources_behind_safe hp=37 score=44'
08/30 14:08:50 [Localization System] CLocalize::FindSafe failed to localize: 'AIB[R] intent=tick-owner family=other stage=laning-core'
08/30 14:08:50 [Localization System] CLocalize::FindSafe failed to localize: 'AIB[D] intent=tick-owner family=other stage=laning-core'
08/30 14:08:50 [Localization System] CLocalize::FindSafe failed to localize: 'AIB[R] blocked=recovery-rune-bottle reason=cooldown left=2'
08/30 14:08:50 [Localization System] CLocalize::FindSafe failed to localize: 'AIB[D] intent=top-arbiter family=state winner=idle-heal:46 losers=safe-cs:56,hero-over-creep:52,emergency-retreat:45,fwd-pullback:44,emergency-kill:43.5'
08/30 14:08:51 [Localization System] CLocalize::FindSafe failed to localize: 'AIB[D] blocked=buy-loop reason=saving target=item_magic_wand head=item_recipe_magic_wand cost=150 gold=26 left=1'
08/30 14:08:51 [Localization System] CLocalize::FindSafe failed to localize: 'AIB[R] blocked=uphill-repo reason=motor_busy'
08/30 14:08:51 [Localization System] CLocalize::FindSafe failed to localize: 'AIB[R] intent=top-arbiter family=state winner=lane-line:18 losers=hero-over-creep:52,idle-heal:46,emergency-retreat:45,fwd-pullback:44,emergency-kill:43.5'
08/30 14:08:52 [Localization System] CLocalize::FindSafe failed to localize: 'AIB[R] blocked=hero-over-creep reason=no_target'
08/30 14:08:52 [Localization System] CLocalize::FindSafe failed to localize: 'AIB[R] blocked=emergency-kill reason=no_target'
08/30 14:08:52 [Localization System] CLocalize::FindSafe failed to localize: 'AIB[R] blocked=ability-harass reason=nothing_castable'
08/30 14:08:52 [Localization System] CLocalize::FindSafe failed to localize: 'AIB[R] intent=tick-owner family=other stage=laning-core'
08/30 14:08:52 [Localization System] CLocalize::FindSafe failed to localize: 'AIB[D] blocked=hero-over-creep reason=no_target'
08/30 14:08:52 [Localization System] CLocalize::FindSafe failed to localize: 'AIB[D] intent=top-arbiter family=state winner=idle-heal:46 losers=safe-cs:56,hero-over-creep:52,emergency-retreat:45,fwd-pullback:44,emergency-kill:43.5'
08/30 14:08:52 [Localization System] CLocalize::FindSafe failed to localize: 'AIB[R] blocked=recovery-rune-bottle reason=no_close_rune max=3600 waterMax=4700 nearest=inf water=inf mid=1212 status=2-2e'
08/30 14:08:52 [Localization System] CLocalize::FindSafe failed to localize: 'AIB[R] blocked=harass reason=no_target'
08/30 14:08:52 [Localization System] CLocalize::FindSafe failed to localize: 'AIB[D] intent=tick-owner family=other stage=laning-core'
08/30 14:08:53 [Localization System] CLocalize::FindSafe failed to localize: 'AIB[R] blocked=visual-hold reason=empty held=2.1 hp=92 repeat=1 hard=false'
08/30 14:08:53 [Localization System] CLocalize::FindSafe failed to localize: 'AIB[R] intent=top-arbiter family=state winner=lane-line:18 losers=hero-over-creep:52,idle-heal:46,emergency-retreat:45,fwd-pullback:44,emergency-kill:43.5'
08/30 14:08:53 [Localization System] CLocalize::FindSafe failed to localize: 'AIB[D] blocked=recover-candidate reason=no_resources_behind_safe hp=40 score=44'
08/30 14:08:54 [Localization System] CLocalize::FindSafe failed to localize: 'AIB[D] intent=top-arbiter family=state winner=idle-heal:46 losers=safe-cs:56,hero-over-creep:52,emergency-retreat:45,fwd-pullback:44,emergency-kill:43.5'
08/30 14:08:54 [Localization System] CLocalize::FindSafe failed to localize: 'AIB[R] t=280s hp=93% gold=20 loc=-702,-535 lh=23 dn=3 dg=+7 dlh=+0 bottle=0 lvl=5 front=7078 ehp=-1'
08/30 14:08:54 [Localization System] CLocalize::FindSafe failed to localize: 'AIB[R] blocked=uphill-repo reason=motor_busy'
08/30 14:08:54 [Localization System] CLocalize::FindSafe failed to localize: 'AIB[R] intent=tick-owner family=other stage=desire/visual-afk reason=ready score=8 band=idle'
08/30 14:08:54 [Localization System] CLocalize::FindSafe failed to localize: 'AIB[D] blocked=fountain-floor reason=heal_in_hand hp=41 inflight=nil'
08/30 14:08:54 [Localization System] CLocalize::FindSafe failed to localize: 'AIB[D] blocked=emergency-kill reason=no_target'
08/30 14:08:54 [Localization System] CLocalize::FindSafe failed to localize: 'AIB[D] blocked=uphill-repo reason=no_reposition'
08/30 14:08:54 [Localization System] CLocalize::FindSafe failed to localize: 'AIB[D] blocked=harass reason=own_heal_running'
08/30 14:08:54 [Localization System] CLocalize::FindSafe failed to localize: 'AIB[D] blocked=ability-harass reason=nothing_castable'
08/30 14:08:54 [Localization System] CLocalize::FindSafe failed to localize: 'AIB[D] t=281s hp=42% gold=32 loc=2673,2472 lh=17 dn=1 dg=+8 dlh=+0 bottle=2 lvl=5 front=8620 ehp=-1'
08/30 14:08:54 [Localization System] CLocalize::FindSafe failed to localize: 'AIB[D] intent=tick-owner family=other stage=laning-core'
08/30 14:08:55 [Localization System] CLocalize::FindSafe failed to localize: 'AIB[R] intent=top-arbiter family=state winner=anti-idle:2 losers=hero-over-creep:52,idle-heal:46,emergency-retreat:45,fwd-pullback:44,emergency-kill:43.5'
08/30 14:08:55 [Localization System] CLocalize::FindSafe failed to localize: 'AIB[R] blocked=hero-over-creep reason=no_target'
08/30 14:08:55 [Localization System] CLocalize::FindSafe failed to localize: 'AIB[R] blocked=emergency-kill reason=no_target'
08/30 14:08:55 [Localization System] CLocalize::FindSafe failed to localize: 'AIB[R] blocked=ability-harass reason=nothing_castable'
08/30 14:08:55 [Localization System] CLocalize::FindSafe failed to localize: 'AIB[D] blocked=hero-over-creep reason=no_target'
08/30 14:08:55 [Localization System] CLocalize::FindSafe failed to localize: 'AIB[D] intent=top-arbiter family=state winner=anti-idle:2 losers=safe-cs:56,hero-over-creep:52,idle-heal:46,emergency-retreat:45,fwd-pullback:44'
08/30 14:08:55 Script function 'Think' on bot npc_dota_hero_nevermore took 2.328ms
08/30 14:08:55 [Localization System] CLocalize::FindSafe failed to localize: 'AIB[R] blocked=harass reason=no_target'
08/30 14:08:56 [Localization System] CLocalize::FindSafe failed to localize: 'AIB[R] blocked=buy-loop reason=saving target=item_power_treads head=item_belt_of_strength cost=450 gold=23 left=2'
08/30 14:08:56 [Localization System] CLocalize::FindSafe failed to localize: 'AIB[R] intent=top-arbiter family=state winner=anti-idle:2 losers=hero-over-creep:52,idle-heal:46,emergency-retreat:45,fwd-pullback:44,emergency-kill:43.5'
08/30 14:08:56 [Localization System] CLocalize::FindSafe failed to localize: 'AIB[R] intent=tick-owner family=other stage=laning-core'
08/30 14:08:56 [Localization System] CLocalize::FindSafe failed to localize: 'AIB[D] intent=tick-owner family=other stage=laning-core'
08/30 14:08:57 [Localization System] CLocalize::FindSafe failed to localize: 'AIB[D] intent=top-arbiter family=state winner=anti-idle:2 losers=hero-over-creep:52,idle-heal:46,emergency-retreat:45,fwd-pullback:44,emergency-kill:43.5'
08/30 14:08:57 [Localization System] CLocalize::FindSafe failed to localize: 'AIB[R] blocked=visual-hold reason=empty held=2.2 hp=94 repeat=2 hard=true'
08/30 14:08:57 [Localization System] CLocalize::FindSafe failed to localize: 'AIB[R] blocked=uphill-repo reason=motor_busy'
08/30 14:08:57 [Localization System] CLocalize::FindSafe failed to localize: 'AIB[D] blocked=emergency-kill reason=no_target'
08/30 14:08:57 [Localization System] CLocalize::FindSafe failed to localize: 'AIB[D] blocked=uphill-repo reason=no_reposition'
08/30 14:08:57 [Localization System] CLocalize::FindSafe failed to localize: 'AIB[D] blocked=ability-harass reason=nothing_castable'
08/30 14:08:58 [Localization System] CLocalize::FindSafe failed to localize: 'AIB[R] intent=top-arbiter family=state winner=lane-line:18 losers=hero-over-creep:52,idle-heal:46,emergency-retreat:45,fwd-pullback:44,emergency-kill:43.5'
08/30 14:08:58 [Localization System] CLocalize::FindSafe failed to localize: 'AIB[R] blocked=hero-over-creep reason=no_target'
08/30 14:08:58 [Localization System] CLocalize::FindSafe failed to localize: 'AIB[R] blocked=emergency-kill reason=no_target'
08/30 14:08:58 [Localization System] CLocalize::FindSafe failed to localize: 'AIB[R] blocked=ability-harass reason=nothing_castable'
08/30 14:08:58 [Localization System] CLocalize::FindSafe failed to localize: 'AIB[D] blocked=hero-over-creep reason=no_target'
08/30 14:08:58 [Localization System] CLocalize::FindSafe failed to localize: 'AIB[D] intent=top-arbiter family=state winner=anti-idle:2 losers=hero-over-creep:52,idle-heal:46,emergency-retreat:45,fwd-pullback:44,emergency-kill:43.5'
08/30 14:08:58 [Localization System] CLocalize::FindSafe failed to localize: 'AIB[D] blocked=harass reason=own_heal_running'
08/30 14:08:58 [Localization System] CLocalize::FindSafe failed to localize: 'AIB[R] intent=tick-owner family=other stage=laning-core'
08/30 14:08:58 [Localization System] CLocalize::FindSafe failed to localize: 'AIB[R] blocked=harass reason=no_target'
08/30 14:08:58 [Localization System] CLocalize::FindSafe failed to localize: 'AIB[R] intent=lane-line-episode family=other dist=732 fwd=0.17'
08/30 14:08:59 [Localization System] CLocalize::FindSafe failed to localize: 'AIB[D] intent=tick-owner family=other stage=laning-core'
08/30 14:08:59 [Localization System] CLocalize::FindSafe failed to localize: 'AIB[D] blocked=buy-loop reason=saving target=item_magic_wand head=item_recipe_magic_wand cost=150 gold=38 left=1'
08/30 14:08:59 [Localization System] CLocalize::FindSafe failed to localize: 'AIB[R] t=285s hp=95% gold=28 loc=-798,-648 lh=23 dn=3 dg=+8 dlh=+0 bottle=0 lvl=5 front=7339 ehp=-1'
08/30 14:08:59 [Localization System] CLocalize::FindSafe failed to localize: 'AIB[R] intent=top-arbiter family=state winner=anti-idle:2 losers=hero-over-creep:52,idle-heal:46,emergency-retreat:45,fwd-pullback:44,emergency-kill:43.5'
08/30 14:08:59 [Localization System] CLocalize::FindSafe failed to localize: 'AIB[D] t=286s hp=72% gold=39 loc=1578,1401 lh=17 dn=1 dg=+7 dlh=+0 bottle=1 lvl=5 front=9007 ehp=-1'
08/30 14:09:00 [Localization System] CLocalize::FindSafe failed to localize: 'AIB[D] intent=top-arbiter family=state winner=anti-idle:2 losers=hero-over-creep:52,idle-heal:46,emergency-retreat:45,fwd-pullback:44,emergency-kill:43.5'
08/30 14:09:00 [Localization System] CLocalize::FindSafe failed to localize: 'AIB[D] blocked=bottle-rune reason=no_close_rune max=1900 waterMax=4700 nearest=inf water=inf mid=1182 status=2-2-'
08/30 14:09:00 [Localization System] CLocalize::FindSafe failed to localize: 'AIB[R] blocked=uphill-repo reason=motor_busy'
08/30 14:09:00 [Localization System] CLocalize::FindSafe failed to localize: 'AIB[R] blocked=recovery-rune-bottle reason=no_close_rune max=3600 waterMax=4700 nearest=inf water=inf mid=240 status=2-2e'
08/30 14:09:00 [Localization System] CLocalize::FindSafe failed to localize: 'AIB[D] intent=damage-by-source family=other creep=533 tower=0 hero=2176 mixed=323 death=176 other=0 stale=140 gaps=2'
08/30 14:09:01 [Localization System] CLocalize::FindSafe failed to localize: 'AIB[R] intent=tick-owner family=other stage=laning-core'
08/30 14:09:01 [Localization System] CLocalize::FindSafe failed to localize: 'AIB[D] blocked=emergency-kill reason=no_target'
08/30 14:09:01 [Localization System] CLocalize::FindSafe failed to localize: 'AIB[D] blocked=uphill-repo reason=no_reposition'
08/30 14:09:01 [Localization System] CLocalize::FindSafe failed to localize: 'AIB[D] blocked=ability-harass reason=nothing_castable'
08/30 14:09:01 [Localization System] CLocalize::FindSafe failed to localize: 'AIB[D] intent=tick-owner family=other stage=desire/anti-idle reason=ready score=2 band=idle'
08/30 14:09:01 [Localization System] CLocalize::FindSafe failed to localize: 'AIB[R] intent=top-arbiter family=state winner=lane-line:18 losers=hero-over-creep:52,idle-heal:46,emergency-retreat:45,fwd-pullback:44,emergency-kill:43.5'
08/30 14:09:01 [Localization System] CLocalize::FindSafe failed to localize: 'AIB[R] blocked=hero-over-creep reason=no_target'
08/30 14:09:01 [Localization System] CLocalize::FindSafe failed to localize: 'AIB[R] blocked=emergency-kill reason=no_target'
08/30 14:09:01 [Localization System] CLocalize::FindSafe failed to localize: 'AIB[R] blocked=ability-harass reason=nothing_castable'
08/30 14:09:01 [Localization System] CLocalize::FindSafe failed to localize: 'AIB[D] blocked=hero-over-creep reason=no_target'
08/30 14:09:01 [Localization System] CLocalize::FindSafe failed to localize: 'AIB[D] intent=top-arbiter family=state winner=anti-idle:2 losers=hero-over-creep:52,idle-heal:46,emergency-retreat:45,fwd-pullback:44,emergency-kill:43.5'
08/30 14:09:01 [Localization System] CLocalize::FindSafe failed to localize: 'AIB[R] blocked=harass reason=no_target'
08/30 14:09:02 [Localization System] CLocalize::FindSafe failed to localize: 'AIB[R] intent=own-ranged-lead family=other lead=258 count=2'
08/30 14:09:02 [Localization System] CLocalize::FindSafe failed to localize: 'AIB[D] blocked=harass reason=own_heal_running'
08/30 14:09:02 [Localization System] CLocalize::FindSafe failed to localize: 'AIB[R] intent=top-arbiter family=state winner=wave-watch:10 losers=hero-over-creep:52,idle-heal:46,emergency-retreat:45,fwd-pullback:44,emergency-kill:43.5'
08/30 14:09:03 [Localization System] CLocalize::FindSafe failed to localize: 'AIB[D] blocked=recovery-rune-bottle reason=no_close_rune max=3600 waterMax=4700 nearest=inf water=inf mid=360 status=2-2-'
08/30 14:09:03 [Localization System] CLocalize::FindSafe failed to localize: 'AIB[D] blocked=harass reason=no_target'
08/30 14:09:03 [Localization System] CLocalize::FindSafe failed to localize: 'AIB[D] intent=tick-owner family=other stage=desire/fwd-position reason=ready score=22 band=position'
08/30 14:09:03 [Localization System] CLocalize::FindSafe failed to localize: 'AIB[R] intent=tick-owner family=other stage=laning-core'
08/30 14:09:03 [Localization System] CLocalize::FindSafe failed to localize: 'AIB[D] blocked=uphill-repo reason=motor_busy'
08/30 14:09:03 [Localization System] CLocalize::FindSafe failed to localize: 'AIB[D] intent=top-arbiter family=state winner=anti-idle:2 losers=hero-over-creep:52,idle-heal:46,emergency-retreat:45,fwd-pullback:44,emergency-kill:43.5'
08/30 14:09:03 [Localization System] CLocalize::FindSafe failed to localize: 'AIB[R] blocked=uphill-repo reason=no_reposition'
08/30 14:09:03 [Localization System] CLocalize::FindSafe failed to localize: 'AIB[R] intent=damage-by-source family=other creep=505 tower=65 hero=1315 mixed=115 death=0 other=123 stale=85 gaps=2'
08/30 14:09:04 [Localization System] CLocalize::FindSafe failed to localize: 'AIB[D] blocked=emergency-kill reason=no_target'
08/30 14:09:04 [Localization System] CLocalize::FindSafe failed to localize: 'AIB[D] blocked=ability-harass reason=nothing_castable'
08/30 14:09:04 [Localization System] CLocalize::FindSafe failed to localize: 'AIB[R] blocked=buy-loop reason=saving target=item_power_treads head=item_belt_of_strength cost=450 gold=35 left=2'
08/30 14:09:04 [Localization System] CLocalize::FindSafe failed to localize: 'AIB[R] intent=top-arbiter family=state winner=wave-watch:10 losers=hero-over-creep:52,idle-heal:46,emergency-retreat:45,fwd-pullback:44,emergency-kill:43.5'
08/30 14:09:04 [Localization System] CLocalize::FindSafe failed to localize: 'AIB[R] t=291s hp=98% gold=35 loc=-895,-818 lh=23 dn=3 dg=+7 dlh=+0 bottle=0 lvl=5 front=8324 ehp=-1'
08/30 14:09:04 [Localization System] CLocalize::FindSafe failed to localize: 'AIB[R] blocked=hero-over-creep reason=no_target'
08/30 14:09:04 [Localization System] CLocalize::FindSafe failed to localize: 'AIB[R] blocked=emergency-kill reason=no_target'
08/30 14:09:04 [Localization System] CLocalize::FindSafe failed to localize: 'AIB[D] blocked=uphill-repo reason=no_reposition'
08/30 14:09:04 [Localization System] CLocalize::FindSafe failed to localize: 'AIB[D] intent=lane-line-episode family=other dist=1456 fwd=0.56'
08/30 14:09:04 [Localization System] CLocalize::FindSafe failed to localize: 'AIB[R] intent=melee-pack-space family=safety count=3 dist=125'
08/30 14:09:04 [Localization System] CLocalize::FindSafe failed to localize: 'AIB[D] blocked=hero-over-creep reason=no_target'
08/30 14:09:04 [Localization System] CLocalize::FindSafe failed to localize: 'AIB[D] intent=top-arbiter family=state winner=lane-line:18 losers=hero-over-creep:52,idle-heal:46,emergency-retreat:45,fwd-pullback:44,emergency-kill:43.5'
08/30 14:09:05 [Localization System] CLocalize::FindSafe failed to localize: 'AIB[D] t=291s hp=90% gold=47 loc=428,361 lh=17 dn=1 dg=+8 dlh=+0 bottle=0 lvl=5 front=10284 ehp=-1'
08/30 14:09:05 [Localization System] CLocalize::FindSafe failed to localize: 'AIB[R] blocked=harass reason=no_target'
08/30 14:09:05 [Localization System] CLocalize::FindSafe failed to localize: 'AIB[D] intent=tick-owner family=other stage=laning-core'
08/30 14:09:05 [Localization System] CLocalize::FindSafe failed to localize: 'AIB[R] intent=tick-owner family=other stage=laning-core'
08/30 14:09:05 [Localization System] CLocalize::FindSafe failed to localize: 'AIB[D] blocked=hero-prio-chase reason=lane_work dist=1465 cs=false creep=false hp_adv=false kill_pressure=false close=false low_farm=false lane_override=false'
08/30 14:09:06 [Localization System] CLocalize::FindSafe failed to localize: 'AIB[R] intent=top-arbiter family=state winner=creep-work:38.8 losers=hero-over-creep:52,idle-heal:46,emergency-retreat:45,fwd-pullback:44,emergency-kill:43.5'
08/30 14:09:06 [Localization System] CLocalize::FindSafe failed to localize: 'AIB[D] blocked=harass reason=no_target'
08/30 14:09:06 [Localization System] CLocalize::FindSafe failed to localize: 'AIB[D] blocked=uphill-repo reason=motor_busy'
08/30 14:09:06 [Localization System] CLocalize::FindSafe failed to localize: 'AIB[D] intent=top-arbiter family=state winner=lane-line:18 losers=hero-over-creep:52,idle-heal:46,emergency-retreat:45,fwd-pullback:44,emergency-kill:43.5'
08/30 14:09:06 [Localization System] CLocalize::FindSafe failed to localize: 'AIB[R] blocked=uphill-repo reason=no_reposition'
08/30 14:09:07 [Localization System] CLocalize::FindSafe failed to localize: 'AIB[D] blocked=emergency-kill reason=no_target'
08/30 14:09:07 [Localization System] CLocalize::FindSafe failed to localize: 'AIB[D] blocked=ability-harass reason=nothing_castable'
08/30 14:09:07 [Localization System] CLocalize::FindSafe failed to localize: 'AIB[D] blocked=buy-loop reason=saving target=item_magic_wand head=item_recipe_magic_wand cost=150 gold=50 left=1'
08/30 14:09:07 [Localization System] CLocalize::FindSafe failed to localize: 'AIB[D] intent=tick-owner family=other stage=desire/creep-work reason=ready score=39 band=lanework'
08/30 14:09:07 [Localization System] CLocalize::FindSafe failed to localize: 'AIB[R] intent=state-desire-last-hit family=farm dist=390 reason=killable_creep score=140'
08/30 14:09:07 [Localization System] CLocalize::FindSafe failed to localize: 'AIB[R] intent=tick-owner family=other stage=desire/last-hit dist=390 reason=killable_creep score=140'
08/30 14:09:07 [Localization System] CLocalize::FindSafe failed to localize: 'AIB[R] intent=top-arbiter family=state winner=last-hit:158 losers=hero-over-creep:52,cs-inrange:50,idle-heal:46,emergency-retreat:45,fwd-pullback:44'
08/30 14:09:07 [Localization System] CLocalize::FindSafe failed to localize: 'AIB[R] blocked=hero-over-creep reason=no_target'
08/30 14:09:07 [Localization System] CLocalize::FindSafe failed to localize: 'AIB[R] blocked=emergency-kill reason=no_target'
08/30 14:09:07 [Localization System] CLocalize::FindSafe failed to localize: 'AIB[R] blocked=uphill-repo reason=not_trading'
08/30 14:09:07 [Localization System] CLocalize::FindSafe failed to localize: 'AIB[D] blocked=hero-over-creep reason=no_target'
08/30 14:09:07 [Localization System] CLocalize::FindSafe failed to localize: 'AIB[D] intent=wave-watch-work family=other lh=17 idle=29 creep_hp=164 dist=607'
08/30 14:09:08 [Localization System] CLocalize::FindSafe failed to localize: 'AIB[D] intent=top-arbiter family=state winner=harass:40 losers=hero-over-creep:52,idle-heal:46,emergency-retreat:45,fwd-pullback:44,emergency-kill:43.5'
08/30 14:09:08 [Localization System] CLocalize::FindSafe failed to localize: 'AIB[R] intent=recovery-plan family=recover action=buy_flask reason=critical hp=100 gold=79 count=1'
08/30 14:09:08 [Localization System] CLocalize::FindSafe failed to localize: 'AIB[R] intent=melee-pack-space family=safety count=2 dist=188'
08/30 14:09:08 [Localization System] CLocalize::FindSafe failed to localize: 'AIB[D] intent=state-desire-last-hit family=farm dist=517 reason=killable_creep score=140'
08/30 14:09:08 [Localization System] CLocalize::FindSafe failed to localize: 'AIB[R] blocked=harass reason=no_target'
08/30 14:09:08 [Server] Game code (account 0) tried to execute invalid order (19). Target NPC is dead.
08/30 14:09:08 [Localization System] CLocalize::FindSafe failed to localize: 'AIB[D] intent=state-desire-fight family=state base=78 hp_adv=8 dist=687 hp=91 ehp=77 reason=enemy_seen score=86'
08/30 14:09:08 [Localization System] CLocalize::FindSafe failed to localize: 'AIB[D] blocked=ability-pressure reason=nothing_castable'
08/30 14:09:08 [Localization System] CLocalize::FindSafe failed to localize: 'AIB[D] intent=hero-contact family=fight dist=687 hp=91 reason=close_enemy'
08/30 14:09:08 [Localization System] CLocalize::FindSafe failed to localize: 'AIB[R] blocked=bottle-rune reason=no_close_rune max=1900 waterMax=4700 nearest=inf water=inf mid=307 status=2-2e'
08/30 14:09:09 [Localization System] CLocalize::FindSafe failed to localize: 'AIB[D] blocked=hero-contact reason=refractory since=0.17'
08/30 14:09:09 [Localization System] CLocalize::FindSafe failed to localize: 'AIB[D] intent=hero-pass family=fight dist=657 hp=92 reason=nearby_enemy'
08/30 14:09:09 [Localization System] CLocalize::FindSafe failed to localize: 'AIB[D] blocked=top-arbiter reason=empty_action winner=fight score=104'
08/30 14:09:09 [Localization System] CLocalize::FindSafe failed to localize: 'AIB[D] blocked=recovery-buy reason=item_checkpoint item=item_recipe_magic_wand hp=92 gold=88 cost=150 spend=100'
08/30 14:09:09 [Localization System] CLocalize::FindSafe failed to localize: 'AIB[D] intent=recovery-plan family=recover action=buy_item_flask reason=checkpoint_block item=item_recipe_magic_wand hp=92 gold=88'
08/30 14:09:09 [Localization System] CLocalize::FindSafe failed to localize: 'AIB[D] blocked=uphill-repo reason=no_reposition'
08/30 14:09:09 [Localization System] CLocalize::FindSafe failed to localize: 'AIB[R] intent=state-desire-fight family=state base=78 range=18 dist=610 hp=77 ehp=67 reason=enemy_seen score=96'
08/30 14:09:09 [Localization System] CLocalize::FindSafe failed to localize: 'AIB[R] blocked=ability-pressure reason=nothing_castable'
08/30 14:09:09 [Localization System] CLocalize::FindSafe failed to localize: 'AIB[R] intent=hero-contact family=fight dist=610 hp=77 reason=close_enemy'
08/30 14:09:09 [Localization System] CLocalize::FindSafe failed to localize: 'AIB[R] intent=top-arbiter family=state winner=fight:96 losers=hero-over-creep:52,idle-heal:46,emergency-retreat:45,fwd-pullback:44,emergency-kill:43.5'
08/30 14:09:09 [Localization System] CLocalize::FindSafe failed to localize: 'AIB[D] blocked=bottle-rune reason=no_close_rune max=1900 waterMax=4700 nearest=inf water=inf mid=438 status=2-2-'
08/30 14:09:09 [Localization System] CLocalize::FindSafe failed to localize: 'AIB[D] blocked=uphill-repo reason=motor_busy'
08/30 14:09:09 [Localization System] CLocalize::FindSafe failed to localize: 'AIB[D] intent=tick-owner family=other stage=laning-core'
08/30 14:09:09 [Localization System] CLocalize::FindSafe failed to localize: 'AIB[R] intent=state-desire-last-hit family=farm dist=565 reason=killable_creep score=140'
08/30 14:09:09 [Localization System] CLocalize::FindSafe failed to localize: 'AIB[R] intent=tick-owner family=other stage=desire/last-hit dist=565 reason=killable_creep score=140'
08/30 14:09:09 [Localization System] CLocalize::FindSafe failed to localize: 'AIB[D] intent=top-arbiter family=state winner=fight:114 losers=hero-over-creep:52,idle-heal:46,emergency-retreat:45,fwd-pullback:44,emergency-kill:43.5'
08/30 14:09:09 [Localization System] CLocalize::FindSafe failed to localize: 'AIB[R] t=296s hp=77% gold=81 loc=-798,-613 enemy-dist=560 lh=24 dn=3 dg=+46 dlh=+1 bottle=0 lvl=5 front=8396 ehp=67'
08/30 14:09:09 [Localization System] CLocalize::FindSafe failed to localize: 'AIB[D] blocked=harass reason=no_target'
08/30 14:09:10 [Server] Game code (account 0) tried to execute invalid order (19). Target NPC is dead.
08/30 14:09:10 [Localization System] CLocalize::FindSafe failed to localize: 'invalid index'
08/30 14:09:10 [Localization System] CLocalize::FindSafe failed to localize: 'AIB[R] intent=kill-lock family=fight dist=560 ehp=36 hp=77 exec=false atk=true mutual=false reason=killable_enemy'
08/30 14:09:10 [Localization System] CLocalize::FindSafe failed to localize: 'AIB[D] t=296s hp=37% gold=90 loc=-321,-320 enemy-dist=560 lh=18 dn=1 dg=+43 dlh=+1 bottle=0 lvl=5 front=10306 ehp=77'
08/30 14:09:10 [Localization System] CLocalize::FindSafe failed to localize: 'AIB[D] intent=state-desire-safety family=state base=108 hp=37 creep=false hero=true reason=recent_damage score=108'
08/30 14:09:10 [Localization System] CLocalize::FindSafe failed to localize: 'AIB[D] intent=state-desire-recover family=state base=74 danger=28 hp=37 reason=hp_gate score=102'
08/30 14:09:10 [Localization System] CLocalize::FindSafe failed to localize: 'AIB[D] intent=recovery-policy family=recover action=recover hp=37 gate=55 source=lane-low'
08/30 14:09:10 [Localization System] CLocalize::FindSafe failed to localize: 'AIB[D] intent=state-recover-xp family=state ttl=2 reason=regen_lane hp=37 dist=565'
08/30 14:09:10 [Localization System] CLocalize::FindSafe failed to localize: 'AIB[D] blocked=safety-candidate reason=no_action_capped hp=37 score=44'
08/30 14:09:10 [Localization System] CLocalize::FindSafe failed to localize: 'AIB[D] intent=state-desire-fight family=state base=78 range=18 execute=20 dist=560 hp=40 ehp=51 reason=enemy_seen score=116'
08/30 14:09:10 [Localization System] CLocalize::FindSafe failed to localize: 'AIB[D] blocked=hero-pass reason=low_hp hp=41'
08/30 14:09:10 [Localization System] CLocalize::FindSafe failed to localize: 'AIB[D] blocked=top-arbiter reason=empty_action winner=fight score=134'
08/30 14:09:11 [Localization System] CLocalize::FindSafe failed to localize: 'AIB[D] blocked=buy-tp reason=recent_tp since=26'
08/30 14:09:11 [Localization System] CLocalize::FindSafe failed to localize: 'AIB[D] intent=tick-owner family=other stage=laning-core'
08/30 14:09:11 [Localization System] CLocalize::FindSafe failed to localize: 'AIB[D] intent=state-recover-safe family=state ttl=2 reason=regen_lane hp=27 dist=1805'
08/30 14:09:12 [Localization System] CLocalize::FindSafe failed to localize: 'AIB[R] blocked=buy-loop reason=saving target=item_power_treads head=item_belt_of_strength cost=450 gold=128 left=2'
08/30 14:09:12 [Localization System] CLocalize::FindSafe failed to localize: 'AIB[D] intent=recovery-policy family=recover action=recover hp=15 gate=22 source=emergency-low'
08/30 14:09:12 [Localization System] CLocalize::FindSafe failed to localize: 'AIB[D] blocked=bottle-rune reason=critical_no_stage hp=15 rune=1722 eta=62'
08/30 14:09:12 [Localization System] CLocalize::FindSafe failed to localize: 'AIB[D] blocked=bottle-rune reason=stage_cooldown eta=62'
08/30 14:09:13 [Localization System] CLocalize::FindSafe failed to localize: 'AIB[D] intent=tick-owner family=other stage=laning-core'
08/30 14:09:14 [Localization System] CLocalize::FindSafe failed to localize: 'AIB[D] intent=recovery-policy family=recover action=recover hp=14 gate=22 source=emergency-low'
08/30 14:09:14 [Localization System] CLocalize::FindSafe failed to localize: 'AIB[D] intent=state-recover-safe family=state ttl=2 reason=regen_lane hp=14 dist=909'
08/30 14:09:15 [Localization System] CLocalize::FindSafe failed to localize: 'AIB[R] t=301s hp=43% gold=132 loc=-199,-120 lh=25 dn=3 dg=+51 dlh=+1 bottle=0 lvl=6 front=8403 ehp=-1'
08/30 14:09:15 [Localization System] CLocalize::FindSafe failed to localize: 'AIB[R] intent=state-desire-recover family=state base=74 hp=43 reason=hp_gate score=74'
08/30 14:09:15 [Localization System] CLocalize::FindSafe failed to localize: 'AIB[R] intent=recovery-policy family=recover action=recover hp=43 gate=55 source=lane-low'
08/30 14:09:15 [Localization System] CLocalize::FindSafe failed to localize: 'AIB[R] blocked=recovery-rune-bottle reason=no_close_rune max=3600 waterMax=4700 nearest=inf water=inf mid=534 status=2-2e'
08/30 14:09:15 [Localization System] CLocalize::FindSafe failed to localize: 'AIB[R] intent=recovery-plan family=recover action=back reason=post_fight_regen hp=43'
08/30 14:09:15 [Localization System] CLocalize::FindSafe failed to localize: 'AIB[R] intent=state-recover-xp family=state ttl=5 reason=post_fight_regen hp=43 dist=1712'
08/30 14:09:15 [Localization System] CLocalize::FindSafe failed to localize: 'AIB[R] intent=recovery-owner family=recover band=soft threat=false mode=safe-step hp=43'
08/30 14:09:15 [Localization System] CLocalize::FindSafe failed to localize: 'AIB[R] intent=top-arbiter family=state winner=recover:74 losers=safe-cs:56,hero-over-creep:52,idle-heal:46,emergency-retreat:45,fwd-pullback:44'
08/30 14:09:15 [Localization System] CLocalize::FindSafe failed to localize: 'AIB[R] intent=tick-owner family=other stage=desire/recover base=74 hp=43 reason=hp_gate score=74'
08/30 14:09:15 [Localization System] CLocalize::FindSafe failed to localize: 'AIB[D] blocked=buy-loop reason=saving target=item_magic_wand head=item_recipe_magic_wand cost=150 gold=32 left=1'
08/30 14:09:15 [Localization System] CLocalize::FindSafe failed to localize: 'AIB[R] intent=kill-lock family=fight dist=776 ehp=15 hp=43 exec=false atk=true mutual=false reason=killable_enemy'
08/30 14:09:15 [Server] Client (account 0) tried to execute invalid order (3). Unrecognized order identifier.
08/30 14:09:15 [Localization System] CLocalize::FindSafe failed to localize: 'AIB[D] t=301s hp=15% gold=32 loc=429,336 lh=19 dn=1 dg=-58 dlh=+1 bottle=0 lvl=5 front=10510 ehp=-1'
08/30 14:09:15 [Localization System] CLocalize::FindSafe failed to localize: 'AIB[D] blocked=recovery-rune-bottle reason=stage_cooldown eta=59'
08/30 14:09:15 [Localization System] CLocalize::FindSafe failed to localize: 'AIB[D] intent=recovery-plan family=recover action=back reason=post_fight_regen hp=15'
08/30 14:09:15 [Localization System] CLocalize::FindSafe failed to localize: 'AIB[D] blocked=recovery-buy reason=fountain_floor_free_heal hp=15 gold=32'
08/30 14:09:15 [Localization System] CLocalize::FindSafe failed to localize: 'AIB[D] intent=tick-owner family=other stage=laning-core'
08/30 14:09:15 [Localization System] CLocalize::FindSafe failed to localize: 'AIB[D] intent=damage-by-source family=other creep=560 tower=0 hero=2814 mixed=323 death=176 other=0 stale=140 gaps=2'
08/30 14:09:16 [Localization System] CLocalize::FindSafe failed to localize: 'AIB[R] blocked=recover-candidate reason=no_action_capped hp=44 score=44'
08/30 14:09:16 [Localization System] CLocalize::FindSafe failed to localize: 'AIB[R] blocked=hero-over-creep reason=no_target'
08/30 14:09:16 [Localization System] CLocalize::FindSafe failed to localize: 'AIB[D] intent=recovery-policy family=recover action=recover hp=15 gate=22 source=emergency-low'
08/30 14:09:17 [Localization System] CLocalize::FindSafe failed to localize: 'AIB[D] intent=tick-owner family=other stage=laning-core'
08/30 14:09:18 [Localization System] CLocalize::FindSafe failed to localize: 'AIB[D] intent=recovery-policy family=recover action=recover hp=16 gate=22 source=emergency-low'
08/30 14:09:19 [Localization System] CLocalize::FindSafe failed to localize: 'AIB[D] intent=tick-owner family=other stage=laning-core'
08/30 14:09:20 [Localization System] CLocalize::FindSafe failed to localize: 'AIB[R] blocked=buy-loop reason=saving target=item_power_treads head=item_belt_of_strength cost=450 gold=140 left=2'
08/30 14:09:20 [Localization System] CLocalize::FindSafe failed to localize: 'AIB[D] t=306s hp=17% gold=40 loc=1518,1401 lh=19 dn=1 dg=+8 dlh=+0 bottle=0 lvl=5 front=10476 ehp=-1'
08/30 14:09:20 [Localization System] CLocalize::FindSafe failed to localize: 'AIB[D] intent=recovery-policy family=recover action=recover hp=17 gate=22 source=emergency-low'
08/30 14:09:21 [Localization System] CLocalize::FindSafe failed to localize: 'AIB[D] intent=tick-owner family=other stage=laning-core'
08/30 14:09:22 [Localization System] CLocalize::FindSafe failed to localize: 'AIB[D] intent=recovery-policy family=recover action=recover hp=19 gate=22 source=emergency-low'
08/30 14:09:22 [Localization System] CLocalize::FindSafe failed to localize: 'AIB[R] t=309s hp=40% gold=143 loc=-1312,-1060 lh=25 dn=3 dg=+11 dlh=+0 bottle=0 lvl=6 front=7078 ehp=-1'
08/30 14:09:22 [Localization System] CLocalize::FindSafe failed to localize: 'AIB[R] intent=damage-by-source family=other creep=505 tower=65 hero=1505 mixed=115 death=0 other=123 stale=423 gaps=4'
08/30 14:09:22 [Localization System] CLocalize::FindSafe failed to localize: 'AIB[R] blocked=recover-candidate reason=no_action_capped hp=40 score=44'
08/30 14:09:22 [Localization System] CLocalize::FindSafe failed to localize: 'AIB[R] blocked=hero-over-creep reason=no_target'
08/30 14:09:22 [Localization System] CLocalize::FindSafe failed to localize: 'AIB[R] intent=top-arbiter family=state winner=idle-heal:46 losers=safe-cs:56,hero-over-creep:52,emergency-retreat:45,fwd-pullback:44,emergency-kill:43.5'
08/30 14:09:22 [Localization System] CLocalize::FindSafe failed to localize: 'AIB[R] intent=tick-owner family=other stage=desire/idle-heal reason=ready score=46 band=lanework'
08/30 14:09:23 [Localization System] CLocalize::FindSafe failed to localize: 'AIB[D] blocked=buy-loop reason=saving target=item_magic_wand head=item_recipe_magic_wand cost=150 gold=44 left=1'
08/30 14:09:23 [Localization System] CLocalize::FindSafe failed to localize: 'AIB[D] intent=tick-owner family=other stage=laning-core'
08/30 14:09:24 [Localization System] CLocalize::FindSafe failed to localize: 'AIB[R] blocked=bottle-rune reason=no_close_rune max=1900 waterMax=4700 nearest=inf water=inf mid=506 status=2-2e'
08/30 14:09:24 [Localization System] CLocalize::FindSafe failed to localize: 'AIB[R] blocked=recovery-rune-bottle reason=no_close_rune max=3600 waterMax=4700 nearest=inf water=inf mid=506 status=2-2e'
08/30 14:09:24 [Localization System] CLocalize::FindSafe failed to localize: 'AIB[R] intent=recovery-plan family=recover action=lane reason=empty_bottle_no_rune hp=41 mana=57'
08/30 14:09:24 [Localization System] CLocalize::FindSafe failed to localize: 'AIB[R] blocked=emergency-kill reason=no_target'
08/30 14:09:24 [Localization System] CLocalize::FindSafe failed to localize: 'AIB[R] intent=top-arbiter family=state winner=low-hp-hold:43.2 losers=safe-cs:56,hero-over-creep:52,idle-heal:46,emergency-retreat:45,fwd-pullback:44'
08/30 14:09:24 [Localization System] CLocalize::FindSafe failed to localize: 'AIB[R] intent=state-desire-last-hit family=farm dist=136 reason=killable_creep score=140'
08/30 14:09:24 [Localization System] CLocalize::FindSafe failed to localize: 'AIB[D] intent=recovery-policy family=recover action=recover hp=20 gate=22 source=emergency-low'
08/30 14:09:24 [Localization System] CLocalize::FindSafe failed to localize: 'AIB[R] intent=tick-owner family=other stage=laning-core'
08/30 14:09:24 [Localization System] CLocalize::FindSafe failed to localize: 'AIB[R] blocked=creep-hit-react reason=recovery_commit hp=41 band=soft'
08/30 14:09:25 [Server] Game code (account 0) tried to execute invalid order (19). Target NPC is dead.
08/30 14:09:25 [Localization System] CLocalize::FindSafe failed to localize: 'AIB[R] intent=state-desire-recover family=state base=74 creep_dmg=-14 hp=41 reason=hp_gate score=60'
08/30 14:09:25 [Localization System] CLocalize::FindSafe failed to localize: 'AIB[R] intent=recovery-policy family=recover action=recover hp=41 gate=55 source=lane-low'
08/30 14:09:25 [Localization System] CLocalize::FindSafe failed to localize: 'AIB[D] t=311s hp=21% gold=47 loc=2665,2473 lh=19 dn=1 dg=+7 dlh=+0 bottle=0 lvl=5 front=11097 ehp=-1'
08/30 14:09:25 [Localization System] CLocalize::FindSafe failed to localize: 'AIB[D] blocked=heal-item reason=fountain_trip_committed hp=21'
08/30 14:09:25 [Localization System] CLocalize::FindSafe failed to localize: 'AIB[D] intent=tick-owner family=other stage=laning-core'
08/30 14:09:25 [Localization System] CLocalize::FindSafe failed to localize: 'AIB[R] intent=top-arbiter family=state winner=recover:78 losers=safe-cs:56,hero-over-creep:52,idle-heal:46,emergency-retreat:45,fwd-pullback:44'
08/30 14:09:26 [Localization System] CLocalize::FindSafe failed to localize: 'AIB[R] intent=recovery-owner family=recover band=soft threat=false mode=back hp=43'
08/30 14:09:26 [Localization System] CLocalize::FindSafe failed to localize: 'AIB[D] intent=recovery-policy family=recover action=recover hp=22 gate=35 source=early-low'
08/30 14:09:26 [Localization System] CLocalize::FindSafe failed to localize: 'AIB[R] blocked=recover-candidate reason=no_action_capped hp=43 score=44'
08/30 14:09:26 [Localization System] CLocalize::FindSafe failed to localize: 'AIB[R] blocked=hero-over-creep reason=no_target'
08/30 14:09:26 [Localization System] CLocalize::FindSafe failed to localize: 'AIB[R] blocked=uphill-repo reason=low_hp_hold'
08/30 14:09:26 [Localization System] CLocalize::FindSafe failed to localize: 'AIB[R] blocked=harass reason=no_target'
08/30 14:09:26 [Localization System] CLocalize::FindSafe failed to localize: 'AIB[R] blocked=ability-harass reason=nothing_castable'
08/30 14:09:26 [Localization System] CLocalize::FindSafe failed to localize: 'AIB[R] intent=tick-owner family=other stage=desire/anti-idle reason=ready score=2 band=idle'
08/30 14:09:27 [Localization System] CLocalize::FindSafe failed to localize: 'AIB[R] blocked=emergency-kill reason=no_target'
08/30 14:09:27 [Localization System] CLocalize::FindSafe failed to localize: 'AIB[R] intent=top-arbiter family=state winner=anti-idle:2 losers=safe-cs:56,hero-over-creep:52,idle-heal:46,emergency-retreat:45,fwd-pullback:44'
08/30 14:09:27 [Localization System] CLocalize::FindSafe failed to localize: 'AIB[R] t=314s hp=45% gold=221 loc=-1934,-1495 lh=27 dn=3 dg=+78 dlh=+2 bottle=0 lvl=6 front=7078 ehp=-1'
08/30 14:09:27 [Localization System] CLocalize::FindSafe failed to localize: 'AIB[D] intent=tick-owner family=other stage=laning-core'
08/30 14:09:28 [Localization System] CLocalize::FindSafe failed to localize: 'AIB[R] blocked=buy-loop reason=saving target=item_power_treads head=item_belt_of_strength cost=450 gold=222 left=2'
08/30 14:09:28 [Localization System] CLocalize::FindSafe failed to localize: 'AIB[D] intent=recovery-policy family=recover action=recover hp=23 gate=35 source=early-low'
08/30 14:09:28 [Localization System] CLocalize::FindSafe failed to localize: 'AIB[R] blocked=uphill-repo reason=no_reposition'
08/30 14:09:28 [Localization System] CLocalize::FindSafe failed to localize: 'AIB[R] intent=top-arbiter family=state winner=anti-idle:2 losers=safe-cs:56,hero-over-creep:52,idle-heal:46,emergency-retreat:45,fwd-pullback:44'
08/30 14:09:28 [Localization System] CLocalize::FindSafe failed to localize: 'AIB[R] intent=tick-owner family=other stage=desire/anti-idle reason=ready score=2 band=idle'
08/30 14:09:29 [Localization System] CLocalize::FindSafe failed to localize: 'AIB[D] intent=tick-owner family=other stage=laning-core'
08/30 14:09:29 [Localization System] CLocalize::FindSafe failed to localize: 'AIB[R] blocked=hero-over-creep reason=no_target'
08/30 14:09:29 [Localization System] CLocalize::FindSafe failed to localize: 'AIB[R] blocked=harass reason=no_target'
08/30 14:09:29 [Localization System] CLocalize::FindSafe failed to localize: 'AIB[R] blocked=ability-harass reason=nothing_castable'
08/30 14:09:30 [Localization System] CLocalize::FindSafe failed to localize: 'AIB[R] blocked=emergency-kill reason=no_target'
08/30 14:09:30 [Localization System] CLocalize::FindSafe failed to localize: 'AIB[D] t=316s hp=25% gold=55 loc=3699,3587 lh=19 dn=1 dg=+8 dlh=+0 bottle=0 lvl=5 front=9143 ehp=-1'
08/30 14:09:30 [Localization System] CLocalize::FindSafe failed to localize: 'AIB[R] intent=top-arbiter family=state winner=anti-idle:2 losers=safe-cs:56,hero-over-creep:52,idle-heal:46,emergency-retreat:45,fwd-pullback:44'
08/30 14:09:30 [Localization System] CLocalize::FindSafe failed to localize: 'AIB[D] intent=recovery-policy family=recover action=recover hp=25 gate=35 source=early-low'
08/30 14:09:30 [Localization System] CLocalize::FindSafe failed to localize: 'AIB[R] intent=tick-owner family=other stage=desire/anti-idle reason=ready score=2 band=idle'
08/30 14:09:30 [Localization System] CLocalize::FindSafe failed to localize: 'AIB[D] intent=damage-by-source family=other creep=560 tower=0 hero=2814 mixed=323 death=176 other=0 stale=140 gaps=2'
08/30 14:09:31 [Localization System] CLocalize::FindSafe failed to localize: 'AIB[D] blocked=buy-loop reason=saving target=item_magic_wand head=item_recipe_magic_wand cost=150 gold=56 left=1'
08/30 14:09:31 [Localization System] CLocalize::FindSafe failed to localize: 'AIB[D] blocked=fountain-floor reason=heal_in_hand hp=25 inflight=nil'
08/30 14:09:31 [Localization System] CLocalize::FindSafe failed to localize: 'AIB[D] blocked=bottle-rune reason=no_close_rune max=1900 waterMax=4700 nearest=inf water=inf mid=4572 status=2-2-'
08/30 14:09:31 [Localization System] CLocalize::FindSafe failed to localize: 'AIB[D] blocked=recovery-rune-bottle reason=no_close_rune max=3600 waterMax=4700 nearest=inf water=inf mid=4572 status=2-2-'
08/30 14:09:31 [Localization System] CLocalize::FindSafe failed to localize: 'AIB[D] intent=recovery-plan family=recover action=lane reason=empty_bottle_no_rune hp=26 mana=70'
08/30 14:09:31 [Localization System] CLocalize::FindSafe failed to localize: 'AIB[D] blocked=recovery-buy reason=item_checkpoint item=item_recipe_magic_wand hp=26 gold=56 cost=150 spend=100'
08/30 14:09:31 [Localization System] CLocalize::FindSafe failed to localize: 'AIB[D] intent=critical-recovery family=recover hp=26 dist=4052 reason=lock'
08/30 14:09:31 [Localization System] CLocalize::FindSafe failed to localize: 'AIB[D] intent=recovery-owner family=recover band=soft threat=false mode=critical-lock hp=26'
08/30 14:09:31 [Localization System] CLocalize::FindSafe failed to localize: 'AIB[D] intent=tick-owner family=other stage=laning-core'
08/30 14:09:31 [Localization System] CLocalize::FindSafe failed to localize: 'AIB[R] blocked=uphill-repo reason=no_reposition'
08/30 14:09:31 [Localization System] CLocalize::FindSafe failed to localize: 'AIB[R] intent=top-arbiter family=state winner=anti-idle:2 losers=safe-cs:56,hero-over-creep:52,idle-heal:46,emergency-retreat:45,fwd-pullback:44'
08/30 14:09:32 [Localization System] CLocalize::FindSafe failed to localize: 'AIB[R] blocked=bottle-rune reason=no_close_rune max=1900 waterMax=4700 nearest=inf water=inf mid=368 status=2-2e'
08/30 14:09:32 [Localization System] CLocalize::FindSafe failed to localize: 'AIB[R] blocked=recovery-rune-bottle reason=no_close_rune max=3600 waterMax=4700 nearest=inf water=inf mid=368 status=2-2e'
08/30 14:09:32 [Localization System] CLocalize::FindSafe failed to localize: 'AIB[R] intent=recovery-plan family=recover action=lane reason=empty_bottle_no_rune hp=51 mana=43'
08/30 14:09:32 [Localization System] CLocalize::FindSafe failed to localize: 'AIB[R] t=319s hp=51% gold=229 loc=-1165,-976 lh=27 dn=3 dg=+8 dlh=+0 bottle=0 lvl=6 front=8461 ehp=-1'
08/30 14:09:32 [Localization System] CLocalize::FindSafe failed to localize: 'AIB[D] intent=recovery-policy family=recover action=recover hp=33 gate=35 source=early-low'
08/30 14:09:33 [Localization System] CLocalize::FindSafe failed to localize: 'AIB[R] blocked=hero-over-creep reason=no_target'
08/30 14:09:33 [Localization System] CLocalize::FindSafe failed to localize: 'AIB[R] blocked=harass reason=no_target'
08/30 14:09:33 [Localization System] CLocalize::FindSafe failed to localize: 'AIB[R] blocked=ability-harass reason=nothing_castable'
08/30 14:09:33 [Localization System] CLocalize::FindSafe failed to localize: 'AIB[R] intent=tick-owner family=other stage=desire/anti-idle reason=ready score=2 band=idle'
08/30 14:09:33 [Localization System] CLocalize::FindSafe failed to localize: 'AIB[R] blocked=emergency-kill reason=no_target'
08/30 14:09:33 [Localization System] CLocalize::FindSafe failed to localize: 'AIB[D] blocked=recover-candidate reason=no_resources_behind_safe hp=35 score=44'
08/30 14:09:33 [Localization System] CLocalize::FindSafe failed to localize: 'AIB[D] blocked=hero-over-creep reason=no_target'
08/30 14:09:33 [Localization System] CLocalize::FindSafe failed to localize: 'AIB[D] blocked=emergency-kill reason=disabled'
08/30 14:09:33 [Localization System] CLocalize::FindSafe failed to localize: 'AIB[D] blocked=uphill-repo reason=motor_busy'
08/30 14:09:33 [Localization System] CLocalize::FindSafe failed to localize: 'AIB[D] blocked=harass reason=own_heal_running'
08/30 14:09:33 [Localization System] CLocalize::FindSafe failed to localize: 'AIB[D] blocked=ability-harass reason=nothing_castable'
08/30 14:09:33 [Localization System] CLocalize::FindSafe failed to localize: 'AIB[D] intent=top-arbiter family=state winner=anti-idle:2 losers=safe-cs:56,hero-over-creep:52,idle-heal:46,emergency-retreat:45,fwd-pullback:44'
08/30 14:09:33 [Localization System] CLocalize::FindSafe failed to localize: 'AIB[R] intent=top-arbiter family=state winner=wave-watch:10 losers=safe-cs:56,hero-over-creep:52,idle-heal:46,emergency-retreat:45,fwd-pullback:44'
08/30 14:09:33 [Localization System] CLocalize::FindSafe failed to localize: 'AIB[R] intent=melee-pack-space family=safety count=2 dist=143'
08/30 14:09:33 [Localization System] CLocalize::FindSafe failed to localize: 'AIB[D] intent=tick-owner family=other stage=laning-core'
08/30 14:09:34 [Localization System] CLocalize::FindSafe failed to localize: 'AIB[D] blocked=uphill-repo reason=no_reposition'
08/30 14:09:34 [Localization System] CLocalize::FindSafe failed to localize: 'AIB[D] blocked=emergency-kill reason=no_target'
08/30 14:09:34 [Localization System] CLocalize::FindSafe failed to localize: 'AIB[D] intent=top-arbiter family=state winner=anti-idle:2 losers=safe-cs:56,hero-over-creep:52,idle-heal:46,emergency-retreat:45,fwd-pullback:44'
08/30 14:09:35 [Localization System] CLocalize::FindSafe failed to localize: 'AIB[R] blocked=uphill-repo reason=no_reposition'
08/30 14:09:35 [Localization System] CLocalize::FindSafe failed to localize: 'AIB[R] intent=top-arbiter family=state winner=wave-watch:10 losers=safe-cs:56,hero-over-creep:52,idle-heal:46,emergency-retreat:45,fwd-pullback:44'
08/30 14:09:35 [Localization System] CLocalize::FindSafe failed to localize: 'AIB[R] intent=tick-owner family=other stage=laning-core'
08/30 14:09:35 [Localization System] CLocalize::FindSafe failed to localize: 'AIB[D] t=322s hp=45% gold=63 loc=3094,2752 lh=19 dn=1 dg=+8 dlh=+0 bottle=0 lvl=5 front=10031 ehp=-1'
08/30 14:09:35 [Localization System] CLocalize::FindSafe failed to localize: 'AIB[D] intent=tick-owner family=other stage=laning-core'
08/30 14:09:36 [Localization System] CLocalize::FindSafe failed to localize: 'AIB[R] blocked=hero-over-creep reason=no_target'
08/30 14:09:36 [Localization System] CLocalize::FindSafe failed to localize: 'AIB[R] blocked=harass reason=no_target'
08/30 14:09:36 [Localization System] CLocalize::FindSafe failed to localize: 'AIB[R] blocked=buy-loop reason=saving target=item_power_treads head=item_belt_of_strength cost=450 gold=234 left=2'
08/30 14:09:36 [Localization System] CLocalize::FindSafe failed to localize: 'AIB[D] blocked=hero-over-creep reason=no_target'
08/30 14:09:36 [Localization System] CLocalize::FindSafe failed to localize: 'AIB[D] blocked=ability-harass reason=nothing_castable'
08/30 14:09:36 [Localization System] CLocalize::FindSafe failed to localize: 'AIB[R] blocked=emergency-kill reason=no_target'
08/30 14:09:36 [Localization System] CLocalize::FindSafe failed to localize: 'AIB[D] intent=top-arbiter family=state winner=anti-idle:2 losers=safe-cs:56,hero-over-creep:52,idle-heal:46,emergency-retreat:45,fwd-pullback:44'
08/30 14:09:36 [Localization System] CLocalize::FindSafe failed to localize: 'AIB[R] intent=top-arbiter family=state winner=creep-work:38.8 losers=hero-over-creep:52,idle-heal:46,emergency-retreat:45,fwd-pullback:44,emergency-kill:43.5'
08/30 14:09:36 [Server] PR:IncrementIdleTime 1:[I:0:0] 2.23
08/30 14:09:37 [Localization System] CLocalize::FindSafe failed to localize: 'AIB[R] intent=state-desire-last-hit family=farm dist=440 reason=killable_creep score=140'
08/30 14:09:37 [Localization System] CLocalize::FindSafe failed to localize: 'AIB[R] intent=tick-owner family=other stage=desire/last-hit dist=440 reason=killable_creep score=140'
08/30 14:09:37 [Localization System] CLocalize::FindSafe failed to localize: 'AIB[D] blocked=harass reason=own_heal_running'
08/30 14:09:37 [Localization System] CLocalize::FindSafe failed to localize: 'AIB[D] blocked=uphill-repo reason=no_reposition'
08/30 14:09:37 [Localization System] CLocalize::FindSafe failed to localize: 'AIB[D] blocked=emergency-kill reason=no_target'
08/30 14:09:37 [Localization System] CLocalize::FindSafe failed to localize: 'AIB[R] intent=damage-by-source family=other creep=511 tower=65 hero=1505 mixed=115 death=0 other=123 stale=423 gaps=4'
08/30 14:09:38 [Localization System] CLocalize::FindSafe failed to localize: 'AIB[R] t=324s hp=58% gold=236 loc=-810,-704 lh=27 dn=3 dg=+7 dlh=+0 bottle=0 lvl=6 front=8470 ehp=-1'
08/30 14:09:38 [Localization System] CLocalize::FindSafe failed to localize: 'AIB[D] intent=top-arbiter family=state winner=anti-idle:2 losers=hero-over-creep:52,idle-heal:46,emergency-retreat:45,fwd-pullback:44,emergency-kill:43.5'
08/30 14:09:38 [Localization System] CLocalize::FindSafe failed to localize: 'AIB[D] intent=tick-owner family=other stage=laning-core'
08/30 14:09:38 [Localization System] CLocalize::FindSafe failed to localize: 'AIB[R] blocked=uphill-repo reason=no_reposition'
08/30 14:09:38 [Localization System] CLocalize::FindSafe failed to localize: 'AIB[R] intent=top-arbiter family=state winner=creep-work:38.8 losers=hero-over-creep:52,idle-heal:46,emergency-retreat:45,fwd-pullback:44,emergency-kill:43.5'
08/30 14:09:38 [Localization System] CLocalize::FindSafe failed to localize: 'AIB[R] blocked=ability-harass reason=nothing_castable'
08/30 14:09:38 [Localization System] CLocalize::FindSafe failed to localize: 'AIB[R] blocked=visual-hold reason=creep_in_range held=4.0 hp=58 repeat=1 hard=false'
08/30 14:09:39 [Localization System] CLocalize::FindSafe failed to localize: 'AIB[D] blocked=buy-loop reason=saving target=item_magic_wand head=item_recipe_magic_wand cost=150 gold=68 left=1'
08/30 14:09:39 [Localization System] CLocalize::FindSafe failed to localize: 'AIB[R] blocked=hero-over-creep reason=no_target'
08/30 14:09:39 [Localization System] CLocalize::FindSafe failed to localize: 'AIB[R] blocked=harass reason=no_target'
08/30 14:09:39 [Localization System] CLocalize::FindSafe failed to localize: 'AIB[R] intent=tick-owner family=other stage=laning-core'
08/30 14:09:39 [Localization System] CLocalize::FindSafe failed to localize: 'AIB[D] blocked=hero-over-creep reason=no_target'
08/30 14:09:39 [Localization System] CLocalize::FindSafe failed to localize: 'AIB[D] blocked=ability-harass reason=nothing_castable'
08/30 14:09:39 [Localization System] CLocalize::FindSafe failed to localize: 'AIB[R] intent=state-desire-last-hit family=farm dist=434 hyst=18 reason=killable_creep score=158'
08/30 14:09:39 [Localization System] CLocalize::FindSafe failed to localize: 'AIB[D] blocked=bottle-rune reason=no_close_rune max=1900 waterMax=4700 nearest=inf water=inf mid=2224 status=2-2-'
08/30 14:09:39 [Localization System] CLocalize::FindSafe failed to localize: 'AIB[D] blocked=recovery-rune-bottle reason=no_close_rune max=3600 waterMax=4700 nearest=inf water=inf mid=2224 status=2-2-'
08/30 14:09:39 [Localization System] CLocalize::FindSafe failed to localize: 'AIB[D] intent=recovery-plan family=recover action=lane reason=empty_bottle_no_rune hp=62 mana=73'
08/30 14:09:39 [Localization System] CLocalize::FindSafe failed to localize: 'AIB[D] intent=top-arbiter family=state winner=anti-idle:2 losers=hero-over-creep:52,idle-heal:46,emergency-retreat:45,fwd-pullback:44,emergency-kill:43.5'
08/30 14:09:39 [Localization System] CLocalize::FindSafe failed to localize: 'AIB[R] intent=top-arbiter family=state winner=last-hit:158 losers=hero-over-creep:52,cs-inrange:50,idle-heal:46,emergency-retreat:45,fwd-pullback:44'
08/30 14:09:40 [Localization System] CLocalize::FindSafe failed to localize: 'AIB[D] intent=tick-owner family=other stage=laning-core'
08/30 14:09:40 [Localization System] CLocalize::FindSafe failed to localize: 'AIB[D] blocked=uphill-repo reason=no_reposition'
08/30 14:09:40 [Localization System] CLocalize::FindSafe failed to localize: 'AIB[R] blocked=bottle-rune reason=no_close_rune max=1900 waterMax=4700 nearest=inf water=inf mid=379 status=2-2e'
08/30 14:09:40 [Localization System] CLocalize::FindSafe failed to localize: 'AIB[R] blocked=recovery-rune-bottle reason=no_close_rune max=3600 waterMax=4700 nearest=inf water=inf mid=379 status=2-2e'
08/30 14:09:40 [Localization System] CLocalize::FindSafe failed to localize: 'AIB[R] intent=recovery-plan family=recover action=lane reason=empty_bottle_no_rune hp=60 mana=46'
08/30 14:09:40 [Localization System] CLocalize::FindSafe failed to localize: 'AIB[R] blocked=emergency-kill reason=no_target'
08/30 14:09:40 [Localization System] CLocalize::FindSafe failed to localize: 'AIB[R] blocked=visual-hold reason=creep_in_range held=6.1 hp=60 repeat=2 hard=true'
08/30 14:09:40 [Localization System] CLocalize::FindSafe failed to localize: 'AIB[D] t=327s hp=68% gold=70 loc=2095,1637 lh=19 dn=1 dg=+7 dlh=+0 bottle=0 lvl=5 front=10067 ehp=-1'
08/30 14:09:40 [Localization System] CLocalize::FindSafe failed to localize: 'AIB[D] blocked=emergency-kill reason=no_target'
08/30 14:09:40 Script function 'Think' on bot npc_dota_hero_nevermore took 3.061ms
08/30 14:09:40 Script function 'Think' on bot npc_dota_hero_nevermore took 2.234ms
08/30 14:09:41 [Localization System] CLocalize::FindSafe failed to localize: 'AIB[D] blocked=harass reason=own_heal_running'
08/30 14:09:41 [Localization System] CLocalize::FindSafe failed to localize: 'AIB[D] intent=top-arbiter family=state winner=anti-idle:2 losers=hero-over-creep:52,idle-heal:46,emergency-retreat:45,fwd-pullback:44,emergency-kill:43.5'
08/30 14:09:41 [Localization System] CLocalize::FindSafe failed to localize: 'AIB[R] blocked=uphill-repo reason=no_reposition'
08/30 14:09:41 [Localization System] CLocalize::FindSafe failed to localize: 'AIB[R] intent=top-arbiter family=state winner=wave-watch:10 losers=hero-over-creep:52,idle-heal:46,emergency-retreat:45,fwd-pullback:44,emergency-kill:43.5'
08/30 14:09:41 [Localization System] CLocalize::FindSafe failed to localize: 'AIB[R] intent=tick-owner family=other stage=laning-core'
08/30 14:09:41 [Localization System] CLocalize::FindSafe failed to localize: 'AIB[R] blocked=ability-harass reason=nothing_castable'
08/30 14:09:42 [Localization System] CLocalize::FindSafe failed to localize: 'AIB[D] blocked=hero-over-creep reason=no_target'
08/30 14:09:42 [Localization System] CLocalize::FindSafe failed to localize: 'AIB[D] blocked=ability-harass reason=nothing_castable'
08/30 14:09:42 [Localization System] CLocalize::FindSafe failed to localize: 'AIB[D] intent=tick-owner family=other stage=laning-core'
08/30 14:09:42 [Localization System] CLocalize::FindSafe failed to localize: 'AIB[R] blocked=hero-over-creep reason=no_target'
08/30 14:09:42 [Localization System] CLocalize::FindSafe failed to localize: 'AIB[R] blocked=harass reason=no_target'
08/30 14:09:42 [Localization System] CLocalize::FindSafe failed to localize: 'AIB[R] intent=state-desire-last-hit family=farm dist=402 reason=killable_creep score=140'
08/30 14:09:42 [Localization System] CLocalize::FindSafe failed to localize: 'AIB[D] intent=top-arbiter family=state winner=anti-idle:2 losers=hero-over-creep:52,idle-heal:46,emergency-retreat:45,fwd-pullback:44,emergency-kill:43.5'
08/30 14:09:42 [Localization System] CLocalize::FindSafe failed to localize: 'AIB[R] blocked=visual-hold reason=creep_in_range held=8.4 hp=61 repeat=4 hard=true'
08/30 14:09:42 [Localization System] CLocalize::FindSafe failed to localize: 'AIB[R] intent=top-arbiter family=state winner=visual-hold:20 losers=hero-over-creep:52,idle-heal:46,emergency-retreat:45,fwd-pullback:44,emergency-kill:43.5'
08/30 14:09:43 [Localization System] CLocalize::FindSafe failed to localize: 'AIB[R] t=329s hp=61% gold=364 loc=-810,-704 lh=29 dn=3 dg=+128 dlh=+2 bottle=0 lvl=6 front=8536 ehp=-1'
08/30 14:09:43 [Localization System] CLocalize::FindSafe failed to localize: 'AIB[R] intent=tick-owner family=other stage=laning-core'
08/30 14:09:43 [Localization System] CLocalize::FindSafe failed to localize: 'AIB[D] blocked=uphill-repo reason=no_reposition'
08/30 14:09:43 [Localization System] CLocalize::FindSafe failed to localize: 'AIB[R] blocked=emergency-kill reason=no_target'
08/30 14:09:43 [Localization System] CLocalize::FindSafe failed to localize: 'AIB[R] intent=lane-line-episode family=other dist=589 fwd=0.55'
08/30 14:09:43 [Localization System] CLocalize::FindSafe failed to localize: 'AIB[D] blocked=emergency-kill reason=no_target'
08/30 14:09:43 [Localization System] CLocalize::FindSafe failed to localize: 'AIB[R] blocked=uphill-repo reason=motor_busy'
08/30 14:09:44 [Localization System] CLocalize::FindSafe failed to localize: 'AIB[R] blocked=buy-loop reason=saving target=item_power_treads head=item_belt_of_strength cost=450 gold=366 left=2'
08/30 14:09:44 [Localization System] CLocalize::FindSafe failed to localize: 'AIB[D] blocked=harass reason=no_target'
08/30 14:09:44 [Localization System] CLocalize::FindSafe failed to localize: 'AIB[D] intent=top-arbiter family=state winner=fwd-position:22 losers=hero-over-creep:52,idle-heal:46,emergency-retreat:45,fwd-pullback:44,emergency-kill:43.5'
08/30 14:09:44 [Localization System] CLocalize::FindSafe failed to localize: 'AIB[D] intent=tick-owner family=other stage=desire/fwd-position reason=ready score=22 band=position'
08/30 14:09:44 [Localization System] CLocalize::FindSafe failed to localize: 'AIB[R] intent=top-arbiter family=state winner=creep-work:38.8 losers=hero-over-creep:52,idle-heal:46,emergency-retreat:45,fwd-pullback:44,emergency-kill:43.5'
08/30 14:09:44 [Localization System] CLocalize::FindSafe failed to localize: 'AIB[D] blocked=uphill-repo reason=motor_busy'
08/30 14:09:45 [Localization System] CLocalize::FindSafe failed to localize: 'AIB[R] blocked=uphill-repo reason=no_reposition'
08/30 14:09:45 [Localization System] CLocalize::FindSafe failed to localize: 'AIB[R] blocked=hero-over-creep reason=no_target'
08/30 14:09:45 [Localization System] CLocalize::FindSafe failed to localize: 'AIB[R] blocked=harass reason=no_target'
08/30 14:09:45 [Localization System] CLocalize::FindSafe failed to localize: 'AIB[D] blocked=hero-over-creep reason=no_target'
08/30 14:09:45 [Localization System] CLocalize::FindSafe failed to localize: 'AIB[D] blocked=ability-harass reason=nothing_castable'
08/30 14:09:45 [Localization System] CLocalize::FindSafe failed to localize: 'AIB[R] intent=tick-owner family=other stage=laning-core'
08/30 14:09:45 Script function 'Think' on bot npc_dota_hero_nevermore took 2.490ms
08/30 14:09:45 [Localization System] CLocalize::FindSafe failed to localize: 'AIB[D] t=332s hp=84% gold=78 loc=901,693 lh=19 dn=1 dg=+8 dlh=+0 bottle=0 lvl=5 front=9681 ehp=-1'
08/30 14:09:45 [Localization System] CLocalize::FindSafe failed to localize: 'AIB[D] intent=lane-line-episode family=other dist=1731 fwd=0.50'
08/30 14:09:45 [Localization System] CLocalize::FindSafe failed to localize: 'AIB[D] intent=top-arbiter family=state winner=lane-line:18 losers=hero-over-creep:52,idle-heal:46,emergency-retreat:45,fwd-pullback:44,emergency-kill:43.5'
08/30 14:09:46 [Localization System] CLocalize::FindSafe failed to localize: 'AIB[R] intent=state-desire-last-hit family=farm dist=562 reason=killable_creep score=140'
08/30 14:09:46 [Localization System] CLocalize::FindSafe failed to localize: 'AIB[R] intent=top-arbiter family=state winner=last-hit:140 losers=hero-over-creep:52,idle-heal:46,emergency-retreat:45,fwd-pullback:44,emergency-kill:43.5'
08/30 14:09:46 [Localization System] CLocalize::FindSafe failed to localize: 'AIB[D] intent=damage-by-source family=other creep=560 tower=0 hero=2814 mixed=323 death=176 other=0 stale=140 gaps=2'
08/30 14:09:46 [Localization System] CLocalize::FindSafe failed to localize: 'AIB[D] anti-afk-lane=1 anti-idle-enter=27 anti-idle-lane=14 anti-idle-lowhp-back=5 bottle-heal=1 buy-skip-fountain-floor=1 channel-interrupt-atk=7 channel-interrupt-chase=14 creep-aggro-back=3 creep-aggro-hero-yield=7 creep-aggro-hit=11 creep-dmg=5 creep-hit-react-aggro-step=9 creep-hit-react-atk=10 creep-hit-react-step=15 critical-recover-lock=3 cs-wait-release=8 cs-wait=16 cs-walk-gap-large=36 cs-walk-gap-small=37 cs-walk-inrange=26 cs-walk-into-pack=79 cs-walk=99 cs-watchdog-atk=1 cs-watchdog-step=10 cw-push-cs-step=4 cw-push=166 deny-act-atk=10 deny-act-walk=5 deny-act=15 deny-cand-doomed=12 deny-cand-tanky=47 empty-bottle-ok=2 fight-hp-behind=22 fountain-tp-hold=2 fountain-trip-release=2 fountain-wait=8 fwd-at-position=8 fwd-hold=2 fwd-position=3 fwd-suppressed-creep=10 fwd-suppressed-cs=1 fwd-suppressed-hero=3 fwd-suppressed-lowhp=3 fwd-suppressed-motor=14 fwd-suppressed-tower=12 fwd-suppressed-visual=3 fwd-suppressed-watchdog=2 heal-blocked-damage=1 heal-item=5 heal-want=7 hero-contact-atk=23 hero-contact-chase=5 hero-over-creep=1 hero-pass-atk=16 hero-pass-chase=3 hero-prio-always=15 hero-prio-chase-hold=9 hero-prio-chase=50 idle=12 kill-priority=8 killwin-scan=1340 lane-line-fallback=70 lane-line-suppressed-creep-dmg=2 lane-line-suppressed-creep=5 lane-line-suppressed-empty=1 lane-line-suppressed-heal=11 lane-line-suppressed-lowhp=16 lane-line-suppressed-motor=5 last-hit-urgent=65 low-hp-behind-safe=1 low-hp-creep=14 low-hp-limit=9 melee-pack-release=14 melee-pack-space=20 own-ranged-stepback=2 pre-aig=27 precreep-anchor=30 precreep-hold=2 precreep-park-hold=12 precreep-park=185 precreep-space=3 prewave-duel-approach=11 prewave-duel-trade=96 recover-safe=19 recover-xp=19 recovery-bottle-active=3 recovery-buy-critical=1 recovery-buy=3 recovery-enemy-near=332 recovery-flask=1 recovery-regen=10 recovery-tango=1 recovery-tp=2 regen-walk=28 tango-heal=2 uphill-reposition=2 uphill-void-under-fire=6 visual-hold-creep=4 visual-hold-hero-step=1 visual-hold-lane=4 wave-watch-atk=5 wave-watch-no-wave=17 wave-watch-step=2 wave-watch=17'
08/30 14:09:46 [Localization System] CLocalize::FindSafe failed to localize: 'AIB[D] intent=tick-owner family=other stage=laning-core'
08/30 14:09:46 [Localization System] CLocalize::FindSafe failed to localize: 'AIB[R] blocked=emergency-kill reason=no_target'
08/30 14:09:46 [Localization System] CLocalize::FindSafe failed to localize: 'AIB[R] intent=cs-watchdog family=farm lh=29 idle=20 creep_hp=128 dist=550'
08/30 14:09:46 [Localization System] CLocalize::FindSafe failed to localize: 'AIB[R] blocked=ability-harass reason=nothing_castable'
08/30 14:09:46 [Localization System] CLocalize::FindSafe failed to localize: 'AIB[D] blocked=emergency-kill reason=no_target'
08/30 14:09:46 [Localization System] CLocalize::FindSafe failed to localize: 'AIB[R] intent=lane-line-episode family=other dist=336 fwd=0.55'
08/30 14:09:47 [Localization System] CLocalize::FindSafe failed to localize: 'AIB[R] blocked=uphill-repo reason=motor_busy'
08/30 14:09:47 [Localization System] CLocalize::FindSafe failed to localize: 'AIB[D] blocked=buy-loop reason=saving target=item_magic_wand head=item_recipe_magic_wand cost=150 gold=80 left=1'
08/30 14:09:47 [Localization System] CLocalize::FindSafe failed to localize: 'AIB[D] blocked=hero-prio-chase reason=lane_work dist=1372 cs=true creep=false hp_adv=false kill_pressure=false close=false low_farm=false lane_override=false'
08/30 14:09:47 [Localization System] CLocalize::FindSafe failed to localize: 'AIB[D] blocked=recovery-rune-bottle reason=no_close_rune max=3600 waterMax=4700 nearest=inf water=inf mid=284 status=2-2-'
08/30 14:09:47 [Localization System] CLocalize::FindSafe failed to localize: 'AIB[D] blocked=harass reason=no_target'
08/30 14:09:47 [Localization System] CLocalize::FindSafe failed to localize: 'AIB[D] intent=top-arbiter family=state winner=lane-line:18 losers=hero-over-creep:52,idle-heal:46,emergency-retreat:45,fwd-pullback:44,emergency-kill:43.5'
08/30 14:09:47 [Localization System] CLocalize::FindSafe failed to localize: 'AIB[R] intent=tick-owner family=other stage=laning-core'
08/30 14:09:47 [Localization System] CLocalize::FindSafe failed to localize: 'AIB[D] blocked=uphill-repo reason=motor_busy'
08/30 14:09:47 [Localization System] CLocalize::FindSafe failed to localize: 'AIB[R] intent=top-arbiter family=state winner=wave-watch:10 losers=hero-over-creep:52,idle-heal:46,emergency-retreat:45,fwd-pullback:44,emergency-kill:43.5'
08/30 14:09:48 [Localization System] CLocalize::FindSafe failed to localize: 'AIB[R] t=334s hp=64% gold=419 loc=-459,-404 lh=30 dn=3 dg=+55 dlh=+1 bottle=0 lvl=6 front=8852 ehp=-1'
08/30 14:09:48 [Localization System] CLocalize::FindSafe failed to localize: 'AIB[R] blocked=hero-over-creep reason=no_target'
08/30 14:09:48 [Localization System] CLocalize::FindSafe failed to localize: 'AIB[R] blocked=harass reason=no_target'
08/30 14:09:48 [Localization System] CLocalize::FindSafe failed to localize: 'AIB[D] blocked=hero-over-creep reason=no_target'
08/30 14:09:48 [Localization System] CLocalize::FindSafe failed to localize: 'AIB[D] intent=tick-owner family=other stage=laning-core'
08/30 14:09:48 [Localization System] CLocalize::FindSafe failed to localize: 'AIB[R] blocked=bottle-rune reason=no_close_rune max=1900 waterMax=4700 nearest=inf water=inf mid=391 status=2-2e'
08/30 14:09:48 [Localization System] CLocalize::FindSafe failed to localize: 'AIB[R] blocked=recovery-rune-bottle reason=no_close_rune max=3600 waterMax=4700 nearest=inf water=inf mid=391 status=2-2e'
08/30 14:09:48 [Localization System] CLocalize::FindSafe failed to localize: 'AIB[R] intent=recovery-plan family=recover action=lane reason=empty_bottle_no_rune hp=64 mana=50'
08/30 14:09:48 [Localization System] CLocalize::FindSafe failed to localize: 'AIB[R] blocked=uphill-repo reason=no_reposition'
08/30 14:09:48 [Localization System] CLocalize::FindSafe failed to localize: 'AIB[R] anti-afk-lane=3 anti-afk-no-chase=1 anti-idle-enter=30 anti-idle-lane=18 anti-idle-lowhp-back=2 anti-idle-push=1 bottle-rune=2 channel-interrupt-atk=2 creep-aggro-back=5 creep-aggro-hero-yield=8 creep-aggro-hit=31 creep-dmg=7 creep-hit-react-atk=6 creep-hit-react-step=6 cs-wait-release=28 cs-wait=22 cs-walk-gap-large=30 cs-walk-gap-small=42 cs-walk-inrange=16 cs-walk-into-pack=19 cs-walk=88 cs-watchdog-atk=3 cs-watchdog-step=12 deny-act-atk=33 deny-act-walk=13 deny-act=46 deny-cand-doomed=32 deny-cand-tanky=220 deny-skip-backtrack=1 dw-active=3 dw-farm=49 empty-bottle-ok=3 fwd-at-position=8 fwd-hold=3 fwd-position=4 fwd-suppressed-creep=25 fwd-suppressed-cs=1 fwd-suppressed-damage=1 fwd-suppressed-empty=5 fwd-suppressed-hero=7 fwd-suppressed-lowhp=1 fwd-suppressed-motor=19 fwd-suppressed-recovery=1 fwd-suppressed-rune=3 fwd-suppressed-tower=7 fwd-suppressed-visual=4 fwd-suppressed-watchdog=1 harass-seek=3 heal-item=2 heal-want=1 hero-contact-atk=31 hero-contact-chase=12 hero-over-creep=11 hero-pass-atk=7 hero-pass-chase=5 idle=10 kill-lock-atk=3 kill-lock-chase=19 kill-priority=6 killwin-atk=42 killwin-mutual=3 killwin-scan=943 lane-line-fallback=152 lane-line-suppressed-creep-dmg=1 lane-line-suppressed-creep=17 lane-line-suppressed-damage=2 lane-line-suppressed-empty=10 lane-line-suppressed-heal=12 lane-line-suppressed-lowhp=5 lane-line-suppressed-motor=5 last-hit-urgent=104 low-hp-creep=3 low-hp-limit=2 melee-pack-release=20 melee-pack-space=15 mutual-low-finish-chase=3 no-dive=1 own-ranged-stepback=4 pre-aig=30 precreep-anchor=32 precreep-hold=2 precreep-park-hold=13 precreep-park=156 precreep-space=3 prewave-defend=3 prewave-free-hit=85 recover-xp=5 recovery-bottle-active=5 recovery-bottle=4 recovery-buy=4 recovery-enemy-near=295 recovery-flask=2 recovery-regen=3 recovery-tango=1 regen-walk=2 siege-commit-tower=46 siege-step=1 siege-wave-step=5 tango-heal=2 tower-aggro-drop=1 uphill-reposition=1 uphill-void-under-fire=10 visual-hold-creep=39 visual-hold-hard-creep=1 visual-hold-hero=1 visual-hold-lane=8 wave-watch-atk=11 wave-watch-no-wave=21 wave-watch=28'
08/30 14:09:48 [Localization System] CLocalize::FindSafe failed to localize: 'AIB[D] intent=melee-pack-space family=safety count=2 dist=146'
08/30 14:09:48 [Localization System] CLocalize::FindSafe failed to localize: 'AIB[D] blocked=ability-harass reason=nothing_castable'
08/30 14:09:48 [Localization System] CLocalize::FindSafe failed to localize: 'AIB[D] blocked=recovery-buy reason=item_checkpoint item=item_recipe_magic_wand hp=86 gold=83 cost=150 spend=100'
08/30 14:09:48 [Localization System] CLocalize::FindSafe failed to localize: 'AIB[D] intent=recovery-plan family=recover action=buy_item_flask reason=checkpoint_block item=item_recipe_magic_wand hp=86 gold=83'
08/30 14:09:48 [Localization System] CLocalize::FindSafe failed to localize: 'AIB[D] intent=top-arbiter family=state winner=creep-work:38.6 losers=hero-over-creep:52,idle-heal:46,emergency-retreat:45,fwd-pullback:44,emergency-kill:43.5'
08/30 14:09:49 [Localization System] CLocalize::FindSafe failed to localize: 'AIB[R] intent=top-arbiter family=state winner=wave-watch:10 losers=hero-over-creep:52,idle-heal:46,emergency-retreat:45,fwd-pullback:44,emergency-kill:43.5'
08/30 14:09:49 [Localization System] CLocalize::FindSafe failed to localize: 'AIB[D] blocked=uphill-repo reason=not_trading'
08/30 14:09:49 [Localization System] CLocalize::FindSafe failed to localize: 'AIB[R] intent=tick-owner family=other stage=laning-core'
08/30 14:09:49 [Localization System] CLocalize::FindSafe failed to localize: 'AIB[R] blocked=emergency-kill reason=no_target'
08/30 14:09:49 [Localization System] CLocalize::FindSafe failed to localize: 'AIB[R] blocked=ability-harass reason=nothing_castable'
08/30 14:09:49 [Localization System] CLocalize::FindSafe failed to localize: 'AIB[D] blocked=emergency-kill reason=no_target'
08/30 14:09:50 [Localization System] CLocalize::FindSafe failed to localize: 'AIB[D] blocked=hero-prio-chase reason=lane_work dist=822 cs=true creep=true hp_adv=false kill_pressure=false close=false low_farm=false lane_override=false'
08/30 14:09:50 [Localization System] CLocalize::FindSafe failed to localize: 'AIB[R] blocked=visual-hold reason=creep_in_range held=2.0 hp=65 repeat=5 hard=true'
08/30 14:09:50 [Localization System] CLocalize::FindSafe failed to localize: 'AIB[D] intent=tick-owner family=other stage=laning-core'
08/30 14:09:50 [Server] PR:IncrementIdleTime 1:[I:0:0] 2.13
08/30 14:09:50 [Localization System] CLocalize::FindSafe failed to localize: 'AIB[D] blocked=harass reason=no_target'
08/30 14:09:50 [Localization System] CLocalize::FindSafe failed to localize: 'AIB[D] intent=top-arbiter family=state winner=creep-work:38.6 losers=hero-over-creep:52,idle-heal:46,emergency-retreat:45,fwd-pullback:44,emergency-kill:43.5'
08/30 14:09:50 [Server] Game code (account 0) tried to execute invalid order (19). Target NPC is dead.
08/30 14:09:50 [Localization System] CLocalize::FindSafe failed to localize: 'AIB[R] blocked=recover-candidate reason=no_action_capped hp=43 score=44'
08/30 14:09:50 [Localization System] CLocalize::FindSafe failed to localize: 'AIB[D] t=337s hp=87% gold=125 loc=46,126 enemy-dist=822 lh=20 dn=1 dg=+47 dlh=+1 bottle=0 lvl=5 front=9650 ehp=43'
08/30 14:09:50 [Localization System] CLocalize::FindSafe failed to localize: 'AIB[D] blocked=fight-candidate reason=no_action_capped hp=87 score=40'
08/30 14:09:50 [Localization System] CLocalize::FindSafe failed to localize: 'AIB[R] intent=state-desire-safety family=state base=108 hp=43 creep=false hero=true reason=recent_damage score=108'
08/30 14:09:50 [Localization System] CLocalize::FindSafe failed to localize: 'AIB[R] blocked=top-arbiter reason=empty_action winner=safety score=108'
08/30 14:09:50 [Localization System] CLocalize::FindSafe failed to localize: 'AIB[R] intent=state-desire-recover family=state base=74 hp=43 reason=hp_gate score=74'
08/30 14:09:50 [Localization System] CLocalize::FindSafe failed to localize: 'AIB[R] intent=recovery-policy family=recover action=recover hp=43 gate=55 source=lane-low'
08/30 14:09:50 [Localization System] CLocalize::FindSafe failed to localize: 'AIB[R] intent=recovery-plan family=recover action=back reason=post_fight_regen hp=43'
08/30 14:09:50 [Localization System] CLocalize::FindSafe failed to localize: 'AIB[R] intent=state-recover-xp family=state ttl=5 reason=post_fight_regen hp=43 dist=371'
08/30 14:09:50 [Localization System] CLocalize::FindSafe failed to localize: 'AIB[R] intent=recovery-owner family=recover band=soft threat=true mode=safe-step hp=43'
08/30 14:09:50 [Localization System] CLocalize::FindSafe failed to localize: 'AIB[R] intent=top-arbiter family=state winner=recover:74 losers=safety:108,safe-cs:56,hero-over-creep:52,idle-heal:46,emergency-retreat:45'
08/30 14:09:50 [Localization System] CLocalize::FindSafe failed to localize: 'AIB[R] blocked=safety-candidate reason=no_action_capped hp=43 score=44'
08/30 14:09:51 [Localization System] CLocalize::FindSafe failed to localize: 'AIB[D] blocked=buy-tp reason=recent_tp since=36'
08/30 14:09:51 [Localization System] CLocalize::FindSafe failed to localize: 'AIB[D] intent=cs-watchdog family=farm lh=20 idle=18 creep_hp=35 dist=851'
08/30 14:09:51 [Localization System] CLocalize::FindSafe failed to localize: 'AIB[D] blocked=hero-over-creep reason=no_target'
08/30 14:09:51 [Localization System] CLocalize::FindSafe failed to localize: 'AIB[R] intent=tick-owner family=other stage=laning-core'
08/30 14:09:51 [Localization System] CLocalize::FindSafe failed to localize: 'AIB[D] blocked=uphill-repo reason=no_reposition'
08/30 14:09:52 [Localization System] CLocalize::FindSafe failed to localize: 'AIB[D] intent=top-arbiter family=state winner=creep-work:38.6 losers=hero-over-creep:52,idle-heal:46,emergency-retreat:45,fwd-pullback:44,emergency-kill:43.5'
08/30 14:09:52 [Localization System] CLocalize::FindSafe failed to localize: 'AIB[R] blocked=buy-loop reason=saving target=item_power_treads head=item_belt_of_strength cost=450 gold=425 left=2'
08/30 14:09:52 [Localization System] CLocalize::FindSafe failed to localize: 'AIB[R] intent=state-desire-recover family=state base=74 hp=44 hyst=18 reason=hp_gate score=92'
08/30 14:09:52 [Localization System] CLocalize::FindSafe failed to localize: 'AIB[R] intent=top-arbiter family=state winner=recover:92 losers=safe-cs:56,hero-over-creep:52,idle-heal:46,emergency-retreat:45,fwd-pullback:44'
08/30 14:09:52 [Localization System] CLocalize::FindSafe failed to localize: 'AIB[D] intent=tick-owner family=other stage=laning-core'
08/30 14:09:52 [Localization System] CLocalize::FindSafe failed to localize: 'AIB[D] intent=state-desire-last-hit family=farm dist=506 reason=killable_creep score=140'
08/30 14:09:52 [Localization System] CLocalize::FindSafe failed to localize: 'AIB[R] blocked=hero-over-creep reason=no_target'
08/30 14:09:52 [Localization System] CLocalize::FindSafe failed to localize: 'AIB[R] blocked=uphill-repo reason=low_hp_hold'
08/30 14:09:52 [Localization System] CLocalize::FindSafe failed to localize: 'AIB[R] blocked=harass reason=no_target'
08/30 14:09:52 [Localization System] CLocalize::FindSafe failed to localize: 'AIB[R] intent=damage-by-source family=other creep=511 tower=65 hero=1505 mixed=115 death=0 other=316 stale=423 gaps=4'
08/30 14:09:52 [Localization System] CLocalize::FindSafe failed to localize: 'AIB[R] blocked=emergency-kill reason=no_target'
08/30 14:09:53 [Localization System] CLocalize::FindSafe failed to localize: 'AIB[R] blocked=ability-harass reason=nothing_castable'
08/30 14:09:53 [Localization System] CLocalize::FindSafe failed to localize: 'AIB[D] intent=state-desire-safety family=state base=108 creep_dmg=8 hp=87 creep=true hero=false reason=recent_damage score=116'
08/30 14:09:53 [Localization System] CLocalize::FindSafe failed to localize: 'AIB[D] intent=creep-hit-react family=safety dist=60 hp=87 hits=1 reason=attack'
08/30 14:09:53 [Localization System] CLocalize::FindSafe failed to localize: 'AIB[R] t=339s hp=44% gold=426 loc=-838,-811 enemy-dist=1115 lh=30 dn=3 dg=+7 dlh=+0 bottle=0 lvl=6 front=9055 ehp=87'
08/30 14:09:53 [Localization System] CLocalize::FindSafe failed to localize: 'AIB[R] blocked=uphill-repo reason=motor_busy'
08/30 14:09:53 [Localization System] CLocalize::FindSafe failed to localize: 'AIB[D] blocked=safety-candidate reason=no_action_capped hp=87 score=44'
08/30 14:09:53 [Localization System] CLocalize::FindSafe failed to localize: 'AIB[D] blocked=emergency-kill reason=no_target'
08/30 14:09:53 [Localization System] CLocalize::FindSafe failed to localize: 'AIB[D] blocked=harass reason=no_target'
08/30 14:09:53 [Localization System] CLocalize::FindSafe failed to localize: 'AIB[D] intent=top-arbiter family=state winner=creep-work:38.6 losers=hero-over-creep:52,idle-heal:46,emergency-retreat:45,fwd-pullback:44,emergency-kill:43.5'
08/30 14:09:53 [Localization System] CLocalize::FindSafe failed to localize: 'AIB[R] blocked=recover-candidate reason=no_action_capped hp=44 score=44'
08/30 14:09:53 [Localization System] CLocalize::FindSafe failed to localize: 'AIB[R] blocked=uphill-repo reason=no_reposition'
08/30 14:09:53 [Localization System] CLocalize::FindSafe failed to localize: 'AIB[R] blocked=wave-watch reason=not_finishable creep_hp=625 dist=721 idle=7'
08/30 14:09:53 [Localization System] CLocalize::FindSafe failed to localize: 'AIB[R] intent=top-arbiter family=state winner=wave-watch:10 losers=safe-cs:56,hero-over-creep:52,idle-heal:46,emergency-retreat:45,fwd-pullback:44'
08/30 14:09:53 [Localization System] CLocalize::FindSafe failed to localize: 'AIB[R] intent=tick-owner family=other stage=desire/wave-watch reason=ready score=10 band=idle'
08/30 14:09:54 [Localization System] CLocalize::FindSafe failed to localize: 'AIB[R] blocked=recovery-buy reason=item_checkpoint item=item_belt_of_strength hp=45 gold=428 cost=450 spend=100'
08/30 14:09:54 [Localization System] CLocalize::FindSafe failed to localize: 'AIB[R] intent=recovery-plan family=recover action=buy_item_flask reason=checkpoint_block item=item_belt_of_strength hp=45 gold=428'
08/30 14:09:54 [Localization System] CLocalize::FindSafe failed to localize: 'AIB[D] blocked=fight-candidate reason=no_action_capped hp=85 score=40'
08/30 14:09:54 [Localization System] CLocalize::FindSafe failed to localize: 'AIB[D] blocked=uphill-repo reason=not_trading'
08/30 14:09:54 [Localization System] CLocalize::FindSafe failed to localize: 'AIB[D] blocked=hero-prio-chase reason=lane_work dist=821 cs=true creep=true hp_adv=false kill_pressure=false close=false low_farm=false lane_override=false'
08/30 14:09:54 [Localization System] CLocalize::FindSafe failed to localize: 'AIB[D] blocked=hero-over-creep reason=no_target'
08/30 14:09:54 [Localization System] CLocalize::FindSafe failed to localize: 'AIB[D] intent=tick-owner family=other stage=laning-core'
08/30 14:09:54 [Localization System] CLocalize::FindSafe failed to localize: 'AIB[D] intent=channel-interrupt family=fight dist=821 hp=60 kind=heal reason=enemy_heal'
08/30 14:09:54 [Localization System] CLocalize::FindSafe failed to localize: 'AIB[R] blocked=fight-candidate reason=no_action_capped hp=45 score=40'
08/30 14:09:54 [Localization System] CLocalize::FindSafe failed to localize: 'AIB[R] blocked=harass reason=own_heal_running'
08/30 14:09:55 [Localization System] CLocalize::FindSafe failed to localize: 'AIB[R] intent=top-arbiter family=state winner=wave-watch:10 losers=safe-cs:56,hero-over-creep:52,idle-heal:46,emergency-retreat:45,fwd-pullback:44'
08/30 14:09:55 [Localization System] CLocalize::FindSafe failed to localize: 'AIB[R] intent=state-desire-fight family=state base=78 range=18 execute=20 dist=578 hp=45 ehp=59 reason=enemy_seen score=116'
08/30 14:09:55 [Localization System] CLocalize::FindSafe failed to localize: 'AIB[R] blocked=ability-pressure reason=nothing_castable'
08/30 14:09:55 [Localization System] CLocalize::FindSafe failed to localize: 'AIB[R] intent=hero-contact family=fight dist=578 hp=45 reason=attackable_enemy'
08/30 14:09:55 [Localization System] CLocalize::FindSafe failed to localize: 'AIB[D] t=342s hp=59% gold=25 loc=-237,-180 enemy-dist=566 lh=21 dn=1 dg=-100 dlh=+1 bottle=0 lvl=5 front=9650 ehp=45'
08/30 14:09:55 [Localization System] CLocalize::FindSafe failed to localize: 'AIB[R] blocked=hero-contact reason=refractory since=0.13'
08/30 14:09:55 [Localization System] CLocalize::FindSafe failed to localize: 'AIB[R] intent=hero-pass family=fight dist=566 hp=45 reason=nearby_enemy'
08/30 14:09:55 [Localization System] CLocalize::FindSafe failed to localize: 'AIB[R] blocked=top-arbiter reason=empty_action winner=fight score=134'
08/30 14:09:55 [Localization System] CLocalize::FindSafe failed to localize: 'AIB[R] intent=tick-owner family=other stage=desire/hero-over-creep reason=ready score=52 band=lanework'
08/30 14:09:56 [Localization System] CLocalize::FindSafe failed to localize: 'AIB[R] intent=recovery-policy family=recover action=recover hp=18 gate=22 source=emergency-low'
08/30 14:09:56 [Localization System] CLocalize::FindSafe failed to localize: 'AIB[R] blocked=bottle-rune reason=critical_no_stage hp=18 rune=1925 eta=18'
08/30 14:09:56 [Localization System] CLocalize::FindSafe failed to localize: 'AIB[R] intent=state-recover-safe family=state ttl=2 reason=regen_lane hp=18 dist=1748'
08/30 14:09:56 [Localization System] CLocalize::FindSafe failed to localize: 'AIB[D] intent=kill-lock family=fight dist=566 ehp=18 hp=57 exec=false atk=true mutual=false reason=killable_enemy'
08/30 14:09:56 [Localization System] CLocalize::FindSafe failed to localize: 'AIB[R] blocked=bottle-rune reason=stage_cooldown eta=18'
08/30 14:09:56 [Localization System] CLocalize::FindSafe failed to localize: 'AIB[D] intent=tick-owner family=other stage=urgent intent=kill-lock'
08/30 14:09:56 [Localization System] CLocalize::FindSafe failed to localize: 'AIB[R] intent=recovery-yield-kill family=fight dist=601 hp=20 ehp=31 exec=false atk=true mutual=true'
08/30 14:09:56 [Localization System] CLocalize::FindSafe failed to localize: 'AIB[R] blocked=recovery-policy reason=yield_kill hp=20 gate=22 source=emergency-low'
08/30 14:09:56 [Localization System] CLocalize::FindSafe failed to localize: 'AIB[R] intent=kill-lock family=fight dist=601 ehp=31 hp=20 exec=false atk=true mutual=true reason=mutual_low_finish'
08/30 14:09:57 [Localization System] CLocalize::FindSafe failed to localize: 'AIB[D] intent=recovery-yield-kill family=fight dist=566 hp=16 ehp=11 exec=false atk=true mutual=true'
08/30 14:09:57 [Localization System] CLocalize::FindSafe failed to localize: 'AIB[D] blocked=recovery-policy reason=yield_kill hp=16 gate=22 source=emergency-low'
08/30 14:09:58 [Localization System] CLocalize::FindSafe failed to localize: 'AIB[R] intent=tick-owner family=other stage=laning-core'
08/30 14:09:58 [Localization System] CLocalize::FindSafe failed to localize: 'AIB[R] t=344s hp=11% gold=374 loc=-757,-622 enemy-dist=632 lh=30 dn=3 dg=-52 dlh=+0 bottle=0 lvl=6 front=8996 ehp=14'
08/30 14:09:58 [Localization System] CLocalize::FindSafe failed to localize: 'AIB[D] intent=recovery-policy family=recover action=recover hp=14 gate=22 source=emergency-low'
08/30 14:09:58 [Localization System] CLocalize::FindSafe failed to localize: 'AIB[D] blocked=bottle-rune reason=critical_no_stage hp=14 rune=1778 eta=16'
08/30 14:09:58 [Localization System] CLocalize::FindSafe failed to localize: 'AIB[D] intent=state-recover-safe family=state ttl=2 reason=regen_lane hp=14 dist=1737'
08/30 14:09:58 [Localization System] CLocalize::FindSafe failed to localize: 'AIB[D] blocked=bottle-rune reason=stage_cooldown eta=15'
08/30 14:09:58 [Localization System] CLocalize::FindSafe failed to localize: 'AIB[D] blocked=recovery-rune-bottle reason=stage_cooldown eta=15'
08/30 14:09:58 [Localization System] CLocalize::FindSafe failed to localize: 'AIB[D] intent=recovery-plan family=recover action=lane reason=empty_bottle_no_rune hp=14 mana=51'
08/30 14:09:58 [Localization System] CLocalize::FindSafe failed to localize: 'AIB[D] intent=tick-owner family=other stage=laning-core'
08/30 14:09:59 [Localization System] CLocalize::FindSafe failed to localize: 'AIB[R] blocked=recovery-rune-bottle reason=stage_cooldown eta=15'
08/30 14:09:59 [Localization System] CLocalize::FindSafe failed to localize: 'AIB[R] intent=recovery-plan family=recover action=back reason=post_fight_regen hp=2'
08/30 14:09:59 [Localization System] CLocalize::FindSafe failed to localize: 'AIB[R] intent=state-recover-safe family=state ttl=5 reason=post_fight_regen hp=2 dist=1308'
08/30 14:09:59 [Server] Client (account 0) tried to execute invalid order (3). Unrecognized order identifier.
08/30 14:10:00 [Localization System] CLocalize::FindSafe failed to localize: 'AIB[R] blocked=buy-loop reason=saving target=item_power_treads head=item_belt_of_strength cost=450 gold=277 left=2'
08/30 14:10:00 [Localization System] CLocalize::FindSafe failed to localize: 'AIB[R] intent=tick-owner family=other stage=laning-core'
08/30 14:10:00 [Localization System] CLocalize::FindSafe failed to localize: 'AIB[R] blocked=recovery-buy reason=fountain_floor_free_heal hp=3 gold=277'
08/30 14:10:00 [Localization System] CLocalize::FindSafe failed to localize: 'AIB[R] blocked=bottle-rune reason=stage_cooldown eta=14'
08/30 14:10:00 [Localization System] CLocalize::FindSafe failed to localize: 'AIB[D] t=347s hp=13% gold=33 loc=138,72 lh=21 dn=1 dg=+8 dlh=+0 bottle=0 lvl=5 front=9650 ehp=-1'
08/30 14:10:01 [Localization System] CLocalize::FindSafe failed to localize: 'AIB[D] intent=tick-owner family=other stage=laning-core'
08/30 14:10:01 [Localization System] CLocalize::FindSafe failed to localize: 'AIB[D] intent=damage-by-source family=other creep=650 tower=0 hero=3331 mixed=336 death=176 other=0 stale=140 gaps=2'
08/30 14:10:02 [Localization System] CLocalize::FindSafe failed to localize: 'AIB[R] intent=tick-owner family=other stage=laning-core'
08/30 14:10:02 [Localization System] CLocalize::FindSafe failed to localize: 'AIB[R] blocked=bottle-rune reason=critical_no_stage hp=4 rune=2479 eta=12'
08/30 14:10:02 [Localization System] CLocalize::FindSafe failed to localize: 'AIB[R] intent=recovery-plan family=recover action=back reason=heal_in_flight hp=4'
08/30 14:10:02 [Localization System] CLocalize::FindSafe failed to localize: 'AIB[D] intent=recovery-policy family=recover action=recover hp=14 gate=22 source=emergency-low'
08/30 14:10:03 [Localization System] CLocalize::FindSafe failed to localize: 'AIB[D] intent=tick-owner family=other stage=laning-core'
08/30 14:10:03 Script function 'GetDesire' on bot npc_dota_hero_nevermore took 2.102ms
08/30 14:10:03 [Localization System] CLocalize::FindSafe failed to localize: 'AIB[R] t=349s hp=4% gold=281 loc=-1851,-1637 lh=30 dn=3 dg=-93 dlh=+0 bottle=0 lvl=6 front=9060 ehp=-1'
08/30 14:10:03 [Localization System] CLocalize::FindSafe failed to localize: 'AIB[R] blocked=recovery-rune-bottle reason=stage_cooldown eta=11'
08/30 14:10:04 [Localization System] CLocalize::FindSafe failed to localize: 'AIB[R] intent=tick-owner family=other stage=laning-core'
08/30 14:10:04 [Localization System] CLocalize::FindSafe failed to localize: 'AIB[R] blocked=bottle-rune reason=stage_cooldown eta=10'
08/30 14:10:04 [Localization System] CLocalize::FindSafe failed to localize: 'AIB[D] intent=recovery-policy family=recover action=recover hp=15 gate=22 source=emergency-low'
08/30 14:10:05 [Localization System] CLocalize::FindSafe failed to localize: 'AIB[D] intent=tick-owner family=other stage=laning-core'
08/30 14:10:05 [Localization System] CLocalize::FindSafe failed to localize: 'AIB[D] t=352s hp=16% gold=40 loc=1175,1050 lh=21 dn=1 dg=+7 dlh=+0 bottle=0 lvl=5 front=9746 ehp=-1'
08/30 14:10:06 [Server] Client (account 0) tried to execute invalid order (3). Unrecognized order identifier.
08/30 14:10:06 [Localization System] CLocalize::FindSafe failed to localize: 'AIB[R] intent=recovery-plan family=recover action=tp_fountain reason=regen_lane_floor hp=6'
08/30 14:10:06 [Localization System] CLocalize::FindSafe failed to localize: 'AIB[R] intent=tick-owner family=other stage=laning-core'
08/30 14:10:06 [Localization System] CLocalize::FindSafe failed to localize: 'AIB[D] intent=recovery-policy family=recover action=recover hp=16 gate=22 source=emergency-low'
08/30 14:10:07 [Localization System] CLocalize::FindSafe failed to localize: 'AIB[D] intent=tick-owner family=other stage=laning-core'
08/30 14:10:07 [Server] PR:IncrementIdleTime 1:[I:0:0] 3.40
08/30 14:10:07 [Localization System] CLocalize::FindSafe failed to localize: 'AIB[R] intent=damage-by-source family=other creep=511 tower=65 hero=1918 mixed=115 death=0 other=316 stale=423 gaps=4'
08/30 14:10:08 [Localization System] CLocalize::FindSafe failed to localize: 'AIB[R] blocked=buy-loop reason=saving target=item_power_treads head=item_belt_of_strength cost=450 gold=289 left=2'
08/30 14:10:08 [Localization System] CLocalize::FindSafe failed to localize: 'AIB[R] t=354s hp=7% gold=289 loc=-2276,-2030 lh=30 dn=3 dg=+8 dlh=+0 bottle=0 lvl=6 front=8794 ehp=-1'
08/30 14:10:08 [Localization System] CLocalize::FindSafe failed to localize: 'AIB[R] intent=tick-owner family=other stage=laning-core'
08/30 14:10:08 [Localization System] CLocalize::FindSafe failed to localize: 'AIB[D] intent=recovery-policy family=recover action=recover hp=17 gate=22 source=emergency-low'
08/30 14:10:09 [Localization System] CLocalize::FindSafe failed to localize: 'AIB[D] intent=tick-owner family=other stage=laning-core'
08/30 14:10:10 [Localization System] CLocalize::FindSafe failed to localize: 'AIB[R] intent=tick-owner family=other stage=laning-core'
08/30 14:10:10 [Localization System] CLocalize::FindSafe failed to localize: 'AIB[D] intent=recovery-policy family=recover action=recover hp=19 gate=22 source=emergency-low'
08/30 14:10:11 [Localization System] CLocalize::FindSafe failed to localize: 'AIB[D] t=357s hp=19% gold=48 loc=2291,2164 lh=21 dn=1 dg=+8 dlh=+0 bottle=0 lvl=5 front=9755 ehp=-1'
08/30 14:10:11 [Localization System] CLocalize::FindSafe failed to localize: 'AIB[D] intent=tick-owner family=other stage=laning-core'
08/30 14:10:12 [Localization System] CLocalize::FindSafe failed to localize: 'AIB[R] intent=tick-owner family=other stage=laning-core'
08/30 14:10:13 [Localization System] CLocalize::FindSafe failed to localize: 'AIB[D] intent=recovery-policy family=recover action=recover hp=21 gate=22 source=emergency-low'
08/30 14:10:13 [Localization System] CLocalize::FindSafe failed to localize: 'AIB[D] blocked=buy-loop reason=saving target=item_power_treads head=item_boots cost=500 gold=51 left=3'
08/30 14:10:13 Script function 'Think' on bot npc_dota_hero_nevermore took 2.169ms
08/30 14:10:13 [Localization System] CLocalize::FindSafe failed to localize: 'AIB[D] intent=tick-owner family=other stage=laning-core'
08/30 14:10:13 [Localization System] CLocalize::FindSafe failed to localize: 'AIB[R] t=359s hp=10% gold=297 loc=-3708,-3062 lh=30 dn=3 dg=+8 dlh=+0 bottle=0 lvl=6 front=8733 ehp=-1'
08/30 14:10:14 [Localization System] CLocalize::FindSafe failed to localize: 'AIB[R] intent=rune-ground-truth family=rune id=0 status=0 t=360'
08/30 14:10:14 [Localization System] CLocalize::FindSafe failed to localize: 'AIB[R] intent=rune-ground-truth family=rune id=1 status=0 t=360'
08/30 14:10:14 [Localization System] CLocalize::FindSafe failed to localize: 'AIB[D] intent=rune-ground-truth family=rune id=0 status=0 t=360'
08/30 14:10:14 [Localization System] CLocalize::FindSafe failed to localize: 'AIB[D] intent=rune-ground-truth family=rune id=1 status=0 t=360'
08/30 14:10:14 [Localization System] CLocalize::FindSafe failed to localize: 'AIB[R] intent=tick-owner family=other stage=laning-core'
08/30 14:10:15 [Localization System] CLocalize::FindSafe failed to localize: 'AIB[R] blocked=buy-tp reason=recent_tp since=9'
08/30 14:10:15 [Localization System] CLocalize::FindSafe failed to localize: 'AIB[D] intent=recovery-policy family=recover action=recover hp=22 gate=35 source=early-low'
08/30 14:10:15 [Localization System] CLocalize::FindSafe failed to localize: 'AIB[D] intent=tick-owner family=other stage=laning-core'
08/30 14:10:15 [Localization System] CLocalize::FindSafe failed to localize: 'AIB[R] intent=recovery-policy family=recover action=recover hp=14 gate=22 source=emergency-low'
08/30 14:10:16 [Localization System] CLocalize::FindSafe failed to localize: 'AIB[R] blocked=buy-loop reason=saving target=item_power_treads head=item_belt_of_strength cost=450 gold=301 left=2'
08/30 14:10:16 [Localization System] CLocalize::FindSafe failed to localize: 'AIB[D] t=362s hp=23% gold=56 loc=3412,3179 lh=21 dn=1 dg=+8 dlh=+0 bottle=0 lvl=5 front=9834 ehp=-1'
08/30 14:10:16 [Localization System] CLocalize::FindSafe failed to localize: 'AIB[D] intent=damage-by-source family=other creep=650 tower=0 hero=3331 mixed=336 death=176 other=7 stale=140 gaps=2'
08/30 14:10:16 [Localization System] CLocalize::FindSafe failed to localize: 'AIB[R] intent=tick-owner family=other stage=laning-core'
08/30 14:10:17 [Localization System] CLocalize::FindSafe failed to localize: 'AIB[D] intent=recovery-policy family=recover action=recover hp=23 gate=35 source=early-low'
08/30 14:10:17 [Localization System] CLocalize::FindSafe failed to localize: 'AIB[D] intent=tick-owner family=other stage=laning-core'
08/30 14:10:17 [Localization System] CLocalize::FindSafe failed to localize: 'AIB[R] intent=recovery-policy family=recover action=recover hp=23 gate=35 source=early-low'
08/30 14:10:18 [Localization System] CLocalize::FindSafe failed to localize: 'AIB[R] t=364s hp=25% gold=304 loc=-4862,-4289 lh=30 dn=3 dg=+7 dlh=+0 bottle=0 lvl=6 front=8726 ehp=-1'
08/30 14:10:18 [Localization System] CLocalize::FindSafe failed to localize: 'AIB[R] intent=tick-owner family=other stage=laning-core'
08/30 14:10:19 [Localization System] CLocalize::FindSafe failed to localize: 'AIB[D] intent=recovery-policy family=recover action=recover hp=25 gate=35 source=early-low'
08/30 14:10:19 [Localization System] CLocalize::FindSafe failed to localize: 'AIB[D] intent=tick-owner family=other stage=laning-core'
08/30 14:10:20 [Localization System] CLocalize::FindSafe failed to localize: 'AIB[R] intent=recovery-policy family=recover action=recover hp=31 gate=35 source=early-low'
08/30 14:10:20 [Localization System] CLocalize::FindSafe failed to localize: 'AIB[R] intent=tick-owner family=other stage=laning-core'
08/30 14:10:20 [Localization System] CLocalize::FindSafe failed to localize: 'AIB[R] blocked=recover-candidate reason=no_resources_behind_safe hp=35 score=44'
08/30 14:10:20 [Localization System] CLocalize::FindSafe failed to localize: 'AIB[R] blocked=hero-over-creep reason=no_target'
08/30 14:10:20 [Localization System] CLocalize::FindSafe failed to localize: 'AIB[R] intent=top-arbiter family=state winner=idle-heal:46 losers=safe-cs:56,hero-over-creep:52,emergency-retreat:45,fwd-pullback:44,emergency-kill:43.5'
08/30 14:10:21 [Localization System] CLocalize::FindSafe failed to localize: 'AIB[D] blocked=buy-loop reason=saving target=item_power_treads head=item_boots cost=500 gold=63 left=3'
08/30 14:10:21 [Localization System] CLocalize::FindSafe failed to localize: 'AIB[D] t=367s hp=27% gold=63 loc=4299,4413 lh=21 dn=1 dg=+7 dlh=+0 bottle=0 lvl=5 front=9777 ehp=-1'
08/30 14:10:21 [Localization System] CLocalize::FindSafe failed to localize: 'AIB[D] intent=recovery-policy family=recover action=recover hp=27 gate=35 source=early-low'
08/30 14:10:21 [Localization System] CLocalize::FindSafe failed to localize: 'AIB[D] intent=tick-owner family=other stage=laning-core'
08/30 14:10:22 [Localization System] CLocalize::FindSafe failed to localize: 'AIB[R] intent=top-arbiter family=state winner=idle-heal:46 losers=safe-cs:56,hero-over-creep:52,emergency-retreat:45,fwd-pullback:44,emergency-kill:43.5'
08/30 14:10:22 [Localization System] CLocalize::FindSafe failed to localize: 'AIB[R] intent=damage-by-source family=other creep=511 tower=65 hero=1918 mixed=115 death=0 other=316 stale=423 gaps=4'
08/30 14:10:22 [Localization System] CLocalize::FindSafe failed to localize: 'AIB[R] intent=tick-owner family=other stage=laning-core'
08/30 14:10:23 [Localization System] CLocalize::FindSafe failed to localize: 'AIB[R] blocked=buy-tp reason=recent_tp since=17'
08/30 14:10:23 [Localization System] CLocalize::FindSafe failed to localize: 'AIB[D] intent=recovery-policy family=recover action=recover hp=28 gate=35 source=early-low'
08/30 14:10:23 [Localization System] CLocalize::FindSafe failed to localize: 'AIB[R] t=369s hp=46% gold=312 loc=-5722,-5632 lh=30 dn=3 dg=+8 dlh=+0 bottle=0 lvl=6 front=8726 ehp=-1'
08/30 14:10:23 [Localization System] CLocalize::FindSafe failed to localize: 'AIB[D] intent=tick-owner family=other stage=laning-core'
08/30 14:10:24 [Localization System] CLocalize::FindSafe failed to localize: 'AIB[R] blocked=hero-over-creep reason=no_target'
08/30 14:10:24 [Localization System] CLocalize::FindSafe failed to localize: 'AIB[R] intent=top-arbiter family=state winner=idle-heal:46 losers=safe-cs:56,hero-over-creep:52,emergency-retreat:45,fwd-pullback:44,emergency-kill:43.5'
08/30 14:10:24 [Localization System] CLocalize::FindSafe failed to localize: 'AIB[R] blocked=buy-loop reason=saving target=item_power_treads head=item_belt_of_strength cost=450 gold=313 left=2'
08/30 14:10:25 [Localization System] CLocalize::FindSafe failed to localize: 'AIB[R] intent=tick-owner family=other stage=laning-core'
08/30 14:10:25 [Localization System] CLocalize::FindSafe failed to localize: 'AIB[R] intent=top-arbiter family=state winner=idle-heal:46 losers=safe-cs:56,hero-over-creep:52,emergency-retreat:45,fwd-pullback:44,emergency-kill:43.5'
08/30 14:10:25 [Localization System] CLocalize::FindSafe failed to localize: 'AIB[D] intent=recovery-policy family=recover action=recover hp=30 gate=35 source=early-low'
08/30 14:10:25 [Localization System] CLocalize::FindSafe failed to localize: 'AIB[D] intent=tick-owner family=other stage=laning-core'
08/30 14:10:26 [Localization System] CLocalize::FindSafe failed to localize: 'AIB[D] t=372s hp=31% gold=71 loc=5457,5434 lh=21 dn=1 dg=+8 dlh=+0 bottle=0 lvl=5 front=10038 ehp=-1'
08/30 14:10:27 [Localization System] CLocalize::FindSafe failed to localize: 'AIB[D] intent=recovery-policy family=recover action=recover hp=31 gate=35 source=early-low'
08/30 14:10:27 [Localization System] CLocalize::FindSafe failed to localize: 'AIB[D] intent=tick-owner family=other stage=laning-core'
08/30 14:10:28 [GCClient] Recv msg 7273 (k_EMsgGCChatMessage), 41 bytes
08/30 14:10:29 [Localization System] CLocalize::FindSafe failed to localize: 'AIB[D] blocked=buy-loop reason=saving target=item_power_treads head=item_boots cost=500 gold=75 left=3'
08/30 14:10:29 [Localization System] CLocalize::FindSafe failed to localize: 'AIB[R] t=375s hp=92% gold=320 loc=-7227,-6716 lh=30 dn=3 dg=+8 dlh=+0 bottle=3 lvl=6 front=8404 ehp=-1'
08/30 14:10:29 [Localization System] CLocalize::FindSafe failed to localize: 'AIB[R] blocked=hero-over-creep reason=no_target'
08/30 14:10:29 [Localization System] CLocalize::FindSafe failed to localize: 'AIB[R] intent=top-arbiter family=state winner=idle-heal:46 losers=hero-over-creep:52,emergency-retreat:45,fwd-pullback:44,emergency-kill:43.5,uphill:43'
08/30 14:10:29 [Localization System] CLocalize::FindSafe failed to localize: 'AIB[R] intent=tick-owner family=other stage=desire/idle-heal reason=ready score=46 band=lanework'
08/30 14:10:29 [Localization System] CLocalize::FindSafe failed to localize: 'AIB[D] intent=recovery-policy family=recover action=recover hp=32 gate=35 source=early-low'
08/30 14:10:30 [Localization System] CLocalize::FindSafe failed to localize: 'AIB[R] intent=top-arbiter family=state winner=idle-heal:46 losers=hero-over-creep:52,emergency-retreat:45,fwd-pullback:44,emergency-kill:43.5,uphill:43'
08/30 14:10:31 [Localization System] CLocalize::FindSafe failed to localize: 'AIB[R] blocked=buy-tp reason=recent_tp since=25'
08/30 14:10:31 [Localization System] CLocalize::FindSafe failed to localize: 'AIB[R] intent=tick-owner family=other stage=desire/idle-heal reason=ready score=46 band=lanework'
08/30 14:10:31 CGameParticleManager::SetParticleControlEnt: Unable to lookup attachment "attach_fx" on model "models/heroes/shadow_fiend/shadow_fiend.vmdl" for entity "npc_dota_hero_nevermore"
08/30 14:10:32 [Localization System] CLocalize::FindSafe failed to localize: 'AIB[R] blocked=buy-loop reason=saving target=item_power_treads head=item_belt_of_strength cost=450 gold=325 left=2'
08/30 14:10:32 [Localization System] CLocalize::FindSafe failed to localize: 'AIB[R] blocked=hero-over-creep reason=no_target'
08/30 14:10:32 [Localization System] CLocalize::FindSafe failed to localize: 'AIB[R] intent=top-arbiter family=state winner=idle-heal:46 losers=hero-over-creep:52,emergency-retreat:45,fwd-pullback:44,emergency-kill:43.5,uphill:43'
08/30 14:10:33 [Localization System] CLocalize::FindSafe failed to localize: 'AIB[R] intent=tick-owner family=other stage=desire/idle-heal reason=ready score=46 band=lanework'
08/30 14:10:33 [Localization System] CLocalize::FindSafe failed to localize: 'AIB[R] intent=top-arbiter family=state winner=idle-heal:46 losers=hero-over-creep:52,emergency-retreat:45,fwd-pullback:44,emergency-kill:43.5,uphill:43'
08/30 14:10:34 [Localization System] CLocalize::FindSafe failed to localize: 'AIB[R] t=380s hp=100% gold=328 loc=-6619,-6336 lh=30 dn=3 dg=+8 dlh=+0 bottle=3 lvl=6 front=-1 ehp=-1'
08/30 14:10:34 [Localization System] CLocalize::FindSafe failed to localize: 'AIB[R] blocked=emergency-kill reason=no_target'
08/30 14:10:34 [Localization System] CLocalize::FindSafe failed to localize: 'AIB[R] blocked=uphill-repo reason=no_reposition'
08/30 14:10:34 [Localization System] CLocalize::FindSafe failed to localize: 'AIB[R] blocked=harass reason=own_heal_running'
08/30 14:10:34 [Localization System] CLocalize::FindSafe failed to localize: 'AIB[R] blocked=cs-watchdog reason=no_creep lh=30 idle=47'
08/30 14:10:34 [Localization System] CLocalize::FindSafe failed to localize: 'AIB[R] blocked=ability-harass reason=nothing_castable'
08/30 14:10:35 [Localization System] CLocalize::FindSafe failed to localize: 'AIB[R] blocked=hero-over-creep reason=no_target'
08/30 14:10:35 [Localization System] CLocalize::FindSafe failed to localize: 'AIB[R] intent=top-arbiter family=state winner=anti-idle:2 losers=hero-over-creep:52,idle-heal:46,emergency-retreat:45,fwd-pullback:44,emergency-kill:43.5'
08/30 14:10:35 [Localization System] CLocalize::FindSafe failed to localize: 'AIB[R] intent=tick-owner family=other stage=laning-core'
08/30 14:10:36 [Localization System] CLocalize::FindSafe failed to localize: 'AIB[D] t=382s hp=80% gold=85 loc=6971,6418 lh=21 dn=1 dg=+14 dlh=+0 bottle=3 lvl=5 front=10066 ehp=-1'
08/30 14:10:36 [Localization System] CLocalize::FindSafe failed to localize: 'AIB[D] intent=damage-by-source family=other creep=650 tower=0 hero=3331 mixed=336 death=176 other=7 stale=140 gaps=2'
08/30 14:10:36 [Localization System] CLocalize::FindSafe failed to localize: 'AIB[D] blocked=hero-over-creep reason=no_target'
08/30 14:10:36 [Localization System] CLocalize::FindSafe failed to localize: 'AIB[D] intent=top-arbiter family=state winner=idle-heal:46 losers=hero-over-creep:52,emergency-retreat:45,fwd-pullback:44,emergency-kill:43.5,uphill:43'
08/30 14:10:36 [Localization System] CLocalize::FindSafe failed to localize: 'AIB[D] intent=tick-owner family=other stage=desire/idle-heal reason=ready score=46 band=lanework'
08/30 14:10:36 [Localization System] CLocalize::FindSafe failed to localize: 'AIB[R] intent=top-arbiter family=state winner=creep-work:38.8 losers=hero-over-creep:52,idle-heal:46,emergency-retreat:45,fwd-pullback:44,emergency-kill:43.5'
08/30 14:10:37 [Localization System] CLocalize::FindSafe failed to localize: 'AIB[D] blocked=buy-loop reason=saving target=item_power_treads head=item_boots cost=500 gold=87 left=3'
08/30 14:10:37 [Localization System] CLocalize::FindSafe failed to localize: 'AIB[R] intent=tick-owner family=other stage=laning-core'
08/30 14:10:37 [Localization System] CLocalize::FindSafe failed to localize: 'AIB[R] intent=cs-watchdog family=farm lh=30 idle=49 creep_hp=550 dist=824'
08/30 14:10:37 [Localization System] CLocalize::FindSafe failed to localize: 'AIB[D] intent=top-arbiter family=state winner=idle-heal:46 losers=hero-over-creep:52,emergency-retreat:45,fwd-pullback:44,emergency-kill:43.5,uphill:43'
08/30 14:10:37 [Localization System] CLocalize::FindSafe failed to localize: 'AIB[R] intent=damage-by-source family=other creep=511 tower=65 hero=1918 mixed=115 death=0 other=316 stale=423 gaps=4'
08/30 14:10:37 [Localization System] CLocalize::FindSafe failed to localize: 'AIB[R] blocked=emergency-kill reason=no_target'
08/30 14:10:37 [Localization System] CLocalize::FindSafe failed to localize: 'AIB[R] blocked=uphill-repo reason=no_reposition'
08/30 14:10:38 [Localization System] CLocalize::FindSafe failed to localize: 'AIB[D] intent=tick-owner family=other stage=desire/idle-heal reason=ready score=46 band=lanework'
08/30 14:10:38 [Localization System] CLocalize::FindSafe failed to localize: 'AIB[R] blocked=ability-harass reason=nothing_castable'
08/30 14:10:38 [Localization System] CLocalize::FindSafe failed to localize: 'AIB[R] blocked=wave-watch reason=not_finishable creep_hp=233 dist=653 idle=51'
08/30 14:10:38 [Localization System] CLocalize::FindSafe failed to localize: 'AIB[R] blocked=hero-over-creep reason=no_target'
08/30 14:10:38 [Localization System] CLocalize::FindSafe failed to localize: 'AIB[R] intent=melee-pack-space family=safety count=2 dist=127'
08/30 14:10:38 [Localization System] CLocalize::FindSafe failed to localize: 'AIB[R] intent=top-arbiter family=state winner=ranged-spacing:41 losers=hero-over-creep:52,idle-heal:46,emergency-retreat:45,fwd-pullback:44,emergency-kill:43.5'
08/30 14:10:38 [Localization System] CLocalize::FindSafe failed to localize: 'AIB[R] intent=wave-watch-work family=other lh=30 idle=52 creep_hp=58 dist=921'
08/30 14:10:38 [Localization System] CLocalize::FindSafe failed to localize: 'AIB[R] blocked=wave-watch reason=step_hold dist=817'
08/30 14:10:39 [Localization System] CLocalize::FindSafe failed to localize: 'AIB[D] blocked=hero-over-creep reason=no_target'
08/30 14:10:39 [Localization System] CLocalize::FindSafe failed to localize: 'AIB[R] blocked=harass reason=own_heal_running'
08/30 14:10:39 [Localization System] CLocalize::FindSafe failed to localize: 'AIB[R] blocked=buy-tp reason=recent_tp since=7'
08/30 14:10:39 [Localization System] CLocalize::FindSafe failed to localize: 'AIB[D] intent=top-arbiter family=state winner=idle-heal:46 losers=hero-over-creep:52,emergency-retreat:45,fwd-pullback:44,emergency-kill:43.5,uphill:43'
08/30 14:10:39 [Localization System] CLocalize::FindSafe failed to localize: 'AIB[R] t=385s hp=100% gold=335 loc=-715,-584 lh=30 dn=3 dg=+7 dlh=+0 bottle=3 lvl=6 front=8520 ehp=-1'
08/30 14:10:39 [Localization System] CLocalize::FindSafe failed to localize: 'AIB[R] intent=tick-owner family=other stage=laning-core'
08/30 14:10:39 [Localization System] CLocalize::FindSafe failed to localize: 'AIB[R] intent=state-desire-last-hit family=farm dist=156 reason=killable_creep score=140'
08/30 14:10:39 [Localization System] CLocalize::FindSafe failed to localize: 'AIB[R] intent=top-arbiter family=state winner=last-hit:158 losers=hero-over-creep:52,cs-inrange:50,idle-heal:46,emergency-retreat:45,fwd-pullback:44'
08/30 14:10:39 CGameParticleManager::SetParticleControlEnt: Unable to lookup attachment "attach_fx" on model "models/heroes/shadow_fiend/shadow_fiend.vmdl" for entity "npc_dota_hero_nevermore"
08/30 14:10:39 [Server] PR:IncrementIdleTime 6:[I:0:0] 2.20
08/30 14:10:40 [Localization System] CLocalize::FindSafe failed to localize: 'AIB[R] blocked=buy-loop reason=saving target=item_power_treads head=item_belt_of_strength cost=450 gold=337 left=2'
08/30 14:10:40 [Localization System] CLocalize::FindSafe failed to localize: 'AIB[D] intent=tick-owner family=other stage=desire/idle-heal reason=ready score=46 band=lanework'
08/30 14:10:40 [Localization System] CLocalize::FindSafe failed to localize: 'AIB[D] intent=top-arbiter family=state winner=idle-heal:46 losers=hero-over-creep:52,emergency-retreat:45,fwd-pullback:44,emergency-kill:43.5,uphill:43'
08/30 14:10:41 [Localization System] CLocalize::FindSafe failed to localize: 'AIB[D] t=387s hp=100% gold=93 loc=6928,6372 lh=21 dn=1 dg=+8 dlh=+0 bottle=3 lvl=5 front=-1 ehp=-1'
08/30 14:10:41 [Localization System] CLocalize::FindSafe failed to localize: 'AIB[R] blocked=emergency-kill reason=no_target'
08/30 14:10:41 [Localization System] CLocalize::FindSafe failed to localize: 'AIB[R] blocked=uphill-repo reason=no_reposition'
08/30 14:10:41 [Localization System] CLocalize::FindSafe failed to localize: 'AIB[R] intent=melee-pack-space family=safety count=2 dist=283'
08/30 14:10:41 [Localization System] CLocalize::FindSafe failed to localize: 'AIB[R] blocked=hero-over-creep reason=no_target'
08/30 14:10:41 [Localization System] CLocalize::FindSafe failed to localize: 'AIB[R] blocked=harass reason=no_target'
08/30 14:10:41 [Localization System] CLocalize::FindSafe failed to localize: 'AIB[R] intent=tick-owner family=other stage=desire/creep-work reason=ready score=39 band=lanework'
08/30 14:10:41 [Localization System] CLocalize::FindSafe failed to localize: 'AIB[R] intent=top-arbiter family=state winner=creep-work:38.8 losers=hero-over-creep:52,idle-heal:46,emergency-retreat:45,fwd-pullback:44,emergency-kill:43.5'
08/30 14:10:42 [Localization System] CLocalize::FindSafe failed to localize: 'AIB[D] blocked=hero-over-creep reason=no_target'
08/30 14:10:42 [Localization System] CLocalize::FindSafe failed to localize: 'AIB[D] intent=tick-owner family=other stage=desire/idle-heal reason=ready score=46 band=lanework'
08/30 14:10:42 [Localization System] CLocalize::FindSafe failed to localize: 'AIB[D] intent=top-arbiter family=state winner=idle-heal:46 losers=hero-over-creep:52,emergency-retreat:45,fwd-pullback:44,emergency-kill:43.5,uphill:43'
08/30 14:10:43 [Localization System] CLocalize::FindSafe failed to localize: 'AIB[D] blocked=emergency-kill reason=no_target'
08/30 14:10:43 [Localization System] CLocalize::FindSafe failed to localize: 'AIB[D] blocked=uphill-repo reason=no_reposition'
08/30 14:10:43 [Localization System] CLocalize::FindSafe failed to localize: 'AIB[D] blocked=harass reason=no_target'
08/30 14:10:43 [Localization System] CLocalize::FindSafe failed to localize: 'AIB[D] blocked=ability-harass reason=nothing_castable'
08/30 14:10:43 [Localization System] CLocalize::FindSafe failed to localize: 'AIB[R] intent=top-arbiter family=state winner=creep-work:38.8 losers=hero-over-creep:52,idle-heal:46,emergency-retreat:45,fwd-pullback:44,emergency-kill:43.5'
08/30 14:10:43 [Localization System] CLocalize::FindSafe failed to localize: 'AIB[D] blocked=uphill-repo reason=motor_busy'
08/30 14:10:43 [Localization System] CLocalize::FindSafe failed to localize: 'AIB[R] intent=tick-owner family=other stage=desire/creep-work reason=ready score=39 band=lanework'
08/30 14:10:43 [Localization System] CLocalize::FindSafe failed to localize: 'AIB[D] intent=top-arbiter family=state winner=anti-idle:2 losers=hero-over-creep:52,idle-heal:46,emergency-retreat:45,fwd-pullback:44,emergency-kill:43.5'
08/30 14:10:44 [Localization System] CLocalize::FindSafe failed to localize: 'AIB[D] intent=tick-owner family=other stage=laning-core'
08/30 14:10:44 [Localization System] CLocalize::FindSafe failed to localize: 'AIB[R] t=390s hp=100% gold=444 loc=-770,-644 lh=32 dn=3 dg=+109 dlh=+2 bottle=3 lvl=6 front=8520 ehp=-1'
08/30 14:10:44 [Localization System] CLocalize::FindSafe failed to localize: 'AIB[R] intent=state-desire-last-hit family=farm dist=337 reason=killable_creep score=140'
08/30 14:10:44 [Localization System] CLocalize::FindSafe failed to localize: 'AIB[D] intent=lane-line-episode family=other dist=1206 fwd=0.47'
08/30 14:10:44 [Localization System] CLocalize::FindSafe failed to localize: 'AIB[R] intent=top-arbiter family=state winner=last-hit:158 losers=hero-over-creep:52,cs-inrange:50,idle-heal:46,emergency-retreat:45,fwd-pullback:44'
08/30 14:10:45 [Localization System] CLocalize::FindSafe failed to localize: 'AIB[D] blocked=buy-loop reason=saving target=item_power_treads head=item_boots cost=500 gold=99 left=3'
08/30 14:10:45 Script function 'Think' on bot npc_dota_hero_nevermore took 2.386ms
08/30 14:10:45 [Localization System] CLocalize::FindSafe failed to localize: 'AIB[D] blocked=hero-over-creep reason=no_target'
08/30 14:10:45 [Localization System] CLocalize::FindSafe failed to localize: 'AIB[D] blocked=hero-prio-chase reason=lane_work dist=1488 cs=false creep=false hp_adv=false kill_pressure=false close=false low_farm=false lane_override=false'
08/30 14:10:45 [Localization System] CLocalize::FindSafe failed to localize: 'AIB[D] intent=top-arbiter family=state winner=lane-line:18 losers=hero-over-creep:52,idle-heal:46,emergency-retreat:45,fwd-pullback:44,emergency-kill:43.5'
08/30 14:10:45 [Localization System] CLocalize::FindSafe failed to localize: 'AIB[R] blocked=hero-over-creep reason=no_target'
08/30 14:10:45 [Localization System] CLocalize::FindSafe failed to localize: 'AIB[R] blocked=emergency-kill reason=no_target'
08/30 14:10:45 [Localization System] CLocalize::FindSafe failed to localize: 'AIB[R] blocked=uphill-repo reason=no_reposition'
08/30 14:10:45 [Localization System] CLocalize::FindSafe failed to localize: 'AIB[R] blocked=harass reason=no_target'
08/30 14:10:45 [Localization System] CLocalize::FindSafe failed to localize: 'AIB[R] blocked=ability-harass reason=nothing_castable'
08/30 14:10:45 [Localization System] CLocalize::FindSafe failed to localize: 'AIB[R] blocked=visual-hold reason=creep_in_range held=6.6 hp=100 repeat=6 hard=true'
08/30 14:10:45 [Localization System] CLocalize::FindSafe failed to localize: 'AIB[R] intent=tick-owner family=other stage=desire/creep-work reason=ready score=39 band=lanework'
08/30 14:10:46 [Localization System] CLocalize::FindSafe failed to localize: 'AIB[D] blocked=buy-tp reason=recent_tp since=6'
08/30 14:10:46 [Localization System] CLocalize::FindSafe failed to localize: 'AIB[D] t=392s hp=100% gold=101 loc=138,131 enemy-dist=1194 lh=21 dn=1 dg=+8 dlh=+0 bottle=3 lvl=5 front=10066 ehp=100'
08/30 14:10:46 [Localization System] CLocalize::FindSafe failed to localize: 'AIB[D] blocked=emergency-kill reason=no_target'
08/30 14:10:46 [Localization System] CLocalize::FindSafe failed to localize: 'AIB[D] blocked=harass reason=no_target'
08/30 14:10:46 [Localization System] CLocalize::FindSafe failed to localize: 'AIB[D] blocked=ability-harass reason=nothing_castable'
08/30 14:10:46 [Localization System] CLocalize::FindSafe failed to localize: 'AIB[D] intent=tick-owner family=other stage=laning-core'
08/30 14:10:46 [Localization System] CLocalize::FindSafe failed to localize: 'AIB[D] blocked=uphill-repo reason=motor_busy'
08/30 14:10:46 [Localization System] CLocalize::FindSafe failed to localize: 'AIB[D] anti-afk-lane=1 anti-idle-enter=28 anti-idle-lane=15 anti-idle-lowhp-back=5 bottle-heal=1 buy-skip-fountain-floor=1 channel-interrupt-atk=13 channel-interrupt-chase=18 creep-aggro-back=3 creep-aggro-hero-yield=7 creep-aggro-hit=11 creep-dmg=5 creep-hit-react-aggro-step=9 creep-hit-react-atk=12 creep-hit-react-step=15 critical-recover-lock=3 cs-wait-release=13 cs-wait=18 cs-walk-gap-large=41 cs-walk-gap-small=39 cs-walk-inrange=27 cs-walk-into-pack=81 cs-walk=107 cs-watchdog-atk=1 cs-watchdog-step=11 cw-push-cs-step=6 cw-push=178 deny-act-atk=10 deny-act-walk=5 deny-act=15 deny-cand-doomed=16 deny-cand-tanky=47 empty-bottle-ok=3 fight-hp-behind=22 fountain-bottle=2 fountain-stabilize=1 fountain-tp-hold=4 fountain-tp-lane=1 fountain-trip-release=2 fountain-wait=19 fwd-at-position=9 fwd-hold=3 fwd-position=4 fwd-suppressed-creep=10 fwd-suppressed-cs=1 fwd-suppressed-hero=3 fwd-suppressed-lowhp=3 fwd-suppressed-motor=15 fwd-suppressed-tower=12 fwd-suppressed-visual=3 fwd-suppressed-watchdog=2 heal-blocked-damage=1 heal-item=5 heal-want=7 hero-contact-atk=23 hero-contact-chase=5 hero-over-creep=1 hero-pass-atk=16 hero-pass-chase=3 hero-prio-always=15 hero-prio-chase-hold=9 hero-prio-chase=50 idle=12 kill-lock-atk=1 kill-priority=8 killwin-atk=15 killwin-scan=1391 lane-line-fallback=88 lane-line-suppressed-creep-dmg=2 lane-line-suppressed-creep=6 lane-line-suppressed-empty=1 lane-line-suppressed-heal=11 lane-line-suppressed-lowhp=16 lane-line-suppressed-motor=6 last-hit-urgent=68 low-hp-behind-safe=1 low-hp-creep=14 low-hp-limit=9 melee-pack-release=15 melee-pack-space=21 mutual-low-finish-atk=8 mutual-low-finish-chase=2 own-ranged-stepback=2 pre-aig=28 precreep-anchor=30 precreep-hold=2 precreep-park-hold=12 precreep-park=185 precreep-space=3 prewave-duel-approach=11 prewave-duel-trade=96 recover-safe=21 recover-xp=19 recovery-bottle-active=3 recovery-buy-critical=1 recovery-buy=3 recovery-enemy-near=349 recovery-flask=1 recovery-regen=11 recovery-tango=1 recovery-tp=3 regen-walk=29 tango-heal=2 uphill-reposition=2 uphill-void-under-fire=7 visual-hold-creep=4 visual-hold-hero-step=1 visual-hold-lane=4 wave-watch-atk=5 wave-watch-no-wave=18 wave-watch-step=2 wave-watch=18'
08/30 14:10:46 [Localization System] CLocalize::FindSafe failed to localize: 'AIB[R] intent=top-arbiter family=state winner=creep-work:38.8 losers=hero-over-creep:52,idle-heal:46,emergency-retreat:45,fwd-pullback:44,emergency-kill:43.5'
08/30 14:10:46 [Localization System] CLocalize::FindSafe failed to localize: 'AIB[D] intent=top-arbiter family=state winner=creep-work:38.6 losers=hero-over-creep:52,idle-heal:46,emergency-retreat:45,fwd-pullback:44,emergency-kill:43.5'
08/30 14:10:47 [Localization System] CLocalize::FindSafe failed to localize: 'AIB[R] intent=state-desire-last-hit family=farm dist=419 reason=killable_creep score=140'
08/30 14:10:47 [Localization System] CLocalize::FindSafe failed to localize: 'AIB[R] blocked=buy-tp reason=recent_tp since=15'
08/30 14:10:47 [Localization System] CLocalize::FindSafe failed to localize: 'AIB[D] intent=melee-pack-space family=safety count=2 dist=140'
08/30 14:10:47 [Localization System] CLocalize::FindSafe failed to localize: 'AIB[D] intent=state-desire-last-hit family=farm dist=531 reason=killable_creep score=140'
08/30 14:10:47 [Localization System] CLocalize::FindSafe failed to localize: 'AIB[R] blocked=recovery-buy reason=item_checkpoint item=item_belt_of_strength hp=100 gold=449 cost=450 spend=100'
08/30 14:10:47 [Localization System] CLocalize::FindSafe failed to localize: 'AIB[R] intent=recovery-plan family=recover action=buy_item_flask reason=checkpoint_block item=item_belt_of_strength hp=100 gold=449'
08/30 14:10:47 [Localization System] CLocalize::FindSafe failed to localize: 'AIB[R] blocked=uphill-repo reason=not_trading'
08/30 14:10:47 [Localization System] CLocalize::FindSafe failed to localize: 'AIB[R] intent=tick-owner family=other stage=desire/creep-work reason=ready score=39 band=lanework'
08/30 14:10:47 [Server] Game code (account 0) tried to execute invalid order (19). Target NPC is dead.
08/30 14:10:47 [Localization System] CLocalize::FindSafe failed to localize: 'AIB[D] intent=recovery-plan family=recover action=buy_flask reason=critical hp=76 gold=140 count=1'
08/30 14:10:47 [Localization System] CLocalize::FindSafe failed to localize: 'AIB[D] blocked=uphill-repo reason=no_reposition'
08/30 14:10:47 [Localization System] CLocalize::FindSafe failed to localize: 'AIB[R] intent=top-arbiter family=state winner=last-hit:158 losers=hero-over-creep:52,cs-inrange:50,idle-heal:46,emergency-retreat:45,fwd-pullback:44'
08/30 14:10:48 [Localization System] CLocalize::FindSafe failed to localize: 'AIB[D] blocked=hero-over-creep reason=no_target'
08/30 14:10:48 [Localization System] CLocalize::FindSafe failed to localize: 'AIB[D] intent=tick-owner family=other stage=laning-core'
08/30 14:10:48 [Localization System] CLocalize::FindSafe failed to localize: 'AIB[D] intent=top-arbiter family=state winner=harass:40 losers=hero-over-creep:52,idle-heal:46,emergency-retreat:45,fwd-pullback:44,emergency-kill:43.5'
08/30 14:10:48 [Localization System] CLocalize::FindSafe failed to localize: 'AIB[R] anti-afk-lane=3 anti-afk-no-chase=1 anti-idle-enter=32 anti-idle-lane=19 anti-idle-lowhp-back=3 anti-idle-push=1 bottle-rune=2 buy-skip-fountain-floor=1 channel-interrupt-atk=2 creep-aggro-back=5 creep-aggro-hero-yield=8 creep-aggro-hit=31 creep-dmg=7 creep-hit-react-atk=6 creep-hit-react-step=6 cs-wait-release=35 cs-wait=24 cs-walk-gap-large=35 cs-walk-gap-small=45 cs-walk-inrange=16 cs-walk-into-pack=19 cs-walk=96 cs-watchdog-atk=3 cs-watchdog-step=14 deny-act-atk=37 deny-act-walk=17 deny-act=54 deny-cand-doomed=39 deny-cand-tanky=239 deny-skip-backtrack=1 dw-active=3 dw-farm=49 empty-bottle-ok=3 fight-hp-behind=3 fountain-bottle=1 fountain-stabilize=1 fountain-tp-hold=2 fountain-tp-lane=1 fountain-wait=7 fwd-at-position=9 fwd-hold=3 fwd-position=4 fwd-suppressed-creep=27 fwd-suppressed-cs=2 fwd-suppressed-damage=1 fwd-suppressed-empty=6 fwd-suppressed-hero=8 fwd-suppressed-lowhp=1 fwd-suppressed-motor=20 fwd-suppressed-recovery=1 fwd-suppressed-rune=3 fwd-suppressed-tower=9 fwd-suppressed-visual=4 fwd-suppressed-watchdog=2 harass-seek=3 heal-inflight-back=2 heal-inflight-hold=1 heal-item=2 heal-want=1 hero-contact-atk=32 hero-contact-chase=12 hero-over-creep=13 hero-pass-atk=8 hero-pass-chase=5 idle=11 kill-lock-atk=3 kill-lock-chase=19 kill-priority=6 killwin-atk=46 killwin-mutual=3 killwin-scan=1002 lane-line-fallback=152 lane-line-suppressed-creep-dmg=1 lane-line-suppressed-creep=17 lane-line-suppressed-damage=2 lane-line-suppressed-empty=10 lane-line-suppressed-heal=13 lane-line-suppressed-lowhp=6 lane-line-suppressed-motor=5 last-hit-urgent=128 low-hp-creep=3 low-hp-limit=3 melee-pack-release=22 melee-pack-space=18 mutual-low-finish-atk=2 mutual-low-finish-chase=3 no-dive=1 own-ranged-stepback=4 pre-aig=32 precreep-anchor=32 precreep-hold=2 precreep-park-hold=13 precreep-park=156 precreep-space=3 prewave-defend=3 prewave-free-hit=85 recover-safe=3 recover-xp=6 recovery-bottle-active=5 recovery-bottle=4 recovery-buy-critical=1 recovery-buy=4 recovery-enemy-near=306 recovery-flask=2 recovery-regen=5 recovery-tango=1 recovery-tp=1 recovery-yield=1 regen-walk=4 siege-commit-tower=46 siege-step=1 siege-wave-step=5 tango-heal=2 tower-aggro-drop=1 uphill-reposition=1 uphill-void-under-fire=11 visual-hold-creep=41 visual-hold-hard-creep=1 visual-hold-hero=1 visual-hold-lane=8 wave-watch-atk=11 wave-watch-no-wave=23 wave-watch-step=1 wave-watch=30'
08/30 14:10:48 [Localization System] CLocalize::FindSafe failed to localize: 'AIB[R] blocked=hero-over-creep reason=no_target'
08/30 14:10:48 [Localization System] CLocalize::FindSafe failed to localize: 'AIB[R] blocked=emergency-kill reason=no_target'
08/30 14:10:48 [Localization System] CLocalize::FindSafe failed to localize: 'AIB[R] blocked=uphill-repo reason=no_reposition'
08/30 14:10:48 [Localization System] CLocalize::FindSafe failed to localize: 'AIB[R] blocked=harass reason=no_target'
08/30 14:10:49 [Localization System] CLocalize::FindSafe failed to localize: 'AIB[D] intent=state-desire-fight family=state base=78 hp_adv=8 execute=20 dist=656 hp=76 ehp=51 reason=enemy_seen score=106'
08/30 14:10:49 [Localization System] CLocalize::FindSafe failed to localize: 'AIB[D] blocked=ability-pressure reason=nothing_castable'
08/30 14:10:49 [Localization System] CLocalize::FindSafe failed to localize: 'AIB[D] intent=hero-contact family=fight dist=656 hp=76 reason=close_enemy'
08/30 14:10:49 [Localization System] CLocalize::FindSafe failed to localize: 'AIB[R] blocked=recover-candidate reason=no_action_capped hp=51 score=44'
08/30 14:10:49 [Localization System] CLocalize::FindSafe failed to localize: 'AIB[R] blocked=ability-harass reason=nothing_castable'
08/30 14:10:49 [Localization System] CLocalize::FindSafe failed to localize: 'AIB[R] blocked=visual-hold reason=hero_in_range held=10.3 hp=51 repeat=1 hard=true'
08/30 14:10:49 [Localization System] CLocalize::FindSafe failed to localize: 'AIB[D] blocked=hero-contact reason=refractory since=0.17'
08/30 14:10:49 [Localization System] CLocalize::FindSafe failed to localize: 'AIB[D] intent=hero-pass family=fight dist=570 hp=76 reason=nearby_enemy'
08/30 14:10:49 [Localization System] CLocalize::FindSafe failed to localize: 'AIB[R] t=395s hp=51% gold=1 loc=-744,-621 enemy-dist=570 lh=32 dn=3 dg=-443 dlh=+0 bottle=3 lvl=6 front=8506 ehp=76'
08/30 14:10:49 [Localization System] CLocalize::FindSafe failed to localize: 'AIB[R] intent=state-desire-fight family=state base=78 range=18 dist=570 hp=51 ehp=76 reason=enemy_seen score=96'
08/30 14:10:49 [Localization System] CLocalize::FindSafe failed to localize: 'AIB[R] blocked=ability-pressure reason=nothing_castable'
08/30 14:10:49 [Localization System] CLocalize::FindSafe failed to localize: 'AIB[R] intent=hero-contact family=fight dist=570 hp=51 reason=attackable_enemy'
08/30 14:10:49 [Localization System] CLocalize::FindSafe failed to localize: 'AIB[D] blocked=top-arbiter reason=empty_action winner=fight score=142'
08/30 14:10:49 [Localization System] CLocalize::FindSafe failed to localize: 'AIB[R] blocked=hero-contact reason=refractory since=0.17'
08/30 14:10:49 [Localization System] CLocalize::FindSafe failed to localize: 'AIB[R] intent=hero-pass family=fight dist=570 hp=51 reason=nearby_enemy'
08/30 14:10:49 [Localization System] CLocalize::FindSafe failed to localize: 'AIB[R] intent=top-arbiter family=state winner=fight:114 losers=safe-cs:56,hero-over-creep:52,idle-heal:46,emergency-retreat:45,fwd-pullback:44'
08/30 14:10:49 [Localization System] CLocalize::FindSafe failed to localize: 'invalid index'
08/30 14:10:49 [Localization System] CLocalize::FindSafe failed to localize: 'AIB[R] blocked=top-arbiter reason=empty_action winner=fight score=114'
08/30 14:10:49 [Localization System] CLocalize::FindSafe failed to localize: 'AIB[R] intent=tick-owner family=other stage=desire/anti-idle reason=ready score=2 band=idle'
08/30 14:10:49 [Localization System] CLocalize::FindSafe failed to localize: 'AIB[D] blocked=recover-candidate reason=no_action_capped hp=47 score=44'
08/30 14:10:49 [Localization System] CLocalize::FindSafe failed to localize: 'AIB[D] intent=top-arbiter family=state winner=fight:116 losers=safe-cs:56,hero-over-creep:52,idle-heal:46,emergency-retreat:45,fwd-pullback:44'
08/30 14:10:50 [Localization System] CLocalize::FindSafe failed to localize: 'AIB[R] blocked=buy-loop reason=saving target=item_power_treads head=item_gloves cost=450 gold=3 left=1'
08/30 14:10:50 [Localization System] CLocalize::FindSafe failed to localize: 'AIB[D] intent=tick-owner family=other stage=laning-core'
08/30 14:10:50 [Localization System] CLocalize::FindSafe failed to localize: 'AIB[D] intent=state-desire-fight family=state base=78 range=18 execute=20 dist=570 hp=47 ehp=43 reason=enemy_seen score=116'
08/30 14:10:50 [Localization System] CLocalize::FindSafe failed to localize: 'AIB[D] intent=recovery-policy family=recover action=recover hp=35 gate=35 source=early-low'
08/30 14:10:50 [Localization System] CLocalize::FindSafe failed to localize: 'AIB[D] intent=state-recover-xp family=state ttl=2 reason=regen_lane hp=35 dist=578'
08/30 14:10:51 [Localization System] CLocalize::FindSafe failed to localize: 'AIB[D] t=397s hp=38% gold=170 loc=-272,-202 enemy-dist=630 lh=24 dn=1 dg=+69 dlh=+3 bottle=3 lvl=5 front=8620 ehp=43'
08/30 14:10:51 [Localization System] CLocalize::FindSafe failed to localize: 'AIB[D] intent=damage-by-source family=other creep=650 tower=0 hero=3879 mixed=336 death=176 other=7 stale=140 gaps=2'
08/30 14:10:51 [Localization System] CLocalize::FindSafe failed to localize: 'AIB[D] blocked=safety-candidate reason=no_action_capped hp=38 score=44'
08/30 14:10:51 [Localization System] CLocalize::FindSafe failed to localize: 'AIB[D] blocked=hero-pass reason=low_hp hp=38'
08/30 14:10:51 [Localization System] CLocalize::FindSafe failed to localize: 'AIB[D] blocked=top-arbiter reason=empty_action winner=fight score=116'
08/30 14:10:51 [Localization System] CLocalize::FindSafe failed to localize: 'AIB[D] intent=state-desire-recover family=state base=74 danger=28 hp=38 reason=hp_gate score=102'
08/30 14:10:51 [Localization System] CLocalize::FindSafe failed to localize: 'AIB[D] intent=top-arbiter family=state winner=recover:120 losers=fight:98,safe-cs:56,hero-over-creep:52,idle-heal:46,emergency-retreat:45'
08/30 14:10:52 [Localization System] CLocalize::FindSafe failed to localize: 'AIB[D] intent=tick-owner family=other stage=laning-core'
08/30 14:10:52 [Localization System] CLocalize::FindSafe failed to localize: 'AIB[D] intent=recovery-owner family=recover band=soft threat=true mode=safe-step hp=39'
08/30 14:10:52 [Localization System] CLocalize::FindSafe failed to localize: 'AIB[D] intent=state-desire-fight family=state base=78 execute=20 dist=748 hp=41 ehp=44 reason=enemy_seen score=98'
08/30 14:10:52 [Localization System] CLocalize::FindSafe failed to localize: 'AIB[D] blocked=ability-pressure reason=nothing_castable'
08/30 14:10:52 [Localization System] CLocalize::FindSafe failed to localize: 'AIB[D] blocked=hero-contact reason=unsafe dist=748 hp=41 tower=false'
08/30 14:10:52 [Localization System] CLocalize::FindSafe failed to localize: 'AIB[D] blocked=top-arbiter reason=empty_action winner=fight score=98'
08/30 14:10:52 [Localization System] CLocalize::FindSafe failed to localize: 'AIB[D] intent=state-desire-recover family=state base=74 hp=41 hyst=18 reason=hp_gate score=92'
08/30 14:10:52 [Localization System] CLocalize::FindSafe failed to localize: 'AIB[D] blocked=fight-candidate reason=no_action_capped hp=42 score=40'
08/30 14:10:52 [Localization System] CLocalize::FindSafe failed to localize: 'AIB[D] blocked=hero-over-creep reason=no_target'
08/30 14:10:52 [Localization System] CLocalize::FindSafe failed to localize: 'AIB[D] blocked=emergency-kill reason=no_target'
08/30 14:10:52 [Localization System] CLocalize::FindSafe failed to localize: 'AIB[D] blocked=recover-candidate reason=no_action_capped hp=42 score=44'
08/30 14:10:52 [Localization System] CLocalize::FindSafe failed to localize: 'AIB[D] intent=state-recover-xp family=state ttl=2 reason=regen_lane hp=42 dist=243'
08/30 14:10:53 [Localization System] CLocalize::FindSafe failed to localize: 'AIB[D] blocked=buy-loop reason=saving target=item_power_treads head=item_boots cost=500 gold=173 left=3'
08/30 14:10:53 [Localization System] CLocalize::FindSafe failed to localize: 'AIB[D] intent=top-arbiter family=state winner=idle-heal:46 losers=safe-cs:56,hero-over-creep:52,emergency-retreat:45,fwd-pullback:44,emergency-kill:43.5'
08/30 14:10:53 [Localization System] CLocalize::FindSafe failed to localize: 'AIB[D] intent=channel-interrupt family=fight dist=492 hp=40 kind=heal reason=enemy_heal'
08/30 14:10:54 [Localization System] CLocalize::FindSafe failed to localize: 'AIB[D] blocked=buy-tp reason=recent_tp since=14'
08/30 14:10:54 [Localization System] CLocalize::FindSafe failed to localize: 'AIB[D] intent=tick-owner family=other stage=laning-core'
08/30 14:10:54 [Localization System] CLocalize::FindSafe failed to localize: 'AIB[D] intent=state-recover-safe family=state ttl=2 reason=regen_lane hp=3 dist=1229'
08/30 14:10:55 [Server] Client (account 0) tried to execute invalid order (20). Unit is dead.
08/30 14:10:55 Building: npc_dota_badguys_fort destroyed at 401.100037.
08/30 14:10:55 S:Gamerules: entering state 'DOTA_GAMERULES_STATE_POST_GAME'
08/30 14:10:55 CombatLog allocations: 164KB
08/30 14:10:55 DamageContributionLog allocations: 10KB
08/30 14:10:55 DamageContributionLog num entries: 114
08/30 14:10:55 CDOTAGCServerSystem::MatchSignOut gathering sign out stats. Duration in minutes = 6.685556
08/30 14:10:55    Player 0 Account 0 TotalGold = 2534.000000 TotalXP = 3658.000000 nGoldPerMinute = 379 nXPPerMinute = 547
08/30 14:10:55    nevermore - 0 - Predicted Rank = 0
08/30 14:10:55    Player 0 Account 0 TotalGold = 1608.000000 TotalXP = 2354.000000 nGoldPerMinute = 240 nXPPerMinute = 352
08/30 14:10:55    nevermore - 0 - Predicted Rank = 0
08/30 14:10:55 MatchSignout: Player Pshe Voice Chat Seconds: 0
08/30 14:10:55 ServerMVP: Not calculating stats, invalid lobby type 1.
08/30 14:10:55 Match signout:  duration = 401 (401.133362) Winning team = 0
08/30 14:10:55   Match start date: Sun Aug 30 13:47:15 2026
08/30 14:10:55   Num players on teams:  Good: 1  Bad: 1
08/30 14:10:55 Team 0 Player 0 m_unAccountID = 0  Items: 29, 36, -1, -1, 41, -1, -1, -1, -1, -1, -1
08/30 14:10:55   LastHit = 32  Deny = 3  ClaimedMiss = 16  ClaimedDeny = 1  Miss = 1
08/30 14:10:55   Level: 7 Gold: 249  KDA: 2 / 0 / 0
08/30 14:10:55   Actual Player Damage: 4839 Actual Building Damage: 0 Actual Healing: 0
08/30 14:10:55   Scaled Player Damage: 7010 Scaled Building Damage: 0 Scaled Healing: 0
08/30 14:10:55   XP per min: 379  Gold per min: 547  Claimed Farm: 1949  Support Gold 0
08/30 14:10:55 Team 1 Player 0 m_unAccountID = 0  Items: 36, -1, -1, 38, 41, -1, -1, -1, -1, -1, -1
08/30 14:10:55   LastHit = 24  Deny = 2  ClaimedMiss = 13  ClaimedDeny = 3  Miss = 4
08/30 14:10:55   Level: 5 Gold: 140  KDA: 0 / 2 / 0
08/30 14:10:55   Actual Player Damage: 3471 Actual Building Damage: 4500 Actual Healing: 0
08/30 14:10:55   Scaled Player Damage: 4185 Scaled Building Damage: 1000 Scaled Healing: 0
08/30 14:10:55   XP per min: 240  Gold per min: 352  Claimed Farm: 1628  Support Gold 0
08/30 14:10:55 KILLEATER: Signing out with 0 adjustments
08/30 14:10:55 KILLEATER: Message has 0 player blocks
08/30 14:10:55 Checking to see if we should add overworld rewards to signout:
08/30 14:10:55 	Lobby Eligible For Rewards: 0
08/30 14:10:55 	Overworld Progression Enabled: 1
08/30 14:10:55 	Match Contributes to Overworld: 0
08/30 14:10:55 SIGNOUT: Job created, Protobuf:
08/30 14:10:55 The following signout message has had the gameplay_stats field removed to reduce log file size.
08/30 14:10:55 duration: 401
08/30 14:10:55 date: 1788090435
08/30 14:10:55 teams {
08/30 14:10:55   players {
08/30 14:10:55     steam_id: 0
08/30 14:10:55     hero_id: 11
08/30 14:10:55     items: 29
08/30 14:10:55     items: 36
08/30 14:10:55     items: -1
08/30 14:10:55     items: -1
08/30 14:10:55     items: 41
08/30 14:10:55     items: -1
08/30 14:10:55     items: -1
08/30 14:10:55     items: -1
08/30 14:10:55     items: -1
08/30 14:10:55     items: -1
08/30 14:10:55     items: -1
08/30 14:10:55     gold: 249
08/30 14:10:55     kills: 2
08/30 14:10:55     deaths: 0
08/30 14:10:55     assists: 0
08/30 14:10:55     leaver_status: 1
08/30 14:10:55     last_hits: 32
08/30 14:10:55     denies: 3
08/30 14:10:55     gold_per_min: 379
08/30 14:10:55     xp_per_minute: 547
08/30 14:10:55     gold_spent: 2885
08/30 14:10:55     level: 7
08/30 14:10:55     scaled_hero_damage: 7010
08/30 14:10:55     scaled_tower_damage: 0
08/30 14:10:55     scaled_hero_healing: 0
08/30 14:10:55     time_last_seen: 0
08/30 14:10:55     support_ability_value: 2025
08/30 14:10:55     party_id: 0
08/30 14:10:55     claimed_farm_gold: 1949
08/30 14:10:55     support_gold: 0
08/30 14:10:55     claimed_denies: 1
08/30 14:10:55     claimed_misses: 16
08/30 14:10:55     misses: 1
08/30 14:10:55     ability_upgrades {
08/30 14:10:55       ability: 5059
08/30 14:10:55       time: 58
08/30 14:10:55     }
08/30 14:10:55     ability_upgrades {
08/30 14:10:55       ability: 5063
08/30 14:10:55       time: 195
08/30 14:10:55     }
08/30 14:10:55     ability_upgrades {
08/30 14:10:55       ability: 5059
08/30 14:10:55       time: 246
08/30 14:10:55     }
08/30 14:10:55     ability_upgrades {
08/30 14:10:55       ability: 5063
08/30 14:10:55       time: 313
08/30 14:10:55     }
08/30 14:10:55     ability_upgrades {
08/30 14:10:55       ability: 5059
08/30 14:10:55       time: 351
08/30 14:10:55     }
08/30 14:10:55     ability_upgrades {
08/30 14:10:55       ability: 5063
08/30 14:10:55       time: 444
08/30 14:10:55     }
08/30 14:10:55     ability_upgrades {
08/30 14:10:55       ability: 5059
08/30 14:10:55       time: 544
08/30 14:10:55     }
08/30 14:10:55     net_worth: 2334
08/30 14:10:55     match_player_flags: 0
08/30 14:10:55     hero_damage: 4839
08/30 14:10:55     tower_damage: 0
08/30 14:10:55     hero_healing: 0
08/30 14:10:55     hero_pick_order: 3
08/30 14:10:55     hero_was_randomed: false
08/30 14:10:55     lane: 3
08/30 14:10:55     is_using_plus_guide: false
08/30 14:10:55     hero_damage_received {
08/30 14:10:55       pre_reduction: 1327
08/30 14:10:55       post_reduction: 1091
08/30 14:10:55       damage_type: HERO_DAMAGE_PHYSICAL
08/30 14:10:55     }
08/30 14:10:55     hero_damage_received {
08/30 14:10:55       pre_reduction: 3290
08/30 14:10:55       post_reduction: 2380
08/30 14:10:55       damage_type: HERO_DAMAGE_MAGICAL
08/30 14:10:55     }
08/30 14:10:55     hero_damage_received {
08/30 14:10:55       pre_reduction: 0
08/30 14:10:55       post_reduction: 0
08/30 14:10:55       damage_type: HERO_DAMAGE_PURE
08/30 14:10:55     }
08/30 14:10:55     hero_was_dota_plus_suggestion: false
08/30 14:10:55     seconds_dead: 0
08/30 14:10:55     gold_lost_to_death: 0
08/30 14:10:55     command_count: 0
08/30 14:10:55     mouse_click_cast_command_count: 0
08/30 14:10:55     teleports_used: 1
08/30 14:10:55     cavern_crawl_preferred_map_variant: 0
08/30 14:10:55     bounty_runes: 0
08/30 14:10:55     outposts_captured: 0
08/30 14:10:55     dewards: 0
08/30 14:10:55     wards_placed: 0
08/30 14:10:55     camps_stacked: 0
08/30 14:10:55     player_slot: 1
08/30 14:10:55     item_purchase_times: 420
08/30 14:10:55     item_purchase_times: 58
08/30 14:10:55     item_purchase_times: 0
08/30 14:10:55     item_purchase_times: 0
08/30 14:10:55     item_purchase_times: 304
08/30 14:10:55     item_purchase_times: 0
08/30 14:10:55     item_purchase_times: 0
08/30 14:10:55     item_purchase_times: 0
08/30 14:10:55     item_purchase_times: 0
08/30 14:10:55     item_purchase_times: 0
08/30 14:10:55     item_purchase_times: 0
08/30 14:10:55     hero_damage_dealt {
08/30 14:10:55       pre_reduction: 1870
08/30 14:10:55       post_reduction: 1486
08/30 14:10:55       damage_type: HERO_DAMAGE_PHYSICAL
08/30 14:10:55     }
08/30 14:10:55     hero_damage_dealt {
08/30 14:10:55       pre_reduction: 4710
08/30 14:10:55       post_reduction: 3353
08/30 14:10:55       damage_type: HERO_DAMAGE_MAGICAL
08/30 14:10:55     }
08/30 14:10:55     hero_damage_dealt {
08/30 14:10:55       pre_reduction: 0
08/30 14:10:55       post_reduction: 0
08/30 14:10:55       damage_type: HERO_DAMAGE_PURE
08/30 14:10:55     }
08/30 14:10:55     predicted_position: 4
08/30 14:10:55     lane_outcomes: 255
08/30 14:10:55     friendly_t1_destroyed_time: 0
08/30 14:10:55     enemy_t1_destroyed_time: 0
08/30 14:10:55     friendly_roshan_kills: 0
08/30 14:10:55     enemy_roshan_kills: 0
08/30 14:10:55     power_runes: 0
08/30 14:10:55     water_runes: 1
08/30 14:10:55     stun_duration: 0
08/30 14:10:55     team_number: DOTA_GC_TEAM_GOOD_GUYS
08/30 14:10:55     team_slot: 1
08/30 14:10:55     predicted_rank: 0
08/30 14:10:55     selected_facet: 0
08/30 14:10:55     disable_duration: 0
08/30 14:10:55     tormentor_kills: 0
08/30 14:10:55     wisdom_shrines_taken: 0
08/30 14:10:55   }
08/30 14:10:55 }
08/30 14:10:55 teams {
08/30 14:10:55   players {
08/30 14:10:55     steam_id: 0
08/30 14:10:55     hero_id: 11
08/30 14:10:55     items: 36
08/30 14:10:55     items: -1
08/30 14:10:55     items: -1
08/30 14:10:55     items: 38
08/30 14:10:55     items: 41
08/30 14:10:55     items: -1
08/30 14:10:55     items: -1
08/30 14:10:55     items: -1
08/30 14:10:55     items: -1
08/30 14:10:55     items: -1
08/30 14:10:55     items: -1
08/30 14:10:55     gold: 140
08/30 14:10:55     kills: 0
08/30 14:10:55     deaths: 2
08/30 14:10:55     assists: 0
08/30 14:10:55     leaver_status: 1
08/30 14:10:55     last_hits: 24
08/30 14:10:55     denies: 2
08/30 14:10:55     gold_per_min: 240
08/30 14:10:55     xp_per_minute: 352
08/30 14:10:55     gold_spent: 2015
08/30 14:10:55     level: 5
08/30 14:10:55     scaled_hero_damage: 4185
08/30 14:10:55     scaled_tower_damage: 1000
08/30 14:10:55     scaled_hero_healing: 0
08/30 14:10:55     time_last_seen: 0
08/30 14:10:55     support_ability_value: 1650
08/30 14:10:55     party_id: 0
08/30 14:10:55     claimed_farm_gold: 1628
08/30 14:10:55     support_gold: 0
08/30 14:10:55     claimed_denies: 3
08/30 14:10:55     claimed_misses: 13
08/30 14:10:55     misses: 4
08/30 14:10:55     ability_upgrades {
08/30 14:10:55       ability: 5059
08/30 14:10:55       time: 58
08/30 14:10:55     }
08/30 14:10:55     ability_upgrades {
08/30 14:10:55       ability: 5063
08/30 14:10:55       time: 203
08/30 14:10:55     }
08/30 14:10:55     ability_upgrades {
08/30 14:10:55       ability: 5059
08/30 14:10:55       time: 254
08/30 14:10:55     }
08/30 14:10:55     ability_upgrades {
08/30 14:10:55       ability: 5063
08/30 14:10:55       time: 343
08/30 14:10:55     }
08/30 14:10:55     ability_upgrades {
08/30 14:10:55       ability: 5059
08/30 14:10:55       time: 413
08/30 14:10:55     }
08/30 14:10:55     net_worth: 1435
08/30 14:10:55     match_player_flags: 0
08/30 14:10:55     hero_damage: 3471
08/30 14:10:55     tower_damage: 4500
08/30 14:10:55     hero_healing: 0
08/30 14:10:55     hero_pick_order: 4
08/30 14:10:55     hero_was_randomed: false
08/30 14:10:55     lane: 3
08/30 14:10:55     is_using_plus_guide: false
08/30 14:10:55     hero_damage_received {
08/30 14:10:55       pre_reduction: 1870
08/30 14:10:55       post_reduction: 1486
08/30 14:10:55       damage_type: HERO_DAMAGE_PHYSICAL
08/30 14:10:55     }
08/30 14:10:55     hero_damage_received {
08/30 14:10:55       pre_reduction: 4710
08/30 14:10:55       post_reduction: 3353
08/30 14:10:55       damage_type: HERO_DAMAGE_MAGICAL
08/30 14:10:55     }
08/30 14:10:55     hero_damage_received {
08/30 14:10:55       pre_reduction: 0
08/30 14:10:55       post_reduction: 0
08/30 14:10:55       damage_type: HERO_DAMAGE_PURE
08/30 14:10:55     }
08/30 14:10:55     hero_was_dota_plus_suggestion: false
08/30 14:10:55     seconds_dead: 19
08/30 14:10:55     gold_lost_to_death: 53
08/30 14:10:55     command_count: 0
08/30 14:10:55     mouse_click_cast_command_count: 0
08/30 14:10:55     teleports_used: 2
08/30 14:10:55     cavern_crawl_preferred_map_variant: 0
08/30 14:10:55     bounty_runes: 0
08/30 14:10:55     outposts_captured: 0
08/30 14:10:55     dewards: 0
08/30 14:10:55     wards_placed: 0
08/30 14:10:55     camps_stacked: 0
08/30 14:10:55     player_slot: 129
08/30 14:10:55     item_purchase_times: 58
08/30 14:10:55     item_purchase_times: 0
08/30 14:10:55     item_purchase_times: 0
08/30 14:10:55     item_purchase_times: 413
08/30 14:10:55     item_purchase_times: 373
08/30 14:10:55     item_purchase_times: 0
08/30 14:10:55     item_purchase_times: 0
08/30 14:10:55     item_purchase_times: 0
08/30 14:10:55     item_purchase_times: 0
08/30 14:10:55     item_purchase_times: 0
08/30 14:10:55     item_purchase_times: 0
08/30 14:10:55     hero_damage_dealt {
08/30 14:10:55       pre_reduction: 1327
08/30 14:10:55       post_reduction: 1091
08/30 14:10:55       damage_type: HERO_DAMAGE_PHYSICAL
08/30 14:10:55     }
08/30 14:10:55     hero_damage_dealt {
08/30 14:10:55       pre_reduction: 3290
08/30 14:10:55       post_reduction: 2380
08/30 14:10:55       damage_type: HERO_DAMAGE_MAGICAL
08/30 14:10:55     }
08/30 14:10:55     hero_damage_dealt {
08/30 14:10:55       pre_reduction: 0
08/30 14:10:55       post_reduction: 0
08/30 14:10:55       damage_type: HERO_DAMAGE_PURE
08/30 14:10:55     }
08/30 14:10:55     predicted_position: 4
08/30 14:10:55     lane_outcomes: 255
08/30 14:10:55     friendly_t1_destroyed_time: 0
08/30 14:10:55     enemy_t1_destroyed_time: 0
08/30 14:10:55     friendly_roshan_kills: 0
08/30 14:10:55     enemy_roshan_kills: 0
08/30 14:10:55     power_runes: 0
08/30 14:10:55     water_runes: 0
08/30 14:10:55     stun_duration: 0
08/30 14:10:55     team_number: DOTA_GC_TEAM_BAD_GUYS
08/30 14:10:55     team_slot: 1
08/30 14:10:55     predicted_rank: 0
08/30 14:10:55     selected_facet: 0
08/30 14:10:55     disable_duration: 0
08/30 14:10:55     tormentor_kills: 0
08/30 14:10:55     wisdom_shrines_taken: 0
08/30 14:10:55   }
08/30 14:10:55 }
08/30 14:10:55 tower_status: 2047
08/30 14:10:55 tower_status: 2047
08/30 14:10:55 barracks_status: 63
08/30 14:10:55 barracks_status: 63
08/30 14:10:55 cluster: 0
08/30 14:10:55 server_addr: "46.247.136.198:27015"
08/30 14:10:55 first_blood_time: 166
08/30 14:10:55 automatic_surrender: false
08/30 14:10:55 server_version: 6918
08/30 14:10:55 additional_msgs {
08/30 14:10:55   id: 8150
08/30 14:10:55   contents: "\010\'"
08/30 14:10:55 }
08/30 14:10:55 additional_msgs {
08/30 14:10:55   id: 8150
08/30 14:10:55   contents: "\0106"
08/30 14:10:55 }
08/30 14:10:55 average_networth_delta: 504
08/30 14:10:55 match_flags: 0
08/30 14:10:55 team_scores: 2
08/30 14:10:55 team_scores: 0
08/30 14:10:55 pre_game_duration: 90
08/30 14:10:55 extra_messages {
08/30 14:10:55   msg_type: 7545
08/30 14:10:55   contents: [removed]
08/30 14:10:55 }
08/30 14:10:55 winning_team: DOTA_GC_TEAM_GOOD_GUYS
08/30 14:10:55 
08/30 14:10:55 match_id: 8974086880
08/30 14:10:55 region_id: 4294967295
08/30 14:10:55 players {
08/30 14:10:55   account_id: 138966212
08/30 14:10:55   ip: 2130706433
08/30 14:10:55   avg_ping_ms: 70
08/30 14:10:55   packet_loss: 0
08/30 14:10:55   ping_deviation: 20.7899837
08/30 14:10:55   full_resends: 0
08/30 14:10:55 }
08/30 14:10:55 cluster_id: 0
08/30 14:10:55 
08/30 14:10:55 Sending CMsgConnectedPlayers for reason GAME_STATE.  Last send was 234.3s ago, urgency is 0.0s
08/30 14:10:55 game_state: DOTA_GAMERULES_STATE_POST_GAME
first_blood_happened: true
send_reason: GAME_STATE
radiant_kills: 2
dire_kills: 0
radiant_lead: 899
building_state: 4784201

08/30 14:10:55 [Localization System] CLocalize::FindSafe failed to localize: 'invalid index'
08/30 14:10:55 [GCClient] Send msg 7381 (k_EMsgGCGameMatchSignOutPermissionRequest), 26 bytes
08/30 14:10:55 [GCClient] Send msg 9113 (k_EMsgServerToGCWarningLowServerFramerate), 25 bytes
08/30 14:10:55 [GCClient] Send msg 7494 (k_EMsgServerToGCMatchConnectionStats), 48 bytes
08/30 14:10:55 [GCClient] Send msg 7034 (k_EMsgGCConnectedPlayers), 26 bytes
08/30 14:10:55 [Localization System] CLocalize::FindSafe failed to localize: 'invalid index'
08/30 14:10:55 C:Gamerules: entering state 'DOTA_GAMERULES_STATE_POST_GAME'
08/30 14:10:55 [Localization System] CLocalize::FindSafe failed to localize: 'invalid index'
08/30 14:10:55 [Client] CDOTA_Hud_Main::EventGameRulesStateChanged DOTA_GAMERULES_STATE_POST_GAME
08/30 14:10:55 [Client] CDOTA_Hud_Main::CreateGameEndScreen Creating GameEnd
08/30 14:10:55 [GCClient] Recv msg 7382 (k_EMsgGCGameMatchSignOutPermissionResponse), 19 bytes
08/30 14:10:55 [GCClient] Recv msg 26 (k_ESOMsg_UpdateMultiple), 310 bytes
08/30 14:10:55 --- CSODOTALobby.game_state: DOTA_GAMERULES_STATE_GAME_IN_PROGRESS
08/30 14:10:55 +++ CSODOTALobby.game_state: DOTA_GAMERULES_STATE_POST_GAME
08/30 14:10:55 SIGNOUT: Permission granted by GC.
08/30 14:10:55 [GCClient] Send msg 7004 (k_EMsgGCGameMatchSignOut), 1038 bytes
08/30 14:10:55 [GCClient] Recv msg 26 (k_ESOMsg_UpdateMultiple), 317 bytes
08/30 14:10:55 Telling Steam it is safe to update the app
08/30 14:10:55 [Localization System] CLocalize::FindSafe failed to localize: 'invalid index'
08/30 14:10:55 [GCClient] Recv msg 25 (k_ESOMsg_CacheUnsubscribed), 21 bytes
08/30 14:10:55 [SOCache] CGCSOCacheUnsubscribedJob(owner=<Lobby:29996980840739158>)
08/30 14:10:55 [Localization System] CLocalize::FindSafe failed to localize: 'invalid index'
08/30 14:10:55 [Localization System] CLocalize::FindSafe failed to localize: 'invalid index'
08/30 14:10:55 [GCClient] Recv msg 8081 (k_EMsgGCToClientMatchSignedOut), 14 bytes
08/30 14:10:55 WriteSteamRemoteStorageFileAsync( "cfg/stats.dat" ) -> at 1519.764
08/30 14:10:55 WriteSteamRemoteStorageFileAsync( "cfg/chat.cfg" ) -> at 1519.790
08/30 14:10:55 [GCClient] Send msg 7272 (k_EMsgGCLeaveChatChannel), 13 bytes
08/30 14:10:55 CAsyncWriteInProgress::OnComplete( "cfg/stats.dat" ) -> Success at 1519.805
08/30 14:10:55 [GCClient] Recv msg 7010 (k_EMsgGCJoinChatChannelResponse), 79 bytes
08/30 14:10:55 CAsyncWriteInProgress::OnComplete( "cfg/chat.cfg" ) -> Success at 1519.811
08/30 14:10:55 [GCClient] Recv msg 7005 (k_EMsgGCGameMatchSignOutResponse), 316 bytes
08/30 14:10:55 [GCClient] Recv msg 26 (k_ESOMsg_UpdateMultiple), 317 bytes
08/30 14:10:55 --- CSODOTALobby.state: RUN
08/30 14:10:55 +++ CSODOTALobby.state: POSTGAME
08/30 14:10:55 +++ CSODOTALobby.match_outcome: k_EMatchOutcome_RadVictory
08/30 14:10:55 +++ CSODOTALobby.match_duration: 401
08/30 14:10:55 SIGNOUT: Match signout message successfully sent.
08/30 14:10:55 CDOTAGCServerSystem:: Finished submitting MatchSignOutStats.  MatchID = 8974086880
08/30 14:10:55 Wrote Contribution Combat Segments: 7 segments
08/30 14:10:55 Wrote Contribution Unit Names: 1 names
08/30 14:10:55 Wrote Killing Blows: 2
08/30 14:10:55 Wrote Dispels: 0
08/30 14:10:55 CDOTAMatchPrivateMetadata size 11251
08/30 14:10:55 CDOTAMatchMetadataFile size 16528
08/30 14:10:55 [GCClient] Send msg 7534 (k_EMsgClientToGCGetProfileCard), 22 bytes
08/30 14:10:56 [GCClient] Recv msg 7014 (k_EMsgGCOtherLeftChannel), 26 bytes
08/30 14:10:56 [GCClient] Recv msg 7535 (k_EMsgClientToGCGetProfileCardResponse), 45 bytes
08/30 14:10:57 [GCClient] Recv msg 25 (k_ESOMsg_CacheUnsubscribed), 21 bytes
08/30 14:10:57 [SOCache] CGCSOCacheUnsubscribedJob(owner=<Lobby:29996980840739158>)
08/30 14:10:57 [Server] CDOTAGCServerSystem::SOChanged: Lobby object destroyed, so clearing the lobby while game rules is still in state DOTA_GAMERULES_STATE_POST_GAME(6).
08/30 14:10:57 Lobby object destroyed, previous lobby_id=29996980840739158, match_id=8974086880
08/30 14:11:30 CDOTAHLTVDirector::FinishRecording  m_szLastReplayFilename = replays/auto-20260830-1402-start-Pshe.dem
08/30 14:11:30 [HLTV Server] Completed SourceTV demo "replays/auto-20260830-1402-start-Pshe.dem":
	Recording time 572.4,
	Size 5617995 (327 per tick).
	Animation data size 118 (0 per tick).
08/30 14:11:30 CDOTAHLTVDirector::UploadReplay m_szLastReplayFilename = replays/auto-20260830-1402-start-Pshe.dem
08/30 14:11:30 Renamed replay replays/auto-20260830-1402-start-Pshe.dem to replays/8974086880.dem
08/30 14:11:31 [SteamNetSockets] Waited 3.4ms for SteamNetworkingSockets lock [GetSessionConnectionInfo]
08/30 14:11:38 [Client] CL:  disconnect hud disconnect
08/30 14:11:38 [Localization System] CLocalize::FindSafe failed to localize: 'invalid index'
08/30 14:11:38 [Client] Disconnected from server: NETWORK_DISCONNECT_DISCONNECT_BY_USER
08/30 14:11:38 [HLTV Server] SourceTV[0] shutting down (non-relay) due to server disconnecting game.
08/30 14:11:38 [HLTV Server] CHLTVServer::Shutdown
08/30 14:11:38 [Server] CNetworkGameServerBase::SetServerState (ss_active -> ss_dead)
08/30 14:11:38 [Server] SV:  Server shutting down: NETWORK_DISCONNECT_DISCONNECT_BY_USER (2)
08/30 14:11:38 [Server] CNetworkGameServerBase::SetServerState (ss_active -> ss_dead)
08/30 14:11:38 [Server] Disconnect client 'Pshe' from server: NETWORK_DISCONNECT_SHUTDOWN (Server shutdown)
08/30 14:11:38 [SignonState] Client 0 'Pshe' signon state SIGNONSTATE_FULL -> SIGNONSTATE_NONE
08/30 14:11:38 [NetSteamConn] CloseSteamNetConnection handle #4219985778 (userdata 1)
08/30 14:11:38 [NetSteamConn] Disassociating NetChan Pshe @  (unknown) from Steam Net Connection handle #4219985778 (userdata 1)
08/30 14:11:38 [Networking] Summary of connection [#4219985778 UDP steamid:76561198099231940@127.0.0.1:56326 'Pshe']:
08/30 14:11:38 [Networking]     End-to-end connection: connected
08/30 14:11:38 [Networking]         Current rates:
08/30 14:11:38 [Networking]             Sent:  29.6 pkts/sec   6.2 K/sec
08/30 14:11:38 [Networking]             Recv:  29.8 pkts/sec   4.4 K/sec
08/30 14:11:38 [Networking]             Ping:0ms    Max latency variance: 0.1ms
08/30 14:11:38 [Networking]             Quality:  100%  (Dropped:0.00%  WeirdSeq:0.00%)
08/30 14:11:38 [Networking]             Est avail bandwidth: 78.1KB/s  
08/30 14:11:38 [Networking]             Bytes buffered: 0
08/30 14:11:38 [Networking]         Lifetime stats:
08/30 14:11:38 [Networking]             Totals
08/30 14:11:38 [Networking]                 Sent:     18,030 pkts      11,124,918 bytes
08/30 14:11:38 [Networking]                 Recv:     17,747 pkts       2,590,872 bytes
08/30 14:11:38 [Networking]                 Recv w seq:     17,746 pkts
08/30 14:11:38 [Networking]                 Dropped   :          0 pkts   0.00%
08/30 14:11:38 [Networking]                 OutOfOrder:          0 pkts   0.00%
08/30 14:11:38 [Networking]                 OOOFixed  :          0 pkts   0.00%
08/30 14:11:38 [Networking]                 Duplicate :          0 pkts   0.00%
08/30 14:11:38 [Networking]                 SeqLurch  :          0 pkts   0.00%
08/30 14:11:38 [Networking]             Ping histogram: (17614 total samples)
08/30 14:11:38 [Networking]                      0-25    25-50    50-75   75-100  100-125  125-150  150-200  200-300     300+
08/30 14:11:38 [Networking]                     17614        0        0        0        0        0        0        0        0
08/30 14:11:38 [Networking]                    100.0%     0.0%     0.0%     0.0%     0.0%     0.0%     0.0%     0.0%     0.0%
08/30 14:11:38 [Networking]             Ping distribution:
08/30 14:11:38 [Networking]                 5th   50th   75th   95th   98th
08/30 14:11:38 [Networking]                 0ms    0ms    0ms    0ms    0ms
08/30 14:11:38 [Networking]             Connection quality histogram: (116 measurement intervals)
08/30 14:11:38 [Networking]                 perfect    99+  97-99  95-97  90-95  75-90  50-75    <50   dead
08/30 14:11:38 [Networking]                     116      0      0      0      0      0      0      0      0
08/30 14:11:38 [Networking]                  100.0%   0.0%   0.0%   0.0%   0.0%   0.0%   0.0%   0.0%   0.0%
08/30 14:11:38 [Networking]             Connection quality distribution:
08/30 14:11:38 [Networking]               50th  25th   5th   2nd
08/30 14:11:38 [Networking]               100%  100%  100%  100%
08/30 14:11:38 [Networking]             Latency variance histogram: (17743 total measurements)
08/30 14:11:38 [Networking]                       <1     1-2     2-5    5-10   10-20     >20
08/30 14:11:38 [Networking]                    17743       0       0       0       0       0
08/30 14:11:38 [Networking]                   100.0%    0.0%    0.0%    0.0%    0.0%    0.0%
08/30 14:11:38 [Networking]         Rate stats received from remote host 5.2s ago:
08/30 14:11:38 [Networking]             Sent:  30.1 pkts/sec   4.4 K/sec
08/30 14:11:38 [Networking]             Recv:  29.9 pkts/sec   6.3 K/sec
08/30 14:11:38 [Networking]             Ping:0ms    Max latency variance: 0.2ms
08/30 14:11:38 [Networking]             Quality:  100%  (Dropped:0.00%  WeirdSeq:0.00%)
08/30 14:11:38 [Networking]             Bytes buffered: 0
08/30 14:11:38 [Networking]         Lifetime stats received from remote host 106.0s ago:
08/30 14:11:38 [Networking]             Totals
08/30 14:11:38 [Networking]                 Sent:     14,567 pkts       2,119,680 bytes
08/30 14:11:38 [Networking]                 Recv:     14,804 pkts       9,246,720 bytes
08/30 14:11:38 [Networking]                 Recv w seq:     14,802 pkts
08/30 14:11:38 [Networking]                 Dropped   :          0 pkts   0.00%
08/30 14:11:38 [Networking]                 OutOfOrder:          0 pkts   0.00%
08/30 14:11:38 [Networking]                 OOOFixed  :          0 pkts   0.00%
08/30 14:11:38 [Networking]                 Duplicate :          0 pkts   0.00%
08/30 14:11:38 [Networking]                 SeqLurch  :          0 pkts   0.00%
08/30 14:11:38 [Networking]             Ping histogram: (14436 total samples)
08/30 14:11:38 [Networking]                      0-25    25-50    50-75   75-100  100-125  125-150  150-200  200-300     300+
08/30 14:11:38 [Networking]                     14436        0        0        0        0        0        0        0        0
08/30 14:11:38 [Networking]                    100.0%     0.0%     0.0%     0.0%     0.0%     0.0%     0.0%     0.0%     0.0%
08/30 14:11:38 [Networking]             Ping distribution:
08/30 14:11:38 [Networking]                 5th   50th   75th   95th   98th
08/30 14:11:38 [Networking]                 0ms    0ms    0ms    0ms    0ms
08/30 14:11:38 [Networking]             Connection quality histogram: (95 measurement intervals)
08/30 14:11:38 [Networking]                 perfect    99+  97-99  95-97  90-95  75-90  50-75    <50   dead
08/30 14:11:38 [Networking]                      95      0      0      0      0      0      0      0      0
08/30 14:11:38 [Networking]                  100.0%   0.0%   0.0%   0.0%   0.0%   0.0%   0.0%   0.0%   0.0%
08/30 14:11:38 [Networking]             Connection quality distribution:
08/30 14:11:38 [Networking]               50th  25th   5th   2nd
08/30 14:11:38 [Networking]               100%  100%  100%  100%
08/30 14:11:38 [Networking]             Latency variance histogram: (14798 total measurements)
08/30 14:11:38 [Networking]                       <1     1-2     2-5    5-10   10-20     >20
08/30 14:11:38 [Networking]                    14798       0       0       0       0       0
08/30 14:11:38 [Networking]                   100.0%    0.0%    0.0%    0.0%    0.0%    0.0%
08/30 14:11:38 [Networking]     
08/30 14:11:38 [SteamNetSockets] [#4219985778 UDP steamid:76561198099231940@127.0.0.1:56326 'Pshe'] closed by app, linger requested but not needed (1001) NETWORK_DISCONNECT_SHUTDOWN
08/30 14:11:38 [NetSteamConn] Removing Steam Net Connection for 127.0.0.1:56326, handle #4219985778
08/30 14:11:38 [SteamNetSockets] [#986647326 UDP steamid:90291853462840345@127.0.0.1:27015 'server'] closed by peer (1001): NETWORK_DISCONNECT_SHUTDOWN
08/30 14:11:38 CPlayerVoiceListener::PostSpawnGroupUnload()
08/30 14:11:38 [Server] SV:  AsyncUnloadSpawnGroup( 7 ) -- no such group
08/30 14:11:38 [Server] SV:  AsyncUnloadSpawnGroup( 8 ) -- no such group
08/30 14:11:38 CPlayerVoiceListener::PostSpawnGroupUnload()
08/30 14:11:38 CPlayerVoiceListener::PostSpawnGroupUnload()
08/30 14:11:38 CPlayerVoiceListener::PostSpawnGroupUnload()
08/30 14:11:38 CPlayerVoiceListener::PostSpawnGroupUnload()
08/30 14:11:38 CPlayerVoiceListener::PostSpawnGroupUnload()
08/30 14:11:38 [Server] CSteam3ServerS1::ShutdownGameServer
08/30 14:11:38 [Networking] CNetworkSystem::ShutdownGameServer
08/30 14:11:38 [Networking] Closing 'server' UDP listen socket
08/30 14:11:38 [Networking] Closing 'server' P2P listen socket
08/30 14:11:38 [Networking] Closing 'server' poll group
08/30 14:11:38 [Networking] Closing 'hltv' UDP listen socket
08/30 14:11:38 [Networking] Closing 'hltv' P2P listen socket
08/30 14:11:38 [Networking] Closing 'hltv' poll group
08/30 14:11:38 [Server] CSource2Server::GameServerSteamAPIDeactivated()
08/30 14:11:38 [Client] Disconnecting from server: NETWORK_DISCONNECT_DISCONNECT_BY_USER
08/30 14:11:38 [NetSteamConn] Closing Steam Net Connection on socket 'client' to 127.0.0.1:27015, handle #986647326 (1002 NETWORK_DISCONNECT_DISCONNECT_BY_USER)
08/30 14:11:38 [NetSteamConn] CloseSteamNetConnection handle #986647326 (userdata 0)
08/30 14:11:38 [NetSteamConn] Disassociating NetChan server @  (unknown) from Steam Net Connection handle #986647326 (userdata 0)
08/30 14:11:38 [Networking] Summary of connection [#986647326 UDP steamid:90291853462840345@127.0.0.1:27015 'server']:
08/30 14:11:38 [Networking]     End-to-end connection: closed by remote host, reason code 1001.  (NETWORK_DISCONNECT_SHUTDOWN)
08/30 14:11:38 [Networking]         Current rates:
08/30 14:11:38 [Networking]             Sent:  29.8 pkts/sec   4.4 K/sec
08/30 14:11:38 [Networking]             Recv:  29.8 pkts/sec   6.2 K/sec
08/30 14:11:38 [Networking]             Ping:0ms    Max latency variance: 0.1ms
08/30 14:11:38 [Networking]             Quality:  100%  (Dropped:0.00%  WeirdSeq:0.00%)
08/30 14:11:38 [Networking]             Est avail bandwidth: 78.1KB/s  
08/30 14:11:38 [Networking]             Bytes buffered: 0
08/30 14:11:38 [Networking]         Lifetime stats:
08/30 14:11:38 [Networking]             Totals
08/30 14:11:38 [Networking]                 Sent:     17,749 pkts       2,591,395 bytes
08/30 14:11:38 [Networking]                 Recv:     18,032 pkts      11,125,456 bytes
08/30 14:11:38 [Networking]                 Recv w seq:     18,029 pkts
08/30 14:11:38 [Networking]                 Dropped   :          0 pkts   0.00%
08/30 14:11:38 [Networking]                 OutOfOrder:          0 pkts   0.00%
08/30 14:11:38 [Networking]                 OOOFixed  :          0 pkts   0.00%
08/30 14:11:38 [Networking]                 Duplicate :          0 pkts   0.00%
08/30 14:11:38 [Networking]                 SeqLurch  :          0 pkts   0.00%
08/30 14:11:38 [Networking]             Ping histogram: (17616 total samples)
08/30 14:11:38 [Networking]                      0-25    25-50    50-75   75-100  100-125  125-150  150-200  200-300     300+
08/30 14:11:38 [Networking]                     17616        0        0        0        0        0        0        0        0
08/30 14:11:38 [Networking]                    100.0%     0.0%     0.0%     0.0%     0.0%     0.0%     0.0%     0.0%     0.0%
08/30 14:11:38 [Networking]             Ping distribution:
08/30 14:11:38 [Networking]                 5th   50th   75th   95th   98th
08/30 14:11:38 [Networking]                 0ms    0ms    0ms    0ms    0ms
08/30 14:11:38 [Networking]             Connection quality histogram: (116 measurement intervals)
08/30 14:11:38 [Networking]                 perfect    99+  97-99  95-97  90-95  75-90  50-75    <50   dead
08/30 14:11:38 [Networking]                     116      0      0      0      0      0      0      0      0
08/30 14:11:38 [Networking]                  100.0%   0.0%   0.0%   0.0%   0.0%   0.0%   0.0%   0.0%   0.0%
08/30 14:11:38 [Networking]             Connection quality distribution:
08/30 14:11:38 [Networking]               50th  25th   5th   2nd
08/30 14:11:38 [Networking]               100%  100%  100%  100%
08/30 14:11:38 [Networking]             Latency variance histogram: (18025 total measurements)
08/30 14:11:38 [Networking]                       <1     1-2     2-5    5-10   10-20     >20
08/30 14:11:38 [Networking]                    18025       0       0       0       0       0
08/30 14:11:38 [Networking]                   100.0%    0.0%    0.0%    0.0%    0.0%    0.0%
08/30 14:11:38 [Networking]         Rate stats received from remote host 5.1s ago:
08/30 14:11:38 [Networking]             Sent:  30.1 pkts/sec   6.3 K/sec
08/30 14:11:38 [Networking]             Recv:  30.1 pkts/sec   4.4 K/sec
08/30 14:11:38 [Networking]             Ping:0ms    Max latency variance: 0.2ms
08/30 14:11:38 [Networking]             Quality:  100%  (Dropped:0.00%  WeirdSeq:0.00%)
08/30 14:11:38 [Networking]             Bytes buffered: 0
08/30 14:11:38 [Networking]         Lifetime stats received from remote host 106.0s ago:
08/30 14:11:38 [Networking]             Totals
08/30 14:11:38 [Networking]                 Sent:     14,805 pkts       9,248,768 bytes
08/30 14:11:38 [Networking]                 Recv:     14,569 pkts       2,119,680 bytes
08/30 14:11:38 [Networking]                 Recv w seq:     14,568 pkts
08/30 14:11:38 [Networking]                 Dropped   :          0 pkts   0.00%
08/30 14:11:38 [Networking]                 OutOfOrder:          0 pkts   0.00%
08/30 14:11:38 [Networking]                 OOOFixed  :          0 pkts   0.00%
08/30 14:11:38 [Networking]                 Duplicate :          0 pkts   0.00%
08/30 14:11:38 [Networking]                 SeqLurch  :          0 pkts   0.00%
08/30 14:11:38 [Networking]             Ping histogram: (14437 total samples)
08/30 14:11:38 [Networking]                      0-25    25-50    50-75   75-100  100-125  125-150  150-200  200-300     300+
08/30 14:11:38 [Networking]                     14437        0        0        0        0        0        0        0        0
08/30 14:11:38 [Networking]                    100.0%     0.0%     0.0%     0.0%     0.0%     0.0%     0.0%     0.0%     0.0%
08/30 14:11:38 [Networking]             Ping distribution:
08/30 14:11:38 [Networking]                 5th   50th   75th   95th   98th
08/30 14:11:38 [Networking]                 0ms    0ms    0ms    0ms    0ms
08/30 14:11:38 [Networking]             Connection quality histogram: (95 measurement intervals)
08/30 14:11:38 [Networking]                 perfect    99+  97-99  95-97  90-95  75-90  50-75    <50   dead
08/30 14:11:38 [Networking]                      95      0      0      0      0      0      0      0      0
08/30 14:11:38 [Networking]                  100.0%   0.0%   0.0%   0.0%   0.0%   0.0%   0.0%   0.0%   0.0%
08/30 14:11:38 [Networking]             Connection quality distribution:
08/30 14:11:38 [Networking]               50th  25th   5th   2nd
08/30 14:11:38 [Networking]               100%  100%  100%  100%
08/30 14:11:38 [Networking]             Latency variance histogram: (14565 total measurements)
08/30 14:11:38 [Networking]                       <1     1-2     2-5    5-10   10-20     >20
08/30 14:11:38 [Networking]                    14565       0       0       0       0       0
08/30 14:11:38 [Networking]                   100.0%    0.0%    0.0%    0.0%    0.0%    0.0%
08/30 14:11:38 [Networking]     
08/30 14:11:38 [NetSteamConn] Removing Steam Net Connection for 127.0.0.1:27015, handle #986647326
08/30 14:11:38 [Networking] Closing 'client' poll group
08/30 14:11:38 [HostStateManager] CHostStateMgr::QueueNewRequest( Idle (levelload), 5 )
08/30 14:11:38 [HostStateManager] HostStateRequest::Start(HSR_IDLE):  loop(levelload) id(5) addons() desc(Idle (levelload))
08/30 14:11:38 [EngineServiceManager] SwitchToLoop levelload requested:  id [5] addons []
08/30 14:11:38 [Client] CL:  IGameSystem::LoopDeactivateAllSystems {
08/30 14:11:38 WriteSteamRemoteStorageFileAsync( "scripts/control_groups.txt" ) -> at 1562.591
08/30 14:11:38 WriteSteamRemoteStorageFileAsync( "scripts/item_suggest_preference.txt" ) -> at 1562.591
08/30 14:11:38 [Client] CL:  } IGameSystem::LoopDeactivateAllSystems done
08/30 14:11:38 [stringtables] Client: CNetworkStringTableContainer::RemoveAllTables:  removing 19 tables
08/30 14:11:38 [Server] SV:  IGameSystem::LoopDeactivateAllSystems {
08/30 14:11:38 [Host] HO:  IGameSystem::LoopDeactivateAllSystems {
08/30 14:11:38 [Host] HO:  } IGameSystem::LoopDeactivateAllSystems done
08/30 14:11:38 [Server] SV:  } IGameSystem::LoopDeactivateAllSystems done
08/30 14:11:38 [stringtables] SV: CNetworkStringTableContainer::RemoveAllTables:  removing 19 tables
08/30 14:11:38 [stringtables] CL: CNetworkStringTableContainer::RemoveAllTables:  removing 19 tables
08/30 14:11:38 ILocalize::AddFile() failed to load file "resource/localization/broadcastfacts_english.txt".
08/30 14:11:38 [Client] CL:  CGameRulesGameSystem::GameShutdown uninstalled game rules
08/30 14:11:38 [Client] CL:  CGameRules::CGameRules destructed
08/30 14:11:38 [Client]Skipping setup of already loaded game keyvalues. (base game)
08/30 14:11:38 WriteSteamRemoteStorageFileAsync( "voice_ban.dt" ) -> at 1562.902
08/30 14:11:38 CPlayerVoiceListener::GameShutdown()
08/30 14:11:38 [Server] SV:  CGameRulesGameSystem::GameShutdown uninstalled game rules
08/30 14:11:38 [Server] SV:  CGameRules::CGameRules destructed
08/30 14:11:38 [Server]Skipping setup of already loaded game keyvalues. (base game)
08/30 14:11:38 ChangeGameUIState: DOTA_GAME_UI_DOTA_INGAME -> DOTA_GAME_UI_STATE_LOADING_SCREEN
08/30 14:11:38 [Client] LoadingDisplay changed from NONE to LOADING (map="")
08/30 14:11:38 [HostStateManager] Host activate: Idle (levelload)
08/30 14:11:38 CAsyncWriteInProgress::OnComplete( "scripts/control_groups.txt" ) -> Success at 1562.929
08/30 14:11:38 CAsyncWriteInProgress::OnComplete( "scripts/item_suggest_preference.txt" ) -> Success at 1562.929
08/30 14:11:38 CAsyncWriteInProgress::OnComplete( "voice_ban.dt" ) -> Success at 1562.929
08/30 14:11:38 [NetSteamConn] Steam Net connection #986647326 UDP steamid:90291853462840345@127.0.0.1:27015 'server' closed by peer, reason 1001: NETWORK_DISCONNECT_SHUTDOWN
08/30 14:11:38 [NetSteamConn] CloseSteamNetConnection handle #986647326 (userdata -1)
08/30 14:11:38 [Client] CL:  CLoopModeLevelLoad::MaybeSwitchToGameLoop switching to "game" loopmode with addons ()
08/30 14:11:38 [EngineServiceManager] SwitchToLoop game requested:  id [5] addons []
08/30 14:11:39 [GCClient] Send msg 2569 (k_EMsgClientToGCEquipItems), 33 bytes
08/30 14:11:39 **** Panel MainObjectivesTitle has fill-parent-flow for width, but isn't in a flowing right layout
08/30 14:11:39 **** Panel SideObjectivesTitle has fill-parent-flow for width, but isn't in a flowing right layout
08/30 14:11:39 [ResourceSystem] Failed loading resource "panorama/images/spellicons/dota_base_ability_png.vtex_c" (ERROR_FILEOPEN: File not found)
08/30 14:11:39 [Server] CNetworkGameServerBase::SetServerState (ss_dead -> ss_waitingforgamesessionmanifest)
08/30 14:11:39 [Server] SV:  maxplayers set to 1
08/30 14:11:39 Initializing script VM...
08/30 14:11:39 ...done
08/30 14:11:39 CPlayerVoiceListener::GameInit()
08/30 14:11:39 [GCClient] Recv msg 26 (k_ESOMsg_UpdateMultiple), 94 bytes
08/30 14:11:39 [GCClient] Recv msg 2570 (k_EMsgClientToGCEquipItemsResponse), 26 bytes
08/30 14:11:39 **** Panel TimeRangeSlider has fill-parent-flow for width, but isn't in a flowing right layout
08/30 14:11:39 **** Panel TimeScrubSlider has fill-parent-flow for width, but isn't in a flowing right layout
08/30 14:11:39 **** Panel SliderAndMarkers has fill-parent-flow for width, but isn't in a flowing right layout
08/30 14:11:39 **** Panel TimeScrubSlider has fill-parent-flow for width, but isn't in a flowing right layout
08/30 14:11:39 [ResourceSystem] Failed loading resource "materials/sprites/blueglow1.vmat_c" (ERROR_FILEOPEN: File not found)
08/30 14:11:39 [Server] SV:  Spawn Server: <empty>
08/30 14:11:39 [Server] CNetworkGameServerBase::SetServerState (ss_waitingforgamesessionmanifest -> ss_loading)
08/30 14:11:39 [Server] CNetworkGameServerBase::SetServerState (ss_loading -> ss_active)
08/30 14:11:39 [Client] CL:  CWaitForGameServerStartupPrerequisite done waiting for server
08/30 14:11:39 [Client] CL:  CCreateGameClientJob creating client connection to 'loopback'
08/30 14:11:39 [SteamNetSockets] [#2603469328 pipe] connected
08/30 14:11:39 [SteamNetSockets] [#2138600588 pipe] connected
08/30 14:11:39 [Networking] Created poll group for socket 'client'
08/30 14:11:39 [Networking] Created poll group for socket 'server'
08/30 14:11:39 [Networking] Connected loopback client=9b2dca10@loopback:1 <-> server=7f78748c@loopback:0
08/30 14:11:39 [Client] Tick packet desired receive margin now 5.0ms.  cl_tickpacket_recvmargin_desired=5  cl_tickpacket_desired_queuelength=0.  engine_frametime_warnings_enable=1, cl_async_usercmd_send=1
08/30 14:11:39 [NetSteamConn] Associating NetChan Pshe @ loopback:0 (loopback:0) with Steam Net Connection handle #2138600588 (userdata 0)
08/30 14:11:39 [NetSteamConn] Associating NetChan server @ loopback:1 (loopback:1) with Steam Net Connection handle #2603469328 (userdata 1)
08/30 14:11:39 [Client] CL:  Connected to 'loopback:1'
08/30 14:11:39 [Server] Client 0 'Pshe' setting rate to 80000
08/30 14:11:39 [Client] Game: "Dota 2"
08/30 14:11:39 [Client] Map: "<empty>"
08/30 14:11:39 [Client] Players: 1 (0 bots) / 1 humans
08/30 14:11:39 [Client] Build: 10835 (revision 10949923)
08/30 14:11:39 [Client] Server Number: 7
08/30 14:11:39 [SignonState] CL:  CNetworkGameClient::ProcessServerInfo
08/30 14:11:39 ReadSteamRemoteStorageFile( bufOut, "voice_ban.dt" ) -> 0.000834 seconds
08/30 14:11:39 [Client] CNetworkGameClient::ProcessClassInfo: create on client true
08/30 14:11:39 [Client] CNetworkGameClient::ProcessClassInfo: creating client serializers from local server serializers (crc 0, server api exists)
08/30 14:11:39 [Client] Client missing networkable entity class CPhysMagnet
08/30 14:11:39 [Client] Client missing networkable entity class CSpotlightEnd
08/30 14:11:39 [Client] CNetworkGameClientBase::LinkClasses took 129.780 msec
08/30 14:11:41 [Client] CL:  CGameClientConnectPrerequisite connection succeeded
08/30 14:11:41 ChangeGameUIState: DOTA_GAME_UI_STATE_LOADING_SCREEN -> DOTA_GAME_UI_STATE_DASHBOARD
08/30 14:11:41 [Client] LoadingDisplay changed from LOADING to NONE (map="<empty>")
08/30 14:11:41 CDOTA_DB_Page_Post_Game_Hero_Stats::PopulateHeroStatsForSlot No player data
08/30 14:11:41 CDOTA_DB_Page_Post_Game_Hero_Stats::PopulateHeroStatsForSlot No player data
08/30 14:11:41 [Server] SV:  IGameSystem::LoopActivateAllSystems {
08/30 14:11:41 [Host] HO:  IGameSystem::LoopActivateAllSystems {
08/30 14:11:41 [Host] HO:  } IGameSystem::LoopActivateAllSystems done
08/30 14:11:41 [Server] SV:  } IGameSystem::LoopActivateAllSystems done
08/30 14:11:41 [Server] SV:  Game started
08/30 14:11:41 [Client] CL:  IGameSystem::LoopActivateAllSystems {
08/30 14:11:41 ReadSteamRemoteStorageFile( bufOut, "scripts/control_groups.txt" ) -> 0.000761 seconds
08/30 14:11:41 ReadSteamRemoteStorageFile( bufOut, "scripts/item_suggest_preference.txt" ) -> 0.000486 seconds
08/30 14:11:41 [Client] CL:  } IGameSystem::LoopActivateAllSystems done
08/30 14:11:41 [SignonState] CL:  CNetworkGameClient::OnSwitchLoopModeFinished( game : success )
08/30 14:11:41 [GCClient] Send msg 7197 (k_EMsgGCMatchmakingStatsRequest), 8 bytes
08/30 14:11:41 [GCClient] Send msg 8800 (k_EMsgClientToGCGetAvailablePrivateCoachingSessionsSummary), 17 bytes
08/30 14:11:41 [GCClient] Send msg 9107 (k_EMsgClientToGCGetEventRanking), 24 bytes
08/30 14:11:41 [Server] SV:  Sending full update to client Pshe (reason:  initial update)
08/30 14:11:41 [Client] CNetworkGameClientBase::OnReceivedUncompressedPacket(), received full update
08/30 14:11:41 [Prediction] Resetting prediction state because we received a full update
08/30 14:11:41 [Client] Receiving 0.0K non-incremental update from server
08/30 14:11:41 [Networking] server @ loopback:1:  NetChan Setting Timeout to 30.00 seconds
08/30 14:11:41 [Client] CL:  Signon traffic "server":  incoming 18.734 KB [149 netframes], outgoing 2.482 KB [148 netframes]
08/30 14:11:41 [GCClient] Send msg 8034 (k_EMsgClientToGCGetProfileCardStats), 17 bytes
08/30 14:11:41 Job CAsyncDataCache::RequestCurrentData has spent >3.000ms without yielding: 8.300ms
08/30 14:11:41 [Networking] Pshe @ loopback:0:  NetChan Setting Timeout to 20.00 seconds
08/30 14:11:41 [GCClient] Send msg 8673 (k_EMsgClientToGCRequestGuildData), 19 bytes
08/30 14:11:41 Encountered unrecognized client entity in portrait map - env_deferred_spot_light
08/30 14:11:41 [ResourceSystem] WARNING: RESOURCE_TYPE_MATERIAL resource 'materials/stickers/season_13/players/materials/sticker_13_218231587_3_cmat.vmat' (0D54005D2A5ADC1C) requested but is not in the system. (Missing from from a manifest?)
08/30 14:11:41 [ResourceSystem] WARNING: RESOURCE_TYPE_MATERIAL resource 'materials/stickers/season_13/players/materials/sticker_13_847565596_2_cmat.vmat' (41B1C45E6D12495C) requested but is not in the system. (Missing from from a manifest?)
08/30 14:11:41 [ResourceSystem] WARNING: RESOURCE_TYPE_MATERIAL resource 'materials/stickers/season_13/players/materials/sticker_13_302214028_1_cmat.vmat' (19F7213469274F4E) requested but is not in the system. (Missing from from a manifest?)
08/30 14:11:41 [ResourceSystem] WARNING: RESOURCE_TYPE_MATERIAL resource 'materials/stickers/season_13/players/materials/sticker_13_106305042_0_cmat.vmat' (F6EED31B266215DD) requested but is not in the system. (Missing from from a manifest?)
08/30 14:11:41 [GCClient] Recv msg 8801 (k_EMsgClientToGCGetAvailablePrivateCoachingSessionsSummaryResponse), 23 bytes
08/30 14:11:41 [GCClient] Recv msg 9108 (k_EMsgClientToGCGetEventRankingResponse), 38 bytes
08/30 14:11:41 [GCClient] Recv msg 8035 (k_EMsgClientToGCGetProfileCardStatsResponse), 69 bytes
08/30 14:11:41 [GCClient] Recv msg 8674 (k_EMsgClientToGCRequestGuildDataResponse), 19 bytes
08/30 14:11:41 [ResourceSystem] Failed loading resource "panorama/images/items/dota_base_ability_png.vtex_c" (ERROR_FILEOPEN: File not found)
08/30 14:11:42 [GCClient] Recv msg 7198 (k_EMsgGCMatchmakingStatsResponse), 311 bytes
08/30 14:12:21 [InputSystem] Processing SDL events took 98.5ms
08/30 14:12:21 [HostStateManager] CHostStateMgr::QueueNewRequest( Quitting, 6 )
08/30 14:12:21 WriteSteamRemoteStorageFileAsync( "cfg/dotakeys_personal.lst" ) -> at 1605.516
08/30 14:12:21 [RenderSystem] Saved video settings config to 'cfg\video.txt'
08/30 14:12:21 [Vfx] No valid vcs file found for shader generic.vfx
08/30 14:12:21 [MaterialSystem] CMaterial2::LoadShadersAndSetupModes(1598): Error creating shader generic.vfx for material dev/panorama_world_panel_lit_default.vmat!
08/30 14:12:21 [Vfx] No valid vcs file found for shader generic.vfx
08/30 14:12:21 [MaterialSystem] CMaterial2::LoadShadersAndSetupModes(1598): Error creating shader generic.vfx for material dev/panorama_world_panel_lit_default.vmat!
08/30 14:12:21 [Vfx] No valid vcs file found for shader generic.vfx
08/30 14:12:21 [MaterialSystem] CMaterial2::LoadShadersAndSetupModes(1598): Error creating shader generic.vfx for material dev/panorama_world_panel_lit_default.vmat!
08/30 14:12:21 [Vfx] No valid vcs file found for shader generic.vfx
08/30 14:12:21 [MaterialSystem] CMaterial2::LoadShadersAndSetupModes(1598): Error creating shader generic.vfx for material dev/panorama_world_panel_lit_default.vmat!
08/30 14:12:21 [Vfx] No valid vcs file found for shader generic.vfx
08/30 14:12:21 [MaterialSystem] CMaterial2::LoadShadersAndSetupModes(1598): Error creating shader generic.vfx for material materials/dev/primary_white.vmat!
08/30 14:12:21 [Vfx] No valid vcs file found for shader generic.vfx
08/30 14:12:21 [MaterialSystem] CMaterial2::LoadShadersAndSetupModes(1598): Error creating shader generic.vfx for material materials/dev/primary_white.vmat!
08/30 14:12:21 [Vfx] No valid vcs file found for shader generic.vfx
08/30 14:12:21 [MaterialSystem] CMaterial2::LoadShadersAndSetupModes(1598): Error creating shader generic.vfx for material materials/dev/primary_white.vmat!
08/30 14:12:21 [Vfx] No valid vcs file found for shader generic.vfx
08/30 14:12:21 [MaterialSystem] CMaterial2::LoadShadersAndSetupModes(1598): Error creating shader generic.vfx for material materials/dev/primary_white.vmat!
08/30 14:12:21 [Vfx] No valid vcs file found for shader generic.vfx
08/30 14:12:21 [MaterialSystem] CMaterial2::LoadShadersAndSetupModes(1598): Error creating shader generic.vfx for material dev/point_worldtext_default_background.vmat!
08/30 14:12:21 [Vfx] No valid vcs file found for shader generic.vfx
08/30 14:12:21 [MaterialSystem] CMaterial2::LoadShadersAndSetupModes(1598): Error creating shader generic.vfx for material dev/point_worldtext_default_background.vmat!
08/30 14:12:21 [Vfx] No valid vcs file found for shader generic.vfx
08/30 14:12:21 [MaterialSystem] CMaterial2::LoadShadersAndSetupModes(1598): Error creating shader generic.vfx for material dev/point_worldtext_default_background.vmat!
08/30 14:12:21 [Vfx] No valid vcs file found for shader generic.vfx
08/30 14:12:21 [MaterialSystem] CMaterial2::LoadShadersAndSetupModes(1598): Error creating shader generic.vfx for material dev/point_worldtext_default_background.vmat!
08/30 14:12:21 [Vfx] No valid vcs file found for shader generic.vfx
08/30 14:12:21 [MaterialSystem] CMaterial2::LoadShadersAndSetupModes(1598): Error creating shader generic.vfx for material dev/panorama_world_panel_lit_opaque.vmat!
08/30 14:12:21 [Vfx] No valid vcs file found for shader generic.vfx
08/30 14:12:21 [MaterialSystem] CMaterial2::LoadShadersAndSetupModes(1598): Error creating shader generic.vfx for material dev/panorama_world_panel_lit_opaque.vmat!
08/30 14:12:21 [Vfx] No valid vcs file found for shader generic.vfx
08/30 14:12:21 [MaterialSystem] CMaterial2::LoadShadersAndSetupModes(1598): Error creating shader generic.vfx for material dev/panorama_world_panel_lit_opaque.vmat!
08/30 14:12:21 [Vfx] No valid vcs file found for shader generic.vfx
08/30 14:12:21 [MaterialSystem] CMaterial2::LoadShadersAndSetupModes(1598): Error creating shader generic.vfx for material dev/panorama_world_panel_lit_opaque.vmat!
08/30 14:12:21 [Vfx] No valid vcs file found for shader generic.vfx
08/30 14:12:21 [MaterialSystem] CMaterial2::LoadShadersAndSetupModes(1598): Error creating shader generic.vfx for material materials/dev/luminaire.vmat!
08/30 14:12:21 [Vfx] No valid vcs file found for shader generic.vfx
08/30 14:12:21 [MaterialSystem] CMaterial2::LoadShadersAndSetupModes(1598): Error creating shader generic.vfx for material materials/dev/luminaire.vmat!
08/30 14:12:21 [Vfx] No valid vcs file found for shader generic.vfx
08/30 14:12:21 [MaterialSystem] CMaterial2::LoadShadersAndSetupModes(1598): Error creating shader generic.vfx for material materials/dev/luminaire.vmat!
08/30 14:12:21 [Vfx] No valid vcs file found for shader generic.vfx
08/30 14:12:21 [MaterialSystem] CMaterial2::LoadShadersAndSetupModes(1598): Error creating shader generic.vfx for material materials/dev/luminaire.vmat!
08/30 14:12:21 CAsyncWriteInProgress::OnComplete( "cfg/dotakeys_personal.lst" ) -> Success at 1605.707
08/30 14:12:21 [HostStateManager] HostStateRequest::Start(HSR_QUIT)
08/30 14:12:21 Excessive frame time of 297.82ms clamped.  Acting as if the frame only took 100.00ms.  (Last amnesty was 'SDL_EVENT(0x20e)', 0.45s ago)
08/30 14:12:21 [HostStateManager] CHostStateMgr::QueueNewRequest( Quitting, 7 )
08/30 14:12:21 [SplitScreen] Writing configuration for slot 0
08/30 14:12:21 [SplitScreen] Saved 'user_keys.vcfg' to SteamRemoteStorage, 127 bytes OK
08/30 14:12:21 [SplitScreen] Saved user config file 'cfg/user_keys_0_slot0.vcfg': type 1
08/30 14:12:21 [SplitScreen] Saved user config file 'cfg/user_keys_0_slot0.vcfg_lastclouded': type 3
08/30 14:12:21 [SplitScreen] Saved 'user_convars.vcfg' to SteamRemoteStorage, 12170 bytes OK
08/30 14:12:21 [SplitScreen] Saved user config file 'cfg/user_convars_0_slot0.vcfg': type 1
08/30 14:12:21 [SplitScreen] Saved user config file 'cfg/user_convars_0_slot0.vcfg_lastclouded': type 3
08/30 14:12:21 [Client] Disconnecting from server: NETWORK_DISCONNECT_EXITING
08/30 14:12:21 [NetSteamConn] Closing Steam Net Connection on socket 'client' to loopback:1, handle #2603469328 (1059 NETWORK_DISCONNECT_EXITING)
08/30 14:12:21 [NetSteamConn] CloseSteamNetConnection handle #2603469328 (userdata 1)
08/30 14:12:21 [NetSteamConn] Disassociating NetChan server @  (unknown) from Steam Net Connection handle #2603469328 (userdata 1)
08/30 14:12:21 [SteamNetSockets] [#2603469328 pipe 'server'] closed by app, linger requested but not needed (1059) NETWORK_DISCONNECT_EXITING
08/30 14:12:21 [SteamNetSockets] [#2138600588 pipe 'Pshe'] closed by peer (1059): NETWORK_DISCONNECT_EXITING
08/30 14:12:21 [NetSteamConn] Removing Steam Net Connection for loopback:1, handle #2603469328
08/30 14:12:21 [Networking] Closing 'client' poll group
08/30 14:12:21 [Server] SV:  Server shutting down: NETWORK_DISCONNECT_EXITING (59)
08/30 14:12:21 [Server] CNetworkGameServerBase::SetServerState (ss_active -> ss_dead)
08/30 14:12:21 [Server] Disconnect client 'Pshe' from server: NETWORK_DISCONNECT_SHUTDOWN (Server shutdown)
08/30 14:12:21 [SignonState] Client 0 'Pshe' signon state SIGNONSTATE_FULL -> SIGNONSTATE_NONE
08/30 14:12:21 [NetSteamConn] Closing Steam Net Connection on socket 'server' to loopback:0, handle #2138600588 (1001 NETWORK_DISCONNECT_SHUTDOWN)
08/30 14:12:21 [NetSteamConn] CloseSteamNetConnection handle #2138600588 (userdata 0)
08/30 14:12:21 [NetSteamConn] Disassociating NetChan Pshe @  (unknown) from Steam Net Connection handle #2138600588 (userdata 0)
08/30 14:12:21 [NetSteamConn] Removing Steam Net Connection for loopback:0, handle #2138600588
08/30 14:12:21 CPlayerVoiceListener::PostSpawnGroupUnload()
08/30 14:12:21 [Networking] Closing 'server' poll group
08/30 14:12:21 [Client] CL:  IGameSystem::LoopDeactivateAllSystems {
08/30 14:12:21 WriteSteamRemoteStorageFileAsync( "scripts/control_groups.txt" ) -> at 1605.759
08/30 14:12:21 WriteSteamRemoteStorageFileAsync( "scripts/item_suggest_preference.txt" ) -> at 1605.759
08/30 14:12:21 [Client] CL:  } IGameSystem::LoopDeactivateAllSystems done
08/30 14:12:21 [stringtables] CL: CNetworkStringTableContainer::RemoveAllTables:  removing 19 tables
08/30 14:12:21 [Server] SV:  IGameSystem::LoopDeactivateAllSystems {
08/30 14:12:21 [Host] HO:  IGameSystem::LoopDeactivateAllSystems {
08/30 14:12:21 [Host] HO:  } IGameSystem::LoopDeactivateAllSystems done
08/30 14:12:21 [Server] SV:  } IGameSystem::LoopDeactivateAllSystems done
08/30 14:12:21 [stringtables] SV: CNetworkStringTableContainer::RemoveAllTables:  removing 19 tables
08/30 14:12:21 [Client]Skipping setup of already loaded game keyvalues. (base game)
08/30 14:12:21 WriteSteamRemoteStorageFileAsync( "voice_ban.dt" ) -> at 1605.768
08/30 14:12:21 CPlayerVoiceListener::GameShutdown()
08/30 14:12:21 [Server]Skipping setup of already loaded game keyvalues. (base game)
08/30 14:12:21 [HostStateManager] Discarding pending request 'Quitting, 6'
08/30 14:12:21 [HostStateManager] HostStateRequest::Start(HSR_QUIT)
08/30 14:12:21 [HostStateManager] Host activate: Quitting
08/30 14:12:21 Dispatching EventAppShutdown_t {
08/30 14:12:21 [SplitScreen] Saved 'user_keys.vcfg' to SteamRemoteStorage, 127 bytes OK
08/30 14:12:21 [SplitScreen] Saved user config file 'cfg/user_keys_0_slot0.vcfg': type 1
08/30 14:12:21 [SplitScreen] Saved user config file 'cfg/user_keys_0_slot0.vcfg_lastclouded': type 3
08/30 14:12:21 [SplitScreen] Saved 'user_convars.vcfg' to SteamRemoteStorage, 12170 bytes OK
08/30 14:12:21 [SplitScreen] Saved user config file 'cfg/user_convars_0_slot0.vcfg': type 1
08/30 14:12:21 [SplitScreen] Saved user config file 'cfg/user_convars_0_slot0.vcfg_lastclouded': type 3
08/30 14:12:21 [SplitScreen] Saved 'user_keys.vcfg' to SteamRemoteStorage, 127 bytes OK
08/30 14:12:21 [SplitScreen] Saved user config file 'cfg/user_keys_0_slot0.vcfg': type 1
08/30 14:12:21 [SplitScreen] Saved user config file 'cfg/user_keys_0_slot0.vcfg_lastclouded': type 3
08/30 14:12:21 [SplitScreen] Saved user config file 'cfg/user_keys_0_slot1.vcfg': type 1
08/30 14:12:21 [SplitScreen] Saved user config file 'cfg/user_keys_0_slot2.vcfg': type 1
08/30 14:12:21 [SplitScreen] Saved user config file 'cfg/user_keys_0_slot3.vcfg': type 1
08/30 14:12:21 } Dispatched EventAppShutdown_t
08/30 14:12:21 MainLoop returning
08/30 14:12:21 [Server] CSharedEdictChangeInfo high water mark 988
08/30 14:12:21 Source2Shutdown
08/30 14:12:21 ShutdownSource2Logging
